geolocation,date,target,year,season,qdate,quarter_supply,area,yield_proxy,quarter_supply_lag,area_lag,yield_proxy_lag,lag_1,lag_2,lag_3,lag_6,lag_12,roll_mean_3,roll_std_3,season_sin,season_cos
Batangas,2010-01-01,15.86,2010,1,2010-01-01,9241.333333333334,2484.6666666666665,3.7193453179500944,,,,,,,,,,,0.49999999999999994,0.8660254037844387
Batangas,2010-02-01,16.21,2010,2,2010-01-01,9241.333333333334,2484.6666666666665,3.7193453179500944,,,,15.86,,,,,,,0.8660254037844386,0.5000000000000001
Batangas,2010-03-01,15.92,2010,3,2010-01-01,9241.333333333334,2484.6666666666665,3.7193453179500944,,,,16.21,15.86,,,,16.035,0.24748737341529264,1.0,6.123233995736766e-17
Batangas,2010-04-01,15.83,2010,4,2010-04-01,3050.6666666666665,873.3333333333334,3.493129770992366,9241.333333333334,2484.6666666666665,3.7193453179500944,15.92,16.21,15.86,,,15.996666666666668,0.18717193521822004,0.8660254037844387,-0.4999999999999998
Batangas,2010-05-01,15.14,2010,5,2010-04-01,3050.6666666666665,873.3333333333334,3.493129770992366,9241.333333333334,2484.6666666666665,3.7193453179500944,15.83,15.92,16.21,,,15.986666666666666,0.19857828011475281,0.49999999999999994,-0.8660254037844387
Batangas,2010-06-01,15.33,2010,6,2010-04-01,3050.6666666666665,873.3333333333334,3.493129770992366,9241.333333333334,2484.6666666666665,3.7193453179500944,15.14,15.83,15.92,,,15.63,0.4267317658670335,1.2246467991473532e-16,-1.0
Batangas,2010-07-01,14.66,2010,7,2010-07-01,2960.0,695.3333333333334,4.256951102588686,3050.6666666666665,873.3333333333334,3.493129770992366,15.33,15.14,15.83,15.86,,15.433333333333332,0.35641735835019084,-0.4999999999999997,-0.8660254037844388
Batangas,2010-08-01,14.99,2010,8,2010-07-01,2960.0,695.3333333333334,4.256951102588686,3050.6666666666665,873.3333333333334,3.493129770992366,14.66,15.33,15.14,16.21,,15.043333333333335,0.3453018003621253,-0.8660254037844385,-0.5000000000000004
Batangas,2010-09-01,14.66,2010,9,2010-07-01,2960.0,695.3333333333334,4.256951102588686,3050.6666666666665,873.3333333333334,3.493129770992366,14.99,14.66,15.33,15.92,,14.993333333333334,0.33501243758004673,-1.0,-1.8369701987210297e-16
Batangas,2010-10-01,14.41,2010,10,2010-10-01,20363.333333333332,4916.0,4.142256577163005,2960.0,695.3333333333334,4.256951102588686,14.66,14.99,14.66,15.83,,14.770000000000001,0.19052558883255258,-0.8660254037844386,0.5000000000000001
Batangas,2010-11-01,11.85,2010,11,2010-10-01,20363.333333333332,4916.0,4.142256577163005,2960.0,695.3333333333334,4.256951102588686,14.41,14.66,14.99,15.14,,14.686666666666667,0.2909180869820987,-0.5000000000000004,0.8660254037844384
Batangas,2010-12-01,12.55,2010,12,2010-10-01,20363.333333333332,4916.0,4.142256577163005,2960.0,695.3333333333334,4.256951102588686,11.85,14.41,14.66,15.33,,13.64,1.5552170266557617,-2.4492935982947064e-16,1.0
Batangas,2011-01-01,14.39,2011,1,2011-01-01,9423.333333333334,2366.6666666666665,3.981690140845071,20363.333333333332,4916.0,4.142256577163005,12.55,11.85,14.41,14.66,15.86,12.936666666666667,1.3230772212283448,0.49999999999999994,0.8660254037844387
Batangas,2011-02-01,15.57,2011,2,2011-01-01,9423.333333333334,2366.6666666666665,3.981690140845071,20363.333333333332,4916.0,4.142256577163005,14.39,12.55,11.85,14.99,16.21,12.93,1.3119451208034523,0.8660254037844386,0.5000000000000001
Batangas,2011-03-01,15.02,2011,3,2011-01-01,9423.333333333334,2366.6666666666665,3.981690140845071,20363.333333333332,4916.0,4.142256577163005,15.57,14.39,12.55,14.66,15.92,14.17,1.5219724044804448,1.0,6.123233995736766e-17
Batangas,2011-04-01,16.16,2011,4,2011-04-01,4027.3333333333335,1048.0,3.842875318066158,9423.333333333334,2366.6666666666665,3.981690140845071,15.02,15.57,14.39,14.41,15.83,14.993333333333334,0.5904518044119447,0.8660254037844387,-0.4999999999999998
Batangas,2011-05-01,15.41,2011,5,2011-04-01,4027.3333333333335,1048.0,3.842875318066158,9423.333333333334,2366.6666666666665,3.981690140845071,16.16,15.02,15.57,11.85,15.14,15.583333333333334,0.570116947067284,0.49999999999999994,-0.8660254037844387
Batangas,2011-06-01,14.81,2011,6,2011-04-01,4027.3333333333335,1048.0,3.842875318066158,9423.333333333334,2366.6666666666665,3.981690140845071,15.41,16.16,15.02,12.55,15.33,15.530000000000001,0.5793962374748277,1.2246467991473532e-16,-1.0
Batangas,2011-07-01,13.34,2011,7,2011-07-01,5076.0,1732.0,2.930715935334873,4027.3333333333335,1048.0,3.842875318066158,14.81,15.41,16.16,14.39,14.66,15.459999999999999,0.6763874629234244,-0.4999999999999997,-0.8660254037844388
Batangas,2011-08-01,14.22,2011,8,2011-07-01,5076.0,1732.0,2.930715935334873,4027.3333333333335,1048.0,3.842875318066158,13.34,14.81,15.41,15.57,14.99,14.520000000000001,1.0650352106855387,-0.8660254037844385,-0.5000000000000004
Batangas,2011-09-01,14.2,2011,9,2011-07-01,5076.0,1732.0,2.930715935334873,4027.3333333333335,1048.0,3.842875318066158,14.22,13.34,14.81,15.02,14.66,14.123333333333335,0.739752210766095,-1.0,-1.8369701987210297e-16
Batangas,2011-10-01,12.89,2011,10,2011-10-01,14519.333333333334,4530.666666666667,3.2046792230723953,5076.0,1732.0,2.930715935334873,14.2,14.22,13.34,16.16,14.41,13.92,0.5023942674832109,-0.8660254037844386,0.5000000000000001
Batangas,2011-11-01,13.9,2011,11,2011-10-01,14519.333333333334,4530.666666666667,3.2046792230723953,5076.0,1732.0,2.930715935334873,12.89,14.2,14.22,15.41,11.85,13.770000000000001,0.7621679604916441,-0.5000000000000004,0.8660254037844384
Batangas,2011-12-01,14.2,2011,12,2011-10-01,14519.333333333334,4530.666666666667,3.2046792230723953,5076.0,1732.0,2.930715935334873,13.9,12.89,14.2,14.81,12.55,13.663333333333334,0.6863186820518046,-2.4492935982947064e-16,1.0
Batangas,2012-01-01,15.66,2012,1,2012-01-01,8466.0,2395.3333333333335,3.5343723907598106,14519.333333333334,4530.666666666667,3.2046792230723953,14.2,13.9,12.89,13.34,14.39,13.663333333333334,0.6863186820518046,0.49999999999999994,0.8660254037844387
Batangas,2012-02-01,16.4,2012,2,2012-01-01,8466.0,2395.3333333333335,3.5343723907598106,14519.333333333334,4530.666666666667,3.2046792230723953,15.66,14.2,13.9,14.22,15.57,14.586666666666666,0.9415589908939985,0.8660254037844386,0.5000000000000001
Batangas,2012-03-01,14.19,2012,3,2012-01-01,8466.0,2395.3333333333335,3.5343723907598106,14519.333333333334,4530.666666666667,3.2046792230723953,16.4,15.66,14.2,14.2,15.02,15.42,1.119464157532517,1.0,6.123233995736766e-17
Batangas,2012-04-01,15.7,2012,4,2012-04-01,4441.333333333333,1133.3333333333333,3.918823529411765,8466.0,2395.3333333333335,3.5343723907598106,14.19,16.4,15.66,12.89,16.16,15.416666666666664,1.1249148115894476,0.8660254037844387,-0.4999999999999998
Batangas,2012-05-01,15.88,2012,5,2012-04-01,4441.333333333333,1133.3333333333333,3.918823529411765,8466.0,2395.3333333333335,3.5343723907598106,15.7,14.19,16.4,13.9,15.41,15.43,1.1294689017409858,0.49999999999999994,-0.8660254037844387
Batangas,2012-06-01,16.23,2012,6,2012-04-01,4441.333333333333,1133.3333333333333,3.918823529411765,8466.0,2395.3333333333335,3.5343723907598106,15.88,15.7,14.19,14.2,14.81,15.256666666666666,0.9281343293582694,1.2246467991473532e-16,-1.0
Batangas,2012-07-01,16.7,2012,7,2012-07-01,4161.333333333333,2164.0,1.92298213185459,4441.333333333333,1133.3333333333333,3.918823529411765,16.23,15.88,15.7,15.66,13.34,15.936666666666667,0.2695057204092675,-0.4999999999999997,-0.8660254037844388
Batangas,2012-08-01,17.02,2012,8,2012-07-01,4161.333333333333,2164.0,1.92298213185459,4441.333333333333,1133.3333333333333,3.918823529411765,16.7,16.23,15.88,16.4,14.22,16.27,0.41146081222879755,-0.8660254037844385,-0.5000000000000004
Batangas,2012-09-01,15.62,2012,9,2012-07-01,4161.333333333333,2164.0,1.92298213185459,4441.333333333333,1133.3333333333333,3.918823529411765,17.02,16.7,16.23,14.19,14.2,16.650000000000002,0.3973663297260843,-1.0,-1.8369701987210297e-16
Batangas,2012-10-01,13.44,2012,10,2012-10-01,11735.333333333334,4092.6666666666665,2.8674051148395505,4161.333333333333,2164.0,1.92298213185459,15.62,17.02,16.7,15.7,12.89,16.446666666666665,0.7335757175188632,-0.8660254037844386,0.5000000000000001
Batangas,2012-11-01,14.65,2012,11,2012-10-01,11735.333333333334,4092.6666666666665,2.8674051148395505,4161.333333333333,2164.0,1.92298213185459,13.44,15.62,17.02,15.88,13.9,15.36,1.8041064270158764,-0.5000000000000004,0.8660254037844384
Batangas,2012-12-01,14.95,2012,12,2012-10-01,11735.333333333334,4092.6666666666665,2.8674051148395505,4161.333333333333,2164.0,1.92298213185459,14.65,13.44,15.62,16.23,14.2,14.57,1.0921996154549771,-2.4492935982947064e-16,1.0
Batangas,2013-01-01,15.24,2013,1,2013-01-01,9644.666666666666,2807.3333333333335,3.4355260033246258,11735.333333333334,4092.6666666666665,2.8674051148395505,14.95,14.65,13.44,16.7,15.66,14.346666666666666,0.7993956050250319,0.49999999999999994,0.8660254037844387
Batangas,2013-02-01,14.88,2013,2,2013-01-01,9644.666666666666,2807.3333333333335,3.4355260033246258,11735.333333333334,4092.6666666666665,2.8674051148395505,15.24,14.95,14.65,17.02,16.4,14.946666666666667,0.2950141239556703,0.8660254037844386,0.5000000000000001
Batangas,2013-03-01,15.32,2013,3,2013-01-01,9644.666666666666,2807.3333333333335,3.4355260033246258,11735.333333333334,4092.6666666666665,2.8674051148395505,14.88,15.24,14.95,15.62,14.19,15.023333333333333,0.19087517736293283,1.0,6.123233995736766e-17
Batangas,2013-04-01,13.67,2013,4,2013-04-01,4114.0,1100.0,3.74,9644.666666666666,2807.3333333333335,3.4355260033246258,15.32,14.88,15.24,13.44,15.7,15.146666666666667,0.2343786110832865,0.8660254037844387,-0.4999999999999998
Batangas,2013-05-01,14.51,2013,5,2013-04-01,4114.0,1100.0,3.74,9644.666666666666,2807.3333333333335,3.4355260033246258,13.67,15.32,14.88,14.65,15.88,14.623333333333335,0.8544198811669427,0.49999999999999994,-0.8660254037844387
Batangas,2013-06-01,15.27,2013,6,2013-04-01,4114.0,1100.0,3.74,9644.666666666666,2807.3333333333335,3.4355260033246258,14.51,13.67,15.32,14.95,16.23,14.5,0.8250454532933319,1.2246467991473532e-16,-1.0
Batangas,2013-07-01,16.4,2013,7,2013-07-01,6226.0,2189.3333333333335,2.843788063337393,4114.0,1100.0,3.74,15.27,14.51,13.67,15.24,16.7,14.483333333333333,0.8003332639178085,-0.4999999999999997,-0.8660254037844388
Batangas,2013-08-01,17.23,2013,8,2013-07-01,6226.0,2189.3333333333335,2.843788063337393,4114.0,1100.0,3.74,16.4,15.27,14.51,14.88,17.02,15.39333333333333,0.9510169994975551,-0.8660254037844385,-0.5000000000000004
Batangas,2013-09-01,16.83,2013,9,2013-07-01,6226.0,2189.3333333333335,2.843788063337393,4114.0,1100.0,3.74,17.23,16.4,15.27,15.32,15.62,16.3,0.9838190890605857,-1.0,-1.8369701987210297e-16
Batangas,2013-10-01,15.51,2013,10,2013-10-01,14814.0,4316.666666666667,3.4318146718146716,6226.0,2189.3333333333335,2.843788063337393,16.83,17.23,16.4,13.67,13.44,16.819999999999997,0.41509035161034363,-0.8660254037844386,0.5000000000000001
Batangas,2013-11-01,14.88,2013,11,2013-10-01,14814.0,4316.666666666667,3.4318146718146716,6226.0,2189.3333333333335,2.843788063337393,15.51,16.83,17.23,14.51,14.65,16.52333333333333,0.9000740710260083,-0.5000000000000004,0.8660254037844384
Batangas,2013-12-01,14.67,2013,12,2013-10-01,14814.0,4316.666666666667,3.4318146718146716,6226.0,2189.3333333333335,2.843788063337393,14.88,15.51,16.83,15.27,14.95,15.739999999999997,0.9951381813597546,-2.4492935982947064e-16,1.0
Batangas,2014-01-01,19.18,2014,1,2014-01-01,9424.0,2880.0,3.272222222222222,14814.0,4316.666666666667,3.4318146718146716,14.67,14.88,15.51,16.4,15.24,15.019999999999998,0.4371498598878965,0.49999999999999994,0.8660254037844387
Batangas,2014-02-01,19.08,2014,2,2014-01-01,9424.0,2880.0,3.272222222222222,14814.0,4316.666666666667,3.4318146718146716,19.18,14.67,14.88,17.23,14.88,16.243333333333332,2.545394533924619,0.8660254037844386,0.5000000000000001
Batangas,2014-03-01,20.35,2014,3,2014-01-01,9424.0,2880.0,3.272222222222222,14814.0,4316.666666666667,3.4318146718146716,19.08,19.18,14.67,16.83,15.32,17.64333333333333,2.5754675950850783,1.0,6.123233995736766e-17
Batangas,2014-04-01,20.46,2014,4,2014-04-01,3314.6666666666665,1106.6666666666667,2.995180722891566,9424.0,2880.0,3.272222222222222,20.35,19.08,19.18,15.51,13.67,19.536666666666665,0.7061397406557074,0.8660254037844387,-0.4999999999999998
Batangas,2014-05-01,20.17,2014,5,2014-04-01,3314.6666666666665,1106.6666666666667,2.995180722891566,9424.0,2880.0,3.272222222222222,20.46,20.35,19.08,14.88,14.51,19.96333333333333,0.7669637105713071,0.49999999999999994,-0.8660254037844387
Batangas,2014-06-01,20.03,2014,6,2014-04-01,3314.6666666666665,1106.6666666666667,2.995180722891566,9424.0,2880.0,3.272222222222222,20.17,20.46,20.35,14.67,15.27,20.326666666666664,0.14640127503988554,1.2246467991473532e-16,-1.0
Batangas,2014-07-01,23.05,2014,7,2014-07-01,4296.0,1837.3333333333333,2.3381712626995648,3314.6666666666665,1106.6666666666667,2.995180722891566,20.03,20.17,20.46,19.18,16.4,20.22,0.21931712199454714,-0.4999999999999997,-0.8660254037844388
Batangas,2014-08-01,22.67,2014,8,2014-07-01,4296.0,1837.3333333333333,2.3381712626995648,3314.6666666666665,1106.6666666666667,2.995180722891566,23.05,20.03,20.17,19.08,17.23,21.083333333333332,1.7046211700355307,-0.8660254037844385,-0.5000000000000004
Batangas,2014-09-01,22.28,2014,9,2014-07-01,4296.0,1837.3333333333333,2.3381712626995648,3314.6666666666665,1106.6666666666667,2.995180722891566,22.67,23.05,20.03,20.35,16.83,21.916666666666668,1.644911345128758,-1.0,-1.8369701987210297e-16
Batangas,2014-10-01,20.68,2014,10,2014-10-01,13882.0,4224.0,3.2864583333333335,4296.0,1837.3333333333333,2.3381712626995648,22.28,22.67,23.05,20.46,15.51,22.666666666666668,0.3850108223586731,-0.8660254037844386,0.5000000000000001
Batangas,2014-11-01,17.32,2014,11,2014-10-01,13882.0,4224.0,3.2864583333333335,4296.0,1837.3333333333333,2.3381712626995648,20.68,22.28,22.67,20.17,14.88,21.876666666666665,1.0545299110662083,-0.5000000000000004,0.8660254037844384
Batangas,2014-12-01,17.38,2014,12,2014-10-01,13882.0,4224.0,3.2864583333333335,4296.0,1837.3333333333333,2.3381712626995648,17.32,20.68,22.28,20.03,14.67,20.093333333333334,2.531508114411905,-2.4492935982947064e-16,1.0
Batangas,2015-01-01,16.99,2015,1,2015-01-01,10433.333333333334,2890.0,3.6101499423298735,13882.0,4224.0,3.2864583333333335,17.38,17.32,20.68,23.05,19.18,18.459999999999997,1.9228104430754493,0.49999999999999994,0.8660254037844387
Batangas,2015-02-01,18.69,2015,2,2015-01-01,10433.333333333334,2890.0,3.6101499423298735,13882.0,4224.0,3.2864583333333335,16.99,17.38,17.32,22.67,19.08,17.229999999999993,0.21000000000006158,0.8660254037844386,0.5000000000000001
Batangas,2015-03-01,18.23,2015,3,2015-01-01,10433.333333333334,2890.0,3.6101499423298735,13882.0,4224.0,3.2864583333333335,18.69,16.99,17.38,22.28,20.35,17.686666666666664,0.890524190201117,1.0,6.123233995736766e-17
Batangas,2015-04-01,17.04,2015,4,2015-04-01,2810.6666666666665,1033.3333333333333,2.72,10433.333333333334,2890.0,3.6101499423298735,18.23,18.69,16.99,20.68,20.46,17.97,0.8793179174792343,0.8660254037844387,-0.4999999999999998
Batangas,2015-05-01,17.05,2015,5,2015-04-01,2810.6666666666665,1033.3333333333333,2.72,10433.333333333334,2890.0,3.6101499423298735,17.04,18.23,18.69,17.32,20.17,17.986666666666665,0.851488892078663,0.49999999999999994,-0.8660254037844387
Batangas,2015-06-01,16.83,2015,6,2015-04-01,2810.6666666666665,1033.3333333333333,2.72,10433.333333333334,2890.0,3.6101499423298735,17.05,17.04,18.23,17.38,20.03,17.439999999999998,0.6841783393239084,1.2246467991473532e-16,-1.0
Batangas,2015-07-01,16.54,2015,7,2015-07-01,3101.3333333333335,1136.6666666666667,2.7284457478005866,2810.6666666666665,1033.3333333333333,2.72,16.83,17.05,17.04,16.99,23.05,16.97333333333333,0.12423096769067664,-0.4999999999999997,-0.8660254037844388
Batangas,2015-08-01,17.42,2015,8,2015-07-01,3101.3333333333335,1136.6666666666667,2.7284457478005866,2810.6666666666665,1033.3333333333333,2.72,16.54,16.83,17.05,18.69,22.67,16.806666666666665,0.2557994005727269,-0.8660254037844385,-0.5000000000000004
Batangas,2015-09-01,18.47,2015,9,2015-07-01,3101.3333333333335,1136.6666666666667,2.7284457478005866,2810.6666666666665,1033.3333333333333,2.72,17.42,16.54,16.83,18.23,22.28,16.929999999999996,0.4484417464956068,-1.0,-1.8369701987210297e-16
Batangas,2015-10-01,17.38,2015,10,2015-10-01,10327.333333333334,3663.3333333333335,2.819108280254777,3101.3333333333335,1136.6666666666667,2.7284457478005866,18.47,17.42,16.54,17.04,20.68,17.476666666666663,0.966247035355526,-0.8660254037844386,0.5000000000000001
Batangas,2015-11-01,16.38,2015,11,2015-10-01,10327.333333333334,3663.3333333333335,2.819108280254777,3101.3333333333335,1136.6666666666667,2.7284457478005866,17.38,18.47,17.42,17.05,17.32,17.756666666666664,0.618088451059663,-0.5000000000000004,0.8660254037844384
Batangas,2015-12-01,16.69,2015,12,2015-10-01,10327.333333333334,3663.3333333333335,2.819108280254777,3101.3333333333335,1136.6666666666667,2.7284457478005866,16.38,17.38,18.47,16.83,17.38,17.409999999999997,1.0453229166147702,-2.4492935982947064e-16,1.0
Batangas,2016-01-01,14.37,2016,1,2016-01-01,7091.333333333333,1840.6666666666667,3.8525896414342626,10327.333333333334,3663.3333333333335,2.819108280254777,16.69,16.38,17.38,16.54,16.99,16.816666666666663,0.5118919156749367,0.49999999999999994,0.8660254037844387
Batangas,2016-02-01,17.43,2016,2,2016-01-01,7091.333333333333,1840.6666666666667,3.8525896414342626,10327.333333333334,3663.3333333333335,2.819108280254777,14.37,16.69,16.38,17.42,18.69,15.813333333333333,1.2595369519523352,0.8660254037844386,0.5000000000000001
Batangas,2016-03-01,16.89,2016,3,2016-01-01,7091.333333333333,1840.6666666666667,3.8525896414342626,10327.333333333334,3663.3333333333335,2.819108280254777,17.43,14.37,16.69,18.47,18.23,16.16333333333333,1.596537921044587,1.0,6.123233995736766e-17
Batangas,2016-04-01,17.25,2016,4,2016-04-01,3422.6666666666665,1351.3333333333333,2.5328071040947213,7091.333333333333,1840.6666666666667,3.8525896414342626,16.89,17.43,14.37,17.38,17.04,16.23,1.633278910657955,0.8660254037844387,-0.4999999999999998
Batangas,2016-05-01,16.11,2016,5,2016-04-01,3422.6666666666665,1351.3333333333333,2.5328071040947213,7091.333333333333,1840.6666666666667,3.8525896414342626,17.25,16.89,17.43,16.38,17.05,17.189999999999998,0.2749545416973745,0.49999999999999994,-0.8660254037844387
Batangas,2016-06-01,16.34,2016,6,2016-04-01,3422.6666666666665,1351.3333333333333,2.5328071040947213,7091.333333333333,1840.6666666666667,3.8525896414342626,16.11,17.25,16.89,16.69,16.83,16.75,0.5827520913733616,1.2246467991473532e-16,-1.0
Batangas,2016-07-01,16.9,2016,7,2016-07-01,2295.3333333333335,1179.3333333333333,1.946297343131713,3422.6666666666665,1351.3333333333333,2.5328071040947213,16.34,16.11,17.25,14.37,16.54,16.566666666666666,0.6028543218169423,-0.4999999999999997,-0.8660254037844388
Batangas,2016-08-01,16.87,2016,8,2016-07-01,2295.3333333333335,1179.3333333333333,1.946297343131713,3422.6666666666665,1351.3333333333333,2.5328071040947213,16.9,16.34,16.11,17.43,17.42,16.45,0.40632499307824416,-0.8660254037844385,-0.5000000000000004
Batangas,2016-09-01,17.06,2016,9,2016-07-01,2295.3333333333335,1179.3333333333333,1.946297343131713,3422.6666666666665,1351.3333333333333,2.5328071040947213,16.87,16.9,16.34,16.89,18.47,16.703333333333333,0.31501322723555714,-1.0,-1.8369701987210297e-16
Batangas,2016-10-01,15.61,2016,10,2016-10-01,13722.0,4802.666666666667,2.857162687395891,2295.3333333333335,1179.3333333333333,1.946297343131713,17.06,16.87,16.9,17.25,17.38,16.94333333333333,0.10214368964039384,-0.8660254037844386,0.5000000000000001
Batangas,2016-11-01,16.61,2016,11,2016-10-01,13722.0,4802.666666666667,2.857162687395891,2295.3333333333335,1179.3333333333333,1.946297343131713,15.61,17.06,16.87,16.11,16.38,16.513333333333332,0.7880566815485835,-0.5000000000000004,0.8660254037844384
Batangas,2016-12-01,16.87,2016,12,2016-10-01,13722.0,4802.666666666667,2.857162687395891,2295.3333333333335,1179.3333333333333,1.946297343131713,16.61,15.61,17.06,16.34,16.69,16.426666666666666,0.7421814692737669,-2.4492935982947064e-16,1.0
Batangas,2017-01-01,16.58,2017,1,2017-01-01,6666.0,1925.3333333333333,3.462257617728532,13722.0,4802.666666666667,2.857162687395891,16.87,16.61,15.61,16.9,14.37,16.363333333333333,0.6652317891783064,0.49999999999999994,0.8660254037844387
Batangas,2017-02-01,17.31,2017,2,2017-01-01,6666.0,1925.3333333333333,3.462257617728532,13722.0,4802.666666666667,2.857162687395891,16.58,16.87,16.61,16.87,17.43,16.686666666666667,0.15947831618549277,0.8660254037844386,0.5000000000000001
Batangas,2017-03-01,17.33,2017,3,2017-01-01,6666.0,1925.3333333333333,3.462257617728532,13722.0,4802.666666666667,2.857162687395891,17.31,16.58,16.87,17.06,16.89,16.919999999999998,0.36755951898980815,1.0,6.123233995736766e-17
Batangas,2017-04-01,17.25,2017,4,2017-04-01,4342.666666666667,1236.6666666666667,3.511590296495957,6666.0,1925.3333333333333,3.462257617728532,17.33,17.31,16.58,15.61,17.25,17.07333333333333,0.42735621363605786,0.8660254037844387,-0.4999999999999998
Batangas,2017-05-01,17.86,2017,5,2017-04-01,4342.666666666667,1236.6666666666667,3.511590296495957,6666.0,1925.3333333333333,3.462257617728532,17.25,17.33,17.31,16.61,16.11,17.296666666666663,0.04163331998941581,0.49999999999999994,-0.8660254037844387
Batangas,2017-06-01,17.74,2017,6,2017-04-01,4342.666666666667,1236.6666666666667,3.511590296495957,6666.0,1925.3333333333333,3.462257617728532,17.86,17.25,17.33,16.87,16.34,17.48,0.33151168908501755,1.2246467991473532e-16,-1.0
Batangas,2017-07-01,17.79,2017,7,2017-07-01,4526.0,1554.6666666666667,2.9112349914236706,4342.666666666667,1236.6666666666667,3.511590296495957,17.74,17.86,17.25,16.58,16.9,17.616666666666664,0.3231614663497637,-0.4999999999999997,-0.8660254037844388
Batangas,2017-08-01,17.42,2017,8,2017-07-01,4526.0,1554.6666666666667,2.9112349914236706,4342.666666666667,1236.6666666666667,3.511590296495957,17.79,17.74,17.86,17.31,16.87,17.796666666666667,0.06027713773333251,-0.8660254037844385,-0.5000000000000004
Batangas,2017-09-01,17.42,2017,9,2017-07-01,4526.0,1554.6666666666667,2.9112349914236706,4342.666666666667,1236.6666666666667,3.511590296495957,17.42,17.79,17.74,17.33,17.06,17.650000000000002,0.20074859899883146,-1.0,-1.8369701987210297e-16
Batangas,2017-10-01,18.29,2017,10,2017-10-01,12629.333333333334,4080.6666666666665,3.0949191308609705,4526.0,1554.6666666666667,2.9112349914236706,17.42,17.42,17.79,17.25,15.61,17.543333333333333,0.2136195996001538,-0.8660254037844386,0.5000000000000001
Batangas,2017-11-01,17.61,2017,11,2017-10-01,12629.333333333334,4080.6666666666665,3.0949191308609705,4526.0,1554.6666666666667,2.9112349914236706,18.29,17.42,17.42,17.86,16.61,17.709999999999997,0.502294734194973,-0.5000000000000004,0.8660254037844384
Batangas,2017-12-01,18.23,2017,12,2017-10-01,12629.333333333334,4080.6666666666665,3.0949191308609705,4526.0,1554.6666666666667,2.9112349914236706,17.61,18.29,17.42,17.74,16.87,17.77333333333333,0.4574203027122128,-2.4492935982947064e-16,1.0
Batangas,2018-01-01,17.54,2018,1,2018-01-01,9781.333333333334,2604.0,3.756272401433692,12629.333333333334,4080.6666666666665,3.0949191308609705,18.23,17.61,18.29,17.79,16.58,18.043333333333333,0.3764748774265468,0.49999999999999994,0.8660254037844387
Batangas,2018-02-01,17.46,2018,2,2018-01-01,9781.333333333334,2604.0,3.756272401433692,12629.333333333334,4080.6666666666665,3.0949191308609705,17.54,18.23,17.61,17.42,17.31,17.793333333333333,0.3797806384392631,0.8660254037844386,0.5000000000000001
Batangas,2018-03-01,18.45,2018,3,2018-01-01,9781.333333333334,2604.0,3.756272401433692,12629.333333333334,4080.6666666666665,3.0949191308609705,17.46,17.54,18.23,17.42,17.33,17.743333333333332,0.4233595792388942,1.0,6.123233995736766e-17
Batangas,2018-04-01,18.77,2018,4,2018-04-01,3589.3333333333335,1070.0,3.3545171339563864,9781.333333333334,2604.0,3.756272401433692,18.45,17.46,17.54,18.29,17.25,17.816666666666666,0.5499393905998483,0.8660254037844387,-0.4999999999999998
Batangas,2018-05-01,19.16,2018,5,2018-04-01,3589.3333333333335,1070.0,3.3545171339563864,9781.333333333334,2604.0,3.756272401433692,18.77,18.45,17.46,17.61,17.86,18.226666666666663,0.682959247198054,0.49999999999999994,-0.8660254037844387
Batangas,2018-06-01,18.97,2018,6,2018-04-01,3589.3333333333335,1070.0,3.3545171339563864,9781.333333333334,2604.0,3.756272401433692,19.16,18.77,18.45,18.23,17.74,18.793333333333333,0.3555746522649415,1.2246467991473532e-16,-1.0
Batangas,2018-07-01,19.39,2018,7,2018-07-01,2222.6666666666665,612.0,3.6318082788671022,3589.3333333333335,1070.0,3.3545171339563864,18.97,19.16,18.77,17.54,17.79,18.966666666666665,0.19502136635080236,-0.4999999999999997,-0.8660254037844388
Batangas,2018-08-01,19.74,2018,8,2018-07-01,2222.6666666666665,612.0,3.6318082788671022,3589.3333333333335,1070.0,3.3545171339563864,19.39,18.97,19.16,17.46,17.42,19.173333333333332,0.21031722072463502,-0.8660254037844385,-0.5000000000000004
Batangas,2018-09-01,21.87,2018,9,2018-07-01,2222.6666666666665,612.0,3.6318082788671022,3589.3333333333335,1070.0,3.3545171339563864,19.74,19.39,18.97,18.45,17.42,19.366666666666664,0.3855299383100281,-1.0,-1.8369701987210297e-16
Batangas,2018-10-01,21.86,2018,10,2018-10-01,15946.526666666667,4665.333333333333,3.4180894541297517,2222.6666666666665,612.0,3.6318082788671022,21.87,19.74,19.39,18.77,18.29,20.333333333333332,1.3422493558699633,-0.8660254037844386,0.5000000000000001
Batangas,2018-11-01,19.48,2018,11,2018-10-01,15946.526666666667,4665.333333333333,3.4180894541297517,2222.6666666666665,612.0,3.6318082788671022,21.86,21.87,19.74,19.16,17.61,21.156666666666666,1.2268795105198087,-0.5000000000000004,0.8660254037844384
Batangas,2018-12-01,18.74,2018,12,2018-10-01,15946.526666666667,4665.333333333333,3.4180894541297517,2222.6666666666665,612.0,3.6318082788671022,19.48,21.86,21.87,18.97,18.23,21.07,1.3769894698217522,-2.4492935982947064e-16,1.0
Batangas,2019-01-01,18.2,2019,1,2019-01-01,8476.666666666666,2480.0,3.418010752688172,15946.526666666667,4665.333333333333,3.4180894541297517,18.74,19.48,21.86,19.39,17.54,20.026666666666667,1.6302556036810107,0.49999999999999994,0.8660254037844387
Batangas,2019-02-01,17.79,2019,2,2019-01-01,8476.666666666666,2480.0,3.418010752688172,15946.526666666667,4665.333333333333,3.4180894541297517,18.2,18.74,19.48,19.74,17.46,18.806666666666665,0.6425988899253989,0.8660254037844386,0.5000000000000001
Batangas,2019-03-01,19.17,2019,3,2019-01-01,8476.666666666666,2480.0,3.418010752688172,15946.526666666667,4665.333333333333,3.4180894541297517,17.79,18.2,18.74,21.87,18.45,18.243333333333332,0.4764801499888133,1.0,6.123233995736766e-17
Batangas,2019-04-01,17.53,2019,4,2019-04-01,2337.3799999999997,690.6666666666666,3.3842374517374516,8476.666666666666,2480.0,3.418010752688172,19.17,17.79,18.2,21.86,18.77,18.386666666666667,0.7086842268128752,0.8660254037844387,-0.4999999999999998
Batangas,2019-05-01,18.07,2019,5,2019-04-01,2337.3799999999997,690.6666666666666,3.3842374517374516,8476.666666666666,2480.0,3.418010752688172,17.53,19.17,17.79,19.48,19.16,18.16333333333333,0.8814382186706928,0.49999999999999994,-0.8660254037844387
Batangas,2019-06-01,18.27,2019,6,2019-04-01,2337.3799999999997,690.6666666666666,3.3842374517374516,8476.666666666666,2480.0,3.418010752688172,18.07,17.53,19.17,18.74,18.97,18.256666666666668,0.8357830659527401,1.2246467991473532e-16,-1.0
Batangas,2019-07-01,16.28,2019,7,2019-07-01,4904.0,1428.3733333333332,3.433276080949892,2337.3799999999997,690.6666666666666,3.3842374517374516,18.27,18.07,17.53,18.2,19.39,17.956666666666663,0.38279672586552216,-0.4999999999999997,-0.8660254037844388
Batangas,2019-08-01,12.65,2019,8,2019-07-01,4904.0,1428.3733333333332,3.433276080949892,2337.3799999999997,690.6666666666666,3.3842374517374516,16.28,18.27,18.07,17.79,19.74,17.539999999999996,1.09576457325469,-0.8660254037844385,-0.5000000000000004
Batangas,2019-09-01,13.83,2019,9,2019-07-01,4904.0,1428.3733333333332,3.433276080949892,2337.3799999999997,690.6666666666666,3.3842374517374516,12.65,16.28,18.27,19.17,21.87,15.733333333333334,2.849602311434595,-1.0,-1.8369701987210297e-16
Batangas,2019-10-01,13.92,2019,10,2019-10-01,14270.366666666667,4902.666666666667,2.9107356540658142,4904.0,1428.3733333333332,3.433276080949892,13.83,12.65,16.28,17.53,21.86,14.253333333333332,1.8516569156659146,-0.8660254037844386,0.5000000000000001
Batangas,2019-11-01,13.46,2019,11,2019-10-01,14270.366666666667,4902.666666666667,2.9107356540658142,4904.0,1428.3733333333332,3.433276080949892,13.92,13.83,12.65,18.07,19.48,13.466666666666667,0.7086842268129117,-0.5000000000000004,0.8660254037844384
Batangas,2019-12-01,13.07,2019,12,2019-10-01,14270.366666666667,4902.666666666667,2.9107356540658142,4904.0,1428.3733333333332,3.433276080949892,13.46,13.92,13.83,18.27,18.74,13.736666666666666,0.2437895267098475,-2.4492935982947064e-16,1.0
Batangas,2020-01-01,14.15,2020,1,2020-01-01,4679.0,1770.0,2.643502824858757,14270.366666666667,4902.666666666667,2.9107356540658142,13.07,13.46,13.92,16.28,18.2,13.483333333333333,0.42548012096150106,0.49999999999999994,0.8660254037844387
Batangas,2020-02-01,14.3,2020,2,2020-01-01,4679.0,1770.0,2.643502824858757,14270.366666666667,4902.666666666667,2.9107356540658142,14.15,13.07,13.46,12.65,17.79,13.559999999999997,0.546900356555086,0.8660254037844386,0.5000000000000001
Batangas,2020-03-01,18.75,2020,3,2020-01-01,4679.0,1770.0,2.643502824858757,14270.366666666667,4902.666666666667,2.9107356540658142,14.3,14.15,13.07,13.83,19.17,13.839999999999998,0.6710439627923637,1.0,6.123233995736766e-17
Batangas,2020-04-01,17.44,2020,4,2020-04-01,3241.3333333333335,999.3333333333334,3.2434956637758505,4679.0,1770.0,2.643502824858757,18.75,14.3,14.15,13.92,17.53,15.733333333333333,2.6135862972806936,0.8660254037844387,-0.4999999999999998
Batangas,2020-05-01,,2020,5,2020-04-01,3241.3333333333335,999.3333333333334,3.2434956637758505,4679.0,1770.0,2.643502824858757,17.44,18.75,14.3,13.46,18.07,16.83,2.2868537338448367,0.49999999999999994,-0.8660254037844387
Batangas,2020-06-01,,2020,6,2020-04-01,3241.3333333333335,999.3333333333334,3.2434956637758505,4679.0,1770.0,2.643502824858757,,17.44,18.75,13.07,18.27,18.095,0.9263098833544484,1.2246467991473532e-16,-1.0
Batangas,2020-07-01,,2020,7,2020-07-01,2311.3333333333335,615.5133333333333,3.755131218386821,3241.3333333333335,999.3333333333334,3.2434956637758505,,,17.44,14.15,16.28,,,-0.4999999999999997,-0.8660254037844388
Batangas,2020-08-01,,2020,8,2020-07-01,2311.3333333333335,615.5133333333333,3.755131218386821,3241.3333333333335,999.3333333333334,3.2434956637758505,,,,14.3,12.65,,,-0.8660254037844385,-0.5000000000000004
Batangas,2020-09-01,14.76,2020,9,2020-07-01,2311.3333333333335,615.5133333333333,3.755131218386821,3241.3333333333335,999.3333333333334,3.2434956637758505,,,,18.75,13.83,,,-1.0,-1.8369701987210297e-16
Batangas,2020-10-01,14.19,2020,10,2020-10-01,11769.333333333334,5135.92,2.2915725582433786,2311.3333333333335,615.5133333333333,3.755131218386821,14.76,,,17.44,13.92,,,-0.8660254037844386,0.5000000000000001
Batangas,2020-11-01,14.34,2020,11,2020-10-01,11769.333333333334,5135.92,2.2915725582433786,2311.3333333333335,615.5133333333333,3.755131218386821,14.19,14.76,,,13.46,14.474999999999998,0.40305086527633227,-0.5000000000000004,0.8660254037844384
Batangas,2020-12-01,15.81,2020,12,2020-10-01,11769.333333333334,5135.92,2.2915725582433786,2311.3333333333335,615.5133333333333,3.755131218386821,14.34,14.19,14.76,,13.07,14.429999999999998,0.29546573405388327,-2.4492935982947064e-16,1.0
Batangas,2021-01-01,16.67,2021,1,2021-01-01,6106.666666666667,1888.0,3.2344632768361583,11769.333333333334,5135.92,2.2915725582433786,15.81,14.34,14.19,,14.15,14.78,0.8951536181013847,0.49999999999999994,0.8660254037844387
Batangas,2021-02-01,18.89,2021,2,2021-01-01,6106.666666666667,1888.0,3.2344632768361583,11769.333333333334,5135.92,2.2915725582433786,16.67,15.81,14.34,,14.3,15.606666666666664,1.1782331404833808,0.8660254037844386,0.5000000000000001
Batangas,2021-03-01,17.53,2021,3,2021-01-01,6106.666666666667,1888.0,3.2344632768361583,11769.333333333334,5135.92,2.2915725582433786,18.89,16.67,15.81,14.76,18.75,17.12333333333333,1.5892555909397719,1.0,6.123233995736766e-17
Batangas,2021-04-01,17.56,2021,4,2021-04-01,3319.3333333333335,1089.3333333333333,3.047123623011016,6106.666666666667,1888.0,3.2344632768361583,17.53,18.89,16.67,14.19,17.44,17.69666666666667,1.1193450465934631,0.8660254037844387,-0.4999999999999998
Batangas,2021-05-01,18.02,2021,5,2021-04-01,3319.3333333333335,1089.3333333333333,3.047123623011016,6106.666666666667,1888.0,3.2344632768361583,17.56,17.53,18.89,14.34,,17.993333333333332,0.7766809726865482,0.49999999999999994,-0.8660254037844387
Batangas,2021-06-01,18.58,2021,6,2021-04-01,3319.3333333333335,1089.3333333333333,3.047123623011016,6106.666666666667,1888.0,3.2344632768361583,18.02,17.56,17.53,15.81,,17.703333333333333,0.27465129406817046,1.2246467991473532e-16,-1.0
Batangas,2021-07-01,18.14,2021,7,2021-07-01,2789.36,749.5666666666666,3.7212967492328906,3319.3333333333335,1089.3333333333333,3.047123623011016,18.58,18.02,17.56,16.67,,18.05333333333333,0.5108163401197352,-0.4999999999999997,-0.8660254037844388
Batangas,2021-08-01,17.5,2021,8,2021-07-01,2789.36,749.5666666666666,3.7212967492328906,3319.3333333333335,1089.3333333333333,3.047123623011016,18.14,18.58,18.02,18.89,,18.246666666666666,0.2948445918332597,-0.8660254037844385,-0.5000000000000004
Batangas,2021-09-01,17.02,2021,9,2021-07-01,2789.36,749.5666666666666,3.7212967492328906,3319.3333333333335,1089.3333333333333,3.047123623011016,17.5,18.14,18.58,17.53,14.76,18.073333333333334,0.5430776494510907,-1.0,-1.8369701987210297e-16
Batangas,2021-10-01,15.25,2021,10,2021-10-01,11354.0,4749.333333333333,2.3906513194834362,2789.36,749.5666666666666,3.7212967492328906,17.02,17.5,18.14,17.56,14.19,17.55333333333333,0.5619015334854711,-0.8660254037844386,0.5000000000000001
Batangas,2021-11-01,15.21,2021,11,2021-10-01,11354.0,4749.333333333333,2.3906513194834362,2789.36,749.5666666666666,3.7212967492328906,15.25,17.02,17.5,18.02,14.34,16.59,1.1850316451470788,-0.5000000000000004,0.8660254037844384
Batangas,2021-12-01,16.16,2021,12,2021-10-01,11354.0,4749.333333333333,2.3906513194834362,2789.36,749.5666666666666,3.7212967492328906,15.21,15.25,17.02,18.58,15.81,15.826666666666666,1.033650488962939,-2.4492935982947064e-16,1.0
Batangas,2022-01-01,17.22,2022,1,2022-01-01,5662.666666666667,1826.6666666666667,3.1,11354.0,4749.333333333333,2.3906513194834362,16.16,15.21,15.25,18.14,16.67,15.54,0.5373081052803778,0.49999999999999994,0.8660254037844387
Batangas,2022-02-01,17.17,2022,2,2022-01-01,5662.666666666667,1826.6666666666667,3.1,11354.0,4749.333333333333,2.3906513194834362,17.22,16.16,15.21,17.5,18.89,16.196666666666665,1.0055015332327037,0.8660254037844386,0.5000000000000001
Batangas,2022-03-01,17.17,2022,3,2022-01-01,5662.666666666667,1826.6666666666667,3.1,11354.0,4749.333333333333,2.3906513194834362,17.17,17.22,16.16,17.02,17.53,16.849999999999998,0.5980802621722107,1.0,6.123233995736766e-17
Batangas,2022-04-01,17.27,2022,4,2022-04-01,3076.9933333333333,920.4466666666667,3.3429349518711926,5662.666666666667,1826.6666666666667,3.1,17.17,17.17,17.22,15.25,17.56,17.186666666666667,0.02886751345905266,0.8660254037844387,-0.4999999999999998
Batangas,2022-05-01,16.03,2022,5,2022-04-01,3076.9933333333333,920.4466666666667,3.3429349518711926,5662.666666666667,1826.6666666666667,3.1,17.27,17.17,17.17,15.21,18.02,17.203333333333333,0.05773502691896186,0.49999999999999994,-0.8660254037844387
Batangas,2022-06-01,17.2,2022,6,2022-04-01,3076.9933333333333,920.4466666666667,3.3429349518711926,5662.666666666667,1826.6666666666667,3.1,16.03,17.27,17.17,16.16,18.58,16.823333333333334,0.68886379882625,1.2246467991473532e-16,-1.0
Batangas,2022-07-01,16.31,2022,7,2022-07-01,6547.333333333333,1846.0,3.5467677862044056,3076.9933333333333,920.4466666666667,3.3429349518711926,17.2,16.03,17.27,17.22,18.14,16.833333333333332,0.6965869172855113,-0.4999999999999997,-0.8660254037844388
Batangas,2022-08-01,17.81,2022,8,2022-07-01,6547.333333333333,1846.0,3.5467677862044056,3076.9933333333333,920.4466666666667,3.3429349518711926,16.31,17.2,16.03,17.17,17.5,16.513333333333332,0.6109282554714025,-0.8660254037844385,-0.5000000000000004
Batangas,2022-09-01,16.45,2022,9,2022-07-01,6547.333333333333,1846.0,3.5467677862044056,3076.9933333333333,920.4466666666667,3.3429349518711926,17.81,16.31,17.2,17.17,17.02,17.106666666666666,0.7543429812315724,-1.0,-1.8369701987210297e-16
Batangas,2022-10-01,17.74,2022,10,2022-10-01,7960.966666666667,3375.08,2.358749027183553,6547.333333333333,1846.0,3.5467677862044056,16.45,17.81,16.31,17.27,15.25,16.856666666666666,0.8285730706059267,-0.8660254037844386,0.5000000000000001
Batangas,2022-11-01,18.1,2022,11,2022-10-01,7960.966666666667,3375.08,2.358749027183553,6547.333333333333,1846.0,3.5467677862044056,17.74,16.45,17.81,16.03,15.21,17.333333333333332,0.7657893531078489,-0.5000000000000004,0.8660254037844384
Batangas,2022-12-01,17.64,2022,12,2022-10-01,7960.966666666667,3375.08,2.358749027183553,6547.333333333333,1846.0,3.5467677862044056,18.1,17.74,16.45,17.2,16.16,17.43,0.867582849069763,-2.4492935982947064e-16,1.0
Batangas,2023-01-01,16.93,2023,1,2023-01-01,5187.333333333333,1624.92,3.19236229065636,7960.966666666667,3375.08,2.358749027183553,17.64,18.1,17.74,16.31,17.22,17.826666666666664,0.24193663082167663,0.49999999999999994,0.8660254037844387
Batangas,2023-02-01,17.71,2023,2,2023-01-01,5187.333333333333,1624.92,3.19236229065636,7960.966666666667,3375.08,2.358749027183553,16.93,17.64,18.1,17.81,17.17,17.556666666666665,0.5894347574866474,0.8660254037844386,0.5000000000000001
Batangas,2023-03-01,17.28,2023,3,2023-01-01,5187.333333333333,1624.92,3.19236229065636,7960.966666666667,3375.08,2.358749027183553,17.71,16.93,17.64,16.45,17.17,17.426666666666666,0.43154760262726666,1.0,6.123233995736766e-17
Batangas,2023-04-01,16.62,2023,4,2023-04-01,5484.8,1650.0,3.324121212121212,5187.333333333333,1624.92,3.19236229065636,17.28,17.71,16.93,17.74,17.27,17.30666666666667,0.39068316233661904,0.8660254037844387,-0.4999999999999998
Batangas,2023-05-01,17.84,2023,5,2023-04-01,5484.8,1650.0,3.324121212121212,5187.333333333333,1624.92,3.19236229065636,16.62,17.28,17.71,18.1,16.03,17.203333333333333,0.5490294466905592,0.49999999999999994,-0.8660254037844387
Batangas,2023-06-01,17.58,2023,6,2023-04-01,5484.8,1650.0,3.324121212121212,5187.333333333333,1624.92,3.19236229065636,17.84,16.62,17.28,17.64,17.2,17.246666666666666,0.6106826781015987,1.2246467991473532e-16,-1.0
Batangas,2023-07-01,18.36,2023,7,2023-07-01,4618.7733333333335,1346.0,3.4314809311540366,5484.8,1650.0,3.324121212121212,17.58,17.84,16.62,16.93,16.31,17.346666666666664,0.642598889925387,-0.4999999999999997,-0.8660254037844388
Batangas,2023-08-01,19.94,2023,8,2023-07-01,4618.7733333333335,1346.0,3.4314809311540366,5484.8,1650.0,3.324121212121212,18.36,17.58,17.84,17.71,17.81,17.926666666666666,0.39715656022951407,-0.8660254037844385,-0.5000000000000004
Batangas,2023-09-01,19.15,2023,9,2023-07-01,4618.7733333333335,1346.0,3.4314809311540366,5484.8,1650.0,3.324121212121212,19.94,18.36,17.58,17.28,16.45,18.626666666666665,1.20238651578157,-1.0,-1.8369701987210297e-16
Batangas,2023-10-01,19.53,2023,10,2023-10-01,10060.300000000001,3100.6666666666665,3.244560309610837,4618.7733333333335,1346.0,3.4314809311540366,19.15,19.94,18.36,16.62,17.74,19.150000000000002,0.7900000000000065,-0.8660254037844386,0.5000000000000001
Batangas,2023-11-01,18.37,2023,11,2023-10-01,10060.300000000001,3100.6666666666665,3.244560309610837,4618.7733333333335,1346.0,3.4314809311540366,19.53,19.15,19.94,17.84,18.1,19.540000000000003,0.39509492530278256,-0.5000000000000004,0.8660254037844384
Batangas,2023-12-01,21.25,2023,12,2023-10-01,10060.300000000001,3100.6666666666665,3.244560309610837,4618.7733333333335,1346.0,3.4314809311540366,18.37,19.53,19.15,17.58,17.64,19.016666666666666,0.5913825608972085,-2.4492935982947064e-16,1.0
Batangas,2024-01-01,24.93,2024,1,2024-01-01,4040.6666666666665,1403.3333333333333,2.8793349168646083,10060.300000000001,3100.6666666666665,3.244560309610837,21.25,18.37,19.53,18.36,16.93,19.716666666666665,1.4490456629566038,0.49999999999999994,0.8660254037844387
Batangas,2024-02-01,26.16,2024,2,2024-01-01,4040.6666666666665,1403.3333333333333,2.8793349168646083,10060.300000000001,3100.6666666666665,3.244560309610837,24.93,21.25,18.37,19.94,17.71,21.516666666666666,3.2881200302503197,0.8660254037844386,0.5000000000000001
Batangas,2024-03-01,26.22,2024,3,2024-01-01,4040.6666666666665,1403.3333333333333,2.8793349168646083,10060.300000000001,3100.6666666666665,3.244560309610837,26.16,24.93,21.25,19.15,17.28,24.11333333333333,2.5548450703190206,1.0,6.123233995736766e-17
Batangas,2024-04-01,25.27,2024,4,2024-04-01,3400.2666666666664,1051.8666666666666,3.232602357713272,4040.6666666666665,1403.3333333333333,2.8793349168646083,26.22,26.16,24.93,19.53,16.62,25.769999999999996,0.7280796659707555,0.8660254037844387,-0.4999999999999998
Batangas,2024-05-01,22.74,2024,5,2024-04-01,3400.2666666666664,1051.8666666666666,3.232602357713272,4040.6666666666665,1403.3333333333333,2.8793349168646083,25.27,26.22,26.16,18.37,17.84,25.883333333333336,0.5320087718575902,0.49999999999999994,-0.8660254037844387
Batangas,2024-06-01,20.3,2024,6,2024-04-01,3400.2666666666664,1051.8666666666666,3.232602357713272,4040.6666666666665,1403.3333333333333,2.8793349168646083,22.74,25.27,26.22,21.25,17.58,24.74333333333333,1.7987866280727713,1.2246467991473532e-16,-1.0
Batangas,2024-07-01,18.56,2024,7,2024-07-01,1976.3333333333333,568.0,3.4794600938967135,3400.2666666666664,1051.8666666666666,3.232602357713272,20.3,22.74,25.27,24.93,18.36,22.77,2.4851358111781447,-0.4999999999999997,-0.8660254037844388
Batangas,2024-08-01,18.68,2024,8,2024-07-01,1976.3333333333333,568.0,3.4794600938967135,3400.2666666666664,1051.8666666666666,3.232602357713272,18.56,20.3,22.74,26.16,19.94,20.53333333333333,2.099746016387071,-0.8660254037844385,-0.5000000000000004
Batangas,2024-09-01,19.37,2024,9,2024-07-01,1976.3333333333333,568.0,3.4794600938967135,3400.2666666666664,1051.8666666666666,3.232602357713272,18.68,18.56,20.3,26.22,19.15,19.179999999999996,0.9718024490605286,-1.0,-1.8369701987210297e-16
Batangas,2024-10-01,18.11,2024,10,2024-10-01,5268.66,2174.6733333333336,2.422736288362083,1976.3333333333333,568.0,3.4794600938967135,19.37,18.68,18.56,25.27,19.53,18.87,0.43714985988793453,-0.8660254037844386,0.5000000000000001
Batangas,2024-11-01,18.09,2024,11,2024-10-01,5268.66,2174.6733333333336,2.422736288362083,1976.3333333333333,568.0,3.4794600938967135,18.11,19.37,18.68,22.74,18.37,18.72,0.6309516621739264,-0.5000000000000004,0.8660254037844384
Batangas,2024-12-01,17.58,2024,12,2024-10-01,5268.66,2174.6733333333336,2.422736288362083,1976.3333333333333,568.0,3.4794600938967135,18.09,18.11,19.37,20.3,21.25,18.52333333333333,0.7333030296769364,-2.4492935982947064e-16,1.0
Batangas,2025-01-01,15.8,2025,1,2025-01-01,5018.333333333333,1525.3333333333333,3.2899912587412588,5268.66,2174.6733333333336,2.422736288362083,17.58,18.09,18.11,18.56,24.93,17.926666666666662,0.3003886371575566,0.49999999999999994,0.8660254037844387
Batangas,2025-02-01,16.93,2025,2,2025-01-01,5018.333333333333,1525.3333333333333,3.2899912587412588,5268.66,2174.6733333333336,2.422736288362083,15.8,17.58,18.09,18.68,26.16,17.156666666666663,1.202261757411161,0.8660254037844386,0.5000000000000001
Batangas,2025-03-01,16.57,2025,3,2025-01-01,5018.333333333333,1525.3333333333333,3.2899912587412588,5268.66,2174.6733333333336,2.422736288362083,16.93,15.8,17.58,19.37,26.22,16.77,0.9007219326740296,1.0,6.123233995736766e-17
Batangas,2025-04-01,14.11,2025,4,2025-04-01,5992.0,1590.6666666666667,3.7669740150880133,5018.333333333333,1525.3333333333333,3.2899912587412588,16.57,16.93,15.8,18.11,25.27,16.433333333333334,0.577263660153118,0.8660254037844387,-0.4999999999999998
Batangas,2025-05-01,13.82,2025,5,2025-04-01,5992.0,1590.6666666666667,3.7669740150880133,5018.333333333333,1525.3333333333333,3.2899912587412588,14.11,16.57,16.93,18.09,22.74,15.87,1.5347964034359873,0.49999999999999994,-0.8660254037844387
Batangas,2025-06-01,12.93,2025,6,2025-04-01,5992.0,1590.6666666666667,3.7669740150880133,5018.333333333333,1525.3333333333333,3.2899912587412588,13.82,14.11,16.57,17.58,20.3,14.833333333333334,1.5109709902355424,1.2246467991473532e-16,-1.0
Batangas,2025-07-01,12.28,2025,7,2025-07-01,2000.0,640.6666666666666,3.121748178980229,5992.0,1590.6666666666667,3.7669740150880133,12.93,13.82,14.11,15.8,18.56,13.62,0.6148983655857624,-0.4999999999999997,-0.8660254037844388
Batangas,2025-08-01,11.66,2025,8,2025-07-01,2000.0,640.6666666666666,3.121748178980229,5992.0,1590.6666666666667,3.7669740150880133,12.28,12.93,13.82,16.93,18.68,13.009999999999998,0.7731106001084466,-0.8660254037844385,-0.5000000000000004
Batangas,2025-09-01,10.26,2025,9,2025-07-01,2000.0,640.6666666666666,3.121748178980229,5992.0,1590.6666666666667,3.7669740150880133,11.66,12.28,12.93,16.57,19.37,12.29,0.6350590523723306,-1.0,-1.8369701987210297e-16
Batangas,2025-10-01,10.41,2025,10,2025-10-01,4780.666666666667,1828.0,2.615244347191831,2000.0,640.6666666666666,3.121748178980229,10.26,11.66,12.28,14.11,18.11,11.399999999999999,1.0347946656221454,-0.8660254037844386,0.5000000000000001
Batangas,2025-11-01,12.83,2025,11,2025-10-01,4780.666666666667,1828.0,2.615244347191831,2000.0,640.6666666666666,3.121748178980229,10.41,10.26,11.66,13.82,18.09,10.776666666666666,0.7686568371733815,-0.5000000000000004,0.8660254037844384
Batangas,2025-12-01,14.46,2025,12,2025-10-01,4780.666666666667,1828.0,2.615244347191831,2000.0,640.6666666666666,3.121748178980229,12.83,10.41,10.26,12.93,17.58,11.166666666666666,1.442440062301856,-2.4492935982947064e-16,1.0
Batangas,2026-01-01,17.88,2026,1,2026-01-01,2057.9466666666667,526.6666666666666,3.907493670886076,4780.666666666667,1828.0,2.615244347191831,14.46,12.83,10.41,12.28,15.8,12.566666666666665,2.037801102495867,0.49999999999999994,0.8660254037844387
Batangas,2026-02-01,21.3,2026,2,2026-01-01,2057.9466666666667,526.6666666666666,3.907493670886076,4780.666666666667,1828.0,2.615244347191831,17.88,14.46,12.83,11.66,16.93,15.056666666666667,2.577330660457316,0.8660254037844386,0.5000000000000001
Batangas,2026-03-01,23.43,2026,3,2026-01-01,2057.9466666666667,526.6666666666666,3.907493670886076,4780.666666666667,1828.0,2.615244347191831,21.3,17.88,14.46,10.26,16.57,17.88,3.419999999999998,1.0,6.123233995736766e-17
Batangas,2026-04-01,24.27,2026,4,2026-04-01,4156.666666666667,1161.3333333333333,3.5792192881745124,2057.9466666666667,526.6666666666666,3.907493670886076,23.43,21.3,17.88,10.41,14.11,20.87,2.7998749972096917,0.8660254037844387,-0.4999999999999998
Batangas,2026-05-01,17.44,2026,5,2026-04-01,4156.666666666667,1161.3333333333333,3.5792192881745124,2057.9466666666667,526.6666666666666,3.907493670886076,24.27,23.43,21.3,12.83,13.82,23.0,1.5309800782505172,0.49999999999999994,-0.8660254037844387
Batangas,2026-06-01,16.65,2026,6,2026-04-01,4156.666666666667,1161.3333333333333,3.5792192881745124,2057.9466666666667,526.6666666666666,3.907493670886076,17.44,24.27,23.43,14.46,12.93,21.713333333333335,3.7245715637282757,1.2246467991473532e-16,-1.0
Batangas,2026-07-01,16.21,2026,7,2026-07-01,,,,4156.666666666667,1161.3333333333333,3.5792192881745124,16.65,17.44,24.27,17.88,12.28,19.45333333333333,4.1900159108687545,-0.4999999999999997,-0.8660254037844388
Batangas,2026-08-01,,2026,8,2026-07-01,,,,4156.666666666667,1161.3333333333333,3.5792192881745124,16.21,16.65,17.44,21.3,11.66,16.766666666666666,0.6232442004008907,-0.8660254037844385,-0.5000000000000004
Batangas,2026-09-01,,2026,9,2026-07-01,,,,4156.666666666667,1161.3333333333333,3.5792192881745124,,16.21,16.65,23.43,10.26,16.43,0.3111269837221248,-1.0,-1.8369701987210297e-16
Batangas,2026-10-01,,2026,10,2026-10-01,,,,,,,,,16.21,24.27,10.41,,,-0.8660254037844386,0.5000000000000001
Batangas,2026-11-01,,2026,11,2026-10-01,,,,,,,,,,17.44,12.83,,,-0.5000000000000004,0.8660254037844384
Batangas,2026-12-01,,2026,12,2026-10-01,,,,,,,,,,16.65,14.46,,,-2.4492935982947064e-16,1.0
Cavite,2010-01-01,15.53,2010,1,2010-01-01,6520.0,1754.0,3.717217787913341,,,,,,,,,,,0.49999999999999994,0.8660254037844387
Cavite,2010-02-01,16.38,2010,2,2010-01-01,6520.0,1754.0,3.717217787913341,,,,15.53,,,,,,,0.8660254037844386,0.5000000000000001
Cavite,2010-03-01,13.93,2010,3,2010-01-01,6520.0,1754.0,3.717217787913341,,,,16.38,15.53,,,,15.954999999999998,0.6010407640085658,1.0,6.123233995736766e-17
Cavite,2010-04-01,14.01,2010,4,2010-04-01,4373.333333333333,1066.6666666666667,4.1,6520.0,1754.0,3.717217787913341,13.93,16.38,15.53,,,15.280000000000001,1.2439855304624725,0.8660254037844387,-0.4999999999999998
Cavite,2010-05-01,14.23,2010,5,2010-04-01,4373.333333333333,1066.6666666666667,4.1,6520.0,1754.0,3.717217787913341,14.01,13.93,16.38,,,14.773333333333333,1.391988984630745,0.49999999999999994,-0.8660254037844387
Cavite,2010-06-01,13.72,2010,6,2010-04-01,4373.333333333333,1066.6666666666667,4.1,6520.0,1754.0,3.717217787913341,14.23,14.01,13.93,,,14.056666666666667,0.1553490693030866,1.2246467991473532e-16,-1.0
Cavite,2010-07-01,11.72,2010,7,2010-07-01,2614.6666666666665,673.3333333333334,3.8831683168316826,4373.333333333333,1066.6666666666667,4.1,13.72,14.23,14.01,15.53,,13.98666666666667,0.25579940057266615,-0.4999999999999997,-0.8660254037844388
Cavite,2010-08-01,11.92,2010,8,2010-07-01,2614.6666666666665,673.3333333333334,3.8831683168316826,4373.333333333333,1066.6666666666667,4.1,11.72,13.72,14.23,16.38,,13.223333333333336,1.3266624790553687,-0.8660254037844385,-0.5000000000000004
Cavite,2010-09-01,11.8,2010,9,2010-07-01,2614.6666666666665,673.3333333333334,3.8831683168316826,4373.333333333333,1066.6666666666667,4.1,11.92,11.72,13.72,13.93,,12.453333333333333,1.1015141094572232,-1.0,-1.8369701987210297e-16
Cavite,2010-10-01,10.85,2010,10,2010-10-01,17568.0,4459.333333333333,3.939602332187173,2614.6666666666665,673.3333333333334,3.8831683168316826,11.8,11.92,11.72,14.01,,11.813333333333334,0.10066445913698313,-0.8660254037844386,0.5000000000000001
Cavite,2010-11-01,11.72,2010,11,2010-10-01,17568.0,4459.333333333333,3.939602332187173,2614.6666666666665,673.3333333333334,3.8831683168316826,10.85,11.8,11.92,14.23,,11.523333333333335,0.5862024678669837,-0.5000000000000004,0.8660254037844384
Cavite,2010-12-01,11.67,2010,12,2010-10-01,17568.0,4459.333333333333,3.939602332187173,2614.6666666666665,673.3333333333334,3.8831683168316826,11.72,10.85,11.8,13.72,,11.456666666666669,0.5269092268440003,-2.4492935982947064e-16,1.0
Cavite,2011-01-01,13.15,2011,1,2011-01-01,5536.0,1616.6666666666667,3.4243298969072162,17568.0,4459.333333333333,3.939602332187173,11.67,11.72,10.85,11.72,15.53,11.413333333333334,0.4885011088353248,0.49999999999999994,0.8660254037844387
Cavite,2011-02-01,13.77,2011,2,2011-01-01,5536.0,1616.6666666666667,3.4243298969072162,17568.0,4459.333333333333,3.939602332187173,13.15,11.67,11.72,11.92,16.38,12.180000000000001,0.8404165633779527,0.8660254037844386,0.5000000000000001
Cavite,2011-03-01,13.8,2011,3,2011-01-01,5536.0,1616.6666666666667,3.4243298969072162,17568.0,4459.333333333333,3.939602332187173,13.77,13.15,11.67,11.8,13.93,12.863333333333335,1.0789501069712824,1.0,6.123233995736766e-17
Cavite,2011-04-01,13.8,2011,4,2011-04-01,5622.666666666667,1446.6666666666667,3.886635944700461,5536.0,1616.6666666666667,3.4243298969072162,13.8,13.77,13.15,10.85,14.01,13.573333333333332,0.36692415201692696,0.8660254037844387,-0.4999999999999998
Cavite,2011-05-01,13.93,2011,5,2011-04-01,5622.666666666667,1446.6666666666667,3.886635944700461,5536.0,1616.6666666666667,3.4243298969072162,13.8,13.8,13.77,11.72,14.23,13.790000000000001,0.01732050807590523,0.49999999999999994,-0.8660254037844387
Cavite,2011-06-01,12.69,2011,6,2011-04-01,5622.666666666667,1446.6666666666667,3.886635944700461,5536.0,1616.6666666666667,3.4243298969072162,13.93,13.8,13.8,11.67,13.72,13.843333333333334,0.07505553499470051,1.2246467991473532e-16,-1.0
Cavite,2011-07-01,11.04,2011,7,2011-07-01,3227.3333333333335,1168.0,2.7631278538812785,5622.666666666667,1446.6666666666667,3.886635944700461,12.69,13.93,13.8,13.15,11.72,13.473333333333334,0.6814934580268112,-0.4999999999999997,-0.8660254037844388
Cavite,2011-08-01,12.06,2011,8,2011-07-01,3227.3333333333335,1168.0,2.7631278538812785,5622.666666666667,1446.6666666666667,3.886635944700461,11.04,12.69,13.93,13.77,11.92,12.553333333333335,1.4498390715294371,-0.8660254037844385,-0.5000000000000004
Cavite,2011-09-01,12.65,2011,9,2011-07-01,3227.3333333333335,1168.0,2.7631278538812785,5622.666666666667,1446.6666666666667,3.886635944700461,12.06,11.04,12.69,13.8,11.8,11.930000000000001,0.832646383526648,-1.0,-1.8369701987210297e-16
Cavite,2011-10-01,11.7,2011,10,2011-10-01,11268.666666666666,4090.0,2.7551752241238794,3227.3333333333335,1168.0,2.7631278538812785,12.65,12.06,11.04,13.8,10.85,11.91666666666667,0.814514170124338,-0.8660254037844386,0.5000000000000001
Cavite,2011-11-01,12.51,2011,11,2011-10-01,11268.666666666666,4090.0,2.7551752241238794,3227.3333333333335,1168.0,2.7631278538812785,11.7,12.65,12.06,13.93,11.72,12.136666666666668,0.4796179034745658,-0.5000000000000004,0.8660254037844384
Cavite,2011-12-01,13.31,2011,12,2011-10-01,11268.666666666666,4090.0,2.7551752241238794,3227.3333333333335,1168.0,2.7631278538812785,12.51,11.7,12.65,12.69,11.67,12.286666666666667,0.5128677542343026,-2.4492935982947064e-16,1.0
Cavite,2012-01-01,14.05,2012,1,2012-01-01,5914.0,1600.0,3.69625,11268.666666666666,4090.0,2.7551752241238794,13.31,12.51,11.7,11.04,13.15,12.506666666666668,0.805005175966798,0.49999999999999994,0.8660254037844387
Cavite,2012-02-01,15.04,2012,2,2012-01-01,5914.0,1600.0,3.69625,11268.666666666666,4090.0,2.7551752241238794,14.05,13.31,12.51,12.06,13.77,13.290000000000001,0.7701947805587857,0.8660254037844386,0.5000000000000001
Cavite,2012-03-01,15.32,2012,3,2012-01-01,5914.0,1600.0,3.69625,11268.666666666666,4090.0,2.7551752241238794,15.04,14.05,13.31,12.65,13.8,14.133333333333335,0.8680053763274298,1.0,6.123233995736766e-17
Cavite,2012-04-01,14.46,2012,4,2012-04-01,5130.0,1200.0,4.275,5914.0,1600.0,3.69625,15.32,15.04,14.05,11.7,13.8,14.803333333333335,0.6672580710139977,0.8660254037844387,-0.4999999999999998
Cavite,2012-05-01,13.74,2012,5,2012-04-01,5130.0,1200.0,4.275,5914.0,1600.0,3.69625,14.46,15.32,15.04,12.51,13.93,14.940000000000003,0.438634243989212,0.49999999999999994,-0.8660254037844387
Cavite,2012-06-01,13.74,2012,6,2012-04-01,5130.0,1200.0,4.275,5914.0,1600.0,3.69625,13.74,14.46,15.32,13.31,12.69,14.50666666666667,0.7910330797971237,1.2246467991473532e-16,-1.0
Cavite,2012-07-01,13.82,2012,7,2012-07-01,3242.0,1071.3333333333333,3.0261356565028006,5130.0,1200.0,4.275,13.74,13.74,14.46,14.05,11.04,13.980000000000002,0.41569219381651895,-0.4999999999999997,-0.8660254037844388
Cavite,2012-08-01,12.97,2012,8,2012-07-01,3242.0,1071.3333333333333,3.0261356565028006,5130.0,1200.0,4.275,13.82,13.74,13.74,15.04,12.06,13.766666666666667,0.04618802153516985,-0.8660254037844385,-0.5000000000000004
Cavite,2012-09-01,12.63,2012,9,2012-07-01,3242.0,1071.3333333333333,3.0261356565028006,5130.0,1200.0,4.275,12.97,13.82,13.74,15.32,12.65,13.51,0.4693612681080539,-1.0,-1.8369701987210297e-16
Cavite,2012-10-01,12.67,2012,10,2012-10-01,11377.333333333334,3533.3333333333335,3.22,3242.0,1071.3333333333333,3.0261356565028006,12.63,12.97,13.82,14.46,11.7,13.14,0.61294371682888,-0.8660254037844386,0.5000000000000001
Cavite,2012-11-01,13.56,2012,11,2012-10-01,11377.333333333334,3533.3333333333335,3.22,3242.0,1071.3333333333333,3.0261356565028006,12.67,12.63,12.97,13.74,12.51,12.756666666666668,0.1858314648635649,-0.5000000000000004,0.8660254037844384
Cavite,2012-12-01,13.62,2012,12,2012-10-01,11377.333333333334,3533.3333333333335,3.22,3242.0,1071.3333333333333,3.0261356565028006,13.56,12.67,12.63,13.74,13.31,12.953333333333335,0.5257692776621098,-2.4492935982947064e-16,1.0
Cavite,2013-01-01,13.71,2013,1,2013-01-01,6297.333333333333,1660.0,3.793574297188755,11377.333333333334,3533.3333333333335,3.22,13.62,13.56,12.67,13.82,14.05,13.283333333333333,0.5320087718575073,0.49999999999999994,0.8660254037844387
Cavite,2013-02-01,13.55,2013,2,2013-01-01,6297.333333333333,1660.0,3.793574297188755,11377.333333333334,3533.3333333333335,3.22,13.71,13.62,13.56,12.97,15.04,13.63,0.07549834435268261,0.8660254037844386,0.5000000000000001
Cavite,2013-03-01,14.07,2013,3,2013-01-01,6297.333333333333,1660.0,3.793574297188755,11377.333333333334,3533.3333333333335,3.22,13.55,13.71,13.62,12.63,15.32,13.626666666666667,0.08020806277008294,1.0,6.123233995736766e-17
Cavite,2013-04-01,13.88,2013,4,2013-04-01,4571.333333333333,1190.0,3.841456582633053,6297.333333333333,1660.0,3.793574297188755,14.07,13.55,13.71,12.67,14.46,13.776666666666669,0.26633312473916537,0.8660254037844387,-0.4999999999999998
Cavite,2013-05-01,13.82,2013,5,2013-04-01,4571.333333333333,1190.0,3.841456582633053,6297.333333333333,1660.0,3.793574297188755,13.88,14.07,13.55,13.56,13.74,13.833333333333336,0.2631222782915336,0.49999999999999994,-0.8660254037844387
Cavite,2013-06-01,13.82,2013,6,2013-04-01,4571.333333333333,1190.0,3.841456582633053,6297.333333333333,1660.0,3.793574297188755,13.82,13.88,14.07,13.62,13.74,13.923333333333334,0.13051181300298623,1.2246467991473532e-16,-1.0
Cavite,2013-07-01,13.31,2013,7,2013-07-01,2826.0,1035.3333333333333,2.7295556986477787,4571.333333333333,1190.0,3.841456582633053,13.82,13.82,13.88,13.71,13.82,13.840000000000002,0.03464101615129034,-0.4999999999999997,-0.8660254037844388
Cavite,2013-08-01,14.03,2013,8,2013-07-01,2826.0,1035.3333333333333,2.7295556986477787,4571.333333333333,1190.0,3.841456582633053,13.31,13.82,13.82,13.55,12.97,13.65,0.294448637286709,-0.8660254037844385,-0.5000000000000004
Cavite,2013-09-01,14.33,2013,9,2013-07-01,2826.0,1035.3333333333333,2.7295556986477787,4571.333333333333,1190.0,3.841456582633053,14.03,13.31,13.82,14.07,12.63,13.72,0.37027017163147163,-1.0,-1.8369701987210297e-16
Cavite,2013-10-01,15.05,2013,10,2013-10-01,14423.333333333334,3780.6666666666665,3.81502380532534,2826.0,1035.3333333333333,2.7295556986477787,14.33,14.03,13.31,13.88,12.67,13.89,0.5242136968832454,-0.8660254037844386,0.5000000000000001
Cavite,2013-11-01,15.12,2013,11,2013-10-01,14423.333333333334,3780.6666666666665,3.81502380532534,2826.0,1035.3333333333333,2.7295556986477787,15.05,14.33,14.03,13.82,13.56,14.47,0.5242136968832458,-0.5000000000000004,0.8660254037844384
Cavite,2013-12-01,14.67,2013,12,2013-10-01,14423.333333333334,3780.6666666666665,3.81502380532534,2826.0,1035.3333333333333,2.7295556986477787,15.12,15.05,14.33,13.82,13.62,14.833333333333334,0.4373023362998778,-2.4492935982947064e-16,1.0
Cavite,2014-01-01,17.2,2014,1,2014-01-01,6220.0,1680.0,3.7023809523809526,14423.333333333334,3780.6666666666665,3.81502380532534,14.67,15.12,15.05,13.31,13.71,14.946666666666667,0.2421432083155158,0.49999999999999994,0.8660254037844387
Cavite,2014-02-01,18.29,2014,2,2014-01-01,6220.0,1680.0,3.7023809523809526,14423.333333333334,3780.6666666666665,3.81502380532534,17.2,14.67,15.12,14.03,13.55,15.663333333333334,1.3496789741762043,0.8660254037844386,0.5000000000000001
Cavite,2014-03-01,18.43,2014,3,2014-01-01,6220.0,1680.0,3.7023809523809526,14423.333333333334,3780.6666666666665,3.81502380532534,18.29,17.2,14.67,14.33,14.07,16.720000000000002,1.8571214284478006,1.0,6.123233995736766e-17
Cavite,2014-04-01,19.01,2014,4,2014-04-01,5299.333333333333,1278.6666666666667,4.144421272158498,6220.0,1680.0,3.7023809523809526,18.43,18.29,17.2,15.05,13.88,17.973333333333333,0.6733745861950369,0.8660254037844387,-0.4999999999999998
Cavite,2014-05-01,18.46,2014,5,2014-04-01,5299.333333333333,1278.6666666666667,4.144421272158498,6220.0,1680.0,3.7023809523809526,19.01,18.43,18.29,15.12,13.82,18.576666666666668,0.38175035472588303,0.49999999999999994,-0.8660254037844387
Cavite,2014-06-01,18.74,2014,6,2014-04-01,5299.333333333333,1278.6666666666667,4.144421272158498,6220.0,1680.0,3.7023809523809526,18.46,19.01,18.43,14.67,13.82,18.633333333333336,0.3265475973473653,1.2246467991473532e-16,-1.0
Cavite,2014-07-01,17.4,2014,7,2014-07-01,3122.6666666666665,892.6666666666666,3.4981329350261388,5299.333333333333,1278.6666666666667,4.144421272158498,18.74,18.46,19.01,17.2,13.31,18.736666666666668,0.2750151510977819,-0.4999999999999997,-0.8660254037844388
Cavite,2014-08-01,19.45,2014,8,2014-07-01,3122.6666666666665,892.6666666666666,3.4981329350261388,5299.333333333333,1278.6666666666667,4.144421272158498,17.4,18.74,18.46,18.29,14.03,18.2,0.7068238818829007,-0.8660254037844385,-0.5000000000000004
Cavite,2014-09-01,17.51,2014,9,2014-07-01,3122.6666666666665,892.6666666666666,3.4981329350261388,5299.333333333333,1278.6666666666667,4.144421272158498,19.45,17.4,18.74,18.43,14.33,18.53,1.0410091258005414,-1.0,-1.8369701987210297e-16
Cavite,2014-10-01,17.49,2014,10,2014-10-01,16211.333333333334,4004.0,4.048784548784549,3122.6666666666665,892.6666666666666,3.4981329350261388,17.51,19.45,17.4,19.01,15.05,18.12,1.1531261856362525,-0.8660254037844386,0.5000000000000001
Cavite,2014-11-01,15.77,2014,11,2014-10-01,16211.333333333334,4004.0,4.048784548784549,3122.6666666666665,892.6666666666666,3.4981329350261388,17.49,17.51,19.45,18.46,15.12,18.150000000000002,1.1258774356030112,-0.5000000000000004,0.8660254037844384
Cavite,2014-12-01,16.31,2014,12,2014-10-01,16211.333333333334,4004.0,4.048784548784549,3122.6666666666665,892.6666666666666,3.4981329350261388,15.77,17.49,17.51,18.74,14.67,16.923333333333336,0.9988660237155768,-2.4492935982947064e-16,1.0
Cavite,2015-01-01,15.62,2015,1,2015-01-01,6847.333333333333,1700.0,4.0278431372549015,16211.333333333334,4004.0,4.048784548784549,16.31,15.77,17.49,17.4,17.2,16.523333333333337,0.8796211305632522,0.49999999999999994,0.8660254037844387
Cavite,2015-02-01,16.31,2015,2,2015-01-01,6847.333333333333,1700.0,4.0278431372549015,16211.333333333334,4004.0,4.048784548784549,15.62,16.31,15.77,19.45,18.29,15.9,0.3629049462325615,0.8660254037844386,0.5000000000000001
Cavite,2015-03-01,14.91,2015,3,2015-01-01,6847.333333333333,1700.0,4.0278431372549015,16211.333333333334,4004.0,4.048784548784549,16.31,15.62,16.31,17.51,18.43,16.08,0.3983716857409082,1.0,6.123233995736766e-17
Cavite,2015-04-01,14.51,2015,4,2015-04-01,5688.666666666667,1353.3333333333333,4.203448275862069,6847.333333333333,1700.0,4.0278431372549015,14.91,16.31,15.62,17.49,19.01,15.613333333333335,0.7000238091189466,0.8660254037844387,-0.4999999999999998
Cavite,2015-05-01,14.33,2015,5,2015-04-01,5688.666666666667,1353.3333333333333,4.203448275862069,6847.333333333333,1700.0,4.0278431372549015,14.51,14.91,16.31,15.77,18.46,15.243333333333334,0.9451631252505622,0.49999999999999994,-0.8660254037844387
Cavite,2015-06-01,13.76,2015,6,2015-04-01,5688.666666666667,1353.3333333333333,4.203448275862069,6847.333333333333,1700.0,4.0278431372549015,14.33,14.51,14.91,16.31,18.74,14.583333333333334,0.29687258770966224,1.2246467991473532e-16,-1.0
Cavite,2015-07-01,13.87,2015,7,2015-07-01,3130.0,855.3333333333334,3.6593920498830865,5688.666666666667,1353.3333333333333,4.203448275862069,13.76,14.33,14.51,15.62,17.4,14.200000000000001,0.39153543900917687,-0.4999999999999997,-0.8660254037844388
Cavite,2015-08-01,14.41,2015,8,2015-07-01,3130.0,855.3333333333334,3.6593920498830865,5688.666666666667,1353.3333333333333,4.203448275862069,13.87,13.76,14.33,16.31,19.45,13.986666666666666,0.3023794525649006,-0.8660254037844385,-0.5000000000000004
Cavite,2015-09-01,14.33,2015,9,2015-07-01,3130.0,855.3333333333334,3.6593920498830865,5688.666666666667,1353.3333333333333,4.203448275862069,14.41,13.87,13.76,14.91,17.51,14.013333333333334,0.3478984526172084,-1.0,-1.8369701987210297e-16
Cavite,2015-10-01,13.46,2015,10,2015-10-01,12574.666666666666,3847.3333333333335,3.2684110206203427,3130.0,855.3333333333334,3.6593920498830865,14.33,14.41,13.87,14.51,17.49,14.203333333333333,0.29143323992544456,-0.8660254037844386,0.5000000000000001
Cavite,2015-11-01,14.33,2015,11,2015-10-01,12574.666666666666,3847.3333333333335,3.2684110206203427,3130.0,855.3333333333334,3.6593920498830865,13.46,14.33,14.41,14.33,15.77,14.066666666666668,0.5269092268440979,-0.5000000000000004,0.8660254037844384
Cavite,2015-12-01,13.43,2015,12,2015-10-01,12574.666666666666,3847.3333333333335,3.2684110206203427,3130.0,855.3333333333334,3.6593920498830865,14.33,13.46,14.33,13.76,16.31,14.040000000000001,0.5022947341950864,-2.4492935982947064e-16,1.0
Cavite,2016-01-01,14.01,2016,1,2016-01-01,6110.0,1666.6666666666667,3.666,12574.666666666666,3847.3333333333335,3.2684110206203427,13.43,14.33,13.46,13.87,15.62,13.74,0.5111751167654006,0.49999999999999994,0.8660254037844387
Cavite,2016-02-01,14.69,2016,2,2016-01-01,6110.0,1666.6666666666667,3.666,12574.666666666666,3847.3333333333335,3.2684110206203427,14.01,13.43,14.33,14.41,16.31,13.923333333333334,0.4562163229581441,0.8660254037844386,0.5000000000000001
Cavite,2016-03-01,15.04,2016,3,2016-01-01,6110.0,1666.6666666666667,3.666,12574.666666666666,3847.3333333333335,3.2684110206203427,14.69,14.01,13.43,14.33,14.91,14.043333333333331,0.6306610288684773,1.0,6.123233995736766e-17
Cavite,2016-04-01,14.59,2016,4,2016-04-01,5520.666666666667,1273.3333333333333,4.335602094240838,6110.0,1666.6666666666667,3.666,15.04,14.69,14.01,13.46,14.51,14.579999999999998,0.5237365750070349,0.8660254037844387,-0.4999999999999998
Cavite,2016-05-01,14.32,2016,5,2016-04-01,5520.666666666667,1273.3333333333333,4.335602094240838,6110.0,1666.6666666666667,3.666,14.59,15.04,14.69,14.33,14.33,14.773333333333333,0.23629078131283177,0.49999999999999994,-0.8660254037844387
Cavite,2016-06-01,14.33,2016,6,2016-04-01,5520.666666666667,1273.3333333333333,4.335602094240838,6110.0,1666.6666666666667,3.666,14.32,14.59,15.04,13.43,13.76,14.65,0.3637306695895987,1.2246467991473532e-16,-1.0
Cavite,2016-07-01,13.94,2016,7,2016-07-01,3013.3333333333335,930.6666666666666,3.2378223495702008,5520.666666666667,1273.3333333333333,4.335602094240838,14.33,14.32,14.59,14.01,13.87,14.413333333333334,0.15307950004307308,-0.4999999999999997,-0.8660254037844388
Cavite,2016-08-01,14.27,2016,8,2016-07-01,3013.3333333333335,930.6666666666666,3.2378223495702008,5520.666666666667,1273.3333333333333,4.335602094240838,13.94,14.33,14.32,14.69,14.41,14.196666666666667,0.22233608194227594,-0.8660254037844385,-0.5000000000000004
Cavite,2016-09-01,15.36,2016,9,2016-07-01,3013.3333333333335,930.6666666666666,3.2378223495702008,5520.666666666667,1273.3333333333333,4.335602094240838,14.27,13.94,14.33,15.04,14.33,14.18,0.21000000000026037,-1.0,-1.8369701987210297e-16
Cavite,2016-10-01,13.84,2016,10,2016-10-01,9120.0,3177.3333333333335,2.870331514897188,3013.3333333333335,930.6666666666666,3.2378223495702008,15.36,14.27,13.94,14.59,13.46,14.523333333333333,0.7431240363044604,-0.8660254037844386,0.5000000000000001
Cavite,2016-11-01,13.89,2016,11,2016-10-01,9120.0,3177.3333333333335,2.870331514897188,3013.3333333333335,930.6666666666666,3.2378223495702008,13.84,15.36,14.27,14.32,14.33,14.49,0.7835177087980211,-0.5000000000000004,0.8660254037844384
Cavite,2016-12-01,14.7,2016,12,2016-10-01,9120.0,3177.3333333333335,2.870331514897188,3013.3333333333335,930.6666666666666,3.2378223495702008,13.89,13.84,15.36,14.33,13.43,14.363333333333335,0.8635006272918606,-2.4492935982947064e-16,1.0
Cavite,2017-01-01,16.19,2017,1,2017-01-01,5802.0,1600.0,3.62625,9120.0,3177.3333333333335,2.870331514897188,14.7,13.89,13.84,13.94,14.01,14.143333333333333,0.4827352621607862,0.49999999999999994,0.8660254037844387
Cavite,2017-02-01,16.4,2017,2,2017-01-01,5802.0,1600.0,3.62625,9120.0,3177.3333333333335,2.870331514897188,16.19,14.7,13.89,14.27,14.69,14.926666666666668,1.1666333328571687,0.8660254037844386,0.5000000000000001
Cavite,2017-03-01,15.82,2017,3,2017-01-01,5802.0,1600.0,3.62625,9120.0,3177.3333333333335,2.870331514897188,16.4,16.19,14.7,15.36,15.04,15.763333333333334,0.9268405112711714,1.0,6.123233995736766e-17
Cavite,2017-04-01,16.72,2017,4,2017-04-01,5454.0,1233.3333333333333,4.422162162162162,5802.0,1600.0,3.62625,15.82,16.4,16.19,13.84,14.59,16.136666666666667,0.29365512652326786,0.8660254037844387,-0.4999999999999998
Cavite,2017-05-01,17.01,2017,5,2017-04-01,5454.0,1233.3333333333333,4.422162162162162,5802.0,1600.0,3.62625,16.72,15.82,16.4,13.89,14.32,16.313333333333333,0.4562163229580813,0.49999999999999994,-0.8660254037844387
Cavite,2017-06-01,16.85,2017,6,2017-04-01,5454.0,1233.3333333333333,4.422162162162162,5802.0,1600.0,3.62625,17.01,16.72,15.82,14.7,14.33,16.516666666666666,0.620510542483679,1.2246467991473532e-16,-1.0
Cavite,2017-07-01,16.45,2017,7,2017-07-01,2844.6666666666665,880.0,3.2325757575757574,5454.0,1233.3333333333333,4.422162162162162,16.85,17.01,16.72,16.19,13.94,16.86,0.14525839046351197,-0.4999999999999997,-0.8660254037844388
Cavite,2017-08-01,16.25,2017,8,2017-07-01,2844.6666666666665,880.0,3.2325757575757574,5454.0,1233.3333333333333,4.422162162162162,16.45,16.85,17.01,16.4,14.27,16.77,0.2884441020372093,-0.8660254037844385,-0.5000000000000004
Cavite,2017-09-01,16.05,2017,9,2017-07-01,2844.6666666666665,880.0,3.2325757575757574,5454.0,1233.3333333333333,4.422162162162162,16.25,16.45,16.85,15.82,15.36,16.516666666666666,0.30550504633048153,-1.0,-1.8369701987210297e-16
Cavite,2017-10-01,14.98,2017,10,2017-10-01,9054.0,2950.0,3.069152542372881,2844.6666666666665,880.0,3.2325757575757574,16.05,16.25,16.45,16.72,13.84,16.25,0.20000000000015108,-0.8660254037844386,0.5000000000000001
Cavite,2017-11-01,14.75,2017,11,2017-10-01,9054.0,2950.0,3.069152542372881,2844.6666666666665,880.0,3.2325757575757574,14.98,16.05,16.25,17.01,13.89,15.76,0.6828616258072148,-0.5000000000000004,0.8660254037844384
Cavite,2017-12-01,14.78,2017,12,2017-10-01,9054.0,2950.0,3.069152542372881,2844.6666666666665,880.0,3.2325757575757574,14.75,14.98,16.05,16.85,14.7,15.26,0.6937578828381596,-2.4492935982947064e-16,1.0
Cavite,2018-01-01,16.74,2018,1,2018-01-01,5539.333333333333,1716.6666666666667,3.226796116504854,9054.0,2950.0,3.069152542372881,14.78,14.75,14.98,16.45,16.19,14.836666666666666,0.1250333288904569,0.49999999999999994,0.8660254037844387
Cavite,2018-02-01,17.44,2018,2,2018-01-01,5539.333333333333,1716.6666666666667,3.226796116504854,9054.0,2950.0,3.069152542372881,16.74,14.78,14.75,16.25,16.4,15.423333333333332,1.1403654385035584,0.8660254037844386,0.5000000000000001
Cavite,2018-03-01,18.92,2018,3,2018-01-01,5539.333333333333,1716.6666666666667,3.226796116504854,9054.0,2950.0,3.069152542372881,17.44,16.74,14.78,16.05,15.82,16.32,1.3788400922514767,1.0,6.123233995736766e-17
Cavite,2018-04-01,20.7,2018,4,2018-04-01,5672.0,1315.3333333333333,4.312214901165738,5539.333333333333,1716.6666666666667,3.226796116504854,18.92,17.44,16.74,14.98,16.72,17.7,1.113013926238137,0.8660254037844387,-0.4999999999999998
Cavite,2018-05-01,19.45,2018,5,2018-04-01,5672.0,1315.3333333333333,4.312214901165738,5539.333333333333,1716.6666666666667,3.226796116504854,20.7,18.92,17.44,14.75,17.01,19.02,1.6322989922192574,0.49999999999999994,-0.8660254037844387
Cavite,2018-06-01,18.74,2018,6,2018-04-01,5672.0,1315.3333333333333,4.312214901165738,5539.333333333333,1716.6666666666667,3.226796116504854,19.45,20.7,18.92,14.78,16.85,19.69,0.9139474820797926,1.2246467991473532e-16,-1.0
Cavite,2018-07-01,18.43,2018,7,2018-07-01,3421.146666666666,1060.6666666666667,3.22546825895663,5672.0,1315.3333333333333,4.312214901165738,18.74,19.45,20.7,16.74,16.45,19.63,0.9923205127376917,-0.4999999999999997,-0.8660254037844388
Cavite,2018-08-01,19.0,2018,8,2018-07-01,3421.146666666666,1060.6666666666667,3.22546825895663,5672.0,1315.3333333333333,4.312214901165738,18.43,18.74,19.45,17.44,16.25,18.873333333333335,0.5229085324732596,-0.8660254037844385,-0.5000000000000004
Cavite,2018-09-01,19.76,2018,9,2018-07-01,3421.146666666666,1060.6666666666667,3.22546825895663,5672.0,1315.3333333333333,4.312214901165738,19.0,18.43,18.74,18.92,16.05,18.723333333333333,0.28536526301100595,-1.0,-1.8369701987210297e-16
Cavite,2018-10-01,17.4,2018,10,2018-10-01,10060.0,2786.0,3.6109117013639627,3421.146666666666,1060.6666666666667,3.22546825895663,19.76,19.0,18.43,20.7,14.98,19.063333333333336,0.6672580710140082,-0.8660254037844386,0.5000000000000001
Cavite,2018-11-01,17.4,2018,11,2018-10-01,10060.0,2786.0,3.6109117013639627,3421.146666666666,1060.6666666666667,3.22546825895663,17.4,19.76,19.0,19.45,14.75,18.720000000000002,1.204657627710052,-0.5000000000000004,0.8660254037844384
Cavite,2018-12-01,17.4,2018,12,2018-10-01,10060.0,2786.0,3.6109117013639627,3421.146666666666,1060.6666666666667,3.22546825895663,17.4,17.4,19.76,18.74,14.78,18.186666666666667,1.3625466352875242,-2.4492935982947064e-16,1.0
Cavite,2019-01-01,17.0,2019,1,2019-01-01,3849.3333333333335,1102.0,3.4930429522081066,10060.0,2786.0,3.6109117013639627,17.4,17.4,17.4,18.43,16.74,17.4,0.0,0.49999999999999994,0.8660254037844387
Cavite,2019-02-01,17.43,2019,2,2019-01-01,3849.3333333333335,1102.0,3.4930429522081066,10060.0,2786.0,3.6109117013639627,17.0,17.4,17.4,19.0,17.44,17.266666666666666,0.2309401076758495,0.8660254037844386,0.5000000000000001
Cavite,2019-03-01,15.36,2019,3,2019-01-01,3849.3333333333335,1102.0,3.4930429522081066,10060.0,2786.0,3.6109117013639627,17.43,17.0,17.4,19.76,18.92,17.276666666666667,0.24006943440041045,1.0,6.123233995736766e-17
Cavite,2019-04-01,14.54,2019,4,2019-04-01,4351.12,1150.6666666666667,3.7813904982618767,3849.3333333333335,1102.0,3.4930429522081066,15.36,17.43,17.0,17.4,20.7,16.596666666666668,1.0923522020545102,0.8660254037844387,-0.4999999999999998
Cavite,2019-05-01,14.21,2019,5,2019-04-01,4351.12,1150.6666666666667,3.7813904982618767,3849.3333333333335,1102.0,3.4930429522081066,14.54,15.36,17.43,17.4,19.45,15.776666666666669,1.4893734700649612,0.49999999999999994,-0.8660254037844387
Cavite,2019-06-01,12.26,2019,6,2019-04-01,4351.12,1150.6666666666667,3.7813904982618767,3849.3333333333335,1102.0,3.4930429522081066,14.21,14.54,15.36,17.4,18.74,14.703333333333333,0.5921430007467372,1.2246467991473532e-16,-1.0
Cavite,2019-07-01,12.1,2019,7,2019-07-01,3079.3866666666668,844.6666666666666,3.6456827150749804,4351.12,1150.6666666666667,3.7813904982618767,12.26,14.21,14.54,17.0,18.43,13.670000000000002,1.2321931666747807,-0.4999999999999997,-0.8660254037844388
Cavite,2019-08-01,13.01,2019,8,2019-07-01,3079.3866666666668,844.6666666666666,3.6456827150749804,4351.12,1150.6666666666667,3.7813904982618767,12.1,12.26,14.21,17.43,19.0,12.85666666666667,1.174748199970259,-0.8660254037844385,-0.5000000000000004
Cavite,2019-09-01,12.18,2019,9,2019-07-01,3079.3866666666668,844.6666666666666,3.6456827150749804,4351.12,1150.6666666666667,3.7813904982618767,13.01,12.1,12.26,15.36,19.76,12.456666666666669,0.48583261863872923,-1.0,-1.8369701987210297e-16
Cavite,2019-10-01,13.33,2019,10,2019-10-01,8716.566666666668,2306.0,3.779950852847644,3079.3866666666668,844.6666666666666,3.6456827150749804,12.18,13.01,12.1,14.54,17.4,12.430000000000001,0.5038849074937963,-0.8660254037844386,0.5000000000000001
Cavite,2019-11-01,13.71,2019,11,2019-10-01,8716.566666666668,2306.0,3.779950852847644,3079.3866666666668,844.6666666666666,3.6456827150749804,13.33,12.18,13.01,14.21,17.4,12.840000000000002,0.5935486500700929,-0.5000000000000004,0.8660254037844384
Cavite,2019-12-01,13.71,2019,12,2019-10-01,8716.566666666668,2306.0,3.779950852847644,3079.3866666666668,844.6666666666666,3.6456827150749804,13.71,13.33,12.18,12.26,17.4,13.073333333333336,0.7966387721755464,-2.4492935982947064e-16,1.0
Cavite,2020-01-01,13.47,2020,1,2020-01-01,3647.02,1081.26,3.3729352792112905,8716.566666666668,2306.0,3.779950852847644,13.71,13.71,13.33,12.1,17.0,13.583333333333336,0.21939310229211462,0.49999999999999994,0.8660254037844387
Cavite,2020-02-01,13.22,2020,2,2020-01-01,3647.02,1081.26,3.3729352792112905,8716.566666666668,2306.0,3.779950852847644,13.47,13.71,13.71,13.01,17.43,13.630000000000003,0.13856406460559853,0.8660254037844386,0.5000000000000001
Cavite,2020-03-01,14.72,2020,3,2020-01-01,3647.02,1081.26,3.3729352792112905,8716.566666666668,2306.0,3.779950852847644,13.22,13.47,13.71,12.18,15.36,13.466666666666669,0.24501700621254557,1.0,6.123233995736766e-17
Cavite,2020-04-01,15.37,2020,4,2020-04-01,3886.0466666666666,994.0,3.909503688799463,3647.02,1081.26,3.3729352792112905,14.72,13.22,13.47,13.33,14.54,13.803333333333335,0.8036375634160948,0.8660254037844387,-0.4999999999999998
Cavite,2020-05-01,15.71,2020,5,2020-04-01,3886.0466666666666,994.0,3.909503688799463,3647.02,1081.26,3.3729352792112905,15.37,14.72,13.22,13.71,14.21,14.436666666666667,1.1026483271348824,0.49999999999999994,-0.8660254037844387
Cavite,2020-06-01,14.01,2020,6,2020-04-01,3886.0466666666666,994.0,3.909503688799463,3647.02,1081.26,3.3729352792112905,15.71,15.37,14.72,13.71,12.26,15.266666666666667,0.5030241876225771,1.2246467991473532e-16,-1.0
Cavite,2020-07-01,12.69,2020,7,2020-07-01,3677.3333333333335,958.7666666666668,3.83548308590898,3886.0466666666666,994.0,3.909503688799463,14.01,15.71,15.37,13.47,12.1,15.030000000000001,0.8995554457619729,-0.4999999999999997,-0.8660254037844388
Cavite,2020-08-01,13.2,2020,8,2020-07-01,3677.3333333333335,958.7666666666668,3.83548308590898,3886.0466666666666,994.0,3.909503688799463,12.69,14.01,15.71,13.22,13.01,14.136666666666668,1.5139793041298026,-0.8660254037844385,-0.5000000000000004
Cavite,2020-09-01,13.03,2020,9,2020-07-01,3677.3333333333335,958.7666666666668,3.83548308590898,3886.0466666666666,994.0,3.909503688799463,13.2,12.69,14.01,14.72,12.18,13.300000000000002,0.665657569625727,-1.0,-1.8369701987210297e-16
Cavite,2020-10-01,11.88,2020,10,2020-10-01,5207.333333333333,1886.0600000000002,2.7609584707450097,3677.3333333333335,958.7666666666668,3.83548308590898,13.03,13.2,12.69,15.37,13.33,12.973333333333334,0.259679289380889,-0.8660254037844386,0.5000000000000001
Cavite,2020-11-01,10.97,2020,11,2020-10-01,5207.333333333333,1886.0600000000002,2.7609584707450097,3677.3333333333335,958.7666666666668,3.83548308590898,11.88,13.03,13.2,15.71,13.71,12.703333333333333,0.7180761333823609,-0.5000000000000004,0.8660254037844384
Cavite,2020-12-01,15.23,2020,12,2020-10-01,5207.333333333333,1886.0600000000002,2.7609584707450097,3677.3333333333335,958.7666666666668,3.83548308590898,10.97,11.88,13.03,14.01,13.71,11.96,1.0323274674249587,-2.4492935982947064e-16,1.0
Cavite,2021-01-01,16.02,2021,1,2021-01-01,4871.96,1391.72,3.500675423217314,5207.333333333333,1886.0600000000002,2.7609584707450097,15.23,10.97,11.88,12.69,13.47,12.693333333333335,2.2434422955211852,0.49999999999999994,0.8660254037844387
Cavite,2021-02-01,15.5,2021,2,2021-01-01,4871.96,1391.72,3.500675423217314,5207.333333333333,1886.0600000000002,2.7609584707450097,16.02,15.23,10.97,13.2,13.22,14.073333333333332,2.7164376181560597,0.8660254037844386,0.5000000000000001
Cavite,2021-03-01,15.95,2021,3,2021-01-01,4871.96,1391.72,3.500675423217314,5207.333333333333,1886.0600000000002,2.7609584707450097,15.5,16.02,15.23,13.03,14.72,15.583333333333334,0.40153870714213163,1.0,6.123233995736766e-17
Cavite,2021-04-01,15.38,2021,4,2021-04-01,3642.48,882.0,4.129795918367347,4871.96,1391.72,3.500675423217314,15.95,15.5,16.02,11.88,15.37,15.823333333333332,0.28219378684403296,0.8660254037844387,-0.4999999999999998
Cavite,2021-05-01,15.92,2021,5,2021-04-01,3642.48,882.0,4.129795918367347,4871.96,1391.72,3.500675423217314,15.38,15.95,15.5,10.97,15.71,15.610000000000001,0.3004995840264032,0.49999999999999994,-0.8660254037844387
Cavite,2021-06-01,16.24,2021,6,2021-04-01,3642.48,882.0,4.129795918367347,4871.96,1391.72,3.500675423217314,15.92,15.38,15.95,15.23,14.01,15.75,0.3207802986469735,1.2246467991473532e-16,-1.0
Cavite,2021-07-01,13.33,2021,7,2021-07-01,3647.866666666667,908.0,4.017474302496329,3642.48,882.0,4.129795918367347,16.24,15.92,15.38,16.02,12.69,15.84666666666667,0.4346646216721284,-0.4999999999999997,-0.8660254037844388
Cavite,2021-08-01,13.05,2021,8,2021-07-01,3647.866666666667,908.0,4.017474302496329,3642.48,882.0,4.129795918367347,13.33,16.24,15.92,15.5,13.2,15.163333333333334,1.5957547848380003,-0.8660254037844385,-0.5000000000000004
Cavite,2021-09-01,13.15,2021,9,2021-07-01,3647.866666666667,908.0,4.017474302496329,3642.48,882.0,4.129795918367347,13.05,13.33,16.24,15.95,13.03,14.206666666666669,1.7664748323520967,-1.0,-1.8369701987210297e-16
Cavite,2021-10-01,12.78,2021,10,2021-10-01,6390.133333333334,1828.1933333333334,3.4953268983222054,3647.866666666667,908.0,4.017474302496329,13.15,13.05,13.33,15.38,11.88,13.176666666666668,0.14189197769207226,-0.8660254037844386,0.5000000000000001
Cavite,2021-11-01,13.35,2021,11,2021-10-01,6390.133333333334,1828.1933333333334,3.4953268983222054,3647.866666666667,908.0,4.017474302496329,12.78,13.15,13.05,15.92,10.97,12.993333333333334,0.1913983629328293,-0.5000000000000004,0.8660254037844384
Cavite,2021-12-01,14.67,2021,12,2021-10-01,6390.133333333334,1828.1933333333334,3.4953268983222054,3647.866666666667,908.0,4.017474302496329,13.35,12.78,13.15,16.24,15.23,13.093333333333334,0.2891942830233117,-2.4492935982947064e-16,1.0
Cavite,2022-01-01,14.17,2022,1,2022-01-01,4408.666666666667,1155.3333333333333,3.8159261396422393,6390.133333333334,1828.1933333333334,3.4953268983222054,14.67,13.35,12.78,13.33,16.02,13.600000000000001,0.969484399049328,0.49999999999999994,0.8660254037844387
Cavite,2022-02-01,15.82,2022,2,2022-01-01,4408.666666666667,1155.3333333333333,3.8159261396422393,6390.133333333334,1828.1933333333334,3.4953268983222054,14.17,14.67,13.35,13.05,15.5,14.063333333333333,0.6664332924857308,0.8660254037844386,0.5000000000000001
Cavite,2022-03-01,14.97,2022,3,2022-01-01,4408.666666666667,1155.3333333333333,3.8159261396422393,6390.133333333334,1828.1933333333334,3.4953268983222054,15.82,14.17,14.67,13.15,15.95,14.886666666666668,0.8460693430998282,1.0,6.123233995736766e-17
Cavite,2022-04-01,14.75,2022,4,2022-04-01,3561.4466666666667,789.6066666666667,4.510406024940687,4408.666666666667,1155.3333333333333,3.8159261396422393,14.97,15.82,14.17,12.78,15.38,14.986666666666666,0.8251262529657963,0.8660254037844387,-0.4999999999999998
Cavite,2022-05-01,15.02,2022,5,2022-04-01,3561.4466666666667,789.6066666666667,4.510406024940687,4408.666666666667,1155.3333333333333,3.8159261396422393,14.75,14.97,15.82,13.35,15.92,15.180000000000001,0.5650663677835049,0.49999999999999994,-0.8660254037844387
Cavite,2022-06-01,13.92,2022,6,2022-04-01,3561.4466666666667,789.6066666666667,4.510406024940687,4408.666666666667,1155.3333333333333,3.8159261396422393,15.02,14.75,14.97,14.67,16.24,14.913333333333334,0.1436430761762446,1.2246467991473532e-16,-1.0
Cavite,2022-07-01,15.68,2022,7,2022-07-01,3215.5333333333333,854.6666666666666,3.7623244929797193,3561.4466666666667,789.6066666666667,4.510406024940687,13.92,15.02,14.75,14.17,13.33,14.563333333333334,0.5732654998631701,-0.4999999999999997,-0.8660254037844388
Cavite,2022-08-01,13.2,2022,8,2022-07-01,3215.5333333333333,854.6666666666666,3.7623244929797193,3561.4466666666667,789.6066666666667,4.510406024940687,15.68,13.92,15.02,15.82,13.05,14.873333333333335,0.8891194145520463,-0.8660254037844385,-0.5000000000000004
Cavite,2022-09-01,13.77,2022,9,2022-07-01,3215.5333333333333,854.6666666666666,3.7623244929797193,3561.4466666666667,789.6066666666667,4.510406024940687,13.2,15.68,13.92,14.97,13.15,14.266666666666666,1.2758265294832862,-1.0,-1.8369701987210297e-16
Cavite,2022-10-01,15.06,2022,10,2022-10-01,4290.206666666666,1324.0,3.2403373615307145,3215.5333333333333,854.6666666666666,3.7623244929797193,13.77,13.2,15.68,14.75,12.78,14.216666666666669,1.298935461573579,-0.8660254037844386,0.5000000000000001
Cavite,2022-11-01,13.87,2022,11,2022-10-01,4290.206666666666,1324.0,3.2403373615307145,3215.5333333333333,854.6666666666666,3.7623244929797193,15.06,13.77,13.2,15.02,13.35,14.01,0.9529428104561319,-0.5000000000000004,0.8660254037844384
Cavite,2022-12-01,15.37,2022,12,2022-10-01,4290.206666666666,1324.0,3.2403373615307145,3215.5333333333333,854.6666666666666,3.7623244929797193,13.87,15.06,13.77,13.92,14.67,14.233333333333334,0.7176582287784106,-2.4492935982947064e-16,1.0
Cavite,2023-01-01,15.23,2023,1,2023-01-01,3901.3866666666668,1005.3333333333334,3.880689655172414,4290.206666666666,1324.0,3.2403373615307145,15.37,13.87,15.06,15.68,14.17,14.766666666666667,0.7918543637142935,0.49999999999999994,0.8660254037844387
Cavite,2023-02-01,17.57,2023,2,2023-01-01,3901.3866666666668,1005.3333333333334,3.880689655172414,4290.206666666666,1324.0,3.2403373615307145,15.23,15.37,13.87,13.2,15.82,14.823333333333332,0.828573070605948,0.8660254037844386,0.5000000000000001
Cavite,2023-03-01,15.68,2023,3,2023-01-01,3901.3866666666668,1005.3333333333334,3.880689655172414,4290.206666666666,1324.0,3.2403373615307145,17.57,15.23,15.37,13.77,14.97,16.05666666666667,1.3124531737678782,1.0,6.123233995736766e-17
Cavite,2023-04-01,16.93,2023,4,2023-04-01,3306.8933333333334,766.0,4.317093124456049,3901.3866666666668,1005.3333333333334,3.880689655172414,15.68,17.57,15.23,15.06,14.75,16.16,1.2416521251945103,0.8660254037844387,-0.4999999999999998
Cavite,2023-05-01,17.46,2023,5,2023-04-01,3306.8933333333334,766.0,4.317093124456049,3901.3866666666668,1005.3333333333334,3.880689655172414,16.93,15.68,17.57,13.87,15.02,16.726666666666667,0.9612665256490405,0.49999999999999994,-0.8660254037844387
Cavite,2023-06-01,17.77,2023,6,2023-04-01,3306.8933333333334,766.0,4.317093124456049,3901.3866666666668,1005.3333333333334,3.880689655172414,17.46,16.93,15.68,15.37,13.92,16.69,0.9139474820798205,1.2246467991473532e-16,-1.0
Cavite,2023-07-01,19.06,2023,7,2023-07-01,2799.5533333333333,796.6666666666666,3.5140836820083683,3306.8933333333334,766.0,4.317093124456049,17.77,17.46,16.93,15.23,15.68,17.386666666666667,0.42477444995359037,-0.4999999999999997,-0.8660254037844388
Cavite,2023-08-01,19.45,2023,8,2023-07-01,2799.5533333333333,796.6666666666666,3.5140836820083683,3306.8933333333334,766.0,4.317093124456049,19.06,17.77,17.46,17.57,13.2,18.096666666666668,0.8485477790515814,-0.8660254037844385,-0.5000000000000004
Cavite,2023-09-01,16.96,2023,9,2023-07-01,2799.5533333333333,796.6666666666666,3.5140836820083683,3306.8933333333334,766.0,4.317093124456049,19.45,19.06,17.77,15.68,13.77,18.76,0.8792610533851931,-1.0,-1.8369701987210297e-16
Cavite,2023-10-01,19.34,2023,10,2023-10-01,3973.2333333333336,1065.5600000000002,3.728774853910932,2799.5533333333333,796.6666666666666,3.5140836820083683,16.96,19.45,19.06,16.93,15.06,18.49,1.3392908571329962,-0.8660254037844386,0.5000000000000001
Cavite,2023-11-01,19.66,2023,11,2023-10-01,3973.2333333333336,1065.5600000000002,3.728774853910932,2799.5533333333333,796.6666666666666,3.5140836820083683,19.34,16.96,19.45,17.46,13.87,18.583333333333332,1.406923357306065,-0.5000000000000004,0.8660254037844384
Cavite,2023-12-01,21.99,2023,12,2023-10-01,3973.2333333333336,1065.5600000000002,3.728774853910932,2799.5533333333333,796.6666666666666,3.5140836820083683,19.66,19.34,16.96,17.77,15.37,18.653333333333332,1.475172306319967,-2.4492935982947064e-16,1.0
Cavite,2024-01-01,23.92,2024,1,2024-01-01,3024.4,784.6666666666666,3.8543755310110455,3973.2333333333336,1065.5600000000002,3.728774853910932,21.99,19.66,19.34,19.06,15.23,20.330000000000002,1.4464784823840413,0.49999999999999994,0.8660254037844387
Cavite,2024-02-01,23.97,2024,2,2024-01-01,3024.4,784.6666666666666,3.8543755310110455,3973.2333333333336,1065.5600000000002,3.728774853910932,23.92,21.99,19.66,19.45,17.57,21.856666666666666,2.13312759424592,0.8660254037844386,0.5000000000000001
Cavite,2024-03-01,21.75,2024,3,2024-01-01,3024.4,784.6666666666666,3.8543755310110455,3973.2333333333336,1065.5600000000002,3.728774853910932,23.97,23.92,21.99,16.96,15.68,23.293333333333333,1.1289966046598148,1.0,6.123233995736766e-17
Cavite,2024-04-01,21.62,2024,4,2024-04-01,2682.7000000000003,775.4466666666667,3.4595544933242777,3024.4,784.6666666666666,3.8543755310110455,21.75,23.97,23.92,19.34,16.93,23.213333333333335,1.2675304072618492,0.8660254037844387,-0.4999999999999998
Cavite,2024-05-01,21.7,2024,5,2024-04-01,2682.7000000000003,775.4466666666667,3.4595544933242777,3024.4,784.6666666666666,3.8543755310110455,21.62,21.75,23.97,19.66,17.46,22.44666666666667,1.3208456886909183,0.49999999999999994,-0.8660254037844387
Cavite,2024-06-01,20.97,2024,6,2024-04-01,2682.7000000000003,775.4466666666667,3.4595544933242777,3024.4,784.6666666666666,3.8543755310110455,21.7,21.62,21.75,21.99,17.77,21.689999999999998,0.06557438524342078,1.2246467991473532e-16,-1.0
Cavite,2024-07-01,15.88,2024,7,2024-07-01,2211.6066666666666,655.7533333333333,3.3726197858951026,2682.7000000000003,775.4466666666667,3.4595544933242777,20.97,21.7,21.62,23.92,19.06,21.429999999999996,0.40037482438341565,-0.4999999999999997,-0.8660254037844388
Cavite,2024-08-01,16.72,2024,8,2024-07-01,2211.6066666666666,655.7533333333333,3.3726197858951026,2682.7000000000003,775.4466666666667,3.4595544933242777,15.88,20.97,21.7,23.97,19.45,19.516666666666666,3.1705257187623244,-0.8660254037844385,-0.5000000000000004
Cavite,2024-09-01,16.65,2024,9,2024-07-01,2211.6066666666666,655.7533333333333,3.3726197858951026,2682.7000000000003,775.4466666666667,3.4595544933242777,16.72,15.88,20.97,21.75,16.96,17.856666666666666,2.728742078931854,-1.0,-1.8369701987210297e-16
Cavite,2024-10-01,15.71,2024,10,2024-10-01,2389.32,777.0866666666667,3.07471496100821,2211.6066666666666,655.7533333333333,3.3726197858951026,16.65,16.72,15.88,21.62,19.34,16.416666666666668,0.4660829682935448,-0.8660254037844386,0.5000000000000001
Cavite,2024-11-01,16.21,2024,11,2024-10-01,2389.32,777.0866666666667,3.07471496100821,2211.6066666666666,655.7533333333333,3.3726197858951026,15.71,16.65,16.72,21.7,19.66,16.36,0.5640035460881322,-0.5000000000000004,0.8660254037844384
Cavite,2024-12-01,17.74,2024,12,2024-10-01,2389.32,777.0866666666667,3.07471496100821,2211.6066666666666,655.7533333333333,3.3726197858951026,16.21,15.71,16.65,20.97,21.99,16.19,0.4703190406521791,-2.4492935982947064e-16,1.0
Cavite,2025-01-01,19.79,2025,1,2025-01-01,3530.706666666667,902.1933333333333,3.913470135743263,2389.32,777.0866666666667,3.07471496100821,17.74,16.21,15.71,15.88,23.92,16.55333333333333,1.0576546380238325,0.49999999999999994,0.8660254037844387
Cavite,2025-02-01,17.7,2025,2,2025-01-01,3530.706666666667,902.1933333333333,3.913470135743263,2389.32,777.0866666666667,3.07471496100821,19.79,17.74,16.21,16.72,23.97,17.91333333333333,1.7962831996468007,0.8660254037844386,0.5000000000000001
Cavite,2025-03-01,17.07,2025,3,2025-01-01,3530.706666666667,902.1933333333333,3.913470135743263,2389.32,777.0866666666667,3.07471496100821,17.7,19.79,17.74,16.65,21.75,18.41,1.1952823934117103,1.0,6.123233995736766e-17
Cavite,2025-04-01,14.82,2025,4,2025-04-01,4658.293333333333,1064.7133333333334,4.375162015440775,3530.706666666667,902.1933333333333,3.913470135743263,17.07,17.7,19.79,15.71,21.62,18.186666666666664,1.4238094441790146,0.8660254037844387,-0.4999999999999998
Cavite,2025-05-01,14.16,2025,5,2025-04-01,4658.293333333333,1064.7133333333334,4.375162015440775,3530.706666666667,902.1933333333333,3.913470135743263,14.82,17.07,17.7,16.21,21.7,16.529999999999998,1.5140343457134624,0.49999999999999994,-0.8660254037844387
Cavite,2025-06-01,12.37,2025,6,2025-04-01,4658.293333333333,1064.7133333333334,4.375162015440775,3530.706666666667,902.1933333333333,3.913470135743263,14.16,14.82,17.07,17.74,20.97,15.35,1.5256801761837153,1.2246467991473532e-16,-1.0
Cavite,2025-07-01,8.31,2025,7,2025-07-01,2080.4733333333334,648.46,3.20832947804542,4658.293333333333,1064.7133333333334,4.375162015440775,12.37,14.16,14.82,19.79,15.88,13.783333333333333,1.2676881845837642,-0.4999999999999997,-0.8660254037844388
Cavite,2025-08-01,11.6,2025,8,2025-07-01,2080.4733333333334,648.46,3.20832947804542,4658.293333333333,1064.7133333333334,4.375162015440775,8.31,12.37,14.16,17.7,16.72,11.613333333333335,2.9975045176501807,-0.8660254037844385,-0.5000000000000004
Cavite,2025-09-01,12.58,2025,9,2025-07-01,2080.4733333333334,648.46,3.20832947804542,4658.293333333333,1064.7133333333334,4.375162015440775,11.6,8.31,12.37,17.07,16.65,10.76,2.156409052104886,-1.0,-1.8369701987210297e-16
Cavite,2025-10-01,12.96,2025,10,2025-10-01,2508.38,790.5133333333333,3.173102709631716,2080.4733333333334,648.46,3.20832947804542,12.58,11.6,8.31,14.82,15.71,10.83,2.236716343213841,-0.8660254037844386,0.5000000000000001
Cavite,2025-11-01,13.07,2025,11,2025-10-01,2508.38,790.5133333333333,3.173102709631716,2080.4733333333334,648.46,3.20832947804542,12.96,12.58,11.6,14.16,16.21,12.38,0.7017121917138972,-0.5000000000000004,0.8660254037844384
Cavite,2025-12-01,13.49,2025,12,2025-10-01,2508.38,790.5133333333333,3.173102709631716,2080.4733333333334,648.46,3.20832947804542,13.07,12.96,12.58,12.37,17.74,12.87,0.25709920264350855,-2.4492935982947064e-16,1.0
Cavite,2026-01-01,17.02,2026,1,2026-01-01,2252.4333333333334,519.3333333333334,4.337163029525032,2508.38,790.5133333333333,3.173102709631716,13.49,13.07,12.96,8.31,19.79,13.173333333333334,0.27970222261052097,0.49999999999999994,0.8660254037844387
Cavite,2026-02-01,24.65,2026,2,2026-01-01,2252.4333333333334,519.3333333333334,4.337163029525032,2508.38,790.5133333333333,3.173102709631716,17.02,13.49,13.07,11.6,17.7,14.526666666666666,2.1694776637092357,0.8660254037844386,0.5000000000000001
Cavite,2026-03-01,24.64,2026,3,2026-01-01,2252.4333333333334,519.3333333333334,4.337163029525032,2508.38,790.5133333333333,3.173102709631716,24.65,17.02,13.49,12.58,17.07,18.386666666666667,5.704141770094195,1.0,6.123233995736766e-17
Cavite,2026-04-01,22.98,2026,4,2026-04-01,3812.4,913.3333333333334,4.174160583941606,2252.4333333333334,519.3333333333334,4.337163029525032,24.64,24.65,17.02,12.96,14.82,22.103333333333335,4.402298641997543,0.8660254037844387,-0.4999999999999998
Cavite,2026-05-01,20.16,2026,5,2026-04-01,3812.4,913.3333333333334,4.174160583941606,2252.4333333333334,519.3333333333334,4.337163029525032,22.98,24.64,24.65,13.07,14.16,24.09,0.9613012014972779,0.49999999999999994,-0.8660254037844387
Cavite,2026-06-01,16.79,2026,6,2026-04-01,3812.4,913.3333333333334,4.174160583941606,2252.4333333333334,519.3333333333334,4.337163029525032,20.16,22.98,24.64,13.49,12.37,22.593333333333334,2.2648914617114504,1.2246467991473532e-16,-1.0
Cavite,2026-07-01,20.52,2026,7,2026-07-01,,,,3812.4,913.3333333333334,4.174160583941606,16.79,20.16,22.98,17.02,8.31,19.976666666666667,3.099069752898989,-0.4999999999999997,-0.8660254037844388
Cavite,2026-08-01,,2026,8,2026-07-01,,,,3812.4,913.3333333333334,4.174160583941606,20.52,16.79,20.16,24.65,11.6,19.156666666666666,2.0574822801991246,-0.8660254037844385,-0.5000000000000004
Cavite,2026-09-01,,2026,9,2026-07-01,,,,3812.4,913.3333333333334,4.174160583941606,,20.52,16.79,24.64,12.58,18.654999999999998,2.637508293825841,-1.0,-1.8369701987210297e-16
Cavite,2026-10-01,,2026,10,2026-10-01,,,,,,,,,20.52,22.98,12.96,,,-0.8660254037844386,0.5000000000000001
Cavite,2026-11-01,,2026,11,2026-10-01,,,,,,,,,,20.16,13.07,,,-0.5000000000000004,0.8660254037844384
Cavite,2026-12-01,,2026,12,2026-10-01,,,,,,,,,,16.79,13.49,,,-2.4492935982947064e-16,1.0
Laguna,2010-01-01,15.14,2010,1,2010-01-01,6309.333333333333,2013.3333333333333,3.133774834437086,,,,,,,,,,,0.49999999999999994,0.8660254037844387
Laguna,2010-02-01,16.84,2010,2,2010-01-01,6309.333333333333,2013.3333333333333,3.133774834437086,,,,15.14,,,,,,,0.8660254037844386,0.5000000000000001
Laguna,2010-03-01,14.75,2010,3,2010-01-01,6309.333333333333,2013.3333333333333,3.133774834437086,,,,16.84,15.14,,,,15.99,1.2020815280171302,1.0,6.123233995736766e-17
Laguna,2010-04-01,13.72,2010,4,2010-04-01,30603.333333333332,6273.333333333333,4.878320935175346,6309.333333333333,2013.3333333333333,3.133774834437086,14.75,16.84,15.14,,,15.576666666666668,1.1113205358191365,0.8660254037844387,-0.4999999999999998
Laguna,2010-05-01,13.93,2010,5,2010-04-01,30603.333333333332,6273.333333333333,4.878320935175346,6309.333333333333,2013.3333333333333,3.133774834437086,13.72,14.75,16.84,,,15.103333333333333,1.589727439951053,0.49999999999999994,-0.8660254037844387
Laguna,2010-06-01,15.05,2010,6,2010-04-01,30603.333333333332,6273.333333333333,4.878320935175346,6309.333333333333,2013.3333333333333,3.133774834437086,13.93,13.72,14.75,,,14.133333333333333,0.544273215704507,1.2246467991473532e-16,-1.0
Laguna,2010-07-01,16.06,2010,7,2010-07-01,12092.666666666666,2680.6666666666665,4.511066898781397,30603.333333333332,6273.333333333333,4.878320935175346,15.05,13.93,13.72,15.14,,14.233333333333334,0.7150058274820749,-0.4999999999999997,-0.8660254037844388
Laguna,2010-08-01,15.07,2010,8,2010-07-01,12092.666666666666,2680.6666666666665,4.511066898781397,30603.333333333332,6273.333333333333,4.878320935175346,16.06,15.05,13.93,16.84,,15.013333333333334,1.0654732907648754,-0.8660254037844385,-0.5000000000000004
Laguna,2010-09-01,13.05,2010,9,2010-07-01,12092.666666666666,2680.6666666666665,4.511066898781397,30603.333333333332,6273.333333333333,4.878320935175346,15.07,16.06,15.05,14.75,,15.393333333333333,0.57743686523579,-1.0,-1.8369701987210297e-16
Laguna,2010-10-01,12.36,2010,10,2010-10-01,33079.333333333336,7791.333333333333,4.245657568238214,12092.666666666666,2680.6666666666665,4.511066898781397,13.05,15.07,16.06,13.72,,14.726666666666665,1.5340903928169716,-0.8660254037844386,0.5000000000000001
Laguna,2010-11-01,12.51,2010,11,2010-10-01,33079.333333333336,7791.333333333333,4.245657568238214,12092.666666666666,2680.6666666666665,4.511066898781397,12.36,13.05,15.07,13.93,,13.493333333333334,1.4083441814177842,-0.5000000000000004,0.8660254037844384
Laguna,2010-12-01,12.59,2010,12,2010-10-01,33079.333333333336,7791.333333333333,4.245657568238214,12092.666666666666,2680.6666666666665,4.511066898781397,12.51,12.36,13.05,15.05,,12.64,0.36290494623247005,-2.4492935982947064e-16,1.0
Laguna,2011-01-01,13.6,2011,1,2011-01-01,13022.0,3553.3333333333335,3.664727954971857,33079.333333333336,7791.333333333333,4.245657568238214,12.59,12.51,12.36,16.06,15.14,12.486666666666666,0.11676186592087494,0.49999999999999994,0.8660254037844387
Laguna,2011-02-01,14.3,2011,2,2011-01-01,13022.0,3553.3333333333335,3.664727954971857,33079.333333333336,7791.333333333333,4.245657568238214,13.6,12.59,12.51,15.07,16.84,12.9,0.6075360071633534,0.8660254037844386,0.5000000000000001
Laguna,2011-03-01,14.02,2011,3,2011-01-01,13022.0,3553.3333333333335,3.664727954971857,33079.333333333336,7791.333333333333,4.245657568238214,14.3,13.6,12.59,13.05,14.75,13.496666666666668,0.8596704795055621,1.0,6.123233995736766e-17
Laguna,2011-04-01,14.17,2011,4,2011-04-01,31565.333333333332,6608.0,4.77683615819209,13022.0,3553.3333333333335,3.664727954971857,14.02,14.3,13.6,12.36,13.72,13.973333333333334,0.35232560697928356,0.8660254037844387,-0.4999999999999998
Laguna,2011-05-01,14.0,2011,5,2011-04-01,31565.333333333332,6608.0,4.77683615819209,13022.0,3553.3333333333335,3.664727954971857,14.17,14.02,14.3,12.51,13.93,14.163333333333334,0.14011899704650946,0.49999999999999994,-0.8660254037844387
Laguna,2011-06-01,14.52,2011,6,2011-04-01,31565.333333333332,6608.0,4.77683615819209,13022.0,3553.3333333333335,3.664727954971857,14.0,14.17,14.02,12.59,15.05,14.063333333333333,0.0929157324317028,1.2246467991473532e-16,-1.0
Laguna,2011-07-01,14.92,2011,7,2011-07-01,11557.333333333334,2893.3333333333335,3.994470046082949,31565.333333333332,6608.0,4.77683615819209,14.52,14.0,14.17,13.6,16.06,14.229999999999999,0.26514147167123064,-0.4999999999999997,-0.8660254037844388
Laguna,2011-08-01,14.91,2011,8,2011-07-01,11557.333333333334,2893.3333333333335,3.994470046082949,31565.333333333332,6608.0,4.77683615819209,14.92,14.52,14.0,14.3,15.07,14.479999999999999,0.461302503786816,-0.8660254037844385,-0.5000000000000004
Laguna,2011-09-01,13.29,2011,9,2011-07-01,11557.333333333334,2893.3333333333335,3.994470046082949,31565.333333333332,6608.0,4.77683615819209,14.91,14.92,14.52,14.02,13.05,14.783333333333331,0.22810816147897559,-1.0,-1.8369701987210297e-16
Laguna,2011-10-01,13.32,2011,10,2011-10-01,27927.333333333332,7393.333333333333,3.7773669972948603,11557.333333333334,2893.3333333333335,3.994470046082949,13.29,14.91,14.92,14.17,12.36,14.373333333333335,0.9382075108062815,-0.8660254037844386,0.5000000000000001
Laguna,2011-11-01,14.12,2011,11,2011-10-01,27927.333333333332,7393.333333333333,3.7773669972948603,11557.333333333334,2893.3333333333335,3.994470046082949,13.32,13.29,14.91,14.0,12.51,13.839999999999998,0.9267685795278048,-0.5000000000000004,0.8660254037844384
Laguna,2011-12-01,13.94,2011,12,2011-10-01,27927.333333333332,7393.333333333333,3.7773669972948603,11557.333333333334,2893.3333333333335,3.994470046082949,14.12,13.32,13.29,14.52,12.59,13.576666666666666,0.4707794954469849,-2.4492935982947064e-16,1.0
Laguna,2012-01-01,14.14,2012,1,2012-01-01,14276.0,3293.3333333333335,4.334817813765182,27927.333333333332,7393.333333333333,3.7773669972948603,13.94,14.12,13.32,14.92,13.6,13.793333333333331,0.4196824196143051,0.49999999999999994,0.8660254037844387
Laguna,2012-02-01,15.21,2012,2,2012-01-01,14276.0,3293.3333333333335,4.334817813765182,27927.333333333332,7393.333333333333,3.7773669972948603,14.14,13.94,14.12,14.91,14.3,14.066666666666668,0.11015141094565326,0.8660254037844386,0.5000000000000001
Laguna,2012-03-01,14.06,2012,3,2012-01-01,14276.0,3293.3333333333335,4.334817813765182,27927.333333333332,7393.333333333333,3.7773669972948603,15.21,14.14,13.94,13.29,14.02,14.430000000000001,0.6828616258071515,1.0,6.123233995736766e-17
Laguna,2012-04-01,14.07,2012,4,2012-04-01,34496.666666666664,7457.333333333333,4.625871625245843,14276.0,3293.3333333333335,4.334817813765182,14.06,15.21,14.14,13.32,14.17,14.47,0.6421059102671349,0.8660254037844387,-0.4999999999999998
Laguna,2012-05-01,15.49,2012,5,2012-04-01,34496.666666666664,7457.333333333333,4.625871625245843,14276.0,3293.3333333333335,4.334817813765182,14.07,14.06,15.21,14.12,14.0,14.446666666666667,0.6610849668032993,0.49999999999999994,-0.8660254037844387
Laguna,2012-06-01,15.92,2012,6,2012-04-01,34496.666666666664,7457.333333333333,4.625871625245843,14276.0,3293.3333333333335,4.334817813765182,15.49,14.07,14.06,13.94,14.52,14.540000000000001,0.8227393268830566,1.2246467991473532e-16,-1.0
Laguna,2012-07-01,15.03,2012,7,2012-07-01,11867.333333333334,2951.3333333333335,4.021007454257963,34496.666666666664,7457.333333333333,4.625871625245843,15.92,15.49,14.07,14.14,14.92,15.159999999999998,0.9681425514871166,-0.4999999999999997,-0.8660254037844388
Laguna,2012-08-01,15.7,2012,8,2012-07-01,11867.333333333334,2951.3333333333335,4.021007454257963,34496.666666666664,7457.333333333333,4.625871625245843,15.03,15.92,15.49,15.21,14.91,15.479999999999999,0.44508426168534093,-0.8660254037844385,-0.5000000000000004
Laguna,2012-09-01,13.49,2012,9,2012-07-01,11867.333333333334,2951.3333333333335,4.021007454257963,34496.666666666664,7457.333333333333,4.625871625245843,15.7,15.03,15.92,14.06,13.29,15.549999999999999,0.4635730794599539,-1.0,-1.8369701987210297e-16
Laguna,2012-10-01,13.71,2012,10,2012-10-01,19995.333333333332,6228.0,3.210554485120959,11867.333333333334,2951.3333333333335,4.021007454257963,13.49,15.7,15.03,14.07,13.32,14.74,1.1331813623599658,-0.8660254037844386,0.5000000000000001
Laguna,2012-11-01,14.64,2012,11,2012-10-01,19995.333333333332,6228.0,3.210554485120959,11867.333333333334,2951.3333333333335,4.021007454257963,13.71,13.49,15.7,15.49,14.12,14.299999999999999,1.217415294794669,-0.5000000000000004,0.8660254037844384
Laguna,2012-12-01,14.95,2012,12,2012-10-01,19995.333333333332,6228.0,3.210554485120959,11867.333333333334,2951.3333333333335,4.021007454257963,14.64,13.71,13.49,15.92,13.94,13.946666666666667,0.6104370019365865,-2.4492935982947064e-16,1.0
Laguna,2013-01-01,15.03,2013,1,2013-01-01,14619.333333333334,3182.0,4.594385082757176,19995.333333333332,6228.0,3.210554485120959,14.95,14.64,13.71,15.03,14.14,14.433333333333332,0.6453164598344923,0.49999999999999994,0.8660254037844387
Laguna,2013-02-01,14.53,2013,2,2013-01-01,14619.333333333334,3182.0,4.594385082757176,19995.333333333332,6228.0,3.210554485120959,15.03,14.95,14.64,15.7,15.21,14.873333333333333,0.20599352740636726,0.8660254037844386,0.5000000000000001
Laguna,2013-03-01,14.42,2013,3,2013-01-01,14619.333333333334,3182.0,4.594385082757176,19995.333333333332,6228.0,3.210554485120959,14.53,15.03,14.95,13.49,14.06,14.836666666666666,0.26857649437975484,1.0,6.123233995736766e-17
Laguna,2013-04-01,13.86,2013,4,2013-04-01,34242.0,7255.333333333333,4.719562620600938,14619.333333333334,3182.0,4.594385082757176,14.42,14.53,15.03,13.71,14.07,14.660000000000002,0.3251153641401572,0.8660254037844387,-0.4999999999999998
Laguna,2013-05-01,14.71,2013,5,2013-04-01,34242.0,7255.333333333333,4.719562620600938,14619.333333333334,3182.0,4.594385082757176,13.86,14.42,14.53,14.64,15.49,14.270000000000001,0.3593048844644218,0.49999999999999994,-0.8660254037844387
Laguna,2013-06-01,15.03,2013,6,2013-04-01,34242.0,7255.333333333333,4.719562620600938,14619.333333333334,3182.0,4.594385082757176,14.71,13.86,14.42,14.95,15.92,14.329999999999998,0.4320879540093561,1.2246467991473532e-16,-1.0
Laguna,2013-07-01,15.7,2013,7,2013-07-01,9646.0,2249.3333333333335,4.288381742738589,34242.0,7255.333333333333,4.719562620600938,15.03,14.71,13.86,15.03,15.03,14.533333333333333,0.6046762219017069,-0.4999999999999997,-0.8660254037844388
Laguna,2013-08-01,15.25,2013,8,2013-07-01,9646.0,2249.3333333333335,4.288381742738589,34242.0,7255.333333333333,4.719562620600938,15.7,15.03,14.71,14.53,15.7,15.146666666666667,0.5052062285179344,-0.8660254037844385,-0.5000000000000004
Laguna,2013-09-01,15.92,2013,9,2013-07-01,9646.0,2249.3333333333335,4.288381742738589,34242.0,7255.333333333333,4.719562620600938,15.25,15.7,15.03,14.42,13.49,15.326666666666666,0.3415162270424554,-1.0,-1.8369701987210297e-16
Laguna,2013-10-01,15.39,2013,10,2013-10-01,27429.333333333332,7166.0,3.827704902781654,9646.0,2249.3333333333335,4.288381742738589,15.92,15.25,15.7,13.86,13.71,15.623333333333333,0.3415162270424507,-0.8660254037844386,0.5000000000000001
Laguna,2013-11-01,15.4,2013,11,2013-10-01,27429.333333333332,7166.0,3.827704902781654,9646.0,2249.3333333333335,4.288381742738589,15.39,15.92,15.25,14.71,14.64,15.520000000000001,0.3534119409414152,-0.5000000000000004,0.8660254037844384
Laguna,2013-12-01,15.45,2013,12,2013-10-01,27429.333333333332,7166.0,3.827704902781654,9646.0,2249.3333333333335,4.288381742738589,15.4,15.39,15.92,15.03,14.95,15.57,0.30315012782444595,-2.4492935982947064e-16,1.0
Laguna,2014-01-01,16.18,2014,1,2014-01-01,13007.333333333334,2638.6666666666665,4.929509853461345,27429.333333333332,7166.0,3.827704902781654,15.45,15.4,15.39,15.7,15.03,15.413333333333334,0.03214550253632982,0.49999999999999994,0.8660254037844387
Laguna,2014-02-01,17.5,2014,2,2014-01-01,13007.333333333334,2638.6666666666665,4.929509853461345,27429.333333333332,7166.0,3.827704902781654,16.18,15.45,15.4,15.25,14.53,15.676666666666668,0.43661577311557315,0.8660254037844386,0.5000000000000001
Laguna,2014-03-01,19.03,2014,3,2014-01-01,13007.333333333334,2638.6666666666665,4.929509853461345,27429.333333333332,7166.0,3.827704902781654,17.5,16.18,15.45,15.92,14.42,16.37666666666667,1.0390540569832252,1.0,6.123233995736766e-17
Laguna,2014-04-01,19.0,2014,4,2014-04-01,35809.333333333336,7228.0,4.9542519830289615,13007.333333333334,2638.6666666666665,4.929509853461345,19.03,17.5,16.18,15.39,13.86,17.57,1.426288890793146,0.8660254037844387,-0.4999999999999998
Laguna,2014-05-01,20.01,2014,5,2014-04-01,35809.333333333336,7228.0,4.9542519830289615,13007.333333333334,2638.6666666666665,4.929509853461345,19.0,19.03,17.5,15.4,14.71,18.51,0.8748142660016015,0.49999999999999994,-0.8660254037844387
Laguna,2014-06-01,20.03,2014,6,2014-04-01,35809.333333333336,7228.0,4.9542519830289615,13007.333333333334,2638.6666666666665,4.929509853461345,20.01,19.0,19.03,15.45,15.03,19.346666666666668,0.5746593193651615,1.2246467991473532e-16,-1.0
Laguna,2014-07-01,20.1,2014,7,2014-07-01,9170.666666666666,2890.0,3.173241061130334,35809.333333333336,7228.0,4.9542519830289615,20.03,20.01,19.0,16.18,15.7,19.680000000000003,0.5889821729049931,-0.4999999999999997,-0.8660254037844388
Laguna,2014-08-01,19.4,2014,8,2014-07-01,9170.666666666666,2890.0,3.173241061130334,35809.333333333336,7228.0,4.9542519830289615,20.1,20.03,20.01,17.5,15.25,20.046666666666667,0.04725815626120542,-0.8660254037844385,-0.5000000000000004
Laguna,2014-09-01,19.55,2014,9,2014-07-01,9170.666666666666,2890.0,3.173241061130334,35809.333333333336,7228.0,4.9542519830289615,19.4,20.1,20.03,19.03,15.92,19.843333333333334,0.3855299383098748,-1.0,-1.8369701987210297e-16
Laguna,2014-10-01,19.14,2014,10,2014-10-01,29282.0,7656.0,3.824712643678161,9170.666666666666,2890.0,3.173241061130334,19.55,19.4,20.1,19.0,15.39,19.683333333333334,0.36855573979144646,-0.8660254037844386,0.5000000000000001
Laguna,2014-11-01,18.53,2014,11,2014-10-01,29282.0,7656.0,3.824712643678161,9170.666666666666,2890.0,3.173241061130334,19.14,19.55,19.4,20.01,15.4,19.363333333333333,0.20744477176643833,-0.5000000000000004,0.8660254037844384
Laguna,2014-12-01,17.78,2014,12,2014-10-01,29282.0,7656.0,3.824712643678161,9170.666666666666,2890.0,3.173241061130334,18.53,19.14,19.55,20.03,15.45,19.073333333333334,0.5132575701665186,-2.4492935982947064e-16,1.0
Laguna,2015-01-01,17.16,2015,1,2015-01-01,10425.333333333334,2214.6666666666665,4.707405177603854,29282.0,7656.0,3.824712643678161,17.78,18.53,19.14,20.1,16.18,18.483333333333334,0.681199921706731,0.49999999999999994,0.8660254037844387
Laguna,2015-02-01,17.73,2015,2,2015-01-01,10425.333333333334,2214.6666666666665,4.707405177603854,29282.0,7656.0,3.824712643678161,17.16,17.78,18.53,19.4,17.5,17.823333333333334,0.6860272103446607,0.8660254037844386,0.5000000000000001
Laguna,2015-03-01,15.24,2015,3,2015-01-01,10425.333333333334,2214.6666666666665,4.707405177603854,29282.0,7656.0,3.824712643678161,17.73,17.16,17.78,19.55,19.03,17.55666666666667,0.34443189941305585,1.0,6.123233995736766e-17
Laguna,2015-04-01,13.89,2015,4,2015-04-01,38197.333333333336,8264.0,4.622136172959019,10425.333333333334,2214.6666666666665,4.707405177603854,15.24,17.73,17.16,19.14,19.0,16.71,1.3045688943095268,0.8660254037844387,-0.4999999999999998
Laguna,2015-05-01,14.78,2015,5,2015-04-01,38197.333333333336,8264.0,4.622136172959019,10425.333333333334,2214.6666666666665,4.707405177603854,13.89,15.24,17.73,18.53,20.01,15.62,1.9479989733056888,0.49999999999999994,-0.8660254037844387
Laguna,2015-06-01,15.13,2015,6,2015-04-01,38197.333333333336,8264.0,4.622136172959019,10425.333333333334,2214.6666666666665,4.707405177603854,14.78,13.89,15.24,17.78,20.03,14.636666666666665,0.6863186820518472,1.2246467991473532e-16,-1.0
Laguna,2015-07-01,15.12,2015,7,2015-07-01,11958.666666666666,2813.3333333333335,4.250710900473933,38197.333333333336,8264.0,4.622136172959019,15.13,14.78,13.89,17.16,20.1,14.6,0.6392964883370257,-0.4999999999999997,-0.8660254037844388
Laguna,2015-08-01,15.11,2015,8,2015-07-01,11958.666666666666,2813.3333333333335,4.250710900473933,38197.333333333336,8264.0,4.622136172959019,15.12,15.13,14.78,17.73,19.4,15.01,0.19924858845181373,-0.8660254037844385,-0.5000000000000004
Laguna,2015-09-01,15.14,2015,9,2015-07-01,11958.666666666666,2813.3333333333335,4.250710900473933,38197.333333333336,8264.0,4.622136172959019,15.11,15.12,15.13,15.24,19.55,15.12,0.010000000001828683,-1.0,-1.8369701987210297e-16
Laguna,2015-10-01,13.96,2015,10,2015-10-01,28177.333333333332,7607.333333333333,3.703969853649987,11958.666666666666,2813.3333333333335,4.250710900473933,15.14,15.11,15.12,13.89,19.14,15.123333333333333,0.015275252317713286,-0.8660254037844386,0.5000000000000001
Laguna,2015-11-01,15.35,2015,11,2015-10-01,28177.333333333332,7607.333333333333,3.703969853649987,11958.666666666666,2813.3333333333335,4.250710900473933,13.96,15.14,15.11,14.78,18.53,14.736666666666666,0.6727803009403449,-0.5000000000000004,0.8660254037844384
Laguna,2015-12-01,15.07,2015,12,2015-10-01,28177.333333333332,7607.333333333333,3.703969853649987,11958.666666666666,2813.3333333333335,4.250710900473933,15.35,13.96,15.14,15.13,17.78,14.816666666666668,0.7492885514495592,-2.4492935982947064e-16,1.0
Laguna,2016-01-01,15.22,2016,1,2016-01-01,14098.666666666666,3004.0,4.693297825122059,28177.333333333332,7607.333333333333,3.703969853649987,15.07,15.35,13.96,15.12,17.16,14.793333333333335,0.7351417096950624,0.49999999999999994,0.8660254037844387
Laguna,2016-02-01,14.97,2016,2,2016-01-01,14098.666666666666,3004.0,4.693297825122059,28177.333333333332,7607.333333333333,3.703969853649987,15.22,15.07,15.35,15.11,17.73,15.213333333333333,0.1401189970466799,0.8660254037844386,0.5000000000000001
Laguna,2016-03-01,15.72,2016,3,2016-01-01,14098.666666666666,3004.0,4.693297825122059,28177.333333333332,7607.333333333333,3.703969853649987,14.97,15.22,15.07,15.14,15.24,15.086666666666666,0.12583057392133026,1.0,6.123233995736766e-17
Laguna,2016-04-01,15.14,2016,4,2016-04-01,35744.666666666664,7616.666666666667,4.692954048140043,14098.666666666666,3004.0,4.693297825122059,15.72,14.97,15.22,13.96,13.89,15.303333333333333,0.3818813079130284,0.8660254037844387,-0.4999999999999998
Laguna,2016-05-01,15.77,2016,5,2016-04-01,35744.666666666664,7616.666666666667,4.692954048140043,14098.666666666666,3004.0,4.693297825122059,15.14,15.72,14.97,15.35,14.78,15.276666666666666,0.39323445084753944,0.49999999999999994,-0.8660254037844387
Laguna,2016-06-01,16.08,2016,6,2016-04-01,35744.666666666664,7616.666666666667,4.692954048140043,14098.666666666666,3004.0,4.693297825122059,15.77,15.14,15.72,15.07,15.13,15.543333333333335,0.3501904243884442,1.2246467991473532e-16,-1.0
Laguna,2016-07-01,16.06,2016,7,2016-07-01,11154.666666666666,2616.6666666666665,4.262929936305732,35744.666666666664,7616.666666666667,4.692954048140043,16.08,15.77,15.14,15.22,15.12,15.663333333333332,0.4789919971495921,-0.4999999999999997,-0.8660254037844388
Laguna,2016-08-01,13.32,2016,8,2016-07-01,11154.666666666666,2616.6666666666665,4.262929936305732,35744.666666666664,7616.666666666667,4.692954048140043,16.06,16.08,15.77,14.97,15.11,15.969999999999999,0.17349351572901706,-0.8660254037844385,-0.5000000000000004
Laguna,2016-09-01,16.19,2016,9,2016-07-01,11154.666666666666,2616.6666666666665,4.262929936305732,35744.666666666664,7616.666666666667,4.692954048140043,13.32,16.06,16.08,15.72,15.14,15.153333333333334,1.5877447317920366,-1.0,-1.8369701987210297e-16
Laguna,2016-10-01,16.19,2016,10,2016-10-01,26207.333333333332,7603.333333333333,3.446821569487067,11154.666666666666,2616.6666666666665,4.262929936305732,16.19,13.32,16.06,15.14,13.96,15.19,1.6207714212682907,-0.8660254037844386,0.5000000000000001
Laguna,2016-11-01,14.81,2016,11,2016-10-01,26207.333333333332,7603.333333333333,3.446821569487067,11154.666666666666,2616.6666666666665,4.262929936305732,16.19,16.19,13.32,15.77,15.35,15.233333333333334,1.6569952725742367,-0.5000000000000004,0.8660254037844384
Laguna,2016-12-01,14.33,2016,12,2016-10-01,26207.333333333332,7603.333333333333,3.446821569487067,11154.666666666666,2616.6666666666665,4.262929936305732,14.81,16.19,16.19,16.08,15.07,15.730000000000002,0.7967433714816838,-2.4492935982947064e-16,1.0
Laguna,2017-01-01,17.4,2017,1,2017-01-01,11145.333333333334,2621.3333333333335,4.251780264496439,26207.333333333332,7603.333333333333,3.446821569487067,14.33,14.81,16.19,16.06,15.22,15.11,0.9656086163658645,0.49999999999999994,0.8660254037844387
Laguna,2017-02-01,17.37,2017,2,2017-01-01,11145.333333333334,2621.3333333333335,4.251780264496439,26207.333333333332,7603.333333333333,3.446821569487067,17.4,14.33,14.81,13.32,14.97,15.513333333333334,1.651433720539014,0.8660254037844386,0.5000000000000001
Laguna,2017-03-01,16.81,2017,3,2017-01-01,11145.333333333334,2621.3333333333335,4.251780264496439,26207.333333333332,7603.333333333333,3.446821569487067,17.37,17.4,14.33,16.19,15.72,16.366666666666664,1.763868853779479,1.0,6.123233995736766e-17
Laguna,2017-04-01,16.69,2017,4,2017-04-01,37446.666666666664,7764.0,4.823115232697922,11145.333333333334,2621.3333333333335,4.251780264496439,16.81,17.37,17.4,16.19,15.14,17.19333333333333,0.33231511150312276,0.8660254037844387,-0.4999999999999998
Laguna,2017-05-01,17.07,2017,5,2017-04-01,37446.666666666664,7764.0,4.823115232697922,11145.333333333334,2621.3333333333335,4.251780264496439,16.69,16.81,17.37,14.81,15.77,16.956666666666667,0.3629508690351006,0.49999999999999994,-0.8660254037844387
Laguna,2017-06-01,17.39,2017,6,2017-04-01,37446.666666666664,7764.0,4.823115232697922,11145.333333333334,2621.3333333333335,4.251780264496439,17.07,16.69,16.81,14.33,16.08,16.856666666666666,0.1942506971244511,1.2246467991473532e-16,-1.0
Laguna,2017-07-01,14.56,2017,7,2017-07-01,11654.0,2692.0,4.329123328380386,37446.666666666664,7764.0,4.823115232697922,17.39,17.07,16.69,17.4,16.06,17.05,0.3504283093587018,-0.4999999999999997,-0.8660254037844388
Laguna,2017-08-01,16.78,2017,8,2017-07-01,11654.0,2692.0,4.329123328380386,37446.666666666664,7764.0,4.823115232697922,14.56,17.39,17.07,17.37,13.32,16.34,1.5498064395272115,-0.8660254037844385,-0.5000000000000004
Laguna,2017-09-01,17.48,2017,9,2017-07-01,11654.0,2692.0,4.329123328380386,37446.666666666664,7764.0,4.823115232697922,16.78,14.56,17.39,16.81,16.19,16.243333333333336,1.4893734700649628,-1.0,-1.8369701987210297e-16
Laguna,2017-10-01,16.36,2017,10,2017-10-01,25992.666666666668,7331.333333333333,3.545421478585069,11654.0,2692.0,4.329123328380386,17.48,16.78,14.56,16.69,16.19,16.273333333333333,1.5245108505134841,-0.8660254037844386,0.5000000000000001
Laguna,2017-11-01,14.56,2017,11,2017-10-01,25992.666666666668,7331.333333333333,3.545421478585069,11654.0,2692.0,4.329123328380386,16.36,17.48,16.78,17.07,14.81,16.87333333333333,0.5658032638058348,-0.5000000000000004,0.8660254037844384
Laguna,2017-12-01,16.38,2017,12,2017-10-01,25992.666666666668,7331.333333333333,3.545421478585069,11654.0,2692.0,4.329123328380386,14.56,16.36,17.48,17.39,14.33,16.133333333333333,1.4731372418526891,-2.4492935982947064e-16,1.0
Laguna,2018-01-01,16.96,2018,1,2018-01-01,15332.666666666666,3081.3333333333335,4.975984422327996,25992.666666666668,7331.333333333333,3.545421478585069,16.38,14.56,16.36,14.56,17.4,15.766666666666666,1.045051832845316,0.49999999999999994,0.8660254037844387
Laguna,2018-02-01,18.4,2018,2,2018-01-01,15332.666666666666,3081.3333333333335,4.975984422327996,25992.666666666668,7331.333333333333,3.545421478585069,16.96,16.38,14.56,16.78,17.37,15.966666666666663,1.2522513059818907,0.8660254037844386,0.5000000000000001
Laguna,2018-03-01,19.73,2018,3,2018-01-01,15332.666666666666,3081.3333333333335,4.975984422327996,25992.666666666668,7331.333333333333,3.545421478585069,18.4,16.96,16.38,17.48,16.81,17.246666666666666,1.040064100588673,1.0,6.123233995736766e-17
Laguna,2018-04-01,19.6,2018,4,2018-04-01,39148.666666666664,7805.333333333333,5.015630338230269,15332.666666666666,3081.3333333333335,4.975984422327996,19.73,18.4,16.96,16.36,16.69,18.363333333333333,1.3853639714289172,0.8660254037844387,-0.4999999999999998
Laguna,2018-05-01,19.21,2018,5,2018-04-01,39148.666666666664,7805.333333333333,5.015630338230269,15332.666666666666,3081.3333333333335,4.975984422327996,19.6,19.73,18.4,14.56,17.07,19.243333333333332,0.7332348418707909,0.49999999999999994,-0.8660254037844387
Laguna,2018-06-01,16.39,2018,6,2018-04-01,39148.666666666664,7805.333333333333,5.015630338230269,15332.666666666666,3081.3333333333335,4.975984422327996,19.21,19.6,19.73,16.38,17.39,19.513333333333332,0.27061657993048804,1.2246467991473532e-16,-1.0
Laguna,2018-07-01,17.08,2018,7,2018-07-01,5090.333333333333,1200.0,4.241944444444444,39148.666666666664,7805.333333333333,5.015630338230269,16.39,19.21,19.6,16.96,14.56,18.400000000000002,1.751599269239392,-0.4999999999999997,-0.8660254037844388
Laguna,2018-08-01,21.66,2018,8,2018-07-01,5090.333333333333,1200.0,4.241944444444444,39148.666666666664,7805.333333333333,5.015630338230269,17.08,16.39,19.21,18.4,16.78,17.56,1.4699999999999969,-0.8660254037844385,-0.5000000000000004
Laguna,2018-09-01,21.55,2018,9,2018-07-01,5090.333333333333,1200.0,4.241944444444444,39148.666666666664,7805.333333333333,5.015630338230269,21.66,17.08,16.39,19.73,17.48,18.376666666666665,2.864303289341635,-1.0,-1.8369701987210297e-16
Laguna,2018-10-01,18.42,2018,10,2018-10-01,27985.533333333336,6362.0,4.398857801529918,5090.333333333333,1200.0,4.241944444444444,21.55,21.66,17.08,19.6,16.36,20.096666666666668,2.613088849108137,-0.8660254037844386,0.5000000000000001
Laguna,2018-11-01,18.36,2018,11,2018-10-01,27985.533333333336,6362.0,4.398857801529918,5090.333333333333,1200.0,4.241944444444444,18.42,21.55,21.66,19.21,14.56,20.543333333333333,1.8396829436979825,-0.5000000000000004,0.8660254037844384
Laguna,2018-12-01,18.92,2018,12,2018-10-01,27985.533333333336,6362.0,4.398857801529918,5090.333333333333,1200.0,4.241944444444444,18.36,18.42,21.55,16.39,16.38,19.44333333333333,1.8246734867732626,-2.4492935982947064e-16,1.0
Laguna,2019-01-01,18.24,2019,1,2019-01-01,15711.333333333334,2860.3933333333334,5.492717784733568,27985.533333333336,6362.0,4.398857801529918,18.92,18.36,18.42,17.08,16.96,18.566666666666666,0.3074627348692982,0.49999999999999994,0.8660254037844387
Laguna,2019-02-01,18.92,2019,2,2019-01-01,15711.333333333334,2860.3933333333334,5.492717784733568,27985.533333333336,6362.0,4.398857801529918,18.24,18.92,18.36,21.66,18.4,18.506666666666664,0.3629508690350663,0.8660254037844386,0.5000000000000001
Laguna,2019-03-01,17.29,2019,3,2019-01-01,15711.333333333334,2860.3933333333334,5.492717784733568,27985.533333333336,6362.0,4.398857801529918,18.92,18.24,18.92,21.55,19.73,18.69333333333333,0.39259818304891303,1.0,6.123233995736766e-17
Laguna,2019-04-01,16.17,2019,4,2019-04-01,42790.44666666666,9020.38,4.743752110960588,15711.333333333334,2860.3933333333334,5.492717784733568,17.29,18.92,18.24,18.42,19.6,18.150000000000002,0.8187185108448325,0.8660254037844387,-0.4999999999999998
Laguna,2019-05-01,15.43,2019,5,2019-04-01,42790.44666666666,9020.38,4.743752110960588,15711.333333333334,2860.3933333333334,5.492717784733568,16.17,17.29,18.92,18.36,19.21,17.459999999999997,1.382859356550761,0.49999999999999994,-0.8660254037844387
Laguna,2019-06-01,16.14,2019,6,2019-04-01,42790.44666666666,9020.38,4.743752110960588,15711.333333333334,2860.3933333333334,5.492717784733568,15.43,16.17,17.29,18.92,16.39,16.296666666666667,0.9364471866225703,1.2246467991473532e-16,-1.0
Laguna,2019-07-01,13.86,2019,7,2019-07-01,6543.453333333334,1532.38,4.270124468691404,42790.44666666666,9020.38,4.743752110960588,16.14,15.43,16.17,18.24,17.08,15.913333333333332,0.41884762543594856,-0.4999999999999997,-0.8660254037844388
Laguna,2019-08-01,11.98,2019,8,2019-07-01,6543.453333333334,1532.38,4.270124468691404,42790.44666666666,9020.38,4.743752110960588,13.86,16.14,15.43,18.92,21.66,15.14333333333333,1.1667190464432047,-0.8660254037844385,-0.5000000000000004
Laguna,2019-09-01,13.85,2019,9,2019-07-01,6543.453333333334,1532.38,4.270124468691404,42790.44666666666,9020.38,4.743752110960588,11.98,13.86,16.14,17.29,21.55,13.993333333333332,2.0832026625687066,-1.0,-1.8369701987210297e-16
Laguna,2019-10-01,14.92,2019,10,2019-10-01,34651.543333333335,7035.486666666667,4.925251794948087,6543.453333333334,1532.38,4.270124468691404,13.85,11.98,13.86,16.17,18.42,13.229999999999999,1.0825433016743575,-0.8660254037844386,0.5000000000000001
Laguna,2019-11-01,12.87,2019,11,2019-10-01,34651.543333333335,7035.486666666667,4.925251794948087,6543.453333333334,1532.38,4.270124468691404,14.92,13.85,11.98,15.43,18.36,13.583333333333334,1.488030017618378,-0.5000000000000004,0.8660254037844384
Laguna,2019-12-01,12.87,2019,12,2019-10-01,34651.543333333335,7035.486666666667,4.925251794948087,6543.453333333334,1532.38,4.270124468691404,12.87,14.92,13.85,16.14,18.92,13.879999999999997,1.0253292154230353,-2.4492935982947064e-16,1.0
Laguna,2020-01-01,12.47,2020,1,2020-01-01,16929.246666666666,2899.3333333333335,5.839013566337089,34651.543333333335,7035.486666666667,4.925251794948087,12.87,12.87,14.92,13.86,18.24,13.553333333333333,1.1835680518387408,0.49999999999999994,0.8660254037844387
Laguna,2020-02-01,14.23,2020,2,2020-01-01,16929.246666666666,2899.3333333333335,5.839013566337089,34651.543333333335,7035.486666666667,4.925251794948087,12.47,12.87,12.87,11.98,18.92,12.736666666666665,0.2309401076758495,0.8660254037844386,0.5000000000000001
Laguna,2020-03-01,16.64,2020,3,2020-01-01,16929.246666666666,2899.3333333333335,5.839013566337089,34651.543333333335,7035.486666666667,4.925251794948087,14.23,12.47,12.87,13.85,17.29,13.19,0.922605007573664,1.0,6.123233995736766e-17
Laguna,2020-04-01,20.08,2020,4,2020-04-01,40096.62666666667,8255.74,4.856818003796954,16929.246666666666,2899.3333333333335,5.839013566337089,16.64,14.23,12.47,14.92,16.17,14.446666666666667,2.093426218746038,0.8660254037844387,-0.4999999999999998
Laguna,2020-05-01,17.57,2020,5,2020-04-01,40096.62666666667,8255.74,4.856818003796954,16929.246666666666,2899.3333333333335,5.839013566337089,20.08,16.64,14.23,12.87,15.43,16.983333333333334,2.9400736952214865,0.49999999999999994,-0.8660254037844387
Laguna,2020-06-01,17.53,2020,6,2020-04-01,40096.62666666667,8255.74,4.856818003796954,16929.246666666666,2899.3333333333335,5.839013566337089,17.57,20.08,16.64,12.87,16.14,18.096666666666664,1.7794474797906585,1.2246467991473532e-16,-1.0
Laguna,2020-07-01,15.59,2020,7,2020-07-01,7743.333333333333,1585.6866666666667,4.88326823710443,40096.62666666667,8255.74,4.856818003796954,17.53,17.57,20.08,12.47,13.86,18.39333333333333,1.4608330956455378,-0.4999999999999997,-0.8660254037844388
Laguna,2020-08-01,17.87,2020,8,2020-07-01,7743.333333333333,1585.6866666666667,4.88326823710443,40096.62666666667,8255.74,4.856818003796954,15.59,17.53,17.57,14.23,11.98,16.896666666666665,1.1317832536900951,-0.8660254037844385,-0.5000000000000004
Laguna,2020-09-01,13.75,2020,9,2020-07-01,7743.333333333333,1585.6866666666667,4.88326823710443,40096.62666666667,8255.74,4.856818003796954,17.87,15.59,17.53,16.64,13.85,16.996666666666666,1.2300135500608673,-1.0,-1.8369701987210297e-16
Laguna,2020-10-01,13.31,2020,10,2020-10-01,21448.56,6178.073333333334,3.4717231154049104,7743.333333333333,1585.6866666666667,4.88326823710443,13.75,17.87,15.59,20.08,14.92,15.736666666666665,2.0639121428329616,-0.8660254037844386,0.5000000000000001
Laguna,2020-11-01,13.1,2020,11,2020-10-01,21448.56,6178.073333333334,3.4717231154049104,7743.333333333333,1585.6866666666667,4.88326823710443,13.31,13.75,17.87,17.57,12.87,14.976666666666667,2.515339605964442,-0.5000000000000004,0.8660254037844384
Laguna,2020-12-01,13.61,2020,12,2020-10-01,21448.56,6178.073333333334,3.4717231154049104,7743.333333333333,1585.6866666666667,4.88326823710443,13.1,13.31,13.75,17.53,12.87,13.386666666666665,0.33171272711997013,-2.4492935982947064e-16,1.0
Laguna,2021-01-01,15.53,2021,1,2021-01-01,15468.203333333333,3042.0,5.0848794652640805,21448.56,6178.073333333334,3.4717231154049104,13.61,13.1,13.31,15.59,12.47,13.339999999999998,0.2563201123595938,0.49999999999999994,0.8660254037844387
Laguna,2021-02-01,18.66,2021,2,2021-01-01,15468.203333333333,3042.0,5.0848794652640805,21448.56,6178.073333333334,3.4717231154049104,15.53,13.61,13.1,17.87,14.23,14.079999999999998,1.2813664581219648,0.8660254037844386,0.5000000000000001
Laguna,2021-03-01,17.14,2021,3,2021-01-01,15468.203333333333,3042.0,5.0848794652640805,21448.56,6178.073333333334,3.4717231154049104,18.66,15.53,13.61,13.75,16.64,15.933333333333332,2.549045573020096,1.0,6.123233995736766e-17
Laguna,2021-04-01,17.07,2021,4,2021-04-01,34310.30333333334,7765.333333333333,4.418394144917583,15468.203333333333,3042.0,5.0848794652640805,17.14,18.66,15.53,13.31,20.08,17.11,1.565215640095641,0.8660254037844387,-0.4999999999999998
Laguna,2021-05-01,16.24,2021,5,2021-04-01,34310.30333333334,7765.333333333333,4.418394144917583,15468.203333333333,3042.0,5.0848794652640805,17.07,17.14,18.66,13.1,17.57,17.62333333333333,0.8984616482261971,0.49999999999999994,-0.8660254037844387
Laguna,2021-06-01,14.8,2021,6,2021-04-01,34310.30333333334,7765.333333333333,4.418394144917583,15468.203333333333,3042.0,5.0848794652640805,16.24,17.07,17.14,13.61,17.53,16.816666666666666,0.500632932729507,1.2246467991473532e-16,-1.0
Laguna,2021-07-01,13.66,2021,7,2021-07-01,5675.506666666667,1254.0,4.5259223817118555,34310.30333333334,7765.333333333333,4.418394144917583,14.8,16.24,17.07,15.53,15.59,16.036666666666665,1.1485788320064725,-0.4999999999999997,-0.8660254037844388
Laguna,2021-08-01,16.03,2021,8,2021-07-01,5675.506666666667,1254.0,4.5259223817118555,34310.30333333334,7765.333333333333,4.418394144917583,13.66,14.8,16.24,18.66,17.87,14.899999999999999,1.2929037087115287,-0.8660254037844385,-0.5000000000000004
Laguna,2021-09-01,14.21,2021,9,2021-07-01,5675.506666666667,1254.0,4.5259223817118555,34310.30333333334,7765.333333333333,4.418394144917583,16.03,13.66,14.8,17.14,13.75,14.829999999999998,1.185284775908317,-1.0,-1.8369701987210297e-16
Laguna,2021-10-01,14.51,2021,10,2021-10-01,24695.333333333332,6850.666666666667,3.6048073180225764,5675.506666666667,1254.0,4.5259223817118555,14.21,16.03,13.66,17.07,13.31,14.633333333333333,1.2404165966857121,-0.8660254037844386,0.5000000000000001
Laguna,2021-11-01,14.51,2021,11,2021-10-01,24695.333333333332,6850.666666666667,3.6048073180225764,5675.506666666667,1254.0,4.5259223817118555,14.51,14.21,16.03,16.24,13.1,14.916666666666666,0.975773197691636,-0.5000000000000004,0.8660254037844384
Laguna,2021-12-01,14.16,2021,12,2021-10-01,24695.333333333332,6850.666666666667,3.6048073180225764,5675.506666666667,1254.0,4.5259223817118555,14.51,14.51,14.21,14.8,13.61,14.409999999999998,0.17320508075698163,-2.4492935982947064e-16,1.0
Laguna,2022-01-01,14.66,2022,1,2022-01-01,16670.666666666668,3054.0,5.458633486138398,24695.333333333332,6850.666666666667,3.6048073180225764,14.16,14.51,14.51,13.66,15.53,14.39333333333333,0.20207259421645,0.49999999999999994,0.8660254037844387
Laguna,2022-02-01,17.17,2022,2,2022-01-01,16670.666666666668,3054.0,5.458633486138398,24695.333333333332,6850.666666666667,3.6048073180225764,14.66,14.16,14.51,16.03,18.66,14.443333333333333,0.25658007197240706,0.8660254037844386,0.5000000000000001
Laguna,2022-03-01,16.29,2022,3,2022-01-01,16670.666666666668,3054.0,5.458633486138398,24695.333333333332,6850.666666666667,3.6048073180225764,17.17,14.66,14.16,14.21,17.14,15.329999999999998,1.6129786111415199,1.0,6.123233995736766e-17
Laguna,2022-04-01,14.86,2022,4,2022-04-01,38614.0,8356.666666666666,4.6207419226166735,16670.666666666668,3054.0,5.458633486138398,16.29,17.17,14.66,14.51,17.07,16.04,1.2735383779062248,0.8660254037844387,-0.4999999999999998
Laguna,2022-05-01,15.03,2022,5,2022-04-01,38614.0,8356.666666666666,4.6207419226166735,16670.666666666668,3054.0,5.458633486138398,14.86,16.29,17.17,14.51,16.24,16.106666666666666,1.1658616270095488,0.49999999999999994,-0.8660254037844387
Laguna,2022-06-01,14.99,2022,6,2022-04-01,38614.0,8356.666666666666,4.6207419226166735,16670.666666666668,3054.0,5.458633486138398,15.03,14.86,16.29,14.16,14.8,15.39333333333333,0.7811743296687074,1.2246467991473532e-16,-1.0
Laguna,2022-07-01,15.46,2022,7,2022-07-01,4476.0,1194.0,3.748743718592965,38614.0,8356.666666666666,4.6207419226166735,14.99,15.03,14.86,14.66,13.66,14.959999999999999,0.08888194417328826,-0.4999999999999997,-0.8660254037844388
Laguna,2022-08-01,15.88,2022,8,2022-07-01,4476.0,1194.0,3.748743718592965,38614.0,8356.666666666666,4.6207419226166735,15.46,14.99,15.03,17.17,16.03,15.159999999999998,0.2605762844159517,-0.8660254037844385,-0.5000000000000004
Laguna,2022-09-01,16.11,2022,9,2022-07-01,4476.0,1194.0,3.748743718592965,38614.0,8356.666666666666,4.6207419226166735,15.88,15.46,14.99,16.29,14.21,15.443333333333333,0.44523402086246167,-1.0,-1.8369701987210297e-16
Laguna,2022-10-01,15.72,2022,10,2022-10-01,25860.25,6942.0,3.725187265917603,4476.0,1194.0,3.748743718592965,16.11,15.88,15.46,14.86,14.51,15.816666666666668,0.32959571194624676,-0.8660254037844386,0.5000000000000001
Laguna,2022-11-01,14.76,2022,11,2022-10-01,25860.25,6942.0,3.725187265917603,4476.0,1194.0,3.748743718592965,15.72,16.11,15.88,15.03,14.51,15.903333333333334,0.19604421270048533,-0.5000000000000004,0.8660254037844384
Laguna,2022-12-01,14.99,2022,12,2022-10-01,25860.25,6942.0,3.725187265917603,4476.0,1194.0,3.748743718592965,14.76,15.72,16.11,14.99,14.16,15.53,0.6947661477072851,-2.4492935982947064e-16,1.0
Laguna,2023-01-01,16.02,2023,1,2023-01-01,14049.586666666664,3080.6666666666665,4.5605669768448385,25860.25,6942.0,3.725187265917603,14.99,14.76,15.72,15.46,14.66,15.156666666666666,0.50123181596279,0.49999999999999994,0.8660254037844387
Laguna,2023-02-01,16.25,2023,2,2023-01-01,14049.586666666664,3080.6666666666665,4.5605669768448385,25860.25,6942.0,3.725187265917603,16.02,14.99,14.76,15.88,17.17,15.256666666666666,0.6709942871093278,0.8660254037844386,0.5000000000000001
Laguna,2023-03-01,17.95,2023,3,2023-01-01,14049.586666666664,3080.6666666666665,4.5605669768448385,25860.25,6942.0,3.725187265917603,16.25,16.02,14.99,16.11,16.29,15.75333333333333,0.6709942871093258,1.0,6.123233995736766e-17
Laguna,2023-04-01,17.69,2023,4,2023-04-01,49580.03333333333,8524.833333333334,5.815953391073139,14049.586666666664,3080.6666666666665,4.5605669768448385,17.95,16.25,16.02,15.72,14.86,16.74,1.0541821474489168,0.8660254037844387,-0.4999999999999998
Laguna,2023-05-01,17.53,2023,5,2023-04-01,49580.03333333333,8524.833333333334,5.815953391073139,14049.586666666664,3080.6666666666665,4.5605669768448385,17.69,17.95,16.25,14.76,15.03,17.296666666666667,0.915714657157644,0.49999999999999994,-0.8660254037844387
Laguna,2023-06-01,18.13,2023,6,2023-04-01,49580.03333333333,8524.833333333334,5.815953391073139,14049.586666666664,3080.6666666666665,4.5605669768448385,17.53,17.69,17.95,14.99,14.99,17.723333333333333,0.2119748412744798,1.2246467991473532e-16,-1.0
Laguna,2023-07-01,18.31,2023,7,2023-07-01,4149.599999999999,1274.0,3.2571428571428567,49580.03333333333,8524.833333333334,5.815953391073139,18.13,17.53,17.69,16.02,15.46,17.78333333333333,0.3106981386061737,-0.4999999999999997,-0.8660254037844388
Laguna,2023-08-01,22.34,2023,8,2023-07-01,4149.599999999999,1274.0,3.2571428571428567,49580.03333333333,8524.833333333334,5.815953391073139,18.31,18.13,17.53,16.25,15.88,17.99,0.4084115571332529,-0.8660254037844385,-0.5000000000000004
Laguna,2023-09-01,20.01,2023,9,2023-07-01,4149.599999999999,1274.0,3.2571428571428567,49580.03333333333,8524.833333333334,5.815953391073139,22.34,18.31,18.13,17.95,16.11,19.59333333333333,2.3803851229020365,-1.0,-1.8369701987210297e-16
Laguna,2023-10-01,19.22,2023,10,2023-10-01,29724.346666666668,7564.0,3.929712674070157,4149.599999999999,1274.0,3.2571428571428567,20.01,22.34,18.31,17.69,15.72,20.22,2.0231905496022873,-0.8660254037844386,0.5000000000000001
Laguna,2023-11-01,20.54,2023,11,2023-10-01,29724.346666666668,7564.0,3.929712674070157,4149.599999999999,1274.0,3.2571428571428567,19.22,20.01,22.34,17.53,14.76,20.52333333333333,1.6221076824099367,-0.5000000000000004,0.8660254037844384
Laguna,2023-12-01,23.06,2023,12,2023-10-01,29724.346666666668,7564.0,3.929712674070157,4149.599999999999,1274.0,3.2571428571428567,20.54,19.22,20.01,18.13,14.99,19.923333333333332,0.6642539674953725,-2.4492935982947064e-16,1.0
Laguna,2024-01-01,23.6,2024,1,2024-01-01,13661.04,3058.6666666666665,4.466338273757629,29724.346666666668,7564.0,3.929712674070157,23.06,20.54,19.22,18.31,16.02,20.939999999999998,1.9509997437211524,0.49999999999999994,0.8660254037844387
Laguna,2024-02-01,24.84,2024,2,2024-01-01,13661.04,3058.6666666666665,4.466338273757629,29724.346666666668,7564.0,3.929712674070157,23.6,23.06,20.54,22.34,16.25,22.399999999999995,1.6332789106579415,0.8660254037844386,0.5000000000000001
Laguna,2024-03-01,24.78,2024,3,2024-01-01,13661.04,3058.6666666666665,4.466338273757629,29724.346666666668,7564.0,3.929712674070157,24.84,23.6,23.06,20.01,17.95,23.833333333333332,0.9126518138552682,1.0,6.123233995736766e-17
Laguna,2024-04-01,24.64,2024,4,2024-04-01,40421.746666666666,8238.56,4.906409210671121,13661.04,3058.6666666666665,4.466338273757629,24.78,24.84,23.6,19.22,17.69,24.406666666666666,0.6992376801441015,0.8660254037844387,-0.4999999999999998
Laguna,2024-05-01,24.32,2024,5,2024-04-01,40421.746666666666,8238.56,4.906409210671121,13661.04,3058.6666666666665,4.466338273757629,24.64,24.78,24.84,20.54,17.53,24.753333333333334,0.10263202878879188,0.49999999999999994,-0.8660254037844387
Laguna,2024-06-01,22.98,2024,6,2024-04-01,40421.746666666666,8238.56,4.906409210671121,13661.04,3058.6666666666665,4.466338273757629,24.32,24.64,24.78,23.06,18.13,24.58,0.23579652245096944,1.2246467991473532e-16,-1.0
Laguna,2024-07-01,19.29,2024,7,2024-07-01,4027.773333333333,1546.76,2.6040066547708327,40421.746666666666,8238.56,4.906409210671121,22.98,24.32,24.64,23.6,18.31,23.98,0.8806815542521459,-0.4999999999999997,-0.8660254037844388
Laguna,2024-08-01,20.36,2024,8,2024-07-01,4027.773333333333,1546.76,2.6040066547708327,40421.746666666666,8238.56,4.906409210671121,19.29,22.98,24.32,24.84,22.34,22.19666666666667,2.604886433864887,-0.8660254037844385,-0.5000000000000004
Laguna,2024-09-01,20.6,2024,9,2024-07-01,4027.773333333333,1546.76,2.6040066547708327,40421.746666666666,8238.56,4.906409210671121,20.36,19.29,22.98,24.78,20.01,20.876666666666665,1.8984818496191476,-1.0,-1.8369701987210297e-16
Laguna,2024-10-01,19.47,2024,10,2024-10-01,18358.52666666667,6626.593333333333,2.770432067155673,4027.773333333333,1546.76,2.6040066547708327,20.6,20.36,19.29,24.64,19.22,20.083333333333332,0.6974477280293797,-0.8660254037844386,0.5000000000000001
Laguna,2024-11-01,17.49,2024,11,2024-10-01,18358.52666666667,6626.593333333333,2.770432067155673,4027.773333333333,1546.76,2.6040066547708327,19.47,20.6,20.36,24.32,20.54,20.14333333333333,0.5953430383680846,-0.5000000000000004,0.8660254037844384
Laguna,2024-12-01,16.73,2024,12,2024-10-01,18358.52666666667,6626.593333333333,2.770432067155673,4027.773333333333,1546.76,2.6040066547708327,17.49,19.47,20.6,22.98,23.06,19.186666666666664,1.5742405576446539,-2.4492935982947064e-16,1.0
Laguna,2025-01-01,15.65,2025,1,2025-01-01,18723.653333333332,3949.033333333333,4.741325725282981,18358.52666666667,6626.593333333333,2.770432067155673,16.73,17.49,19.47,19.29,23.6,17.896666666666665,1.4145435070485994,0.49999999999999994,0.8660254037844387
Laguna,2025-02-01,18.17,2025,2,2025-01-01,18723.653333333332,3949.033333333333,4.741325725282981,18358.52666666667,6626.593333333333,2.770432067155673,15.65,16.73,17.49,20.36,24.84,16.62333333333333,0.924626050537924,0.8660254037844386,0.5000000000000001
Laguna,2025-03-01,15.86,2025,3,2025-01-01,18723.653333333332,3949.033333333333,4.741325725282981,18358.52666666667,6626.593333333333,2.770432067155673,18.17,15.65,16.73,20.6,24.78,16.849999999999998,1.2642784503423388,1.0,6.123233995736766e-17
Laguna,2025-04-01,15.21,2025,4,2025-04-01,64310.0,13014.539999999999,4.941396315198232,18723.653333333332,3949.033333333333,4.741325725282981,15.86,18.17,15.65,19.47,24.64,16.56,1.3982489048806837,0.8660254037844387,-0.4999999999999998
Laguna,2025-05-01,14.08,2025,5,2025-04-01,64310.0,13014.539999999999,4.941396315198232,18723.653333333332,3949.033333333333,4.741325725282981,15.21,15.86,18.17,17.49,24.32,16.41333333333333,1.5556456323126306,0.49999999999999994,-0.8660254037844387
Laguna,2025-06-01,11.83,2025,6,2025-04-01,64310.0,13014.539999999999,4.941396315198232,18723.653333333332,3949.033333333333,4.741325725282981,14.08,15.21,15.86,16.73,22.98,15.049999999999997,0.9007219326740322,1.2246467991473532e-16,-1.0
Laguna,2025-07-01,10.71,2025,7,2025-07-01,4653.006666666667,1501.5266666666666,3.0988505032655658,64310.0,13014.539999999999,4.941396315198232,11.83,14.08,15.21,15.65,19.29,13.706666666666663,1.720649102325455,-0.4999999999999997,-0.8660254037844388
Laguna,2025-08-01,13.92,2025,8,2025-07-01,4653.006666666667,1501.5266666666666,3.0988505032655658,64310.0,13014.539999999999,4.941396315198232,10.71,11.83,14.08,18.17,20.36,12.206666666666663,1.7162847471598086,-0.8660254037844385,-0.5000000000000004
Laguna,2025-09-01,12.33,2025,9,2025-07-01,4653.006666666667,1501.5266666666666,3.0988505032655658,64310.0,13014.539999999999,4.941396315198232,13.92,10.71,11.83,15.86,20.6,12.15333333333333,1.6292431780840475,-1.0,-1.8369701987210297e-16
Laguna,2025-10-01,12.25,2025,10,2025-10-01,25374.039999999997,7668.666666666667,3.3087942275928013,4653.006666666667,1501.5266666666666,3.0988505032655658,12.33,13.92,10.71,15.21,19.47,12.319999999999999,1.6050233643159442,-0.8660254037844386,0.5000000000000001
Laguna,2025-11-01,13.06,2025,11,2025-10-01,25374.039999999997,7668.666666666667,3.3087942275928013,4653.006666666667,1501.5266666666666,3.0988505032655658,12.25,12.33,13.92,14.08,17.49,12.83333333333333,0.9419306414664518,-0.5000000000000004,0.8660254037844384
Laguna,2025-12-01,14.58,2025,12,2025-10-01,25374.039999999997,7668.666666666667,3.3087942275928013,4653.006666666667,1501.5266666666666,3.0988505032655658,13.06,12.25,12.33,11.83,16.73,12.546666666666665,0.4463556130860297,-2.4492935982947064e-16,1.0
Laguna,2026-01-01,,2026,1,2026-01-01,16346.44,3574.6666666666665,4.572857142857143,25374.039999999997,7668.666666666667,3.3087942275928013,14.58,13.06,12.25,10.71,15.65,13.296666666666665,1.1828919364563264,0.49999999999999994,0.8660254037844387
Laguna,2026-02-01,25.59,2026,2,2026-01-01,16346.44,3574.6666666666665,4.572857142857143,25374.039999999997,7668.666666666667,3.3087942275928013,,14.58,13.06,13.92,18.17,13.819999999999997,1.0748023074036068,0.8660254037844386,0.5000000000000001
Laguna,2026-03-01,23.61,2026,3,2026-01-01,16346.44,3574.6666666666665,4.572857142857143,25374.039999999997,7668.666666666667,3.3087942275928013,25.59,,14.58,12.33,15.86,20.084999999999997,7.785245660863888,1.0,6.123233995736766e-17
Laguna,2026-04-01,22.03,2026,4,2026-04-01,43598.36,8364.586666666666,5.212255158254483,16346.44,3574.6666666666665,4.572857142857143,23.61,25.59,,12.25,15.21,24.599999999999994,1.4000714267493657,0.8660254037844387,-0.4999999999999998
Laguna,2026-05-01,18.75,2026,5,2026-04-01,43598.36,8364.586666666666,5.212255158254483,16346.44,3574.6666666666665,4.572857142857143,22.03,23.61,25.59,13.06,14.08,23.74333333333333,1.783741386337531,0.49999999999999994,-0.8660254037844387
Laguna,2026-06-01,19.25,2026,6,2026-04-01,43598.36,8364.586666666666,5.212255158254483,16346.44,3574.6666666666665,4.572857142857143,18.75,22.03,23.61,14.58,11.83,21.463333333333328,2.47905896124585,1.2246467991473532e-16,-1.0
Laguna,2026-07-01,18.49,2026,7,2026-07-01,,,,43598.36,8364.586666666666,5.212255158254483,19.25,18.75,22.03,,10.71,20.009999999999994,1.7671445894436664,-0.4999999999999997,-0.8660254037844388
Laguna,2026-08-01,,2026,8,2026-07-01,,,,43598.36,8364.586666666666,5.212255158254483,18.49,19.25,18.75,25.59,13.92,18.829999999999995,0.38626415831659006,-0.8660254037844385,-0.5000000000000004
Laguna,2026-09-01,,2026,9,2026-07-01,,,,43598.36,8364.586666666666,5.212255158254483,,18.49,19.25,23.61,12.33,18.869999999999994,0.5374011537018207,-1.0,-1.8369701987210297e-16
Laguna,2026-10-01,,2026,10,2026-10-01,,,,,,,,,18.49,22.03,12.25,,,-0.8660254037844386,0.5000000000000001
Laguna,2026-11-01,,2026,11,2026-10-01,,,,,,,,,,18.75,13.06,,,-0.5000000000000004,0.8660254037844384
Laguna,2026-12-01,,2026,12,2026-10-01,,,,,,,,,,19.25,14.58,,,-2.4492935982947064e-16,1.0
Quezon,2010-01-01,13.45,2010,1,2010-01-01,27762.0,9425.333333333334,2.945466119677465,,,,,,,,,,,0.49999999999999994,0.8660254037844387
Quezon,2010-02-01,15.83,2010,2,2010-01-01,27762.0,9425.333333333334,2.945466119677465,,,,13.45,,,,,,,0.8660254037844386,0.5000000000000001
Quezon,2010-03-01,14.95,2010,3,2010-01-01,27762.0,9425.333333333334,2.945466119677465,,,,15.83,13.45,,,,14.64,1.682914139223983,1.0,6.123233995736766e-17
Quezon,2010-04-01,14.68,2010,4,2010-04-01,14045.333333333334,4862.0,2.8887974770327713,27762.0,9425.333333333334,2.945466119677465,14.95,15.83,13.45,,,14.743333333333332,1.2033841171186084,0.8660254037844387,-0.4999999999999998
Quezon,2010-05-01,14.33,2010,5,2010-04-01,14045.333333333334,4862.0,2.8887974770327713,27762.0,9425.333333333334,2.945466119677465,14.68,14.95,15.83,,,15.153333333333334,0.6013595707505879,0.49999999999999994,-0.8660254037844387
Quezon,2010-06-01,14.91,2010,6,2010-04-01,14045.333333333334,4862.0,2.8887974770327713,27762.0,9425.333333333334,2.945466119677465,14.33,14.68,14.95,,,14.653333333333334,0.3108590248542455,1.2246467991473532e-16,-1.0
Quezon,2010-07-01,14.15,2010,7,2010-07-01,8645.333333333334,2308.0,3.7458116695551706,14045.333333333334,4862.0,2.8887974770327713,14.91,14.33,14.68,13.45,,14.64,0.29206163733020324,-0.4999999999999997,-0.8660254037844388
Quezon,2010-08-01,14.33,2010,8,2010-07-01,8645.333333333334,2308.0,3.7458116695551706,14045.333333333334,4862.0,2.8887974770327713,14.15,14.91,14.33,15.83,,14.463333333333333,0.39715656022950696,-0.8660254037844385,-0.5000000000000004
Quezon,2010-09-01,13.69,2010,9,2010-07-01,8645.333333333334,2308.0,3.7458116695551706,14045.333333333334,4862.0,2.8887974770327713,14.33,14.15,14.91,14.95,,14.463333333333333,0.39715656022950696,-1.0,-1.8369701987210297e-16
Quezon,2010-10-01,13.83,2010,10,2010-10-01,42275.333333333336,12244.666666666666,3.4525507704034415,8645.333333333334,2308.0,3.7458116695551706,13.69,14.33,14.15,14.68,,14.056666666666667,0.33005050118631607,-0.8660254037844386,0.5000000000000001
Quezon,2010-11-01,11.95,2010,11,2010-10-01,42275.333333333336,12244.666666666666,3.4525507704034415,8645.333333333334,2308.0,3.7458116695551706,13.83,13.69,14.33,14.33,,13.950000000000001,0.3364520768252235,-0.5000000000000004,0.8660254037844384
Quezon,2010-12-01,10.75,2010,12,2010-10-01,42275.333333333336,12244.666666666666,3.4525507704034415,8645.333333333334,2308.0,3.7458116695551706,11.95,13.83,13.69,14.91,,13.156666666666666,1.0473458518241947,-2.4492935982947064e-16,1.0
Quezon,2011-01-01,14.35,2011,1,2011-01-01,29858.0,8850.666666666666,3.3735311840915942,42275.333333333336,12244.666666666666,3.4525507704034415,10.75,11.95,13.83,14.15,13.45,12.176666666666668,1.5524604128071533,0.49999999999999994,0.8660254037844387
Quezon,2011-02-01,15.36,2011,2,2011-01-01,29858.0,8850.666666666666,3.3735311840915942,42275.333333333336,12244.666666666666,3.4525507704034415,14.35,10.75,11.95,14.33,15.83,12.35,1.8330302779823415,0.8660254037844386,0.5000000000000001
Quezon,2011-03-01,14.98,2011,3,2011-01-01,29858.0,8850.666666666666,3.3735311840915942,42275.333333333336,12244.666666666666,3.4525507704034415,15.36,14.35,10.75,13.69,14.95,13.486666666666666,2.4232278748259195,1.0,6.123233995736766e-17
Quezon,2011-04-01,13.83,2011,4,2011-04-01,29442.666666666668,8982.0,3.2779633340755585,29858.0,8850.666666666666,3.3735311840915942,14.98,15.36,14.35,13.83,14.68,14.896666666666667,0.5101307022061398,0.8660254037844387,-0.4999999999999998
Quezon,2011-05-01,14.25,2011,5,2011-04-01,29442.666666666668,8982.0,3.2779633340755585,29858.0,8850.666666666666,3.3735311840915942,13.83,14.98,15.36,11.95,14.33,14.723333333333334,0.7966387721755266,0.49999999999999994,-0.8660254037844387
Quezon,2011-06-01,14.03,2011,6,2011-04-01,29442.666666666668,8982.0,3.2779633340755585,29858.0,8850.666666666666,3.3735311840915942,14.25,13.83,14.98,10.75,14.91,14.353333333333333,0.5819221024616047,1.2246467991473532e-16,-1.0
Quezon,2011-07-01,15.23,2011,7,2011-07-01,16693.333333333332,5144.0,3.2452047693105235,29442.666666666668,8982.0,3.2779633340755585,14.03,14.25,13.83,14.35,14.15,14.036666666666667,0.21007935008786022,-0.4999999999999997,-0.8660254037844388
Quezon,2011-08-01,15.36,2011,8,2011-07-01,16693.333333333332,5144.0,3.2452047693105235,29442.666666666668,8982.0,3.2779633340755585,15.23,14.03,14.25,15.36,14.33,14.503333333333332,0.6388531390964065,-0.8660254037844385,-0.5000000000000004
Quezon,2011-09-01,14.81,2011,9,2011-07-01,16693.333333333332,5144.0,3.2452047693105235,29442.666666666668,8982.0,3.2779633340755585,15.36,15.23,14.03,14.98,13.69,14.873333333333333,0.7332348418708211,-1.0,-1.8369701987210297e-16
Quezon,2011-10-01,13.9,2011,10,2011-10-01,27022.666666666668,9386.0,2.879039704524469,16693.333333333332,5144.0,3.2452047693105235,14.81,15.36,15.23,13.83,13.83,15.133333333333333,0.28746014216465654,-0.8660254037844386,0.5000000000000001
Quezon,2011-11-01,14.02,2011,11,2011-10-01,27022.666666666668,9386.0,2.879039704524469,16693.333333333332,5144.0,3.2452047693105235,13.9,14.81,15.36,14.25,11.95,14.69,0.7373601562330275,-0.5000000000000004,0.8660254037844384
Quezon,2011-12-01,14.09,2011,12,2011-10-01,27022.666666666668,9386.0,2.879039704524469,16693.333333333332,5144.0,3.2452047693105235,14.02,13.9,14.81,14.03,10.75,14.243333333333334,0.4944019956809766,-2.4492935982947064e-16,1.0
Quezon,2012-01-01,15.8,2012,1,2012-01-01,35202.0,10404.0,3.383506343713956,27022.666666666668,9386.0,2.879039704524469,14.09,14.02,13.9,15.23,14.35,14.003333333333332,0.09609023536933395,0.49999999999999994,0.8660254037844387
Quezon,2012-02-01,14.8,2012,2,2012-01-01,35202.0,10404.0,3.383506343713956,27022.666666666668,9386.0,2.879039704524469,15.8,14.09,14.02,15.36,15.36,14.636666666666668,1.0080839912097261,0.8660254037844386,0.5000000000000001
Quezon,2012-03-01,14.9,2012,3,2012-01-01,35202.0,10404.0,3.383506343713956,27022.666666666668,9386.0,2.879039704524469,14.8,15.8,14.09,14.81,14.98,14.896666666666667,0.8590886644190628,1.0,6.123233995736766e-17
Quezon,2012-04-01,14.48,2012,4,2012-04-01,28330.666666666668,9112.666666666666,3.108932621259785,35202.0,10404.0,3.383506343713956,14.9,14.8,15.8,13.9,13.83,15.166666666666666,0.5507570547286038,0.8660254037844387,-0.4999999999999998
Quezon,2012-05-01,15.41,2012,5,2012-04-01,28330.666666666668,9112.666666666666,3.108932621259785,35202.0,10404.0,3.383506343713956,14.48,14.9,14.8,14.02,14.25,14.726666666666667,0.21939310229204972,0.49999999999999994,-0.8660254037844387
Quezon,2012-06-01,15.36,2012,6,2012-04-01,28330.666666666668,9112.666666666666,3.108932621259785,35202.0,10404.0,3.383506343713956,15.41,14.48,14.9,14.09,14.03,14.930000000000001,0.4657252408877949,1.2246467991473532e-16,-1.0
Quezon,2012-07-01,14.33,2012,7,2012-07-01,10772.0,3452.0,3.1205098493626884,28330.666666666668,9112.666666666666,3.108932621259785,15.36,15.41,14.48,15.8,15.23,15.083333333333334,0.5230997355508092,-0.4999999999999997,-0.8660254037844388
Quezon,2012-08-01,14.98,2012,8,2012-07-01,10772.0,3452.0,3.1205098493626884,28330.666666666668,9112.666666666666,3.108932621259785,14.33,15.36,15.41,14.8,15.36,15.033333333333333,0.6096173663318055,-0.8660254037844385,-0.5000000000000004
Quezon,2012-09-01,14.77,2012,9,2012-07-01,10772.0,3452.0,3.1205098493626884,28330.666666666668,9112.666666666666,3.108932621259785,14.98,14.33,15.36,14.9,14.81,14.89,0.520864665724211,-1.0,-1.8369701987210297e-16
Quezon,2012-10-01,14.56,2012,10,2012-10-01,32996.0,10976.666666666666,3.006012754327361,10772.0,3452.0,3.1205098493626884,14.77,14.98,14.33,14.48,13.9,14.693333333333333,0.331712727119912,-0.8660254037844386,0.5000000000000001
Quezon,2012-11-01,14.41,2012,11,2012-10-01,32996.0,10976.666666666666,3.006012754327361,10772.0,3452.0,3.1205098493626884,14.56,14.77,14.98,15.41,14.02,14.770000000000001,0.20999999999998784,-0.5000000000000004,0.8660254037844384
Quezon,2012-12-01,14.57,2012,12,2012-10-01,32996.0,10976.666666666666,3.006012754327361,10772.0,3452.0,3.1205098493626884,14.41,14.56,14.77,15.36,14.09,14.579999999999998,0.18083141320024174,-2.4492935982947064e-16,1.0
Quezon,2013-01-01,14.74,2013,1,2013-01-01,30263.333333333332,9692.666666666666,3.1222917669715935,32996.0,10976.666666666666,3.006012754327361,14.57,14.41,14.56,14.33,15.8,14.513333333333335,0.0896288643983109,0.49999999999999994,0.8660254037844387
Quezon,2013-02-01,15.2,2013,2,2013-01-01,30263.333333333332,9692.666666666666,3.1222917669715935,32996.0,10976.666666666666,3.006012754327361,14.74,14.57,14.41,14.98,14.8,14.573333333333332,0.16502525059314432,0.8660254037844386,0.5000000000000001
Quezon,2013-03-01,14.5,2013,3,2013-01-01,30263.333333333332,9692.666666666666,3.1222917669715935,32996.0,10976.666666666666,3.006012754327361,15.2,14.74,14.57,14.77,14.9,14.836666666666666,0.3259345537578461,1.0,6.123233995736766e-17
Quezon,2013-04-01,14.24,2013,4,2013-04-01,30674.0,9066.666666666666,3.3831617647058825,30263.333333333332,9692.666666666666,3.1222917669715935,14.5,15.2,14.74,14.56,14.48,14.813333333333333,0.3557152419187666,0.8660254037844387,-0.4999999999999998
Quezon,2013-05-01,14.52,2013,5,2013-04-01,30674.0,9066.666666666666,3.3831617647058825,30263.333333333332,9692.666666666666,3.1222917669715935,14.24,14.5,15.2,14.41,15.41,14.646666666666667,0.4965212315030738,0.49999999999999994,-0.8660254037844387
Quezon,2013-06-01,16.38,2013,6,2013-04-01,30674.0,9066.666666666666,3.3831617647058825,30263.333333333332,9692.666666666666,3.1222917669715935,14.52,14.24,14.5,14.57,15.36,14.420000000000002,0.15620499351813205,1.2246467991473532e-16,-1.0
Quezon,2013-07-01,16.38,2013,7,2013-07-01,9982.666666666666,3036.6666666666665,3.287376509330406,30674.0,9066.666666666666,3.3831617647058825,16.38,14.52,14.24,14.74,14.33,15.046666666666667,1.1631566245924583,-0.4999999999999997,-0.8660254037844388
Quezon,2013-08-01,18.43,2013,8,2013-07-01,9982.666666666666,3036.6666666666665,3.287376509330406,30674.0,9066.666666666666,3.3831617647058825,16.38,16.38,14.52,15.2,14.98,15.76,1.0738715006926927,-0.8660254037844385,-0.5000000000000004
Quezon,2013-09-01,17.55,2013,9,2013-07-01,9982.666666666666,3036.6666666666665,3.287376509330406,30674.0,9066.666666666666,3.3831617647058825,18.43,16.38,16.38,14.5,14.77,17.063333333333333,1.1835680518387333,-1.0,-1.8369701987210297e-16
Quezon,2013-10-01,14.56,2013,10,2013-10-01,35595.333333333336,11834.0,3.0078868796124163,9982.666666666666,3036.6666666666665,3.287376509330406,17.55,18.43,16.38,14.24,14.56,17.453333333333333,1.0284130169019319,-0.8660254037844386,0.5000000000000001
Quezon,2013-11-01,13.91,2013,11,2013-10-01,35595.333333333336,11834.0,3.0078868796124163,9982.666666666666,3036.6666666666665,3.287376509330406,14.56,17.55,18.43,14.52,14.41,16.846666666666668,2.0286037891449706,-0.5000000000000004,0.8660254037844384
Quezon,2013-12-01,15.64,2013,12,2013-10-01,35595.333333333336,11834.0,3.0078868796124163,9982.666666666666,3036.6666666666665,3.287376509330406,13.91,14.56,17.55,16.38,14.57,15.339999999999998,1.9413139879988504,-2.4492935982947064e-16,1.0
Quezon,2014-01-01,16.51,2014,1,2014-01-01,22408.0,9638.666666666666,2.324802877299765,35595.333333333336,11834.0,3.0078868796124163,15.64,13.91,14.56,16.38,14.74,14.703333333333333,0.873861163648627,0.49999999999999994,0.8660254037844387
Quezon,2014-02-01,19.45,2014,2,2014-01-01,22408.0,9638.666666666666,2.324802877299765,35595.333333333336,11834.0,3.0078868796124163,16.51,15.64,13.91,18.43,15.2,15.353333333333333,1.3234928535256,0.8660254037844386,0.5000000000000001
Quezon,2014-03-01,17.0,2014,3,2014-01-01,22408.0,9638.666666666666,2.324802877299765,35595.333333333336,11834.0,3.0078868796124163,19.45,16.51,15.64,17.55,14.5,17.200000000000003,1.9965219758369812,1.0,6.123233995736766e-17
Quezon,2014-04-01,19.35,2014,4,2014-04-01,25644.0,8740.0,2.934096109839817,22408.0,9638.666666666666,2.324802877299765,17.0,19.45,16.51,14.56,14.24,17.653333333333336,1.575129624295518,0.8660254037844387,-0.4999999999999998
Quezon,2014-05-01,19.91,2014,5,2014-04-01,25644.0,8740.0,2.934096109839817,22408.0,9638.666666666666,2.324802877299765,19.35,17.0,19.45,13.91,14.52,18.599999999999998,1.3865424623862095,0.49999999999999994,-0.8660254037844387
Quezon,2014-06-01,20.97,2014,6,2014-04-01,25644.0,8740.0,2.934096109839817,22408.0,9638.666666666666,2.324802877299765,19.91,19.35,17.0,15.64,16.38,18.753333333333334,1.5440315195401129,1.2246467991473532e-16,-1.0
Quezon,2014-07-01,20.99,2014,7,2014-07-01,7951.333333333333,2506.0,3.1729183293429104,25644.0,8740.0,2.934096109839817,20.97,19.91,19.35,16.51,16.38,20.076666666666668,0.8227595841637825,-0.4999999999999997,-0.8660254037844388
Quezon,2014-08-01,,2014,8,2014-07-01,7951.333333333333,2506.0,3.1729183293429104,25644.0,8740.0,2.934096109839817,20.99,20.97,19.91,19.45,18.43,20.62333333333333,0.6178457196852333,-0.8660254037844385,-0.5000000000000004
Quezon,2014-09-01,21.08,2014,9,2014-07-01,7951.333333333333,2506.0,3.1729183293429104,25644.0,8740.0,2.934096109839817,,20.99,20.97,17.0,17.55,20.979999999999997,0.014142135626053908,-1.0,-1.8369701987210297e-16
Quezon,2014-10-01,17.07,2014,10,2014-10-01,47183.333333333336,13129.333333333334,3.593734132223012,7951.333333333333,2506.0,3.1729183293429104,21.08,,20.99,19.35,14.56,21.034999999999997,0.06363961030730853,-0.8660254037844386,0.5000000000000001
Quezon,2014-11-01,15.67,2014,11,2014-10-01,47183.333333333336,13129.333333333334,3.593734132223012,7951.333333333333,2506.0,3.1729183293429104,17.07,21.08,,19.91,13.91,19.075,2.835498192558062,-0.5000000000000004,0.8660254037844384
Quezon,2014-12-01,13.9,2014,12,2014-10-01,47183.333333333336,13129.333333333334,3.593734132223012,7951.333333333333,2506.0,3.1729183293429104,15.67,17.07,21.08,20.97,15.64,17.94,2.807970797568951,-2.4492935982947064e-16,1.0
Quezon,2015-01-01,14.78,2015,1,2015-01-01,25998.0,8272.0,3.1428916827853,47183.333333333336,13129.333333333334,3.593734132223012,13.9,15.67,17.07,20.99,16.51,15.546666666666667,1.5885947668720726,0.49999999999999994,0.8660254037844387
Quezon,2015-02-01,14.79,2015,2,2015-01-01,25998.0,8272.0,3.1428916827853,47183.333333333336,13129.333333333334,3.593734132223012,14.78,13.9,15.67,,19.45,14.783333333333333,0.8850047080854033,0.8660254037844386,0.5000000000000001
Quezon,2015-03-01,15.35,2015,3,2015-01-01,25998.0,8272.0,3.1428916827853,47183.333333333336,13129.333333333334,3.593734132223012,14.79,14.78,13.9,21.08,17.0,14.49,0.5109794516416437,1.0,6.123233995736766e-17
Quezon,2015-04-01,15.02,2015,4,2015-04-01,32420.0,11170.666666666666,2.902243972308427,25998.0,8272.0,3.1428916827853,15.35,14.79,14.78,17.07,19.35,14.973333333333334,0.3262412195497888,0.8660254037844387,-0.4999999999999998
Quezon,2015-05-01,14.7,2015,5,2015-04-01,32420.0,11170.666666666666,2.902243972308427,25998.0,8272.0,3.1428916827853,15.02,15.35,14.79,15.67,19.91,15.053333333333333,0.28148416178061314,0.49999999999999994,-0.8660254037844387
Quezon,2015-06-01,17.29,2015,6,2015-04-01,32420.0,11170.666666666666,2.902243972308427,25998.0,8272.0,3.1428916827853,14.7,15.02,15.35,13.9,20.97,15.023333333333332,0.3250128202599618,1.2246467991473532e-16,-1.0
Quezon,2015-07-01,16.1,2015,7,2015-07-01,5822.666666666667,1733.3333333333333,3.3592307692307695,32420.0,11170.666666666666,2.902243972308427,17.29,14.7,15.02,14.78,20.99,15.67,1.4120552397126698,-0.4999999999999997,-0.8660254037844388
Quezon,2015-08-01,15.82,2015,8,2015-07-01,5822.666666666667,1733.3333333333333,3.3592307692307695,32420.0,11170.666666666666,2.902243972308427,16.1,17.29,14.7,14.79,,16.03,1.296418142421653,-0.8660254037844385,-0.5000000000000004
Quezon,2015-09-01,16.11,2015,9,2015-07-01,5822.666666666667,1733.3333333333333,3.3592307692307695,32420.0,11170.666666666666,2.902243972308427,15.82,16.1,17.29,15.35,21.08,16.403333333333332,0.7805340052383013,-1.0,-1.8369701987210297e-16
Quezon,2015-10-01,15.64,2015,10,2015-10-01,33751.333333333336,11424.666666666666,2.954251035770555,5822.666666666667,1733.3333333333333,3.3592307692307695,16.11,15.82,16.1,15.02,17.07,16.01,0.1646207763315779,-0.8660254037844386,0.5000000000000001
Quezon,2015-11-01,16.59,2015,11,2015-10-01,33751.333333333336,11424.666666666666,2.954251035770555,5822.666666666667,1733.3333333333333,3.3592307692307695,15.64,16.11,15.82,14.7,15.67,15.856666666666667,0.23713568549111974,-0.5000000000000004,0.8660254037844384
Quezon,2015-12-01,15.09,2015,12,2015-10-01,33751.333333333336,11424.666666666666,2.954251035770555,5822.666666666667,1733.3333333333333,3.3592307692307695,16.59,15.64,16.11,17.29,13.9,16.113333333333333,0.4750087718488422,-2.4492935982947064e-16,1.0
Quezon,2016-01-01,15.72,2016,1,2016-01-01,28136.666666666668,8641.333333333334,3.2560561641721955,33751.333333333336,11424.666666666666,2.954251035770555,15.09,16.59,15.64,16.1,14.78,15.773333333333333,0.7588368291888198,0.49999999999999994,0.8660254037844387
Quezon,2016-02-01,15.79,2016,2,2016-01-01,28136.666666666668,8641.333333333334,3.2560561641721955,33751.333333333336,11424.666666666666,2.954251035770555,15.72,15.09,16.59,15.82,14.79,15.799999999999999,0.7531932023060279,0.8660254037844386,0.5000000000000001
Quezon,2016-03-01,16.01,2016,3,2016-01-01,28136.666666666668,8641.333333333334,3.2560561641721955,33751.333333333336,11424.666666666666,2.954251035770555,15.79,15.72,15.09,16.11,15.35,15.533333333333333,0.3855299383100361,1.0,6.123233995736766e-17
Quezon,2016-04-01,16.45,2016,4,2016-04-01,34134.666666666664,10514.0,3.246591845792911,28136.666666666668,8641.333333333334,3.2560561641721955,16.01,15.79,15.72,15.64,15.02,15.839999999999998,0.15132745950424875,0.8660254037844387,-0.4999999999999998
Quezon,2016-05-01,16.35,2016,5,2016-04-01,34134.666666666664,10514.0,3.246591845792911,28136.666666666668,8641.333333333334,3.2560561641721955,16.45,16.01,15.79,16.59,14.7,16.083333333333332,0.33605555096344475,0.49999999999999994,-0.8660254037844387
Quezon,2016-06-01,16.05,2016,6,2016-04-01,34134.666666666664,10514.0,3.246591845792911,28136.666666666668,8641.333333333334,3.2560561641721955,16.35,16.45,16.01,15.09,17.29,16.27,0.23065125189344146,1.2246467991473532e-16,-1.0
Quezon,2016-07-01,16.89,2016,7,2016-07-01,17146.666666666668,4732.666666666667,3.623045499366108,34134.666666666664,10514.0,3.246591845792911,16.05,16.35,16.45,15.72,16.1,16.28333333333333,0.20816659994664174,-0.4999999999999997,-0.8660254037844388
Quezon,2016-08-01,15.21,2016,8,2016-07-01,17146.666666666668,4732.666666666667,3.623045499366108,34134.666666666664,10514.0,3.246591845792911,16.89,16.05,16.35,15.79,15.82,16.429999999999996,0.42567593307587176,-0.8660254037844385,-0.5000000000000004
Quezon,2016-09-01,17.46,2016,9,2016-07-01,17146.666666666668,4732.666666666667,3.623045499366108,34134.666666666664,10514.0,3.246591845792911,15.21,16.89,16.05,16.01,16.11,16.05,0.8400000000000037,-1.0,-1.8369701987210297e-16
Quezon,2016-10-01,15.82,2016,10,2016-10-01,32656.666666666668,11392.0,2.866631554307116,17146.666666666668,4732.666666666667,3.623045499366108,17.46,15.21,16.89,16.45,15.64,16.52,1.169743561640763,-0.8660254037844386,0.5000000000000001
Quezon,2016-11-01,16.93,2016,11,2016-10-01,32656.666666666668,11392.0,2.866631554307116,17146.666666666668,4732.666666666667,3.623045499366108,15.82,17.46,15.21,16.35,16.59,16.16333333333333,1.1636293797138937,-0.5000000000000004,0.8660254037844384
Quezon,2016-12-01,15.67,2016,12,2016-10-01,32656.666666666668,11392.0,2.866631554307116,17146.666666666668,4732.666666666667,3.623045499366108,16.93,15.82,17.46,16.05,15.09,16.736666666666665,0.8369189526670777,-2.4492935982947064e-16,1.0
Quezon,2017-01-01,15.59,2017,1,2017-01-01,27494.0,8784.666666666666,3.129771571677924,32656.666666666668,11392.0,2.866631554307116,15.67,16.93,15.82,16.89,15.72,16.139999999999997,0.6882586723027957,0.49999999999999994,0.8660254037844387
Quezon,2017-02-01,16.68,2017,2,2017-01-01,27494.0,8784.666666666666,3.129771571677924,32656.666666666668,11392.0,2.866631554307116,15.59,15.67,16.93,15.21,15.79,16.063333333333333,0.7516204716034135,0.8660254037844386,0.5000000000000001
Quezon,2017-03-01,17.26,2017,3,2017-01-01,27494.0,8784.666666666666,3.129771571677924,32656.666666666668,11392.0,2.866631554307116,16.68,15.59,15.67,17.46,16.01,15.979999999999999,0.6075360071633631,1.0,6.123233995736766e-17
Quezon,2017-04-01,17.12,2017,4,2017-04-01,32334.0,10323.333333333334,3.132127865676461,27494.0,8784.666666666666,3.129771571677924,17.26,16.68,15.59,15.82,16.45,16.51,0.8478797084492704,0.8660254037844387,-0.4999999999999998
Quezon,2017-05-01,17.51,2017,5,2017-04-01,32334.0,10323.333333333334,3.132127865676461,27494.0,8784.666666666666,3.129771571677924,17.12,17.26,16.68,16.93,16.35,17.02,0.30265491900848857,0.49999999999999994,-0.8660254037844387
Quezon,2017-06-01,17.14,2017,6,2017-04-01,32334.0,10323.333333333334,3.132127865676461,27494.0,8784.666666666666,3.129771571677924,17.51,17.12,17.26,15.67,16.05,17.296666666666667,0.1975685535032776,1.2246467991473532e-16,-1.0
Quezon,2017-07-01,17.88,2017,7,2017-07-01,16324.666666666666,4648.666666666667,3.511687939194034,32334.0,10323.333333333334,3.132127865676461,17.14,17.51,17.12,15.59,16.89,17.256666666666664,0.21962088546715278,-0.4999999999999997,-0.8660254037844388
Quezon,2017-08-01,17.71,2017,8,2017-07-01,16324.666666666666,4648.666666666667,3.511687939194034,32334.0,10323.333333333334,3.132127865676461,17.88,17.14,17.51,16.68,15.21,17.51,0.37000000000006744,-0.8660254037844385,-0.5000000000000004
Quezon,2017-09-01,17.92,2017,9,2017-07-01,16324.666666666666,4648.666666666667,3.511687939194034,32334.0,10323.333333333334,3.132127865676461,17.71,17.88,17.14,17.26,17.46,17.576666666666664,0.38759944960407955,-1.0,-1.8369701987210297e-16
Quezon,2017-10-01,17.62,2017,10,2017-10-01,39332.666666666664,12272.666666666666,3.2048997772828507,16324.666666666666,4648.666666666667,3.511687939194034,17.92,17.71,17.88,17.12,15.82,17.83666666666667,0.11150485789145097,-0.8660254037844386,0.5000000000000001
Quezon,2017-11-01,15.53,2017,11,2017-10-01,39332.666666666664,12272.666666666666,3.2048997772828507,16324.666666666666,4648.666666666667,3.511687939194034,17.62,17.92,17.71,17.51,16.93,17.75,0.1539480431835932,-0.5000000000000004,0.8660254037844384
Quezon,2017-12-01,17.29,2017,12,2017-10-01,39332.666666666664,12272.666666666666,3.2048997772828507,16324.666666666666,4648.666666666667,3.511687939194034,15.53,17.62,17.92,17.14,15.67,17.023333333333333,1.3019344581557768,-2.4492935982947064e-16,1.0
Quezon,2018-01-01,17.29,2018,1,2018-01-01,30636.0,8992.0,3.4070284697508897,39332.666666666664,12272.666666666666,3.2048997772828507,17.29,15.53,17.62,17.88,15.59,16.813333333333333,1.123580586043284,0.49999999999999994,0.8660254037844387
Quezon,2018-02-01,20.64,2018,2,2018-01-01,30636.0,8992.0,3.4070284697508897,39332.666666666664,12272.666666666666,3.2048997772828507,17.29,17.29,15.53,17.71,16.68,16.70333333333333,1.016136473773757,0.8660254037844386,0.5000000000000001
Quezon,2018-03-01,20.09,2018,3,2018-01-01,30636.0,8992.0,3.4070284697508897,39332.666666666664,12272.666666666666,3.2048997772828507,20.64,17.29,17.29,17.92,17.26,18.406666666666666,1.934123401785247,1.0,6.123233995736766e-17
Quezon,2018-04-01,19.45,2018,4,2018-04-01,37875.333333333336,10710.666666666666,3.536225569525707,30636.0,8992.0,3.4070284697508897,20.09,20.64,17.29,17.62,17.12,19.34,1.7965244223221688,0.8660254037844387,-0.4999999999999998
Quezon,2018-05-01,20.48,2018,5,2018-04-01,37875.333333333336,10710.666666666666,3.536225569525707,30636.0,8992.0,3.4070284697508897,19.45,20.09,20.64,15.53,17.51,20.06,0.5955669567731242,0.49999999999999994,-0.8660254037844387
Quezon,2018-06-01,19.45,2018,6,2018-04-01,37875.333333333336,10710.666666666666,3.536225569525707,30636.0,8992.0,3.4070284697508897,20.48,19.45,20.09,17.29,17.14,20.006666666666664,0.5200320502943395,1.2246467991473532e-16,-1.0
Quezon,2018-07-01,19.45,2018,7,2018-07-01,10846.666666666666,2912.6666666666665,3.723964293888762,37875.333333333336,10710.666666666666,3.536225569525707,19.45,20.48,19.45,17.29,17.88,19.793333333333333,0.594670777265317,-0.4999999999999997,-0.8660254037844388
Quezon,2018-08-01,22.01,2018,8,2018-07-01,10846.666666666666,2912.6666666666665,3.723964293888762,37875.333333333336,10710.666666666666,3.536225569525707,19.45,19.45,20.48,20.64,17.71,19.793333333333333,0.594670777265317,-0.8660254037844385,-0.5000000000000004
Quezon,2018-09-01,22.06,2018,9,2018-07-01,10846.666666666666,2912.6666666666665,3.723964293888762,37875.333333333336,10710.666666666666,3.536225569525707,22.01,19.45,19.45,20.09,17.92,20.30333333333333,1.4780166891254427,-1.0,-1.8369701987210297e-16
Quezon,2018-10-01,21.69,2018,10,2018-10-01,38888.833333333336,10618.666666666666,3.662308513309895,10846.666666666666,2912.6666666666665,3.723964293888762,22.06,22.01,19.45,19.45,17.62,21.173333333333332,1.4926598183555848,-0.8660254037844386,0.5000000000000001
Quezon,2018-11-01,19.45,2018,11,2018-10-01,38888.833333333336,10618.666666666666,3.662308513309895,10846.666666666666,2912.6666666666665,3.723964293888762,21.69,22.06,22.01,20.48,15.53,21.919999999999998,0.2007485989988147,-0.5000000000000004,0.8660254037844384
Quezon,2018-12-01,20.15,2018,12,2018-10-01,38888.833333333336,10618.666666666666,3.662308513309895,10846.666666666666,2912.6666666666665,3.723964293888762,19.45,21.69,22.06,19.45,17.29,21.066666666666666,1.4122440771103701,-2.4492935982947064e-16,1.0
Quezon,2019-01-01,19.45,2019,1,2019-01-01,25468.666666666668,8997.333333333334,2.830690574985181,38888.833333333336,10618.666666666666,3.662308513309895,20.15,19.45,21.69,19.45,17.29,20.429999999999996,1.1459493880621385,0.49999999999999994,0.8660254037844387
Quezon,2019-02-01,18.67,2019,2,2019-01-01,25468.666666666668,8997.333333333334,2.830690574985181,38888.833333333336,10618.666666666666,3.662308513309895,19.45,20.15,19.45,22.01,20.64,19.683333333333334,0.4041451884327197,0.8660254037844386,0.5000000000000001
Quezon,2019-03-01,16.1,2019,3,2019-01-01,25468.666666666668,8997.333333333334,2.830690574985181,38888.833333333336,10618.666666666666,3.662308513309895,18.67,19.45,20.15,22.06,20.09,19.423333333333332,0.7403602726600853,1.0,6.123233995736766e-17
Quezon,2019-04-01,16.1,2019,4,2019-04-01,29847.566666666666,10142.0,2.942966541773483,25468.666666666668,8997.333333333334,2.830690574985181,16.1,18.67,19.45,21.69,19.45,18.073333333333334,1.7528928470768863,0.8660254037844387,-0.4999999999999998
Quezon,2019-05-01,15.99,2019,5,2019-04-01,29847.566666666666,10142.0,2.942966541773483,25468.666666666668,8997.333333333334,2.830690574985181,16.1,16.1,18.67,19.45,20.48,16.956666666666667,1.483790191817332,0.49999999999999994,-0.8660254037844387
Quezon,2019-06-01,14.57,2019,6,2019-04-01,29847.566666666666,10142.0,2.942966541773483,25468.666666666668,8997.333333333334,2.830690574985181,15.99,16.1,16.1,20.15,19.45,16.063333333333336,0.06350852961085876,1.2246467991473532e-16,-1.0
Quezon,2019-07-01,15.23,2019,7,2019-07-01,6144.666666666667,1887.3333333333333,3.2557400211939247,29847.566666666666,10142.0,2.942966541773483,14.57,15.99,16.1,19.45,19.45,15.553333333333335,0.8533658847958075,-0.4999999999999997,-0.8660254037844388
Quezon,2019-08-01,,2019,8,2019-07-01,6144.666666666667,1887.3333333333333,3.2557400211939247,29847.566666666666,10142.0,2.942966541773483,15.23,14.57,15.99,18.67,22.01,15.263333333333334,0.7105866121264385,-0.8660254037844385,-0.5000000000000004
Quezon,2019-09-01,15.43,2019,9,2019-07-01,6144.666666666667,1887.3333333333333,3.2557400211939247,29847.566666666666,10142.0,2.942966541773483,,15.23,14.57,16.1,22.06,14.899999999999999,0.46669047558311005,-1.0,-1.8369701987210297e-16
Quezon,2019-10-01,15.53,2019,10,2019-10-01,30168.666666666668,8428.666666666666,3.5792928893458833,6144.666666666667,1887.3333333333333,3.2557400211939247,15.43,,15.23,16.1,21.69,15.33,0.141421356237309,-0.8660254037844386,0.5000000000000001
Quezon,2019-11-01,13.02,2019,11,2019-10-01,30168.666666666668,8428.666666666666,3.5792928893458833,6144.666666666667,1887.3333333333333,3.2557400211939247,15.53,15.43,,15.99,19.45,15.48,0.07071067811865388,-0.5000000000000004,0.8660254037844384
Quezon,2019-12-01,13.81,2019,12,2019-10-01,30168.666666666668,8428.666666666666,3.5792928893458833,6144.666666666667,1887.3333333333333,3.2557400211939247,13.02,15.53,15.43,14.57,20.15,14.659999999999998,1.4211614968046387,-2.4492935982947064e-16,1.0
Quezon,2020-01-01,14.13,2020,1,2020-01-01,26868.666666666668,8935.333333333334,3.0070133552189806,30168.666666666668,8428.666666666666,3.5792928893458833,13.81,13.02,15.53,15.23,19.45,14.12,1.2833939379629318,0.49999999999999994,0.8660254037844387
Quezon,2020-02-01,15.53,2020,2,2020-01-01,26868.666666666668,8935.333333333334,3.0070133552189806,30168.666666666668,8428.666666666666,3.5792928893458833,14.13,13.81,13.02,,18.67,13.653333333333334,0.5713434460404163,0.8660254037844386,0.5000000000000001
Quezon,2020-03-01,16.75,2020,3,2020-01-01,26868.666666666668,8935.333333333334,3.0070133552189806,30168.666666666668,8428.666666666666,3.5792928893458833,15.53,14.13,13.81,15.43,16.1,14.49,0.9147677300823402,1.0,6.123233995736766e-17
Quezon,2020-04-01,17.11,2020,4,2020-04-01,39717.333333333336,10451.333333333334,3.800216878229253,26868.666666666668,8935.333333333334,3.0070133552189806,16.75,15.53,14.13,15.53,16.1,15.469999999999999,1.3110301293257887,0.8660254037844387,-0.4999999999999998
Quezon,2020-05-01,17.64,2020,5,2020-04-01,39717.333333333336,10451.333333333334,3.800216878229253,26868.666666666668,8935.333333333334,3.0070133552189806,17.11,16.75,15.53,13.02,15.99,16.463333333333335,0.828090172223609,0.49999999999999994,-0.8660254037844387
Quezon,2020-06-01,15.76,2020,6,2020-04-01,39717.333333333336,10451.333333333334,3.800216878229253,26868.666666666668,8935.333333333334,3.0070133552189806,17.64,17.11,16.75,13.81,14.57,17.166666666666668,0.44769781475156023,1.2246467991473532e-16,-1.0
Quezon,2020-07-01,16.75,2020,7,2020-07-01,12835.066666666666,3944.6666666666665,3.2537772519858037,39717.333333333336,10451.333333333334,3.800216878229253,15.76,17.64,17.11,14.13,15.23,16.836666666666666,0.9693468591445076,-0.4999999999999997,-0.8660254037844388
Quezon,2020-08-01,17.6,2020,8,2020-07-01,12835.066666666666,3944.6666666666665,3.2537772519858037,39717.333333333336,10451.333333333334,3.800216878229253,16.75,15.76,17.64,15.53,,16.71666666666667,0.9404431579491244,-0.8660254037844385,-0.5000000000000004
Quezon,2020-09-01,16.17,2020,9,2020-07-01,12835.066666666666,3944.6666666666665,3.2537772519858037,39717.333333333336,10451.333333333334,3.800216878229253,17.6,16.75,15.76,16.75,15.43,16.703333333333337,0.9208872533232958,-1.0,-1.8369701987210297e-16
Quezon,2020-10-01,12.63,2020,10,2020-10-01,44698.0,12222.666666666666,3.656976109959638,12835.066666666666,3944.6666666666665,3.2537772519858037,16.17,17.6,16.75,17.11,15.53,16.84,0.7192357054540539,-0.8660254037844386,0.5000000000000001
Quezon,2020-11-01,10.69,2020,11,2020-10-01,44698.0,12222.666666666666,3.656976109959638,12835.066666666666,3944.6666666666665,3.2537772519858037,12.63,16.17,17.6,17.64,13.02,15.466666666666669,2.5585607933628047,-0.5000000000000004,0.8660254037844384
Quezon,2020-12-01,15.49,2020,12,2020-10-01,44698.0,12222.666666666666,3.656976109959638,12835.066666666666,3944.6666666666665,3.2537772519858037,10.69,12.63,16.17,15.76,13.81,13.163333333333334,2.778656749822346,-2.4492935982947064e-16,1.0
Quezon,2021-01-01,17.16,2021,1,2021-01-01,31889.333333333332,9438.666666666666,3.378584545839808,44698.0,12222.666666666666,3.656976109959638,15.49,10.69,12.63,16.75,14.13,12.936666666666667,2.4146497330530723,0.49999999999999994,0.8660254037844387
Quezon,2021-02-01,17.21,2021,2,2021-01-01,31889.333333333332,9438.666666666666,3.378584545839808,44698.0,12222.666666666666,3.656976109959638,17.16,15.49,10.69,17.6,15.53,14.446666666666665,3.358814274909121,0.8660254037844386,0.5000000000000001
Quezon,2021-03-01,16.65,2021,3,2021-01-01,31889.333333333332,9438.666666666666,3.378584545839808,44698.0,12222.666666666666,3.656976109959638,17.21,17.16,15.49,16.17,16.75,16.62,0.9789279850938826,1.0,6.123233995736766e-17
Quezon,2021-04-01,17.29,2021,4,2021-04-01,43337.333333333336,11028.0,3.9297545641397655,31889.333333333332,9438.666666666666,3.378584545839808,16.65,17.21,17.16,12.63,17.11,17.006666666666664,0.30989245446332897,0.8660254037844387,-0.4999999999999998
Quezon,2021-05-01,16.75,2021,5,2021-04-01,43337.333333333336,11028.0,3.9297545641397655,31889.333333333332,9438.666666666666,3.378584545839808,17.29,16.65,17.21,10.69,17.64,17.05,0.34871191548321545,0.49999999999999994,-0.8660254037844387
Quezon,2021-06-01,17.26,2021,6,2021-04-01,43337.333333333336,11028.0,3.9297545641397655,31889.333333333332,9438.666666666666,3.378584545839808,16.75,17.29,16.65,15.49,15.76,16.896666666666665,0.3442867022313018,1.2246467991473532e-16,-1.0
Quezon,2021-07-01,15.23,2021,7,2021-07-01,13170.666666666666,4051.3333333333335,3.25094619055455,43337.333333333336,11028.0,3.9297545641397655,17.26,16.75,17.29,17.16,16.75,17.099999999999998,0.303479818109826,-0.4999999999999997,-0.8660254037844388
Quezon,2021-08-01,15.23,2021,8,2021-07-01,13170.666666666666,4051.3333333333335,3.25094619055455,43337.333333333336,11028.0,3.9297545641397655,15.23,17.26,16.75,17.21,17.6,16.413333333333334,1.0560460848529765,-0.8660254037844385,-0.5000000000000004
Quezon,2021-09-01,14.41,2021,9,2021-07-01,13170.666666666666,4051.3333333333335,3.25094619055455,43337.333333333336,11028.0,3.9297545641397655,15.23,15.23,17.26,16.65,16.17,15.906666666666666,1.1720210464549246,-1.0,-1.8369701987210297e-16
Quezon,2021-10-01,13.32,2021,10,2021-10-01,46991.333333333336,12876.666666666666,3.6493398912762105,13170.666666666666,4051.3333333333335,3.25094619055455,14.41,15.23,15.23,17.29,12.63,14.956666666666669,0.4734272207354933,-0.8660254037844386,0.5000000000000001
Quezon,2021-11-01,15.61,2021,11,2021-10-01,46991.333333333336,12876.666666666666,3.6493398912762105,13170.666666666666,4051.3333333333335,3.25094619055455,13.32,14.41,15.23,16.75,10.69,14.32,0.9581753492967767,-0.5000000000000004,0.8660254037844384
Quezon,2021-12-01,15.16,2021,12,2021-10-01,46991.333333333336,12876.666666666666,3.6493398912762105,13170.666666666666,4051.3333333333335,3.25094619055455,15.61,13.32,14.41,17.26,15.49,14.446666666666667,1.1454402356008506,-2.4492935982947064e-16,1.0
Quezon,2022-01-01,15.23,2022,1,2022-01-01,36490.0,10004.0,3.6475409836065573,46991.333333333336,12876.666666666666,3.6493398912762105,15.16,15.61,13.32,15.23,17.16,14.696666666666667,1.2132738080636754,0.49999999999999994,0.8660254037844387
Quezon,2022-02-01,17.49,2022,2,2022-01-01,36490.0,10004.0,3.6475409836065573,46991.333333333336,12876.666666666666,3.6493398912762105,15.23,15.16,15.61,15.23,17.21,15.333333333333334,0.24214320831551497,0.8660254037844386,0.5000000000000001
Quezon,2022-03-01,16.71,2022,3,2022-01-01,36490.0,10004.0,3.6475409836065573,46991.333333333336,12876.666666666666,3.6493398912762105,17.49,15.23,15.16,14.41,16.65,15.959999999999999,1.3254810447531853,1.0,6.123233995736766e-17
Quezon,2022-04-01,16.24,2022,4,2022-04-01,40526.333333333336,10569.333333333334,3.8343320297716663,36490.0,10004.0,3.6475409836065573,16.71,17.49,15.23,13.32,17.29,16.47666666666667,1.1479256654214725,0.8660254037844387,-0.4999999999999998
Quezon,2022-05-01,16.41,2022,5,2022-04-01,40526.333333333336,10569.333333333334,3.8343320297716663,36490.0,10004.0,3.6475409836065573,16.24,16.71,17.49,15.61,16.75,16.813333333333333,0.6313741627064979,0.49999999999999994,-0.8660254037844387
Quezon,2022-06-01,16.16,2022,6,2022-04-01,40526.333333333336,10569.333333333334,3.8343320297716663,36490.0,10004.0,3.6475409836065573,16.41,16.24,16.71,15.16,17.26,16.453333333333333,0.23797758998135257,1.2246467991473532e-16,-1.0
Quezon,2022-07-01,16.45,2022,7,2022-07-01,9803.333333333334,2818.0,3.478826590962858,40526.333333333336,10569.333333333334,3.8343320297716663,16.16,16.41,16.24,15.23,15.23,16.27,0.12767145334803287,-0.4999999999999997,-0.8660254037844388
Quezon,2022-08-01,17.48,2022,8,2022-07-01,9803.333333333334,2818.0,3.478826590962858,40526.333333333336,10569.333333333334,3.8343320297716663,16.45,16.16,16.41,17.49,15.23,16.34,0.15716233645501326,-0.8660254037844385,-0.5000000000000004
Quezon,2022-09-01,16.83,2022,9,2022-07-01,9803.333333333334,2818.0,3.478826590962858,40526.333333333336,10569.333333333334,3.8343320297716663,17.48,16.45,16.16,16.71,14.41,16.69666666666667,0.6937098336720716,-1.0,-1.8369701987210297e-16
Quezon,2022-10-01,18.37,2022,10,2022-10-01,37099.333333333336,11473.333333333334,3.233527019174898,9803.333333333334,2818.0,3.478826590962858,16.83,17.48,16.45,16.24,13.32,16.919999999999998,0.5208646657242181,-0.8660254037844386,0.5000000000000001
Quezon,2022-11-01,17.24,2022,11,2022-10-01,37099.333333333336,11473.333333333334,3.233527019174898,9803.333333333334,2818.0,3.478826590962858,18.37,16.83,17.48,16.41,15.61,17.560000000000002,0.7731106001084224,-0.5000000000000004,0.8660254037844384
Quezon,2022-12-01,17.26,2022,12,2022-10-01,37099.333333333336,11473.333333333334,3.233527019174898,9803.333333333334,2818.0,3.478826590962858,17.24,18.37,16.83,16.16,15.16,17.48,0.7975587752636196,-2.4492935982947064e-16,1.0
Quezon,2023-01-01,17.33,2023,1,2023-01-01,36790.666666666664,10118.666666666666,3.6359204111213597,37099.333333333336,11473.333333333334,3.233527019174898,17.26,17.24,18.37,16.45,15.23,17.623333333333335,0.646709620566555,0.49999999999999994,0.8660254037844387
Quezon,2023-02-01,16.24,2023,2,2023-01-01,36790.666666666664,10118.666666666666,3.6359204111213597,37099.333333333336,11473.333333333334,3.233527019174898,17.33,17.26,17.24,17.48,17.49,17.276666666666667,0.047258156262536405,0.8660254037844386,0.5000000000000001
Quezon,2023-03-01,18.88,2023,3,2023-01-01,36790.666666666664,10118.666666666666,3.6359204111213597,37099.333333333336,11473.333333333334,3.233527019174898,16.24,17.33,17.26,16.83,16.71,16.94333333333333,0.6101092798288935,1.0,6.123233995736766e-17
Quezon,2023-04-01,18.9,2023,4,2023-04-01,41362.666666666664,10680.0,3.8729088639200997,36790.666666666664,10118.666666666666,3.6359204111213597,18.88,16.24,17.33,18.37,16.24,17.48333333333333,1.3266624790553698,0.8660254037844387,-0.4999999999999998
Quezon,2023-05-01,18.16,2023,5,2023-04-01,41362.666666666664,10680.0,3.8729088639200997,36790.666666666664,10118.666666666666,3.6359204111213597,18.9,18.88,16.24,17.24,16.41,18.006666666666664,1.5300108932074135,0.49999999999999994,-0.8660254037844387
Quezon,2023-06-01,17.56,2023,6,2023-04-01,41362.666666666664,10680.0,3.8729088639200997,36790.666666666664,10118.666666666666,3.6359204111213597,18.16,18.9,18.88,17.26,16.16,18.646666666666665,0.4215843134336872,1.2246467991473532e-16,-1.0
Quezon,2023-07-01,17.91,2023,7,2023-07-01,11908.666666666666,3109.3333333333335,3.8299742710120066,41362.666666666664,10680.0,3.8729088639200997,17.56,18.16,18.9,17.33,16.45,18.206666666666667,0.6712177987310449,-0.4999999999999997,-0.8660254037844388
Quezon,2023-08-01,21.15,2023,8,2023-07-01,11908.666666666666,3109.3333333333335,3.8299742710120066,41362.666666666664,10680.0,3.8729088639200997,17.91,17.56,18.16,16.24,17.48,17.876666666666665,0.3013856886671094,-0.8660254037844385,-0.5000000000000004
Quezon,2023-09-01,21.58,2023,9,2023-07-01,11908.666666666666,3109.3333333333335,3.8299742710120066,41362.666666666664,10680.0,3.8729088639200997,21.15,17.91,17.56,18.88,16.83,18.87333333333333,1.9794022666788444,-1.0,-1.8369701987210297e-16
Quezon,2023-10-01,23.19,2023,10,2023-10-01,46357.333333333336,12351.333333333334,3.753225022939494,11908.666666666666,3109.3333333333335,3.8299742710120066,21.58,21.15,17.91,18.9,18.37,20.213333333333335,2.0062984158228683,-0.8660254037844386,0.5000000000000001
Quezon,2023-11-01,23.26,2023,11,2023-10-01,46357.333333333336,12351.333333333334,3.753225022939494,11908.666666666666,3109.3333333333335,3.8299742710120066,23.19,21.58,21.15,18.16,17.24,21.973333333333333,1.0753759032698142,-0.5000000000000004,0.8660254037844384
Quezon,2023-12-01,22.52,2023,12,2023-10-01,46357.333333333336,12351.333333333334,3.753225022939494,11908.666666666666,3109.3333333333335,3.8299742710120066,23.26,23.19,21.58,17.56,17.26,22.676666666666666,0.9503858865394504,-2.4492935982947064e-16,1.0
Quezon,2024-01-01,22.34,2024,1,2024-01-01,28777.333333333332,9295.333333333334,3.0958904109589036,46357.333333333336,12351.333333333334,3.753225022939494,22.52,23.26,23.19,17.91,17.33,22.99,0.40853396431636524,0.49999999999999994,0.8660254037844387
Quezon,2024-02-01,26.11,2024,2,2024-01-01,28777.333333333332,9295.333333333334,3.0958904109589036,46357.333333333336,12351.333333333334,3.753225022939494,22.34,22.52,23.26,21.15,16.24,22.706666666666667,0.48757905341941704,0.8660254037844386,0.5000000000000001
Quezon,2024-03-01,24.78,2024,3,2024-01-01,28777.333333333332,9295.333333333334,3.0958904109589036,46357.333333333336,12351.333333333334,3.753225022939494,26.11,22.34,22.52,21.58,18.88,23.656666666666666,2.1265543335013533,1.0,6.123233995736766e-17
Quezon,2024-04-01,21.79,2024,4,2024-04-01,33060.35333333333,9185.573333333334,3.599160567730847,28777.333333333332,9295.333333333334,3.0958904109589036,24.78,26.11,22.34,23.19,18.9,24.41,1.912040794543898,0.8660254037844387,-0.4999999999999998
Quezon,2024-05-01,22.89,2024,5,2024-04-01,33060.35333333333,9185.573333333334,3.599160567730847,28777.333333333332,9295.333333333334,3.0958904109589036,21.79,24.78,26.11,23.26,18.16,24.22666666666667,2.212517419893772,0.49999999999999994,-0.8660254037844387
Quezon,2024-06-01,24.93,2024,6,2024-04-01,33060.35333333333,9185.573333333334,3.599160567730847,28777.333333333332,9295.333333333334,3.0958904109589036,22.89,21.79,24.78,22.52,17.56,23.153333333333336,1.5122940631151685,1.2246467991473532e-16,-1.0
Quezon,2024-07-01,23.92,2024,7,2024-07-01,9894.833333333334,2683.866666666667,3.686782751254409,33060.35333333333,9185.573333333334,3.599160567730847,24.93,22.89,21.79,22.34,17.91,23.203333333333333,1.5932775443510732,-0.4999999999999997,-0.8660254037844388
Quezon,2024-08-01,21.93,2024,8,2024-07-01,9894.833333333334,2683.866666666667,3.686782751254409,33060.35333333333,9185.573333333334,3.599160567730847,23.92,24.93,22.89,26.11,21.15,23.913333333333338,1.0200163397384332,-0.8660254037844385,-0.5000000000000004
Quezon,2024-09-01,21.55,2024,9,2024-07-01,9894.833333333334,2683.866666666667,3.686782751254409,33060.35333333333,9185.573333333334,3.599160567730847,21.93,23.92,24.93,24.78,21.58,23.593333333333334,1.5264446709047104,-1.0,-1.8369701987210297e-16
Quezon,2024-10-01,17.34,2024,10,2024-10-01,22228.60666666667,7502.986666666667,2.962634435353744,9894.833333333334,2683.866666666667,3.686782751254409,21.55,21.93,23.92,21.79,23.19,22.46666666666667,1.27288386482561,-0.8660254037844386,0.5000000000000001
Quezon,2024-11-01,17.77,2024,11,2024-10-01,22228.60666666667,7502.986666666667,2.962634435353744,9894.833333333334,2683.866666666667,3.686782751254409,17.34,21.55,21.93,22.89,23.26,20.273333333333333,2.5474366200817165,-0.5000000000000004,0.8660254037844384
Quezon,2024-12-01,17.64,2024,12,2024-10-01,22228.60666666667,7502.986666666667,2.962634435353744,9894.833333333334,2683.866666666667,3.686782751254409,17.77,17.34,21.55,24.93,22.52,18.886666666666667,2.316513184364238,-2.4492935982947064e-16,1.0
Quezon,2025-01-01,18.56,2025,1,2025-01-01,29704.460000000003,9094.0,3.2663800307895317,22228.60666666667,7502.986666666667,2.962634435353744,17.64,17.77,17.34,23.92,22.34,17.583333333333332,0.22052966542695485,0.49999999999999994,0.8660254037844387
Quezon,2025-02-01,16.76,2025,2,2025-01-01,29704.460000000003,9094.0,3.2663800307895317,22228.60666666667,7502.986666666667,2.962634435353744,18.56,17.64,17.77,21.93,26.11,17.99,0.4978955713801811,0.8660254037844386,0.5000000000000001
Quezon,2025-03-01,17.36,2025,3,2025-01-01,29704.460000000003,9094.0,3.2663800307895317,22228.60666666667,7502.986666666667,2.962634435353744,16.76,18.56,17.64,21.55,24.78,17.653333333333336,0.9000740710260041,1.0,6.123233995736766e-17
Quezon,2025-04-01,14.86,2025,4,2025-04-01,35599.72,9398.0,3.788010214939349,29704.460000000003,9094.0,3.2663800307895317,17.36,16.76,18.56,17.34,21.79,17.560000000000002,0.9165151389911624,0.8660254037844387,-0.4999999999999998
Quezon,2025-05-01,12.84,2025,5,2025-04-01,35599.72,9398.0,3.788010214939349,29704.460000000003,9094.0,3.2663800307895317,14.86,17.36,16.76,17.77,22.89,16.326666666666668,1.3051181300301187,0.49999999999999994,-0.8660254037844387
Quezon,2025-06-01,13.51,2025,6,2025-04-01,35599.72,9398.0,3.788010214939349,29704.460000000003,9094.0,3.2663800307895317,12.84,14.86,17.36,17.64,24.93,15.019999999999998,2.2642438031272096,1.2246467991473532e-16,-1.0
Quezon,2025-07-01,13.25,2025,7,2025-07-01,8532.6,2466.0,3.4600973236009733,35599.72,9398.0,3.788010214939349,13.51,12.84,14.86,18.56,23.92,13.736666666666666,1.0288990880223865,-0.4999999999999997,-0.8660254037844388
Quezon,2025-08-01,11.92,2025,8,2025-07-01,8532.6,2466.0,3.4600973236009733,35599.72,9398.0,3.788010214939349,13.25,13.51,12.84,16.76,21.93,13.200000000000001,0.33778691508103564,-0.8660254037844385,-0.5000000000000004
Quezon,2025-09-01,11.91,2025,9,2025-07-01,8532.6,2466.0,3.4600973236009733,35599.72,9398.0,3.788010214939349,11.92,13.25,13.51,17.36,21.55,12.893333333333333,0.8528970238740979,-1.0,-1.8369701987210297e-16
Quezon,2025-10-01,12.71,2025,10,2025-10-01,26531.453333333335,9664.666666666666,2.7452010760847076,8532.6,2466.0,3.4600973236009733,11.91,11.92,13.25,14.86,17.34,12.36,0.7707788269016974,-0.8660254037844386,0.5000000000000001
Quezon,2025-11-01,14.02,2025,11,2025-10-01,26531.453333333335,9664.666666666666,2.7452010760847076,8532.6,2466.0,3.4600973236009733,12.71,11.91,11.92,12.84,17.77,12.180000000000001,0.45902069670109197,-0.5000000000000004,0.8660254037844384
Quezon,2025-12-01,15.21,2025,12,2025-10-01,26531.453333333335,9664.666666666666,2.7452010760847076,8532.6,2466.0,3.4600973236009733,14.02,12.71,11.91,13.51,17.64,12.88,1.065222981351773,-2.4492935982947064e-16,1.0
Quezon,2026-01-01,19.86,2026,1,2026-01-01,23732.666666666668,7138.666666666667,3.324523720582742,26531.453333333335,9664.666666666666,2.7452010760847076,15.21,14.02,12.71,13.25,18.56,13.979999999999999,1.2504799078753615,0.49999999999999994,0.8660254037844387
Quezon,2026-02-01,23.08,2026,2,2026-01-01,23732.666666666668,7138.666666666667,3.324523720582742,26531.453333333335,9664.666666666666,2.7452010760847076,19.86,15.21,14.02,11.92,16.76,16.363333333333333,3.086103260316046,0.8660254037844386,0.5000000000000001
Quezon,2026-03-01,24.96,2026,3,2026-01-01,23732.666666666668,7138.666666666667,3.324523720582742,26531.453333333335,9664.666666666666,2.7452010760847076,23.08,19.86,15.21,11.91,17.36,19.383333333333336,3.9565936527944525,1.0,6.123233995736766e-17
Quezon,2026-04-01,23.83,2026,4,2026-04-01,53878.59333333333,13477.153333333334,3.9977725266413824,23732.666666666668,7138.666666666667,3.324523720582742,24.96,23.08,19.86,12.71,14.86,22.63333333333333,2.5791729940687196,0.8660254037844387,-0.4999999999999998
Quezon,2026-05-01,20.75,2026,5,2026-04-01,53878.59333333333,13477.153333333334,3.9977725266413824,23732.666666666668,7138.666666666667,3.324523720582742,23.83,24.96,23.08,14.02,12.84,23.956666666666663,0.9463790642936973,0.49999999999999994,-0.8660254037844387
Quezon,2026-06-01,22.96,2026,6,2026-04-01,53878.59333333333,13477.153333333334,3.9977725266413824,23732.666666666668,7138.666666666667,3.324523720582742,20.75,23.83,24.96,15.21,13.51,23.179999999999996,2.178967645468852,1.2246467991473532e-16,-1.0
Quezon,2026-07-01,22.31,2026,7,2026-07-01,,,,53878.59333333333,13477.153333333334,3.9977725266413824,22.96,20.75,23.83,19.86,13.25,22.513333333333335,1.5878392026062949,-0.4999999999999997,-0.8660254037844388
Quezon,2026-08-01,,2026,8,2026-07-01,,,,53878.59333333333,13477.153333333334,3.9977725266413824,22.31,22.96,20.75,23.08,11.92,22.00666666666667,1.1357963432470584,-0.8660254037844385,-0.5000000000000004
Quezon,2026-09-01,,2026,9,2026-07-01,,,,53878.59333333333,13477.153333333334,3.9977725266413824,,22.31,22.96,24.96,11.91,22.635000000000005,0.4596194077714034,-1.0,-1.8369701987210297e-16
Quezon,2026-10-01,,2026,10,2026-10-01,,,,,,,,,22.31,23.83,12.71,,,-0.8660254037844386,0.5000000000000001
Quezon,2026-11-01,,2026,11,2026-10-01,,,,,,,,,,20.75,14.02,,,-0.5000000000000004,0.8660254037844384
Quezon,2026-12-01,,2026,12,2026-10-01,,,,,,,,,,22.96,15.21,,,-2.4492935982947064e-16,1.0
Rizal,2010-01-01,14.28,2010,1,2010-01-01,2109.3333333333335,692.0,3.0481695568400773,,,,,,,,,,,0.49999999999999994,0.8660254037844387
Rizal,2010-02-01,15.96,2010,2,2010-01-01,2109.3333333333335,692.0,3.0481695568400773,,,,14.28,,,,,,,0.8660254037844386,0.5000000000000001
Rizal,2010-03-01,16.33,2010,3,2010-01-01,2109.3333333333335,692.0,3.0481695568400773,,,,15.96,14.28,,,,15.120000000000001,1.1879393923934003,1.0,6.123233995736766e-17
Rizal,2010-04-01,16.54,2010,4,2010-04-01,6878.0,1703.3333333333333,4.037964774951076,2109.3333333333335,692.0,3.0481695568400773,16.33,15.96,14.28,,,15.523333333333333,1.0925352778438469,0.8660254037844387,-0.4999999999999998
Rizal,2010-05-01,13.46,2010,5,2010-04-01,6878.0,1703.3333333333333,4.037964774951076,2109.3333333333335,692.0,3.0481695568400773,16.54,16.33,15.96,,,16.276666666666667,0.29365512652315595,0.49999999999999994,-0.8660254037844387
Rizal,2010-06-01,14.99,2010,6,2010-04-01,6878.0,1703.3333333333333,4.037964774951076,2109.3333333333335,692.0,3.0481695568400773,13.46,16.54,16.33,,,15.443333333333333,1.7208234462992806,1.2246467991473532e-16,-1.0
Rizal,2010-07-01,15.87,2010,7,2010-07-01,305.3333333333333,72.66666666666667,4.20183486238532,6878.0,1703.3333333333333,4.037964774951076,14.99,13.46,16.54,14.28,,14.996666666666668,1.5400108224727962,-0.4999999999999997,-0.8660254037844388
Rizal,2010-08-01,18.01,2010,8,2010-07-01,305.3333333333333,72.66666666666667,4.20183486238532,6878.0,1703.3333333333333,4.037964774951076,15.87,14.99,13.46,15.96,,14.773333333333333,1.2195217641901028,-0.8660254037844385,-0.5000000000000004
Rizal,2010-09-01,18.0,2010,9,2010-07-01,305.3333333333333,72.66666666666667,4.20183486238532,6878.0,1703.3333333333333,4.037964774951076,18.01,15.87,14.99,16.33,,16.290000000000003,1.553190265228313,-1.0,-1.8369701987210297e-16
Rizal,2010-10-01,10.95,2010,10,2010-10-01,9329.333333333334,2426.6666666666665,3.844505494505495,305.3333333333333,72.66666666666667,4.20183486238532,18.0,18.01,15.87,16.54,,17.293333333333333,1.2326529654908236,-0.8660254037844386,0.5000000000000001
Rizal,2010-11-01,10.6,2010,11,2010-10-01,9329.333333333334,2426.6666666666665,3.844505494505495,305.3333333333333,72.66666666666667,4.20183486238532,10.95,18.0,18.01,13.46,,15.653333333333334,4.073209217967246,-0.5000000000000004,0.8660254037844384
Rizal,2010-12-01,10.46,2010,12,2010-10-01,9329.333333333334,2426.6666666666665,3.844505494505495,305.3333333333333,72.66666666666667,4.20183486238532,10.6,10.95,18.0,14.99,,13.183333333333332,4.175024950025253,-2.4492935982947064e-16,1.0
Rizal,2011-01-01,10.24,2011,1,2011-01-01,3686.0,966.6666666666666,3.813103448275862,9329.333333333334,2426.6666666666665,3.844505494505495,10.46,10.6,10.95,15.87,14.28,10.67,0.2523885892826018,0.49999999999999994,0.8660254037844387
Rizal,2011-02-01,10.41,2011,2,2011-01-01,3686.0,966.6666666666666,3.813103448275862,9329.333333333334,2426.6666666666665,3.844505494505495,10.24,10.46,10.6,18.01,15.96,10.433333333333334,0.18147543451772696,0.8660254037844386,0.5000000000000001
Rizal,2011-03-01,10.98,2011,3,2011-01-01,3686.0,966.6666666666666,3.813103448275862,9329.333333333334,2426.6666666666665,3.844505494505495,10.41,10.24,10.46,18.0,16.33,10.370000000000001,0.11532562594699092,1.0,6.123233995736766e-17
Rizal,2011-04-01,12.7,2011,4,2011-04-01,6814.666666666667,1666.6666666666667,4.0888,3686.0,966.6666666666666,3.813103448275862,10.98,10.41,10.24,10.95,16.54,10.543333333333333,0.3875994496040957,0.8660254037844387,-0.4999999999999998
Rizal,2011-05-01,13.07,2011,5,2011-04-01,6814.666666666667,1666.6666666666667,4.0888,3686.0,966.6666666666666,3.813103448275862,12.7,10.98,10.41,10.6,13.46,11.363333333333335,1.1921549116341355,0.49999999999999994,-0.8660254037844387
Rizal,2011-06-01,12.86,2011,6,2011-04-01,6814.666666666667,1666.6666666666667,4.0888,3686.0,966.6666666666666,3.813103448275862,13.07,12.7,10.98,10.46,14.99,12.25,1.1153026495082197,1.2246467991473532e-16,-1.0
Rizal,2011-07-01,13.45,2011,7,2011-07-01,744.0,220.0,3.381818181818182,6814.666666666667,1666.6666666666667,4.0888,12.86,13.07,12.7,10.24,15.87,12.876666666666665,0.18556220879636606,-0.4999999999999997,-0.8660254037844388
Rizal,2011-08-01,13.76,2011,8,2011-07-01,744.0,220.0,3.381818181818182,6814.666666666667,1666.6666666666667,4.0888,13.45,12.86,13.07,10.41,18.01,13.126666666666665,0.2990540642315126,-0.8660254037844385,-0.5000000000000004
Rizal,2011-09-01,13.17,2011,9,2011-07-01,744.0,220.0,3.381818181818182,6814.666666666667,1666.6666666666667,4.0888,13.76,13.45,12.86,10.98,18.0,13.356666666666667,0.457201633126332,-1.0,-1.8369701987210297e-16
Rizal,2011-10-01,11.05,2011,10,2011-10-01,9094.666666666666,2461.3333333333335,3.695016251354279,744.0,220.0,3.381818181818182,13.17,13.76,13.45,12.7,10.95,13.459999999999999,0.29512709126756104,-0.8660254037844386,0.5000000000000001
Rizal,2011-11-01,10.77,2011,11,2011-10-01,9094.666666666666,2461.3333333333335,3.695016251354279,744.0,220.0,3.381818181818182,11.05,13.17,13.76,13.07,10.6,12.660000000000002,1.4251666569212367,-0.5000000000000004,0.8660254037844384
Rizal,2011-12-01,12.32,2011,12,2011-10-01,9094.666666666666,2461.3333333333335,3.695016251354279,744.0,220.0,3.381818181818182,10.77,11.05,13.17,12.86,10.46,11.663333333333334,1.3123007785311238,-2.4492935982947064e-16,1.0
Rizal,2012-01-01,12.12,2012,1,2012-01-01,3837.3333333333335,844.0,4.546603475513428,9094.666666666666,2461.3333333333335,3.695016251354279,12.32,10.77,11.05,13.45,10.24,11.38,0.8260145277173173,0.49999999999999994,0.8660254037844387
Rizal,2012-02-01,12.17,2012,2,2012-01-01,3837.3333333333335,844.0,4.546603475513428,9094.666666666666,2461.3333333333335,3.695016251354279,12.12,12.32,10.77,13.76,10.41,11.736666666666666,0.8431093246628185,0.8660254037844386,0.5000000000000001
Rizal,2012-03-01,13.26,2012,3,2012-01-01,3837.3333333333335,844.0,4.546603475513428,9094.666666666666,2461.3333333333335,3.695016251354279,12.17,12.12,12.32,13.17,10.98,12.203333333333333,0.10408329997358441,1.0,6.123233995736766e-17
Rizal,2012-04-01,13.14,2012,4,2012-04-01,7237.333333333333,1711.3333333333333,4.229061160888197,3837.3333333333335,844.0,4.546603475513428,13.26,12.17,12.12,11.05,12.7,12.516666666666666,0.6442308075009986,0.8660254037844387,-0.4999999999999998
Rizal,2012-05-01,13.45,2012,5,2012-04-01,7237.333333333333,1711.3333333333333,4.229061160888197,3837.3333333333335,844.0,4.546603475513428,13.14,13.26,12.17,10.77,13.07,12.856666666666667,0.5976899976855778,0.49999999999999994,-0.8660254037844387
Rizal,2012-06-01,13.71,2012,6,2012-04-01,7237.333333333333,1711.3333333333333,4.229061160888197,3837.3333333333335,844.0,4.546603475513428,13.45,13.14,13.26,12.32,12.86,13.283333333333333,0.15631165450273737,1.2246467991473532e-16,-1.0
Rizal,2012-07-01,13.78,2012,7,2012-07-01,759.3333333333334,242.66666666666666,3.1291208791208796,7237.333333333333,1711.3333333333333,4.229061160888197,13.71,13.45,13.14,12.12,13.45,13.433333333333335,0.28536526301107973,-0.4999999999999997,-0.8660254037844388
Rizal,2012-08-01,13.76,2012,8,2012-07-01,759.3333333333334,242.66666666666666,3.1291208791208796,7237.333333333333,1711.3333333333333,4.229061160888197,13.78,13.71,13.45,12.17,13.76,13.646666666666667,0.17387735141007243,-0.8660254037844385,-0.5000000000000004
Rizal,2012-09-01,13.92,2012,9,2012-07-01,759.3333333333334,242.66666666666666,3.1291208791208796,7237.333333333333,1711.3333333333333,4.229061160888197,13.76,13.78,13.71,13.26,13.17,13.75,0.03605551275530233,-1.0,-1.8369701987210297e-16
Rizal,2012-10-01,12.39,2012,10,2012-10-01,5277.333333333333,1476.6666666666667,3.5738148984198643,759.3333333333334,242.66666666666666,3.1291208791208796,13.92,13.76,13.78,13.14,11.05,13.819999999999999,0.0871779788710852,-0.8660254037844386,0.5000000000000001
Rizal,2012-11-01,12.27,2012,11,2012-10-01,5277.333333333333,1476.6666666666667,3.5738148984198643,759.3333333333334,242.66666666666666,3.1291208791208796,12.39,13.92,13.76,13.45,10.77,13.356666666666667,0.840971660243901,-0.5000000000000004,0.8660254037844384
Rizal,2012-12-01,12.19,2012,12,2012-10-01,5277.333333333333,1476.6666666666667,3.5738148984198643,759.3333333333334,242.66666666666666,3.1291208791208796,12.27,12.39,13.92,13.71,12.32,12.86,0.9199456505685838,-2.4492935982947064e-16,1.0
Rizal,2013-01-01,12.42,2013,1,2013-01-01,4928.0,1347.3333333333333,3.657595249876299,5277.333333333333,1476.6666666666667,3.5738148984198643,12.19,12.27,12.39,13.78,12.12,12.283333333333333,0.10066445913724519,0.49999999999999994,0.8660254037844387
Rizal,2013-02-01,13.8,2013,2,2013-01-01,4928.0,1347.3333333333333,3.657595249876299,5277.333333333333,1476.6666666666667,3.5738148984198643,12.42,12.19,12.27,13.76,12.17,12.293333333333331,0.11676186592117285,0.8660254037844386,0.5000000000000001
Rizal,2013-03-01,14.11,2013,3,2013-01-01,4928.0,1347.3333333333333,3.657595249876299,5277.333333333333,1476.6666666666667,3.5738148984198643,13.8,12.42,12.19,13.92,13.26,12.803333333333333,0.8707659463560744,1.0,6.123233995736766e-17
Rizal,2013-04-01,13.86,2013,4,2013-04-01,6040.0,1466.6666666666667,4.118181818181818,4928.0,1347.3333333333333,3.657595249876299,14.11,13.8,12.42,12.39,13.14,13.443333333333333,0.8996851301057402,0.8660254037844387,-0.4999999999999998
Rizal,2013-05-01,13.78,2013,5,2013-04-01,6040.0,1466.6666666666667,4.118181818181818,4928.0,1347.3333333333333,3.657595249876299,13.86,14.11,13.8,12.27,13.45,13.923333333333332,0.16441816606864845,0.49999999999999994,-0.8660254037844387
Rizal,2013-06-01,13.91,2013,6,2013-04-01,6040.0,1466.6666666666667,4.118181818181818,4928.0,1347.3333333333333,3.657595249876299,13.78,13.86,14.11,12.19,13.71,13.916666666666666,0.17214335111580129,1.2246467991473532e-16,-1.0
Rizal,2013-07-01,13.89,2013,7,2013-07-01,1058.6666666666667,416.6666666666667,2.5408,6040.0,1466.6666666666667,4.118181818181818,13.91,13.78,13.86,12.42,13.78,13.85,0.06557438524336934,-0.4999999999999997,-0.8660254037844388
Rizal,2013-08-01,13.71,2013,8,2013-07-01,1058.6666666666667,416.6666666666667,2.5408,6040.0,1466.6666666666667,4.118181818181818,13.89,13.91,13.78,13.8,13.76,13.86,0.0700000000003264,-0.8660254037844385,-0.5000000000000004
Rizal,2013-09-01,14.53,2013,9,2013-07-01,1058.6666666666667,416.6666666666667,2.5408,6040.0,1466.6666666666667,4.118181818181818,13.71,13.89,13.91,14.11,13.92,13.836666666666666,0.11015141094593006,-1.0,-1.8369701987210297e-16
Rizal,2013-10-01,14.7,2013,10,2013-10-01,7128.0,2219.3333333333335,3.21177530790027,1058.6666666666667,416.6666666666667,2.5408,14.53,13.71,13.89,13.86,12.39,14.043333333333335,0.43096790290388864,-0.8660254037844386,0.5000000000000001
Rizal,2013-11-01,15.39,2013,11,2013-10-01,7128.0,2219.3333333333335,3.21177530790027,1058.6666666666667,416.6666666666667,2.5408,14.7,14.53,13.71,13.78,12.27,14.313333333333333,0.5293706955748224,-0.5000000000000004,0.8660254037844384
Rizal,2013-12-01,14.98,2013,12,2013-10-01,7128.0,2219.3333333333335,3.21177530790027,1058.6666666666667,416.6666666666667,2.5408,15.39,14.7,14.53,13.91,12.19,14.873333333333335,0.4554484969053755,-2.4492935982947064e-16,1.0
Rizal,2014-01-01,16.4,2014,1,2014-01-01,4210.0,1184.6666666666667,3.5537422622397297,7128.0,2219.3333333333335,3.21177530790027,14.98,15.39,14.7,13.89,12.42,15.023333333333333,0.34703506066875145,0.49999999999999994,0.8660254037844387
Rizal,2014-02-01,16.57,2014,2,2014-01-01,4210.0,1184.6666666666667,3.5537422622397297,7128.0,2219.3333333333335,3.21177530790027,16.4,14.98,15.39,13.71,13.8,15.589999999999998,0.730821455623754,0.8660254037844386,0.5000000000000001
Rizal,2014-03-01,17.54,2014,3,2014-01-01,4210.0,1184.6666666666667,3.5537422622397297,7128.0,2219.3333333333335,3.21177530790027,16.57,16.4,14.98,14.53,14.11,15.983333333333334,0.873059753586977,1.0,6.123233995736766e-17
Rizal,2014-04-01,18.59,2014,4,2014-04-01,4302.666666666667,1465.3333333333333,2.936305732484077,4210.0,1184.6666666666667,3.5537422622397297,17.54,16.57,16.4,14.7,13.86,16.836666666666662,0.6150067750304434,0.8660254037844387,-0.4999999999999998
Rizal,2014-05-01,19.39,2014,5,2014-04-01,4302.666666666667,1465.3333333333333,2.936305732484077,4210.0,1184.6666666666667,3.5537422622397297,18.59,17.54,16.57,15.39,13.78,17.566666666666666,1.0102639919017886,0.49999999999999994,-0.8660254037844387
Rizal,2014-06-01,20.97,2014,6,2014-04-01,4302.666666666667,1465.3333333333333,2.936305732484077,4210.0,1184.6666666666667,3.5537422622397297,19.39,18.59,17.54,14.98,13.91,18.506666666666664,0.9278110439811158,1.2246467991473532e-16,-1.0
Rizal,2014-07-01,21.56,2014,7,2014-07-01,950.0,290.6666666666667,3.268348623853211,4302.666666666667,1465.3333333333333,2.936305732484077,20.97,19.39,18.59,16.4,13.89,19.650000000000002,1.2111151885762033,-0.4999999999999997,-0.8660254037844388
Rizal,2014-08-01,21.83,2014,8,2014-07-01,950.0,290.6666666666667,3.268348623853211,4302.666666666667,1465.3333333333333,2.936305732484077,21.56,20.97,19.39,16.57,13.71,20.64,1.1220071301021026,-0.8660254037844385,-0.5000000000000004
Rizal,2014-09-01,21.64,2014,9,2014-07-01,950.0,290.6666666666667,3.268348623853211,4302.666666666667,1465.3333333333333,2.936305732484077,21.83,21.56,20.97,17.54,14.53,21.453333333333333,0.43981056528155277,-1.0,-1.8369701987210297e-16
Rizal,2014-10-01,19.43,2014,10,2014-10-01,8699.333333333334,2441.3333333333335,3.563353358820317,950.0,290.6666666666667,3.268348623853211,21.64,21.83,21.56,18.59,14.7,21.676666666666666,0.1386842937512232,-0.8660254037844386,0.5000000000000001
Rizal,2014-11-01,17.8,2014,11,2014-10-01,8699.333333333334,2441.3333333333335,3.563353358820317,950.0,290.6666666666667,3.268348623853211,19.43,21.64,21.83,19.39,15.39,20.966666666666665,1.3341788985489498,-0.5000000000000004,0.8660254037844384
Rizal,2014-12-01,15.99,2014,12,2014-10-01,8699.333333333334,2441.3333333333335,3.563353358820317,950.0,290.6666666666667,3.268348623853211,17.8,19.43,21.64,20.97,14.98,19.62333333333333,1.9272865208197039,-2.4492935982947064e-16,1.0
Rizal,2015-01-01,16.08,2015,1,2015-01-01,4212.666666666667,1004.0,4.195883134130146,8699.333333333334,2441.3333333333335,3.563353358820317,15.99,17.8,19.43,21.56,16.4,17.740000000000002,1.720784704720504,0.49999999999999994,0.8660254037844387
Rizal,2015-02-01,15.37,2015,2,2015-01-01,4212.666666666667,1004.0,4.195883134130146,8699.333333333334,2441.3333333333335,3.563353358820317,16.08,15.99,17.8,21.83,16.57,16.623333333333335,1.0200163397384368,0.8660254037844386,0.5000000000000001
Rizal,2015-03-01,15.88,2015,3,2015-01-01,4212.666666666667,1004.0,4.195883134130146,8699.333333333334,2441.3333333333335,3.563353358820317,15.37,16.08,15.99,21.64,17.54,15.813333333333333,0.38656607887063205,1.0,6.123233995736766e-17
Rizal,2015-04-01,14.84,2015,4,2015-04-01,5323.333333333333,1255.3333333333333,4.2405735528412105,4212.666666666667,1004.0,4.195883134130146,15.88,15.37,16.08,19.43,18.59,15.776666666666666,0.36610563138719465,0.8660254037844387,-0.4999999999999998
Rizal,2015-05-01,14.79,2015,5,2015-04-01,5323.333333333333,1255.3333333333333,4.2405735528412105,4212.666666666667,1004.0,4.195883134130146,14.84,15.88,15.37,17.8,19.39,15.363333333333335,0.5200320502944272,0.49999999999999994,-0.8660254037844387
Rizal,2015-06-01,14.85,2015,6,2015-04-01,5323.333333333333,1255.3333333333333,4.2405735528412105,4212.666666666667,1004.0,4.195883134130146,14.79,14.84,15.88,15.99,20.97,15.170000000000002,0.6153860576906961,1.2246467991473532e-16,-1.0
Rizal,2015-07-01,14.76,2015,7,2015-07-01,770.0,292.6666666666667,2.6309794988610475,5323.333333333333,1255.3333333333333,4.2405735528412105,14.85,14.79,14.84,16.08,21.56,14.826666666666666,0.032145502538248605,-0.4999999999999997,-0.8660254037844388
Rizal,2015-08-01,15.92,2015,8,2015-07-01,770.0,292.6666666666667,2.6309794988610475,5323.333333333333,1255.3333333333333,4.2405735528412105,14.76,14.85,14.79,15.37,21.83,14.799999999999999,0.04582575695069117,-0.8660254037844385,-0.5000000000000004
Rizal,2015-09-01,15.84,2015,9,2015-07-01,770.0,292.6666666666667,2.6309794988610475,5323.333333333333,1255.3333333333333,4.2405735528412105,15.92,14.76,14.85,15.88,21.64,15.176666666666668,0.6453164598345744,-1.0,-1.8369701987210297e-16
Rizal,2015-10-01,14.84,2015,10,2015-10-01,9968.0,2846.0,3.5024595924104007,770.0,292.6666666666667,2.6309794988610475,15.84,15.92,14.76,14.84,19.43,15.506666666666666,0.6478682993737382,-0.8660254037844386,0.5000000000000001
Rizal,2015-11-01,14.86,2015,11,2015-10-01,9968.0,2846.0,3.5024595924104007,770.0,292.6666666666667,2.6309794988610475,14.84,15.84,15.92,14.79,17.8,15.533333333333333,0.6017751518078985,-0.5000000000000004,0.8660254037844384
Rizal,2015-12-01,14.86,2015,12,2015-10-01,9968.0,2846.0,3.5024595924104007,770.0,292.6666666666667,2.6309794988610475,14.86,14.84,15.84,14.85,15.99,15.18,0.5716642371183419,-2.4492935982947064e-16,1.0
Rizal,2016-01-01,12.42,2016,1,2016-01-01,4545.333333333333,1206.6666666666667,3.7668508287292815,9968.0,2846.0,3.5024595924104007,14.86,14.86,14.84,14.76,16.08,14.853333333333333,0.011547005388297863,0.49999999999999994,0.8660254037844387
Rizal,2016-02-01,16.36,2016,2,2016-01-01,4545.333333333333,1206.6666666666667,3.7668508287292815,9968.0,2846.0,3.5024595924104007,12.42,14.86,14.86,15.92,15.37,14.046666666666667,1.40873465682273,0.8660254037844386,0.5000000000000001
Rizal,2016-03-01,14.62,2016,3,2016-01-01,4545.333333333333,1206.6666666666667,3.7668508287292815,9968.0,2846.0,3.5024595924104007,16.36,12.42,14.86,15.84,15.88,14.546666666666667,1.9886008481677369,1.0,6.123233995736766e-17
Rizal,2016-04-01,16.59,2016,4,2016-04-01,6665.333333333333,1452.0,4.590449954086318,4545.333333333333,1206.6666666666667,3.7668508287292815,14.62,16.36,12.42,14.84,14.84,14.466666666666667,1.9744703931265832,0.8660254037844387,-0.4999999999999998
Rizal,2016-05-01,13.67,2016,5,2016-04-01,6665.333333333333,1452.0,4.590449954086318,4545.333333333333,1206.6666666666667,3.7668508287292815,16.59,14.62,16.36,14.86,14.79,15.856666666666664,1.077141278260848,0.49999999999999994,-0.8660254037844387
Rizal,2016-06-01,13.88,2016,6,2016-04-01,6665.333333333333,1452.0,4.590449954086318,4545.333333333333,1206.6666666666667,3.7668508287292815,13.67,16.59,14.62,14.86,14.85,14.959999999999999,1.4893958506723797,1.2246467991473532e-16,-1.0
Rizal,2016-07-01,14.27,2016,7,2016-07-01,914.6666666666666,301.3333333333333,3.0353982300884956,6665.333333333333,1452.0,4.590449954086318,13.88,13.67,16.59,12.42,14.76,14.713333333333333,1.6286292805096685,-0.4999999999999997,-0.8660254037844388
Rizal,2016-08-01,15.36,2016,8,2016-07-01,914.6666666666666,301.3333333333333,3.0353982300884956,6665.333333333333,1452.0,4.590449954086318,14.27,13.88,13.67,16.36,15.92,13.939999999999998,0.30446674695297465,-0.8660254037844385,-0.5000000000000004
Rizal,2016-09-01,16.68,2016,9,2016-07-01,914.6666666666666,301.3333333333333,3.0353982300884956,6665.333333333333,1452.0,4.590449954086318,15.36,14.27,13.88,14.62,15.84,14.50333333333333,0.7670940837559915,-1.0,-1.8369701987210297e-16
Rizal,2016-10-01,14.86,2016,10,2016-10-01,9715.333333333334,2542.6666666666665,3.820922915574201,914.6666666666666,301.3333333333333,3.0353982300884956,16.68,15.36,14.27,16.59,14.84,15.436666666666666,1.2068277977132522,-0.8660254037844386,0.5000000000000001
Rizal,2016-11-01,14.75,2016,11,2016-10-01,9715.333333333334,2542.6666666666665,3.820922915574201,914.6666666666666,301.3333333333333,3.0353982300884956,14.86,16.68,15.36,13.67,14.86,15.633333333333331,0.9402836451483202,-0.5000000000000004,0.8660254037844384
Rizal,2016-12-01,15.13,2016,12,2016-10-01,9715.333333333334,2542.6666666666665,3.820922915574201,914.6666666666666,301.3333333333333,3.0353982300884956,14.75,14.86,16.68,13.88,14.86,15.429999999999998,1.0839280418921193,-2.4492935982947064e-16,1.0
Rizal,2017-01-01,14.93,2017,1,2017-01-01,4886.0,1293.3333333333333,3.777835051546392,9715.333333333334,2542.6666666666665,3.820922915574201,15.13,14.75,14.86,14.27,12.42,14.913333333333332,0.19553345834775074,0.49999999999999994,0.8660254037844387
Rizal,2017-02-01,15.01,2017,2,2017-01-01,4886.0,1293.3333333333333,3.777835051546392,9715.333333333334,2542.6666666666665,3.820922915574201,14.93,15.13,14.75,15.36,16.36,14.936666666666666,0.19008769905869985,0.8660254037844386,0.5000000000000001
Rizal,2017-03-01,16.0,2017,3,2017-01-01,4886.0,1293.3333333333333,3.777835051546392,9715.333333333334,2542.6666666666665,3.820922915574201,15.01,14.93,15.13,16.68,14.62,15.023333333333332,0.10066445913741487,1.0,6.123233995736766e-17
Rizal,2017-04-01,16.11,2017,4,2017-04-01,4134.0,944.0,4.379237288135593,4886.0,1293.3333333333333,3.777835051546392,16.0,15.01,14.93,14.86,16.59,15.313333333333333,0.5960145412097075,0.8660254037844387,-0.4999999999999998
Rizal,2017-05-01,16.53,2017,5,2017-04-01,4134.0,944.0,4.379237288135593,4886.0,1293.3333333333333,3.777835051546392,16.11,16.0,15.01,14.75,13.67,15.706666666666663,0.60583276020153,0.49999999999999994,-0.8660254037844387
Rizal,2017-06-01,15.56,2017,6,2017-04-01,4134.0,944.0,4.379237288135593,4886.0,1293.3333333333333,3.777835051546392,16.53,16.11,16.0,15.13,13.88,16.213333333333335,0.2797022226107388,1.2246467991473532e-16,-1.0
Rizal,2017-07-01,15.36,2017,7,2017-07-01,1018.6666666666666,366.6666666666667,2.778181818181818,4134.0,944.0,4.379237288135593,15.56,16.53,16.11,14.93,14.27,16.066666666666666,0.4864497233357129,-0.4999999999999997,-0.8660254037844388
Rizal,2017-08-01,18.43,2017,8,2017-07-01,1018.6666666666666,366.6666666666667,2.778181818181818,4134.0,944.0,4.379237288135593,15.36,15.56,16.53,15.01,15.36,15.816666666666665,0.6258061467686299,-0.8660254037844385,-0.5000000000000004
Rizal,2017-09-01,16.04,2017,9,2017-07-01,1018.6666666666666,366.6666666666667,2.778181818181818,4134.0,944.0,4.379237288135593,18.43,15.36,15.56,16.0,16.68,16.45,1.717643734888014,-1.0,-1.8369701987210297e-16
Rizal,2017-10-01,15.86,2017,10,2017-10-01,10807.333333333334,3062.6666666666665,3.528733130169787,1018.6666666666666,366.6666666666667,2.778181818181818,16.04,18.43,15.36,16.11,14.86,16.609999999999996,1.6124205406779097,-0.8660254037844386,0.5000000000000001
Rizal,2017-11-01,15.04,2017,11,2017-10-01,10807.333333333334,3062.6666666666665,3.528733130169787,1018.6666666666666,366.6666666666667,2.778181818181818,15.86,16.04,18.43,16.53,14.75,16.776666666666664,1.4346544299354356,-0.5000000000000004,0.8660254037844384
Rizal,2017-12-01,16.14,2017,12,2017-10-01,10807.333333333334,3062.6666666666665,3.528733130169787,1018.6666666666666,366.6666666666667,2.778181818181818,15.04,15.86,16.04,15.56,15.13,15.646666666666663,0.5330415868704775,-2.4492935982947064e-16,1.0
Rizal,2018-01-01,15.61,2018,1,2018-01-01,3628.0,1146.6666666666667,3.163953488372093,10807.333333333334,3062.6666666666665,3.528733130169787,16.14,15.04,15.86,15.36,14.93,15.679999999999998,0.5716642371183137,0.49999999999999994,0.8660254037844387
Rizal,2018-02-01,17.44,2018,2,2018-01-01,3628.0,1146.6666666666667,3.163953488372093,10807.333333333334,3062.6666666666665,3.528733130169787,15.61,16.14,15.04,18.43,15.01,15.596666666666664,0.5501211987675069,0.8660254037844386,0.5000000000000001
Rizal,2018-03-01,17.33,2018,3,2018-01-01,3628.0,1146.6666666666667,3.163953488372093,10807.333333333334,3062.6666666666665,3.528733130169787,17.44,15.61,16.14,16.04,16.0,16.396666666666665,0.941612092813905,1.0,6.123233995736766e-17
Rizal,2018-04-01,18.89,2018,4,2018-04-01,3580.0,1124.0,3.185053380782918,3628.0,1146.6666666666667,3.163953488372093,17.33,17.44,15.61,15.86,16.11,16.793333333333333,1.0262715689978805,0.8660254037844387,-0.4999999999999998
Rizal,2018-05-01,18.79,2018,5,2018-04-01,3580.0,1124.0,3.185053380782918,3628.0,1146.6666666666667,3.163953488372093,18.89,17.33,17.44,15.04,16.53,17.886666666666667,0.870651097359526,0.49999999999999994,-0.8660254037844387
Rizal,2018-06-01,17.23,2018,6,2018-04-01,3580.0,1124.0,3.185053380782918,3628.0,1146.6666666666667,3.163953488372093,18.79,18.89,17.33,16.14,15.56,18.336666666666662,0.8732315462312031,1.2246467991473532e-16,-1.0
Rizal,2018-07-01,14.82,2018,7,2018-07-01,1525.2133333333334,370.6666666666667,4.114784172661871,3580.0,1124.0,3.185053380782918,17.23,18.79,18.89,15.61,15.36,18.30333333333333,0.930877722009361,-0.4999999999999997,-0.8660254037844388
Rizal,2018-08-01,17.32,2018,8,2018-07-01,1525.2133333333334,370.6666666666667,4.114784172661871,3580.0,1124.0,3.185053380782918,14.82,17.23,18.79,17.44,18.43,16.946666666666665,2.000108330399474,-0.8660254037844385,-0.5000000000000004
Rizal,2018-09-01,22.11,2018,9,2018-07-01,1525.2133333333334,370.6666666666667,4.114784172661871,3580.0,1124.0,3.185053380782918,17.32,14.82,17.23,17.33,16.04,16.456666666666667,1.4181090696181968,-1.0,-1.8369701987210297e-16
Rizal,2018-10-01,19.36,2018,10,2018-10-01,9386.06,2279.0866666666666,4.118342727934874,1525.2133333333334,370.6666666666667,4.114784172661871,22.11,17.32,14.82,18.89,15.86,18.083333333333332,3.7044612743735565,-0.8660254037844386,0.5000000000000001
Rizal,2018-11-01,17.14,2018,11,2018-10-01,9386.06,2279.0866666666666,4.118342727934874,1525.2133333333334,370.6666666666667,4.114784172661871,19.36,22.11,17.32,18.79,15.04,19.596666666666664,2.403754008490329,-0.5000000000000004,0.8660254037844384
Rizal,2018-12-01,16.72,2018,12,2018-10-01,9386.06,2279.0866666666666,4.118342727934874,1525.2133333333334,370.6666666666667,4.114784172661871,17.14,19.36,22.11,17.23,16.14,19.536666666666665,2.489705471202031,-2.4492935982947064e-16,1.0
Rizal,2019-01-01,18.71,2019,1,2019-01-01,2455.5,843.4066666666666,2.9114069132328417,9386.06,2279.0866666666666,4.118342727934874,16.72,17.14,19.36,14.82,15.61,17.74,1.4185908501044437,0.49999999999999994,0.8660254037844387
Rizal,2019-02-01,17.4,2019,2,2019-01-01,2455.5,843.4066666666666,2.9114069132328417,9386.06,2279.0866666666666,4.118342727934874,18.71,16.72,17.14,17.32,17.44,17.52333333333333,1.0489200795739342,0.8660254037844386,0.5000000000000001
Rizal,2019-03-01,16.8,2019,3,2019-01-01,2455.5,843.4066666666666,2.9114069132328417,9386.06,2279.0866666666666,4.118342727934874,17.4,18.71,16.72,22.11,17.33,17.609999999999996,1.0114840582036144,1.0,6.123233995736766e-17
Rizal,2019-04-01,16.34,2019,4,2019-04-01,3911.3199999999997,1214.0,3.221845140032949,2455.5,843.4066666666666,2.9114069132328417,16.8,17.4,18.71,19.36,18.89,17.636666666666667,0.9767462993702017,0.8660254037844387,-0.4999999999999998
Rizal,2019-05-01,15.19,2019,5,2019-04-01,3911.3199999999997,1214.0,3.221845140032949,2455.5,843.4066666666666,2.9114069132328417,16.34,16.8,17.4,17.14,18.79,16.846666666666664,0.5315386470741408,0.49999999999999994,-0.8660254037844387
Rizal,2019-06-01,16.08,2019,6,2019-04-01,3911.3199999999997,1214.0,3.221845140032949,2455.5,843.4066666666666,2.9114069132328417,15.19,16.34,16.8,16.72,17.23,16.109999999999996,0.8292767933567801,1.2246467991473532e-16,-1.0
Rizal,2019-07-01,14.21,2019,7,2019-07-01,553.2466666666667,126.62666666666667,4.369116563125197,3911.3199999999997,1214.0,3.221845140032949,16.08,15.19,16.34,18.71,14.82,15.869999999999996,0.6030754513326773,-0.4999999999999997,-0.8660254037844388
Rizal,2019-08-01,14.11,2019,8,2019-07-01,553.2466666666667,126.62666666666667,4.369116563125197,3911.3199999999997,1214.0,3.221845140032949,14.21,16.08,15.19,17.4,17.32,15.159999999999997,0.9353608929178827,-0.8660254037844385,-0.5000000000000004
Rizal,2019-09-01,12.23,2019,9,2019-07-01,553.2466666666667,126.62666666666667,4.369116563125197,3911.3199999999997,1214.0,3.221845140032949,14.11,14.21,16.08,16.8,22.11,14.799999999999997,1.1096395811254,-1.0,-1.8369701987210297e-16
Rizal,2019-10-01,12.64,2019,10,2019-10-01,5623.406666666667,1811.4666666666665,3.1043390254673935,553.2466666666667,126.62666666666667,4.369116563125197,12.23,14.11,14.21,16.34,19.36,13.516666666666666,1.1154072499914742,-0.8660254037844386,0.5000000000000001
Rizal,2019-11-01,11.86,2019,11,2019-10-01,5623.406666666667,1811.4666666666665,3.1043390254673935,553.2466666666667,126.62666666666667,4.369116563125197,12.64,12.23,14.11,15.19,17.14,12.99333333333333,0.9885511283355889,-0.5000000000000004,0.8660254037844384
Rizal,2019-12-01,11.9,2019,12,2019-10-01,5623.406666666667,1811.4666666666665,3.1043390254673935,553.2466666666667,126.62666666666667,4.369116563125197,11.86,12.64,12.23,16.08,16.72,12.24333333333333,0.3901709027254615,-2.4492935982947064e-16,1.0
Rizal,2020-01-01,15.13,2020,1,2020-01-01,2282.52,535.1666666666666,4.2650638430395515,5623.406666666667,1811.4666666666665,3.1043390254673935,11.9,11.86,12.64,14.21,18.71,12.133333333333331,0.4392417709344206,0.49999999999999994,0.8660254037844387
Rizal,2020-02-01,13.91,2020,2,2020-01-01,2282.52,535.1666666666666,4.2650638430395515,5623.406666666667,1811.4666666666665,3.1043390254673935,15.13,11.9,11.86,14.11,17.4,12.963333333333331,1.8764949595811797,0.8660254037844386,0.5000000000000001
Rizal,2020-03-01,18.05,2020,3,2020-01-01,2282.52,535.1666666666666,4.2650638430395515,5623.406666666667,1811.4666666666665,3.1043390254673935,13.91,15.13,11.9,12.23,16.8,13.646666666666667,1.6310221743843778,1.0,6.123233995736766e-17
Rizal,2020-04-01,19.05,2020,4,2020-04-01,3224.2666666666664,914.6666666666666,3.525072886297376,2282.52,535.1666666666666,4.2650638430395515,18.05,13.91,15.13,12.64,16.34,15.696666666666665,2.1273771018165677,0.8660254037844387,-0.4999999999999998
Rizal,2020-05-01,17.99,2020,5,2020-04-01,3224.2666666666664,914.6666666666666,3.525072886297376,2282.52,535.1666666666666,4.2650638430395515,19.05,18.05,13.91,11.86,15.19,17.00333333333333,2.7251666615701513,0.49999999999999994,-0.8660254037844387
Rizal,2020-06-01,17.05,2020,6,2020-04-01,3224.2666666666664,914.6666666666666,3.525072886297376,2282.52,535.1666666666666,4.2650638430395515,17.99,19.05,18.05,11.9,16.08,18.363333333333333,0.5954270176380525,1.2246467991473532e-16,-1.0
Rizal,2020-07-01,18.27,2020,7,2020-07-01,378.2733333333333,114.86666666666667,3.2931514799767845,3224.2666666666664,914.6666666666666,3.525072886297376,17.05,17.99,19.05,15.13,14.21,18.029999999999998,1.0005998201079325,-0.4999999999999997,-0.8660254037844388
Rizal,2020-08-01,20.0,2020,8,2020-07-01,378.2733333333333,114.86666666666667,3.2931514799767845,3224.2666666666664,914.6666666666666,3.525072886297376,18.27,17.05,17.99,13.91,14.11,17.77,0.6390618123468473,-0.8660254037844385,-0.5000000000000004
Rizal,2020-09-01,17.28,2020,9,2020-07-01,378.2733333333333,114.86666666666667,3.2931514799767845,3224.2666666666664,914.6666666666666,3.525072886297376,20.0,18.27,17.05,18.05,12.23,18.439999999999998,1.482329248176668,-1.0,-1.8369701987210297e-16
Rizal,2020-10-01,16.08,2020,10,2020-10-01,3306.0,1365.4066666666668,2.4212566707842837,378.2733333333333,114.86666666666667,3.2931514799767845,17.28,20.0,18.27,19.05,12.64,18.516666666666666,1.3766747376680288,-0.8660254037844386,0.5000000000000001
Rizal,2020-11-01,16.08,2020,11,2020-10-01,3306.0,1365.4066666666668,2.4212566707842837,378.2733333333333,114.86666666666667,3.2931514799767845,16.08,17.28,20.0,17.99,11.86,17.786666666666665,2.008515206149402,-0.5000000000000004,0.8660254037844384
Rizal,2020-12-01,16.36,2020,12,2020-10-01,3306.0,1365.4066666666668,2.4212566707842837,378.2733333333333,114.86666666666667,3.2931514799767845,16.08,16.08,17.28,17.05,11.9,16.479999999999997,0.692820323027628,-2.4492935982947064e-16,1.0
Rizal,2021-01-01,14.74,2021,1,2021-01-01,3326.0,811.1666666666666,4.100267104992809,3306.0,1365.4066666666668,2.4212566707842837,16.36,16.08,16.08,18.27,15.13,16.17333333333333,0.16165807537346197,0.49999999999999994,0.8660254037844387
Rizal,2021-02-01,16.71,2021,2,2021-01-01,3326.0,811.1666666666666,4.100267104992809,3306.0,1365.4066666666668,2.4212566707842837,14.74,16.36,16.08,20.0,13.91,15.726666666666665,0.8658714300249605,0.8660254037844386,0.5000000000000001
Rizal,2021-03-01,16.19,2021,3,2021-01-01,3326.0,811.1666666666666,4.100267104992809,3306.0,1365.4066666666668,2.4212566707842837,16.71,14.74,16.36,17.28,18.05,15.936666666666666,1.0510153820632038,1.0,6.123233995736766e-17
Rizal,2021-04-01,16.57,2021,4,2021-04-01,5572.56,1234.0,4.515850891410049,3326.0,811.1666666666666,4.100267104992809,16.19,16.71,14.74,16.08,19.05,15.88,1.0209309477139636,0.8660254037844387,-0.4999999999999998
Rizal,2021-05-01,16.05,2021,5,2021-04-01,5572.56,1234.0,4.515850891410049,3326.0,811.1666666666666,4.100267104992809,16.57,16.19,16.71,16.08,17.99,16.49,0.26907248094166725,0.49999999999999994,-0.8660254037844387
Rizal,2021-06-01,16.24,2021,6,2021-04-01,5572.56,1234.0,4.515850891410049,3326.0,811.1666666666666,4.100267104992809,16.05,16.57,16.19,16.36,17.05,16.27,0.26907248094168645,1.2246467991473532e-16,-1.0
Rizal,2021-07-01,19.02,2021,7,2021-07-01,979.0133333333333,233.33333333333334,4.195771428571429,5572.56,1234.0,4.515850891410049,16.24,16.05,16.57,14.74,18.27,16.28666666666666,0.263122278291761,-0.4999999999999997,-0.8660254037844388
Rizal,2021-08-01,17.35,2021,8,2021-07-01,979.0133333333333,233.33333333333334,4.195771428571429,5572.56,1234.0,4.515850891410049,19.02,16.24,16.05,16.71,20.0,17.10333333333333,1.6625983680171847,-0.8660254037844385,-0.5000000000000004
Rizal,2021-09-01,15.37,2021,9,2021-07-01,979.0133333333333,233.33333333333334,4.195771428571429,5572.56,1234.0,4.515850891410049,17.35,19.02,16.24,16.19,17.28,17.536666666666665,1.3993689053760578,-1.0,-1.8369701987210297e-16
Rizal,2021-10-01,15.87,2021,10,2021-10-01,5739.333333333333,1620.6666666666667,3.541341011929247,979.0133333333333,233.33333333333334,4.195771428571429,15.37,17.35,19.02,16.57,16.08,17.246666666666663,1.8271927466289375,-0.8660254037844386,0.5000000000000001
Rizal,2021-11-01,15.22,2021,11,2021-10-01,5739.333333333333,1620.6666666666667,3.541341011929247,979.0133333333333,233.33333333333334,4.195771428571429,15.87,15.37,17.35,16.05,16.08,16.196666666666662,1.0296277644534741,-0.5000000000000004,0.8660254037844384
Rizal,2021-12-01,16.22,2021,12,2021-10-01,5739.333333333333,1620.6666666666667,3.541341011929247,979.0133333333333,233.33333333333334,4.195771428571429,15.22,15.87,15.37,16.24,16.36,15.486666666666665,0.34034296427794514,-2.4492935982947064e-16,1.0
Rizal,2022-01-01,15.49,2022,1,2022-01-01,2936.0,669.3333333333334,4.386454183266932,5739.333333333333,1620.6666666666667,3.541341011929247,16.22,15.22,15.87,19.02,14.74,15.769999999999998,0.5074445782547566,0.49999999999999994,0.8660254037844387
Rizal,2022-02-01,15.3,2022,2,2022-01-01,2936.0,669.3333333333334,4.386454183266932,5739.333333333333,1620.6666666666667,3.541341011929247,15.49,16.22,15.22,17.35,16.71,15.64333333333333,0.5173329037800404,0.8660254037844386,0.5000000000000001
Rizal,2022-03-01,16.34,2022,3,2022-01-01,2936.0,669.3333333333334,4.386454183266932,5739.333333333333,1620.6666666666667,3.541341011929247,15.3,15.49,16.22,15.37,16.19,15.67,0.48569537778339406,1.0,6.123233995736766e-17
Rizal,2022-04-01,16.38,2022,4,2022-04-01,6264.666666666667,1312.0,4.77489837398374,2936.0,669.3333333333334,4.386454183266932,16.34,15.3,15.49,15.87,16.57,15.709999999999999,0.5538050198401525,0.8660254037844387,-0.4999999999999998
Rizal,2022-05-01,16.43,2022,5,2022-04-01,6264.666666666667,1312.0,4.77489837398374,2936.0,669.3333333333334,4.386454183266932,16.38,16.34,15.3,15.22,16.05,16.006666666666664,0.6123180001710443,0.49999999999999994,-0.8660254037844387
Rizal,2022-06-01,18.0,2022,6,2022-04-01,6264.666666666667,1312.0,4.77489837398374,2936.0,669.3333333333334,4.386454183266932,16.43,16.38,16.34,16.22,16.24,16.38333333333333,0.04509249752948418,1.2246467991473532e-16,-1.0
Rizal,2022-07-01,19.5,2022,7,2022-07-01,557.5,124.0,4.495967741935484,6264.666666666667,1312.0,4.77489837398374,18.0,16.43,16.38,15.49,19.02,16.936666666666664,0.9212129685004531,-0.4999999999999997,-0.8660254037844388
Rizal,2022-08-01,16.92,2022,8,2022-07-01,557.5,124.0,4.495967741935484,6264.666666666667,1312.0,4.77489837398374,19.5,18.0,16.43,15.3,17.35,17.976666666666663,1.535133001838394,-0.8660254037844385,-0.5000000000000004
Rizal,2022-09-01,16.64,2022,9,2022-07-01,557.5,124.0,4.495967741935484,6264.666666666667,1312.0,4.77489837398374,16.92,19.5,18.0,16.34,15.37,18.139999999999997,1.2956851469396466,-1.0,-1.8369701987210297e-16
Rizal,2022-10-01,15.79,2022,10,2022-10-01,5910.566666666667,1799.3333333333333,3.284864764727677,557.5,124.0,4.495967741935484,16.64,16.92,19.5,16.38,15.87,17.686666666666664,1.5766208590949735,-0.8660254037844386,0.5000000000000001
Rizal,2022-11-01,16.12,2022,11,2022-10-01,5910.566666666667,1799.3333333333333,3.284864764727677,557.5,124.0,4.495967741935484,15.79,16.64,16.92,16.43,15.22,16.45,0.5884725991922745,-0.5000000000000004,0.8660254037844384
Rizal,2022-12-01,16.44,2022,12,2022-10-01,5910.566666666667,1799.3333333333333,3.284864764727677,557.5,124.0,4.495967741935484,16.12,15.79,16.64,18.0,16.22,16.18333333333333,0.42852460061641773,-2.4492935982947064e-16,1.0
Rizal,2023-01-01,16.87,2023,1,2023-01-01,2228.1266666666666,549.3333333333334,4.056055825242718,5910.566666666667,1799.3333333333333,3.284864764727677,16.44,16.12,15.79,19.5,15.49,16.116666666666664,0.32501282026016254,0.49999999999999994,0.8660254037844387
Rizal,2023-02-01,16.93,2023,2,2023-01-01,2228.1266666666666,549.3333333333334,4.056055825242718,5910.566666666667,1799.3333333333333,3.284864764727677,16.87,16.44,16.12,16.92,15.3,16.476666666666663,0.37634204300535085,0.8660254037844386,0.5000000000000001
Rizal,2023-03-01,17.23,2023,3,2023-01-01,2228.1266666666666,549.3333333333334,4.056055825242718,5910.566666666667,1799.3333333333333,3.284864764727677,16.93,16.87,16.44,16.64,16.34,16.746666666666666,0.2672701504721865,1.0,6.123233995736766e-17
Rizal,2023-04-01,17.77,2023,4,2023-04-01,6320.0,1660.0,3.8072289156626504,2228.1266666666666,549.3333333333334,4.056055825242718,17.23,16.93,16.87,15.79,16.38,17.009999999999998,0.19287301522005734,0.8660254037844387,-0.4999999999999998
Rizal,2023-05-01,17.39,2023,5,2023-04-01,6320.0,1660.0,3.8072289156626504,2228.1266666666666,549.3333333333334,4.056055825242718,17.77,17.23,16.93,16.12,16.43,17.31,0.4256759330759265,0.49999999999999994,-0.8660254037844387
Rizal,2023-06-01,17.85,2023,6,2023-04-01,6320.0,1660.0,3.8072289156626504,2228.1266666666666,549.3333333333334,4.056055825242718,17.39,17.77,17.23,16.44,18.0,17.463333333333328,0.2773685875029582,1.2246467991473532e-16,-1.0
Rizal,2023-07-01,18.18,2023,7,2023-07-01,985.0133333333333,333.3333333333333,2.9550400000000003,6320.0,1660.0,3.8072289156626504,17.85,17.39,17.77,16.87,19.5,17.669999999999998,0.24576411454897887,-0.4999999999999997,-0.8660254037844388
Rizal,2023-08-01,18.11,2023,8,2023-07-01,985.0133333333333,333.3333333333333,2.9550400000000003,6320.0,1660.0,3.8072289156626504,18.18,17.85,17.39,16.93,16.92,17.80666666666667,0.3967786956646867,-0.8660254037844385,-0.5000000000000004
Rizal,2023-09-01,18.89,2023,9,2023-07-01,985.0133333333333,333.3333333333333,2.9550400000000003,6320.0,1660.0,3.8072289156626504,18.11,18.18,17.85,17.23,16.64,18.046666666666667,0.17387735141000793,-1.0,-1.8369701987210297e-16
Rizal,2023-10-01,19.2,2023,10,2023-10-01,6144.633333333334,1612.6666666666667,3.810231500620091,985.0133333333333,333.3333333333333,2.9550400000000003,18.89,18.11,18.18,17.77,15.79,18.39333333333333,0.43154760262727104,-0.8660254037844386,0.5000000000000001
Rizal,2023-11-01,21.52,2023,11,2023-10-01,6144.633333333334,1612.6666666666667,3.810231500620091,985.0133333333333,333.3333333333333,2.9550400000000003,19.2,18.89,18.11,17.39,16.12,18.73333333333333,0.5616345193569654,-0.5000000000000004,0.8660254037844384
Rizal,2023-12-01,22.29,2023,12,2023-10-01,6144.633333333334,1612.6666666666667,3.810231500620091,985.0133333333333,333.3333333333333,2.9550400000000003,21.52,19.2,18.89,17.85,16.44,19.869999999999994,1.4373239022572273,-2.4492935982947064e-16,1.0
Rizal,2024-01-01,22.98,2024,1,2024-01-01,850.8000000000001,212.4,4.005649717514125,6144.633333333334,1612.6666666666667,3.810231500620091,22.29,21.52,19.2,18.18,16.87,21.00333333333333,1.6084879027624757,0.49999999999999994,0.8660254037844387
Rizal,2024-02-01,24.55,2024,2,2024-01-01,850.8000000000001,212.4,4.005649717514125,6144.633333333334,1612.6666666666667,3.810231500620091,22.98,22.29,21.52,18.11,16.93,22.263333333333332,0.7303652054507862,0.8660254037844386,0.5000000000000001
Rizal,2024-03-01,23.72,2024,3,2024-01-01,850.8000000000001,212.4,4.005649717514125,6144.633333333334,1612.6666666666667,3.810231500620091,24.55,22.98,22.29,18.89,17.23,23.27333333333333,1.1582026305155402,1.0,6.123233995736766e-17
Rizal,2024-04-01,23.37,2024,4,2024-04-01,6235.0,1479.0533333333333,4.215534260653211,850.8000000000001,212.4,4.005649717514125,23.72,24.55,22.98,19.2,17.77,23.749999999999996,0.7854298186342024,0.8660254037844387,-0.4999999999999998
Rizal,2024-05-01,22.55,2024,5,2024-04-01,6235.0,1479.0533333333333,4.215534260653211,850.8000000000001,212.4,4.005649717514125,23.37,23.72,24.55,21.52,17.39,23.879999999999995,0.606052802979863,0.49999999999999994,-0.8660254037844387
Rizal,2024-06-01,23.62,2024,6,2024-04-01,6235.0,1479.0533333333333,4.215534260653211,850.8000000000001,212.4,4.005649717514125,22.55,23.37,23.72,22.29,17.85,23.213333333333335,0.6005275458570675,1.2246467991473532e-16,-1.0
Rizal,2024-07-01,23.79,2024,7,2024-07-01,481.79333333333335,164.56666666666666,2.927648369455135,6235.0,1479.0533333333333,4.215534260653211,23.62,22.55,23.37,22.98,18.18,23.179999999999996,0.5597320787660667,-0.4999999999999997,-0.8660254037844388
Rizal,2024-08-01,24.75,2024,8,2024-07-01,481.79333333333335,164.56666666666666,2.927648369455135,6235.0,1479.0533333333333,4.215534260653211,23.79,23.62,22.55,24.55,18.11,23.319999999999997,0.6722350779301652,-0.8660254037844385,-0.5000000000000004
Rizal,2024-09-01,22.98,2024,9,2024-07-01,481.79333333333335,164.56666666666666,2.927648369455135,6235.0,1479.0533333333333,4.215534260653211,24.75,23.79,23.62,23.72,18.89,24.05333333333333,0.6092892033616552,-1.0,-1.8369701987210297e-16
Rizal,2024-10-01,19.88,2024,10,2024-10-01,4380.946666666667,1416.4266666666665,3.092956924467204,481.79333333333335,164.56666666666666,2.927648369455135,22.98,24.75,23.79,23.37,19.2,23.84,0.8860586888010036,-0.8660254037844386,0.5000000000000001
Rizal,2024-11-01,17.34,2024,11,2024-10-01,4380.946666666667,1416.4266666666665,3.092956924467204,481.79333333333335,164.56666666666666,2.927648369455135,19.88,22.98,24.75,22.55,21.52,22.53666666666666,2.465082824842429,-0.5000000000000004,0.8660254037844384
Rizal,2024-12-01,17.28,2024,12,2024-10-01,4380.946666666667,1416.4266666666665,3.092956924467204,481.79333333333335,164.56666666666666,2.927648369455135,17.34,19.88,22.98,23.62,22.29,20.066666666666663,2.824629769249981,-2.4492935982947064e-16,1.0
Rizal,2025-01-01,17.26,2025,1,2025-01-01,1057.6266666666668,252.0,4.196931216931217,4380.946666666667,1416.4266666666665,3.092956924467204,17.28,17.34,19.88,23.79,22.98,18.16666666666666,1.4840934382084074,0.49999999999999994,0.8660254037844387
Rizal,2025-02-01,17.16,2025,2,2025-01-01,1057.6266666666668,252.0,4.196931216931217,4380.946666666667,1416.4266666666665,3.092956924467204,17.26,17.28,17.34,24.75,24.55,17.293333333333333,0.0416333199886357,0.8660254037844386,0.5000000000000001
Rizal,2025-03-01,17.0,2025,3,2025-01-01,1057.6266666666668,252.0,4.196931216931217,4380.946666666667,1416.4266666666665,3.092956924467204,17.16,17.26,17.28,22.98,23.72,17.23333333333333,0.06429100507285734,1.0,6.123233995736766e-17
Rizal,2025-04-01,16.97,2025,4,2025-04-01,4741.706666666667,1212.0,3.9122992299229926,1057.6266666666668,252.0,4.196931216931217,17.0,17.16,17.26,19.88,23.37,17.139999999999997,0.13114877048584087,0.8660254037844387,-0.4999999999999998
Rizal,2025-05-01,15.18,2025,5,2025-04-01,4741.706666666667,1212.0,3.9122992299229926,1057.6266666666668,252.0,4.196931216931217,16.97,17.0,17.16,17.34,22.55,17.043333333333333,0.10214368964005606,0.49999999999999994,-0.8660254037844387
Rizal,2025-06-01,11.98,2025,6,2025-04-01,4741.706666666667,1212.0,3.9122992299229926,1057.6266666666668,252.0,4.196931216931217,15.18,16.97,17.0,17.28,23.62,16.38333333333333,1.042225183601559,1.2246467991473532e-16,-1.0
Rizal,2025-07-01,11.18,2025,7,2025-07-01,489.24,152.0,3.218684210526316,4741.706666666667,1212.0,3.9122992299229926,11.98,15.18,16.97,17.26,23.79,14.709999999999999,2.527983386021361,-0.4999999999999997,-0.8660254037844388
Rizal,2025-08-01,14.32,2025,8,2025-07-01,489.24,152.0,3.218684210526316,4741.706666666667,1212.0,3.9122992299229926,11.18,11.98,15.18,17.16,24.75,12.779999999999996,2.1166010488516953,-0.8660254037844385,-0.5000000000000004
Rizal,2025-09-01,16.43,2025,9,2025-07-01,489.24,152.0,3.218684210526316,4741.706666666667,1212.0,3.9122992299229926,14.32,11.18,11.98,17.0,22.98,12.49333333333333,1.6317271013663537,-1.0,-1.8369701987210297e-16
Rizal,2025-10-01,12.95,2025,10,2025-10-01,5787.22,1765.3333333333333,3.278259063444109,489.24,152.0,3.218684210526316,16.43,14.32,11.18,16.97,19.88,13.976666666666665,2.641786012025461,-0.8660254037844386,0.5000000000000001
Rizal,2025-11-01,13.28,2025,11,2025-10-01,5787.22,1765.3333333333333,3.278259063444109,489.24,152.0,3.218684210526316,12.95,16.43,14.32,15.18,17.34,14.566666666666663,1.7530639843808806,-0.5000000000000004,0.8660254037844384
Rizal,2025-12-01,14.36,2025,12,2025-10-01,5787.22,1765.3333333333333,3.278259063444109,489.24,152.0,3.218684210526316,13.28,12.95,16.43,11.98,17.28,14.219999999999997,1.9210153565237447,-2.4492935982947064e-16,1.0
Rizal,2026-01-01,20.25,2026,1,2026-01-01,1076.1200000000001,292.6666666666667,3.676947608200456,5787.22,1765.3333333333333,3.278259063444109,14.36,13.28,12.95,11.18,17.26,13.529999999999996,0.7374957626997436,0.49999999999999994,0.8660254037844387
Rizal,2026-02-01,21.66,2026,2,2026-01-01,1076.1200000000001,292.6666666666667,3.676947608200456,5787.22,1765.3333333333333,3.278259063444109,20.25,14.36,13.28,14.32,17.16,15.96333333333333,3.7514308381380705,0.8660254037844386,0.5000000000000001
Rizal,2026-03-01,24.31,2026,3,2026-01-01,1076.1200000000001,292.6666666666667,3.676947608200456,5787.22,1765.3333333333333,3.278259063444109,21.66,20.25,14.36,16.43,17.0,18.756666666666664,3.8723420992124633,1.0,6.123233995736766e-17
Rizal,2026-04-01,21.88,2026,4,2026-04-01,5892.12,1314.0,4.484109589041096,1076.1200000000001,292.6666666666667,3.676947608200456,24.31,21.66,20.25,12.95,16.97,22.073333333333327,2.0613183483715045,0.8660254037844387,-0.4999999999999998
Rizal,2026-05-01,19.17,2026,5,2026-04-01,5892.12,1314.0,4.484109589041096,1076.1200000000001,292.6666666666667,3.676947608200456,21.88,24.31,21.66,13.28,15.18,22.616666666666664,1.470589450979778,0.49999999999999994,-0.8660254037844387
Rizal,2026-06-01,18.51,2026,6,2026-04-01,5892.12,1314.0,4.484109589041096,1076.1200000000001,292.6666666666667,3.676947608200456,19.17,21.88,24.31,14.36,11.98,21.78666666666666,2.5712707623533215,1.2246467991473532e-16,-1.0
Rizal,2026-07-01,18.13,2026,7,2026-07-01,,,,5892.12,1314.0,4.484109589041096,18.51,19.17,21.88,20.25,11.18,19.853333333333328,1.7858984666920759,-0.4999999999999997,-0.8660254037844388
Rizal,2026-08-01,,2026,8,2026-07-01,,,,5892.12,1314.0,4.484109589041096,18.13,18.51,19.17,21.66,14.32,18.60333333333333,0.5262445565829221,-0.8660254037844385,-0.5000000000000004
Rizal,2026-09-01,,2026,9,2026-07-01,,,,5892.12,1314.0,4.484109589041096,,18.13,18.51,24.31,16.43,18.319999999999993,0.2687005768502636,-1.0,-1.8369701987210297e-16
Rizal,2026-10-01,,2026,10,2026-10-01,,,,,,,,,18.13,21.88,12.95,,,-0.8660254037844386,0.5000000000000001
Rizal,2026-11-01,,2026,11,2026-10-01,,,,,,,,,,19.17,13.28,,,-0.5000000000000004,0.8660254037844384
Rizal,2026-12-01,,2026,12,2026-10-01,,,,,,,,,,18.51,14.36,,,-2.4492935982947064e-16,1.0
