geolocation,date,target,year,season,qdate,quarter_supply,area,yield_proxy,quarter_supply_lag,area_lag,yield_proxy_lag,lag_1,lag_2,lag_3,lag_6,lag_12,roll_mean_3,roll_std_3,season_sin,season_cos
Batangas,2010-01-01,5.35,2010,1,2010-01-01,2300.0,,,,,,,,,,,,,0.49999999999999994,0.8660254037844387
Batangas,2010-02-01,6.0,2010,2,2010-01-01,2300.0,,,,,,5.35,,,,,,,0.8660254037844386,0.5000000000000001
Batangas,2010-03-01,4.92,2010,3,2010-01-01,2300.0,,,,,,6.0,5.35,,,,5.675,0.45961940777125615,1.0,6.123233995736766e-17
Batangas,2010-04-01,6.76,2010,4,2010-04-01,375.0,,,2300.0,,,4.92,6.0,5.35,,,5.423333333333333,0.543721742560782,0.8660254037844387,-0.4999999999999998
Batangas,2010-05-01,17.51,2010,5,2010-04-01,375.0,,,2300.0,,,6.76,4.92,6.0,,,5.8933333333333335,0.9246260505379101,0.49999999999999994,-0.8660254037844387
Batangas,2010-06-01,24.67,2010,6,2010-04-01,375.0,,,2300.0,,,17.51,6.76,4.92,,,9.73,6.800198526513768,1.2246467991473532e-16,-1.0
Batangas,2010-07-01,,2010,7,2010-07-01,150.0,,,375.0,,,24.67,17.51,6.76,5.35,,16.313333333333336,9.014767514103363,-0.4999999999999997,-0.8660254037844388
Batangas,2010-08-01,,2010,8,2010-07-01,150.0,,,375.0,,,,24.67,17.51,6.0,,21.090000000000003,5.062884553295672,-0.8660254037844385,-0.5000000000000004
Batangas,2010-09-01,19.96,2010,9,2010-07-01,150.0,,,375.0,,,,,24.67,4.92,,,,-1.0,-1.8369701987210297e-16
Batangas,2010-10-01,16.64,2010,10,2010-10-01,120.0,,,150.0,,,19.96,,,6.76,,,,-0.8660254037844386,0.5000000000000001
Batangas,2010-11-01,26.58,2010,11,2010-10-01,120.0,,,150.0,,,16.64,19.96,,17.51,,18.3,2.3475945135393377,-0.5000000000000004,0.8660254037844384
Batangas,2010-12-01,22.05,2010,12,2010-10-01,120.0,,,150.0,,,26.58,16.64,19.96,24.67,,21.06,5.060474286072402,-2.4492935982947064e-16,1.0
Batangas,2011-01-01,35.39,2011,1,2011-01-01,2350.0,,,120.0,,,22.05,26.58,16.64,,5.35,21.756666666666664,4.976488052164229,0.49999999999999994,0.8660254037844387
Batangas,2011-02-01,18.44,2011,2,2011-01-01,2350.0,,,120.0,,,35.39,22.05,26.58,,6.0,28.006666666666664,6.783467648137885,0.8660254037844386,0.5000000000000001
Batangas,2011-03-01,9.3,2011,3,2011-01-01,2350.0,,,120.0,,,18.44,35.39,22.05,19.96,4.92,25.293333333333333,8.928327577622436,1.0,6.123233995736766e-17
Batangas,2011-04-01,5.08,2011,4,2011-04-01,390.0,,,2350.0,,,9.3,18.44,35.39,16.64,6.76,21.043333333333333,13.238392399885017,0.8660254037844387,-0.4999999999999998
Batangas,2011-05-01,6.84,2011,5,2011-04-01,390.0,,,2350.0,,,5.08,9.3,18.44,26.58,17.51,10.94,6.829319146152133,0.49999999999999994,-0.8660254037844387
Batangas,2011-06-01,28.78,2011,6,2011-04-01,390.0,,,2350.0,,,6.84,5.08,9.3,22.05,24.67,7.073333333333333,2.119654059825201,1.2246467991473532e-16,-1.0
Batangas,2011-07-01,17.34,2011,7,2011-07-01,130.0,,,390.0,,,28.78,6.84,5.08,35.39,,13.566666666666668,13.204489135643735,-0.4999999999999997,-0.8660254037844388
Batangas,2011-08-01,20.44,2011,8,2011-07-01,130.0,,,390.0,,,17.34,28.78,6.84,18.44,,17.653333333333332,10.973355609535917,-0.8660254037844385,-0.5000000000000004
Batangas,2011-09-01,34.12,2011,9,2011-07-01,130.0,,,390.0,,,20.44,17.34,28.78,9.3,19.96,22.186666666666667,5.91663192478063,-1.0,-1.8369701987210297e-16
Batangas,2011-10-01,29.85,2011,10,2011-10-01,100.0,,,130.0,,,34.12,20.44,17.34,5.08,16.64,23.966666666666665,8.928613180854757,-0.8660254037844386,0.5000000000000001
Batangas,2011-11-01,30.77,2011,11,2011-10-01,100.0,,,130.0,,,29.85,34.12,20.44,6.84,26.58,28.136666666666667,6.999088035832478,-0.5000000000000004,0.8660254037844384
Batangas,2011-12-01,22.3,2011,12,2011-10-01,100.0,,,130.0,,,30.77,29.85,34.12,28.78,22.05,31.58,2.247287253557054,-2.4492935982947064e-16,1.0
Batangas,2012-01-01,12.31,2012,1,2012-01-01,2225.0,,,100.0,,,22.3,30.77,29.85,17.34,35.39,27.639999999999997,4.647397120969974,0.49999999999999994,0.8660254037844387
Batangas,2012-02-01,14.45,2012,2,2012-01-01,2225.0,,,100.0,,,12.31,22.3,30.77,20.44,18.44,21.793333333333333,9.240423871951618,0.8660254037844386,0.5000000000000001
Batangas,2012-03-01,19.74,2012,3,2012-01-01,2225.0,,,100.0,,,14.45,12.31,22.3,34.12,9.3,16.35333333333333,5.259946134071463,1.0,6.123233995736766e-17
Batangas,2012-04-01,23.32,2012,4,2012-04-01,320.0,,,2225.0,,,19.74,14.45,12.31,29.85,5.08,15.499999999999998,3.8246699203983567,0.8660254037844387,-0.4999999999999998
Batangas,2012-05-01,25.06,2012,5,2012-04-01,320.0,,,2225.0,,,23.32,19.74,14.45,30.77,6.84,19.169999999999998,4.4623872534776705,0.49999999999999994,-0.8660254037844387
Batangas,2012-06-01,24.27,2012,6,2012-04-01,320.0,,,2225.0,,,25.06,23.32,19.74,22.3,28.78,22.706666666666663,2.712514208872155,1.2246467991473532e-16,-1.0
Batangas,2012-07-01,19.17,2012,7,2012-07-01,100.0,,,320.0,,,24.27,25.06,23.32,12.31,17.34,24.216666666666665,0.8712251909428121,-0.4999999999999997,-0.8660254037844388
Batangas,2012-08-01,22.96,2012,8,2012-07-01,100.0,,,320.0,,,19.17,24.27,25.06,14.45,20.44,22.833333333333332,3.197035084782982,-0.8660254037844385,-0.5000000000000004
Batangas,2012-09-01,26.84,2012,9,2012-07-01,100.0,,,320.0,,,22.96,19.17,24.27,19.74,34.12,22.13333333333333,2.6485908202916755,-1.0,-1.8369701987210297e-16
Batangas,2012-10-01,25.29,2012,10,2012-10-01,80.0,,,100.0,,,26.84,22.96,19.17,23.32,29.85,22.99,3.83508800420538,-0.8660254037844386,0.5000000000000001
Batangas,2012-11-01,15.07,2012,11,2012-10-01,80.0,,,100.0,,,25.29,26.84,22.96,25.06,30.77,25.029999999999998,1.953023297352087,-0.5000000000000004,0.8660254037844384
Batangas,2012-12-01,16.4,2012,12,2012-10-01,80.0,,,100.0,,,15.07,25.29,26.84,24.27,22.3,22.399999999999995,6.395099686478703,-2.4492935982947064e-16,1.0
Batangas,2013-01-01,16.27,2013,1,2013-01-01,2300.0,,,80.0,,,16.4,15.07,25.29,19.17,12.31,18.919999999999998,5.556518694290518,0.49999999999999994,0.8660254037844387
Batangas,2013-02-01,9.41,2013,2,2013-01-01,2300.0,,,80.0,,,16.27,16.4,15.07,22.96,14.45,15.913333333333332,0.7332348418708206,0.8660254037844386,0.5000000000000001
Batangas,2013-03-01,6.51,2013,3,2013-01-01,2300.0,,,80.0,,,9.41,16.27,16.4,26.84,19.74,14.026666666666664,3.998678948519538,1.0,6.123233995736766e-17
Batangas,2013-04-01,20.63,2013,4,2013-04-01,395.0,,,2300.0,,,6.51,9.41,16.27,25.29,23.32,10.729999999999997,5.012105346059676,0.8660254037844387,-0.4999999999999998
Batangas,2013-05-01,,2013,5,2013-04-01,395.0,,,2300.0,,,20.63,6.51,9.41,15.07,25.06,12.183333333333332,7.457354311908032,0.49999999999999994,-0.8660254037844387
Batangas,2013-06-01,16.39,2013,6,2013-04-01,395.0,,,2300.0,,,,20.63,6.51,16.4,24.27,13.569999999999999,9.984347750354049,1.2246467991473532e-16,-1.0
Batangas,2013-07-01,34.71,2013,7,2013-07-01,75.0,,,395.0,,,16.39,,20.63,16.27,19.17,18.509999999999998,2.998132752230959,-0.4999999999999997,-0.8660254037844388
Batangas,2013-08-01,40.21,2013,8,2013-07-01,75.0,,,395.0,,,34.71,16.39,,9.41,22.96,25.549999999999997,12.954196231337551,-0.8660254037844385,-0.5000000000000004
Batangas,2013-09-01,28.95,2013,9,2013-07-01,75.0,,,395.0,,,40.21,34.71,16.39,6.51,26.84,30.436666666666667,12.47173337324581,-1.0,-1.8369701987210297e-16
Batangas,2013-10-01,24.44,2013,10,2013-10-01,70.0,,,75.0,,,28.95,40.21,34.71,20.63,25.29,34.62333333333333,5.630500273806344,-0.8660254037844386,0.5000000000000001
Batangas,2013-11-01,32.52,2013,11,2013-10-01,70.0,,,75.0,,,24.44,28.95,40.21,,15.07,31.2,8.122197978379988,-0.5000000000000004,0.8660254037844384
Batangas,2013-12-01,17.3,2013,12,2013-10-01,70.0,,,75.0,,,32.52,24.44,28.95,16.39,16.4,28.636666666666667,4.04910278127554,-2.4492935982947064e-16,1.0
Batangas,2014-01-01,19.67,2014,1,2014-01-01,2200.0,,,70.0,,,17.3,32.52,24.44,34.71,16.27,24.75333333333333,7.614836395703673,0.49999999999999994,0.8660254037844387
Batangas,2014-02-01,7.0,2014,2,2014-01-01,2200.0,,,70.0,,,19.67,17.3,32.52,40.21,9.41,23.16333333333333,8.189299929379391,0.8660254037844386,0.5000000000000001
Batangas,2014-03-01,7.6,2014,3,2014-01-01,2200.0,,,70.0,,,7.0,19.67,17.3,28.95,6.51,14.656666666666666,6.73592111988652,1.0,6.123233995736766e-17
Batangas,2014-04-01,,2014,4,2014-04-01,360.0,,,2200.0,,,7.6,7.0,19.67,24.44,20.63,11.423333333333332,7.148120965214094,0.8660254037844387,-0.4999999999999998
Batangas,2014-05-01,,2014,5,2014-04-01,360.0,,,2200.0,,,,7.6,7.0,32.52,,7.299999999999997,0.4242640687116853,0.49999999999999994,-0.8660254037844387
Batangas,2014-06-01,11.98,2014,6,2014-04-01,360.0,,,2200.0,,,,,7.6,17.3,16.39,,,1.2246467991473532e-16,-1.0
Batangas,2014-07-01,,2014,7,2014-07-01,35.31,,,360.0,,,11.98,,,19.67,34.71,,,-0.4999999999999997,-0.8660254037844388
Batangas,2014-08-01,23.5,2014,8,2014-07-01,35.31,,,360.0,,,,11.98,,7.0,40.21,,,-0.8660254037844385,-0.5000000000000004
Batangas,2014-09-01,14.07,2014,9,2014-07-01,35.31,,,360.0,,,23.5,,11.98,7.6,28.95,17.739999999999995,8.145870119269025,-1.0,-1.8369701987210297e-16
Batangas,2014-10-01,27.39,2014,10,2014-10-01,90.0,,,35.31,,,14.07,23.5,,,24.44,18.784999999999997,6.668016946589143,-0.8660254037844386,0.5000000000000001
Batangas,2014-11-01,11.07,2014,11,2014-10-01,90.0,,,35.31,,,27.39,14.07,23.5,,32.52,21.653333333333332,6.849323567574636,-0.5000000000000004,0.8660254037844384
Batangas,2014-12-01,15.55,2014,12,2014-10-01,90.0,,,35.31,,,11.07,27.39,14.07,11.98,17.3,17.509999999999998,8.686817599098072,-2.4492935982947064e-16,1.0
Batangas,2015-01-01,22.96,2015,1,2015-01-01,1906.0,,,90.0,,,15.55,11.07,27.39,,19.67,18.00333333333333,8.432065780894579,0.49999999999999994,0.8660254037844387
Batangas,2015-02-01,7.75,2015,2,2015-01-01,1906.0,,,90.0,,,22.96,15.55,11.07,23.5,7.0,16.526666666666667,6.004867470089018,0.8660254037844386,0.5000000000000001
Batangas,2015-03-01,7.14,2015,3,2015-01-01,1906.0,,,90.0,,,7.75,22.96,15.55,14.07,7.6,15.419999999999996,7.605833287681235,1.0,6.123233995736766e-17
Batangas,2015-04-01,,2015,4,2015-04-01,265.0,,,1906.0,,,7.14,7.75,22.96,27.39,,12.616666666666665,8.962780446565297,0.8660254037844387,-0.4999999999999998
Batangas,2015-05-01,,2015,5,2015-04-01,265.0,,,1906.0,,,,7.14,7.75,11.07,,7.444999999999997,0.4313351365233593,0.49999999999999994,-0.8660254037844387
Batangas,2015-06-01,16.52,2015,6,2015-04-01,265.0,,,1906.0,,,,,7.14,15.55,11.98,,,1.2246467991473532e-16,-1.0
Batangas,2015-07-01,21.02,2015,7,2015-07-01,50.0,,,265.0,,,16.52,,,22.96,,,,-0.4999999999999997,-0.8660254037844388
Batangas,2015-08-01,15.57,2015,8,2015-07-01,50.0,,,265.0,,,21.02,16.52,,7.75,23.5,18.769999999999996,3.181980515339464,-0.8660254037844385,-0.5000000000000004
Batangas,2015-09-01,16.1,2015,9,2015-07-01,50.0,,,265.0,,,15.57,21.02,16.52,7.14,14.07,17.70333333333333,2.9113284482059614,-1.0,-1.8369701987210297e-16
Batangas,2015-10-01,,2015,10,2015-10-01,99.23,,,50.0,,,16.1,15.57,21.02,,27.39,17.56333333333333,3.005267597624766,-0.8660254037844386,0.5000000000000001
Batangas,2015-11-01,73.23,2015,11,2015-10-01,99.23,,,50.0,,,,16.1,15.57,,11.07,15.834999999999997,0.3747665940289098,-0.5000000000000004,0.8660254037844384
Batangas,2015-12-01,54.8,2015,12,2015-10-01,99.23,,,50.0,,,73.23,,16.1,16.52,15.55,44.665,40.39701040918746,-2.4492935982947064e-16,1.0
Batangas,2016-01-01,31.33,2016,1,2016-01-01,1940.31,,,99.23,,,54.8,73.23,,21.02,22.96,64.01499999999999,13.031977977268076,0.49999999999999994,0.8660254037844387
Batangas,2016-02-01,11.18,2016,2,2016-01-01,1940.31,,,99.23,,,31.33,54.8,73.23,15.57,7.75,53.12,21.000459518781966,0.8660254037844386,0.5000000000000001
Batangas,2016-03-01,6.56,2016,3,2016-01-01,1940.31,,,99.23,,,11.18,31.33,54.8,16.1,7.14,32.43666666666667,21.83104746303606,1.0,6.123233995736766e-17
Batangas,2016-04-01,,2016,4,2016-04-01,250.0,,,1940.31,,,6.56,11.18,31.33,,,16.356666666666666,13.171432470818555,0.8660254037844387,-0.4999999999999998
Batangas,2016-05-01,,2016,5,2016-04-01,250.0,,,1940.31,,,,6.56,11.18,73.23,,8.870000000000001,3.2668333290818894,0.49999999999999994,-0.8660254037844387
Batangas,2016-06-01,,2016,6,2016-04-01,250.0,,,1940.31,,,,,6.56,54.8,16.52,,,1.2246467991473532e-16,-1.0
Batangas,2016-07-01,,2016,7,2016-07-01,67.5,,,250.0,,,,,,31.33,21.02,,,-0.4999999999999997,-0.8660254037844388
Batangas,2016-08-01,,2016,8,2016-07-01,67.5,,,250.0,,,,,,11.18,15.57,,,-0.8660254037844385,-0.5000000000000004
Batangas,2016-09-01,45.6,2016,9,2016-07-01,67.5,,,250.0,,,,,,6.56,16.1,,,-1.0,-1.8369701987210297e-16
Batangas,2016-10-01,23.93,2016,10,2016-10-01,112.79,,,67.5,,,45.6,,,,,,,-0.8660254037844386,0.5000000000000001
Batangas,2016-11-01,27.67,2016,11,2016-10-01,112.79,,,67.5,,,23.93,45.6,,,73.23,34.765,15.323003948312486,-0.5000000000000004,0.8660254037844384
Batangas,2016-12-01,27.12,2016,12,2016-10-01,112.79,,,67.5,,,27.67,23.93,45.6,,54.8,32.4,11.583475298890226,-2.4492935982947064e-16,1.0
Batangas,2017-01-01,31.91,2017,1,2017-01-01,1864.83,,,112.79,,,27.12,27.67,23.93,,31.33,26.24,2.0193315725754295,0.49999999999999994,0.8660254037844387
Batangas,2017-02-01,20.01,2017,2,2017-01-01,1864.83,,,112.79,,,31.91,27.12,27.67,,11.18,28.900000000000002,2.621202014343796,0.8660254037844386,0.5000000000000001
Batangas,2017-03-01,10.71,2017,3,2017-01-01,1864.83,,,112.79,,,20.01,31.91,27.12,45.6,6.56,26.346666666666668,5.987573242419108,1.0,6.123233995736766e-17
Batangas,2017-04-01,,2017,4,2017-04-01,307.32,,,1864.83,,,10.71,20.01,31.91,23.93,,20.876666666666665,10.62653910421136,0.8660254037844387,-0.4999999999999998
Batangas,2017-05-01,12.97,2017,5,2017-04-01,307.32,,,1864.83,,,,10.71,20.01,27.67,,15.36,6.5760930650348595,0.49999999999999994,-0.8660254037844387
Batangas,2017-06-01,16.25,2017,6,2017-04-01,307.32,,,1864.83,,,12.97,,10.71,27.12,,11.84,1.5980613254815978,1.2246467991473532e-16,-1.0
Batangas,2017-07-01,,2017,7,2017-07-01,62.31,,,307.32,,,16.25,12.97,,31.91,,14.61,2.319310242291876,-0.4999999999999997,-0.8660254037844388
Batangas,2017-08-01,18.2,2017,8,2017-07-01,62.31,,,307.32,,,,16.25,12.97,20.01,,14.61,2.319310242291876,-0.8660254037844385,-0.5000000000000004
Batangas,2017-09-01,22.56,2017,9,2017-07-01,62.31,,,307.32,,,18.2,,16.25,10.71,45.6,17.225,1.3788582233137658,-1.0,-1.8369701987210297e-16
Batangas,2017-10-01,49.04,2017,10,2017-10-01,106.39,,,62.31,,,22.56,18.2,,,23.93,20.38,3.0829855659733467,-0.8660254037844386,0.5000000000000001
Batangas,2017-11-01,14.51,2017,11,2017-10-01,106.39,,,62.31,,,49.04,22.56,18.2,12.97,27.67,29.933333333333334,16.689845215978888,-0.5000000000000004,0.8660254037844384
Batangas,2017-12-01,18.77,2017,12,2017-10-01,106.39,,,62.31,,,14.51,49.04,22.56,16.25,27.12,28.703333333333333,18.066146056459672,-2.4492935982947064e-16,1.0
Batangas,2018-01-01,14.0,2018,1,2018-01-01,1762.45,,,106.39,,,18.77,14.51,49.04,,31.91,27.439999999999998,18.82702578741528,0.49999999999999994,0.8660254037844387
Batangas,2018-02-01,16.95,2018,2,2018-01-01,1762.45,,,106.39,,,14.0,18.77,14.51,18.2,20.01,15.76,2.6191792607608857,0.8660254037844386,0.5000000000000001
Batangas,2018-03-01,23.03,2018,3,2018-01-01,1762.45,,,106.39,,,16.95,14.0,18.77,22.56,10.71,16.573333333333334,2.4072044643804724,1.0,6.123233995736766e-17
Batangas,2018-04-01,19.0,2018,4,2018-04-01,323.64,,,1762.45,,,23.03,16.95,14.0,49.04,,17.993333333333336,4.604523138538158,0.8660254037844387,-0.4999999999999998
Batangas,2018-05-01,15.38,2018,5,2018-04-01,323.64,,,1762.45,,,19.0,23.03,16.95,14.51,12.97,19.66,3.093266881470133,0.49999999999999994,-0.8660254037844387
Batangas,2018-06-01,29.63,2018,6,2018-04-01,323.64,,,1762.45,,,15.38,19.0,23.03,18.77,16.25,19.136666666666667,3.8268307165764845,1.2246467991473532e-16,-1.0
Batangas,2018-07-01,,2018,7,2018-07-01,69.47,,,323.64,,,29.63,15.38,19.0,14.0,,21.336666666666662,7.406796428506274,-0.4999999999999997,-0.8660254037844388
Batangas,2018-08-01,,2018,8,2018-07-01,69.47,,,323.64,,,,29.63,15.38,16.95,18.2,22.504999999999995,10.076271631908298,-0.8660254037844385,-0.5000000000000004
Batangas,2018-09-01,16.56,2018,9,2018-07-01,69.47,,,323.64,,,,,29.63,23.03,22.56,,,-1.0,-1.8369701987210297e-16
Batangas,2018-10-01,14.39,2018,10,2018-10-01,111.28,,,69.47,,,16.56,,,19.0,49.04,,,-0.8660254037844386,0.5000000000000001
Batangas,2018-11-01,31.36,2018,11,2018-10-01,111.28,,,69.47,,,14.39,16.56,,15.38,14.51,15.475,1.5344217151748067,-0.5000000000000004,0.8660254037844384
Batangas,2018-12-01,20.98,2018,12,2018-10-01,111.28,,,69.47,,,31.36,14.39,16.56,29.63,18.77,20.77,9.235166484693169,-2.4492935982947064e-16,1.0
Batangas,2019-01-01,19.6,2019,1,2019-01-01,2026.81,,,111.28,,,20.98,31.36,14.39,,14.0,22.24333333333333,8.555245953994152,0.49999999999999994,0.8660254037844387
Batangas,2019-02-01,18.32,2019,2,2019-01-01,2026.81,,,111.28,,,19.6,20.98,31.36,,16.95,23.98,6.428405712149786,0.8660254037844386,0.5000000000000001
Batangas,2019-03-01,9.79,2019,3,2019-01-01,2026.81,,,111.28,,,18.32,19.6,20.98,16.56,23.03,19.633333333333333,1.330313246319578,1.0,6.123233995736766e-17
Batangas,2019-04-01,12.77,2019,4,2019-04-01,400.5,,,2026.81,,,9.79,18.32,19.6,14.39,19.0,15.903333333333334,5.332844769289029,0.8660254037844387,-0.4999999999999998
Batangas,2019-05-01,46.7,2019,5,2019-04-01,400.5,,,2026.81,,,12.77,9.79,18.32,31.36,15.38,13.626666666666665,4.32904531430815,0.49999999999999994,-0.8660254037844387
Batangas,2019-06-01,,2019,6,2019-04-01,400.5,,,2026.81,,,46.7,12.77,9.79,20.98,29.63,23.086666666666662,20.503956528761307,1.2246467991473532e-16,-1.0
Batangas,2019-07-01,,2019,7,2019-07-01,61.78,,,400.5,,,,46.7,12.77,19.6,,29.734999999999996,23.99213308565956,-0.4999999999999997,-0.8660254037844388
Batangas,2019-08-01,,2019,8,2019-07-01,61.78,,,400.5,,,,,46.7,18.32,,,,-0.8660254037844385,-0.5000000000000004
Batangas,2019-09-01,30.28,2019,9,2019-07-01,61.78,,,400.5,,,,,,9.79,16.56,,,-1.0,-1.8369701987210297e-16
Batangas,2019-10-01,27.26,2019,10,2019-10-01,119.09,,,61.78,,,30.28,,,12.77,14.39,,,-0.8660254037844386,0.5000000000000001
Batangas,2019-11-01,19.48,2019,11,2019-10-01,119.09,,,61.78,,,27.26,30.28,,46.7,31.36,28.769999999999996,2.1354624791833747,-0.5000000000000004,0.8660254037844384
Batangas,2019-12-01,26.84,2019,12,2019-10-01,119.09,,,61.78,,,19.48,27.26,30.28,,20.98,25.673333333333332,5.572085187192793,-2.4492935982947064e-16,1.0
Batangas,2020-01-01,30.25,2020,1,2020-01-01,1418.9,,,119.09,,,26.84,19.48,27.26,,19.6,24.526666666666667,4.375583770576601,0.49999999999999994,0.8660254037844387
Batangas,2020-02-01,26.44,2020,2,2020-01-01,1418.9,,,119.09,,,30.25,26.84,19.48,,18.32,25.52333333333333,5.504401269287454,0.8660254037844386,0.5000000000000001
Batangas,2020-03-01,21.97,2020,3,2020-01-01,1418.9,,,119.09,,,26.44,30.25,26.84,30.28,9.79,27.843333333333334,2.093808332520747,1.0,6.123233995736766e-17
Batangas,2020-04-01,24.49,2020,4,2020-04-01,340.42,,,1418.9,,,21.97,26.44,30.25,27.26,12.77,26.22,4.144381739174132,0.8660254037844387,-0.4999999999999998
Batangas,2020-05-01,22.89,2020,5,2020-04-01,340.42,,,1418.9,,,24.49,21.97,26.44,19.48,46.7,24.299999999999997,2.2410488615824544,0.49999999999999994,-0.8660254037844387
Batangas,2020-06-01,15.57,2020,6,2020-04-01,340.42,,,1418.9,,,22.89,24.49,21.97,26.84,,23.116666666666664,1.275199330823757,1.2246467991473532e-16,-1.0
Batangas,2020-07-01,,2020,7,2020-07-01,55.0,,,340.42,,,15.57,22.89,24.49,30.25,,20.98333333333333,4.755852534859905,-0.4999999999999997,-0.8660254037844388
Batangas,2020-08-01,,2020,8,2020-07-01,55.0,,,340.42,,,,15.57,22.89,26.44,,19.229999999999997,5.176021638285543,-0.8660254037844385,-0.5000000000000004
Batangas,2020-09-01,34.95,2020,9,2020-07-01,55.0,,,340.42,,,,,15.57,21.97,30.28,,,-1.0,-1.8369701987210297e-16
Batangas,2020-10-01,43.81,2020,10,2020-10-01,75.0,,,55.0,,,34.95,,,24.49,27.26,,,-0.8660254037844386,0.5000000000000001
Batangas,2020-11-01,65.05,2020,11,2020-10-01,75.0,,,55.0,,,43.81,34.95,,22.89,19.48,39.379999999999995,6.264966081312811,-0.5000000000000004,0.8660254037844384
Batangas,2020-12-01,,2020,12,2020-10-01,75.0,,,55.0,,,65.05,43.81,34.95,15.57,26.84,47.93666666666667,15.46850132796753,-2.4492935982947064e-16,1.0
Batangas,2021-01-01,66.48,2021,1,2021-01-01,1915.52,,,75.0,,,,65.05,43.81,,30.25,54.43,15.018948032402266,0.49999999999999994,0.8660254037844387
Batangas,2021-02-01,16.18,2021,2,2021-01-01,1915.52,,,75.0,,,66.48,,65.05,,26.44,65.76499999999999,1.0111626970967678,0.8660254037844386,0.5000000000000001
Batangas,2021-03-01,8.9,2021,3,2021-01-01,1915.52,,,75.0,,,16.18,66.48,,34.95,21.97,41.33,35.567471093683345,1.0,6.123233995736766e-17
Batangas,2021-04-01,8.55,2021,4,2021-04-01,369.15,,,1915.52,,,8.9,16.18,66.48,43.81,24.49,30.519999999999996,31.35427881486034,0.8660254037844387,-0.4999999999999998
Batangas,2021-05-01,9.25,2021,5,2021-04-01,369.15,,,1915.52,,,8.55,8.9,16.18,65.05,22.89,11.209999999999996,4.307702403834266,0.49999999999999994,-0.8660254037844387
Batangas,2021-06-01,,2021,6,2021-04-01,369.15,,,1915.52,,,9.25,8.55,8.9,,15.57,8.899999999999997,0.3499999999992675,1.2246467991473532e-16,-1.0
Batangas,2021-07-01,,2021,7,2021-07-01,25.66,,,369.15,,,,9.25,8.55,66.48,,8.899999999999995,0.49497474682954734,-0.4999999999999997,-0.8660254037844388
Batangas,2021-08-01,,2021,8,2021-07-01,25.66,,,369.15,,,,,9.25,16.18,,,,-0.8660254037844385,-0.5000000000000004
Batangas,2021-09-01,33.0,2021,9,2021-07-01,25.66,,,369.15,,,,,,8.9,34.95,,,-1.0,-1.8369701987210297e-16
Batangas,2021-10-01,31.78,2021,10,2021-10-01,100.2,,,25.66,,,33.0,,,8.55,43.81,,,-0.8660254037844386,0.5000000000000001
Batangas,2021-11-01,29.09,2021,11,2021-10-01,100.2,,,25.66,,,31.78,33.0,,9.25,65.05,32.38999999999999,0.8626702730475871,-0.5000000000000004,0.8660254037844384
Batangas,2021-12-01,,2021,12,2021-10-01,100.2,,,25.66,,,29.09,31.78,33.0,,,31.289999999999996,2.0005249311118316,-2.4492935982947064e-16,1.0
Batangas,2022-01-01,26.1,2022,1,2022-01-01,1877.86,,,100.2,,,,29.09,31.78,,66.48,30.434999999999995,1.902117241391811,0.49999999999999994,0.8660254037844387
Batangas,2022-02-01,28.29,2022,2,2022-01-01,1877.86,,,100.2,,,26.1,,29.09,,16.18,27.59499999999999,2.114249275747775,0.8660254037844386,0.5000000000000001
Batangas,2022-03-01,35.34,2022,3,2022-01-01,1877.86,,,100.2,,,28.29,26.1,,33.0,8.9,27.194999999999993,1.5485638507985375,1.0,6.123233995736766e-17
Batangas,2022-04-01,74.64,2022,4,2022-04-01,345.58,,,1877.86,,,35.34,28.29,26.1,31.78,8.55,29.909999999999997,4.8283226901274965,0.8660254037844387,-0.4999999999999998
Batangas,2022-05-01,51.95,2022,5,2022-04-01,345.58,,,1877.86,,,74.64,35.34,28.29,29.09,9.25,46.089999999999996,24.97503753750933,0.49999999999999994,-0.8660254037844387
Batangas,2022-06-01,38.74,2022,6,2022-04-01,345.58,,,1877.86,,,51.95,74.64,35.34,,,53.97666666666667,19.728229351194535,1.2246467991473532e-16,-1.0
Batangas,2022-07-01,16.67,2022,7,2022-07-01,23.75,,,345.58,,,38.74,51.95,74.64,26.1,,55.11000000000001,18.157414463518762,-0.4999999999999997,-0.8660254037844388
Batangas,2022-08-01,25.06,2022,8,2022-07-01,23.75,,,345.58,,,16.67,38.74,51.95,28.29,,35.78666666666666,17.824456045931207,-0.8660254037844385,-0.5000000000000004
Batangas,2022-09-01,38.96,2022,9,2022-07-01,23.75,,,345.58,,,25.06,16.67,38.74,35.34,33.0,26.823333333333327,11.140163074808804,-1.0,-1.8369701987210297e-16
Batangas,2022-10-01,55.23,2022,10,2022-10-01,94.37,,,23.75,,,38.96,25.06,16.67,74.64,31.78,26.896666666666665,11.257932018507374,-0.8660254037844386,0.5000000000000001
Batangas,2022-11-01,51.73,2022,11,2022-10-01,94.37,,,23.75,,,55.23,38.96,25.06,51.95,29.09,39.74999999999999,15.100506614017958,-0.5000000000000004,0.8660254037844384
Batangas,2022-12-01,50.36,2022,12,2022-10-01,94.37,,,23.75,,,51.73,55.23,38.96,38.74,,48.63999999999999,8.563836756968225,-2.4492935982947064e-16,1.0
Batangas,2023-01-01,30.52,2023,1,2023-01-01,2118.49,,,94.37,,,50.36,51.73,55.23,16.67,26.1,52.44,2.511433853399297,0.49999999999999994,0.8660254037844387
Batangas,2023-02-01,15.0,2023,2,2023-01-01,2118.49,,,94.37,,,30.52,50.36,51.73,25.06,28.29,44.203333333333326,11.869896096147327,0.8660254037844386,0.5000000000000001
Batangas,2023-03-01,17.08,2023,3,2023-01-01,2118.49,,,94.37,,,15.0,30.52,50.36,38.96,35.34,31.959999999999997,17.723927330024814,1.0,6.123233995736766e-17
Batangas,2023-04-01,11.47,2023,4,2023-04-01,155.48,,,2118.49,,,17.08,15.0,30.52,55.23,74.64,20.866666666666664,8.424472288121919,0.8660254037844387,-0.4999999999999998
Batangas,2023-05-01,13.02,2023,5,2023-04-01,155.48,,,2118.49,,,11.47,17.08,15.0,51.73,51.95,14.516666666666666,2.8360594728133472,0.49999999999999994,-0.8660254037844387
Batangas,2023-06-01,19.95,2023,6,2023-04-01,155.48,,,2118.49,,,13.02,11.47,17.08,50.36,38.74,13.856666666666664,2.8970732357561038,1.2246467991473532e-16,-1.0
Batangas,2023-07-01,55.61,2023,7,2023-07-01,36.0,,,155.48,,,19.95,13.02,11.47,30.52,16.67,14.81333333333333,4.5154881611332245,-0.4999999999999997,-0.8660254037844388
Batangas,2023-08-01,72.34,2023,8,2023-07-01,36.0,,,155.48,,,55.61,19.95,13.02,15.0,25.06,29.52666666666666,22.853039914491326,-0.8660254037844385,-0.5000000000000004
Batangas,2023-09-01,45.94,2023,9,2023-07-01,36.0,,,155.48,,,72.34,55.61,19.95,17.08,38.96,49.29999999999999,26.758925613708783,-1.0,-1.8369701987210297e-16
Batangas,2023-10-01,63.63,2023,10,2023-10-01,183.1,,,36.0,,,45.94,72.34,55.61,11.47,55.23,57.96333333333333,13.356407950243694,-0.8660254037844386,0.5000000000000001
Batangas,2023-11-01,33.73,2023,11,2023-10-01,183.1,,,36.0,,,63.63,45.94,72.34,13.02,51.73,60.63666666666666,13.452138615600603,-0.5000000000000004,0.8660254037844384
Batangas,2023-12-01,20.39,2023,12,2023-10-01,183.1,,,36.0,,,33.73,63.63,45.94,19.95,50.36,47.76666666666666,15.033463783617307,-2.4492935982947064e-16,1.0
Batangas,2024-01-01,23.21,2024,1,2024-01-01,1800.0,,,183.1,,,20.39,33.73,63.63,55.61,30.52,39.24999999999999,22.142204045668084,0.49999999999999994,0.8660254037844387
Batangas,2024-02-01,34.3,2024,2,2024-01-01,1800.0,,,183.1,,,23.21,20.39,33.73,72.34,15.0,25.77666666666666,7.030628231768021,0.8660254037844386,0.5000000000000001
Batangas,2024-03-01,26.8,2024,3,2024-01-01,1800.0,,,183.1,,,34.3,23.21,20.39,45.94,17.08,25.966666666666658,7.353328044724616,1.0,6.123233995736766e-17
Batangas,2024-04-01,30.0,2024,4,2024-04-01,187.0,,,1800.0,,,26.8,34.3,23.21,63.63,11.47,28.103333333333328,5.658713045678629,0.8660254037844387,-0.4999999999999998
Batangas,2024-05-01,40.0,2024,5,2024-04-01,187.0,,,1800.0,,,30.0,26.8,34.3,33.73,13.02,30.36666666666666,3.763420430052092,0.49999999999999994,-0.8660254037844387
Batangas,2024-06-01,,2024,6,2024-04-01,187.0,,,1800.0,,,40.0,30.0,26.8,20.39,19.95,32.26666666666666,6.885734044626866,1.2246467991473532e-16,-1.0
Batangas,2024-07-01,80.0,2024,7,2024-07-01,55.1,,,187.0,,,,40.0,30.0,23.21,55.61,34.99999999999999,7.071067811865487,-0.4999999999999997,-0.8660254037844388
Batangas,2024-08-01,45.0,2024,8,2024-07-01,55.1,,,187.0,,,80.0,,40.0,34.3,72.34,59.99999999999999,28.284271247461902,-0.8660254037844385,-0.5000000000000004
Batangas,2024-09-01,40.0,2024,9,2024-07-01,55.1,,,187.0,,,45.0,80.0,,26.8,45.94,62.49999999999999,24.748737341529164,-1.0,-1.8369701987210297e-16
Batangas,2024-10-01,96.14,2024,10,2024-10-01,153.65,,,55.1,,,40.0,45.0,80.0,30.0,63.63,55.0,21.79449471770337,-0.8660254037844386,0.5000000000000001
Batangas,2024-11-01,110.47,2024,11,2024-10-01,153.65,,,55.1,,,96.14,40.0,45.0,40.0,33.73,60.379999999999995,31.069811714910667,-0.5000000000000004,0.8660254037844384
Batangas,2024-12-01,270.0,2024,12,2024-10-01,153.65,,,55.1,,,110.47,96.14,40.0,,20.39,82.20333333333333,37.244841701010536,-2.4492935982947064e-16,1.0
Batangas,2025-01-01,28.3,2025,1,2025-01-01,1650.1,88.0,18.751136363636363,153.65,,,270.0,110.47,96.14,80.0,23.21,158.87,96.50774528502879,0.49999999999999994,0.8660254037844387
Batangas,2025-02-01,28.85,2025,2,2025-01-01,1650.1,88.0,18.751136363636363,153.65,,,28.3,270.0,110.47,45.0,34.3,136.2566666666667,122.89603994162437,0.8660254037844386,0.5000000000000001
Batangas,2025-03-01,21.27,2025,3,2025-01-01,1650.1,88.0,18.751136363636363,153.65,,,28.85,28.3,270.0,40.0,26.8,109.05,139.38706001634444,1.0,6.123233995736766e-17
Batangas,2025-04-01,25.0,2025,4,2025-04-01,170.3,85.71,1.986932679967332,1650.1,88.0,18.751136363636363,21.27,28.85,28.3,96.14,30.0,26.14,4.226499733822897,0.8660254037844387,-0.4999999999999998
Batangas,2025-05-01,80.0,2025,5,2025-04-01,170.3,85.71,1.986932679967332,1650.1,88.0,18.751136363636363,25.0,21.27,28.85,110.47,40.0,25.040000000000003,3.7901583080400556,0.49999999999999994,-0.8660254037844387
Batangas,2025-06-01,,2025,6,2025-04-01,170.3,85.71,1.986932679967332,1650.1,88.0,18.751136363636363,80.0,25.0,21.27,270.0,,42.089999999999996,32.883952013102146,1.2246467991473532e-16,-1.0
Batangas,2025-07-01,38.03,2025,7,2025-07-01,50.0,11.8,4.23728813559322,170.3,85.71,1.986932679967332,,80.0,25.0,28.3,80.0,52.5,38.89087296526023,-0.4999999999999997,-0.8660254037844388
Batangas,2025-08-01,38.53,2025,8,2025-07-01,50.0,11.8,4.23728813559322,170.3,85.71,1.986932679967332,38.03,,80.0,28.85,45.0,59.015,29.677271606399398,-0.8660254037844385,-0.5000000000000004
Batangas,2025-09-01,36.8,2025,9,2025-07-01,50.0,11.8,4.23728813559322,170.3,85.71,1.986932679967332,38.53,38.03,,21.27,40.0,38.28,0.3535533905932738,-1.0,-1.8369701987210297e-16
Batangas,2025-10-01,50.5,2025,10,2025-10-01,143.71,20.0,7.1855,50.0,11.8,4.23728813559322,36.8,38.53,38.03,25.0,96.14,37.78666666666667,0.8902995750495105,-0.8660254037844386,0.5000000000000001
Batangas,2025-11-01,50.0,2025,11,2025-10-01,143.71,20.0,7.1855,50.0,11.8,4.23728813559322,50.5,36.8,38.53,80.0,110.47,41.943333333333335,7.460605426728671,-0.5000000000000004,0.8660254037844384
Batangas,2025-12-01,55.0,2025,12,2025-10-01,143.71,20.0,7.1855,50.0,11.8,4.23728813559322,50.0,50.5,36.8,,270.0,45.76666666666667,7.769384359994893,-2.4492935982947064e-16,1.0
Batangas,2026-01-01,53.03,2026,1,2026-01-01,1135.21,61.34,18.50684708183893,143.71,20.0,7.1855,55.0,50.0,50.5,38.03,28.3,51.833333333333336,2.7537852736430044,0.49999999999999994,0.8660254037844387
Batangas,2026-02-01,42.97,2026,2,2026-01-01,1135.21,61.34,18.50684708183893,143.71,20.0,7.1855,53.03,55.0,50.0,38.53,28.85,52.67666666666667,2.518657049566902,0.8660254037844386,0.5000000000000001
Batangas,2026-03-01,41.27,2026,3,2026-01-01,1135.21,61.34,18.50684708183893,143.71,20.0,7.1855,42.97,53.03,55.0,36.8,21.27,50.333333333333336,6.452459479402651,1.0,6.123233995736766e-17
Batangas,2026-04-01,38.28,2026,4,2026-04-01,145.82,92.57,1.57524035864751,1135.21,61.34,18.50684708183893,41.27,42.97,53.03,50.5,25.0,45.75666666666667,6.355984057038944,0.8660254037844387,-0.4999999999999998
Batangas,2026-05-01,41.42,2026,5,2026-04-01,145.82,92.57,1.57524035864751,1135.21,61.34,18.50684708183893,38.28,41.27,42.97,50.0,80.0,40.84,2.374384130674733,0.49999999999999994,-0.8660254037844387
Batangas,2026-06-01,41.03,2026,6,2026-04-01,145.82,92.57,1.57524035864751,1135.21,61.34,18.50684708183893,41.42,38.28,41.27,55.0,,40.32333333333333,1.7711672234245313,1.2246467991473532e-16,-1.0
Batangas,2026-07-01,,2026,7,2026-07-01,,,,145.82,92.57,1.57524035864751,41.03,41.42,38.28,53.03,38.03,40.24333333333333,1.7114418872206447,-0.4999999999999997,-0.8660254037844388
Batangas,2026-08-01,,2026,8,2026-07-01,,,,145.82,92.57,1.57524035864751,,41.03,41.42,42.97,38.53,41.224999999999994,0.2757716446627172,-0.8660254037844385,-0.5000000000000004
Batangas,2026-09-01,,2026,9,2026-07-01,,,,145.82,92.57,1.57524035864751,,,41.03,41.27,36.8,,,-1.0,-1.8369701987210297e-16
Batangas,2026-10-01,,2026,10,2026-10-01,,,,,,,,,,38.28,50.5,,,-0.8660254037844386,0.5000000000000001
Batangas,2026-11-01,,2026,11,2026-10-01,,,,,,,,,,41.42,50.0,,,-0.5000000000000004,0.8660254037844384
Batangas,2026-12-01,,2026,12,2026-10-01,,,,,,,,,,41.03,55.0,,,-2.4492935982947064e-16,1.0
Cavite,2010-01-01,6.94,2010,1,2010-01-01,132.6,,,,,,,,,,,,,0.49999999999999994,0.8660254037844387
Cavite,2010-02-01,3.4,2010,2,2010-01-01,132.6,,,,,,6.94,,,,,,,0.8660254037844386,0.5000000000000001
Cavite,2010-03-01,3.22,2010,3,2010-01-01,132.6,,,,,,3.4,6.94,,,,5.17,2.5031580054003784,1.0,6.123233995736766e-17
Cavite,2010-04-01,8.0,2010,4,2010-04-01,5.25,,,132.6,,,3.22,3.4,6.94,,,4.5200000000000005,2.0977130404323656,0.8660254037844387,-0.4999999999999998
Cavite,2010-05-01,19.09,2010,5,2010-04-01,5.25,,,132.6,,,8.0,3.22,3.4,,,4.873333333333334,2.709268043832749,0.49999999999999994,-0.8660254037844387
Cavite,2010-06-01,,2010,6,2010-04-01,5.25,,,132.6,,,19.09,8.0,3.22,,,10.103333333333333,8.141390135187807,1.2246467991473532e-16,-1.0
Cavite,2010-07-01,,2010,7,2010-07-01,0.0,,,5.25,,,,19.09,8.0,6.94,,13.545000000000002,7.841814203358816,-0.4999999999999997,-0.8660254037844388
Cavite,2010-08-01,,2010,8,2010-07-01,0.0,,,5.25,,,,,19.09,3.4,,,,-0.8660254037844385,-0.5000000000000004
Cavite,2010-09-01,,2010,9,2010-07-01,0.0,,,5.25,,,,,,3.22,,,,-1.0,-1.8369701987210297e-16
Cavite,2010-10-01,,2010,10,2010-10-01,20.0,,,0.0,,,,,,8.0,,,,-0.8660254037844386,0.5000000000000001
Cavite,2010-11-01,,2010,11,2010-10-01,20.0,,,0.0,,,,,,19.09,,,,-0.5000000000000004,0.8660254037844384
Cavite,2010-12-01,10.58,2010,12,2010-10-01,20.0,,,0.0,,,,,,,,,,-2.4492935982947064e-16,1.0
Cavite,2011-01-01,29.9,2011,1,2011-01-01,125.0,,,20.0,,,10.58,,,,6.94,,,0.49999999999999994,0.8660254037844387
Cavite,2011-02-01,20.0,2011,2,2011-01-01,125.0,,,20.0,,,29.9,10.58,,,3.4,20.24,13.661303012524096,0.8660254037844386,0.5000000000000001
Cavite,2011-03-01,5.63,2011,3,2011-01-01,125.0,,,20.0,,,20.0,29.9,10.58,,3.22,20.16,9.660993737706281,1.0,6.123233995736766e-17
Cavite,2011-04-01,5.18,2011,4,2011-04-01,5.09,,,125.0,,,5.63,20.0,29.9,,8.0,18.51,12.203413456898032,0.8660254037844387,-0.4999999999999998
Cavite,2011-05-01,6.03,2011,5,2011-04-01,5.09,,,125.0,,,5.18,5.63,20.0,,19.09,10.27,8.429430585751325,0.49999999999999994,-0.8660254037844387
Cavite,2011-06-01,5.59,2011,6,2011-04-01,5.09,,,125.0,,,6.03,5.18,5.63,10.58,,5.613333333333333,0.42524502740568193,1.2246467991473532e-16,-1.0
Cavite,2011-07-01,,2011,7,2011-07-01,0.0,,,5.09,,,5.59,6.03,5.18,29.9,,5.6000000000000005,0.42508822613655844,-0.4999999999999997,-0.8660254037844388
Cavite,2011-08-01,,2011,8,2011-07-01,0.0,,,5.09,,,,5.59,6.03,20.0,,5.8100000000000005,0.3111269837218412,-0.8660254037844385,-0.5000000000000004
Cavite,2011-09-01,,2011,9,2011-07-01,0.0,,,5.09,,,,,5.59,5.63,,,,-1.0,-1.8369701987210297e-16
Cavite,2011-10-01,,2011,10,2011-10-01,20.8,,,0.0,,,,,,5.18,,,,-0.8660254037844386,0.5000000000000001
Cavite,2011-11-01,,2011,11,2011-10-01,20.8,,,0.0,,,,,,6.03,,,,-0.5000000000000004,0.8660254037844384
Cavite,2011-12-01,23.86,2011,12,2011-10-01,20.8,,,0.0,,,,,,5.59,10.58,,,-2.4492935982947064e-16,1.0
Cavite,2012-01-01,10.77,2012,1,2012-01-01,161.0,,,20.8,,,23.86,,,,29.9,,,0.49999999999999994,0.8660254037844387
Cavite,2012-02-01,14.65,2012,2,2012-01-01,161.0,,,20.8,,,10.77,23.86,,,20.0,17.314999999999998,9.256027765731906,0.8660254037844386,0.5000000000000001
Cavite,2012-03-01,10.88,2012,3,2012-01-01,161.0,,,20.8,,,14.65,10.77,23.86,,5.63,16.426666666666666,6.72342422678603,1.0,6.123233995736766e-17
Cavite,2012-04-01,15.35,2012,4,2012-04-01,5.35,,,161.0,,,10.88,14.65,10.77,,5.18,12.1,2.2090495693849834,0.8660254037844387,-0.4999999999999998
Cavite,2012-05-01,19.33,2012,5,2012-04-01,5.35,,,161.0,,,15.35,10.88,14.65,,6.03,13.626666666666667,2.4042947683953626,0.49999999999999994,-0.8660254037844387
Cavite,2012-06-01,19.74,2012,6,2012-04-01,5.35,,,161.0,,,19.33,15.35,10.88,23.86,5.59,15.186666666666667,4.227367186953755,1.2246467991473532e-16,-1.0
Cavite,2012-07-01,,2012,7,2012-07-01,0.0,,,5.35,,,19.74,19.33,15.35,10.77,,18.14,2.4248917501612297,-0.4999999999999997,-0.8660254037844388
Cavite,2012-08-01,,2012,8,2012-07-01,0.0,,,5.35,,,,19.74,19.33,14.65,,19.535,0.2899137802864898,-0.8660254037844385,-0.5000000000000004
Cavite,2012-09-01,,2012,9,2012-07-01,0.0,,,5.35,,,,,19.74,10.88,,,,-1.0,-1.8369701987210297e-16
Cavite,2012-10-01,,2012,10,2012-10-01,40.0,,,0.0,,,,,,15.35,,,,-0.8660254037844386,0.5000000000000001
Cavite,2012-11-01,,2012,11,2012-10-01,40.0,,,0.0,,,,,,19.33,,,,-0.5000000000000004,0.8660254037844384
Cavite,2012-12-01,,2012,12,2012-10-01,40.0,,,0.0,,,,,,19.74,23.86,,,-2.4492935982947064e-16,1.0
Cavite,2013-01-01,9.11,2013,1,2013-01-01,165.83,,,40.0,,,,,,,10.77,,,0.49999999999999994,0.8660254037844387
Cavite,2013-02-01,5.64,2013,2,2013-01-01,165.83,,,40.0,,,9.11,,,,14.65,,,0.8660254037844386,0.5000000000000001
Cavite,2013-03-01,6.59,2013,3,2013-01-01,165.83,,,40.0,,,5.64,9.11,,,10.88,7.375,2.45366053071732,1.0,6.123233995736766e-17
Cavite,2013-04-01,10.47,2013,4,2013-04-01,5.5,,,165.83,,,6.59,5.64,9.11,,15.35,7.113333333333333,1.7932187076130268,0.8660254037844387,-0.4999999999999998
Cavite,2013-05-01,,2013,5,2013-04-01,5.5,,,165.83,,,10.47,6.59,5.64,,19.33,7.566666666666666,2.558834370046904,0.49999999999999994,-0.8660254037844387
Cavite,2013-06-01,,2013,6,2013-04-01,5.5,,,165.83,,,,10.47,6.59,,19.74,8.53,2.7435743110038042,1.2246467991473532e-16,-1.0
Cavite,2013-07-01,,2013,7,2013-07-01,0.0,,,5.5,,,,,10.47,9.11,,,,-0.4999999999999997,-0.8660254037844388
Cavite,2013-08-01,,2013,8,2013-07-01,0.0,,,5.5,,,,,,5.64,,,,-0.8660254037844385,-0.5000000000000004
Cavite,2013-09-01,,2013,9,2013-07-01,0.0,,,5.5,,,,,,6.59,,,,-1.0,-1.8369701987210297e-16
Cavite,2013-10-01,,2013,10,2013-10-01,45.0,,,0.0,,,,,,10.47,,,,-0.8660254037844386,0.5000000000000001
Cavite,2013-11-01,,2013,11,2013-10-01,45.0,,,0.0,,,,,,,,,,-0.5000000000000004,0.8660254037844384
Cavite,2013-12-01,18.83,2013,12,2013-10-01,45.0,,,0.0,,,,,,,,,,-2.4492935982947064e-16,1.0
Cavite,2014-01-01,10.94,2014,1,2014-01-01,176.13,,,45.0,,,18.83,,,,9.11,,,0.49999999999999994,0.8660254037844387
Cavite,2014-02-01,5.56,2014,2,2014-01-01,176.13,,,45.0,,,10.94,18.83,,,5.64,14.884999999999998,5.579072503561859,0.8660254037844386,0.5000000000000001
Cavite,2014-03-01,6.59,2014,3,2014-01-01,176.13,,,45.0,,,5.56,10.94,18.83,,6.59,11.776666666666666,6.674446294138063,1.0,6.123233995736766e-17
Cavite,2014-04-01,9.09,2014,4,2014-04-01,5.61,,,176.13,,,6.59,5.56,10.94,,10.47,7.696666666666666,2.855631862361347,0.8660254037844387,-0.4999999999999998
Cavite,2014-05-01,,2014,5,2014-04-01,5.61,,,176.13,,,9.09,6.59,5.56,,,7.080000000000001,1.815296119094624,0.49999999999999994,-0.8660254037844387
Cavite,2014-06-01,,2014,6,2014-04-01,5.61,,,176.13,,,,9.09,6.59,18.83,,7.840000000000002,1.7677669529663689,1.2246467991473532e-16,-1.0
Cavite,2014-07-01,,2014,7,2014-07-01,0.0,,,5.61,,,,,9.09,10.94,,,,-0.4999999999999997,-0.8660254037844388
Cavite,2014-08-01,,2014,8,2014-07-01,0.0,,,5.61,,,,,,5.56,,,,-0.8660254037844385,-0.5000000000000004
Cavite,2014-09-01,,2014,9,2014-07-01,0.0,,,5.61,,,,,,6.59,,,,-1.0,-1.8369701987210297e-16
Cavite,2014-10-01,,2014,10,2014-10-01,45.99,,,0.0,,,,,,9.09,,,,-0.8660254037844386,0.5000000000000001
Cavite,2014-11-01,,2014,11,2014-10-01,45.99,,,0.0,,,,,,,,,,-0.5000000000000004,0.8660254037844384
Cavite,2014-12-01,9.83,2014,12,2014-10-01,45.99,,,0.0,,,,,,,18.83,,,-2.4492935982947064e-16,1.0
Cavite,2015-01-01,16.85,2015,1,2015-01-01,174.36,,,45.99,,,9.83,,,,10.94,,,0.49999999999999994,0.8660254037844387
Cavite,2015-02-01,6.72,2015,2,2015-01-01,174.36,,,45.99,,,16.85,9.83,,,5.56,13.340000000000002,4.963889603929565,0.8660254037844386,0.5000000000000001
Cavite,2015-03-01,11.89,2015,3,2015-01-01,174.36,,,45.99,,,6.72,16.85,9.83,,6.59,11.133333333333335,5.18924207696397,1.0,6.123233995736766e-17
Cavite,2015-04-01,8.55,2015,4,2015-04-01,5.4,,,174.36,,,11.89,6.72,16.85,,9.09,11.820000000000002,5.065362770819085,0.8660254037844387,-0.4999999999999998
Cavite,2015-05-01,,2015,5,2015-04-01,5.4,,,174.36,,,8.55,11.89,6.72,,,9.053333333333335,2.6214944847039687,0.49999999999999994,-0.8660254037844387
Cavite,2015-06-01,,2015,6,2015-04-01,5.4,,,174.36,,,,8.55,11.89,9.83,,10.220000000000002,2.361736649163067,1.2246467991473532e-16,-1.0
Cavite,2015-07-01,,2015,7,2015-07-01,0.0,,,5.4,,,,,8.55,16.85,,,,-0.4999999999999997,-0.8660254037844388
Cavite,2015-08-01,,2015,8,2015-07-01,0.0,,,5.4,,,,,,6.72,,,,-0.8660254037844385,-0.5000000000000004
Cavite,2015-09-01,,2015,9,2015-07-01,0.0,,,5.4,,,,,,11.89,,,,-1.0,-1.8369701987210297e-16
Cavite,2015-10-01,,2015,10,2015-10-01,45.0,,,0.0,,,,,,8.55,,,,-0.8660254037844386,0.5000000000000001
Cavite,2015-11-01,,2015,11,2015-10-01,45.0,,,0.0,,,,,,,,,,-0.5000000000000004,0.8660254037844384
Cavite,2015-12-01,70.0,2015,12,2015-10-01,45.0,,,0.0,,,,,,,9.83,,,-2.4492935982947064e-16,1.0
Cavite,2016-01-01,31.36,2016,1,2016-01-01,170.87,,,45.0,,,70.0,,,,16.85,,,0.49999999999999994,0.8660254037844387
Cavite,2016-02-01,8.0,2016,2,2016-01-01,170.87,,,45.0,,,31.36,70.0,,,6.72,50.68,27.3226060250482,0.8660254037844386,0.5000000000000001
Cavite,2016-03-01,7.13,2016,3,2016-01-01,170.87,,,45.0,,,8.0,31.36,70.0,,11.89,36.45333333333333,31.312242547178464,1.0,6.123233995736766e-17
Cavite,2016-04-01,22.73,2016,4,2016-04-01,6.36,,,170.87,,,7.13,8.0,31.36,,8.55,15.496666666666668,13.744934824630246,0.8660254037844387,-0.4999999999999998
Cavite,2016-05-01,,2016,5,2016-04-01,6.36,,,170.87,,,22.73,7.13,8.0,,,12.62,8.766316216062474,0.49999999999999994,-0.8660254037844387
Cavite,2016-06-01,,2016,6,2016-04-01,6.36,,,170.87,,,,22.73,7.13,70.0,,14.93,11.030865786510132,1.2246467991473532e-16,-1.0
Cavite,2016-07-01,,2016,7,2016-07-01,0.0,,,6.36,,,,,22.73,31.36,,,,-0.4999999999999997,-0.8660254037844388
Cavite,2016-08-01,,2016,8,2016-07-01,0.0,,,6.36,,,,,,8.0,,,,-0.8660254037844385,-0.5000000000000004
Cavite,2016-09-01,,2016,9,2016-07-01,0.0,,,6.36,,,,,,7.13,,,,-1.0,-1.8369701987210297e-16
Cavite,2016-10-01,29.92,2016,10,2016-10-01,38.39,,,0.0,,,,,,22.73,,,,-0.8660254037844386,0.5000000000000001
Cavite,2016-11-01,28.81,2016,11,2016-10-01,38.39,,,0.0,,,29.92,,,,,,,-0.5000000000000004,0.8660254037844384
Cavite,2016-12-01,22.92,2016,12,2016-10-01,38.39,,,0.0,,,28.81,29.92,,,70.0,29.365000000000002,0.7848885271170711,-2.4492935982947064e-16,1.0
Cavite,2017-01-01,20.35,2017,1,2017-01-01,159.66,,,38.39,,,22.92,28.81,29.92,,31.36,27.21666666666667,3.762184649021541,0.49999999999999994,0.8660254037844387
Cavite,2017-02-01,11.52,2017,2,2017-01-01,159.66,,,38.39,,,20.35,22.92,28.81,,8.0,24.026666666666667,4.337214928192207,0.8660254037844386,0.5000000000000001
Cavite,2017-03-01,9.34,2017,3,2017-01-01,159.66,,,38.39,,,11.52,20.35,22.92,,7.13,18.263333333333332,5.979601435993319,1.0,6.123233995736766e-17
Cavite,2017-04-01,13.8,2017,4,2017-04-01,9.8,,,159.66,,,9.34,11.52,20.35,29.92,22.73,13.736666666666666,5.830114349936318,0.8660254037844387,-0.4999999999999998
Cavite,2017-05-01,,2017,5,2017-04-01,9.8,,,159.66,,,13.8,9.34,11.52,28.81,,11.553333333333333,2.2301868382118526,0.49999999999999994,-0.8660254037844387
Cavite,2017-06-01,,2017,6,2017-04-01,9.8,,,159.66,,,,13.8,9.34,22.92,,11.569999999999999,3.1536962440920164,1.2246467991473532e-16,-1.0
Cavite,2017-07-01,,2017,7,2017-07-01,0.0,,,9.8,,,,,13.8,20.35,,,,-0.4999999999999997,-0.8660254037844388
Cavite,2017-08-01,,2017,8,2017-07-01,0.0,,,9.8,,,,,,11.52,,,,-0.8660254037844385,-0.5000000000000004
Cavite,2017-09-01,,2017,9,2017-07-01,0.0,,,9.8,,,,,,9.34,,,,-1.0,-1.8369701987210297e-16
Cavite,2017-10-01,,2017,10,2017-10-01,45.0,,,0.0,,,,,,13.8,29.92,,,-0.8660254037844386,0.5000000000000001
Cavite,2017-11-01,20.58,2017,11,2017-10-01,45.0,,,0.0,,,,,,,28.81,,,-0.5000000000000004,0.8660254037844384
Cavite,2017-12-01,20.3,2017,12,2017-10-01,45.0,,,0.0,,,20.58,,,,22.92,,,-2.4492935982947064e-16,1.0
Cavite,2018-01-01,17.84,2018,1,2018-01-01,166.4,,,45.0,,,20.3,20.58,,,20.35,20.439999999999998,0.19798989873223033,0.49999999999999994,0.8660254037844387
Cavite,2018-02-01,13.06,2018,2,2018-01-01,166.4,,,45.0,,,17.84,20.3,20.58,,11.52,19.573333333333334,1.5076250639112259,0.8660254037844386,0.5000000000000001
Cavite,2018-03-01,25.28,2018,3,2018-01-01,166.4,,,45.0,,,13.06,17.84,20.3,,9.34,17.066666666666666,3.681430881238069,1.0,6.123233995736766e-17
Cavite,2018-04-01,16.23,2018,4,2018-04-01,8.96,,,166.4,,,25.28,13.06,17.84,,13.8,18.72666666666667,6.158062465851847,0.8660254037844387,-0.4999999999999998
Cavite,2018-05-01,,2018,5,2018-04-01,8.96,,,166.4,,,16.23,25.28,13.06,20.58,,18.19,6.3413957454175645,0.49999999999999994,-0.8660254037844387
Cavite,2018-06-01,,2018,6,2018-04-01,8.96,,,166.4,,,,16.23,25.28,20.3,,20.755000000000003,6.399316369738257,1.2246467991473532e-16,-1.0
Cavite,2018-07-01,,2018,7,2018-07-01,0.0,,,8.96,,,,,16.23,17.84,,,,-0.4999999999999997,-0.8660254037844388
Cavite,2018-08-01,,2018,8,2018-07-01,0.0,,,8.96,,,,,,13.06,,,,-0.8660254037844385,-0.5000000000000004
Cavite,2018-09-01,,2018,9,2018-07-01,0.0,,,8.96,,,,,,25.28,,,,-1.0,-1.8369701987210297e-16
Cavite,2018-10-01,28.34,2018,10,2018-10-01,48.74,,,0.0,,,,,,16.23,,,,-0.8660254037844386,0.5000000000000001
Cavite,2018-11-01,30.83,2018,11,2018-10-01,48.74,,,0.0,,,28.34,,,,20.58,,,-0.5000000000000004,0.8660254037844384
Cavite,2018-12-01,28.04,2018,12,2018-10-01,48.74,,,0.0,,,30.83,28.34,,,20.3,29.585,1.760695885154501,-2.4492935982947064e-16,1.0
Cavite,2019-01-01,29.06,2019,1,2019-01-01,139.98,,,48.74,,,28.04,30.83,28.34,,17.84,29.070000000000004,1.531567824159282,0.49999999999999994,0.8660254037844387
Cavite,2019-02-01,20.77,2019,2,2019-01-01,139.98,,,48.74,,,29.06,28.04,30.83,,13.06,29.31,1.4117011015083887,0.8660254037844386,0.5000000000000001
Cavite,2019-03-01,7.97,2019,3,2019-01-01,139.98,,,48.74,,,20.77,29.06,28.04,,25.28,25.956666666666667,4.520645234182104,1.0,6.123233995736766e-17
Cavite,2019-04-01,13.0,2019,4,2019-04-01,8.8,,,139.98,,,7.97,20.77,29.06,28.34,16.23,19.26666666666667,10.625066274303114,0.8660254037844387,-0.4999999999999998
Cavite,2019-05-01,31.78,2019,5,2019-04-01,8.8,,,139.98,,,13.0,7.97,20.77,30.83,,13.913333333333334,6.448692373910661,0.49999999999999994,-0.8660254037844387
Cavite,2019-06-01,28.74,2019,6,2019-04-01,8.8,,,139.98,,,31.78,13.0,7.97,28.04,,17.583333333333332,12.549272223253965,1.2246467991473532e-16,-1.0
Cavite,2019-07-01,40.0,2019,7,2019-07-01,43.45,,,8.8,,,28.74,31.78,13.0,29.06,,24.50666666666667,10.080324068864723,-0.4999999999999997,-0.8660254037844388
Cavite,2019-08-01,,2019,8,2019-07-01,43.45,,,8.8,,,40.0,28.74,31.78,20.77,,33.50666666666667,5.825198136830491,-0.8660254037844385,-0.5000000000000004
Cavite,2019-09-01,41.67,2019,9,2019-07-01,43.45,,,8.8,,,,40.0,28.74,7.97,,34.370000000000005,7.962022356160536,-1.0,-1.8369701987210297e-16
Cavite,2019-10-01,21.77,2019,10,2019-10-01,45.16,,,43.45,,,41.67,,40.0,13.0,28.34,40.83500000000001,1.1808683245815357,-0.8660254037844386,0.5000000000000001
Cavite,2019-11-01,20.57,2019,11,2019-10-01,45.16,,,43.45,,,21.77,41.67,,31.78,30.83,31.720000000000006,14.071424945612296,-0.5000000000000004,0.8660254037844384
Cavite,2019-12-01,28.27,2019,12,2019-10-01,45.16,,,43.45,,,20.57,21.77,41.67,28.74,28.04,28.003333333333334,11.85087901099886,-2.4492935982947064e-16,1.0
Cavite,2020-01-01,22.51,2020,1,2020-01-01,116.42,,,45.16,,,28.27,20.57,21.77,40.0,29.06,23.536666666666672,4.142865353029628,0.49999999999999994,0.8660254037844387
Cavite,2020-02-01,14.26,2020,2,2020-01-01,116.42,,,45.16,,,22.51,28.27,20.57,,20.77,23.783333333333335,4.004813770118818,0.8660254037844386,0.5000000000000001
Cavite,2020-03-01,30.71,2020,3,2020-01-01,116.42,,,45.16,,,14.26,22.51,28.27,41.67,7.97,21.680000000000003,7.041782444807562,1.0,6.123233995736766e-17
Cavite,2020-04-01,25.77,2020,4,2020-04-01,7.0,,,116.42,,,30.71,14.26,22.51,21.77,13.0,22.49333333333334,8.225012664630572,0.8660254037844387,-0.4999999999999998
Cavite,2020-05-01,39.66,2020,5,2020-04-01,7.0,,,116.42,,,25.77,30.71,14.26,20.57,31.78,23.580000000000002,8.44083526672568,0.49999999999999994,-0.8660254037844387
Cavite,2020-06-01,28.27,2020,6,2020-04-01,7.0,,,116.42,,,39.66,25.77,30.71,28.27,28.74,32.046666666666674,7.0408119796890825,1.2246467991473532e-16,-1.0
Cavite,2020-07-01,30.48,2020,7,2020-07-01,25.44,,,7.0,,,28.27,39.66,25.77,22.51,40.0,31.233333333333334,7.403987664315311,-0.4999999999999997,-0.8660254037844388
Cavite,2020-08-01,34.55,2020,8,2020-07-01,25.44,,,7.0,,,30.48,28.27,39.66,14.26,,32.803333333333335,6.039986203074746,-0.8660254037844385,-0.5000000000000004
Cavite,2020-09-01,41.92,2020,9,2020-07-01,25.44,,,7.0,,,34.55,30.48,28.27,30.71,41.67,31.100000000000005,3.1855768708351673,-1.0,-1.8369701987210297e-16
Cavite,2020-10-01,46.36,2020,10,2020-10-01,32.98,,,25.44,,,41.92,34.55,30.48,25.77,21.77,35.650000000000006,5.798784355362767,-0.8660254037844386,0.5000000000000001
Cavite,2020-11-01,84.39,2020,11,2020-10-01,32.98,,,25.44,,,46.36,41.92,34.55,39.66,20.57,40.943333333333335,5.965268923806648,-0.5000000000000004,0.8660254037844384
Cavite,2020-12-01,96.76,2020,12,2020-10-01,32.98,,,25.44,,,84.39,46.36,41.92,28.27,28.27,57.55666666666667,23.3441477319977,-2.4492935982947064e-16,1.0
Cavite,2021-01-01,52.43,2021,1,2021-01-01,141.39,,,32.98,,,96.76,84.39,46.36,30.48,22.51,75.83666666666666,26.266130916702092,0.49999999999999994,0.8660254037844387
Cavite,2021-02-01,22.37,2021,2,2021-01-01,141.39,,,32.98,,,52.43,96.76,84.39,34.55,14.26,77.86,22.87504972672191,0.8660254037844386,0.5000000000000001
Cavite,2021-03-01,9.9,2021,3,2021-01-01,141.39,,,32.98,,,22.37,52.43,96.76,41.92,30.71,57.18666666666667,37.422418860000676,1.0,6.123233995736766e-17
Cavite,2021-04-01,10.96,2021,4,2021-04-01,7.55,,,141.39,,,9.9,22.37,52.43,46.36,25.77,28.233333333333334,21.86285053082821,0.8660254037844387,-0.4999999999999998
Cavite,2021-05-01,10.22,2021,5,2021-04-01,7.55,,,141.39,,,10.96,9.9,22.37,84.39,39.66,14.410000000000002,6.913906276483852,0.49999999999999994,-0.8660254037844387
Cavite,2021-06-01,25.0,2021,6,2021-04-01,7.55,,,141.39,,,10.22,10.96,9.9,96.76,28.27,10.360000000000001,0.5436910887654441,1.2246467991473532e-16,-1.0
Cavite,2021-07-01,67.46,2021,7,2021-07-01,27.48,,,7.55,,,25.0,10.22,10.96,52.43,30.48,15.393333333333333,8.327840856628809,-0.4999999999999997,-0.8660254037844388
Cavite,2021-08-01,62.14,2021,8,2021-07-01,27.48,,,7.55,,,67.46,25.0,10.22,22.37,34.55,34.22666666666667,29.71452394593148,-0.8660254037844385,-0.5000000000000004
Cavite,2021-09-01,30.31,2021,9,2021-07-01,27.48,,,7.55,,,62.14,67.46,25.0,9.9,41.92,51.53333333333333,23.131989394198996,-1.0,-1.8369701987210297e-16
Cavite,2021-10-01,35.52,2021,10,2021-10-01,28.47,,,27.48,,,30.31,62.14,67.46,10.96,46.36,53.303333333333335,20.089689727154447,-0.8660254037844386,0.5000000000000001
Cavite,2021-11-01,23.96,2021,11,2021-10-01,28.47,,,27.48,,,35.52,30.31,62.14,10.22,84.39,42.656666666666666,17.072967912268073,-0.5000000000000004,0.8660254037844384
Cavite,2021-12-01,20.37,2021,12,2021-10-01,28.47,,,27.48,,,23.96,35.52,30.31,25.0,96.76,29.929999999999996,5.789360931916585,-2.4492935982947064e-16,1.0
Cavite,2022-01-01,22.75,2022,1,2022-01-01,172.44,,,28.47,,,20.37,23.96,35.52,67.46,52.43,26.616666666666664,7.916693333288554,0.49999999999999994,0.8660254037844387
Cavite,2022-02-01,19.97,2022,2,2022-01-01,172.44,,,28.47,,,22.75,20.37,23.96,62.14,22.37,22.36,1.8264993840683652,0.8660254037844386,0.5000000000000001
Cavite,2022-03-01,32.39,2022,3,2022-01-01,172.44,,,28.47,,,19.97,22.75,20.37,30.31,9.9,21.03,1.502930470781042,1.0,6.123233995736766e-17
Cavite,2022-04-01,60.46,2022,4,2022-04-01,7.47,,,172.44,,,32.39,19.97,22.75,35.52,10.96,25.036666666666665,6.518108109976044,0.8660254037844387,-0.4999999999999998
Cavite,2022-05-01,45.48,2022,5,2022-04-01,7.47,,,172.44,,,60.46,32.39,19.97,23.96,10.22,37.60666666666666,20.74295623418551,0.49999999999999994,-0.8660254037844387
Cavite,2022-06-01,28.02,2022,6,2022-04-01,7.47,,,172.44,,,45.48,60.46,32.39,20.37,25.0,46.10999999999999,14.045600734749724,1.2246467991473532e-16,-1.0
Cavite,2022-07-01,19.23,2022,7,2022-07-01,22.73,,,7.47,,,28.02,45.48,60.46,22.75,67.46,44.653333333333336,16.235791737187792,-0.4999999999999997,-0.8660254037844388
Cavite,2022-08-01,27.39,2022,8,2022-07-01,22.73,,,7.47,,,19.23,28.02,45.48,19.97,62.14,30.909999999999997,13.361500664221895,-0.8660254037844385,-0.5000000000000004
Cavite,2022-09-01,25.66,2022,9,2022-07-01,22.73,,,7.47,,,27.39,19.23,28.02,32.39,30.31,24.88,4.903172442409321,-1.0,-1.8369701987210297e-16
Cavite,2022-10-01,60.5,2022,10,2022-10-01,29.75,,,22.73,,,25.66,27.39,19.23,60.46,35.52,24.093333333333334,4.299678282538767,-0.8660254037844386,0.5000000000000001
Cavite,2022-11-01,47.34,2022,11,2022-10-01,29.75,,,22.73,,,60.5,25.66,27.39,45.48,23.96,37.85,19.634538446319592,-0.5000000000000004,0.8660254037844384
Cavite,2022-12-01,52.26,2022,12,2022-10-01,29.75,,,22.73,,,47.34,60.5,25.66,28.02,20.37,44.5,17.5927712427577,-2.4492935982947064e-16,1.0
Cavite,2023-01-01,16.87,2023,1,2023-01-01,148.35,,,29.75,,,52.26,47.34,60.5,19.23,22.75,53.36666666666667,6.649431053356036,0.49999999999999994,0.8660254037844387
Cavite,2023-02-01,15.78,2023,2,2023-01-01,148.35,,,29.75,,,16.87,52.26,47.34,27.39,19.97,38.82333333333333,19.17063466172509,0.8660254037844386,0.5000000000000001
Cavite,2023-03-01,10.1,2023,3,2023-01-01,148.35,,,29.75,,,15.78,16.87,52.26,25.66,32.39,28.30333333333333,20.75423892445433,1.0,6.123233995736766e-17
Cavite,2023-04-01,11.64,2023,4,2023-04-01,7.08,,,148.35,,,10.1,15.78,16.87,60.5,60.46,14.25,3.635092846132253,0.8660254037844387,-0.4999999999999998
Cavite,2023-05-01,16.0,2023,5,2023-04-01,7.08,,,148.35,,,11.64,10.1,15.78,47.34,45.48,12.506666666666666,2.937504609925779,0.49999999999999994,-0.8660254037844387
Cavite,2023-06-01,13.35,2023,6,2023-04-01,7.08,,,148.35,,,16.0,11.64,10.1,52.26,28.02,12.579999999999998,3.0602614267414916,1.2246467991473532e-16,-1.0
Cavite,2023-07-01,14.55,2023,7,2023-07-01,20.39,,,7.08,,,13.35,16.0,11.64,16.87,19.23,13.663333333333334,2.1968234643082276,-0.4999999999999997,-0.8660254037844388
Cavite,2023-08-01,31.71,2023,8,2023-07-01,20.39,,,7.08,,,14.55,13.35,16.0,15.78,27.39,14.633333333333333,1.3269639532915738,-0.8660254037844385,-0.5000000000000004
Cavite,2023-09-01,91.76,2023,9,2023-07-01,20.39,,,7.08,,,31.71,14.55,13.35,10.1,25.66,19.87,10.271280348622652,-1.0,-1.8369701987210297e-16
Cavite,2023-10-01,70.86,2023,10,2023-10-01,34.54,,,20.39,,,91.76,31.71,14.55,11.64,60.5,46.00666666666667,40.5418553267279,-0.8660254037844386,0.5000000000000001
Cavite,2023-11-01,71.32,2023,11,2023-10-01,34.54,,,20.39,,,70.86,91.76,31.71,16.0,47.34,64.77666666666666,30.483697829058325,-0.5000000000000004,0.8660254037844384
Cavite,2023-12-01,31.58,2023,12,2023-10-01,34.54,,,20.39,,,71.32,70.86,91.76,13.35,52.26,77.98,11.93604624655928,-2.4492935982947064e-16,1.0
Cavite,2024-01-01,68.94,2024,1,2024-01-01,206.36,,,34.54,,,31.58,71.32,70.86,14.55,16.87,57.919999999999995,22.812268628963714,0.49999999999999994,0.8660254037844387
Cavite,2024-02-01,65.13,2024,2,2024-01-01,206.36,,,34.54,,,68.94,31.58,71.32,31.71,15.78,57.279999999999994,22.288642847872143,0.8660254037844386,0.5000000000000001
Cavite,2024-03-01,59.71,2024,3,2024-01-01,206.36,,,34.54,,,65.13,68.94,31.58,91.76,10.1,55.21666666666666,20.558405418060406,1.0,6.123233995736766e-17
Cavite,2024-04-01,137.33,2024,4,2024-04-01,16.01,,,206.36,,,59.71,65.13,68.94,70.86,11.64,64.59333333333333,4.638343813618755,0.8660254037844387,-0.4999999999999998
Cavite,2024-05-01,117.86,2024,5,2024-04-01,16.01,,,206.36,,,137.33,59.71,65.13,71.32,16.0,87.39,43.33412973627142,0.49999999999999994,-0.8660254037844387
Cavite,2024-06-01,153.57,2024,6,2024-04-01,16.01,,,206.36,,,117.86,137.33,59.71,31.58,13.35,104.96666666666665,40.38433648499546,1.2246467991473532e-16,-1.0
Cavite,2024-07-01,196.67,2024,7,2024-07-01,43.02,,,16.01,,,153.57,117.86,137.33,68.94,14.55,136.25333333333333,17.879329778639235,-0.4999999999999997,-0.8660254037844388
Cavite,2024-08-01,131.76,2024,8,2024-07-01,43.02,,,16.01,,,196.67,153.57,117.86,65.13,31.71,156.0333333333333,39.46270433375464,-0.8660254037844385,-0.5000000000000004
Cavite,2024-09-01,139.51,2024,9,2024-07-01,43.02,,,16.01,,,131.76,196.67,153.57,59.71,91.76,160.66666666666666,33.031788224880245,-1.0,-1.8369701987210297e-16
Cavite,2024-10-01,86.61,2024,10,2024-10-01,48.3,,,43.02,,,139.51,131.76,196.67,137.33,70.86,155.98,35.450990113112546,-0.8660254037844386,0.5000000000000001
Cavite,2024-11-01,80.0,2024,11,2024-10-01,48.3,,,43.02,,,86.61,139.51,131.76,117.86,71.32,119.29333333333334,28.568616230635552,-0.5000000000000004,0.8660254037844384
Cavite,2024-12-01,,2024,12,2024-10-01,48.3,,,43.02,,,80.0,86.61,139.51,153.57,31.58,102.03999999999998,32.61784327634183,-2.4492935982947064e-16,1.0
Cavite,2025-01-01,132.82,2025,1,2025-01-01,205.14,24.21,8.473358116480792,48.3,,,,80.0,86.61,196.67,68.94,83.30499999999998,4.673975823642312,0.49999999999999994,0.8660254037844387
Cavite,2025-02-01,86.04,2025,2,2025-01-01,205.14,24.21,8.473358116480792,48.3,,,132.82,,80.0,131.76,65.13,106.40999999999997,37.349380182273435,0.8660254037844386,0.5000000000000001
Cavite,2025-03-01,62.69,2025,3,2025-01-01,205.14,24.21,8.473358116480792,48.3,,,86.04,132.82,,139.51,59.71,109.42999999999998,33.07845522390669,1.0,6.123233995736766e-17
Cavite,2025-04-01,60.41,2025,4,2025-04-01,205.14,12.43,16.503620273531777,205.14,24.21,8.473358116480792,62.69,86.04,132.82,86.61,137.33,93.84999999999998,35.71136093738238,0.8660254037844387,-0.4999999999999998
Cavite,2025-05-01,54.9,2025,5,2025-04-01,205.14,12.43,16.503620273531777,205.14,24.21,8.473358116480792,60.41,62.69,86.04,80.0,117.86,69.71333333333331,14.18519063436704,0.49999999999999994,-0.8660254037844387
Cavite,2025-06-01,150.0,2025,6,2025-04-01,205.14,12.43,16.503620273531777,205.14,24.21,8.473358116480792,54.9,60.41,62.69,,153.57,59.333333333333314,4.005050977619925,1.2246467991473532e-16,-1.0
Cavite,2025-07-01,,2025,7,2025-07-01,42.88,4.3,9.972093023255814,205.14,12.43,16.503620273531777,150.0,54.9,60.41,132.82,196.67,88.43666666666665,53.38654356046413,-0.4999999999999997,-0.8660254037844388
Cavite,2025-08-01,,2025,8,2025-07-01,42.88,4.3,9.972093023255814,205.14,12.43,16.503620273531777,,150.0,54.9,86.04,131.76,102.44999999999997,67.24585489084068,-0.8660254037844385,-0.5000000000000004
Cavite,2025-09-01,120.0,2025,9,2025-07-01,42.88,4.3,9.972093023255814,205.14,12.43,16.503620273531777,,,150.0,62.69,139.51,,,-1.0,-1.8369701987210297e-16
Cavite,2025-10-01,113.75,2025,10,2025-10-01,45.3,12.01,3.7718567860116567,42.88,4.3,9.972093023255814,120.0,,,60.41,86.61,,,-0.8660254037844386,0.5000000000000001
Cavite,2025-11-01,106.67,2025,11,2025-10-01,45.3,12.01,3.7718567860116567,42.88,4.3,9.972093023255814,113.75,120.0,,54.9,80.0,116.87499999999997,4.419417382415922,-0.5000000000000004,0.8660254037844384
Cavite,2025-12-01,112.5,2025,12,2025-10-01,45.3,12.01,3.7718567860116567,42.88,4.3,9.972093023255814,106.67,113.75,120.0,150.0,,113.47333333333331,6.669305311149977,-2.4492935982947064e-16,1.0
Cavite,2026-01-01,38.39,2026,1,2026-01-01,210.65,24.65,8.545638945233266,45.3,12.01,3.7718567860116567,112.5,106.67,113.75,,132.82,110.97333333333331,3.7788402100820915,0.49999999999999994,0.8660254037844387
Cavite,2026-02-01,29.7,2026,2,2026-01-01,210.65,24.65,8.545638945233266,45.3,12.01,3.7718567860116567,38.39,112.5,106.67,,86.04,85.85333333333331,41.20768415396979,0.8660254037844386,0.5000000000000001
Cavite,2026-03-01,20.39,2026,3,2026-01-01,210.65,24.65,8.545638945233266,45.3,12.01,3.7718567860116567,29.7,38.39,112.5,120.0,62.69,60.19666666666664,45.503934262141904,1.0,6.123233995736766e-17
Cavite,2026-04-01,35.03,2026,4,2026-04-01,235.15,14.2,16.55985915492958,210.65,24.65,8.545638945233266,20.39,29.7,38.39,113.75,60.41,29.493333333333315,9.001779453715368,0.8660254037844387,-0.4999999999999998
Cavite,2026-05-01,19.76,2026,5,2026-04-01,235.15,14.2,16.55985915492958,210.65,24.65,8.545638945233266,35.03,20.39,29.7,106.67,54.9,28.373333333333317,7.409617623962262,0.49999999999999994,-0.8660254037844387
Cavite,2026-06-01,53.79,2026,6,2026-04-01,235.15,14.2,16.55985915492958,210.65,24.65,8.545638945233266,19.76,35.03,20.39,112.5,150.0,25.059999999999985,8.640017361093598,1.2246467991473532e-16,-1.0
Cavite,2026-07-01,,2026,7,2026-07-01,,,,235.15,14.2,16.55985915492958,53.79,19.76,35.03,38.39,,36.193333333333314,17.04480077130068,-0.4999999999999997,-0.8660254037844388
Cavite,2026-08-01,,2026,8,2026-07-01,,,,235.15,14.2,16.55985915492958,,53.79,19.76,29.7,,36.77499999999997,24.06284376377817,-0.8660254037844385,-0.5000000000000004
Cavite,2026-09-01,,2026,9,2026-07-01,,,,235.15,14.2,16.55985915492958,,,53.79,20.39,120.0,,,-1.0,-1.8369701987210297e-16
Cavite,2026-10-01,,2026,10,2026-10-01,,,,,,,,,,35.03,113.75,,,-0.8660254037844386,0.5000000000000001
Cavite,2026-11-01,,2026,11,2026-10-01,,,,,,,,,,19.76,106.67,,,-0.5000000000000004,0.8660254037844384
Cavite,2026-12-01,,2026,12,2026-10-01,,,,,,,,,,53.79,112.5,,,-2.4492935982947064e-16,1.0
Laguna,2010-01-01,5.85,2010,1,2010-01-01,250.13,,,,,,,,,,,,,0.49999999999999994,0.8660254037844387
Laguna,2010-02-01,5.34,2010,2,2010-01-01,250.13,,,,,,5.85,,,,,,,0.8660254037844386,0.5000000000000001
Laguna,2010-03-01,5.2,2010,3,2010-01-01,250.13,,,,,,5.34,5.85,,,,5.595,0.36062445840513907,1.0,6.123233995736766e-17
Laguna,2010-04-01,4.93,2010,4,2010-04-01,6218.0,,,250.13,,,5.2,5.34,5.85,,,5.463333333333334,0.34210134950527904,0.8660254037844387,-0.4999999999999998
Laguna,2010-05-01,14.95,2010,5,2010-04-01,6218.0,,,250.13,,,4.93,5.2,5.34,,,5.156666666666666,0.20840665376454046,0.49999999999999994,-0.8660254037844387
Laguna,2010-06-01,,2010,6,2010-04-01,6218.0,,,250.13,,,14.95,4.93,5.2,,,8.36,5.7087038809172785,1.2246467991473532e-16,-1.0
Laguna,2010-07-01,33.39,2010,7,2010-07-01,329.67,,,6218.0,,,,14.95,4.93,5.85,,9.94,7.085209947489207,-0.4999999999999997,-0.8660254037844388
Laguna,2010-08-01,32.7,2010,8,2010-07-01,329.67,,,6218.0,,,33.39,,14.95,5.34,,24.17,13.039049045079937,-0.8660254037844385,-0.5000000000000004
Laguna,2010-09-01,18.81,2010,9,2010-07-01,329.67,,,6218.0,,,32.7,33.39,,5.2,,33.045,0.4879036790187162,-1.0,-1.8369701987210297e-16
Laguna,2010-10-01,15.7,2010,10,2010-10-01,378.0,,,329.67,,,18.81,32.7,33.39,4.93,,28.3,8.225819108149658,-0.8660254037844386,0.5000000000000001
Laguna,2010-11-01,29.17,2010,11,2010-10-01,378.0,,,329.67,,,15.7,18.81,32.7,14.95,,22.403333333333336,9.051742005455822,-0.5000000000000004,0.8660254037844384
Laguna,2010-12-01,27.76,2010,12,2010-10-01,378.0,,,329.67,,,29.17,15.7,18.81,,,21.226666666666667,7.052689794208546,-2.4492935982947064e-16,1.0
Laguna,2011-01-01,32.27,2011,1,2011-01-01,245.32,,,378.0,,,27.76,29.17,15.7,33.39,5.85,24.210000000000004,7.403519433350602,0.49999999999999994,0.8660254037844387
Laguna,2011-02-01,13.59,2011,2,2011-01-01,245.32,,,378.0,,,32.27,27.76,29.17,32.7,5.34,29.733333333333334,2.3071699836235036,0.8660254037844386,0.5000000000000001
Laguna,2011-03-01,8.58,2011,3,2011-01-01,245.32,,,378.0,,,13.59,32.27,27.76,18.81,5.2,24.540000000000003,9.747404782812707,1.0,6.123233995736766e-17
Laguna,2011-04-01,3.97,2011,4,2011-04-01,6329.0,,,245.32,,,8.58,13.59,32.27,15.7,4.93,18.146666666666665,12.485048391309242,0.8660254037844387,-0.4999999999999998
Laguna,2011-05-01,4.6,2011,5,2011-04-01,6329.0,,,245.32,,,3.97,8.58,13.59,29.17,14.95,8.713333333333333,4.811385801755411,0.49999999999999994,-0.8660254037844387
Laguna,2011-06-01,21.58,2011,6,2011-04-01,6329.0,,,245.32,,,4.6,3.97,8.58,27.76,,5.716666666666666,2.4996466416943033,1.2246467991473532e-16,-1.0
Laguna,2011-07-01,,2011,7,2011-07-01,296.7,,,6329.0,,,21.58,4.6,3.97,32.27,33.39,10.049999999999999,9.990240237351662,-0.4999999999999997,-0.8660254037844388
Laguna,2011-08-01,25.13,2011,8,2011-07-01,296.7,,,6329.0,,,,21.58,4.6,13.59,32.7,13.09,12.006673144547591,-0.8660254037844385,-0.5000000000000004
Laguna,2011-09-01,31.73,2011,9,2011-07-01,296.7,,,6329.0,,,25.13,,21.58,8.58,18.81,23.354999999999997,2.5102290732122454,-1.0,-1.8369701987210297e-16
Laguna,2011-10-01,27.72,2011,10,2011-10-01,359.0,,,296.7,,,31.73,25.13,,3.97,15.7,28.43,4.666904755831214,-0.8660254037844386,0.5000000000000001
Laguna,2011-11-01,44.54,2011,11,2011-10-01,359.0,,,296.7,,,27.72,31.73,25.13,4.6,29.17,28.19333333333333,3.325362135667834,-0.5000000000000004,0.8660254037844384
Laguna,2011-12-01,37.7,2011,12,2011-10-01,359.0,,,296.7,,,44.54,27.72,31.73,21.58,27.76,34.663333333333334,8.785296428313238,-2.4492935982947064e-16,1.0
Laguna,2012-01-01,16.81,2012,1,2012-01-01,233.05,,,359.0,,,37.7,44.54,27.72,,32.27,36.653333333333336,8.458707545088277,0.49999999999999994,0.8660254037844387
Laguna,2012-02-01,7.94,2012,2,2012-01-01,233.05,,,359.0,,,16.81,37.7,44.54,25.13,13.59,33.016666666666666,14.44605251732574,0.8660254037844386,0.5000000000000001
Laguna,2012-03-01,25.55,2012,3,2012-01-01,233.05,,,359.0,,,7.94,16.81,37.7,31.73,8.58,20.816666666666666,15.279215730309371,1.0,6.123233995736766e-17
Laguna,2012-04-01,21.24,2012,4,2012-04-01,5506.2,,,233.05,,,25.55,7.94,16.81,27.72,3.97,16.766666666666666,8.805079973136717,0.8660254037844387,-0.4999999999999998
Laguna,2012-05-01,32.36,2012,5,2012-04-01,5506.2,,,233.05,,,21.24,25.55,7.94,44.54,4.6,18.243333333333332,9.179489818793488,0.49999999999999994,-0.8660254037844387
Laguna,2012-06-01,23.44,2012,6,2012-04-01,5506.2,,,233.05,,,32.36,21.24,25.55,37.7,21.58,26.383333333333336,5.606641894515234,1.2246467991473532e-16,-1.0
Laguna,2012-07-01,20.86,2012,7,2012-07-01,267.65,,,5506.2,,,23.44,32.36,21.24,16.81,,25.680000000000003,5.888701045222115,-0.4999999999999997,-0.8660254037844388
Laguna,2012-08-01,28.26,2012,8,2012-07-01,267.65,,,5506.2,,,20.86,23.44,32.36,7.94,25.13,25.55333333333333,6.03424670802689,-0.8660254037844385,-0.5000000000000004
Laguna,2012-09-01,29.04,2012,9,2012-07-01,267.65,,,5506.2,,,28.26,20.86,23.44,25.55,31.73,24.186666666666667,3.7560795163751997,-1.0,-1.8369701987210297e-16
Laguna,2012-10-01,30.59,2012,10,2012-10-01,341.05,,,267.65,,,29.04,28.26,20.86,21.24,27.72,26.05333333333333,4.514436103582965,-0.8660254037844386,0.5000000000000001
Laguna,2012-11-01,,2012,11,2012-10-01,341.05,,,267.65,,,30.59,29.04,28.26,32.36,44.54,29.296666666666667,1.1860157390748778,-0.5000000000000004,0.8660254037844384
Laguna,2012-12-01,20.22,2012,12,2012-10-01,341.05,,,267.65,,,,30.59,29.04,23.44,37.7,29.814999999999998,1.0960155108391472,-2.4492935982947064e-16,1.0
Laguna,2013-01-01,18.45,2013,1,2013-01-01,244.7,,,341.05,,,20.22,,30.59,20.86,16.81,25.405,7.3326973209045,0.49999999999999994,0.8660254037844387
Laguna,2013-02-01,12.22,2013,2,2013-01-01,244.7,,,341.05,,,18.45,20.22,,28.26,7.94,19.335,1.25157900270019,0.8660254037844386,0.5000000000000001
Laguna,2013-03-01,6.16,2013,3,2013-01-01,244.7,,,341.05,,,12.22,18.45,20.22,29.04,25.55,16.963333333333335,4.202098682007996,1.0,6.123233995736766e-17
Laguna,2013-04-01,7.43,2013,4,2013-04-01,5781.51,,,244.7,,,6.16,12.22,18.45,30.59,21.24,12.276666666666666,6.145195955649695,0.8660254037844387,-0.4999999999999998
Laguna,2013-05-01,19.2,2013,5,2013-04-01,5781.51,,,244.7,,,7.43,6.16,12.22,,32.36,8.603333333333333,3.1958462624684256,0.49999999999999994,-0.8660254037844387
Laguna,2013-06-01,31.09,2013,6,2013-04-01,5781.51,,,244.7,,,19.2,7.43,6.16,20.22,23.44,10.93,7.190125172762992,1.2246467991473532e-16,-1.0
Laguna,2013-07-01,36.94,2013,7,2013-07-01,254.27,,,5781.51,,,31.09,19.2,7.43,18.45,20.86,19.24,11.830050718403534,-0.4999999999999997,-0.8660254037844388
Laguna,2013-08-01,29.66,2013,8,2013-07-01,254.27,,,5781.51,,,36.94,31.09,19.2,12.22,28.26,29.076666666666664,9.039747415350345,-0.8660254037844385,-0.5000000000000004
Laguna,2013-09-01,22.41,2013,9,2013-07-01,254.27,,,5781.51,,,29.66,36.94,31.09,6.16,29.04,32.56333333333333,3.8571535273220845,-1.0,-1.8369701987210297e-16
Laguna,2013-10-01,23.65,2013,10,2013-10-01,344.46,,,254.27,,,22.41,29.66,36.94,7.43,30.59,29.669999999999998,7.265005161732499,-0.8660254037844386,0.5000000000000001
Laguna,2013-11-01,22.54,2013,11,2013-10-01,344.46,,,254.27,,,23.65,22.41,29.66,19.2,,25.24,3.877718401328266,-0.5000000000000004,0.8660254037844384
Laguna,2013-12-01,21.38,2013,12,2013-10-01,344.46,,,254.27,,,22.54,23.65,22.41,31.09,20.22,22.866666666666664,0.6814934580266807,-2.4492935982947064e-16,1.0
Laguna,2014-01-01,21.58,2014,1,2014-01-01,247.15,,,344.46,,,21.38,22.54,23.65,36.94,18.45,22.52333333333333,1.135091773088485,0.49999999999999994,0.8660254037844387
Laguna,2014-02-01,6.69,2014,2,2014-01-01,247.15,,,344.46,,,21.58,21.38,22.54,29.66,12.22,21.833333333333332,0.6201075175589758,0.8660254037844386,0.5000000000000001
Laguna,2014-03-01,6.1,2014,3,2014-01-01,247.15,,,344.46,,,6.69,21.58,21.38,22.41,6.16,16.55,8.53959600917981,1.0,6.123233995736766e-17
Laguna,2014-04-01,5.94,2014,4,2014-04-01,5839.3,,,247.15,,,6.1,6.69,21.58,23.65,7.43,11.456666666666665,8.7720256117577,0.8660254037844387,-0.4999999999999998
Laguna,2014-05-01,8.04,2014,5,2014-04-01,5839.3,,,247.15,,,5.94,6.1,6.69,22.54,19.2,6.243333333333333,0.39501054838195926,0.49999999999999994,-0.8660254037844387
Laguna,2014-06-01,12.68,2014,6,2014-04-01,5839.3,,,247.15,,,8.04,5.94,6.1,21.38,31.09,6.6933333333333325,1.1689881664640656,1.2246467991473532e-16,-1.0
Laguna,2014-07-01,29.78,2014,7,2014-07-01,228.84,,,5839.3,,,12.68,8.04,5.94,21.58,36.94,8.886666666666667,3.4488452173637816,-0.4999999999999997,-0.8660254037844388
Laguna,2014-08-01,32.31,2014,8,2014-07-01,228.84,,,5839.3,,,29.78,12.68,8.04,6.69,29.66,16.833333333333332,11.449652105340714,-0.8660254037844385,-0.5000000000000004
Laguna,2014-09-01,24.85,2014,9,2014-07-01,228.84,,,5839.3,,,32.31,29.78,12.68,6.1,22.41,24.923333333333336,10.678231751246697,-1.0,-1.8369701987210297e-16
Laguna,2014-10-01,,2014,10,2014-10-01,258.0,,,228.84,,,24.85,32.31,29.78,5.94,23.65,28.98,3.793797569718207,-0.8660254037844386,0.5000000000000001
Laguna,2014-11-01,18.65,2014,11,2014-10-01,258.0,,,228.84,,,,24.85,32.31,8.04,22.54,28.58,5.275016587651601,-0.5000000000000004,0.8660254037844384
Laguna,2014-12-01,18.19,2014,12,2014-10-01,258.0,,,228.84,,,18.65,,24.85,12.68,21.38,21.75,4.384062043356597,-2.4492935982947064e-16,1.0
Laguna,2015-01-01,18.1,2015,1,2015-01-01,244.68,,,258.0,,,18.19,18.65,,29.78,21.58,18.42,0.3252691193458112,0.49999999999999994,0.8660254037844387
Laguna,2015-02-01,11.73,2015,2,2015-01-01,244.68,,,258.0,,,18.1,18.19,18.65,32.31,6.69,18.313333333333333,0.29501412395567334,0.8660254037844386,0.5000000000000001
Laguna,2015-03-01,9.86,2015,3,2015-01-01,244.68,,,258.0,,,11.73,18.1,18.19,24.85,6.1,16.006666666666668,3.7039753418905668,1.0,6.123233995736766e-17
Laguna,2015-04-01,8.58,2015,4,2015-04-01,5424.17,,,244.68,,,9.86,11.73,18.1,,5.94,13.229999999999999,4.319942129242013,0.8660254037844387,-0.4999999999999998
Laguna,2015-05-01,12.83,2015,5,2015-04-01,5424.17,,,244.68,,,8.58,9.86,11.73,18.65,8.04,10.056666666666667,1.5841822285751535,0.49999999999999994,-0.8660254037844387
Laguna,2015-06-01,20.63,2015,6,2015-04-01,5424.17,,,244.68,,,12.83,8.58,9.86,18.19,12.68,10.423333333333334,2.1802828562673566,1.2246467991473532e-16,-1.0
Laguna,2015-07-01,31.73,2015,7,2015-07-01,233.4,,,5424.17,,,20.63,12.83,8.58,18.1,29.78,14.013333333333334,6.111532813732849,-0.4999999999999997,-0.8660254037844388
Laguna,2015-08-01,19.28,2015,8,2015-07-01,233.4,,,5424.17,,,31.73,20.63,12.83,11.73,32.31,21.73,9.497894503520245,-0.8660254037844385,-0.5000000000000004
Laguna,2015-09-01,17.78,2015,9,2015-07-01,233.4,,,5424.17,,,19.28,31.73,20.63,9.86,24.85,23.88,6.831727453580103,-1.0,-1.8369701987210297e-16
Laguna,2015-10-01,38.37,2015,10,2015-10-01,260.6,,,233.4,,,17.78,19.28,31.73,8.58,,22.930000000000003,7.657839120796419,-0.8660254037844386,0.5000000000000001
Laguna,2015-11-01,59.48,2015,11,2015-10-01,260.6,,,233.4,,,38.37,17.78,19.28,12.83,18.65,25.14333333333333,11.479156473074724,-0.5000000000000004,0.8660254037844384
Laguna,2015-12-01,60.14,2015,12,2015-10-01,260.6,,,233.4,,,59.48,38.37,17.78,20.63,18.19,38.54333333333333,20.85054036070368,-2.4492935982947064e-16,1.0
Laguna,2016-01-01,24.8,2016,1,2016-01-01,274.26,,,260.6,,,60.14,59.48,38.37,31.73,18.1,52.66333333333333,12.382787785201401,0.49999999999999994,0.8660254037844387
Laguna,2016-02-01,14.25,2016,2,2016-01-01,274.26,,,260.6,,,24.8,60.14,59.48,19.28,11.73,48.13999999999999,20.21572655137578,0.8660254037844386,0.5000000000000001
Laguna,2016-03-01,6.84,2016,3,2016-01-01,274.26,,,260.6,,,14.25,24.8,60.14,17.78,9.86,33.06333333333334,24.035079224611117,1.0,6.123233995736766e-17
Laguna,2016-04-01,10.12,2016,4,2016-04-01,4507.49,,,274.26,,,6.84,14.25,24.8,38.37,8.58,15.296666666666667,9.025632018497815,0.8660254037844387,-0.4999999999999998
Laguna,2016-05-01,12.74,2016,5,2016-04-01,4507.49,,,274.26,,,10.12,6.84,14.25,59.48,12.83,10.403333333333334,3.713116391029632,0.49999999999999994,-0.8660254037844387
Laguna,2016-06-01,20.18,2016,6,2016-04-01,4507.49,,,274.26,,,12.74,10.12,6.84,60.14,20.63,9.9,2.95614613982455,1.2246467991473532e-16,-1.0
Laguna,2016-07-01,29.5,2016,7,2016-07-01,224.67,,,4507.49,,,20.18,12.74,10.12,24.8,31.73,14.346666666666666,5.218901544705833,-0.4999999999999997,-0.8660254037844388
Laguna,2016-08-01,38.22,2016,8,2016-07-01,224.67,,,4507.49,,,29.5,20.18,12.74,14.25,19.28,20.80666666666667,8.397555199778857,-0.8660254037844385,-0.5000000000000004
Laguna,2016-09-01,34.63,2016,9,2016-07-01,224.67,,,4507.49,,,38.22,29.5,20.18,6.84,17.78,29.3,9.021662817906659,-1.0,-1.8369701987210297e-16
Laguna,2016-10-01,25.65,2016,10,2016-10-01,247.52,,,224.67,,,34.63,38.22,29.5,10.12,38.37,34.11666666666667,4.382605769782726,-0.8660254037844386,0.5000000000000001
Laguna,2016-11-01,32.19,2016,11,2016-10-01,247.52,,,224.67,,,25.65,34.63,38.22,12.74,59.48,32.833333333333336,6.474738089941,-0.5000000000000004,0.8660254037844384
Laguna,2016-12-01,35.86,2016,12,2016-10-01,247.52,,,224.67,,,32.19,25.65,34.63,20.18,60.14,30.823333333333334,4.643375209191349,-2.4492935982947064e-16,1.0
Laguna,2017-01-01,33.35,2017,1,2017-01-01,242.36,,,247.52,,,35.86,32.19,25.65,29.5,24.8,31.23333333333333,5.17179208140977,0.49999999999999994,0.8660254037844387
Laguna,2017-02-01,14.48,2017,2,2017-01-01,242.36,,,247.52,,,33.35,35.86,32.19,38.22,14.25,33.8,1.8759264377900169,0.8660254037844386,0.5000000000000001
Laguna,2017-03-01,12.81,2017,3,2017-01-01,242.36,,,247.52,,,14.48,33.35,35.86,34.63,6.84,27.896666666666672,11.686754610811882,1.0,6.123233995736766e-17
Laguna,2017-04-01,13.85,2017,4,2017-04-01,5385.1,,,242.36,,,12.81,14.48,33.35,25.65,10.12,20.213333333333335,11.40728860568245,0.8660254037844387,-0.4999999999999998
Laguna,2017-05-01,10.13,2017,5,2017-04-01,5385.1,,,242.36,,,13.85,12.81,14.48,32.19,12.74,13.713333333333333,0.8433465084604814,0.49999999999999994,-0.8660254037844387
Laguna,2017-06-01,14.88,2017,6,2017-04-01,5385.1,,,242.36,,,10.13,13.85,12.81,35.86,20.18,12.263333333333334,1.9193054299231425,1.2246467991473532e-16,-1.0
Laguna,2017-07-01,22.96,2017,7,2017-07-01,231.46,,,5385.1,,,14.88,10.13,13.85,33.35,29.5,12.953333333333333,2.498726342225669,-0.4999999999999997,-0.8660254037844388
Laguna,2017-08-01,27.06,2017,8,2017-07-01,231.46,,,5385.1,,,22.96,14.88,10.13,14.48,38.22,15.99,6.486624700103991,-0.8660254037844385,-0.5000000000000004
Laguna,2017-09-01,38.84,2017,9,2017-07-01,231.46,,,5385.1,,,27.06,22.96,14.88,12.81,34.63,21.633333333333336,6.197429574697289,-1.0,-1.8369701987210297e-16
Laguna,2017-10-01,49.2,2017,10,2017-10-01,225.46,,,231.46,,,38.84,27.06,22.96,13.85,25.65,29.620000000000005,8.2437127557915,-0.8660254037844386,0.5000000000000001
Laguna,2017-11-01,18.52,2017,11,2017-10-01,225.46,,,231.46,,,49.2,38.84,27.06,10.13,32.19,38.36666666666667,11.077586981528652,-0.5000000000000004,0.8660254037844384
Laguna,2017-12-01,22.56,2017,12,2017-10-01,225.46,,,231.46,,,18.52,49.2,38.84,14.88,35.86,35.52,15.607126577304347,-2.4492935982947064e-16,1.0
Laguna,2018-01-01,22.53,2018,1,2018-01-01,248.44,,,225.46,,,22.56,18.52,49.2,22.96,33.35,30.093333333333334,16.669701057107563,0.49999999999999994,0.8660254037844387
Laguna,2018-02-01,15.14,2018,2,2018-01-01,248.44,,,225.46,,,22.53,22.56,18.52,27.06,14.48,21.203333333333333,2.3238832443418325,0.8660254037844386,0.5000000000000001
Laguna,2018-03-01,26.85,2018,3,2018-01-01,248.44,,,225.46,,,15.14,22.53,22.56,38.84,12.81,20.076666666666668,4.2753050573418365,1.0,6.123233995736766e-17
Laguna,2018-04-01,18.17,2018,4,2018-04-01,6011.93,,,248.44,,,26.85,15.14,22.53,49.2,13.85,21.50666666666667,5.921691762776304,0.8660254037844387,-0.4999999999999998
Laguna,2018-05-01,7.03,2018,5,2018-04-01,6011.93,,,248.44,,,18.17,26.85,15.14,18.52,10.13,20.053333333333335,6.077930020437278,0.49999999999999994,-0.8660254037844387
Laguna,2018-06-01,40.67,2018,6,2018-04-01,6011.93,,,248.44,,,7.03,18.17,26.85,22.56,14.88,17.35,9.935411415739122,1.2246467991473532e-16,-1.0
Laguna,2018-07-01,54.75,2018,7,2018-07-01,194.7,,,6011.93,,,40.67,7.03,18.17,22.53,22.96,21.956666666666667,17.136701355083854,-0.4999999999999997,-0.8660254037844388
Laguna,2018-08-01,47.8,2018,8,2018-07-01,194.7,,,6011.93,,,54.75,40.67,7.03,15.14,27.06,34.15,24.519021187641236,-0.8660254037844385,-0.5000000000000004
Laguna,2018-09-01,13.49,2018,9,2018-07-01,194.7,,,6011.93,,,47.8,54.75,40.67,26.85,38.84,47.74,7.040191758752054,-1.0,-1.8369701987210297e-16
Laguna,2018-10-01,21.06,2018,10,2018-10-01,351.54,,,194.7,,,13.49,47.8,54.75,18.17,49.2,38.68,22.090217291823997,-0.8660254037844386,0.5000000000000001
Laguna,2018-11-01,31.26,2018,11,2018-10-01,351.54,,,194.7,,,21.06,13.49,47.8,7.03,18.52,27.45,18.025484736894025,-0.5000000000000004,0.8660254037844384
Laguna,2018-12-01,27.92,2018,12,2018-10-01,351.54,,,194.7,,,31.26,21.06,13.49,40.67,22.56,21.936666666666667,8.91737816475967,-2.4492935982947064e-16,1.0
Laguna,2019-01-01,23.54,2019,1,2019-01-01,248.51,,,351.54,,,27.92,31.26,21.06,54.75,22.53,26.746666666666666,5.200243584038421,0.49999999999999994,0.8660254037844387
Laguna,2019-02-01,15.79,2019,2,2019-01-01,248.51,,,351.54,,,23.54,27.92,31.26,47.8,15.14,27.573333333333334,3.871657698368076,0.8660254037844386,0.5000000000000001
Laguna,2019-03-01,11.03,2019,3,2019-01-01,248.51,,,351.54,,,15.79,23.54,27.92,13.49,26.85,22.416666666666668,6.142526624552194,1.0,6.123233995736766e-17
Laguna,2019-04-01,14.86,2019,4,2019-04-01,5364.45,,,248.51,,,11.03,15.79,23.54,21.06,18.17,16.786666666666665,6.314272193478225,0.8660254037844387,-0.4999999999999998
Laguna,2019-05-01,36.69,2019,5,2019-04-01,5364.45,,,248.51,,,14.86,11.03,15.79,31.26,7.03,13.893333333333333,2.5229414050532757,0.49999999999999994,-0.8660254037844387
Laguna,2019-06-01,48.73,2019,6,2019-04-01,5364.45,,,248.51,,,36.69,14.86,11.03,27.92,40.67,20.86,13.842286660808579,1.2246467991473532e-16,-1.0
Laguna,2019-07-01,36.31,2019,7,2019-07-01,167.87,,,5364.45,,,48.73,36.69,14.86,23.54,54.75,33.42666666666667,17.16919431229471,-0.4999999999999997,-0.8660254037844388
Laguna,2019-08-01,28.12,2019,8,2019-07-01,167.87,,,5364.45,,,36.31,48.73,36.69,15.79,47.8,40.57666666666666,7.063549627017094,-0.8660254037844385,-0.5000000000000004
Laguna,2019-09-01,36.98,2019,9,2019-07-01,167.87,,,5364.45,,,28.12,36.31,48.73,11.03,13.49,37.72,10.377094969209821,-1.0,-1.8369701987210297e-16
Laguna,2019-10-01,25.62,2019,10,2019-10-01,348.62,,,167.87,,,36.98,28.12,36.31,14.86,21.06,33.803333333333335,4.933298423299861,-0.8660254037844386,0.5000000000000001
Laguna,2019-11-01,14.4,2019,11,2019-10-01,348.62,,,167.87,,,25.62,36.98,28.12,36.69,31.26,30.24,5.9693550740427,-0.5000000000000004,0.8660254037844384
Laguna,2019-12-01,27.97,2019,12,2019-10-01,348.62,,,167.87,,,14.4,25.62,36.98,48.73,27.92,25.666666666666668,11.290072335168292,-2.4492935982947064e-16,1.0
Laguna,2020-01-01,24.07,2020,1,2020-01-01,276.12,,,348.62,,,27.97,14.4,25.62,36.31,23.54,22.663333333333338,7.252077863159789,0.49999999999999994,0.8660254037844387
Laguna,2020-02-01,20.68,2020,2,2020-01-01,276.12,,,348.62,,,24.07,27.97,14.4,28.12,15.79,22.146666666666665,6.9864607157939576,0.8660254037844386,0.5000000000000001
Laguna,2020-03-01,16.16,2020,3,2020-01-01,276.12,,,348.62,,,20.68,24.07,27.97,36.98,11.03,24.24,3.6479720393663975,1.0,6.123233995736766e-17
Laguna,2020-04-01,37.6,2020,4,2020-04-01,5135.92,,,276.12,,,16.16,20.68,24.07,25.62,14.86,20.30333333333333,3.968429580241042,0.8660254037844387,-0.4999999999999998
Laguna,2020-05-01,14.65,2020,5,2020-04-01,5135.92,,,276.12,,,37.6,16.16,20.68,14.4,36.69,24.813333333333333,11.301846456811047,0.49999999999999994,-0.8660254037844387
Laguna,2020-06-01,14.41,2020,6,2020-04-01,5135.92,,,276.12,,,14.65,37.6,16.16,27.97,48.73,22.803333333333338,12.836511727620254,1.2246467991473532e-16,-1.0
Laguna,2020-07-01,36.11,2020,7,2020-07-01,161.03,,,5135.92,,,14.41,14.65,37.6,24.07,36.31,22.220000000000002,13.320011261256461,-0.4999999999999997,-0.8660254037844388
Laguna,2020-08-01,39.37,2020,8,2020-07-01,161.03,,,5135.92,,,36.11,14.41,14.65,20.68,28.12,21.723333333333333,12.459796681059133,-0.8660254037844385,-0.5000000000000004
Laguna,2020-09-01,47.72,2020,9,2020-07-01,161.03,,,5135.92,,,39.37,36.11,14.41,16.16,36.98,29.963333333333335,13.567849252307184,-1.0,-1.8369701987210297e-16
Laguna,2020-10-01,81.48,2020,10,2020-10-01,209.17,,,161.03,,,47.72,39.37,36.11,37.6,25.62,41.06666666666667,5.988074259169916,-0.8660254037844386,0.5000000000000001
Laguna,2020-11-01,69.18,2020,11,2020-10-01,209.17,,,161.03,,,81.48,47.72,39.37,14.65,14.4,56.19,22.29615886201032,-0.5000000000000004,0.8660254037844384
Laguna,2020-12-01,99.43,2020,12,2020-10-01,209.17,,,161.03,,,69.18,81.48,47.72,14.41,27.97,66.12666666666667,17.085857699668907,-2.4492935982947064e-16,1.0
Laguna,2021-01-01,42.94,2021,1,2021-01-01,221.84,,,209.17,,,99.43,69.18,81.48,36.11,24.07,83.36333333333334,15.212686591570074,0.49999999999999994,0.8660254037844387
Laguna,2021-02-01,17.24,2021,2,2021-01-01,221.84,,,209.17,,,42.94,99.43,69.18,39.37,20.68,70.51666666666667,28.2687112075053,0.8660254037844386,0.5000000000000001
Laguna,2021-03-01,6.11,2021,3,2021-01-01,221.84,,,209.17,,,17.24,42.94,99.43,47.72,16.16,53.203333333333326,42.04522604688118,1.0,6.123233995736766e-17
Laguna,2021-04-01,7.51,2021,4,2021-04-01,5490.3,,,221.84,,,6.11,17.24,42.94,81.48,37.6,22.096666666666664,18.88922002977719,0.8660254037844387,-0.4999999999999998
Laguna,2021-05-01,7.9,2021,5,2021-04-01,5490.3,,,221.84,,,7.51,6.11,17.24,69.18,14.65,10.286666666666667,6.062312540057277,0.49999999999999994,-0.8660254037844387
Laguna,2021-06-01,34.99,2021,6,2021-04-01,5490.3,,,221.84,,,7.9,7.51,6.11,99.43,14.41,7.173333333333333,0.9412934363606902,1.2246467991473532e-16,-1.0
Laguna,2021-07-01,54.66,2021,7,2021-07-01,149.69,,,5490.3,,,34.99,7.9,7.51,42.94,36.11,16.8,15.75420896141734,-0.4999999999999997,-0.8660254037844388
Laguna,2021-08-01,41.15,2021,8,2021-07-01,149.69,,,5490.3,,,54.66,34.99,7.9,17.24,39.37,32.516666666666666,23.477913734685533,-0.8660254037844385,-0.5000000000000004
Laguna,2021-09-01,28.87,2021,9,2021-07-01,149.69,,,5490.3,,,41.15,54.66,34.99,6.11,47.72,43.599999999999994,10.06126731580084,-1.0,-1.8369701987210297e-16
Laguna,2021-10-01,21.35,2021,10,2021-10-01,194.77,,,149.69,,,28.87,41.15,54.66,7.51,81.48,41.559999999999995,12.899887596409602,-0.8660254037844386,0.5000000000000001
Laguna,2021-11-01,20.07,2021,11,2021-10-01,194.77,,,149.69,,,21.35,28.87,41.15,7.9,69.18,30.456666666666663,9.994905368903487,-0.5000000000000004,0.8660254037844384
Laguna,2021-12-01,23.59,2021,12,2021-10-01,194.77,,,149.69,,,20.07,21.35,28.87,34.99,99.43,23.429999999999996,4.754450546593426,-2.4492935982947064e-16,1.0
Laguna,2022-01-01,24.82,2022,1,2022-01-01,194.72,,,194.77,,,23.59,20.07,21.35,54.66,42.94,21.669999999999998,1.7816845961063192,0.49999999999999994,0.8660254037844387
Laguna,2022-02-01,22.9,2022,2,2022-01-01,194.72,,,194.77,,,24.82,23.59,20.07,41.15,17.24,22.826666666666664,2.465285649440216,0.8660254037844386,0.5000000000000001
Laguna,2022-03-01,30.08,2022,3,2022-01-01,194.72,,,194.77,,,22.9,24.82,23.59,28.87,6.11,23.769999999999996,0.9725739046481414,1.0,6.123233995736766e-17
Laguna,2022-04-01,60.26,2022,4,2022-04-01,5158.68,,,194.72,,,30.08,22.9,24.82,21.35,7.51,25.933333333333326,3.717221184344006,0.8660254037844387,-0.4999999999999998
Laguna,2022-05-01,49.39,2022,5,2022-04-01,5158.68,,,194.72,,,60.26,30.08,22.9,20.07,7.9,37.74666666666666,19.824876628451833,0.49999999999999994,-0.8660254037844387
Laguna,2022-06-01,20.23,2022,6,2022-04-01,5158.68,,,194.72,,,49.39,60.26,30.08,23.59,34.99,46.57666666666666,15.285425520191959,1.2246467991473532e-16,-1.0
Laguna,2022-07-01,16.56,2022,7,2022-07-01,192.29,,,5158.68,,,20.23,49.39,60.26,24.82,54.66,43.29333333333333,20.699691624112074,-0.4999999999999997,-0.8660254037844388
Laguna,2022-08-01,28.33,2022,8,2022-07-01,192.29,,,5158.68,,,16.56,20.23,49.39,22.9,41.15,28.726666666666663,17.988808557915547,-0.8660254037844385,-0.5000000000000004
Laguna,2022-09-01,52.79,2022,9,2022-07-01,192.29,,,5158.68,,,28.33,16.56,20.23,30.08,28.87,21.706666666666663,6.022344504703768,-1.0,-1.8369701987210297e-16
Laguna,2022-10-01,49.36,2022,10,2022-10-01,202.07,,,192.29,,,52.79,28.33,16.56,60.26,21.35,32.559999999999995,18.481690939954664,-0.8660254037844386,0.5000000000000001
Laguna,2022-11-01,40.59,2022,11,2022-10-01,202.07,,,192.29,,,49.36,52.79,28.33,49.39,20.07,43.49333333333333,13.243346757271574,-0.5000000000000004,0.8660254037844384
Laguna,2022-12-01,61.23,2022,12,2022-10-01,202.07,,,192.29,,,40.59,49.36,52.79,20.23,23.59,47.580000000000005,6.291764458401329,-2.4492935982947064e-16,1.0
Laguna,2023-01-01,20.87,2023,1,2023-01-01,212.63,,,202.07,,,61.23,40.59,49.36,16.56,24.82,50.39333333333334,10.358727399315777,0.49999999999999994,0.8660254037844387
Laguna,2023-02-01,22.91,2023,2,2023-01-01,212.63,,,202.07,,,20.87,61.23,40.59,28.33,22.9,40.89666666666667,20.181747529223916,0.8660254037844386,0.5000000000000001
Laguna,2023-03-01,16.76,2023,3,2023-01-01,212.63,,,202.07,,,22.91,20.87,61.23,52.79,30.08,35.00333333333333,22.73585127795605,1.0,6.123233995736766e-17
Laguna,2023-04-01,6.95,2023,4,2023-04-01,4638.28,,,212.63,,,16.76,22.91,20.87,49.36,60.26,20.179999999999996,3.132522944848626,0.8660254037844387,-0.4999999999999998
Laguna,2023-05-01,10.33,2023,5,2023-04-01,4638.28,,,212.63,,,6.95,16.76,22.91,40.59,49.39,15.539999999999997,8.049639743491836,0.49999999999999994,-0.8660254037844387
Laguna,2023-06-01,13.56,2023,6,2023-04-01,4638.28,,,212.63,,,10.33,6.95,16.76,61.23,20.23,11.346666666666664,4.983395763265929,1.2246467991473532e-16,-1.0
Laguna,2023-07-01,44.0,2023,7,2023-07-01,1680.87,,,4638.28,,,13.56,10.33,6.95,20.87,16.56,10.28,3.305283648948077,-0.4999999999999997,-0.8660254037844388
Laguna,2023-08-01,87.28,2023,8,2023-07-01,1680.87,,,4638.28,,,44.0,13.56,10.33,22.91,28.33,22.63,18.5772952821449,-0.8660254037844385,-0.5000000000000004
Laguna,2023-09-01,56.41,2023,9,2023-07-01,1680.87,,,4638.28,,,87.28,44.0,13.56,16.76,52.79,48.28,37.045895859055726,-1.0,-1.8369701987210297e-16
Laguna,2023-10-01,62.37,2023,10,2023-10-01,258.83,,,1680.87,,,56.41,87.28,44.0,6.95,49.36,62.56333333333333,22.286480954456117,-0.8660254037844386,0.5000000000000001
Laguna,2023-11-01,39.58,2023,11,2023-10-01,258.83,,,1680.87,,,62.37,56.41,87.28,10.33,40.59,68.68666666666667,16.3757269558739,-0.5000000000000004,0.8660254037844384
Laguna,2023-12-01,26.99,2023,12,2023-10-01,258.83,,,1680.87,,,39.58,62.37,56.41,13.56,61.23,52.78666666666666,11.819155356172246,-2.4492935982947064e-16,1.0
Laguna,2024-01-01,33.33,2024,1,2024-01-01,210.77,,,258.83,,,26.99,39.58,62.37,44.0,20.87,42.98,17.933379491886125,0.49999999999999994,0.8660254037844387
Laguna,2024-02-01,31.0,2024,2,2024-01-01,210.77,,,258.83,,,33.33,26.99,39.58,87.28,22.91,33.3,6.295053613751205,0.8660254037844386,0.5000000000000001
Laguna,2024-03-01,40.0,2024,3,2024-01-01,210.77,,,258.83,,,31.0,33.33,26.99,56.41,16.76,30.439999999999998,3.2068832220712618,1.0,6.123233995736766e-17
Laguna,2024-04-01,29.76,2024,4,2024-04-01,4406.37,,,210.77,,,40.0,31.0,33.33,62.37,6.95,34.77666666666667,4.671149037799525,0.8660254037844387,-0.4999999999999998
Laguna,2024-05-01,29.61,2024,5,2024-04-01,4406.37,,,210.77,,,29.76,40.0,31.0,39.58,10.33,33.586666666666666,5.5886074592276955,0.49999999999999994,-0.8660254037844387
Laguna,2024-06-01,,2024,6,2024-04-01,4406.37,,,210.77,,,29.61,29.76,40.0,26.99,13.56,33.123333333333335,5.955840270972305,1.2246467991473532e-16,-1.0
Laguna,2024-07-01,50.19,2024,7,2024-07-01,1888.73,,,4406.37,,,,29.61,29.76,33.33,44.0,29.685000000000002,0.10606601719890196,-0.4999999999999997,-0.8660254037844388
Laguna,2024-08-01,51.04,2024,8,2024-07-01,1888.73,,,4406.37,,,50.19,,29.61,31.0,87.28,39.9,14.55225755681928,-0.8660254037844385,-0.5000000000000004
Laguna,2024-09-01,20.27,2024,9,2024-07-01,1888.73,,,4406.37,,,51.04,50.19,,40.0,56.41,50.614999999999995,0.6010407640085689,-1.0,-1.8369701987210297e-16
Laguna,2024-10-01,47.13,2024,10,2024-10-01,255.28,,,1888.73,,,20.27,51.04,50.19,29.76,62.37,40.5,17.52484807352121,-0.8660254037844386,0.5000000000000001
Laguna,2024-11-01,77.19,2024,11,2024-10-01,255.28,,,1888.73,,,47.13,20.27,51.04,29.61,39.58,39.48,16.750823860335945,-0.5000000000000004,0.8660254037844384
Laguna,2024-12-01,80.0,2024,12,2024-10-01,255.28,,,1888.73,,,77.19,47.13,20.27,,26.99,48.196666666666665,28.47498785484084,-2.4492935982947064e-16,1.0
Laguna,2025-01-01,17.05,2025,1,2025-01-01,242.39,177.0,1.3694350282485874,255.28,,,80.0,77.19,47.13,50.19,33.33,68.10666666666667,18.220577195394586,0.49999999999999994,0.8660254037844387
Laguna,2025-02-01,30.74,2025,2,2025-01-01,242.39,177.0,1.3694350282485874,255.28,,,17.05,80.0,77.19,51.04,31.0,58.080000000000005,35.5607887989004,0.8660254037844386,0.5000000000000001
Laguna,2025-03-01,19.57,2025,3,2025-01-01,242.39,177.0,1.3694350282485874,255.28,,,30.74,17.05,80.0,20.27,40.0,42.596666666666664,33.10756761426809,1.0,6.123233995736766e-17
Laguna,2025-04-01,16.44,2025,4,2025-04-01,5161.61,352.0,14.663664772727271,242.39,177.0,1.3694350282485874,19.57,30.74,17.05,47.13,29.76,22.453333333333333,7.286235882356073,0.8660254037844387,-0.4999999999999998
Laguna,2025-05-01,33.99,2025,5,2025-04-01,5161.61,352.0,14.663664772727271,242.39,177.0,1.3694350282485874,16.44,19.57,30.74,77.19,29.61,22.25,7.517266790529643,0.49999999999999994,-0.8660254037844387
Laguna,2025-06-01,24.66,2025,6,2025-04-01,5161.61,352.0,14.663664772727271,242.39,177.0,1.3694350282485874,33.99,16.44,19.57,80.0,,23.333333333333332,9.360696199179483,1.2246467991473532e-16,-1.0
Laguna,2025-07-01,40.0,2025,7,2025-07-01,797.77,26.0,30.683461538461536,5161.61,352.0,14.663664772727271,24.66,33.99,16.44,17.05,50.19,25.03,8.780848478364712,-0.4999999999999997,-0.8660254037844388
Laguna,2025-08-01,,2025,8,2025-07-01,797.77,26.0,30.683461538461536,5161.61,352.0,14.663664772727271,40.0,24.66,33.99,30.74,51.04,32.88333333333333,7.729646391222129,-0.8660254037844385,-0.5000000000000004
Laguna,2025-09-01,42.32,2025,9,2025-07-01,797.77,26.0,30.683461538461536,5161.61,352.0,14.663664772727271,,40.0,24.66,19.57,20.27,32.33,10.847018023401635,-1.0,-1.8369701987210297e-16
Laguna,2025-10-01,45.94,2025,10,2025-10-01,275.3,26.0,10.588461538461539,797.77,26.0,30.683461538461536,42.32,,40.0,16.44,47.13,41.16,1.6404877323527929,-0.8660254037844386,0.5000000000000001
Laguna,2025-11-01,,2025,11,2025-10-01,275.3,26.0,10.588461538461539,797.77,26.0,30.683461538461536,45.94,42.32,,33.99,77.19,44.129999999999995,2.559726547895303,-0.5000000000000004,0.8660254037844384
Laguna,2025-12-01,,2025,12,2025-10-01,275.3,26.0,10.588461538461539,797.77,26.0,30.683461538461536,,45.94,42.32,24.66,80.0,44.129999999999995,2.559726547895303,-2.4492935982947064e-16,1.0
Laguna,2026-01-01,32.52,2026,1,2026-01-01,261.08,180.2,1.448834628190899,275.3,26.0,10.588461538461539,,,45.94,40.0,17.05,,,0.49999999999999994,0.8660254037844387
Laguna,2026-02-01,33.69,2026,2,2026-01-01,261.08,180.2,1.448834628190899,275.3,26.0,10.588461538461539,32.52,,,,30.74,,,0.8660254037844386,0.5000000000000001
Laguna,2026-03-01,22.02,2026,3,2026-01-01,261.08,180.2,1.448834628190899,275.3,26.0,10.588461538461539,33.69,32.52,,42.32,19.57,33.105000000000004,0.8273149339882543,1.0,6.123233995736766e-17
Laguna,2026-04-01,17.39,2026,4,2026-04-01,5264.84,353.67,14.886306443860095,261.08,180.2,1.448834628190899,22.02,33.69,32.52,45.94,16.44,29.41,6.426608748010107,0.8660254037844387,-0.4999999999999998
Laguna,2026-05-01,16.66,2026,5,2026-04-01,5264.84,353.67,14.886306443860095,261.08,180.2,1.448834628190899,17.39,22.02,33.69,,33.99,24.366666666666664,8.399561496490957,0.49999999999999994,-0.8660254037844387
Laguna,2026-06-01,20.24,2026,6,2026-04-01,5264.84,353.67,14.886306443860095,261.08,180.2,1.448834628190899,16.66,17.39,22.02,,24.66,18.69,2.9068711701759615,1.2246467991473532e-16,-1.0
Laguna,2026-07-01,,2026,7,2026-07-01,,,,5264.84,353.67,14.886306443860095,20.24,16.66,17.39,32.52,40.0,18.096666666666664,1.891727605479579,-0.4999999999999997,-0.8660254037844388
Laguna,2026-08-01,,2026,8,2026-07-01,,,,5264.84,353.67,14.886306443860095,,20.24,16.66,33.69,,18.449999999999996,2.531442276647905,-0.8660254037844385,-0.5000000000000004
Laguna,2026-09-01,,2026,9,2026-07-01,,,,5264.84,353.67,14.886306443860095,,,20.24,22.02,42.32,,,-1.0,-1.8369701987210297e-16
Laguna,2026-10-01,,2026,10,2026-10-01,,,,,,,,,,17.39,45.94,,,-0.8660254037844386,0.5000000000000001
Laguna,2026-11-01,,2026,11,2026-10-01,,,,,,,,,,16.66,,,,-0.5000000000000004,0.8660254037844384
Laguna,2026-12-01,,2026,12,2026-10-01,,,,,,,,,,20.24,,,,-2.4492935982947064e-16,1.0
Quezon,2010-01-01,8.03,2010,1,2010-01-01,5483.87,,,,,,,,,,,,,0.49999999999999994,0.8660254037844387
Quezon,2010-02-01,6.45,2010,2,2010-01-01,5483.87,,,,,,8.03,,,,,,,0.8660254037844386,0.5000000000000001
Quezon,2010-03-01,6.7,2010,3,2010-01-01,5483.87,,,,,,6.45,8.03,,,,7.24,1.1172287142747448,1.0,6.123233995736766e-17
Quezon,2010-04-01,7.69,2010,4,2010-04-01,788.58,,,5483.87,,,6.7,6.45,8.03,,,7.06,0.849293824303462,0.8660254037844387,-0.4999999999999998
Quezon,2010-05-01,11.68,2010,5,2010-04-01,788.58,,,5483.87,,,7.69,6.7,6.45,,,6.946666666666666,0.6557692683660422,0.49999999999999994,-0.8660254037844387
Quezon,2010-06-01,18.08,2010,6,2010-04-01,788.58,,,5483.87,,,11.68,7.69,6.7,,,8.69,2.636304231305636,1.2246467991473532e-16,-1.0
Quezon,2010-07-01,24.54,2010,7,2010-07-01,730.28,,,788.58,,,18.08,11.68,7.69,8.03,,12.483333333333333,5.2413770455228015,-0.4999999999999997,-0.8660254037844388
Quezon,2010-08-01,31.27,2010,8,2010-07-01,730.28,,,788.58,,,24.54,18.08,11.68,6.45,,18.099999999999998,6.430023328106984,-0.8660254037844385,-0.5000000000000004
Quezon,2010-09-01,11.21,2010,9,2010-07-01,730.28,,,788.58,,,31.27,24.54,18.08,6.7,,24.63,6.595460560112544,-1.0,-1.8369701987210297e-16
Quezon,2010-10-01,12.46,2010,10,2010-10-01,82.9,,,730.28,,,11.21,31.27,24.54,7.69,,22.34,10.209353554461714,-0.8660254037844386,0.5000000000000001
Quezon,2010-11-01,22.82,2010,11,2010-10-01,82.9,,,730.28,,,12.46,11.21,31.27,11.68,,18.313333333333333,11.238195288093783,-0.5000000000000004,0.8660254037844384
Quezon,2010-12-01,22.22,2010,12,2010-10-01,82.9,,,730.28,,,22.82,12.46,11.21,18.08,,15.496666666666668,6.372914037811375,-2.4492935982947064e-16,1.0
Quezon,2011-01-01,24.97,2011,1,2011-01-01,6044.87,,,82.9,,,22.22,22.82,12.46,24.54,8.03,19.166666666666668,5.8158862895807495,0.49999999999999994,0.8660254037844387
Quezon,2011-02-01,16.39,2011,2,2011-01-01,6044.87,,,82.9,,,24.97,22.22,22.82,31.27,6.45,23.336666666666662,1.4459714151162961,0.8660254037844386,0.5000000000000001
Quezon,2011-03-01,5.68,2011,3,2011-01-01,6044.87,,,82.9,,,16.39,24.97,22.22,11.21,6.7,21.19333333333333,4.3811680329945535,1.0,6.123233995736766e-17
Quezon,2011-04-01,7.74,2011,4,2011-04-01,830.93,,,6044.87,,,5.68,16.39,24.97,12.46,7.69,15.68,9.664579659767922,0.8660254037844387,-0.4999999999999998
Quezon,2011-05-01,7.3,2011,5,2011-04-01,830.93,,,6044.87,,,7.74,5.68,16.39,22.82,11.68,9.936666666666667,5.68287192652914,0.49999999999999994,-0.8660254037844387
Quezon,2011-06-01,15.64,2011,6,2011-04-01,830.93,,,6044.87,,,7.3,7.74,5.68,22.22,18.08,6.906666666666666,1.0848655830714362,1.2246467991473532e-16,-1.0
Quezon,2011-07-01,17.05,2011,7,2011-07-01,844.05,,,830.93,,,15.64,7.3,7.74,24.97,24.54,10.226666666666667,4.693243370349872,-0.4999999999999997,-0.8660254037844388
Quezon,2011-08-01,16.7,2011,8,2011-07-01,844.05,,,830.93,,,17.05,15.64,7.3,16.39,31.27,13.329999999999998,5.269506618270802,-0.8660254037844385,-0.5000000000000004
Quezon,2011-09-01,18.95,2011,9,2011-07-01,844.05,,,830.93,,,16.7,17.05,15.64,5.68,11.21,16.463333333333335,0.7341888948582636,-1.0,-1.8369701987210297e-16
Quezon,2011-10-01,20.37,2011,10,2011-10-01,91.49,,,844.05,,,18.95,16.7,17.05,7.74,12.46,17.566666666666666,1.2107160415775577,-0.8660254037844386,0.5000000000000001
Quezon,2011-11-01,40.98,2011,11,2011-10-01,91.49,,,844.05,,,20.37,18.95,16.7,7.3,22.82,18.673333333333336,1.8505764867557548,-0.5000000000000004,0.8660254037844384
Quezon,2011-12-01,24.41,2011,12,2011-10-01,91.49,,,844.05,,,40.98,20.37,18.95,15.64,22.22,26.766666666666666,12.32956744307494,-2.4492935982947064e-16,1.0
Quezon,2012-01-01,14.33,2012,1,2012-01-01,6536.92,,,91.49,,,24.41,40.98,20.37,17.05,24.97,28.586666666666662,10.921375066049766,0.49999999999999994,0.8660254037844387
Quezon,2012-02-01,9.19,2012,2,2012-01-01,6536.92,,,91.49,,,14.33,24.41,40.98,16.7,16.39,26.573333333333327,13.456063069610423,0.8660254037844386,0.5000000000000001
Quezon,2012-03-01,13.91,2012,3,2012-01-01,6536.92,,,91.49,,,9.19,14.33,24.41,18.95,5.68,15.976666666666667,7.742463001741315,1.0,6.123233995736766e-17
Quezon,2012-04-01,18.85,2012,4,2012-04-01,897.32,,,6536.92,,,13.91,9.19,14.33,20.37,7.74,12.476666666666667,2.8540731128219248,0.8660254037844387,-0.4999999999999998
Quezon,2012-05-01,28.7,2012,5,2012-04-01,897.32,,,6536.92,,,18.85,13.91,9.19,40.98,7.3,13.983333333333334,4.830417511285447,0.49999999999999994,-0.8660254037844387
Quezon,2012-06-01,22.85,2012,6,2012-04-01,897.32,,,6536.92,,,28.7,18.85,13.91,24.41,15.64,20.486666666666668,7.529610437023507,1.2246467991473532e-16,-1.0
Quezon,2012-07-01,17.65,2012,7,2012-07-01,786.06,,,897.32,,,22.85,28.7,18.85,14.33,17.05,23.46666666666667,4.953870540631178,-0.4999999999999997,-0.8660254037844388
Quezon,2012-08-01,19.77,2012,8,2012-07-01,786.06,,,897.32,,,17.65,22.85,28.7,9.19,16.7,23.066666666666666,5.528185356275007,-0.8660254037844385,-0.5000000000000004
Quezon,2012-09-01,23.13,2012,9,2012-07-01,786.06,,,897.32,,,19.77,17.65,22.85,13.91,18.95,20.09,2.61472751926467,-1.0,-1.8369701987210297e-16
Quezon,2012-10-01,23.23,2012,10,2012-10-01,90.13,,,786.06,,,23.13,19.77,17.65,18.85,20.37,20.183333333333334,2.7632830715171592,-0.8660254037844386,0.5000000000000001
Quezon,2012-11-01,16.7,2012,11,2012-10-01,90.13,,,786.06,,,23.23,23.13,19.77,28.7,40.98,22.043333333333333,1.969399231576313,-0.5000000000000004,0.8660254037844384
Quezon,2012-12-01,16.71,2012,12,2012-10-01,90.13,,,786.06,,,16.7,23.23,23.13,22.85,24.41,21.02,3.741563844169976,-2.4492935982947064e-16,1.0
Quezon,2013-01-01,17.04,2013,1,2013-01-01,7031.76,,,90.13,,,16.71,16.7,23.23,17.65,14.33,18.88,3.7672138245658333,0.49999999999999994,0.8660254037844387
Quezon,2013-02-01,13.39,2013,2,2013-01-01,7031.76,,,90.13,,,17.04,16.71,16.7,19.77,9.19,16.816666666666666,0.19347695814540086,0.8660254037844386,0.5000000000000001
Quezon,2013-03-01,10.05,2013,3,2013-01-01,7031.76,,,90.13,,,13.39,17.04,16.71,23.13,13.91,15.713333333333333,2.018819787235395,1.0,6.123233995736766e-17
Quezon,2013-04-01,8.1,2013,4,2013-04-01,945.06,,,7031.76,,,10.05,13.39,17.04,23.23,18.85,13.493333333333334,3.496145496590938,0.8660254037844387,-0.4999999999999998
Quezon,2013-05-01,12.96,2013,5,2013-04-01,945.06,,,7031.76,,,8.1,10.05,13.39,16.7,28.7,10.513333333333334,2.675263226924224,0.49999999999999994,-0.8660254037844387
Quezon,2013-06-01,28.32,2013,6,2013-04-01,945.06,,,7031.76,,,12.96,8.1,10.05,16.71,22.85,10.37,2.4457514182761244,1.2246467991473532e-16,-1.0
Quezon,2013-07-01,26.19,2013,7,2013-07-01,778.2,,,945.06,,,28.32,12.96,8.1,17.04,17.65,16.459999999999997,10.554600892501803,-0.4999999999999997,-0.8660254037844388
Quezon,2013-08-01,21.07,2013,8,2013-07-01,778.2,,,945.06,,,26.19,28.32,12.96,13.39,19.77,22.49,8.32165248012677,-0.8660254037844385,-0.5000000000000004
Quezon,2013-09-01,21.27,2013,9,2013-07-01,778.2,,,945.06,,,21.07,26.19,28.32,10.05,23.13,25.19333333333333,3.726343158289832,-1.0,-1.8369701987210297e-16
Quezon,2013-10-01,23.29,2013,10,2013-10-01,74.36,,,778.2,,,21.27,21.07,26.19,8.1,23.23,22.843333333333334,2.9000229884146402,-0.8660254037844386,0.5000000000000001
Quezon,2013-11-01,20.55,2013,11,2013-10-01,74.36,,,778.2,,,23.29,21.27,21.07,12.96,16.7,21.876666666666665,1.2280608019692483,-0.5000000000000004,0.8660254037844384
Quezon,2013-12-01,21.64,2013,12,2013-10-01,74.36,,,778.2,,,20.55,23.29,21.27,28.32,16.71,21.70333333333333,1.4204694059828775,-2.4492935982947064e-16,1.0
Quezon,2014-01-01,17.73,2014,1,2014-01-01,8187.08,,,74.36,,,21.64,20.55,23.29,26.19,17.04,21.826666666666664,1.3795047420481568,0.49999999999999994,0.8660254037844387
Quezon,2014-02-01,8.61,2014,2,2014-01-01,8187.08,,,74.36,,,17.73,21.64,20.55,21.07,13.39,19.973333333333333,2.017779307390502,0.8660254037844386,0.5000000000000001
Quezon,2014-03-01,7.72,2014,3,2014-01-01,8187.08,,,74.36,,,8.61,17.73,21.64,21.27,10.05,15.993333333333334,6.686346785303103,1.0,6.123233995736766e-17
Quezon,2014-04-01,7.93,2014,4,2014-04-01,959.9,,,8187.08,,,7.72,8.61,17.73,23.29,8.1,11.353333333333332,5.5402557101033665,0.8660254037844387,-0.4999999999999998
Quezon,2014-05-01,9.65,2014,5,2014-04-01,959.9,,,8187.08,,,7.93,7.72,8.61,20.55,12.96,8.086666666666664,0.4652239604027658,0.49999999999999994,-0.8660254037844387
Quezon,2014-06-01,16.61,2014,6,2014-04-01,959.9,,,8187.08,,,9.65,7.93,7.72,21.64,28.32,8.433333333333332,1.058883059328483,1.2246467991473532e-16,-1.0
Quezon,2014-07-01,23.28,2014,7,2014-07-01,446.0,,,959.9,,,16.61,9.65,7.93,17.73,26.19,11.396666666666667,4.596056280479271,-0.4999999999999997,-0.8660254037844388
Quezon,2014-08-01,26.9,2014,8,2014-07-01,446.0,,,959.9,,,23.28,16.61,9.65,8.61,21.07,16.513333333333332,6.815514165001285,-0.8660254037844385,-0.5000000000000004
Quezon,2014-09-01,25.27,2014,9,2014-07-01,446.0,,,959.9,,,26.9,23.28,16.61,7.72,21.27,22.263333333333332,5.219792460752952,-1.0,-1.8369701987210297e-16
Quezon,2014-10-01,31.83,2014,10,2014-10-01,61.03,,,446.0,,,25.27,26.9,23.28,7.93,23.29,25.150000000000002,1.8129809706668534,-0.8660254037844386,0.5000000000000001
Quezon,2014-11-01,21.75,2014,11,2014-10-01,61.03,,,446.0,,,31.83,25.27,26.9,9.65,20.55,28.0,3.415538024967697,-0.5000000000000004,0.8660254037844384
Quezon,2014-12-01,22.66,2014,12,2014-10-01,61.03,,,446.0,,,21.75,31.83,25.27,16.61,21.64,26.28333333333333,5.1158316365312,-2.4492935982947064e-16,1.0
Quezon,2015-01-01,19.15,2015,1,2015-01-01,9445.43,,,61.03,,,22.66,21.75,31.83,23.28,17.73,25.41333333333333,5.575592644135102,0.49999999999999994,0.8660254037844387
Quezon,2015-02-01,11.98,2015,2,2015-01-01,9445.43,,,61.03,,,19.15,22.66,21.75,26.9,8.61,21.186666666666664,1.8215469616052484,0.8660254037844386,0.5000000000000001
Quezon,2015-03-01,9.26,2015,3,2015-01-01,9445.43,,,61.03,,,11.98,19.15,22.66,25.27,7.72,17.929999999999996,5.443519082358382,1.0,6.123233995736766e-17
Quezon,2015-04-01,9.84,2015,4,2015-04-01,906.91,,,9445.43,,,9.26,11.98,19.15,31.83,7.93,13.463333333333331,5.1091323464295755,0.8660254037844387,-0.4999999999999998
Quezon,2015-05-01,11.72,2015,5,2015-04-01,906.91,,,9445.43,,,9.84,9.26,11.98,21.75,9.65,10.36,1.432619977523531,0.49999999999999994,-0.8660254037844387
Quezon,2015-06-01,19.18,2015,6,2015-04-01,906.91,,,9445.43,,,11.72,9.84,9.26,22.66,16.61,10.273333333333332,1.2859756348130607,1.2246467991473532e-16,-1.0
Quezon,2015-07-01,19.19,2015,7,2015-07-01,383.56,,,906.91,,,19.18,11.72,9.84,19.15,23.28,13.579999999999998,4.939999999999965,-0.4999999999999997,-0.8660254037844388
Quezon,2015-08-01,14.61,2015,8,2015-07-01,383.56,,,906.91,,,19.19,19.18,11.72,11.98,26.9,16.69666666666667,4.309922659785571,-0.8660254037844385,-0.5000000000000004
Quezon,2015-09-01,21.61,2015,9,2015-07-01,383.56,,,906.91,,,14.61,19.19,19.18,9.26,25.27,17.66,2.641382213917526,-1.0,-1.8369701987210297e-16
Quezon,2015-10-01,26.77,2015,10,2015-10-01,55.38,,,383.56,,,21.61,14.61,19.19,9.84,31.83,18.47,3.5551089997354355,-0.8660254037844386,0.5000000000000001
Quezon,2015-11-01,28.03,2015,11,2015-10-01,55.38,,,383.56,,,26.77,21.61,14.61,11.72,21.75,20.996666666666666,6.103157652669094,-0.5000000000000004,0.8660254037844384
Quezon,2015-12-01,32.15,2015,12,2015-10-01,55.38,,,383.56,,,28.03,26.77,21.61,19.18,22.66,25.47,3.4017054546212844,-2.4492935982947064e-16,1.0
Quezon,2016-01-01,27.83,2016,1,2016-01-01,8533.0,,,55.38,,,32.15,28.03,26.77,19.19,19.15,28.98333333333333,2.8138467146121675,0.49999999999999994,0.8660254037844387
Quezon,2016-02-01,15.0,2016,2,2016-01-01,8533.0,,,55.38,,,27.83,32.15,28.03,14.61,11.98,29.336666666666662,2.4384694653273202,0.8660254037844386,0.5000000000000001
Quezon,2016-03-01,7.94,2016,3,2016-01-01,8533.0,,,55.38,,,15.0,27.83,32.15,21.61,9.26,24.99333333333333,8.919957025307546,1.0,6.123233995736766e-17
Quezon,2016-04-01,13.26,2016,4,2016-04-01,813.86,,,8533.0,,,7.94,15.0,27.83,26.77,9.84,16.92333333333333,10.083522863232522,0.8660254037844387,-0.4999999999999998
Quezon,2016-05-01,13.27,2016,5,2016-04-01,813.86,,,8533.0,,,13.26,7.94,15.0,28.03,11.72,12.066666666666663,3.6781698347592293,0.49999999999999994,-0.8660254037844387
Quezon,2016-06-01,21.62,2016,6,2016-04-01,813.86,,,8533.0,,,13.27,13.26,7.94,32.15,19.18,11.489999999999997,3.0743942492789325,1.2246467991473532e-16,-1.0
Quezon,2016-07-01,17.99,2016,7,2016-07-01,353.95,,,813.86,,,21.62,13.27,13.26,27.83,19.19,16.049999999999997,4.823764090417323,-0.4999999999999997,-0.8660254037844388
Quezon,2016-08-01,32.96,2016,8,2016-07-01,353.95,,,813.86,,,17.99,21.62,13.27,15.0,14.61,17.626666666666665,4.186840495329753,-0.8660254037844385,-0.5000000000000004
Quezon,2016-09-01,30.72,2016,9,2016-07-01,353.95,,,813.86,,,32.96,17.99,21.62,7.94,21.61,24.189999999999998,7.808898769993131,-1.0,-1.8369701987210297e-16
Quezon,2016-10-01,26.42,2016,10,2016-10-01,62.97,,,353.95,,,30.72,32.96,17.99,13.26,26.77,27.22333333333333,8.074356527509407,-0.8660254037844386,0.5000000000000001
Quezon,2016-11-01,31.24,2016,11,2016-10-01,62.97,,,353.95,,,26.42,30.72,32.96,13.27,28.03,30.03333333333333,3.3236325508897524,-0.5000000000000004,0.8660254037844384
Quezon,2016-12-01,24.94,2016,12,2016-10-01,62.97,,,353.95,,,31.24,26.42,30.72,21.62,32.15,29.459999999999994,2.6455245226609696,-2.4492935982947064e-16,1.0
Quezon,2017-01-01,32.02,2017,1,2017-01-01,6974.87,,,62.97,,,24.94,31.24,26.42,17.99,27.83,27.53333333333333,3.2942576300790085,0.49999999999999994,0.8660254037844387
Quezon,2017-02-01,16.34,2017,2,2017-01-01,6974.87,,,62.97,,,32.02,24.94,31.24,32.96,15.0,29.399999999999995,3.8821128267994167,0.8660254037844386,0.5000000000000001
Quezon,2017-03-01,14.78,2017,3,2017-01-01,6974.87,,,62.97,,,16.34,32.02,24.94,30.72,7.94,24.433333333333334,7.8522693110548385,1.0,6.123233995736766e-17
Quezon,2017-04-01,16.69,2017,4,2017-04-01,801.49,,,6974.87,,,14.78,16.34,32.02,26.42,13.26,21.046666666666663,9.535142019568111,0.8660254037844387,-0.4999999999999998
Quezon,2017-05-01,10.77,2017,5,2017-04-01,801.49,,,6974.87,,,16.69,14.78,16.34,31.24,13.27,15.936666666666662,1.016874295738195,0.49999999999999994,-0.8660254037844387
Quezon,2017-06-01,24.2,2017,6,2017-04-01,801.49,,,6974.87,,,10.77,16.69,14.78,24.94,21.62,14.079999999999997,3.021440054013913,1.2246467991473532e-16,-1.0
Quezon,2017-07-01,19.78,2017,7,2017-07-01,314.66,,,801.49,,,24.2,10.77,16.69,32.02,17.99,17.219999999999995,6.730668614632561,-0.4999999999999997,-0.8660254037844388
Quezon,2017-08-01,22.12,2017,8,2017-07-01,314.66,,,801.49,,,19.78,24.2,10.77,16.34,32.96,18.249999999999996,6.844479527327105,-0.8660254037844385,-0.5000000000000004
Quezon,2017-09-01,33.15,2017,9,2017-07-01,314.66,,,801.49,,,22.12,19.78,24.2,14.78,30.72,22.03333333333333,2.211274142510035,-1.0,-1.8369701987210297e-16
Quezon,2017-10-01,40.74,2017,10,2017-10-01,58.69,,,314.66,,,33.15,22.12,19.78,16.69,26.42,25.016666666666662,7.140184404714886,-0.8660254037844386,0.5000000000000001
Quezon,2017-11-01,20.82,2017,11,2017-10-01,58.69,,,314.66,,,40.74,33.15,22.12,10.77,31.24,32.00333333333333,9.362811187529852,-0.5000000000000004,0.8660254037844384
Quezon,2017-12-01,27.08,2017,12,2017-10-01,58.69,,,314.66,,,20.82,40.74,33.15,24.2,24.94,31.569999999999993,10.053551611246684,-2.4492935982947064e-16,1.0
Quezon,2018-01-01,15.82,2018,1,2018-01-01,6713.31,,,58.69,,,27.08,20.82,40.74,19.78,32.02,29.546666666666663,10.186507415858195,0.49999999999999994,0.8660254037844387
Quezon,2018-02-01,29.85,2018,2,2018-01-01,6713.31,,,58.69,,,15.82,27.08,20.82,22.12,16.34,21.24,5.641737321074067,0.8660254037844386,0.5000000000000001
Quezon,2018-03-01,19.77,2018,3,2018-01-01,6713.31,,,58.69,,,29.85,15.82,27.08,33.15,14.78,24.25,7.430807493132912,1.0,6.123233995736766e-17
Quezon,2018-04-01,16.84,2018,4,2018-04-01,819.6,,,6713.31,,,19.77,29.85,15.82,40.74,16.69,21.813333333333333,7.234751781044973,0.8660254037844387,-0.4999999999999998
Quezon,2018-05-01,9.34,2018,5,2018-04-01,819.6,,,6713.31,,,16.84,19.77,29.85,20.82,10.77,22.153333333333332,6.824604994674302,0.49999999999999994,-0.8660254037844387
Quezon,2018-06-01,31.71,2018,6,2018-04-01,819.6,,,6713.31,,,9.34,16.84,19.77,27.08,24.2,15.316666666666663,5.379278142402839,1.2246467991473532e-16,-1.0
Quezon,2018-07-01,51.35,2018,7,2018-07-01,278.38,,,819.6,,,31.71,9.34,16.84,15.82,19.78,19.296666666666663,11.38554492913419,-0.4999999999999997,-0.8660254037844388
Quezon,2018-08-01,43.23,2018,8,2018-07-01,278.38,,,819.6,,,51.35,31.71,9.34,29.85,22.12,30.8,21.019778780948215,-0.8660254037844385,-0.5000000000000004
Quezon,2018-09-01,8.83,2018,9,2018-07-01,278.38,,,819.6,,,43.23,51.35,31.71,19.77,33.15,42.096666666666664,9.868927668867318,-1.0,-1.8369701987210297e-16
Quezon,2018-10-01,18.27,2018,10,2018-10-01,51.62,,,278.38,,,8.83,43.23,51.35,16.84,40.74,34.46999999999999,22.573010432815583,-0.8660254037844386,0.5000000000000001
Quezon,2018-11-01,29.93,2018,11,2018-10-01,51.62,,,278.38,,,18.27,8.83,43.23,9.34,20.82,23.443333333333328,17.77392847215645,-0.5000000000000004,0.8660254037844384
Quezon,2018-12-01,36.01,2018,12,2018-10-01,51.62,,,278.38,,,29.93,18.27,8.83,31.71,27.08,19.009999999999998,10.569446532340287,-2.4492935982947064e-16,1.0
Quezon,2019-01-01,23.33,2019,1,2019-01-01,5909.73,,,51.62,,,36.01,29.93,18.27,51.35,15.82,28.069999999999997,9.015076261463388,0.49999999999999994,0.8660254037844387
Quezon,2019-02-01,13.76,2019,2,2019-01-01,5909.73,,,51.62,,,23.33,36.01,29.93,43.23,29.85,29.756666666666664,6.341776827777385,0.8660254037844386,0.5000000000000001
Quezon,2019-03-01,6.66,2019,3,2019-01-01,5909.73,,,51.62,,,13.76,23.33,36.01,8.83,19.77,24.366666666666664,11.161166307036815,1.0,6.123233995736766e-17
Quezon,2019-04-01,11.32,2019,4,2019-04-01,645.6,,,5909.73,,,6.66,13.76,23.33,18.27,16.84,14.58333333333333,8.365442805574206,0.8660254037844387,-0.4999999999999998
Quezon,2019-05-01,28.46,2019,5,2019-04-01,645.6,,,5909.73,,,11.32,6.66,13.76,29.93,9.34,10.579999999999998,3.6073813216791617,0.49999999999999994,-0.8660254037844387
Quezon,2019-06-01,41.02,2019,6,2019-04-01,645.6,,,5909.73,,,28.46,11.32,6.66,36.01,31.71,15.479999999999999,11.479947735072665,1.2246467991473532e-16,-1.0
Quezon,2019-07-01,35.74,2019,7,2019-07-01,287.01,,,645.6,,,41.02,28.46,11.32,23.33,51.35,26.933333333333334,14.908740165866938,-0.4999999999999997,-0.8660254037844388
Quezon,2019-08-01,24.89,2019,8,2019-07-01,287.01,,,645.6,,,35.74,41.02,28.46,13.76,43.23,35.07333333333333,6.30648343637995,-0.8660254037844385,-0.5000000000000004
Quezon,2019-09-01,31.53,2019,9,2019-07-01,287.01,,,645.6,,,24.89,35.74,41.02,6.66,8.83,33.88333333333333,8.223723811834551,-1.0,-1.8369701987210297e-16
Quezon,2019-10-01,36.21,2019,10,2019-10-01,45.45,,,287.01,,,31.53,24.89,35.74,11.32,18.27,30.72,5.470164531346477,-0.8660254037844386,0.5000000000000001
Quezon,2019-11-01,13.55,2019,11,2019-10-01,45.45,,,287.01,,,36.21,31.53,24.89,28.46,29.93,30.876666666666665,5.688210028940068,-0.5000000000000004,0.8660254037844384
Quezon,2019-12-01,28.89,2019,12,2019-10-01,45.45,,,287.01,,,13.55,36.21,31.53,41.02,36.01,27.096666666666664,11.96284804439704,-2.4492935982947064e-16,1.0
Quezon,2020-01-01,18.51,2020,1,2020-01-01,4975.4,,,45.45,,,28.89,13.55,36.21,35.74,23.33,26.216666666666665,11.564122678929603,0.49999999999999994,0.8660254037844387
Quezon,2020-02-01,19.71,2020,2,2020-01-01,4975.4,,,45.45,,,18.51,28.89,13.55,24.89,13.76,20.316666666666666,7.827958439678482,0.8660254037844386,0.5000000000000001
Quezon,2020-03-01,15.53,2020,3,2020-01-01,4975.4,,,45.45,,,19.71,18.51,28.89,31.53,6.66,22.369999999999994,5.678274385761962,1.0,6.123233995736766e-17
Quezon,2020-04-01,39.58,2020,4,2020-04-01,609.93,,,4975.4,,,15.53,19.71,18.51,36.21,11.32,17.916666666666664,2.152239144085372,0.8660254037844387,-0.4999999999999998
Quezon,2020-05-01,10.31,2020,5,2020-04-01,609.93,,,4975.4,,,39.58,15.53,19.71,13.55,28.46,24.939999999999998,12.849719841303958,0.49999999999999994,-0.8660254037844387
Quezon,2020-06-01,17.94,2020,6,2020-04-01,609.93,,,4975.4,,,10.31,39.58,15.53,28.89,41.02,21.80666666666666,15.611874753960002,1.2246467991473532e-16,-1.0
Quezon,2020-07-01,27.06,2020,7,2020-07-01,293.04,,,609.93,,,17.94,10.31,39.58,18.51,35.74,22.609999999999996,15.183540430347607,-0.4999999999999997,-0.8660254037844388
Quezon,2020-08-01,39.12,2020,8,2020-07-01,293.04,,,609.93,,,27.06,17.94,10.31,19.71,24.89,18.436666666666664,8.386037999754913,-0.8660254037844385,-0.5000000000000004
Quezon,2020-09-01,46.76,2020,9,2020-07-01,293.04,,,609.93,,,39.12,27.06,17.94,15.53,31.53,28.039999999999996,10.623954066165801,-1.0,-1.8369701987210297e-16
Quezon,2020-10-01,73.98,2020,10,2020-10-01,26.21,,,293.04,,,46.76,39.12,27.06,39.58,36.21,37.64666666666667,9.932297485140841,-0.8660254037844386,0.5000000000000001
Quezon,2020-11-01,79.69,2020,11,2020-10-01,26.21,,,293.04,,,73.98,46.76,39.12,10.31,13.55,53.28666666666666,18.323562244643828,-0.5000000000000004,0.8660254037844384
Quezon,2020-12-01,102.5,2020,12,2020-10-01,26.21,,,293.04,,,79.69,73.98,46.76,17.94,28.89,66.81,17.596957123321204,-2.4492935982947064e-16,1.0
Quezon,2021-01-01,45.0,2021,1,2021-01-01,4904.15,,,26.21,,,102.5,79.69,73.98,27.06,18.51,85.39,15.09023193990096,0.49999999999999994,0.8660254037844387
Quezon,2021-02-01,10.25,2021,2,2021-01-01,4904.15,,,26.21,,,45.0,102.5,79.69,39.12,19.71,75.73,28.95382012792105,0.8660254037844386,0.5000000000000001
Quezon,2021-03-01,7.35,2021,3,2021-01-01,4904.15,,,26.21,,,10.25,45.0,102.5,46.76,15.53,52.583333333333336,46.59019031226784,1.0,6.123233995736766e-17
Quezon,2021-04-01,8.15,2021,4,2021-04-01,615.11,,,4904.15,,,7.35,10.25,45.0,73.98,39.58,20.866666666666664,20.950318215562582,0.8660254037844387,-0.4999999999999998
Quezon,2021-05-01,5.38,2021,5,2021-04-01,615.11,,,4904.15,,,8.15,7.35,10.25,79.69,10.31,8.583333333333329,1.497776129243685,0.49999999999999994,-0.8660254037844387
Quezon,2021-06-01,36.95,2021,6,2021-04-01,615.11,,,4904.15,,,5.38,8.15,7.35,102.5,17.94,6.959999999999995,1.4255875981498685,1.2246467991473532e-16,-1.0
Quezon,2021-07-01,48.92,2021,7,2021-07-01,223.68,,,615.11,,,36.95,5.38,8.15,45.0,27.06,16.826666666666664,17.482266252786935,-0.4999999999999997,-0.8660254037844388
Quezon,2021-08-01,50.19,2021,8,2021-07-01,223.68,,,615.11,,,48.92,36.95,5.38,10.25,39.12,30.416666666666668,22.493248616714624,-0.8660254037844385,-0.5000000000000004
Quezon,2021-09-01,22.58,2021,9,2021-07-01,223.68,,,615.11,,,50.19,48.92,36.95,7.35,46.76,45.35333333333333,7.30515115061528,-1.0,-1.8369701987210297e-16
Quezon,2021-10-01,30.9,2021,10,2021-10-01,27.83,,,223.68,,,22.58,50.19,48.92,8.15,73.98,40.563333333333325,15.586963570026565,-0.8660254037844386,0.5000000000000001
Quezon,2021-11-01,21.81,2021,11,2021-10-01,27.83,,,223.68,,,30.9,22.58,50.19,5.38,79.69,34.556666666666665,14.163560051531347,-0.5000000000000004,0.8660254037844384
Quezon,2021-12-01,23.5,2021,12,2021-10-01,27.83,,,223.68,,,21.81,30.9,22.58,36.95,102.5,25.09666666666666,5.0405588314524845,-2.4492935982947064e-16,1.0
Quezon,2022-01-01,22.53,2022,1,2022-01-01,4985.02,,,27.83,,,23.5,21.81,30.9,48.92,45.0,25.403333333333325,4.834669930133149,0.49999999999999994,0.8660254037844387
Quezon,2022-02-01,28.07,2022,2,2022-01-01,4985.02,,,27.83,,,22.53,23.5,21.81,50.19,10.25,22.61333333333333,0.8480762544331579,0.8660254037844386,0.5000000000000001
Quezon,2022-03-01,35.04,2022,3,2022-01-01,4985.02,,,27.83,,,28.07,22.53,23.5,22.58,7.35,24.699999999999992,2.9585300404086254,1.0,6.123233995736766e-17
Quezon,2022-04-01,52.77,2022,4,2022-04-01,615.93,,,4985.02,,,35.04,28.07,22.53,30.9,8.15,28.546666666666663,6.268606969122725,0.8660254037844387,-0.4999999999999998
Quezon,2022-05-01,48.69,2022,5,2022-04-01,615.93,,,4985.02,,,52.77,35.04,28.07,21.81,5.38,38.626666666666665,12.734623407597697,0.49999999999999994,-0.8660254037844387
Quezon,2022-06-01,20.0,2022,6,2022-04-01,615.93,,,4985.02,,,48.69,52.77,35.04,23.5,36.95,45.5,9.285488678578128,1.2246467991473532e-16,-1.0
Quezon,2022-07-01,16.66,2022,7,2022-07-01,214.23,,,615.93,,,20.0,48.69,52.77,22.53,48.92,40.48666666666666,17.858869878391953,-0.4999999999999997,-0.8660254037844388
Quezon,2022-08-01,25.0,2022,8,2022-07-01,214.23,,,615.93,,,16.66,20.0,48.69,28.07,50.19,28.449999999999992,17.607728416806086,-0.8660254037844385,-0.5000000000000004
Quezon,2022-09-01,44.61,2022,9,2022-07-01,214.23,,,615.93,,,25.0,16.66,20.0,35.04,22.58,20.553333333333327,4.1974436664871435,-1.0,-1.8369701987210297e-16
Quezon,2022-10-01,51.73,2022,10,2022-10-01,26.11,,,214.23,,,44.61,25.0,16.66,52.77,30.9,28.75666666666666,14.348694481845166,-0.8660254037844386,0.5000000000000001
Quezon,2022-11-01,50.5,2022,11,2022-10-01,26.11,,,214.23,,,51.73,44.61,25.0,48.69,21.81,40.44666666666666,13.842804388321582,-0.5000000000000004,0.8660254037844384
Quezon,2022-12-01,42.16,2022,12,2022-10-01,26.11,,,214.23,,,50.5,51.73,44.61,20.0,23.5,48.94666666666666,3.805684344941941,-2.4492935982947064e-16,1.0
Quezon,2023-01-01,18.72,2023,1,2023-01-01,5050.35,,,26.11,,,42.16,50.5,51.73,16.66,22.53,48.129999999999995,5.206620785116077,0.49999999999999994,0.8660254037844387
Quezon,2023-02-01,14.41,2023,2,2023-01-01,5050.35,,,26.11,,,18.72,42.16,50.5,25.0,28.07,37.126666666666665,16.477042614903162,0.8660254037844386,0.5000000000000001
Quezon,2023-03-01,13.55,2023,3,2023-01-01,5050.35,,,26.11,,,14.41,18.72,42.16,44.61,35.04,25.09666666666666,14.933587423433577,1.0,6.123233995736766e-17
Quezon,2023-04-01,5.1,2023,4,2023-04-01,597.1,,,5050.35,,,13.55,14.41,18.72,51.73,52.77,15.559999999999995,2.7702165980296924,0.8660254037844387,-0.4999999999999998
Quezon,2023-05-01,9.33,2023,5,2023-04-01,597.1,,,5050.35,,,5.1,13.55,14.41,50.5,48.69,11.019999999999996,5.144871232596469,0.49999999999999994,-0.8660254037844387
Quezon,2023-06-01,35.99,2023,6,2023-04-01,597.1,,,5050.35,,,9.33,5.1,13.55,42.16,20.0,9.326666666666663,4.225000986193005,1.2246467991473532e-16,-1.0
Quezon,2023-07-01,58.99,2023,7,2023-07-01,209.95,,,597.1,,,35.99,9.33,5.1,18.72,16.66,16.80666666666666,16.74734108249225,-0.4999999999999997,-0.8660254037844388
Quezon,2023-08-01,88.68,2023,8,2023-07-01,209.95,,,597.1,,,58.99,35.99,9.33,14.41,25.0,34.769999999999996,24.852468690252916,-0.8660254037844385,-0.5000000000000004
Quezon,2023-09-01,46.78,2023,9,2023-07-01,209.95,,,597.1,,,88.68,58.99,35.99,13.55,44.61,61.22,26.415690413086022,-1.0,-1.8369701987210297e-16
Quezon,2023-10-01,64.06,2023,10,2023-10-01,27.0,,,209.95,,,46.78,88.68,58.99,5.1,51.73,64.81666666666666,21.549130686255968,-0.8660254037844386,0.5000000000000001
Quezon,2023-11-01,21.55,2023,11,2023-10-01,27.0,,,209.95,,,64.06,46.78,88.68,9.33,50.5,66.50666666666666,21.056878527771843,-0.5000000000000004,0.8660254037844384
Quezon,2023-12-01,18.0,2023,12,2023-10-01,27.0,,,209.95,,,21.55,64.06,46.78,35.99,42.16,44.129999999999995,21.378538303635327,-2.4492935982947064e-16,1.0
Quezon,2024-01-01,,2024,1,2024-01-01,5545.5,,,27.0,,,18.0,21.55,64.06,58.99,18.72,34.53666666666666,25.629495378047046,0.49999999999999994,0.8660254037844387
Quezon,2024-02-01,44.93,2024,2,2024-01-01,5545.5,,,27.0,,,,18.0,21.55,88.68,14.41,19.77499999999999,2.510229073212104,0.8660254037844386,0.5000000000000001
Quezon,2024-03-01,10.8,2024,3,2024-01-01,5545.5,,,27.0,,,44.93,,18.0,46.78,13.55,31.464999999999996,19.042385617353723,1.0,6.123233995736766e-17
Quezon,2024-04-01,55.0,2024,4,2024-04-01,560.3,,,5545.5,,,10.8,44.93,,64.06,5.1,27.864999999999995,24.133554441896866,0.8660254037844387,-0.4999999999999998
Quezon,2024-05-01,,2024,5,2024-04-01,560.3,,,5545.5,,,55.0,10.8,44.93,21.55,9.33,36.91,23.165713889280426,0.49999999999999994,-0.8660254037844387
Quezon,2024-06-01,,2024,6,2024-04-01,560.3,,,5545.5,,,,55.0,10.8,18.0,35.99,32.89999999999999,31.254119728445403,1.2246467991473532e-16,-1.0
Quezon,2024-07-01,110.0,2024,7,2024-07-01,334.32,,,560.3,,,,,55.0,,58.99,,,-0.4999999999999997,-0.8660254037844388
Quezon,2024-08-01,90.0,2024,8,2024-07-01,334.32,,,560.3,,,110.0,,,44.93,88.68,,,-0.8660254037844385,-0.5000000000000004
Quezon,2024-09-01,,2024,9,2024-07-01,334.32,,,560.3,,,90.0,110.0,,10.8,46.78,100.0,14.142135623730951,-1.0,-1.8369701987210297e-16
Quezon,2024-10-01,80.0,2024,10,2024-10-01,24.23,,,334.32,,,,90.0,110.0,55.0,64.06,100.0,14.142135623730951,-0.8660254037844386,0.5000000000000001
Quezon,2024-11-01,,2024,11,2024-10-01,24.23,,,334.32,,,80.0,,90.0,,21.55,85.0,7.0710678118654755,-0.5000000000000004,0.8660254037844384
Quezon,2024-12-01,,2024,12,2024-10-01,24.23,,,334.32,,,,80.0,,,18.0,,,-2.4492935982947064e-16,1.0
Quezon,2025-01-01,13.35,2025,1,2025-01-01,5505.37,391.0,14.080230179028133,24.23,,,,,80.0,110.0,,,,0.49999999999999994,0.8660254037844387
Quezon,2025-02-01,8.58,2025,2,2025-01-01,5505.37,391.0,14.080230179028133,24.23,,,13.35,,,90.0,44.93,,,0.8660254037844386,0.5000000000000001
Quezon,2025-03-01,14.84,2025,3,2025-01-01,5505.37,391.0,14.080230179028133,24.23,,,8.58,13.35,,,10.8,10.964999999999993,3.3728993462598313,1.0,6.123233995736766e-17
Quezon,2025-04-01,,2025,4,2025-04-01,628.93,398.0,1.5802261306532661,5505.37,391.0,14.080230179028133,14.84,8.58,13.35,80.0,55.0,12.25666666666666,3.270081548422506,0.8660254037844387,-0.4999999999999998
Quezon,2025-05-01,100.0,2025,5,2025-04-01,628.93,398.0,1.5802261306532661,5505.37,391.0,14.080230179028133,,14.84,8.58,,,11.70999999999999,4.4264884502277875,0.49999999999999994,-0.8660254037844387
Quezon,2025-06-01,50.0,2025,6,2025-04-01,628.93,398.0,1.5802261306532661,5505.37,391.0,14.080230179028133,100.0,,14.84,,,57.41999999999999,60.217213485846386,1.2246467991473532e-16,-1.0
Quezon,2025-07-01,75.0,2025,7,2025-07-01,306.71,48.0,6.3897916666666665,628.93,398.0,1.5802261306532661,50.0,100.0,,13.35,110.0,74.99999999999999,35.35533905932738,-0.4999999999999997,-0.8660254037844388
Quezon,2025-08-01,75.0,2025,8,2025-07-01,306.71,48.0,6.3897916666666665,628.93,398.0,1.5802261306532661,75.0,50.0,100.0,8.58,90.0,74.99999999999999,25.0,-0.8660254037844385,-0.5000000000000004
Quezon,2025-09-01,72.5,2025,9,2025-07-01,306.71,48.0,6.3897916666666665,628.93,398.0,1.5802261306532661,75.0,75.0,50.0,14.84,,66.66666666666666,14.433756729740644,-1.0,-1.8369701987210297e-16
Quezon,2025-10-01,61.51,2025,10,2025-10-01,28.27,50.0,0.5654,306.71,48.0,6.3897916666666665,72.5,75.0,75.0,,80.0,74.16666666666666,1.4433756729740665,-0.8660254037844386,0.5000000000000001
Quezon,2025-11-01,100.0,2025,11,2025-10-01,28.27,50.0,0.5654,306.71,48.0,6.3897916666666665,61.51,72.5,75.0,100.0,,69.66999999999999,7.176468490838655,-0.5000000000000004,0.8660254037844384
Quezon,2025-12-01,,2025,12,2025-10-01,28.27,50.0,0.5654,306.71,48.0,6.3897916666666665,100.0,61.51,72.5,50.0,,78.00333333333332,19.826372167729865,-2.4492935982947064e-16,1.0
Quezon,2026-01-01,50.0,2026,1,2026-01-01,5367.07,380.0,14.12386842105263,28.27,50.0,0.5654,,100.0,61.51,75.0,13.35,80.75499999999998,27.216540007870222,0.49999999999999994,0.8660254037844387
Quezon,2026-02-01,20.0,2026,2,2026-01-01,5367.07,380.0,14.12386842105263,28.27,50.0,0.5654,50.0,,100.0,75.0,8.58,74.99999999999999,35.35533905932738,0.8660254037844386,0.5000000000000001
Quezon,2026-03-01,,2026,3,2026-01-01,5367.07,380.0,14.12386842105263,28.27,50.0,0.5654,20.0,50.0,,72.5,14.84,34.999999999999986,21.213203435596427,1.0,6.123233995736766e-17
Quezon,2026-04-01,20.0,2026,4,2026-04-01,633.54,398.0,1.5918090452261306,5367.07,380.0,14.12386842105263,,20.0,50.0,61.51,,34.999999999999986,21.213203435596427,0.8660254037844387,-0.4999999999999998
Quezon,2026-05-01,,2026,5,2026-04-01,633.54,398.0,1.5918090452261306,5367.07,380.0,14.12386842105263,20.0,,20.0,100.0,100.0,20.0,0.0,0.49999999999999994,-0.8660254037844387
Quezon,2026-06-01,30.0,2026,6,2026-04-01,633.54,398.0,1.5918090452261306,5367.07,380.0,14.12386842105263,,20.0,,,50.0,,,1.2246467991473532e-16,-1.0
Quezon,2026-07-01,,2026,7,2026-07-01,,,,633.54,398.0,1.5918090452261306,30.0,,20.0,50.0,75.0,24.999999999999986,7.0710678118654755,-0.4999999999999997,-0.8660254037844388
Quezon,2026-08-01,,2026,8,2026-07-01,,,,633.54,398.0,1.5918090452261306,,30.0,,20.0,75.0,,,-0.8660254037844385,-0.5000000000000004
Quezon,2026-09-01,,2026,9,2026-07-01,,,,633.54,398.0,1.5918090452261306,,,30.0,,72.5,,,-1.0,-1.8369701987210297e-16
Quezon,2026-10-01,,2026,10,2026-10-01,,,,,,,,,,20.0,61.51,,,-0.8660254037844386,0.5000000000000001
Quezon,2026-11-01,,2026,11,2026-10-01,,,,,,,,,,,100.0,,,-0.5000000000000004,0.8660254037844384
Quezon,2026-12-01,,2026,12,2026-10-01,,,,,,,,,,30.0,,,,-2.4492935982947064e-16,1.0
Rizal,2010-01-01,5.5,2010,1,2010-01-01,108.5,,,,,,,,,,,,,0.49999999999999994,0.8660254037844387
Rizal,2010-02-01,5.55,2010,2,2010-01-01,108.5,,,,,,5.5,,,,,,,0.8660254037844386,0.5000000000000001
Rizal,2010-03-01,4.99,2010,3,2010-01-01,108.5,,,,,,5.55,5.5,,,,5.525,0.03535533905932694,1.0,6.123233995736766e-17
Rizal,2010-04-01,7.12,2010,4,2010-04-01,23.5,,,108.5,,,4.99,5.55,5.5,,,5.346666666666667,0.3098924544633723,0.8660254037844387,-0.4999999999999998
Rizal,2010-05-01,9.87,2010,5,2010-04-01,23.5,,,108.5,,,7.12,4.99,5.55,,,5.886666666666667,1.1041889934849622,0.49999999999999994,-0.8660254037844387
Rizal,2010-06-01,13.21,2010,6,2010-04-01,23.5,,,108.5,,,9.87,7.12,4.99,,,7.326666666666665,2.4465554016480664,1.2246467991473532e-16,-1.0
Rizal,2010-07-01,,2010,7,2010-07-01,0.0,,,23.5,,,13.21,9.87,7.12,5.5,,10.066666666666668,3.0497595533637303,-0.4999999999999997,-0.8660254037844388
Rizal,2010-08-01,,2010,8,2010-07-01,0.0,,,23.5,,,,13.21,9.87,5.55,,11.540000000000001,2.3617366491630722,-0.8660254037844385,-0.5000000000000004
Rizal,2010-09-01,,2010,9,2010-07-01,0.0,,,23.5,,,,,13.21,4.99,,,,-1.0,-1.8369701987210297e-16
Rizal,2010-10-01,,2010,10,2010-10-01,0.0,,,0.0,,,,,,7.12,,,,-0.8660254037844386,0.5000000000000001
Rizal,2010-11-01,,2010,11,2010-10-01,0.0,,,0.0,,,,,,9.87,,,,-0.5000000000000004,0.8660254037844384
Rizal,2010-12-01,,2010,12,2010-10-01,0.0,,,0.0,,,,,,13.21,,,,-2.4492935982947064e-16,1.0
Rizal,2011-01-01,29.44,2011,1,2011-01-01,110.0,,,0.0,,,,,,,5.5,,,0.49999999999999994,0.8660254037844387
Rizal,2011-02-01,17.83,2011,2,2011-01-01,110.0,,,0.0,,,29.44,,,,5.55,,,0.8660254037844386,0.5000000000000001
Rizal,2011-03-01,8.15,2011,3,2011-01-01,110.0,,,0.0,,,17.83,29.44,,,4.99,23.634999999999998,8.209509729575817,1.0,6.123233995736766e-17
Rizal,2011-04-01,6.6,2011,4,2011-04-01,23.0,,,110.0,,,8.15,17.83,29.44,,7.12,18.473333333333333,10.659570035106169,0.8660254037844387,-0.4999999999999998
Rizal,2011-05-01,8.53,2011,5,2011-04-01,23.0,,,110.0,,,6.6,8.15,17.83,,9.87,10.86,6.085745640428948,0.49999999999999994,-0.8660254037844387
Rizal,2011-06-01,15.56,2011,6,2011-04-01,23.0,,,110.0,,,8.53,6.6,8.15,,13.21,7.759999999999998,1.0223991392797458,1.2246467991473532e-16,-1.0
Rizal,2011-07-01,,2011,7,2011-07-01,0.0,,,23.0,,,15.56,8.53,6.6,29.44,,10.229999999999999,4.715707794170454,-0.4999999999999997,-0.8660254037844388
Rizal,2011-08-01,,2011,8,2011-07-01,0.0,,,23.0,,,,15.56,8.53,17.83,,12.044999999999998,4.970960671741421,-0.8660254037844385,-0.5000000000000004
Rizal,2011-09-01,,2011,9,2011-07-01,0.0,,,23.0,,,,,15.56,8.15,,,,-1.0,-1.8369701987210297e-16
Rizal,2011-10-01,,2011,10,2011-10-01,0.0,,,0.0,,,,,,6.6,,,,-0.8660254037844386,0.5000000000000001
Rizal,2011-11-01,,2011,11,2011-10-01,0.0,,,0.0,,,,,,8.53,,,,-0.5000000000000004,0.8660254037844384
Rizal,2011-12-01,,2011,12,2011-10-01,0.0,,,0.0,,,,,,15.56,,,,-2.4492935982947064e-16,1.0
Rizal,2012-01-01,23.21,2012,1,2012-01-01,115.2,,,0.0,,,,,,,29.44,,,0.49999999999999994,0.8660254037844387
Rizal,2012-02-01,17.99,2012,2,2012-01-01,115.2,,,0.0,,,23.21,,,,17.83,,,0.8660254037844386,0.5000000000000001
Rizal,2012-03-01,12.28,2012,3,2012-01-01,115.2,,,0.0,,,17.99,23.21,,,8.15,20.6,3.691097397793781,1.0,6.123233995736766e-17
Rizal,2012-04-01,12.7,2012,4,2012-04-01,22.3,,,115.2,,,12.28,17.99,23.21,,6.6,17.826666666666664,5.466830282104371,0.8660254037844387,-0.4999999999999998
Rizal,2012-05-01,30.03,2012,5,2012-04-01,22.3,,,115.2,,,12.7,12.28,17.99,,8.53,14.323333333333332,3.182362853813714,0.49999999999999994,-0.8660254037844387
Rizal,2012-06-01,17.04,2012,6,2012-04-01,22.3,,,115.2,,,30.03,12.7,12.28,,15.56,18.33666666666667,10.128900894634786,1.2246467991473532e-16,-1.0
Rizal,2012-07-01,,2012,7,2012-07-01,0.0,,,22.3,,,17.04,30.03,12.7,23.21,,19.923333333333332,9.017617941193414,-0.4999999999999997,-0.8660254037844388
Rizal,2012-08-01,,2012,8,2012-07-01,0.0,,,22.3,,,,17.04,30.03,17.99,,23.535,9.18531708761325,-0.8660254037844385,-0.5000000000000004
Rizal,2012-09-01,,2012,9,2012-07-01,0.0,,,22.3,,,,,17.04,12.28,,,,-1.0,-1.8369701987210297e-16
Rizal,2012-10-01,,2012,10,2012-10-01,0.0,,,0.0,,,,,,12.7,,,,-0.8660254037844386,0.5000000000000001
Rizal,2012-11-01,,2012,11,2012-10-01,0.0,,,0.0,,,,,,30.03,,,,-0.5000000000000004,0.8660254037844384
Rizal,2012-12-01,,2012,12,2012-10-01,0.0,,,0.0,,,,,,17.04,,,,-2.4492935982947064e-16,1.0
Rizal,2013-01-01,22.35,2013,1,2013-01-01,123.0,,,0.0,,,,,,,23.21,,,0.49999999999999994,0.8660254037844387
Rizal,2013-02-01,17.28,2013,2,2013-01-01,123.0,,,0.0,,,22.35,,,,17.99,,,0.8660254037844386,0.5000000000000001
Rizal,2013-03-01,11.22,2013,3,2013-01-01,123.0,,,0.0,,,17.28,22.35,,,12.28,19.815000000000005,3.585031380615796,1.0,6.123233995736766e-17
Rizal,2013-04-01,12.77,2013,4,2013-04-01,21.5,,,123.0,,,11.22,17.28,22.35,,12.7,16.950000000000003,5.572333443002134,0.8660254037844387,-0.4999999999999998
Rizal,2013-05-01,22.59,2013,5,2013-04-01,21.5,,,123.0,,,12.77,11.22,17.28,,30.03,13.756666666666668,3.148179368036924,0.49999999999999994,-0.8660254037844387
Rizal,2013-06-01,36.16,2013,6,2013-04-01,21.5,,,123.0,,,22.59,12.77,11.22,,17.04,15.526666666666669,6.165925180646725,1.2246467991473532e-16,-1.0
Rizal,2013-07-01,,2013,7,2013-07-01,0.0,,,21.5,,,36.16,22.59,12.77,22.35,,23.840000000000003,11.744994678585424,-0.4999999999999997,-0.8660254037844388
Rizal,2013-08-01,,2013,8,2013-07-01,0.0,,,21.5,,,,36.16,22.59,17.28,,29.375000000000004,9.595439020701443,-0.8660254037844385,-0.5000000000000004
Rizal,2013-09-01,,2013,9,2013-07-01,0.0,,,21.5,,,,,36.16,11.22,,,,-1.0,-1.8369701987210297e-16
Rizal,2013-10-01,,2013,10,2013-10-01,0.0,,,0.0,,,,,,12.77,,,,-0.8660254037844386,0.5000000000000001
Rizal,2013-11-01,,2013,11,2013-10-01,0.0,,,0.0,,,,,,22.59,,,,-0.5000000000000004,0.8660254037844384
Rizal,2013-12-01,,2013,12,2013-10-01,0.0,,,0.0,,,,,,36.16,,,,-2.4492935982947064e-16,1.0
Rizal,2014-01-01,14.83,2014,1,2014-01-01,135.0,,,0.0,,,,,,,22.35,,,0.49999999999999994,0.8660254037844387
Rizal,2014-02-01,12.9,2014,2,2014-01-01,135.0,,,0.0,,,14.83,,,,17.28,,,0.8660254037844386,0.5000000000000001
Rizal,2014-03-01,10.83,2014,3,2014-01-01,135.0,,,0.0,,,12.9,14.83,,,11.22,13.865000000000004,1.3647160876900366,1.0,6.123233995736766e-17
Rizal,2014-04-01,8.84,2014,4,2014-04-01,24.0,,,135.0,,,10.83,12.9,14.83,,12.77,12.853333333333337,2.000408291657814,0.8660254037844387,-0.4999999999999998
Rizal,2014-05-01,19.54,2014,5,2014-04-01,24.0,,,135.0,,,8.84,10.83,12.9,,22.59,10.85666666666667,2.0301313586399616,0.49999999999999994,-0.8660254037844387
Rizal,2014-06-01,21.1,2014,6,2014-04-01,24.0,,,135.0,,,19.54,8.84,10.83,,36.16,13.070000000000002,5.690843522712603,1.2246467991473532e-16,-1.0
Rizal,2014-07-01,,2014,7,2014-07-01,0.0,,,24.0,,,21.1,19.54,8.84,14.83,,16.493333333333336,6.6737196025404995,-0.4999999999999997,-0.8660254037844388
Rizal,2014-08-01,,2014,8,2014-07-01,0.0,,,24.0,,,,21.1,19.54,12.9,,20.32,1.1030865786509718,-0.8660254037844385,-0.5000000000000004
Rizal,2014-09-01,,2014,9,2014-07-01,0.0,,,24.0,,,,,21.1,10.83,,,,-1.0,-1.8369701987210297e-16
Rizal,2014-10-01,,2014,10,2014-10-01,0.0,,,0.0,,,,,,8.84,,,,-0.8660254037844386,0.5000000000000001
Rizal,2014-11-01,,2014,11,2014-10-01,0.0,,,0.0,,,,,,19.54,,,,-0.5000000000000004,0.8660254037844384
Rizal,2014-12-01,,2014,12,2014-10-01,0.0,,,0.0,,,,,,21.1,,,,-2.4492935982947064e-16,1.0
Rizal,2015-01-01,,2015,1,2015-01-01,141.0,,,0.0,,,,,,,14.83,,,0.49999999999999994,0.8660254037844387
Rizal,2015-02-01,14.28,2015,2,2015-01-01,141.0,,,0.0,,,,,,,12.9,,,0.8660254037844386,0.5000000000000001
Rizal,2015-03-01,13.15,2015,3,2015-01-01,141.0,,,0.0,,,14.28,,,,10.83,,,1.0,6.123233995736766e-17
Rizal,2015-04-01,9.04,2015,4,2015-04-01,30.0,,,141.0,,,13.15,14.28,,,8.84,13.715000000000002,0.799030662740798,0.8660254037844387,-0.4999999999999998
Rizal,2015-05-01,13.03,2015,5,2015-04-01,30.0,,,141.0,,,9.04,13.15,14.28,,19.54,12.156666666666666,2.757613702702635,0.49999999999999994,-0.8660254037844387
Rizal,2015-06-01,16.39,2015,6,2015-04-01,30.0,,,141.0,,,13.03,9.04,13.15,,21.1,11.74,2.339038263902496,1.2246467991473532e-16,-1.0
Rizal,2015-07-01,,2015,7,2015-07-01,0.0,,,30.0,,,16.39,13.03,9.04,,,12.82,3.6794972482664003,-0.4999999999999997,-0.8660254037844388
Rizal,2015-08-01,,2015,8,2015-07-01,0.0,,,30.0,,,,16.39,13.03,14.28,,14.71,2.3758787847868064,-0.8660254037844385,-0.5000000000000004
Rizal,2015-09-01,,2015,9,2015-07-01,0.0,,,30.0,,,,,16.39,13.15,,,,-1.0,-1.8369701987210297e-16
Rizal,2015-10-01,,2015,10,2015-10-01,0.0,,,0.0,,,,,,9.04,,,,-0.8660254037844386,0.5000000000000001
Rizal,2015-11-01,,2015,11,2015-10-01,0.0,,,0.0,,,,,,13.03,,,,-0.5000000000000004,0.8660254037844384
Rizal,2015-12-01,,2015,12,2015-10-01,0.0,,,0.0,,,,,,16.39,,,,-2.4492935982947064e-16,1.0
Rizal,2016-01-01,22.35,2016,1,2016-01-01,141.58,,,0.0,,,,,,,,,,0.49999999999999994,0.8660254037844387
Rizal,2016-02-01,21.29,2016,2,2016-01-01,141.58,,,0.0,,,22.35,,,,14.28,,,0.8660254037844386,0.5000000000000001
Rizal,2016-03-01,21.4,2016,3,2016-01-01,141.58,,,0.0,,,21.29,22.35,,,13.15,21.82,0.7495331880577419,1.0,6.123233995736766e-17
Rizal,2016-04-01,19.72,2016,4,2016-04-01,29.01,,,141.58,,,21.4,21.29,22.35,,9.04,21.679999999999996,0.5828378848359136,0.8660254037844387,-0.4999999999999998
Rizal,2016-05-01,20.53,2016,5,2016-04-01,29.01,,,141.58,,,19.72,21.4,21.29,,13.03,20.80333333333333,0.9398049443013866,0.49999999999999994,-0.8660254037844387
Rizal,2016-06-01,21.38,2016,6,2016-04-01,29.01,,,141.58,,,20.53,19.72,21.4,,16.39,20.55,0.8401785524517972,1.2246467991473532e-16,-1.0
Rizal,2016-07-01,,2016,7,2016-07-01,0.0,,,29.01,,,21.38,20.53,19.72,22.35,,20.543333333333333,0.8300803173990645,-0.4999999999999997,-0.8660254037844388
Rizal,2016-08-01,,2016,8,2016-07-01,0.0,,,29.01,,,,21.38,20.53,21.29,,20.955,0.6010407640085684,-0.8660254037844385,-0.5000000000000004
Rizal,2016-09-01,,2016,9,2016-07-01,0.0,,,29.01,,,,,21.38,21.4,,,,-1.0,-1.8369701987210297e-16
Rizal,2016-10-01,,2016,10,2016-10-01,0.0,,,0.0,,,,,,19.72,,,,-0.8660254037844386,0.5000000000000001
Rizal,2016-11-01,,2016,11,2016-10-01,0.0,,,0.0,,,,,,20.53,,,,-0.5000000000000004,0.8660254037844384
Rizal,2016-12-01,,2016,12,2016-10-01,0.0,,,0.0,,,,,,21.38,,,,-2.4492935982947064e-16,1.0
Rizal,2017-01-01,30.28,2017,1,2017-01-01,145.3,,,0.0,,,,,,,22.35,,,0.49999999999999994,0.8660254037844387
Rizal,2017-02-01,28.23,2017,2,2017-01-01,145.3,,,0.0,,,30.28,,,,21.29,,,0.8660254037844386,0.5000000000000001
Rizal,2017-03-01,19.99,2017,3,2017-01-01,145.3,,,0.0,,,28.23,30.28,,,21.4,29.255000000000003,1.4495689014324242,1.0,6.123233995736766e-17
Rizal,2017-04-01,20.25,2017,4,2017-04-01,24.2,,,145.3,,,19.99,28.23,30.28,,19.72,26.166666666666668,5.446469804683889,0.8660254037844387,-0.4999999999999998
Rizal,2017-05-01,20.48,2017,5,2017-04-01,24.2,,,145.3,,,20.25,19.99,28.23,,20.53,22.823333333333334,4.684115000011567,0.49999999999999994,-0.8660254037844387
Rizal,2017-06-01,21.2,2017,6,2017-04-01,24.2,,,145.3,,,20.48,20.25,19.99,,21.38,20.24,0.2451530134426819,1.2246467991473532e-16,-1.0
Rizal,2017-07-01,,2017,7,2017-07-01,0.0,,,24.2,,,21.2,20.48,20.25,30.28,,20.643333333333334,0.49561409718989885,-0.4999999999999997,-0.8660254037844388
Rizal,2017-08-01,,2017,8,2017-07-01,0.0,,,24.2,,,,21.2,20.48,28.23,,20.84,0.5091168824543617,-0.8660254037844385,-0.5000000000000004
Rizal,2017-09-01,,2017,9,2017-07-01,0.0,,,24.2,,,,,21.2,19.99,,,,-1.0,-1.8369701987210297e-16
Rizal,2017-10-01,,2017,10,2017-10-01,0.0,,,0.0,,,,,,20.25,,,,-0.8660254037844386,0.5000000000000001
Rizal,2017-11-01,,2017,11,2017-10-01,0.0,,,0.0,,,,,,20.48,,,,-0.5000000000000004,0.8660254037844384
Rizal,2017-12-01,,2017,12,2017-10-01,0.0,,,0.0,,,,,,21.2,,,,-2.4492935982947064e-16,1.0
Rizal,2018-01-01,24.11,2018,1,2018-01-01,140.75,,,0.0,,,,,,,30.28,,,0.49999999999999994,0.8660254037844387
Rizal,2018-02-01,18.64,2018,2,2018-01-01,140.75,,,0.0,,,24.11,,,,28.23,,,0.8660254037844386,0.5000000000000001
Rizal,2018-03-01,21.71,2018,3,2018-01-01,140.75,,,0.0,,,18.64,24.11,,,19.99,21.375,3.867874093090414,1.0,6.123233995736766e-17
Rizal,2018-04-01,21.66,2018,4,2018-04-01,22.1,,,140.75,,,21.71,18.64,24.11,,20.25,21.486666666666668,2.7418302889371784,0.8660254037844387,-0.4999999999999998
Rizal,2018-05-01,20.85,2018,5,2018-04-01,22.1,,,140.75,,,21.66,21.71,18.64,,20.48,20.67,1.7582093163215817,0.49999999999999994,-0.8660254037844387
Rizal,2018-06-01,21.4,2018,6,2018-04-01,22.1,,,140.75,,,20.85,21.66,21.71,,21.2,21.406666666666666,0.482735262160674,1.2246467991473532e-16,-1.0
Rizal,2018-07-01,,2018,7,2018-07-01,0.0,,,22.1,,,21.4,20.85,21.66,24.11,,21.30333333333333,0.4135617648348733,-0.4999999999999997,-0.8660254037844388
Rizal,2018-08-01,,2018,8,2018-07-01,0.0,,,22.1,,,,21.4,20.85,18.64,,21.125,0.3889087296526062,-0.8660254037844385,-0.5000000000000004
Rizal,2018-09-01,,2018,9,2018-07-01,0.0,,,22.1,,,,,21.4,21.71,,,,-1.0,-1.8369701987210297e-16
Rizal,2018-10-01,,2018,10,2018-10-01,0.0,,,0.0,,,,,,21.66,,,,-0.8660254037844386,0.5000000000000001
Rizal,2018-11-01,,2018,11,2018-10-01,0.0,,,0.0,,,,,,20.85,,,,-0.5000000000000004,0.8660254037844384
Rizal,2018-12-01,,2018,12,2018-10-01,0.0,,,0.0,,,,,,21.4,,,,-2.4492935982947064e-16,1.0
Rizal,2019-01-01,25.58,2019,1,2019-01-01,133.73,,,0.0,,,,,,,24.11,,,0.49999999999999994,0.8660254037844387
Rizal,2019-02-01,26.89,2019,2,2019-01-01,133.73,,,0.0,,,25.58,,,,18.64,,,0.8660254037844386,0.5000000000000001
Rizal,2019-03-01,19.12,2019,3,2019-01-01,133.73,,,0.0,,,26.89,25.58,,,21.71,26.235,0.9263098833543789,1.0,6.123233995736766e-17
Rizal,2019-04-01,25.67,2019,4,2019-04-01,20.39,,,133.73,,,19.12,26.89,25.58,,21.66,23.863333333333333,4.15973957518176,0.8660254037844387,-0.4999999999999998
Rizal,2019-05-01,20.73,2019,5,2019-04-01,20.39,,,133.73,,,25.67,19.12,26.89,,20.85,23.893333333333334,4.178592266940307,0.49999999999999994,-0.8660254037844387
Rizal,2019-06-01,26.15,2019,6,2019-04-01,20.39,,,133.73,,,20.73,25.67,19.12,,21.4,21.840000000000003,3.4131656859871318,1.2246467991473532e-16,-1.0
Rizal,2019-07-01,,2019,7,2019-07-01,0.0,,,20.39,,,26.15,20.73,25.67,25.58,,24.183333333333334,3.000288874980762,-0.4999999999999997,-0.8660254037844388
Rizal,2019-08-01,,2019,8,2019-07-01,0.0,,,20.39,,,,26.15,20.73,26.89,,23.439999999999998,3.8325187540310846,-0.8660254037844385,-0.5000000000000004
Rizal,2019-09-01,,2019,9,2019-07-01,0.0,,,20.39,,,,,26.15,19.12,,,,-1.0,-1.8369701987210297e-16
Rizal,2019-10-01,,2019,10,2019-10-01,0.0,,,0.0,,,,,,25.67,,,,-0.8660254037844386,0.5000000000000001
Rizal,2019-11-01,,2019,11,2019-10-01,0.0,,,0.0,,,,,,20.73,,,,-0.5000000000000004,0.8660254037844384
Rizal,2019-12-01,,2019,12,2019-10-01,0.0,,,0.0,,,,,,26.15,,,,-2.4492935982947064e-16,1.0
Rizal,2020-01-01,28.01,2020,1,2020-01-01,121.26,,,0.0,,,,,,,25.58,,,0.49999999999999994,0.8660254037844387
Rizal,2020-02-01,26.08,2020,2,2020-01-01,121.26,,,0.0,,,28.01,,,,26.89,,,0.8660254037844386,0.5000000000000001
Rizal,2020-03-01,28.63,2020,3,2020-01-01,121.26,,,0.0,,,26.08,28.01,,,19.12,27.045,1.3647160876900404,1.0,6.123233995736766e-17
Rizal,2020-04-01,26.82,2020,4,2020-04-01,22.78,,,121.26,,,28.63,26.08,28.01,,25.67,27.573333333333334,1.3298997455948833,0.8660254037844387,-0.4999999999999998
Rizal,2020-05-01,27.63,2020,5,2020-04-01,22.78,,,121.26,,,26.82,28.63,26.08,,20.73,27.176666666666666,1.31188160034865,0.49999999999999994,-0.8660254037844387
Rizal,2020-06-01,32.08,2020,6,2020-04-01,22.78,,,121.26,,,27.63,26.82,28.63,,26.15,27.69333333333333,0.9066605391949804,1.2246467991473532e-16,-1.0
Rizal,2020-07-01,,2020,7,2020-07-01,0.0,,,22.78,,,32.08,27.63,26.82,28.01,,28.843333333333334,2.8321428871674756,-0.4999999999999997,-0.8660254037844388
Rizal,2020-08-01,,2020,8,2020-07-01,0.0,,,22.78,,,,32.08,27.63,26.08,,29.855,3.146625176280134,-0.8660254037844385,-0.5000000000000004
Rizal,2020-09-01,,2020,9,2020-07-01,0.0,,,22.78,,,,,32.08,28.63,,,,-1.0,-1.8369701987210297e-16
Rizal,2020-10-01,,2020,10,2020-10-01,0.0,,,0.0,,,,,,26.82,,,,-0.8660254037844386,0.5000000000000001
Rizal,2020-11-01,,2020,11,2020-10-01,0.0,,,0.0,,,,,,27.63,,,,-0.5000000000000004,0.8660254037844384
Rizal,2020-12-01,,2020,12,2020-10-01,0.0,,,0.0,,,,,,32.08,,,,-2.4492935982947064e-16,1.0
Rizal,2021-01-01,39.51,2021,1,2021-01-01,127.85,,,0.0,,,,,,,28.01,,,0.49999999999999994,0.8660254037844387
Rizal,2021-02-01,32.52,2021,2,2021-01-01,127.85,,,0.0,,,39.51,,,,26.08,,,0.8660254037844386,0.5000000000000001
Rizal,2021-03-01,19.52,2021,3,2021-01-01,127.85,,,0.0,,,32.52,39.51,,,28.63,36.015,4.942676400493964,1.0,6.123233995736766e-17
Rizal,2021-04-01,12.07,2021,4,2021-04-01,24.49,,,127.85,,,19.52,32.52,39.51,,26.82,30.516666666666666,10.144458257262105,0.8660254037844387,-0.4999999999999998
Rizal,2021-05-01,17.49,2021,5,2021-04-01,24.49,,,127.85,,,12.07,19.52,32.52,,27.63,21.37,10.349758451287643,0.49999999999999994,-0.8660254037844387
Rizal,2021-06-01,18.48,2021,6,2021-04-01,24.49,,,127.85,,,17.49,12.07,19.52,,32.08,16.36,3.8514023420047905,1.2246467991473532e-16,-1.0
Rizal,2021-07-01,,2021,7,2021-07-01,0.0,,,24.49,,,18.48,17.49,12.07,39.51,,16.013333333333332,3.4507149017751844,-0.4999999999999997,-0.8660254037844388
Rizal,2021-08-01,,2021,8,2021-07-01,0.0,,,24.49,,,,18.48,17.49,32.52,,17.985,0.7000357133746745,-0.8660254037844385,-0.5000000000000004
Rizal,2021-09-01,,2021,9,2021-07-01,0.0,,,24.49,,,,,18.48,19.52,,,,-1.0,-1.8369701987210297e-16
Rizal,2021-10-01,,2021,10,2021-10-01,0.0,,,0.0,,,,,,12.07,,,,-0.8660254037844386,0.5000000000000001
Rizal,2021-11-01,,2021,11,2021-10-01,0.0,,,0.0,,,,,,17.49,,,,-0.5000000000000004,0.8660254037844384
Rizal,2021-12-01,,2021,12,2021-10-01,0.0,,,0.0,,,,,,18.48,,,,-2.4492935982947064e-16,1.0
Rizal,2022-01-01,24.36,2022,1,2022-01-01,158.73,,,0.0,,,,,,,39.51,,,0.49999999999999994,0.8660254037844387
Rizal,2022-02-01,26.08,2022,2,2022-01-01,158.73,,,0.0,,,24.36,,,,32.52,,,0.8660254037844386,0.5000000000000001
Rizal,2022-03-01,34.3,2022,3,2022-01-01,158.73,,,0.0,,,26.08,24.36,,,19.52,25.22,1.216223663640861,1.0,6.123233995736766e-17
Rizal,2022-04-01,39.84,2022,4,2022-04-01,34.43,,,158.73,,,34.3,26.08,24.36,,12.07,28.246666666666666,5.312413136544759,0.8660254037844387,-0.4999999999999998
Rizal,2022-05-01,44.06,2022,5,2022-04-01,34.43,,,158.73,,,39.84,34.3,26.08,,17.49,33.406666666666666,6.923361418655923,0.49999999999999994,-0.8660254037844387
Rizal,2022-06-01,30.0,2022,6,2022-04-01,34.43,,,158.73,,,44.06,39.84,34.3,,18.48,39.4,4.894854441145316,1.2246467991473532e-16,-1.0
Rizal,2022-07-01,,2022,7,2022-07-01,0.0,,,34.43,,,30.0,44.06,39.84,24.36,,37.96666666666667,7.214771883665717,-0.4999999999999997,-0.8660254037844388
Rizal,2022-08-01,,2022,8,2022-07-01,0.0,,,34.43,,,,30.0,44.06,26.08,,37.03,9.94192134348286,-0.8660254037844385,-0.5000000000000004
Rizal,2022-09-01,,2022,9,2022-07-01,0.0,,,34.43,,,,,30.0,34.3,,,,-1.0,-1.8369701987210297e-16
Rizal,2022-10-01,,2022,10,2022-10-01,0.0,,,0.0,,,,,,39.84,,,,-0.8660254037844386,0.5000000000000001
Rizal,2022-11-01,,2022,11,2022-10-01,0.0,,,0.0,,,,,,44.06,,,,-0.5000000000000004,0.8660254037844384
Rizal,2022-12-01,,2022,12,2022-10-01,0.0,,,0.0,,,,,,30.0,,,,-2.4492935982947064e-16,1.0
Rizal,2023-01-01,28.64,2023,1,2023-01-01,193.25,,,0.0,,,,,,,24.36,,,0.49999999999999994,0.8660254037844387
Rizal,2023-02-01,24.99,2023,2,2023-01-01,193.25,,,0.0,,,28.64,,,,26.08,,,0.8660254037844386,0.5000000000000001
Rizal,2023-03-01,25.24,2023,3,2023-01-01,193.25,,,0.0,,,24.99,28.64,,,34.3,26.814999999999998,2.5809397513308987,1.0,6.123233995736766e-17
Rizal,2023-04-01,18.27,2023,4,2023-04-01,32.52,,,193.25,,,25.24,24.99,28.64,,39.84,26.290000000000003,2.0389948504103685,0.8660254037844387,-0.4999999999999998
Rizal,2023-05-01,22.76,2023,5,2023-04-01,32.52,,,193.25,,,18.27,25.24,24.99,,44.06,22.833333333333332,3.9539389642903346,0.49999999999999994,-0.8660254037844387
Rizal,2023-06-01,26.74,2023,6,2023-04-01,32.52,,,193.25,,,22.76,18.27,25.24,,30.0,22.090000000000003,3.53297325209235,1.2246467991473532e-16,-1.0
Rizal,2023-07-01,,2023,7,2023-07-01,1.89,,,32.52,,,26.74,22.76,18.27,28.64,,22.59,4.237558259186532,-0.4999999999999997,-0.8660254037844388
Rizal,2023-08-01,,2023,8,2023-07-01,1.89,,,32.52,,,,26.74,22.76,24.99,,24.75,2.814284989122455,-0.8660254037844385,-0.5000000000000004
Rizal,2023-09-01,,2023,9,2023-07-01,1.89,,,32.52,,,,,26.74,25.24,,,,-1.0,-1.8369701987210297e-16
Rizal,2023-10-01,,2023,10,2023-10-01,0.0,,,1.89,,,,,,18.27,,,,-0.8660254037844386,0.5000000000000001
Rizal,2023-11-01,30.41,2023,11,2023-10-01,0.0,,,1.89,,,,,,22.76,,,,-0.5000000000000004,0.8660254037844384
Rizal,2023-12-01,26.37,2023,12,2023-10-01,0.0,,,1.89,,,30.41,,,26.74,,,,-2.4492935982947064e-16,1.0
Rizal,2024-01-01,,2024,1,2024-01-01,180.0,,,0.0,,,26.37,30.41,,,28.64,28.39,2.8567113959936514,0.49999999999999994,0.8660254037844387
Rizal,2024-02-01,50.0,2024,2,2024-01-01,180.0,,,0.0,,,,26.37,30.41,,24.99,28.39,2.8567113959936514,0.8660254037844386,0.5000000000000001
Rizal,2024-03-01,43.18,2024,3,2024-01-01,180.0,,,0.0,,,50.0,,26.37,,25.24,38.185,16.708933239438117,1.0,6.123233995736766e-17
Rizal,2024-04-01,26.5,2024,4,2024-04-01,30.0,,,180.0,,,43.18,50.0,,,18.27,46.59,4.822468247692257,0.8660254037844387,-0.4999999999999998
Rizal,2024-05-01,30.0,2024,5,2024-04-01,30.0,,,180.0,,,26.5,43.18,50.0,30.41,22.76,39.89333333333334,12.08983595146491,0.49999999999999994,-0.8660254037844387
Rizal,2024-06-01,60.0,2024,6,2024-04-01,30.0,,,180.0,,,30.0,26.5,43.18,26.37,26.74,33.22666666666667,8.795688337664851,1.2246467991473532e-16,-1.0
Rizal,2024-07-01,35.0,2024,7,2024-07-01,1.8,,,30.0,,,60.0,30.0,26.5,,,38.833333333333336,18.414215523158553,-0.4999999999999997,-0.8660254037844388
Rizal,2024-08-01,50.0,2024,8,2024-07-01,1.8,,,30.0,,,35.0,60.0,30.0,50.0,,41.666666666666664,16.072751268321596,-0.8660254037844385,-0.5000000000000004
Rizal,2024-09-01,35.0,2024,9,2024-07-01,1.8,,,30.0,,,50.0,35.0,60.0,43.18,,48.333333333333336,12.58305739211792,-1.0,-1.8369701987210297e-16
Rizal,2024-10-01,80.0,2024,10,2024-10-01,0.06,,,1.8,,,35.0,50.0,35.0,26.5,,40.0,8.660254037844394,-0.8660254037844386,0.5000000000000001
Rizal,2024-11-01,,2024,11,2024-10-01,0.06,,,1.8,,,80.0,35.0,50.0,30.0,30.41,55.0,22.912878474779202,-0.5000000000000004,0.8660254037844384
Rizal,2024-12-01,,2024,12,2024-10-01,0.06,,,1.8,,,,80.0,35.0,60.0,26.37,57.5,31.819805153394643,-2.4492935982947064e-16,1.0
Rizal,2025-01-01,47.5,2025,1,2025-01-01,187.74,9.35,20.07914438502674,0.06,,,,,80.0,35.0,,,,0.49999999999999994,0.8660254037844387
Rizal,2025-02-01,27.5,2025,2,2025-01-01,187.74,9.35,20.07914438502674,0.06,,,47.5,,,50.0,50.0,,,0.8660254037844386,0.5000000000000001
Rizal,2025-03-01,17.5,2025,3,2025-01-01,187.74,9.35,20.07914438502674,0.06,,,27.5,47.5,,35.0,43.18,37.5,14.142135623730951,1.0,6.123233995736766e-17
Rizal,2025-04-01,50.66,2025,4,2025-04-01,28.84,4.48,6.437499999999999,187.74,9.35,20.07914438502674,17.5,27.5,47.5,80.0,26.5,30.833333333333332,15.275252316519467,0.8660254037844387,-0.4999999999999998
Rizal,2025-05-01,36.47,2025,5,2025-04-01,28.84,4.48,6.437499999999999,187.74,9.35,20.07914438502674,50.66,17.5,27.5,,30.0,31.886666666666667,17.009660000521272,0.49999999999999994,-0.8660254037844387
Rizal,2025-06-01,29.66,2025,6,2025-04-01,28.84,4.48,6.437499999999999,187.74,9.35,20.07914438502674,36.47,50.66,17.5,,60.0,34.876666666666665,16.637320497403824,1.2246467991473532e-16,-1.0
Rizal,2025-07-01,30.0,2025,7,2025-07-01,13.99,2.0,6.995,28.84,4.48,6.437499999999999,29.66,36.47,50.66,47.5,35.0,38.93,10.7139488518473,-0.4999999999999997,-0.8660254037844388
Rizal,2025-08-01,45.0,2025,8,2025-07-01,13.99,2.0,6.995,28.84,4.48,6.437499999999999,30.0,29.66,36.47,27.5,50.0,32.04333333333333,3.837373233519702,-0.8660254037844385,-0.5000000000000004
Rizal,2025-09-01,70.0,2025,9,2025-07-01,13.99,2.0,6.995,28.84,4.48,6.437499999999999,45.0,30.0,29.66,17.5,35.0,34.88666666666666,8.760053272288559,-1.0,-1.8369701987210297e-16
Rizal,2025-10-01,55.0,2025,10,2025-10-01,20.8,2.97,7.0033670033670035,13.99,2.0,6.995,70.0,45.0,30.0,50.66,80.0,48.333333333333336,20.20725942163691,-0.8660254037844386,0.5000000000000001
Rizal,2025-11-01,57.0,2025,11,2025-10-01,20.8,2.97,7.0033670033670035,13.99,2.0,6.995,55.0,70.0,45.0,36.47,,56.666666666666664,12.583057392117933,-0.5000000000000004,0.8660254037844384
Rizal,2025-12-01,55.0,2025,12,2025-10-01,20.8,2.97,7.0033670033670035,13.99,2.0,6.995,57.0,55.0,70.0,29.66,,60.666666666666664,8.144527815247105,-2.4492935982947064e-16,1.0
Rizal,2026-01-01,30.0,2026,1,2026-01-01,197.98,9.5,20.84,20.8,2.97,7.0033670033670035,55.0,57.0,55.0,30.0,47.5,55.666666666666664,1.1547005383794418,0.49999999999999994,0.8660254037844387
Rizal,2026-02-01,30.0,2026,2,2026-01-01,197.98,9.5,20.84,20.8,2.97,7.0033670033670035,30.0,55.0,57.0,45.0,27.5,47.333333333333336,15.044378795195694,0.8660254037844386,0.5000000000000001
Rizal,2026-03-01,26.0,2026,3,2026-01-01,197.98,9.5,20.84,20.8,2.97,7.0033670033670035,30.0,30.0,55.0,70.0,17.5,38.333333333333336,14.433756729740661,1.0,6.123233995736766e-17
Rizal,2026-04-01,30.0,2026,4,2026-04-01,30.05,4.0,7.5125,197.98,9.5,20.84,26.0,30.0,30.0,55.0,50.66,28.666666666666668,2.3094010767585034,0.8660254037844387,-0.4999999999999998
Rizal,2026-05-01,35.17,2026,5,2026-04-01,30.05,4.0,7.5125,197.98,9.5,20.84,30.0,26.0,30.0,57.0,36.47,28.666666666666668,2.3094010767585034,0.49999999999999994,-0.8660254037844387
Rizal,2026-06-01,34.92,2026,6,2026-04-01,30.05,4.0,7.5125,197.98,9.5,20.84,35.17,30.0,26.0,55.0,29.66,30.39,4.597423191310543,1.2246467991473532e-16,-1.0
Rizal,2026-07-01,,2026,7,2026-07-01,,,,30.05,4.0,7.5125,34.92,35.17,30.0,30.0,30.0,33.36333333333334,2.915413063929937,-0.4999999999999997,-0.8660254037844388
Rizal,2026-08-01,,2026,8,2026-07-01,,,,30.05,4.0,7.5125,,34.92,35.17,30.0,45.0,35.045,0.17677669529662685,-0.8660254037844385,-0.5000000000000004
Rizal,2026-09-01,,2026,9,2026-07-01,,,,30.05,4.0,7.5125,,,34.92,26.0,70.0,,,-1.0,-1.8369701987210297e-16
Rizal,2026-10-01,,2026,10,2026-10-01,,,,,,,,,,30.0,55.0,,,-0.8660254037844386,0.5000000000000001
Rizal,2026-11-01,,2026,11,2026-10-01,,,,,,,,,,35.17,57.0,,,-0.5000000000000004,0.8660254037844384
Rizal,2026-12-01,,2026,12,2026-10-01,,,,,,,,,,34.92,55.0,,,-2.4492935982947064e-16,1.0
