{
"type": "FeatureCollection",
"name": "provinces",
"crs": { "type": "name", "properties": { "name": "urn:ogc:def:crs:OGC:1.3:CRS84" } },
"features": [
{ "type": "Feature", "properties": { "psgc_code": "04010", "name": "Batangas", "region": "Region IV-A (Calabarzon)", "province": "Batangas", "level": "province" }, "geometry": { "type": "MultiPolygon", "coordinates": [ [ [ [ 120.589842851000185, 14.230116793000036 ], [ 120.590250594000054, 14.229975651000075 ], [ 120.590789637000057, 14.229093661000093 ], [ 120.591528022000261, 14.228944222000109 ], [ 120.591982408000035, 14.229420830000095 ], [ 120.591955004000056, 14.229143506000071 ], [ 120.592480956000031, 14.228832979 ], [ 120.593148502000076, 14.228842947000146 ], [ 120.59338493000007, 14.228245126000161 ], [ 120.595073577000107, 14.228804498000045 ], [ 120.595157516000199, 14.229900511000096 ], [ 120.595969569000317, 14.229736112000069 ], [ 120.596116171000062, 14.228719179000052 ], [ 120.596797336, 14.227741137000123 ], [ 120.596695192000084, 14.226543058000175 ], [ 120.598163046000195, 14.22597994400013 ], [ 120.597835890000283, 14.225260784000113 ], [ 120.597255909000182, 14.224961262000022 ], [ 120.597664053000017, 14.224034362999987 ], [ 120.597155134000104, 14.223939856000072 ], [ 120.597406838000097, 14.222638739000161 ], [ 120.598112401000208, 14.221559211 ], [ 120.600907493000136, 14.220150204000049 ], [ 120.60147092200009, 14.220113998999977 ], [ 120.602037849000226, 14.220846249000033 ], [ 120.602668155000174, 14.220474632999981 ], [ 120.603719914000067, 14.220732902000123 ], [ 120.604072555000016, 14.221539197000141 ], [ 120.604758086000174, 14.221680928000069 ], [ 120.604792193000094, 14.222276165000039 ], [ 120.605049546000146, 14.222131803000138 ], [ 120.605558417000225, 14.222879276000072 ], [ 120.605698337000035, 14.223423429999968 ], [ 120.605389303000038, 14.223928947000161 ], [ 120.603713112000037, 14.224651038000161 ], [ 120.604622486000153, 14.225614651 ], [ 120.604499205000138, 14.226698113000111 ], [ 120.605887624000047, 14.226455785000155 ], [ 120.607542568000326, 14.225278246000187 ], [ 120.609225840000022, 14.226017700000057 ], [ 120.609602844000051, 14.226767547 ], [ 120.608311777000154, 14.229124955000032 ], [ 120.608773313000142, 14.22851056899998 ], [ 120.609782507000091, 14.228307132000111 ], [ 120.610398279000265, 14.227509362000035 ], [ 120.611633997000013, 14.226821554000139 ], [ 120.611982248000118, 14.225993409000068 ], [ 120.612546562000148, 14.226101778999976 ], [ 120.612139954000213, 14.223799129999975 ], [ 120.611737939000136, 14.223203179000166 ], [ 120.612199789000101, 14.222120624000013 ], [ 120.613014589000045, 14.221568865000108 ], [ 120.614332531000173, 14.221339989000171 ], [ 120.615037748000191, 14.221767897000063 ], [ 120.617119101000185, 14.220692004000114 ], [ 120.618108717000155, 14.220664742000167 ], [ 120.618883778000054, 14.218541259000062 ], [ 120.619541213000048, 14.218620603999966 ], [ 120.620164644000056, 14.218110525000156 ], [ 120.621026111000106, 14.21868861500019 ], [ 120.621082787000205, 14.217861153000115 ], [ 120.621502185000054, 14.217475760000127 ], [ 120.621541858000114, 14.216149553000093 ], [ 120.62210105600002, 14.215106724 ], [ 120.626363053000091, 14.216119326000126 ], [ 120.627247190000048, 14.215665922000085 ], [ 120.628342916000065, 14.215741490000141 ], [ 120.629211940000232, 14.215242746000115 ], [ 120.630904648000069, 14.215378767000061 ], [ 120.631463846000202, 14.215235189000111 ], [ 120.632378211000059, 14.214230144000169 ], [ 120.633496607000097, 14.213882534000163 ], [ 120.636149020000062, 14.213935431000039 ], [ 120.637781274000076, 14.213096634000181 ], [ 120.638552060000166, 14.213096634000181 ], [ 120.638937454000029, 14.212567663000186 ], [ 120.64127248300008, 14.211184781000156 ], [ 120.642581199, 14.211755703000165 ], [ 120.643654617000152, 14.211481462000108 ], [ 120.645553777000259, 14.211928594000142 ], [ 120.645738643000072, 14.212778497000045 ], [ 120.646583021000197, 14.21326061000002 ], [ 120.646658336000087, 14.214570569000159 ], [ 120.647327062000159, 14.215026388000126 ], [ 120.649011492000113, 14.213760666000042 ], [ 120.651179056000046, 14.214442581000071 ], [ 120.651505016000215, 14.214137891000064 ], [ 120.650977506000231, 14.213115758000129 ], [ 120.650665081000056, 14.210459952000122 ], [ 120.650222892000102, 14.21005328800004 ], [ 120.650099138000201, 14.206894093000074 ], [ 120.650451095000108, 14.2064187900001 ], [ 120.650098324000169, 14.205843586000071 ], [ 120.650396215000228, 14.204818189000093 ], [ 120.649567603000037, 14.204208781000091 ], [ 120.649249105000081, 14.203513936999968 ], [ 120.650332889000083, 14.202602099000046 ], [ 120.651830404000066, 14.202537386000074 ], [ 120.654203808000034, 14.200107724000134 ], [ 120.65416886800017, 14.199334028000067 ], [ 120.65543772, 14.196523589000151 ], [ 120.656419381000092, 14.195457668000131 ], [ 120.65691414700018, 14.193512743999975 ], [ 120.659776610000108, 14.191828961000056 ], [ 120.66040316800013, 14.190533106000032 ], [ 120.661181183000053, 14.189946257000031 ], [ 120.661204004000069, 14.189552180000021 ], [ 120.660606219000101, 14.189199731000087 ], [ 120.660333124000203, 14.188489476000029 ], [ 120.659254506000138, 14.187691063000159 ], [ 120.65840315100013, 14.185721820000026 ], [ 120.659213383000179, 14.185650987000088 ], [ 120.661203368000088, 14.186649706000026 ], [ 120.662308594000024, 14.186090271000012 ], [ 120.664699096000277, 14.186312526000052 ], [ 120.665542402000028, 14.185639994000155 ], [ 120.666210996000018, 14.185708217000013 ], [ 120.666538470000091, 14.186445033999973 ], [ 120.668735277000224, 14.187059049000084 ], [ 120.670563675000153, 14.186172139000064 ], [ 120.670836570000233, 14.186485969000103 ], [ 120.670822925000266, 14.187686708000058 ], [ 120.671600676000025, 14.187836800000014 ], [ 120.672146467000175, 14.18744110200015 ], [ 120.672255625000162, 14.18621307300009 ], [ 120.673319916000196, 14.185626349000188 ], [ 120.673429074000182, 14.184043556000063 ], [ 120.675093735000132, 14.182829173000016 ], [ 120.675161959000093, 14.182324317 ], [ 120.677959135000037, 14.182351606000054 ], [ 120.678600439000206, 14.181764881000106 ], [ 120.680756311000096, 14.180905261000191 ], [ 120.684153857000183, 14.180482274000099 ], [ 120.684836095000151, 14.17993648300012 ], [ 120.687073836000081, 14.180809748 ], [ 120.688797292000231, 14.180104799000048 ], [ 120.689085757000043, 14.179132712000182 ], [ 120.688761727000042, 14.17747305100005 ], [ 120.689050192000195, 14.176307337000082 ], [ 120.68978123300019, 14.176078145000133 ], [ 120.690468807000229, 14.17523646 ], [ 120.691476459000114, 14.175220654000157 ], [ 120.69234975600034, 14.174817593000114 ], [ 120.693527325000332, 14.174955899000167 ], [ 120.694365059, 14.174450097000033 ], [ 120.694772071000102, 14.173616315000174 ], [ 120.695969398000329, 14.174375017000045 ], [ 120.697370725000042, 14.17400455700016 ], [ 120.698482105000153, 14.174226833000034 ], [ 120.700420352000037, 14.175231521000057 ], [ 120.7009004680001, 14.174644712000088 ], [ 120.701896264000084, 14.174262397000177 ], [ 120.702589765000198, 14.17500035400019 ], [ 120.703816729000096, 14.175249303000101 ], [ 120.704456884000024, 14.175044809000042 ], [ 120.704545794000296, 14.174520238000071 ], [ 120.705657175000169, 14.174333526000112 ], [ 120.705915015000187, 14.17342664 ], [ 120.706768555000053, 14.173506659000168 ], [ 120.707355363000147, 14.173088780000114 ], [ 120.707967271000143, 14.172113275000129 ], [ 120.707660537000038, 14.171308448000104 ], [ 120.706947940000077, 14.171281892000025 ], [ 120.695685646000129, 14.165530441000101 ], [ 120.695193601000028, 14.165663583000139 ], [ 120.693520647000014, 14.164332166000179 ], [ 120.692924404000109, 14.164291645000105 ], [ 120.692773896000062, 14.163573838000161 ], [ 120.692351316000099, 14.16342911900017 ], [ 120.69222975200023, 14.162549226000124 ], [ 120.692490246000034, 14.162045603000081 ], [ 120.69196925700021, 14.160500003000095 ], [ 120.69268127600003, 14.160193198 ], [ 120.692733375000216, 14.15960274400004 ], [ 120.694176068000274, 14.159554782000157 ], [ 120.69363072200008, 14.158720238 ], [ 120.694300010000234, 14.158406251000031 ], [ 120.694316536000201, 14.158075739000083 ], [ 120.693622460000142, 14.157670861000156 ], [ 120.693531569000015, 14.15651406700016 ], [ 120.694118228000093, 14.156241394000062 ], [ 120.694027337000193, 14.155324222000047 ], [ 120.69448370900011, 14.154577841 ], [ 120.695895499000017, 14.15384240200018 ], [ 120.696314322000148, 14.152881256000057 ], [ 120.696239149, 14.150717334999968 ], [ 120.696888862000037, 14.150905269000077 ], [ 120.697318424000059, 14.150636792000171 ], [ 120.697178817000122, 14.148940020999987 ], [ 120.696722406000163, 14.148709131000089 ], [ 120.696829797000078, 14.148220504000051 ], [ 120.697323794000113, 14.147919810000076 ], [ 120.697393598000076, 14.147490248000054 ], [ 120.698005724000041, 14.147769463000145 ], [ 120.698934653000151, 14.147356009000021 ], [ 120.699783039000181, 14.147388227000022 ], [ 120.699820625000029, 14.146169343000111 ], [ 120.701243551000175, 14.144665875000044 ], [ 120.701286507000191, 14.144112813000106 ], [ 120.700470338000059, 14.14327516700007 ], [ 120.7006099460001, 14.142539541000133 ], [ 120.699444758000141, 14.141266962000088 ], [ 120.698886327000196, 14.141342136000105 ], [ 120.699197760000288, 14.140869617000021 ], [ 120.698784306000221, 14.13847480700008 ], [ 120.699031304000187, 14.13782509400005 ], [ 120.698816523000119, 14.137390162000145 ], [ 120.698097006000012, 14.137148533000129 ], [ 120.698220505000336, 14.136949860000129 ], [ 120.700606395000023, 14.137319920000039 ], [ 120.7017447300002, 14.136022960000162 ], [ 120.702282800000148, 14.136361423000039 ], [ 120.702595227000074, 14.13735945600007 ], [ 120.703940401000068, 14.137463598000181 ], [ 120.704678077000153, 14.137168528000075 ], [ 120.706040607000091, 14.137706597000147 ], [ 120.707090711000092, 14.13767188300011 ], [ 120.708652848000156, 14.134807965000107 ], [ 120.706986568000275, 14.133089614000141 ], [ 120.706847711000023, 14.132195725000145 ], [ 120.707628780000164, 14.131813869000155 ], [ 120.708088743000076, 14.132204403000173 ], [ 120.708878490000188, 14.132143653000071 ], [ 120.709576094000113, 14.130570553000155 ], [ 120.710455388000014, 14.130570553000155 ], [ 120.711795951000227, 14.129979552000179 ], [ 120.713338319000286, 14.128898452999977 ], [ 120.713727515000187, 14.128076818000125 ], [ 120.715313128000162, 14.128523671999972 ], [ 120.715932958000167, 14.126534449000133 ], [ 120.726095292000196, 14.13355438800005 ], [ 120.728171003000057, 14.137431931000151 ], [ 120.728574613000092, 14.137590492000186 ], [ 120.728603443000338, 14.138527445000022 ], [ 120.729419410000105, 14.140384557000175 ], [ 120.732457119000173, 14.139026759000103 ], [ 120.732795541000087, 14.138388963000068 ], [ 120.73468289900029, 14.138258800000074 ], [ 120.734721947000139, 14.136436524000089 ], [ 120.73642707700003, 14.136176199000147 ], [ 120.736218817, 14.134848541000054 ], [ 120.737663622000127, 14.133390719999966 ], [ 120.739160491, 14.134366939000188 ], [ 120.739720190000071, 14.134132647000172 ], [ 120.74029290500016, 14.133338655000045 ], [ 120.741112930000213, 14.133481834000065 ], [ 120.742414555000209, 14.135239028000171 ], [ 120.745095904000095, 14.135954923000156 ], [ 120.746072124000193, 14.136579703000166 ], [ 120.7481026600002, 14.136866061000035 ], [ 120.750341456000115, 14.137634020000064 ], [ 120.75108338300015, 14.13747782500019 ], [ 120.751382757000215, 14.136215248000099 ], [ 120.75280152900018, 14.13693114199998 ], [ 120.75373869900011, 14.136566687000141 ], [ 120.754623805000165, 14.137074321000057 ], [ 120.755352715000072, 14.136384459000169 ], [ 120.757890885000279, 14.135512370000015 ], [ 120.759348706000196, 14.135798727000179 ], [ 120.759999519000189, 14.13504378500005 ], [ 120.762876112000072, 14.134965686999976 ], [ 120.764060591000089, 14.135759679000159 ], [ 120.765661591000026, 14.135577451000188 ], [ 120.768885238000053, 14.133428446999972 ], [ 120.769688801000029, 14.126114803000064 ], [ 120.7676809430003, 14.117736821 ], [ 120.796877259000212, 14.103118018000032 ], [ 120.799382496000021, 14.105224028000066 ], [ 120.802084505000039, 14.105304289 ], [ 120.807647431000078, 14.104475718000117 ], [ 120.807981467000218, 14.104714315000081 ], [ 120.808395034000227, 14.104507531000024 ], [ 120.808395034000227, 14.103839460000074 ], [ 120.808983572000102, 14.103457706000086 ], [ 120.810494684000219, 14.104093963000082 ], [ 120.812323925000101, 14.102821448000043 ], [ 120.813501002000066, 14.102773729000091 ], [ 120.816030126000101, 14.101803435000079 ], [ 120.816836672000022, 14.102638167000066 ], [ 120.820149258000015, 14.100724957000011 ], [ 120.821821950000071, 14.098669623000148 ], [ 120.822073401000011, 14.097762215000046 ], [ 120.824587905000044, 14.097456101000091 ], [ 120.825440650000019, 14.096690817000024 ], [ 120.826763499000094, 14.096231647000025 ], [ 120.82844712300016, 14.094373099999984 ], [ 120.829660645000217, 14.093881132000149 ], [ 120.830393131000051, 14.092722273000106 ], [ 120.831759710000028, 14.092536419000169 ], [ 120.832186082000021, 14.091782067000111 ], [ 120.836294068000029, 14.089280317999965 ], [ 120.838342358000091, 14.08926366500009 ], [ 120.839291566000043, 14.088780735000114 ], [ 120.840923537000208, 14.086332778000155 ], [ 120.841797808000024, 14.085874827 ], [ 120.841481405000195, 14.084401057000093 ], [ 120.840349017000108, 14.083535113000039 ], [ 120.840648767000062, 14.082311134000122 ], [ 120.841872745000046, 14.080829038000047 ], [ 120.841822787000183, 14.080487656000059 ], [ 120.842538856000033, 14.08041271899998 ], [ 120.8428053, 14.080046358000118 ], [ 120.842863585000146, 14.079063845000121 ], [ 120.844614901000114, 14.077347222000128 ], [ 120.844964609000044, 14.076248139000029 ], [ 120.844256866000023, 14.070203183999979 ], [ 120.84332431100006, 14.067055811000102 ], [ 120.843599082000196, 14.063092452000149 ], [ 120.842980268000133, 14.056756469000049 ], [ 120.846773675, 14.056573745000037 ], [ 120.847176556000022, 14.05701439600017 ], [ 120.846698135000111, 14.058248219000177 ], [ 120.847258391000196, 14.058764409000105 ], [ 120.847125301, 14.060003849000111 ], [ 120.848957817000041, 14.063459012000123 ], [ 120.852327795000065, 14.066035275000047 ], [ 120.853133859000081, 14.066061277000017 ], [ 120.853939923000212, 14.066824005000115 ], [ 120.8545119690001, 14.066589986000167 ], [ 120.85427795000021, 14.067274707000081 ], [ 120.854688269000121, 14.068178509000063 ], [ 120.857509986000082, 14.069445401999985 ], [ 120.862414782000201, 14.075421829000049 ], [ 120.866835359000106, 14.076935541000068 ], [ 120.869195572000081, 14.077406169000085 ], [ 120.870599783000216, 14.078884980000169 ], [ 120.875093261000188, 14.082426226000052 ], [ 120.878046494000046, 14.08380849700012 ], [ 120.883549250000215, 14.084414064000043 ], [ 120.887761885000145, 14.085848993000184 ], [ 120.889486433000229, 14.085901651000086 ], [ 120.892720508000025, 14.087613034000071 ], [ 120.895761528000094, 14.082866754000065 ], [ 120.897664495000072, 14.079127591000088 ], [ 120.902505376000136, 14.07679061400006 ], [ 120.908748443000036, 14.078960664000022 ], [ 120.911285732000124, 14.080796861000181 ], [ 120.913223865000077, 14.081029959000091 ], [ 120.919045684000025, 14.08325595600013 ], [ 120.933049882000205, 14.085033585000076 ], [ 120.937597396000228, 14.085943367000027 ], [ 120.938332236000065, 14.086249551000094 ], [ 120.946446096000159, 14.093322387 ], [ 120.951283794, 14.091332195 ], [ 120.957162515000164, 14.094669594000038 ], [ 120.96527637500003, 14.097945756 ], [ 120.967971630000193, 14.098633049000114 ], [ 120.971439695000186, 14.097899962000156 ], [ 120.972174951000056, 14.103801529 ], [ 120.972456908000026, 14.104235309000046 ], [ 120.972240018000207, 14.104864289000034 ], [ 120.97319679900022, 14.107712708000065 ], [ 120.976084165000202, 14.114741124000034 ], [ 120.980375324000079, 14.120089443000154 ], [ 120.988700005000055, 14.119972661000077 ], [ 121.005886588000067, 14.121661488000086 ], [ 121.007145053000158, 14.121492624000155 ], [ 121.008302493000201, 14.123337818999971 ], [ 121.009929619000218, 14.122935231000042 ], [ 121.010298658000238, 14.124159770000063 ], [ 121.012680637000017, 14.125937866000072 ], [ 121.013284519000081, 14.126541748000136 ], [ 121.013250970000058, 14.127112081000178 ], [ 121.026328823000085, 14.134585856000115 ], [ 121.035866362000093, 14.151780380000105 ], [ 121.040595846000087, 14.152549318000126 ], [ 121.045383861000232, 14.154943326000136 ], [ 121.05975954500002, 14.15346744500016 ], [ 121.095052030000033, 14.156300173000034 ], [ 121.102175252000052, 14.155837033000125 ], [ 121.102345388000117, 14.154389819000073 ], [ 121.109361140000033, 14.151745420000054 ], [ 121.110440487000119, 14.151880338000012 ], [ 121.127543289000187, 14.145392015000084 ], [ 121.128562137000245, 14.14733801400007 ], [ 121.12960456400026, 14.146137242000179 ], [ 121.129853864000097, 14.145150726000111 ], [ 121.1304771140002, 14.144858688999989 ], [ 121.130236561000061, 14.14419139600011 ], [ 121.130855935000113, 14.143832811000038 ], [ 121.130730562000167, 14.142832382000108 ], [ 121.13298718100009, 14.142212538000024 ], [ 121.13347627600001, 14.141672596000092 ], [ 121.134520662000227, 14.142181090000065 ], [ 121.135452820000069, 14.142183008000018 ], [ 121.1362718150001, 14.142957888000012 ], [ 121.136346618000175, 14.143972521000023 ], [ 121.136902844000019, 14.144576697000105 ], [ 121.137428381000063, 14.144218027000136 ], [ 121.138435342000093, 14.144563271000095 ], [ 121.138734553000063, 14.144137471000022 ], [ 121.139944515000025, 14.14446846900006 ], [ 121.140380016000108, 14.143584231999967 ], [ 121.140694594000024, 14.144332928000097 ], [ 121.141187954000202, 14.143737760000079 ], [ 121.141794953000044, 14.14433916500019 ], [ 121.142715241000133, 14.143659438000157 ], [ 121.145887301000016, 14.143600696000078 ], [ 121.147235566000177, 14.14278670200008 ], [ 121.148905513000045, 14.142512573000033 ], [ 121.149243978000072, 14.142778310000097 ], [ 121.151095744000145, 14.142632854000112 ], [ 121.15216148900015, 14.142137745000127 ], [ 121.15463886200007, 14.142682814000182 ], [ 121.155599889000086, 14.142251550000026 ], [ 121.156089720000182, 14.141319806000013 ], [ 121.156941601000085, 14.140941784 ], [ 121.158041058000322, 14.14122130800007 ], [ 121.158320582000215, 14.140768746000106 ], [ 121.159829320000313, 14.140628103999973 ], [ 121.160657265000168, 14.140768559000151 ], [ 121.160879036000097, 14.141178836000108 ], [ 121.162322524000047, 14.14128276100007 ], [ 121.165187119000166, 14.139011742000037 ], [ 121.171309394000218, 14.139534322000088 ], [ 121.174425099000132, 14.136587843000086 ], [ 121.180532100000164, 14.137188767999987 ], [ 121.18674508800018, 14.135710826000093 ], [ 121.194408486000043, 14.131070861000126 ], [ 121.200370988000145, 14.120715711000116 ], [ 121.205563916000074, 14.109612395000113 ], [ 121.208084824000139, 14.094923326000071 ], [ 121.209953774000041, 14.086984826000105 ], [ 121.209940725000138, 14.079089335000106 ], [ 121.210810690000017, 14.073536688000104 ], [ 121.21048643000006, 14.064377040000068 ], [ 121.213580574000048, 14.05499986600006 ], [ 121.213374480000084, 14.03972485200012 ], [ 121.214373451000029, 14.035091145000138 ], [ 121.215670427000077, 14.031337379000036 ], [ 121.216192398000203, 14.026614681000069 ], [ 121.218861363000087, 14.021175016000029 ], [ 121.224094306000097, 14.01226956000005 ], [ 121.225858277000157, 14.007706843999983 ], [ 121.228968246000136, 14.0029031360001 ], [ 121.231890225000029, 13.999722324000174 ], [ 121.234808201000078, 13.996062543000107 ], [ 121.236853180000253, 13.992823740000119 ], [ 121.238327170000048, 13.991359826000121 ], [ 121.242503145000114, 13.987581046000116 ], [ 121.248096565000196, 13.984388119000187 ], [ 121.248669006000227, 13.98159747200009 ], [ 121.247953455000015, 13.977089503000059 ], [ 121.247524125000041, 13.972581535000131 ], [ 121.247667235000222, 13.971078879000117 ], [ 121.246473665000053, 13.963490883000077 ], [ 121.244515087000309, 13.959154031000025 ], [ 121.242136813000229, 13.948381851000136 ], [ 121.239758540000139, 13.940407639000057 ], [ 121.237240367000027, 13.93425210700002 ], [ 121.236960571000168, 13.930894544000125 ], [ 121.23846562700021, 13.921151496000107 ], [ 121.237621906000072, 13.919349001000114 ], [ 121.237391801000172, 13.916645259000063 ], [ 121.238120469000023, 13.915686485000094 ], [ 121.238331399000117, 13.913673060000065 ], [ 121.239040892000048, 13.912465005 ], [ 121.239021716000138, 13.911084370000083 ], [ 121.240014232000021, 13.910698823000075 ], [ 121.240162413000235, 13.909631922000187 ], [ 121.239827086000105, 13.90826557500003 ], [ 121.24013389400011, 13.907498556000064 ], [ 121.239865437000049, 13.907057519999967 ], [ 121.240421526000091, 13.905063269999971 ], [ 121.24155287900021, 13.904372953000177 ], [ 121.241514528000152, 13.904046970000081 ], [ 121.242837636000218, 13.902417054000068 ], [ 121.244851061000077, 13.901208999000062 ], [ 121.24671108300015, 13.899425680000036 ], [ 121.247689032000153, 13.899157223000088 ], [ 121.249146369000186, 13.899770838000165 ], [ 121.250066791000108, 13.89944485500007 ], [ 121.250661231000095, 13.898620310000183 ], [ 121.250730567000119, 13.897578987000088 ], [ 121.251752626000098, 13.897312241 ], [ 121.252960149000046, 13.896176008000054 ], [ 121.255196640000122, 13.896254214000123 ], [ 121.255378349000125, 13.894792390000191 ], [ 121.25586187600004, 13.894725877000099 ], [ 121.257250772000248, 13.895629322000161 ], [ 121.257976490000033, 13.895589718000053 ], [ 121.258723370000098, 13.893502923000142 ], [ 121.260476173000029, 13.892525773000102 ], [ 121.261587414000019, 13.893692233000024 ], [ 121.262111315000197, 13.892898051000032 ], [ 121.261939375000111, 13.892226472000118 ], [ 121.262803772000211, 13.890411925000024 ], [ 121.263931685000102, 13.89006744400001 ], [ 121.264840973000105, 13.890201529000024 ], [ 121.266627020000101, 13.891577256000062 ], [ 121.268830847000118, 13.892223925 ], [ 121.268926963000126, 13.891824515 ], [ 121.268257051000091, 13.89143817300004 ], [ 121.268288950000169, 13.891083215000151 ], [ 121.269603943000106, 13.891369553 ], [ 121.271366347000139, 13.890917795000121 ], [ 121.272613239000066, 13.891021864000095 ], [ 121.273091753000244, 13.890144918000033 ], [ 121.272085225000069, 13.88757126500019 ], [ 121.271468888000186, 13.881436899000107 ], [ 121.271609683000065, 13.878059858000029 ], [ 121.272584308000091, 13.877903918000072 ], [ 121.27381233500023, 13.876880562000167 ], [ 121.274055991000068, 13.875915683000187 ], [ 121.275605644000166, 13.875438117000101 ], [ 121.277886266000223, 13.875788982000074 ], [ 121.278997339000057, 13.875584311000125 ], [ 121.282233093000059, 13.873732524000104 ], [ 121.28264004100015, 13.873907956000039 ], [ 121.282723689000022, 13.872247323000067 ], [ 121.283965799000043, 13.872223887000075 ], [ 121.285149319000084, 13.872844941000096 ], [ 121.288607996000223, 13.872033761000125 ], [ 121.290687873000252, 13.872114263000071 ], [ 121.293779546000223, 13.873095913999975 ], [ 121.295762278000097, 13.874657574000082 ], [ 121.29597471000011, 13.875880126000141 ], [ 121.298755747000087, 13.875296469000091 ], [ 121.299337078000121, 13.875606512000047 ], [ 121.300516874000209, 13.87557799800004 ], [ 121.300355569000089, 13.8738954640001 ], [ 121.301413174000118, 13.871760668000036 ], [ 121.303933167000196, 13.869647279000048 ], [ 121.307951833000175, 13.86701969000012 ], [ 121.313246784000285, 13.868014525000092 ], [ 121.316885780000121, 13.86753753500011 ], [ 121.320094891000167, 13.86762149700013 ], [ 121.320902778000118, 13.868008610000061 ], [ 121.322872004000033, 13.868143258000032 ], [ 121.324975877000043, 13.867217553999978 ], [ 121.326524328000232, 13.868109596000068 ], [ 121.328224258000205, 13.868496709000055 ], [ 121.329351934000215, 13.869826356000033 ], [ 121.331451501000288, 13.870016755000051 ], [ 121.332145878000119, 13.869742202000168 ], [ 121.332903272000067, 13.868698680000136 ], [ 121.333559681000111, 13.867436356000155 ], [ 121.333711160000121, 13.866325511000184 ], [ 121.33473785000001, 13.866073046000167 ], [ 121.335899188000099, 13.866443328000059 ], [ 121.338036723000187, 13.864255300000025 ], [ 121.338373343000171, 13.864474103000077 ], [ 121.338255526000239, 13.865399807000131 ], [ 121.339467357000103, 13.865281990000085 ], [ 121.340813836000166, 13.86391868000004 ], [ 121.341992005000066, 13.863447412000141 ], [ 121.343119681000076, 13.862420722000138 ], [ 121.343489963000025, 13.863009807000083 ], [ 121.346149259000072, 13.862992976000044 ], [ 121.346940315000211, 13.862420722000138 ], [ 121.348067991000107, 13.862572201000148 ], [ 121.350676794000037, 13.864423610000074 ], [ 121.351821302000189, 13.864608751000048 ], [ 121.352743083000178, 13.866317167000034 ], [ 121.353579708000211, 13.867077735000066 ], [ 121.354872673000159, 13.867427596000141 ], [ 121.357869311000172, 13.866986466000071 ], [ 121.359056230000192, 13.867571004000126 ], [ 121.360304592000261, 13.869056796000109 ], [ 121.361921769000219, 13.869814126000051 ], [ 121.363242786000228, 13.86975424600007 ], [ 121.364667366000162, 13.86864129300011 ], [ 121.366091945000107, 13.868715490000113 ], [ 121.367071343000021, 13.86936842200015 ], [ 121.368139778000227, 13.869279386000073 ], [ 121.369875984000146, 13.868685811000034 ], [ 121.370469558000082, 13.867231553000181 ], [ 121.370870221000018, 13.867053481000028 ], [ 121.372547070000337, 13.86708316000005 ], [ 121.372829018000061, 13.866370870000083 ], [ 121.373407753000038, 13.866222476000075 ], [ 121.374194240000065, 13.866548942000065 ], [ 121.374283276000142, 13.866905087000134 ], [ 121.374576088000026, 13.866684871000075 ], [ 121.37467356600007, 13.864024843000038 ], [ 121.374206666000191, 13.861437496000121 ], [ 121.375044077000098, 13.859404078000068 ], [ 121.375902600000018, 13.859012633000134 ], [ 121.377133718000096, 13.857184959000051 ], [ 121.377797140000098, 13.856709225000145 ], [ 121.378935798000157, 13.856656329000032 ], [ 121.37956358200006, 13.856001212000081 ], [ 121.379493602000139, 13.855133517000127 ], [ 121.378424128000233, 13.853236446000153 ], [ 121.378346009000097, 13.852355187000114 ], [ 121.378921951000166, 13.850860930000067 ], [ 121.380250507000142, 13.849703748000024 ], [ 121.382247947000337, 13.849537216000101 ], [ 121.383564836000119, 13.848711901000115 ], [ 121.385117326000341, 13.846845521000091 ], [ 121.385930658, 13.846639165000056 ], [ 121.386869777000129, 13.845283983 ], [ 121.387678228000141, 13.844806436 ], [ 121.388943063000056, 13.845119828 ], [ 121.390270369000291, 13.844970550000085 ], [ 121.392318320000186, 13.845912751000185 ], [ 121.394162922000078, 13.843302228000084 ], [ 121.395530950000079, 13.843121780000104 ], [ 121.395734446, 13.843854072999989 ], [ 121.395315882000091, 13.845128349000106 ], [ 121.396051915000157, 13.845965931000137 ], [ 121.397116062, 13.8461170920001 ], [ 121.39811067200003, 13.845612200000062 ], [ 121.39808229800019, 13.844355388 ], [ 121.398434804000203, 13.843615126000032 ], [ 121.403098783000019, 13.841854064000188 ], [ 121.404484727000067, 13.840467847000127 ], [ 121.407408565000082, 13.839231787000188 ], [ 121.408568860000059, 13.839298089000181 ], [ 121.409463944000095, 13.840060569 ], [ 121.40881701, 13.842374892000123 ], [ 121.408894034000014, 13.843356831000051 ], [ 121.409500341000125, 13.845228642000166 ], [ 121.410070669000106, 13.845939941000097 ], [ 121.410385445000202, 13.846072469000035 ], [ 121.411001414000111, 13.845621048999988 ], [ 121.411896091000131, 13.84257941400017 ], [ 121.412494460000175, 13.842026618000034 ], [ 121.413963186000046, 13.842322037000088 ], [ 121.416116375000115, 13.843676306000134 ], [ 121.417485137000199, 13.843874379999988 ], [ 121.418114589000197, 13.843135723000103 ], [ 121.418320879000021, 13.842060957000172 ], [ 121.42080722500009, 13.840174420000096 ], [ 121.424754635000227, 13.839126667000187 ], [ 121.428151796000179, 13.837661438 ], [ 121.429149497000026, 13.837791480000135 ], [ 121.430366902000287, 13.836939350000137 ], [ 121.4306124310001, 13.836064172000022 ], [ 121.429873300000168, 13.83528833500003 ], [ 121.429013437000094, 13.835302463000119 ], [ 121.427464750000013, 13.836188109000034 ], [ 121.426445500000227, 13.836393510000107 ], [ 121.424877325000011, 13.83565052299997 ], [ 121.424154534000195, 13.835026845000073 ], [ 121.423953687000335, 13.834236682000153 ], [ 121.424467820000018, 13.832319261000066 ], [ 121.425598146000084, 13.831791468000176 ], [ 121.426286671000071, 13.833317799000042 ], [ 121.427512144000161, 13.834717508000153 ], [ 121.429618436000169, 13.834167226000091 ], [ 121.431491540000252, 13.833025828000132 ], [ 121.433784695000213, 13.830104659000142 ], [ 121.43642077100003, 13.828306719000068 ], [ 121.437707226000157, 13.828080608999983 ], [ 121.440736744000105, 13.829096767000067 ], [ 121.441448152000021, 13.82856348200005 ], [ 121.441634604000342, 13.825317223000127 ], [ 121.44214250500022, 13.824563129000126 ], [ 121.442957102000037, 13.824241419000145 ], [ 121.444123902000115, 13.825408219000053 ], [ 121.446422780000034, 13.830459961000031 ], [ 121.448040757000058, 13.83096333200001 ], [ 121.448831768000105, 13.830855467000106 ], [ 121.450869221000175, 13.829465205000133 ], [ 121.452103677000196, 13.827799288000051 ], [ 121.452295437000203, 13.826528877000044 ], [ 121.452007797000078, 13.824743110000156 ], [ 121.451432516000295, 13.82364048800008 ], [ 121.450353865000011, 13.822777567000173 ], [ 121.450102180000044, 13.820991800000115 ], [ 121.451504426000042, 13.819277943000145 ], [ 121.452595063000103, 13.81878655700018 ], [ 121.456656413000246, 13.818242209000061 ], [ 121.45646016500018, 13.817702403000169 ], [ 121.457823888000121, 13.816434298000161 ], [ 121.458036952000043, 13.815466314000162 ], [ 121.457367018000014, 13.814118793000148 ], [ 121.45800232800002, 13.813632694000148 ], [ 121.458348140000339, 13.812148488000105 ], [ 121.458014318000096, 13.812628920000066 ], [ 121.457935849000023, 13.812254899000095 ], [ 121.458237286000099, 13.81169385100003 ], [ 121.457810878000146, 13.811950062 ], [ 121.456307526000046, 13.809931149000022 ], [ 121.450355635000278, 13.80412530600006 ], [ 121.442580638000095, 13.798202021000179 ], [ 121.439399687000105, 13.794203950000053 ], [ 121.437969924000186, 13.79069925500005 ], [ 121.437070402000018, 13.7863301000001 ], [ 121.43627249300016, 13.779038893000177 ], [ 121.434587176000036, 13.774293695000154 ], [ 121.432649111000046, 13.766228621000039 ], [ 121.432441830000016, 13.759833338000135 ], [ 121.433882857000185, 13.751495283000111 ], [ 121.434526261000087, 13.749552125999969 ], [ 121.434654841000111, 13.747362319999979 ], [ 121.439354094000123, 13.734052966000093 ], [ 121.44117210200011, 13.731004160999987 ], [ 121.44457513600014, 13.726595568 ], [ 121.446153607000042, 13.726078178000023 ], [ 121.447805403000302, 13.72466638800006 ], [ 121.448804390000078, 13.722308078000026 ], [ 121.451672558000269, 13.722903356000074 ], [ 121.451705456000013, 13.722445126000139 ], [ 121.44902808900008, 13.72191989800001 ], [ 121.449831732, 13.721111093000161 ], [ 121.450089006000212, 13.720166285000175 ], [ 121.448327680000261, 13.717330972000127 ], [ 121.44709669100007, 13.714607207000086 ], [ 121.447068579000074, 13.713253904000112 ], [ 121.447573190000185, 13.711110191000103 ], [ 121.447472154000025, 13.708203816999969 ], [ 121.445841032000089, 13.704704021000111 ], [ 121.444028315000082, 13.702188785000033 ], [ 121.443812754000078, 13.70090719500007 ], [ 121.444621141000084, 13.700361846000135 ], [ 121.443120696000051, 13.699059559000091 ], [ 121.443503608000128, 13.697124252000151 ], [ 121.442689217000293, 13.695887114000072 ], [ 121.443503855000017, 13.695237547999966 ], [ 121.445318647000249, 13.695931137000059 ], [ 121.446531567000079, 13.69571079300016 ], [ 121.446954756000196, 13.695427758999983 ], [ 121.446949558000142, 13.694251858000143 ], [ 121.447738044000175, 13.694891446000099 ], [ 121.449649444000215, 13.695374311000023 ], [ 121.452061420000291, 13.697363802000041 ], [ 121.45027423800002, 13.697902805000126 ], [ 121.449710002000074, 13.699095549000049 ], [ 121.449826631000064, 13.699569680000138 ], [ 121.452449989000229, 13.699888347000126 ], [ 121.453611196000111, 13.701285865000102 ], [ 121.454351545, 13.701644458000033 ], [ 121.457494403000169, 13.70145141200004 ], [ 121.459469591000129, 13.699986707000107 ], [ 121.460900997000067, 13.699997236000172 ], [ 121.462434767000332, 13.698808288 ], [ 121.462702996000075, 13.698421025000016 ], [ 121.462659946000031, 13.697406976000082 ], [ 121.463102894000144, 13.69715780000007 ], [ 121.46336760500003, 13.69611578100006 ], [ 121.463162606000083, 13.6957487090001 ], [ 121.463586656000189, 13.695390553000095 ], [ 121.463833151000017, 13.69560041799997 ], [ 121.464385950000064, 13.695191732000126 ], [ 121.467785562000131, 13.694246566000061 ], [ 121.470031542000015, 13.692220211000176 ], [ 121.470671114000311, 13.690696618000118 ], [ 121.471580621000157, 13.690242207000097 ], [ 121.471344746000113, 13.689989195000123 ], [ 121.471456345000206, 13.688840832999972 ], [ 121.470987633000163, 13.688388903999964 ], [ 121.471264903000019, 13.687277157000096 ], [ 121.471117778, 13.686709259 ], [ 121.470752830000151, 13.6868113270001 ], [ 121.470529609000096, 13.686399154000185 ], [ 121.470420270000204, 13.685442318000071 ], [ 121.469985352000094, 13.685485830000118 ], [ 121.469460669000114, 13.684060761000069 ], [ 121.467259457000068, 13.68197784900002 ], [ 121.465821098000106, 13.682072939000079 ], [ 121.464649372000167, 13.680889308000133 ], [ 121.463881026000195, 13.681039635000047 ], [ 121.462259780000181, 13.680152183000132 ], [ 121.459030883000082, 13.676848013000154 ], [ 121.453884352000159, 13.673282924000148 ], [ 121.452103581000188, 13.672666321000179 ], [ 121.44497337700011, 13.668384370000183 ], [ 121.442738686000212, 13.667431643000157 ], [ 121.441355608000208, 13.666017717000045 ], [ 121.439313436000134, 13.664869108000119 ], [ 121.437042936000012, 13.662820962000126 ], [ 121.436124251000138, 13.661641600000053 ], [ 121.435827797000115, 13.66033834100017 ], [ 121.434933122000075, 13.659542688000101 ], [ 121.432821469000032, 13.659984546000089 ], [ 121.431823784000017, 13.659566557000062 ], [ 121.430491252000138, 13.659635764000029 ], [ 121.429391797000335, 13.659128008000096 ], [ 121.429107195000029, 13.658504039000093 ], [ 121.427189555000041, 13.658013650999976 ], [ 121.423544413000059, 13.655648503000066 ], [ 121.422533694000208, 13.655693552000173 ], [ 121.420251394000161, 13.654763991000038 ], [ 121.419145105000212, 13.654709250000053 ], [ 121.418821668000191, 13.655492011999968 ], [ 121.417553966000128, 13.655765092000024 ], [ 121.417464010000117, 13.656543293000027 ], [ 121.416777494000144, 13.656984329000124 ], [ 121.416332371000181, 13.658182898000064 ], [ 121.415157275000297, 13.658952551000084 ], [ 121.414696892000165, 13.659685193000087 ], [ 121.415444335000075, 13.660479112000132 ], [ 121.415127677000328, 13.661170411000057 ], [ 121.413179584000204, 13.662746666000032 ], [ 121.412061856000037, 13.663031918000172 ], [ 121.41156258500007, 13.664524013000062 ], [ 121.409996288000229, 13.665829116000168 ], [ 121.409371253000131, 13.667177652000191 ], [ 121.405593052000086, 13.66894481300011 ], [ 121.403088054000136, 13.669390931000066 ], [ 121.398106210000037, 13.671922256000187 ], [ 121.396528516000217, 13.67227845400015 ], [ 121.391416641000092, 13.671406721000039 ], [ 121.382067285000176, 13.667246166000155 ], [ 121.373688410000113, 13.662201492 ], [ 121.372203668000338, 13.660854686000164 ], [ 121.371887793000042, 13.660158010000032 ], [ 121.370304296000086, 13.66022215300012 ], [ 121.370069878000209, 13.660747163000053 ], [ 121.36926786700019, 13.660801789000118 ], [ 121.367127250000067, 13.660162680999974 ], [ 121.366631224000116, 13.659593576000077 ], [ 121.365609939000024, 13.659410669000124 ], [ 121.36524286100007, 13.658875379000051 ], [ 121.363415577000183, 13.658694487000048 ], [ 121.359065905000193, 13.65520996500004 ], [ 121.358574434000161, 13.653801286999965 ], [ 121.357373198000232, 13.653727494000179 ], [ 121.356976444000225, 13.652769466000166 ], [ 121.356015317000015, 13.652637002 ], [ 121.355516114000011, 13.652001760000019 ], [ 121.35452069300004, 13.65172509000007 ], [ 121.352553181000076, 13.650500043000022 ], [ 121.351280134000035, 13.64868908700015 ], [ 121.349149735000083, 13.647167569000032 ], [ 121.348447296000131, 13.645948572000123 ], [ 121.347946197000283, 13.645843919000072 ], [ 121.346832611000195, 13.646372702000065 ], [ 121.344853287000205, 13.645738399000038 ], [ 121.344628995000107, 13.645103205000112 ], [ 121.343788246000031, 13.645011844000067 ], [ 121.343029189000049, 13.644334607000076 ], [ 121.342214520000084, 13.644809810000083 ], [ 121.34090052900001, 13.644169505000093 ], [ 121.339671662000342, 13.644344428000124 ], [ 121.338423507000016, 13.644044401000031 ], [ 121.336233615000197, 13.642641495000134 ], [ 121.334451285000114, 13.640733084999965 ], [ 121.333005881000076, 13.63821313800014 ], [ 121.329432264000275, 13.636558120000132 ], [ 121.32616490700002, 13.634319918000074 ], [ 121.324512519000109, 13.632057978000148 ], [ 121.324615301000108, 13.631199964000189 ], [ 121.323168531000078, 13.629844643000069 ], [ 121.322734911000111, 13.628744576000088 ], [ 121.316321662000178, 13.623273685000129 ], [ 121.314915032000158, 13.621478988000035 ], [ 121.312731860000099, 13.616009453000174 ], [ 121.31241268500014, 13.613992518000032 ], [ 121.312778331000118, 13.612488624000093 ], [ 121.310999447000086, 13.613477571000146 ], [ 121.308122149000042, 13.613591149000115 ], [ 121.304413762000081, 13.612642557000129 ], [ 121.301610284000049, 13.610011585000052 ], [ 121.299808042000222, 13.606930827000042 ], [ 121.294754171000136, 13.601113575000113 ], [ 121.294458993000035, 13.60020148600006 ], [ 121.291169578000108, 13.599586969000086 ], [ 121.285605316000101, 13.597005064000086 ], [ 121.279796976000057, 13.597653881000042 ], [ 121.265091388000087, 13.598364073000027 ], [ 121.260820654000213, 13.597748687000092 ], [ 121.259365845000048, 13.597865702000092 ], [ 121.258239171000014, 13.599027354999976 ], [ 121.25728842, 13.603552969000191 ], [ 121.256256078000206, 13.605596821000177 ], [ 121.254749465000145, 13.606977573 ], [ 121.252135652000106, 13.608281371000089 ], [ 121.248162629000149, 13.611792356000024 ], [ 121.245812411000202, 13.616207322000093 ], [ 121.243780966000031, 13.617918873000065 ], [ 121.242582422000055, 13.61839046900019 ], [ 121.240058340000246, 13.621704218 ], [ 121.237222800000154, 13.624700475000054 ], [ 121.23325651600021, 13.627795713000182 ], [ 121.231668035000098, 13.628300378000063 ], [ 121.227661901000147, 13.627775075000045 ], [ 121.225811693000196, 13.627884758000164 ], [ 121.222598527000059, 13.629202460000101 ], [ 121.221051505000105, 13.629484277000074 ], [ 121.215443619000098, 13.628321639000148 ], [ 121.209811501000104, 13.626589282000054 ], [ 121.207963119000055, 13.62656655800015 ], [ 121.204844156000036, 13.627296115000036 ], [ 121.199042743000064, 13.629870384000128 ], [ 121.199015440000039, 13.630600821000087 ], [ 121.199353505000204, 13.629909158000146 ], [ 121.199652963000062, 13.630329522000125 ], [ 121.200447359000123, 13.630396474000122 ], [ 121.200351940000132, 13.631692620000081 ], [ 121.198139245000107, 13.631344605000152 ], [ 121.197226354, 13.631832974000133 ], [ 121.191443063000065, 13.641788652 ], [ 121.189587711000058, 13.643054769000059 ], [ 121.184307361000151, 13.644554533000189 ], [ 121.180306331000224, 13.645074779000026 ], [ 121.179748041000039, 13.645006775000127 ], [ 121.179732826000077, 13.644467837000093 ], [ 121.179613785000129, 13.64482705000006 ], [ 121.17918841900007, 13.644839106000177 ], [ 121.175939582000296, 13.643872522000152 ], [ 121.17226285300012, 13.644298180000021 ], [ 121.16681613500009, 13.644037285000024 ], [ 121.156630045000043, 13.64215630800004 ], [ 121.15425504600023, 13.641368086000057 ], [ 121.149791187000119, 13.639207327000065 ], [ 121.144250852000141, 13.635822687000143 ], [ 121.14172024700008, 13.634862199000054 ], [ 121.136162540000214, 13.634596037000051 ], [ 121.124465176000285, 13.632827099000053 ], [ 121.121512056000029, 13.631898437000132 ], [ 121.119131683000319, 13.632018957000184 ], [ 121.115986403000193, 13.631570429000021 ], [ 121.111555599000212, 13.62969005900004 ], [ 121.106787703, 13.626194521 ], [ 121.104174685000203, 13.624955483000178 ], [ 121.08948169100006, 13.62411162899997 ], [ 121.081592068000191, 13.621043323000151 ], [ 121.078883458000064, 13.619092979000072 ], [ 121.077486060000069, 13.618937514000038 ], [ 121.076839352000206, 13.620074741999986 ], [ 121.076354179000077, 13.619765575000088 ], [ 121.07626900300022, 13.619884828000124 ], [ 121.076814198000079, 13.620192533000079 ], [ 121.07392583, 13.626079351000101 ], [ 121.07238111200013, 13.628454349000094 ], [ 121.071032003000141, 13.630034078000165 ], [ 121.069727783000076, 13.630816923 ], [ 121.064622684000142, 13.630775740999979 ], [ 121.062180934000253, 13.629755656000043 ], [ 121.060635570000159, 13.628609001000143 ], [ 121.060641178000083, 13.628315382999972 ], [ 121.05985806800004, 13.628370061000055 ], [ 121.058585122000068, 13.627358970000159 ], [ 121.058175379000204, 13.627785834000122 ], [ 121.056345779000026, 13.628252067000062 ], [ 121.055326156000092, 13.629317333000131 ], [ 121.055315734000146, 13.63029091300001 ], [ 121.053017841000155, 13.634457344000054 ], [ 121.051763661000109, 13.635708744000056 ], [ 121.047239863000073, 13.635823027000185 ], [ 121.044739889000198, 13.634625457000027 ], [ 121.043404390000092, 13.63353174700012 ], [ 121.043121946000042, 13.632794303000026 ], [ 121.04254237400005, 13.632641201000126 ], [ 121.042149302000212, 13.632901962000119 ], [ 121.04191129700007, 13.632622896000157 ], [ 121.038961524000229, 13.633416254000053 ], [ 121.036897086000067, 13.633539723000069 ], [ 121.036062491000052, 13.634262628000101 ], [ 121.035638771000208, 13.635606721000045 ], [ 121.037287674000254, 13.637957511000025 ], [ 121.039062443000148, 13.642588999000054 ], [ 121.040801511000154, 13.643975986000157 ], [ 121.042335528000081, 13.646917856000016 ], [ 121.045881749000046, 13.650388598000177 ], [ 121.048725952000041, 13.653981592999969 ], [ 121.04889249900009, 13.65512252700006 ], [ 121.048180040000034, 13.65515641200011 ], [ 121.048423823, 13.655881084000043 ], [ 121.048762799000201, 13.655769324 ], [ 121.050497551000035, 13.661536393000176 ], [ 121.051027942000132, 13.661777680000114 ], [ 121.05329770100002, 13.665604480000013 ], [ 121.053201001000048, 13.667212687000131 ], [ 121.053701855000099, 13.668344233000141 ], [ 121.053582648000088, 13.670413241000119 ], [ 121.053001462000111, 13.672782844000153 ], [ 121.052306690000023, 13.673526637000123 ], [ 121.052123873000255, 13.674325282000041 ], [ 121.051874620000149, 13.674311701000079 ], [ 121.052013467000052, 13.673817353 ], [ 121.051839907000044, 13.673809417000086 ], [ 121.051708113000018, 13.675022708000029 ], [ 121.051845600000092, 13.674534536000124 ], [ 121.052118492000091, 13.674437807 ], [ 121.051834880000115, 13.676067148000129 ], [ 121.05126733200018, 13.677142512000103 ], [ 121.051516282000193, 13.677910359000123 ], [ 121.050701343000014, 13.678119256000059 ], [ 121.05140818700022, 13.678178080000123 ], [ 121.050652049000178, 13.680446510000081 ], [ 121.050501930000109, 13.681653836000123 ], [ 121.050766153000041, 13.682199051000055 ], [ 121.049711302000219, 13.682276611000077 ], [ 121.049388899000064, 13.683760581000115 ], [ 121.048965587000112, 13.683511598 ], [ 121.048937871000135, 13.683910388000129 ], [ 121.049503629000014, 13.683796856000185 ], [ 121.049165843000083, 13.685970431000158 ], [ 121.050377311000034, 13.686203982000052 ], [ 121.05050194800026, 13.686712210000167 ], [ 121.050398462000089, 13.687300986000025 ], [ 121.049415047000139, 13.687449111000092 ], [ 121.049444670000184, 13.687810563000028 ], [ 121.050245891000145, 13.687773914000104 ], [ 121.050317635000056, 13.688987153000028 ], [ 121.048974380000345, 13.689105597000037 ], [ 121.048991018000152, 13.689484595000124 ], [ 121.050281381000218, 13.689150803000075 ], [ 121.050488955000219, 13.691943618000096 ], [ 121.050845340000251, 13.692056538000031 ], [ 121.050975597000161, 13.69280275300008 ], [ 121.048983493000151, 13.693271189000086 ], [ 121.051015225000015, 13.692837129000054 ], [ 121.051619144000028, 13.696510357000022 ], [ 121.05404651300023, 13.702298511000038 ], [ 121.054915856000093, 13.703190331000144 ], [ 121.055818891000058, 13.703348401000085 ], [ 121.055403572000159, 13.703643013000089 ], [ 121.055954095000061, 13.704265879000104 ], [ 121.057521180000208, 13.705087849000108 ], [ 121.059434442000224, 13.706815634000122 ], [ 121.059816105000095, 13.70668953 ], [ 121.060514193000131, 13.707631827000114 ], [ 121.060891810000044, 13.710162177000029 ], [ 121.05960099500021, 13.710286010000061 ], [ 121.059163897000076, 13.70982033000007 ], [ 121.059575385000016, 13.710614240000041 ], [ 121.059657740000034, 13.710355759000038 ], [ 121.06092818500008, 13.710281709000128 ], [ 121.061047668000128, 13.711327145000155 ], [ 121.05964735200007, 13.710734648000027 ], [ 121.061240256000019, 13.711497249000161 ], [ 121.061516613000094, 13.712941380000188 ], [ 121.061078393000116, 13.715022335000185 ], [ 121.061568991000172, 13.71625720600008 ], [ 121.061447011000041, 13.716779582000186 ], [ 121.060155575000067, 13.717563630000029 ], [ 121.060995904000038, 13.719230376000098 ], [ 121.060632474000045, 13.719380017000105 ], [ 121.06026931100007, 13.720672273000105 ], [ 121.059605525000052, 13.720665433000079 ], [ 121.059648174000131, 13.718415398000161 ], [ 121.058475344000044, 13.717525636000062 ], [ 121.058386195000026, 13.718090412000095 ], [ 121.059506245000193, 13.718497371000069 ], [ 121.059466311000051, 13.720664684000099 ], [ 121.057891759000199, 13.720675260000064 ], [ 121.057760194000025, 13.720395602000053 ], [ 121.057605190000231, 13.721031723000181 ], [ 121.059196156000212, 13.720798671000068 ], [ 121.058511638000027, 13.723274128000185 ], [ 121.057187522000277, 13.723370708000175 ], [ 121.057007103000046, 13.723068169000101 ], [ 121.056734490000053, 13.723927569000125 ], [ 121.057082901000058, 13.723725338 ], [ 121.060189795000042, 13.725967155000149 ], [ 121.059773307000114, 13.726624747000017 ], [ 121.059172284000056, 13.72675367100004 ], [ 121.059388419000015, 13.727327637000087 ], [ 121.058736662000229, 13.728508643000112 ], [ 121.058907887000032, 13.729180310000174 ], [ 121.058551698000201, 13.730671288999986 ], [ 121.058178274000056, 13.731000460000132 ], [ 121.059236416000203, 13.731247060000101 ], [ 121.059228605000158, 13.731508880000092 ], [ 121.058051817000091, 13.73130208200007 ], [ 121.058116080000218, 13.73199140100013 ], [ 121.057119923000073, 13.733076303000018 ], [ 121.057043170000043, 13.732851035000067 ], [ 121.056579894000265, 13.732978517000106 ], [ 121.05635618000008, 13.733490598000117 ], [ 121.056718847000184, 13.734099996000111 ], [ 121.059388124000066, 13.735241188000032 ], [ 121.05904479600008, 13.736511362000101 ], [ 121.060166739000124, 13.738544390000129 ], [ 121.058229931000142, 13.738826572 ], [ 121.057179818, 13.736955346000116 ], [ 121.056360763000043, 13.7365658330001 ], [ 121.055571996000026, 13.736621022000122 ], [ 121.055383979000226, 13.73719553899997 ], [ 121.055740688000128, 13.737564746999965 ], [ 121.054669797000088, 13.737935908000054 ], [ 121.053458673000023, 13.739115398000138 ], [ 121.052172081000208, 13.73961803100002 ], [ 121.050944843000025, 13.740713419000087 ], [ 121.051244199000166, 13.741859491000071 ], [ 121.052553767000177, 13.742636114999982 ], [ 121.05238065900005, 13.74326647100014 ], [ 121.051830182000231, 13.743026247000159 ], [ 121.052097024000091, 13.742684028000156 ], [ 121.049171599000033, 13.74281084100005 ], [ 121.047260874000017, 13.744679941000186 ], [ 121.046720411000138, 13.744556028000147 ], [ 121.047474608000243, 13.74473193700004 ], [ 121.04815312300002, 13.744831868000063 ], [ 121.048046391000071, 13.745745174000149 ], [ 121.046059348000085, 13.750495866000108 ], [ 121.045249849000129, 13.750972203000174 ], [ 121.044810668000082, 13.751830498 ], [ 121.044475213000169, 13.751981832000126 ], [ 121.042118299000208, 13.750763391000135 ], [ 121.04308164400004, 13.751328409000166 ], [ 121.042901498000106, 13.751657621000049 ], [ 121.042303033000053, 13.751387733000058 ], [ 121.042883178000011, 13.751697661000151 ], [ 121.04270843200004, 13.752016607000087 ], [ 121.042106913000111, 13.75174523600009 ], [ 121.042688585000292, 13.752056646000085 ], [ 121.042509964000033, 13.752372512000136 ], [ 121.041874857000153, 13.752086310000038 ], [ 121.04249317100016, 13.752413500000102 ], [ 121.042069147, 13.752907906000189 ], [ 121.041090530000133, 13.752586114 ], [ 121.042776569000125, 13.753922897000052 ], [ 121.042333799000062, 13.754514591000145 ], [ 121.040562748000184, 13.753773613000135 ], [ 121.041367704000209, 13.754361956000025 ], [ 121.040705740000135, 13.755785347000142 ], [ 121.039656732000026, 13.755238144999964 ], [ 121.038953923, 13.756510486000025 ], [ 121.040422038000088, 13.757294389000094 ], [ 121.039428281000028, 13.759058642000184 ], [ 121.040936123000051, 13.759857786000055 ], [ 121.042360307000308, 13.757426474000113 ], [ 121.042767359000095, 13.757288080000023 ], [ 121.0412102370002, 13.760015448000104 ], [ 121.041790376000108, 13.760348330000113 ], [ 121.041686034, 13.760793429999978 ], [ 121.041921677000119, 13.76041984799997 ], [ 121.044812836000119, 13.762070917000074 ], [ 121.044979867000166, 13.761791835999986 ], [ 121.045369686000186, 13.762035580000088 ], [ 121.042755260000035, 13.766517362 ], [ 121.041735706000054, 13.76593194600008 ], [ 121.037735567000141, 13.762184177000051 ], [ 121.038079611000171, 13.762672906000091 ], [ 121.037646357000199, 13.762970612 ], [ 121.038112844000011, 13.762902563000182 ], [ 121.037130304000016, 13.763257535000037 ], [ 121.037305243000219, 13.763514220000047 ], [ 121.036315595000019, 13.764481087000036 ], [ 121.036328385000047, 13.764980444000059 ], [ 121.035577986000021, 13.764921280000124 ], [ 121.033440113000324, 13.766670054000031 ], [ 121.032242024000084, 13.765302152 ], [ 121.033077393000326, 13.765132641000093 ], [ 121.033522334000281, 13.764753649 ], [ 121.032115821000048, 13.765243078000083 ], [ 121.031320483000059, 13.766502457000115 ], [ 121.032237223000266, 13.765401226000051 ], [ 121.033390652000094, 13.766702085000134 ], [ 121.027581678000274, 13.770357042000114 ], [ 121.026928172000225, 13.770611153000061 ], [ 121.026588555000103, 13.770200901000067 ], [ 121.026848053000094, 13.771071555000162 ], [ 121.025655151000137, 13.772095885000169 ], [ 121.023163537000073, 13.772950294999987 ], [ 121.022575685000106, 13.772083390000148 ], [ 121.02265227700002, 13.77293797800013 ], [ 121.020504182000195, 13.773706118000121 ], [ 121.01966399000014, 13.771305692000055 ], [ 121.020037818000105, 13.77101221200013 ], [ 121.018285227000206, 13.771565955000028 ], [ 121.019538855000178, 13.771352243000138 ], [ 121.020384653000178, 13.773776145000113 ], [ 121.017931506000082, 13.775366665000092 ], [ 121.012116896000066, 13.778767641000115 ], [ 121.009335897000028, 13.777568508000115 ], [ 121.008970275000024, 13.777841741000088 ], [ 121.011381384000288, 13.778667775000031 ], [ 121.009575687000051, 13.779538259000105 ], [ 121.008513486000197, 13.779607735000184 ], [ 121.008317594000118, 13.779031783000107 ], [ 121.007944310000084, 13.77914233600012 ], [ 121.007658415000037, 13.778296222000108 ], [ 121.007859593000148, 13.779162720000045 ], [ 121.007511098, 13.779279876000146 ], [ 121.007889671000157, 13.779375019000099 ], [ 121.007458, 13.780007052000087 ], [ 121.003107941000053, 13.781024050000042 ], [ 121.001512441000045, 13.781751476000181 ], [ 120.999505398000224, 13.782126106000078 ], [ 120.995366846000024, 13.782280386000082 ], [ 120.994904395000049, 13.782626622000123 ], [ 120.993358345000047, 13.782798655000022 ], [ 120.993302675000109, 13.780890141000043 ], [ 120.993145235000043, 13.78279045700009 ], [ 120.992870731000039, 13.782920365000166 ], [ 120.990499702000079, 13.783251589000031 ], [ 120.990287869000213, 13.782745326000168 ], [ 120.988236338000206, 13.782744920000141 ], [ 120.988146536000045, 13.783461107000164 ], [ 120.986920321000071, 13.783533399000078 ], [ 120.986607783000181, 13.782358377000037 ], [ 120.986522984000203, 13.782775909000122 ], [ 120.984657550000179, 13.782826993000072 ], [ 120.984893261000025, 13.781360014000086 ], [ 120.984532514000193, 13.781388603000096 ], [ 120.984544742000139, 13.782533662000048 ], [ 120.983884598000031, 13.782533638000075 ], [ 120.98373250800023, 13.780973894000113 ], [ 120.983175890000211, 13.780971490000127 ], [ 120.983178265000106, 13.782814197999983 ], [ 120.98292304000006, 13.782849939000187 ], [ 120.978764364000199, 13.78244694000017 ], [ 120.97847257900014, 13.782263828000112 ], [ 120.978792764000104, 13.781586006000168 ], [ 120.978395743000192, 13.782247937000136 ], [ 120.978094824000209, 13.782245922000072 ], [ 120.977628525000114, 13.78194056000018 ], [ 120.97835503400006, 13.780746797000063 ], [ 120.978290540000103, 13.780715477000172 ], [ 120.977486632000023, 13.781988491000163 ], [ 120.977168769000059, 13.781890052000108 ], [ 120.976400420000346, 13.781305055000075 ], [ 120.976508870000089, 13.78091516700016 ], [ 120.974788063000119, 13.779464029000167 ], [ 120.974715736, 13.779042582000045 ], [ 120.976514076000171, 13.777128369000025 ], [ 120.976448087000108, 13.777051663000066 ], [ 120.974665612000194, 13.779048495999973 ], [ 120.973755329000255, 13.778858506000063 ], [ 120.973025897000298, 13.777782712999965 ], [ 120.973162596000179, 13.777351214000078 ], [ 120.972795859000144, 13.777371071 ], [ 120.972462161000067, 13.776881366999987 ], [ 120.972785012000031, 13.77590368 ], [ 120.971275905000084, 13.775697442000023 ], [ 120.971348983000098, 13.775349684 ], [ 120.971012846000121, 13.77530709500013 ], [ 120.970995791000064, 13.775652489000095 ], [ 120.970642601000122, 13.77559807200015 ], [ 120.970543698000029, 13.776359266000043 ], [ 120.968592581000166, 13.775967091000041 ], [ 120.967747272000111, 13.775375851000149 ], [ 120.968078557000013, 13.774656710000045 ], [ 120.967738540000028, 13.775139913000146 ], [ 120.96640160600009, 13.773806373000127 ], [ 120.967032811000081, 13.773353354000051 ], [ 120.966474906000144, 13.773408824 ], [ 120.966033736000099, 13.772607199000049 ], [ 120.966023465000035, 13.771816018000038 ], [ 120.964789805000123, 13.771300351000093 ], [ 120.963730233000206, 13.772150263000071 ], [ 120.962488456000187, 13.770917887000053 ], [ 120.962426744000027, 13.770145892000016 ], [ 120.961222626000108, 13.767796753000084 ], [ 120.962011162000294, 13.767140896000114 ], [ 120.961269438000045, 13.765120481000167 ], [ 120.961797795000166, 13.764998072000083 ], [ 120.961727509000184, 13.764820515000054 ], [ 120.961254896000241, 13.765078090000145 ], [ 120.959941358000151, 13.761811561000115 ], [ 120.957925955000064, 13.76089253400005 ], [ 120.957485427000051, 13.761122411000144 ], [ 120.955752328000244, 13.760139607000156 ], [ 120.956024604000049, 13.758782480000036 ], [ 120.956450439000037, 13.758808262000059 ], [ 120.956660090000014, 13.759260825000126 ], [ 120.957034564000082, 13.758806750000133 ], [ 120.956294202000095, 13.758602931000041 ], [ 120.956556099000068, 13.757847533000074 ], [ 120.957174691000091, 13.757721424000181 ], [ 120.955751204000194, 13.755349759000183 ], [ 120.956239732000085, 13.755086658000153 ], [ 120.956343726000114, 13.755269889000147 ], [ 120.956363074000024, 13.755208812000149 ], [ 120.95617927, 13.754842352000026 ], [ 120.95574152800009, 13.755302775000189 ], [ 120.955110313000318, 13.754569852000031 ], [ 120.955030903000193, 13.754227395000044 ], [ 120.955420274000176, 13.754001883 ], [ 120.954367573000013, 13.75223045000007 ], [ 120.953804047000062, 13.752388071000041 ], [ 120.953293169000062, 13.751786246999984 ], [ 120.953081173000101, 13.749573577999968 ], [ 120.952464220000138, 13.748609827999985 ], [ 120.949240230000214, 13.746813698999972 ], [ 120.948060188000113, 13.745438738000189 ], [ 120.947711186000333, 13.744631595000101 ], [ 120.947879599000203, 13.743695705000107 ], [ 120.947261967000031, 13.741881536 ], [ 120.947820679000074, 13.741896869000129 ], [ 120.947636797000314, 13.741626594000081 ], [ 120.94718244000012, 13.741816953000068 ], [ 120.944230431000051, 13.738892266000107 ], [ 120.942496694000056, 13.738611653000078 ], [ 120.942938290000143, 13.737681641000052 ], [ 120.941296784000201, 13.736654946000101 ], [ 120.941022000000203, 13.73650353 ], [ 120.940532178000012, 13.737318395000045 ], [ 120.938324441000077, 13.735983530000169 ], [ 120.936524870000085, 13.734374298000034 ], [ 120.936330330000146, 13.733865782000066 ], [ 120.936562624000203, 13.733572571000082 ], [ 120.93626847400003, 13.733249848000071 ], [ 120.935427839000226, 13.733226006000052 ], [ 120.934793165000087, 13.732712377000098 ], [ 120.933541561000084, 13.731360493000182 ], [ 120.933393513000055, 13.730808966000097 ], [ 120.932137802000057, 13.729893323000113 ], [ 120.930825298000173, 13.728326005000099 ], [ 120.930196134000084, 13.727436729999965 ], [ 120.929524534000166, 13.725491933000114 ], [ 120.928081770000176, 13.723380749 ], [ 120.927404131000117, 13.720954272000085 ], [ 120.926098663000062, 13.719159919000049 ], [ 120.925685742000155, 13.717684150000025 ], [ 120.924181462000206, 13.716261286000076 ], [ 120.922205247000193, 13.71344204900015 ], [ 120.921738170000026, 13.711360255000045 ], [ 120.920680523000328, 13.709297316000118 ], [ 120.920775967000054, 13.707600789000026 ], [ 120.918272473000229, 13.702641453000183 ], [ 120.917385598000124, 13.699869628000101 ], [ 120.915100187000121, 13.698934343000076 ], [ 120.912026073000106, 13.696222327000044 ], [ 120.906612524000138, 13.693801302000168 ], [ 120.90394785400008, 13.691585251000049 ], [ 120.901201643000149, 13.690663194000024 ], [ 120.896574804000011, 13.688432785000145 ], [ 120.895408665000105, 13.68712320800006 ], [ 120.89427753300015, 13.684026602000188 ], [ 120.893265448000193, 13.682660750000139 ], [ 120.89288217700016, 13.682676938000043 ], [ 120.891900124000017, 13.683826625000052 ], [ 120.892010758000083, 13.687670707000166 ], [ 120.89169096500018, 13.688747370000158 ], [ 120.888817538000012, 13.691539917 ], [ 120.888060715000051, 13.692835795000121 ], [ 120.885570524000286, 13.694907341000089 ], [ 120.884423945000208, 13.69731073700018 ], [ 120.882816847000072, 13.69898716299997 ], [ 120.882722944000079, 13.700359875000061 ], [ 120.882143001000145, 13.701727429000073 ], [ 120.880313183000226, 13.702869364000151 ], [ 120.878060805000018, 13.705512707000082 ], [ 120.876930327000082, 13.706142813000156 ], [ 120.87438219, 13.71024138000007 ], [ 120.873998691000224, 13.710299224999972 ], [ 120.873854653000194, 13.711685815000124 ], [ 120.87357345700002, 13.711695975000112 ], [ 120.873780686000032, 13.711869537000041 ], [ 120.872956928000235, 13.713383321000094 ], [ 120.872442848000333, 13.715741162000029 ], [ 120.873280300000033, 13.717658460000052 ], [ 120.873389051000231, 13.719511616000091 ], [ 120.874462395000023, 13.720819639000013 ], [ 120.874801035000019, 13.721749046000127 ], [ 120.875165944000059, 13.721671571000172 ], [ 120.87557191600024, 13.722589734000053 ], [ 120.877817577000201, 13.723832543000128 ], [ 120.878009718000158, 13.724577153999974 ], [ 120.879286022000088, 13.723921787000052 ], [ 120.88160580300007, 13.723997086000111 ], [ 120.882646412000099, 13.724508492000155 ], [ 120.883165479000013, 13.725525620000099 ], [ 120.8833111590003, 13.726921772000026 ], [ 120.885622908000187, 13.729306796000174 ], [ 120.886024571000121, 13.731200284000181 ], [ 120.88631292000025, 13.731044290000057 ], [ 120.887235822000093, 13.732822816000123 ], [ 120.890032447000067, 13.73605799000012 ], [ 120.89132147600003, 13.738175089000038 ], [ 120.891279622000184, 13.738852880000081 ], [ 120.891625983000154, 13.738837131000082 ], [ 120.89234153700022, 13.73990657100012 ], [ 120.892177526000182, 13.740159772000027 ], [ 120.892433330000017, 13.740028638000183 ], [ 120.893247473000201, 13.741116575000035 ], [ 120.895543273000044, 13.742960566000136 ], [ 120.899079317000087, 13.746963772000072 ], [ 120.900411038000016, 13.747507494000104 ], [ 120.903483722000033, 13.750551490000078 ], [ 120.905247837000275, 13.751626483000109 ], [ 120.906803057000161, 13.753902153000126 ], [ 120.906877497000096, 13.755375567000158 ], [ 120.908391754000036, 13.754827193999972 ], [ 120.913839495000047, 13.756381934000046 ], [ 120.914695665000067, 13.756991936000077 ], [ 120.917017642000019, 13.756798687000128 ], [ 120.919681592000188, 13.755980639000143 ], [ 120.920915114000081, 13.756058526000118 ], [ 120.922165597000117, 13.756676006000191 ], [ 120.923804604000111, 13.75668840700007 ], [ 120.925804964, 13.757622318000188 ], [ 120.926605921000146, 13.758330220000119 ], [ 120.927121599000202, 13.760016909000115 ], [ 120.927105652000023, 13.760330605000149 ], [ 120.926757016000124, 13.760388251000109 ], [ 120.926822193000135, 13.76119884700006 ], [ 120.92729156900009, 13.761160689000121 ], [ 120.927368254000044, 13.761559481000063 ], [ 120.927246608000132, 13.76315080400019 ], [ 120.926734179000277, 13.764073492000136 ], [ 120.926131671, 13.764160199000116 ], [ 120.926528837000205, 13.764259158000073 ], [ 120.926298560000077, 13.764732199000036 ], [ 120.926580839000053, 13.767289507000044 ], [ 120.926347872000065, 13.768561285000089 ], [ 120.92598399700023, 13.769155532000184 ], [ 120.924761093000143, 13.769643457000143 ], [ 120.924405673000024, 13.770395722000103 ], [ 120.925340563000077, 13.771698358000037 ], [ 120.927231362000157, 13.772495965000076 ], [ 120.928174224000145, 13.774504334000085 ], [ 120.928402296000058, 13.775821707999967 ], [ 120.927850303000127, 13.778077508000138 ], [ 120.928374099000052, 13.779198600000143 ], [ 120.92818722200002, 13.781012382000142 ], [ 120.925549594000017, 13.784977404000074 ], [ 120.920780768000213, 13.786541921000151 ], [ 120.91895906700006, 13.787703777000161 ], [ 120.918841935000046, 13.789048594000178 ], [ 120.920093767000139, 13.793049838000115 ], [ 120.920366838000064, 13.794961695000097 ], [ 120.9195118680002, 13.797189736000178 ], [ 120.918866209000157, 13.798434124000096 ], [ 120.917718556000182, 13.799531988000183 ], [ 120.915077412000073, 13.801202981000131 ], [ 120.914216141000111, 13.801463718000093 ], [ 120.914010433000044, 13.801153223000085 ], [ 120.914151700000048, 13.801478158000066 ], [ 120.913849327000207, 13.801516664000076 ], [ 120.913603960000046, 13.801432418 ], [ 120.913767544000052, 13.801129150000122 ], [ 120.913331246000212, 13.801273205000086 ], [ 120.913048715000059, 13.800546312000051 ], [ 120.913031356000261, 13.801049356000135 ], [ 120.911921147000157, 13.800490676000095 ], [ 120.911437840000076, 13.800750611000183 ], [ 120.911308946000077, 13.801203108000038 ], [ 120.911733327000093, 13.801766943000075 ], [ 120.911490430000185, 13.802007628000183 ], [ 120.912224052000056, 13.802325358000189 ], [ 120.91234199400003, 13.80326207100012 ], [ 120.911940479, 13.803250027000047 ], [ 120.911940478000247, 13.803310200000112 ], [ 120.91235686400023, 13.803297638000174 ], [ 120.912361816000157, 13.803543143000127 ], [ 120.912170958000161, 13.804106357000023 ], [ 120.911919839, 13.804050448000112 ], [ 120.91215033800006, 13.804127474999973 ], [ 120.911981780000133, 13.80490731000009 ], [ 120.911175844000013, 13.805055508000123 ], [ 120.910810294000044, 13.805712917000051 ], [ 120.911946901000192, 13.80820475500019 ], [ 120.911892321000096, 13.81000871100008 ], [ 120.912199611000119, 13.81046106000008 ], [ 120.911889881000093, 13.810696437000104 ], [ 120.911907084000177, 13.811960574000182 ], [ 120.910931820000087, 13.813123603 ], [ 120.910586315000046, 13.813109907000126 ], [ 120.910560211000188, 13.813498085000106 ], [ 120.910247613000024, 13.813269845000036 ], [ 120.910304020000012, 13.813625898000112 ], [ 120.909295631000191, 13.814189218000024 ], [ 120.909091150000222, 13.813917611000022 ], [ 120.909084731000121, 13.814351621000014 ], [ 120.907000894000134, 13.815419078000161 ], [ 120.907130115000086, 13.815696409000111 ], [ 120.905024992000222, 13.81794206100011 ], [ 120.904495577000034, 13.818153196000083 ], [ 120.904205867000087, 13.819157253000128 ], [ 120.903935949000129, 13.819042582000122 ], [ 120.904146283000046, 13.819224235000149 ], [ 120.902615170000104, 13.820082707000097 ], [ 120.902063442000099, 13.821736349000162 ], [ 120.901632084000198, 13.821868144000121 ], [ 120.902154925000332, 13.82220382100013 ], [ 120.902287191000141, 13.821799061000036 ], [ 120.904009503000111, 13.821632701000112 ], [ 120.90646463600001, 13.82374292500009 ], [ 120.908777069000053, 13.823709324000049 ], [ 120.910868217000257, 13.824490069000092 ], [ 120.912418467000066, 13.826319806000072 ], [ 120.913798548000159, 13.826746720000017 ], [ 120.913979632000064, 13.82729385 ], [ 120.913715361000072, 13.827429288000189 ], [ 120.914098004000039, 13.827496165000127 ], [ 120.915315497000165, 13.830313932000138 ], [ 120.915320265000219, 13.831451311000023 ], [ 120.914976062000051, 13.832132869000077 ], [ 120.915128346000074, 13.832322303000126 ], [ 120.915272336000044, 13.831833995000068 ], [ 120.915283039000315, 13.833847513000023 ], [ 120.91617029300005, 13.837471906000133 ], [ 120.916119672000036, 13.840024376000144 ], [ 120.916451656000163, 13.840313171000105 ], [ 120.916027435000274, 13.843497866000121 ], [ 120.916452403000108, 13.843457877000105 ], [ 120.916655466000066, 13.844112828 ], [ 120.916338323000105, 13.845214333000115 ], [ 120.916774205000024, 13.848117381000122 ], [ 120.916146658000116, 13.851740826000025 ], [ 120.914600447000112, 13.855873970000061 ], [ 120.914950242000032, 13.856293440000115 ], [ 120.914477504000047, 13.857041544000026 ], [ 120.914462166000021, 13.858591022000155 ], [ 120.913178429000141, 13.861225527000101 ], [ 120.913955178000151, 13.863277499000048 ], [ 120.915065705000075, 13.86448828500005 ], [ 120.91532615400024, 13.86617978400011 ], [ 120.913786182000194, 13.868443767000088 ], [ 120.913440656000034, 13.869942520000052 ], [ 120.91377938200003, 13.871027304999984 ], [ 120.913637647000087, 13.871309273000065 ], [ 120.913391550000028, 13.87117549300018 ], [ 120.913666111000111, 13.871954232000064 ], [ 120.913528927000129, 13.873018180000145 ], [ 120.91211606700017, 13.876049289000036 ], [ 120.910042029000124, 13.879341835000162 ], [ 120.906310918000031, 13.884250768000129 ], [ 120.899863936000088, 13.889868181000168 ], [ 120.899598321000212, 13.890384934000167 ], [ 120.897642098000119, 13.890389196000172 ], [ 120.887763865000124, 13.897294860000102 ], [ 120.878522913000097, 13.902028403000145 ], [ 120.870877913000072, 13.904222108000056 ], [ 120.865779575000147, 13.904243883000163 ], [ 120.861331916000154, 13.905418630999975 ], [ 120.858959880000157, 13.906494853000027 ], [ 120.856892088000109, 13.906769417000021 ], [ 120.852818448000221, 13.908321330000092 ], [ 120.847785952000208, 13.909008412000105 ], [ 120.847200410000028, 13.909416653000051 ], [ 120.845575964000091, 13.909297123000101 ], [ 120.845472466000047, 13.908927026000129 ], [ 120.841787480000221, 13.910363840000173 ], [ 120.836304992000237, 13.913382974000058 ], [ 120.834101102000318, 13.914120411000056 ], [ 120.833949749000112, 13.911539886000128 ], [ 120.833897738000019, 13.911538041000085 ], [ 120.83406610100019, 13.914158018000023 ], [ 120.833360545000119, 13.914571787000057 ], [ 120.827071361000208, 13.916411313000026 ], [ 120.824081135000029, 13.916025781000144 ], [ 120.823689160000185, 13.914832722000085 ], [ 120.821355953000193, 13.915570139000067 ], [ 120.821422806000101, 13.91576181500011 ], [ 120.823595688000069, 13.915165963000049 ], [ 120.824004634000175, 13.916329140000073 ], [ 120.821248757000149, 13.91755884100013 ], [ 120.81745219700008, 13.9187663780001 ], [ 120.813885448000292, 13.919417415000055 ], [ 120.812418094, 13.919504226000072 ], [ 120.811022348000051, 13.918911146000028 ], [ 120.810374910000064, 13.919015937000097 ], [ 120.809493519000057, 13.920131935000029 ], [ 120.806596045000106, 13.922010319000037 ], [ 120.804945861000078, 13.922697682000148 ], [ 120.801816898000084, 13.923224819000154 ], [ 120.799049773000206, 13.924289247000104 ], [ 120.796468897000182, 13.924672530000123 ], [ 120.795142057000135, 13.924482922000095 ], [ 120.793887640000207, 13.923835372000156 ], [ 120.792932776000043, 13.924172248000104 ], [ 120.792941483000163, 13.92220329200012 ], [ 120.793776208000054, 13.92235321600009 ], [ 120.793840074000173, 13.922291224999981 ], [ 120.792623690000028, 13.92209084600006 ], [ 120.792002847000049, 13.92233736999998 ], [ 120.7928978340002, 13.92217543400011 ], [ 120.792879820000053, 13.924170150000123 ], [ 120.791385225000113, 13.924196221000045 ], [ 120.791086954000093, 13.923345556000129 ], [ 120.790825858000176, 13.923460986000066 ], [ 120.790948664000211, 13.927764884 ], [ 120.790153727000074, 13.928058977000092 ], [ 120.788298869000073, 13.927730991000146 ], [ 120.78834740100001, 13.925040973000137 ], [ 120.78865418800001, 13.924953287000164 ], [ 120.788335921000112, 13.924906 ], [ 120.788268487000209, 13.924214439000139 ], [ 120.78815245300018, 13.925346070000103 ], [ 120.787894403000109, 13.925354438000056 ], [ 120.788011853000057, 13.923973128000171 ], [ 120.787616177000018, 13.923959240999977 ], [ 120.787632966000274, 13.926881020000053 ], [ 120.786539243000107, 13.926852113000052 ], [ 120.786511876000077, 13.926150597000117 ], [ 120.786937638000154, 13.92583052700013 ], [ 120.786105617000089, 13.925256388000093 ], [ 120.78639524100015, 13.92574576100003 ], [ 120.78578665800012, 13.926141704000031 ], [ 120.785897067000064, 13.926442257000076 ], [ 120.785458385000084, 13.926524382000025 ], [ 120.785776344000169, 13.927424915000017 ], [ 120.785004647000164, 13.927907800000128 ], [ 120.78258889600022, 13.928057322000029 ], [ 120.780797917000086, 13.927775092000161 ], [ 120.777888514000097, 13.926343557000109 ], [ 120.777126649000024, 13.926395459000105 ], [ 120.776836873000093, 13.925598180000179 ], [ 120.776780632000168, 13.926336836000189 ], [ 120.775718007000023, 13.926997628000152 ], [ 120.775028793000047, 13.927237920000096 ], [ 120.77471652700001, 13.926751909000131 ], [ 120.773836194000069, 13.926906792000068 ], [ 120.773675613000023, 13.927349193000168 ], [ 120.772652780000044, 13.927832796000132 ], [ 120.769061381000142, 13.928914180000049 ], [ 120.763497704000088, 13.929482976000088 ], [ 120.76108027500004, 13.930225962000065 ], [ 120.759031807000042, 13.930271285000174 ], [ 120.756236481000201, 13.931520227000135 ], [ 120.754021740000212, 13.931628326000123 ], [ 120.752472543000181, 13.932224567000162 ], [ 120.752539882000292, 13.932492696000054 ], [ 120.751809267000112, 13.932927604000156 ], [ 120.750546238000197, 13.932853310000041 ], [ 120.750404260000209, 13.93331213800019 ], [ 120.749505558000237, 13.933817574000045 ], [ 120.747530698000105, 13.934259278000184 ], [ 120.746967613000152, 13.933916600000089 ], [ 120.746834600000057, 13.934375265000085 ], [ 120.745926876000112, 13.934330228000022 ], [ 120.745689014000163, 13.93465170800016 ], [ 120.745801795000148, 13.935519518000035 ], [ 120.742832940000085, 13.936288241000113 ], [ 120.740089275000173, 13.936021845000084 ], [ 120.736582121000083, 13.93380569600015 ], [ 120.732850567000014, 13.932420565000029 ], [ 120.731257288000052, 13.930947680000088 ], [ 120.728715166000256, 13.927006150000125 ], [ 120.727808690000074, 13.927537691000111 ], [ 120.727456505000077, 13.926840193000146 ], [ 120.727750403000073, 13.926106256000082 ], [ 120.727314553000269, 13.925892933000114 ], [ 120.727643473000171, 13.925553253999965 ], [ 120.727381747000322, 13.925513819 ], [ 120.726280423000162, 13.927414773000066 ], [ 120.725292364000211, 13.928041560000167 ], [ 120.725340354000082, 13.928323251000108 ], [ 120.726386072000082, 13.927417318000039 ], [ 120.7266062650001, 13.927093705000175 ], [ 120.726373659000046, 13.927864855000053 ], [ 120.725708481000083, 13.928305718 ], [ 120.720842018000212, 13.928887618000033 ], [ 120.718957613000043, 13.928718864000075 ], [ 120.716720926000107, 13.928031053000097 ], [ 120.711337263000132, 13.925276386000178 ], [ 120.707733362000113, 13.921860339000034 ], [ 120.703947681000272, 13.916590079000116 ], [ 120.700114622000115, 13.910054949000084 ], [ 120.697848079000096, 13.904227659000071 ], [ 120.697556297000119, 13.90227738700014 ], [ 120.697720275000165, 13.901952016000166 ], [ 120.698327956000071, 13.901907541000128 ], [ 120.698507540000037, 13.901503319000028 ], [ 120.697962519000157, 13.900849948000086 ], [ 120.698164556000052, 13.899779741000089 ], [ 120.697682577000023, 13.899432974999968 ], [ 120.697734302000185, 13.898850995000146 ], [ 120.697355773000027, 13.898585570000137 ], [ 120.6977437070002, 13.898248049000188 ], [ 120.698063457000103, 13.897009746000151 ], [ 120.697799808000127, 13.896446359000151 ], [ 120.698310641000035, 13.896009098000093 ], [ 120.697828700000173, 13.895283343000187 ], [ 120.697507516000087, 13.892656917000124 ], [ 120.697985734000213, 13.891958695000085 ], [ 120.697738011000069, 13.891090367 ], [ 120.698170984000058, 13.88972471500017 ], [ 120.699085289000095, 13.889520315000141 ], [ 120.699028830000202, 13.888382884000066 ], [ 120.699622580000096, 13.886451380000153 ], [ 120.700341179000134, 13.885278749 ], [ 120.700209890000224, 13.884720712000103 ], [ 120.701490584000112, 13.884002998000085 ], [ 120.702005996000139, 13.882836447999978 ], [ 120.703325471000312, 13.882469708000031 ], [ 120.70367236900006, 13.881815478000078 ], [ 120.705275693000203, 13.880569405000074 ], [ 120.707833960000016, 13.879745746000083 ], [ 120.708675335000294, 13.878175825000142 ], [ 120.709792579, 13.878066462000049 ], [ 120.711355918000095, 13.876800993000074 ], [ 120.711988289000146, 13.875551784000152 ], [ 120.712961400000268, 13.874623982000116 ], [ 120.712994073000232, 13.873340011000039 ], [ 120.713615126000036, 13.8731444820001 ], [ 120.714425883000217, 13.871177703000171 ], [ 120.714835639000057, 13.87058208500008 ], [ 120.715044246000161, 13.870684516000154 ], [ 120.714631838000287, 13.870028042000172 ], [ 120.715838696000105, 13.869456181000032 ], [ 120.715734033000103, 13.868022334000159 ], [ 120.715424723000069, 13.867747636000161 ], [ 120.716267561000222, 13.868096001000083 ], [ 120.717283511000232, 13.867273122000142 ], [ 120.717999233000114, 13.865703748000158 ], [ 120.719105418000026, 13.864650190000191 ], [ 120.71969334500011, 13.862825661000159 ], [ 120.719515843000181, 13.862621578000017 ], [ 120.72013477500002, 13.862549023000156 ], [ 120.720679687000029, 13.861897583000086 ], [ 120.720434758000124, 13.861666519000153 ], [ 120.720627620000073, 13.861174770000048 ], [ 120.721247078000033, 13.861043296 ], [ 120.720967804000111, 13.860365933000026 ], [ 120.721127740000043, 13.859454844000027 ], [ 120.722400913000115, 13.858548443000075 ], [ 120.721837677000053, 13.853490836000049 ], [ 120.722273148000113, 13.852526459000103 ], [ 120.722743165000225, 13.852237182000067 ], [ 120.722618038000064, 13.851659657000141 ], [ 120.723055595, 13.850709544000154 ], [ 120.722647788000017, 13.850065095 ], [ 120.722706644000141, 13.84894772500013 ], [ 120.72209749700005, 13.848535859000151 ], [ 120.721881703, 13.847552630000052 ], [ 120.720859437000172, 13.846083621999981 ], [ 120.720954545000041, 13.845644869000012 ], [ 120.720335970000065, 13.845162410000171 ], [ 120.720397790000106, 13.844852975000038 ], [ 120.720101072000034, 13.844875257000126 ], [ 120.719142543000203, 13.843249862 ], [ 120.718775518000143, 13.843336134000026 ], [ 120.718554310000286, 13.84271958700009 ], [ 120.718057251000118, 13.842689588000042 ], [ 120.717905314000063, 13.842158945999984 ], [ 120.716554358000053, 13.841669432000174 ], [ 120.716093899000043, 13.84098712500014 ], [ 120.714929314000074, 13.840755126000033 ], [ 120.713902548000192, 13.840112602000147 ], [ 120.713528285000052, 13.840282809000087 ], [ 120.712101028, 13.839910987000053 ], [ 120.710050630000183, 13.840471744000183 ], [ 120.708938343000227, 13.84112393800018 ], [ 120.708201554000084, 13.841197324000177 ], [ 120.705523922000225, 13.842905509000047 ], [ 120.703332973000215, 13.843668365000099 ], [ 120.703272845000015, 13.8440239520001 ], [ 120.702626487000202, 13.844254760000013 ], [ 120.702733873000057, 13.844456629000149 ], [ 120.702238088000172, 13.844607484999983 ], [ 120.701916441000094, 13.845149976000016 ], [ 120.699412185000028, 13.846059534000119 ], [ 120.699518916000216, 13.846292119000111 ], [ 120.698930722000227, 13.84632206100008 ], [ 120.698217647000092, 13.847065880000116 ], [ 120.698009333000073, 13.846780718000105 ], [ 120.698004862000175, 13.847466850000046 ], [ 120.696437581000055, 13.847801770000046 ], [ 120.695720277000078, 13.84866653 ], [ 120.695242177000296, 13.848498970000037 ], [ 120.695106913000131, 13.84900619300015 ], [ 120.69397373400011, 13.849264478000123 ], [ 120.693608356000027, 13.849507803999984 ], [ 120.693910189, 13.849758809000093 ], [ 120.693509774000063, 13.850477712000156 ], [ 120.691614654000091, 13.85099904000009 ], [ 120.686750443000051, 13.854447919999984 ], [ 120.685527044000196, 13.85463969400007 ], [ 120.684636227000055, 13.854387207000059 ], [ 120.684561594000229, 13.85466355200009 ], [ 120.684076729000026, 13.854696554000157 ], [ 120.68404763, 13.854368741000087 ], [ 120.683574923000037, 13.8543759800001 ], [ 120.683449489000168, 13.855126848000054 ], [ 120.682893404000083, 13.854557908000061 ], [ 120.682815872000219, 13.854892303999975 ], [ 120.68257077200019, 13.854831762000117 ], [ 120.682523967000293, 13.854087513000138 ], [ 120.681986639000115, 13.854425222999964 ], [ 120.681201028000032, 13.854439568000032 ], [ 120.681043901000066, 13.854109943000026 ], [ 120.680851397000083, 13.854431947000023 ], [ 120.680184996000094, 13.854290719000062 ], [ 120.680129887000135, 13.854752940000026 ], [ 120.679718439000339, 13.854280477000088 ], [ 120.679290882000032, 13.854518064000104 ], [ 120.678206866000096, 13.854356669000026 ], [ 120.677998056000206, 13.854661062000048 ], [ 120.677513388000079, 13.854475665000052 ], [ 120.677085890000058, 13.855326191000131 ], [ 120.676145264000183, 13.855499243000054 ], [ 120.675833887000067, 13.855102269000042 ], [ 120.675673955000207, 13.855359160000091 ], [ 120.675114804000032, 13.854961954999965 ], [ 120.674241287000086, 13.855117708000023 ], [ 120.672347927000146, 13.856876858000078 ], [ 120.670988678000072, 13.856350768000084 ], [ 120.670320371000116, 13.857198660000051 ], [ 120.668766015000074, 13.857785353 ], [ 120.668244941000125, 13.857131822000042 ], [ 120.668409978000227, 13.856563400000084 ], [ 120.668831615000045, 13.856445383000164 ], [ 120.668863545000022, 13.856177600000137 ], [ 120.668309982000096, 13.856398579000029 ], [ 120.668250470000316, 13.856730083000116 ], [ 120.667981466000128, 13.856499019000182 ], [ 120.667108399000085, 13.856659144000162 ], [ 120.667980631000091, 13.856745596000053 ], [ 120.668374892000088, 13.857862227000169 ], [ 120.666247150000117, 13.858578020000152 ], [ 120.666217055000061, 13.856863691000115 ], [ 120.666114494000112, 13.8586530500001 ], [ 120.665656672000068, 13.858337955000081 ], [ 120.665382654000041, 13.858616116000064 ], [ 120.664807062000023, 13.858424970000101 ], [ 120.664613871000029, 13.859578507000037 ], [ 120.663396195000018, 13.859290076000093 ], [ 120.660884317000068, 13.855740907000154 ], [ 120.658654832000025, 13.857035992000078 ], [ 120.658484588000192, 13.856717335000099 ], [ 120.657090089, 13.857205221000129 ], [ 120.656415105000065, 13.856525038000086 ], [ 120.655976325000211, 13.85568444900008 ], [ 120.656093192000185, 13.854997505000085 ], [ 120.657716028000209, 13.853931658000079 ], [ 120.65878688500004, 13.853953147000027 ], [ 120.658819720000224, 13.853597180000122 ], [ 120.657344175000048, 13.851998284 ], [ 120.657228364000161, 13.853007164000189 ], [ 120.656567129000109, 13.853303237000034 ], [ 120.65573874100005, 13.853066198000079 ], [ 120.655601644000058, 13.852429671999971 ], [ 120.65607277700019, 13.851755152000123 ], [ 120.655120826000029, 13.851144939 ], [ 120.654574917000105, 13.851224801000058 ], [ 120.65499868400002, 13.851036027000077 ], [ 120.655998268000189, 13.851210292000189 ], [ 120.656262497000057, 13.851827457000184 ], [ 120.656261197000163, 13.851127924000082 ], [ 120.65662824500032, 13.851319711000087 ], [ 120.65660328100023, 13.851034844000026 ], [ 120.654659527000149, 13.851021034000155 ], [ 120.654163576000087, 13.849314795999987 ], [ 120.65627694300008, 13.848289503 ], [ 120.656878965000146, 13.847110072000191 ], [ 120.655455776000053, 13.847283583000092 ], [ 120.655295520000095, 13.848722089000091 ], [ 120.654184225000108, 13.849192420000179 ], [ 120.651431425000055, 13.848380502000168 ], [ 120.651942998000209, 13.847889594000037 ], [ 120.651445301000081, 13.847475026000041 ], [ 120.652091197000118, 13.846731244000125 ], [ 120.653444111000113, 13.846935430000144 ], [ 120.654002378000087, 13.846473602000117 ], [ 120.655034788000194, 13.846449839 ], [ 120.655599754000036, 13.84579764200015 ], [ 120.655840715000181, 13.844844556000169 ], [ 120.655507711000155, 13.841988565 ], [ 120.655730174000041, 13.84145305200002 ], [ 120.655586727000127, 13.841169928000056 ], [ 120.654874205000169, 13.841151666000144 ], [ 120.655311594000182, 13.841003251000018 ], [ 120.655136249000179, 13.840693637000186 ], [ 120.65561596100008, 13.840150215000165 ], [ 120.655591419000189, 13.838287018000074 ], [ 120.655946492000112, 13.837590111000054 ], [ 120.65569251300019, 13.835874094000076 ], [ 120.655269240000052, 13.835531607000121 ], [ 120.65514931600012, 13.835928897000088 ], [ 120.654883806000157, 13.834921165000026 ], [ 120.653770780000059, 13.834278778000112 ], [ 120.654462111000157, 13.832791225 ], [ 120.653963600000225, 13.833654302000127 ], [ 120.653396533000091, 13.833440812000049 ], [ 120.653536996000071, 13.832939877000058 ], [ 120.653140179000047, 13.832694680000088 ], [ 120.651961917000222, 13.832677161000163 ], [ 120.652483644000313, 13.831613329999982 ], [ 120.651538582000285, 13.830731242000184 ], [ 120.651670452000189, 13.829856969000048 ], [ 120.652581318000102, 13.829928103999976 ], [ 120.652937852000036, 13.830260071 ], [ 120.653449200000068, 13.830032054000071 ], [ 120.654570090000107, 13.830869079000138 ], [ 120.654820819000179, 13.831571439000186 ], [ 120.656680381000228, 13.829328747000034 ], [ 120.658284902000219, 13.825987499000178 ], [ 120.659157006000214, 13.825674410000147 ], [ 120.659276826000223, 13.823827029000142 ], [ 120.659560602000056, 13.823123825000039 ], [ 120.659896425000056, 13.823080441000172 ], [ 120.660133414000029, 13.821641944000078 ], [ 120.662060948000317, 13.818471923000061 ], [ 120.664009705000012, 13.81349530000017 ], [ 120.665317336000271, 13.811614641000062 ], [ 120.665553967000051, 13.810787846000153 ], [ 120.666020278000019, 13.810976627 ], [ 120.666064642000151, 13.8106189290001 ], [ 120.666500508000127, 13.810955202000116 ], [ 120.665806949000057, 13.809736901000122 ], [ 120.666259117000095, 13.809759759000087 ], [ 120.666376855000067, 13.809263484000098 ], [ 120.666874045000213, 13.809066954 ], [ 120.666782190000163, 13.808813103999967 ], [ 120.667457685000045, 13.808505351000179 ], [ 120.667704920000119, 13.807580340000129 ], [ 120.66823480100004, 13.807628348000037 ], [ 120.669136432000073, 13.806364041000109 ], [ 120.670322094000085, 13.805618841000125 ], [ 120.670811057000037, 13.80452465400009 ], [ 120.670660955000017, 13.803891598000121 ], [ 120.671312166, 13.803644740000095 ], [ 120.67172613300022, 13.802176712000119 ], [ 120.672565440000085, 13.801145728999984 ], [ 120.673154924000073, 13.798596909000139 ], [ 120.673633231000053, 13.798048145000053 ], [ 120.673279757000159, 13.797425886000156 ], [ 120.672689212000023, 13.797198985000136 ], [ 120.672509963000039, 13.796043796000049 ], [ 120.672201759000131, 13.796195835000105 ], [ 120.672045202000049, 13.795818457000109 ], [ 120.672583336000343, 13.795507255000132 ], [ 120.673407902, 13.793876614000112 ], [ 120.674221396, 13.794062914999984 ], [ 120.675048563000132, 13.792274632999977 ], [ 120.675480804000131, 13.789531464000163 ], [ 120.676147373000276, 13.789206088000014 ], [ 120.675612993000072, 13.785353957000098 ], [ 120.67487600700008, 13.783581640000079 ], [ 120.673380743000166, 13.782251756000164 ], [ 120.67267396900013, 13.780549918000077 ], [ 120.670386540000095, 13.777155758000049 ], [ 120.668725502000029, 13.775640980000162 ], [ 120.666413146000195, 13.772485993000146 ], [ 120.66610378900009, 13.771773440000061 ], [ 120.666501874000232, 13.771664642000133 ], [ 120.666047652000088, 13.771020775000068 ], [ 120.665384984000184, 13.770967498000175 ], [ 120.665126513000018, 13.770324839000182 ], [ 120.663953760000254, 13.76972746500013 ], [ 120.663272526000014, 13.77007321300016 ], [ 120.661629703000244, 13.76863022200007 ], [ 120.659162148000064, 13.76826996200009 ], [ 120.656912266000063, 13.768827627000121 ], [ 120.653461548000223, 13.771217386000046 ], [ 120.652979480000113, 13.770488743999977 ], [ 120.652110513000139, 13.771411733000036 ], [ 120.652437983000027, 13.772678713000062 ], [ 120.651834565000172, 13.773417156000164 ], [ 120.650363728000116, 13.772186792000127 ], [ 120.651819806000276, 13.773443434000058 ], [ 120.646411322000063, 13.783163168999977 ], [ 120.644270566000046, 13.782297755000172 ], [ 120.644260700000132, 13.782314521000103 ], [ 120.646393928000066, 13.783184925 ], [ 120.646137403000012, 13.783956345999968 ], [ 120.641743969000117, 13.790042118000088 ], [ 120.638109403000044, 13.797792542000138 ], [ 120.63733413100033, 13.798426951000124 ], [ 120.637336593000214, 13.797876220000092 ], [ 120.636628930000029, 13.797916182000051 ], [ 120.636426104000066, 13.79873007000009 ], [ 120.636040766000178, 13.79874416399997 ], [ 120.637002886000232, 13.798868969000125 ], [ 120.635176388000104, 13.800268567999979 ], [ 120.63462581000033, 13.800225296000121 ], [ 120.634494252000081, 13.79968497100009 ], [ 120.633782577000147, 13.799526330000049 ], [ 120.633894722000036, 13.799178399000141 ], [ 120.633429125000021, 13.799679130000072 ], [ 120.633009205000235, 13.799148087000106 ], [ 120.633007212000166, 13.799410246000036 ], [ 120.632668042000205, 13.79941920400006 ], [ 120.633210247000193, 13.799793401000045 ], [ 120.633616326000151, 13.799679131000175 ], [ 120.6322707180002, 13.801127005000069 ], [ 120.630823133000035, 13.804499148000104 ], [ 120.631363420000071, 13.804906794999965 ], [ 120.631035671000063, 13.805200051999975 ], [ 120.631082295000169, 13.8058680850001 ], [ 120.631306158000143, 13.805721117000019 ], [ 120.631714231000046, 13.806094769000026 ], [ 120.630578597000067, 13.806348374000152 ], [ 120.631237836000309, 13.806602750000081 ], [ 120.631141907000142, 13.807176041000162 ], [ 120.629467987000339, 13.805785 ], [ 120.629252095000084, 13.807627771000057 ], [ 120.62879857300004, 13.807923658000107 ], [ 120.627179562000265, 13.808150437000108 ], [ 120.625229435000165, 13.807623712000179 ], [ 120.62451051000005, 13.80776352800018 ], [ 120.624182036000093, 13.807940490000078 ], [ 120.624492168000302, 13.808475223000187 ], [ 120.623325743, 13.810577842000157 ], [ 120.622980391000056, 13.810836796999979 ], [ 120.62249424100014, 13.810702873000139 ], [ 120.622018677000028, 13.811369352000099 ], [ 120.621373592000054, 13.811199107000164 ], [ 120.622005410000043, 13.812389108000104 ], [ 120.622032769000157, 13.813462872000116 ], [ 120.621501234000107, 13.814346718000081 ], [ 120.620961327000146, 13.81395404400007 ], [ 120.622146599000303, 13.815812508000022 ], [ 120.62313268000014, 13.816070308000064 ], [ 120.624161020000088, 13.814118888000053 ], [ 120.624649515000101, 13.814438633000123 ], [ 120.625194409000073, 13.814125225000112 ], [ 120.625319667000099, 13.814468679000129 ], [ 120.625927169000079, 13.814349629000048 ], [ 120.626499442000295, 13.81491490000019 ], [ 120.626763501000028, 13.814812731000188 ], [ 120.627327562000119, 13.815689576000182 ], [ 120.62783107100006, 13.815868460000047 ], [ 120.627944052000089, 13.816483811000069 ], [ 120.628364054000031, 13.816502893000063 ], [ 120.628177386000061, 13.816935971000191 ], [ 120.628680899000074, 13.816888270000049 ], [ 120.628785414000049, 13.817052076000095 ], [ 120.628122270000063, 13.817213064999976 ], [ 120.627905890000193, 13.818023137000068 ], [ 120.626994061000119, 13.818133946999978 ], [ 120.626977239000098, 13.818600582000158 ], [ 120.627373689000251, 13.818208611000102 ], [ 120.627818287000082, 13.818250442000135 ], [ 120.628582350000329, 13.819300371000054 ], [ 120.62919055500015, 13.819659817000115 ], [ 120.629465622000225, 13.819436511000106 ], [ 120.629509678000318, 13.819866668000088 ], [ 120.630306358000212, 13.820445187000075 ], [ 120.630267203000017, 13.820851579000134 ], [ 120.630830113000115, 13.821117748000063 ], [ 120.630480186000113, 13.821846379000021 ], [ 120.630700459000195, 13.82220048400012 ], [ 120.630196291000061, 13.822671049000064 ], [ 120.629902995000066, 13.822441056000116 ], [ 120.629880972000137, 13.822837942000092 ], [ 120.628897097000049, 13.822531371000025 ], [ 120.628624748000107, 13.82195160800012 ], [ 120.628306217000159, 13.822252442000149 ], [ 120.627904994000119, 13.821946407000155 ], [ 120.628164620000234, 13.82234257500005 ], [ 120.627577583000061, 13.82263590499997 ], [ 120.628114815000117, 13.823255554000184 ], [ 120.627434173000097, 13.823733024999967 ], [ 120.628240232000053, 13.824712859000044 ], [ 120.627831006000179, 13.825045598000145 ], [ 120.627325637000013, 13.824813398000117 ], [ 120.627340427000036, 13.825158107000107 ], [ 120.627034739000123, 13.825026447000084 ], [ 120.62694865900005, 13.825314569000113 ], [ 120.626100001000054, 13.824717239000051 ], [ 120.625658726000211, 13.82486804500013 ], [ 120.625616824000076, 13.82414990400008 ], [ 120.624955274000058, 13.823610556000062 ], [ 120.624782705000143, 13.823979199000121 ], [ 120.624186129000122, 13.823718266000071 ], [ 120.622966969000117, 13.822585141000047 ], [ 120.622816441000168, 13.821690839000098 ], [ 120.622096566000209, 13.821541358000104 ], [ 120.622460057000126, 13.822757251000098 ], [ 120.622180196000159, 13.823288706000085 ], [ 120.622960144000217, 13.823691194000162 ], [ 120.622722380000027, 13.824410225000065 ], [ 120.623572939000042, 13.824573869000119 ], [ 120.624011328000165, 13.82509874200008 ], [ 120.623923399000091, 13.825890591000132 ], [ 120.624443997000185, 13.826047817000187 ], [ 120.623542947000033, 13.827308121000044 ], [ 120.622475005000297, 13.827160068000126 ], [ 120.622298942000043, 13.827497284000117 ], [ 120.622969381000189, 13.828139846 ], [ 120.623393683000131, 13.829308824000123 ], [ 120.623209871000199, 13.829899479 ], [ 120.623827299000141, 13.83021760000014 ], [ 120.624175980000132, 13.831032739000023 ], [ 120.623337238000317, 13.832057834000182 ], [ 120.622986661000027, 13.831792867 ], [ 120.620619408000152, 13.831636452000112 ], [ 120.620822666000095, 13.833150366000154 ], [ 120.62108417200011, 13.833801996000091 ], [ 120.621484895000094, 13.833816858000034 ], [ 120.621333287000198, 13.834860035000133 ], [ 120.619587590000037, 13.83489610800018 ], [ 120.618857313000149, 13.834485993999976 ], [ 120.618900164000024, 13.834211049999965 ], [ 120.618182936000039, 13.834668678000185 ], [ 120.618061050000051, 13.835449974000028 ], [ 120.618886312000086, 13.835663435000185 ], [ 120.61936108000009, 13.836268596000082 ], [ 120.618553401000213, 13.838855449000107 ], [ 120.619190076000223, 13.839393892000032 ], [ 120.61904103000029, 13.840094580000084 ], [ 120.619861962000186, 13.842583336000132 ], [ 120.622801683000148, 13.844888609000179 ], [ 120.624031326000022, 13.846401085000082 ], [ 120.623464421000108, 13.847369070000127 ], [ 120.623241212000039, 13.847286720000056 ], [ 120.62328586200033, 13.847763506000092 ], [ 120.622986763000199, 13.847771957000191 ], [ 120.623136323000153, 13.84843295100012 ], [ 120.622339470000043, 13.848565161000067 ], [ 120.621691920000103, 13.84800819600008 ], [ 120.621618267000144, 13.848547830000143 ], [ 120.620756680000113, 13.848641028000031 ], [ 120.621319171000096, 13.848973975000149 ], [ 120.621484353000028, 13.849827853000079 ], [ 120.620785703000138, 13.849617639000087 ], [ 120.62004253900011, 13.850331592000146 ], [ 120.619609511000021, 13.850244904000078 ], [ 120.620471104000103, 13.850684844000057 ], [ 120.621201383000084, 13.851550101000157 ], [ 120.621770573000276, 13.851599943000167 ], [ 120.622465268000155, 13.852367782000044 ], [ 120.622229226000172, 13.854011030000095 ], [ 120.623133043000053, 13.85471100400008 ], [ 120.623440550000169, 13.856162740000116 ], [ 120.622487121000063, 13.857289715000036 ], [ 120.62294741200003, 13.859178515000167 ], [ 120.622763687000202, 13.859544776000178 ], [ 120.623020906000079, 13.859770094000169 ], [ 120.62288530100011, 13.860922212000105 ], [ 120.622056857000189, 13.861518533000151 ], [ 120.622014397000044, 13.862341791000063 ], [ 120.621277543000019, 13.862899828000138 ], [ 120.621110742000155, 13.863339882000162 ], [ 120.621402639000053, 13.863635637000186 ], [ 120.620452599000146, 13.864286915000093 ], [ 120.620484826000052, 13.865249073000086 ], [ 120.618671175000031, 13.866312779000168 ], [ 120.617921914000249, 13.866441792000103 ], [ 120.617604634000145, 13.866160150999974 ], [ 120.617616092000162, 13.86655053800007 ], [ 120.617273421000164, 13.866677267000114 ], [ 120.617634186000032, 13.868313512999976 ], [ 120.619260054000165, 13.870775218000176 ], [ 120.619804175000127, 13.87239711400008 ], [ 120.620420161000084, 13.87266980600009 ], [ 120.62005364900017, 13.873126308000053 ], [ 120.619758647000253, 13.873055146000183 ], [ 120.6198498440001, 13.874444880000055 ], [ 120.619418966000126, 13.874994644000083 ], [ 120.61974400400004, 13.875979951000147 ], [ 120.619579523000198, 13.876605516000154 ], [ 120.619897775000027, 13.876966545000073 ], [ 120.6181345130002, 13.877643005000095 ], [ 120.618219708000197, 13.878879293000068 ], [ 120.61794615600013, 13.879319374000147 ], [ 120.618155344000229, 13.879510303000018 ], [ 120.617822221000097, 13.879806899000073 ], [ 120.617519148000156, 13.879635659000087 ], [ 120.617383791000066, 13.881560016000094 ], [ 120.61666260100003, 13.882080655000095 ], [ 120.61720613600005, 13.882630998000081 ], [ 120.618066085, 13.881492320000177 ], [ 120.618166124000027, 13.883885537000026 ], [ 120.618898755000032, 13.885585007000145 ], [ 120.618239353000149, 13.888563088000069 ], [ 120.619018829000197, 13.889724336000029 ], [ 120.61887297300018, 13.890205620000074 ], [ 120.620111101000134, 13.891429556000105 ], [ 120.620530435000205, 13.891479111000024 ], [ 120.621565813000075, 13.892778951000082 ], [ 120.622262971000168, 13.892989877000161 ], [ 120.622815065000054, 13.89366105199997 ], [ 120.622650383000064, 13.893883482000092 ], [ 120.625112905000037, 13.895095900000058 ], [ 120.625712017000069, 13.895839 ], [ 120.625086687000021, 13.896205098000166 ], [ 120.625707166000097, 13.896713437000017 ], [ 120.624661753000055, 13.897102717999985 ], [ 120.624846027000217, 13.89785362300006 ], [ 120.624177710000026, 13.897728527000027 ], [ 120.623998786000016, 13.89848819000008 ], [ 120.623330478000071, 13.898627223000119 ], [ 120.623387781000019, 13.899379286000055 ], [ 120.622834977000025, 13.900925402000098 ], [ 120.621481283000321, 13.90140762700014 ], [ 120.622452224000085, 13.902547241000093 ], [ 120.622924726000292, 13.902599990000112 ], [ 120.622638861000041, 13.902799258000073 ], [ 120.622967250000102, 13.902902458000085 ], [ 120.622773523000092, 13.903342770000108 ], [ 120.623472825000249, 13.904050218 ], [ 120.62341139800003, 13.904729032000034 ], [ 120.624247790000027, 13.905271920000018 ], [ 120.623711145000129, 13.905841851000048 ], [ 120.623412843000096, 13.907921360000046 ], [ 120.622810299000321, 13.908792041000027 ], [ 120.62240668000004, 13.911073296000041 ], [ 120.621317483000098, 13.91215209600017 ], [ 120.619908897000073, 13.91217333100002 ], [ 120.620131774000129, 13.911901091000061 ], [ 120.619703165000146, 13.911697801000116 ], [ 120.619811964000178, 13.911065326000141 ], [ 120.61831216600001, 13.912480167000012 ], [ 120.618607171, 13.912475474000075 ], [ 120.619010779000064, 13.913302871000042 ], [ 120.619457749000048, 13.914963658999966 ], [ 120.619051323, 13.915029824000044 ], [ 120.619646086000103, 13.915915083000186 ], [ 120.619600277000131, 13.917473853000047 ], [ 120.619101919000059, 13.918366436999975 ], [ 120.619503627000086, 13.918465498000103 ], [ 120.619451985000069, 13.918965514999968 ], [ 120.619603507000079, 13.918683737000151 ], [ 120.619925062000107, 13.918860359000178 ], [ 120.619932540000036, 13.91928860600018 ], [ 120.619710692000126, 13.919066014000066 ], [ 120.6196483760001, 13.919407161000095 ], [ 120.620169344000033, 13.919312800000057 ], [ 120.620541929000069, 13.919786058000113 ], [ 120.621240854000234, 13.919890378000048 ], [ 120.620500678000099, 13.920359137 ], [ 120.620238988000096, 13.92200400300004 ], [ 120.61981672100012, 13.921839117000104 ], [ 120.619979668000155, 13.921556830999975 ], [ 120.619127856000205, 13.921674611000128 ], [ 120.618996809000123, 13.922072695000054 ], [ 120.617995330000099, 13.922624015 ], [ 120.617999871000052, 13.923306541000159 ], [ 120.618429097000217, 13.922960758000045 ], [ 120.618494982000016, 13.923578197000097 ], [ 120.618925860000218, 13.923783275000176 ], [ 120.619280278000019, 13.923582607000071 ], [ 120.619366611000146, 13.923871480000116 ], [ 120.619857339000077, 13.923679632000017 ], [ 120.619921500000146, 13.924057846000096 ], [ 120.620319083000254, 13.923899075000179 ], [ 120.620519012000045, 13.924146049000171 ], [ 120.620580366000127, 13.925999773000058 ], [ 120.620134312000118, 13.927038273000051 ], [ 120.620651827000074, 13.929296321000152 ], [ 120.620295449000082, 13.930134310000142 ], [ 120.619164695000109, 13.931233897000084 ], [ 120.618433763000098, 13.931692564000116 ], [ 120.617710076000094, 13.931672652000032 ], [ 120.617484321, 13.932337722 ], [ 120.617002285000126, 13.932056349999982 ], [ 120.616391478000082, 13.932373993000056 ], [ 120.616330853000136, 13.9328055470001 ], [ 120.616948410000191, 13.933253893000028 ], [ 120.616753044, 13.93344133700009 ], [ 120.617498592000061, 13.933421710000175 ], [ 120.616782240000134, 13.933600444000035 ], [ 120.617155021000144, 13.933923012000093 ], [ 120.616831655000055, 13.934265531999984 ], [ 120.616870451000068, 13.935175763000075 ], [ 120.617294014000208, 13.935721697000133 ], [ 120.616847166000184, 13.93583132700013 ], [ 120.616934002000221, 13.936238303000096 ], [ 120.6166714000002, 13.936389202000043 ], [ 120.617202963000182, 13.936428247000151 ], [ 120.617529656000102, 13.937172752000038 ], [ 120.617192914000157, 13.937814220000178 ], [ 120.615719334000119, 13.93882236200011 ], [ 120.61437272500018, 13.938518256000179 ], [ 120.614451657000131, 13.938269854000055 ], [ 120.613647966000144, 13.938423076999982 ], [ 120.613478239000187, 13.939034801000162 ], [ 120.612335450000046, 13.939698387000021 ], [ 120.612932243000159, 13.940770997000129 ], [ 120.612608420000129, 13.942575794000163 ], [ 120.613386879000132, 13.944233246000124 ], [ 120.614043309000067, 13.944435524000028 ], [ 120.613745597000161, 13.944956158000082 ], [ 120.614179304000231, 13.946041199000092 ], [ 120.618848711000282, 13.951393596000173 ], [ 120.618704914000205, 13.954810436000116 ], [ 120.617228599000214, 13.957136896 ], [ 120.616111975000194, 13.960642397000072 ], [ 120.613792688000217, 13.961789214000021 ], [ 120.609936228000151, 13.962879632000181 ], [ 120.608064459000047, 13.964779606000036 ], [ 120.60634433600012, 13.965066522000143 ], [ 120.605155885000158, 13.966161755000087 ], [ 120.604795125000123, 13.966120152000087 ], [ 120.604939788000138, 13.967975324000122 ], [ 120.604159873000299, 13.970723466000095 ], [ 120.604129292000039, 13.972048830000176 ], [ 120.603768958000046, 13.972236075000126 ], [ 120.603742171000022, 13.973091084999965 ], [ 120.603274831000135, 13.973246771999982 ], [ 120.602723885000159, 13.974083583000038 ], [ 120.603037521000033, 13.977902255000174 ], [ 120.603240214000152, 13.978511730000037 ], [ 120.604037794000078, 13.979220069000121 ], [ 120.604650570000103, 13.978556459000117 ], [ 120.604717363000077, 13.977493177000042 ], [ 120.607166291000226, 13.976260500000137 ], [ 120.607325762000187, 13.975162458000057 ], [ 120.608041748000232, 13.974275986000066 ], [ 120.608474383000043, 13.97265383600012 ], [ 120.609298372000126, 13.971746851000148 ], [ 120.61027135400002, 13.971276856000088 ], [ 120.611323382000023, 13.969898142000034 ], [ 120.611676392000049, 13.969928453000136 ], [ 120.611938187000305, 13.969086284000184 ], [ 120.611659641000188, 13.968676120000168 ], [ 120.61208507300023, 13.968243548000089 ], [ 120.612951326000029, 13.968068340000173 ], [ 120.613937965000218, 13.967386829000191 ], [ 120.614557535000017, 13.967765008000129 ], [ 120.615434970000024, 13.967609568000057 ], [ 120.615380740000091, 13.967836788 ], [ 120.616771465000056, 13.967920537999987 ], [ 120.617025309000041, 13.96869681600009 ], [ 120.617996180000205, 13.969421804000035 ], [ 120.619940107000161, 13.969259189000184 ], [ 120.620629541000199, 13.968829376000087 ], [ 120.621284886000012, 13.969106381000188 ], [ 120.622301816000117, 13.968386905000159 ], [ 120.624447420000024, 13.968672222 ], [ 120.624445090000108, 13.969204007000087 ], [ 120.625152852000042, 13.968729266000139 ], [ 120.62628533200018, 13.969567251000115 ], [ 120.625726155000052, 13.970015404000151 ], [ 120.625816750000126, 13.970763097000088 ], [ 120.625227616000075, 13.970811541000046 ], [ 120.625025407000066, 13.971412312999973 ], [ 120.626308552000182, 13.971209651000095 ], [ 120.626512518000141, 13.970659074000139 ], [ 120.62699289000011, 13.970955680000145 ], [ 120.627459585000111, 13.97190597000008 ], [ 120.627440394000018, 13.972787910000022 ], [ 120.626998399000286, 13.973070300000131 ], [ 120.627724730000068, 13.973967583000046 ], [ 120.628036027, 13.973813189000055 ], [ 120.629795804000196, 13.974980935000019 ], [ 120.630569644000275, 13.976095098000144 ], [ 120.630663207000111, 13.977822144000186 ], [ 120.630453328000044, 13.978424188000076 ], [ 120.629468847000226, 13.978663693000101 ], [ 120.629580031000046, 13.979278776000115 ], [ 120.63005242700001, 13.980585013000109 ], [ 120.631941252000047, 13.98217095900003 ], [ 120.632224381000015, 13.98306994700016 ], [ 120.632051372000092, 13.984308782000085 ], [ 120.630262619000177, 13.986427969000033 ], [ 120.630194543000016, 13.986969983000108 ], [ 120.628605828000104, 13.988611837000064 ], [ 120.628496352000184, 13.988176070000122 ], [ 120.627081857000121, 13.988806414000067 ], [ 120.626725610000221, 13.989358122000056 ], [ 120.626976955000146, 13.989594894000106 ], [ 120.626508449000085, 13.989813813000012 ], [ 120.626323605000039, 13.99125986700011 ], [ 120.625288276000106, 13.992373836000183 ], [ 120.625179520000188, 13.99291327300017 ], [ 120.624742019000109, 13.992575550000026 ], [ 120.624589772000036, 13.993961627000033 ], [ 120.624101261000078, 13.994391558000189 ], [ 120.623570917000052, 13.994382038000083 ], [ 120.623331146000169, 13.995410587000038 ], [ 120.622744329000056, 13.995436802000143 ], [ 120.622754160000227, 13.996149145 ], [ 120.623339041, 13.996106657000041 ], [ 120.624214042000062, 13.99707568700012 ], [ 120.624410466000086, 13.996968475000131 ], [ 120.625463835000119, 13.999081380000064 ], [ 120.625318745000072, 13.999412513000038 ], [ 120.626059597000108, 14.000363520000121 ], [ 120.626675719000104, 14.002145569000049 ], [ 120.626351709000119, 14.00373059900005 ], [ 120.626584080000043, 14.003862021000089 ], [ 120.625832288000197, 14.003800460999969 ], [ 120.622841232000155, 14.005859840000142 ], [ 120.622243319000177, 14.005381001000046 ], [ 120.622364516000175, 14.005986783000083 ], [ 120.621063115000197, 14.006734294000182 ], [ 120.619970876000139, 14.00630487300009 ], [ 120.619932006000113, 14.005825865000077 ], [ 120.618000680000023, 14.006949842000097 ], [ 120.616751251000096, 14.00937782900013 ], [ 120.616694550000148, 14.011344296000061 ], [ 120.615469627000152, 14.012397763000081 ], [ 120.616593393000016, 14.013727351000114 ], [ 120.617030330000034, 14.015193843000134 ], [ 120.619877263000149, 14.017042731000174 ], [ 120.62006999800019, 14.017734858000154 ], [ 120.619414068000083, 14.019889598000077 ], [ 120.61896783900022, 14.02023494000008 ], [ 120.618005925000034, 14.020251790000032 ], [ 120.618870608000066, 14.020694944000127 ], [ 120.618627525000079, 14.020662938000157 ], [ 120.619117180000217, 14.023041312000089 ], [ 120.618347989000085, 14.023520013 ], [ 120.619238727000038, 14.023634560000175 ], [ 120.619626347, 14.025492538000037 ], [ 120.618588855000098, 14.025638000000185 ], [ 120.618623586000012, 14.026553230000047 ], [ 120.617275170000198, 14.028405900000052 ], [ 120.615930554000329, 14.028274371000123 ], [ 120.615672881000023, 14.028693921000183 ], [ 120.615966160000085, 14.02969944400013 ], [ 120.615269316000195, 14.031023933000029 ], [ 120.614579050000089, 14.03132709 ], [ 120.614309946000049, 14.032535166000116 ], [ 120.614704281000058, 14.033238324000024 ], [ 120.61574483600009, 14.032682547000149 ], [ 120.618044825000197, 14.033528205000152 ], [ 120.617960847000177, 14.03376377100011 ], [ 120.618405127000187, 14.033810750000157 ], [ 120.622186702000022, 14.038398900000175 ], [ 120.624015741000107, 14.057816508000087 ], [ 120.625199283000143, 14.058877355 ], [ 120.624653864000038, 14.060201501000165 ], [ 120.624335084000109, 14.060278367000137 ], [ 120.624976984000114, 14.063746114000082 ], [ 120.624674848000154, 14.072654521000061 ], [ 120.623666180000214, 14.077129259000117 ], [ 120.623378877000164, 14.08009454200004 ], [ 120.622539518000053, 14.08199469200008 ], [ 120.621195574000012, 14.082974026000102 ], [ 120.620344792000196, 14.082054721000134 ], [ 120.620379305000142, 14.081675953000058 ], [ 120.620097780000151, 14.081686520000119 ], [ 120.620041469000057, 14.082192131000113 ], [ 120.621639162000179, 14.083619028000157 ], [ 120.621599199000116, 14.084659681 ], [ 120.622671689000072, 14.08534382300013 ], [ 120.622113321000029, 14.085877191000066 ], [ 120.62085369600004, 14.085349045000044 ], [ 120.620161573000019, 14.084506895000175 ], [ 120.619877632000112, 14.083329937000144 ], [ 120.619228926, 14.082974507000017 ], [ 120.617373831000123, 14.08475992100017 ], [ 120.617063258000258, 14.085928745000047 ], [ 120.617158946000018, 14.089760138000088 ], [ 120.617564038000296, 14.089983629000187 ], [ 120.618135211000094, 14.089636609000081 ], [ 120.619133774000147, 14.089951998000117 ], [ 120.618940464000161, 14.090133254000023 ], [ 120.620445112000084, 14.091711040000177 ], [ 120.62091362200033, 14.09274603 ], [ 120.621023214000161, 14.093383611000093 ], [ 120.620484180000176, 14.093492860000026 ], [ 120.620453102000056, 14.093765928000039 ], [ 120.620911982000052, 14.094085095000082 ], [ 120.621301386000141, 14.093760602000145 ], [ 120.621858128000326, 14.094342250000125 ], [ 120.621697951000101, 14.094557430000179 ], [ 120.622212604000197, 14.095997774000125 ], [ 120.622138807000056, 14.096731246000047 ], [ 120.620561723000264, 14.098186440000063 ], [ 120.620034843000212, 14.098227769000175 ], [ 120.619211690000043, 14.097781182000062 ], [ 120.618299579000109, 14.097711389999972 ], [ 120.62003634500013, 14.098340909000115 ], [ 120.619687665000242, 14.098365956000123 ], [ 120.61983710100003, 14.099611099000072 ], [ 120.62208450300011, 14.101652717000036 ], [ 120.621326360000012, 14.102649339999971 ], [ 120.620340442000156, 14.10305371000004 ], [ 120.619786262000162, 14.102935392000063 ], [ 120.619724316000202, 14.102423793000071 ], [ 120.618947152000032, 14.10217253999997 ], [ 120.618632704000106, 14.103000178000059 ], [ 120.618234835000294, 14.102873485000146 ], [ 120.61788559300021, 14.103398261000052 ], [ 120.618292928000074, 14.10406880700009 ], [ 120.621279032000189, 14.105457392000176 ], [ 120.622636015000126, 14.106992577000085 ], [ 120.623648470000148, 14.106996209000044 ], [ 120.624081673000205, 14.10781114700012 ], [ 120.624067468000021, 14.109357846000137 ], [ 120.623665747000018, 14.110546181000132 ], [ 120.622618768000052, 14.111646969999981 ], [ 120.621762345000093, 14.111961560000111 ], [ 120.619842454000036, 14.111801344000128 ], [ 120.62031365200005, 14.112196423000057 ], [ 120.619938282000135, 14.113208396000061 ], [ 120.620248753000169, 14.115007450000064 ], [ 120.620053937000193, 14.115730039000027 ], [ 120.619195398000102, 14.116742787000021 ], [ 120.617111060000298, 14.117894370000158 ], [ 120.61584307000021, 14.118020307 ], [ 120.61494089100006, 14.117695012000183 ], [ 120.614245949000292, 14.116939799000136 ], [ 120.612890021000226, 14.11669768500019 ], [ 120.612276854000015, 14.116299367000067 ], [ 120.612541750000105, 14.115894991 ], [ 120.612228258000073, 14.11548148300011 ], [ 120.612034293000079, 14.116213723000101 ], [ 120.611474822000105, 14.115896628000087 ], [ 120.61128952200022, 14.11514717100016 ], [ 120.611546539000074, 14.115006447000042 ], [ 120.61176507000016, 14.115435438000077 ], [ 120.612305327000172, 14.115186204999986 ], [ 120.610334696000109, 14.114340483000035 ], [ 120.610294489000012, 14.113952287000018 ], [ 120.60927850700034, 14.113816330000077 ], [ 120.607756758000278, 14.114459224000143 ], [ 120.606881308000197, 14.116091514 ], [ 120.60738949600011, 14.117173085000104 ], [ 120.607018780000203, 14.117247546000101 ], [ 120.606649891000075, 14.118272046000129 ], [ 120.606380049000109, 14.118193299000097 ], [ 120.606659442000137, 14.118322996000074 ], [ 120.606518487000017, 14.119471653 ], [ 120.606207855000093, 14.119709479000164 ], [ 120.606918711000162, 14.119388068000092 ], [ 120.606960122000146, 14.120938671999966 ], [ 120.60594139300008, 14.120679118000169 ], [ 120.605041891000269, 14.12114011500006 ], [ 120.604485308000108, 14.120718490000058 ], [ 120.603667374000111, 14.121260564000124 ], [ 120.598311088000173, 14.122037608000142 ], [ 120.596501053000111, 14.121068388000083 ], [ 120.596886389000019, 14.119603352000183 ], [ 120.596246719000192, 14.118901989000108 ], [ 120.594833649000293, 14.11850734899997 ], [ 120.592791556000179, 14.119448360000149 ], [ 120.592610569000044, 14.119894242999976 ], [ 120.592264358000079, 14.119916125000032 ], [ 120.592340160000163, 14.120449768000015 ], [ 120.590745869000102, 14.121355979000157 ], [ 120.590267821000225, 14.122173789000101 ], [ 120.59062770100013, 14.121909188000188 ], [ 120.591801904000022, 14.122496121000154 ], [ 120.591600013000061, 14.124073997000153 ], [ 120.591872211, 14.127213561000019 ], [ 120.590916357000197, 14.127972292000038 ], [ 120.589947923000182, 14.128024268000047 ], [ 120.590861186000325, 14.128524454000058 ], [ 120.592135930000154, 14.128679756000111 ], [ 120.593024440000136, 14.128315619000091 ], [ 120.595367082000166, 14.128398194000056 ], [ 120.595721996000179, 14.129415322000057 ], [ 120.59608636300004, 14.129573631000085 ], [ 120.595415371000286, 14.12989856400003 ], [ 120.59658891000015, 14.130061446000013 ], [ 120.596152479000011, 14.130368905000182 ], [ 120.595724233000055, 14.130306964000113 ], [ 120.595360372000073, 14.130672893999986 ], [ 120.593465736000212, 14.130165563000048 ], [ 120.59179623100033, 14.130933240000047 ], [ 120.591208309000194, 14.130771690000188 ], [ 120.591134383000281, 14.131093110000108 ], [ 120.590545407000036, 14.130813304000071 ], [ 120.589249847000019, 14.131109218000063 ], [ 120.589085323000063, 14.130713797999988 ], [ 120.589848374000212, 14.13062594400003 ], [ 120.589714847000096, 14.130327644000033 ], [ 120.589060277000272, 14.130703113000095 ], [ 120.588987522000025, 14.130945523999969 ], [ 120.588427993000209, 14.13045452800003 ], [ 120.589830138000139, 14.12969225400002 ], [ 120.58800636300009, 14.130552823000073 ], [ 120.587286246000303, 14.130199010000069 ], [ 120.587031248000017, 14.129194505000157 ], [ 120.586404968000011, 14.128985398000168 ], [ 120.586431486000151, 14.129268379000052 ], [ 120.584891669000172, 14.13043965900016 ], [ 120.583832020000159, 14.130215391999968 ], [ 120.583208666000246, 14.129567209000072 ], [ 120.58283639800004, 14.129795108 ], [ 120.582836021000048, 14.130560062000086 ], [ 120.582083969000223, 14.130789776000086 ], [ 120.581468063000216, 14.130331188000127 ], [ 120.581283460000122, 14.130947036000123 ], [ 120.580434615000172, 14.131405902000097 ], [ 120.578515816000277, 14.130719559000056 ], [ 120.575777211000059, 14.130691620000107 ], [ 120.575807277000081, 14.131021626000063 ], [ 120.576997703000188, 14.131677002000117 ], [ 120.578921949000232, 14.131832721000137 ], [ 120.578919101000338, 14.133196994000116 ], [ 120.577779950000149, 14.133577443000092 ], [ 120.57768089700005, 14.134390344999986 ], [ 120.576752088000035, 14.134784534 ], [ 120.574614415000156, 14.134598985000025 ], [ 120.573501796000187, 14.135099561000061 ], [ 120.571546131000105, 14.134353627000166 ], [ 120.568341817000032, 14.13451988800017 ], [ 120.571685094000031, 14.136260610000136 ], [ 120.572849190000056, 14.135718329000099 ], [ 120.574902842000142, 14.136624209999979 ], [ 120.57610034400011, 14.13650441700014 ], [ 120.576906693000069, 14.135952030000169 ], [ 120.57811424700003, 14.135890532000076 ], [ 120.579517492000036, 14.134783211000183 ], [ 120.57986981800002, 14.135057129000131 ], [ 120.580436602000077, 14.134350894000022 ], [ 120.581133284000089, 14.134243137000055 ], [ 120.582191891000093, 14.134643212000071 ], [ 120.582909657000073, 14.134214210000096 ], [ 120.583498751000207, 14.134632189000115 ], [ 120.584563631000037, 14.13477371 ], [ 120.584661995000147, 14.135644353000032 ], [ 120.585361902000045, 14.135804569000129 ], [ 120.586364454000091, 14.13547867200009 ], [ 120.58645729400007, 14.135745125000028 ], [ 120.586462854000047, 14.135480469000129 ], [ 120.587576752000018, 14.135235579000152 ], [ 120.587277835, 14.135179778000065 ], [ 120.587252725000099, 14.134591319000094 ], [ 120.588235053000062, 14.134591283000134 ], [ 120.58945256700008, 14.13504892800006 ], [ 120.590512230000058, 14.134134760000109 ], [ 120.59165852600006, 14.134209682000062 ], [ 120.59258302100011, 14.133044563000055 ], [ 120.593273231000012, 14.133070715000088 ], [ 120.594410866000089, 14.133770452000135 ], [ 120.594856596000113, 14.134985171000039 ], [ 120.594750786000077, 14.135291463000158 ], [ 120.594197559000122, 14.135176773000069 ], [ 120.593208637000316, 14.135485711000058 ], [ 120.594335459000149, 14.135280718000047 ], [ 120.594836132000069, 14.135484592000012 ], [ 120.593282955000063, 14.136505754000154 ], [ 120.593048856000109, 14.137135012000158 ], [ 120.593380653000168, 14.137685556000065 ], [ 120.592962175000025, 14.138472722000188 ], [ 120.592435981000335, 14.139078664000067 ], [ 120.592368976000216, 14.13872741400013 ], [ 120.591010706000134, 14.138651023000079 ], [ 120.588927180000042, 14.139391040000135 ], [ 120.588767444000155, 14.140055778999965 ], [ 120.589379912000027, 14.140490538000165 ], [ 120.588851565000027, 14.141955710000047 ], [ 120.586197423000044, 14.142211528000075 ], [ 120.586151702000052, 14.142553681000095 ], [ 120.586608743000284, 14.142970313999967 ], [ 120.586153514000216, 14.14289319400018 ], [ 120.586541078000096, 14.143435695000051 ], [ 120.586243077000063, 14.14337363400017 ], [ 120.586364823000054, 14.14370179600013 ], [ 120.588074390000315, 14.144048253999983 ], [ 120.588442719000113, 14.143883706000054 ], [ 120.588311920000251, 14.143608945000153 ], [ 120.590538832000107, 14.142620653000108 ], [ 120.59403872900009, 14.142245996000099 ], [ 120.596215427000061, 14.142629480000039 ], [ 120.596793672000217, 14.142548532000092 ], [ 120.597027284000205, 14.142086251000137 ], [ 120.598799891000226, 14.143154170000116 ], [ 120.601906772, 14.142314974000101 ], [ 120.603185739000196, 14.142917284000021 ], [ 120.604804616000138, 14.142833919000168 ], [ 120.606603110000037, 14.141819682000175 ], [ 120.60827973500011, 14.14259381100004 ], [ 120.608680604000028, 14.143395525000074 ], [ 120.609316218000345, 14.143238683000106 ], [ 120.609724438000057, 14.144563998000024 ], [ 120.609875118000105, 14.147762415000102 ], [ 120.608472861000109, 14.152656736000154 ], [ 120.607233526000186, 14.154387111000062 ], [ 120.606228060000149, 14.154943898 ], [ 120.604864221000184, 14.155158806000031 ], [ 120.604785300000117, 14.155714760000023 ], [ 120.604302357000051, 14.155783765000137 ], [ 120.603609212000151, 14.153587389000108 ], [ 120.602916580000056, 14.153712923000057 ], [ 120.601515231, 14.155275376000077 ], [ 120.600874426000019, 14.155138700000123 ], [ 120.598665491000133, 14.155810668000129 ], [ 120.598024359000192, 14.155641134000177 ], [ 120.597917180000081, 14.154958234000162 ], [ 120.597331273, 14.154490881000129 ], [ 120.594746932000135, 14.154113722000091 ], [ 120.59434684200005, 14.154227829000035 ], [ 120.594412735000105, 14.154856136000035 ], [ 120.593906982000135, 14.155227197000102 ], [ 120.592529734000209, 14.154912990000128 ], [ 120.591499629000168, 14.155239498000128 ], [ 120.592227101000276, 14.156573426000023 ], [ 120.591218691000336, 14.157120902000031 ], [ 120.591398134000201, 14.156737425000188 ], [ 120.590546068000208, 14.157480799000041 ], [ 120.588685787000031, 14.156981047000102 ], [ 120.586348308000197, 14.157291316000112 ], [ 120.585032287000104, 14.156996890000073 ], [ 120.587095944000225, 14.15981537600004 ], [ 120.586324663000028, 14.160734219000119 ], [ 120.585849081000106, 14.160614972000133 ], [ 120.586269066000341, 14.161344287000134 ], [ 120.586343206000038, 14.161370590000104 ], [ 120.58634502100017, 14.161197007000055 ], [ 120.586484265000081, 14.161114604000034 ], [ 120.587817795000319, 14.16153194900005 ], [ 120.589724518000253, 14.160979692000069 ], [ 120.591557057000045, 14.160915087000149 ], [ 120.592024375000051, 14.160495298000171 ], [ 120.593953602000056, 14.161614209999982 ], [ 120.594917741000017, 14.161708954 ], [ 120.595762580000155, 14.161304261000055 ], [ 120.59661316200004, 14.162103328000171 ], [ 120.596706675000064, 14.163164482000013 ], [ 120.596360708000134, 14.163686754000082 ], [ 120.595879083000113, 14.163751574000116 ], [ 120.59619165200013, 14.163826260000064 ], [ 120.596079608000082, 14.164085487000136 ], [ 120.594628434000128, 14.164453603000027 ], [ 120.594188631000065, 14.163870435000092 ], [ 120.593675496000174, 14.16438727700006 ], [ 120.592147075000071, 14.164396714000191 ], [ 120.591745317000232, 14.165104469000028 ], [ 120.589246370000296, 14.165669741000102 ], [ 120.589091888000098, 14.166596856000183 ], [ 120.590662516000066, 14.167301693000127 ], [ 120.590475438000226, 14.1684458470001 ], [ 120.589279276000184, 14.168649574000028 ], [ 120.588693177000096, 14.169316577000018 ], [ 120.586608656000067, 14.168889784000157 ], [ 120.58637485600002, 14.168576942000016 ], [ 120.585918290000109, 14.169496109000136 ], [ 120.584565135000162, 14.169655472000102 ], [ 120.583471645000031, 14.16946173700012 ], [ 120.583004868000103, 14.168642174000126 ], [ 120.581863617000067, 14.167851800000051 ], [ 120.581609670000148, 14.167158997000058 ], [ 120.580304390000151, 14.167643588000089 ], [ 120.57883001800019, 14.167481176000138 ], [ 120.578170053, 14.167790729000103 ], [ 120.579155109000112, 14.168355570000188 ], [ 120.578594072000215, 14.169246020000173 ], [ 120.577521084000068, 14.170081245000063 ], [ 120.576440199000217, 14.169697961000168 ], [ 120.575675359000229, 14.170283024000128 ], [ 120.575412438000058, 14.170900767000035 ], [ 120.57631376400002, 14.171865567999987 ], [ 120.5784473450002, 14.171640579000098 ], [ 120.579730030000064, 14.172066128999973 ], [ 120.580056893, 14.172310425000148 ], [ 120.579135096000186, 14.172634043000073 ], [ 120.579433312000333, 14.172939629000155 ], [ 120.579961993000097, 14.172666927000137 ], [ 120.580278891000034, 14.172192631000144 ], [ 120.580085729000075, 14.172020123000095 ], [ 120.580685558000027, 14.172227143000157 ], [ 120.581336050000232, 14.171957727000063 ], [ 120.580971750000117, 14.171604497000146 ], [ 120.581371640000157, 14.171678438000129 ], [ 120.581818952000049, 14.172665819000031 ], [ 120.581480065000164, 14.172480166000071 ], [ 120.58143705700013, 14.172765007000066 ], [ 120.582057220000024, 14.173310458000174 ], [ 120.583830763000151, 14.173532183000134 ], [ 120.584437997000123, 14.173327764000021 ], [ 120.585396604000266, 14.173630444000025 ], [ 120.585437083000329, 14.174145597000063 ], [ 120.586403288000042, 14.174533028999974 ], [ 120.586676540000099, 14.175548616000071 ], [ 120.58799486800001, 14.175288587000182 ], [ 120.588255513000149, 14.175662036000062 ], [ 120.588598394000201, 14.175250168000105 ], [ 120.589503923000052, 14.175579027000026 ], [ 120.589582214000075, 14.17515088100015 ], [ 120.590049902000032, 14.17508949300003 ], [ 120.590537719000167, 14.175533133000158 ], [ 120.591417184000193, 14.175627131999988 ], [ 120.592336588000194, 14.17490674600009 ], [ 120.592500600000108, 14.174234722000108 ], [ 120.593109220000201, 14.174286613000049 ], [ 120.593780139000046, 14.173704944000121 ], [ 120.594879803000026, 14.173556474000122 ], [ 120.596055499000158, 14.174056945000018 ], [ 120.596015420000072, 14.174490883000033 ], [ 120.597066267000287, 14.175388783000074 ], [ 120.599920062000024, 14.174836970000172 ], [ 120.600797661000115, 14.175075459000084 ], [ 120.602525151, 14.173785108 ], [ 120.603589191000196, 14.174041656000099 ], [ 120.60450592400025, 14.173850173000176 ], [ 120.605467781000016, 14.174323309000044 ], [ 120.605648938000172, 14.174057446000177 ], [ 120.607126529000084, 14.174792736000086 ], [ 120.606001193000111, 14.176361685000131 ], [ 120.605743596000025, 14.176242441000056 ], [ 120.605952995000166, 14.176434193000091 ], [ 120.607386639000083, 14.174907331000043 ], [ 120.607875092000086, 14.175372859000049 ], [ 120.608202496000217, 14.175087660000145 ], [ 120.60854318500003, 14.175422820000165 ], [ 120.6081071750001, 14.17590855200001 ], [ 120.608324886000219, 14.176155089000076 ], [ 120.609189448000166, 14.176235666000082 ], [ 120.60974459900001, 14.175897294000151 ], [ 120.610602654000218, 14.17684639800018 ], [ 120.611506699000188, 14.176530582000169 ], [ 120.611797502000172, 14.176992607000102 ], [ 120.613029306000044, 14.177491049000139 ], [ 120.613414282, 14.178083332000028 ], [ 120.612960781000197, 14.178097995000087 ], [ 120.613230211000086, 14.178138761000071 ], [ 120.613012706000177, 14.178443815000094 ], [ 120.612719838000089, 14.178335148000087 ], [ 120.61241998800017, 14.179255891000139 ], [ 120.611300796000023, 14.178694103 ], [ 120.610763934000033, 14.18160714600009 ], [ 120.610544686000026, 14.181428702000062 ], [ 120.610769024000092, 14.182139316000075 ], [ 120.60950646300023, 14.182572239000081 ], [ 120.609589705000189, 14.183503309000059 ], [ 120.609991365000042, 14.183678488000055 ], [ 120.610026457000231, 14.183282601000087 ], [ 120.610218120000013, 14.183941225000012 ], [ 120.609637508000105, 14.184638957 ], [ 120.609287732000098, 14.184512446000156 ], [ 120.609044631000188, 14.18386739400006 ], [ 120.608865159000061, 14.184314184000073 ], [ 120.608178217000045, 14.184120115999974 ], [ 120.607979317000172, 14.184689904000095 ], [ 120.607487421000087, 14.184733437000034 ], [ 120.607168847000025, 14.185313693000069 ], [ 120.607571027000063, 14.185825714000089 ], [ 120.606676959000197, 14.18551786400019 ], [ 120.606412904000081, 14.185864258000095 ], [ 120.606409437000138, 14.185568076999971 ], [ 120.604966451000109, 14.185001609000039 ], [ 120.605213242000332, 14.184533065000153 ], [ 120.604767844000094, 14.18479077700016 ], [ 120.602399805000118, 14.183552832000146 ], [ 120.601730115, 14.182834991000163 ], [ 120.602351128000123, 14.182205559000124 ], [ 120.602727397000081, 14.182498382000119 ], [ 120.602290715000208, 14.182063327000094 ], [ 120.601507152000067, 14.182546943000148 ], [ 120.60002342000007, 14.181304971000031 ], [ 120.600420918000168, 14.179910709000126 ], [ 120.599030293000055, 14.180497867000042 ], [ 120.597658657000125, 14.180362453000043 ], [ 120.596953743000086, 14.17986715100011 ], [ 120.596309858000154, 14.180586925000114 ], [ 120.59476268800006, 14.180020089000152 ], [ 120.593923588000052, 14.18032456200018 ], [ 120.594659621000119, 14.182024353000031 ], [ 120.59174985900006, 14.18202897599997 ], [ 120.591637738000145, 14.18225822900007 ], [ 120.592969059000211, 14.183212051999988 ], [ 120.59308846100032, 14.183430897999983 ], [ 120.592789131000245, 14.183338915000093 ], [ 120.592674628000054, 14.183702069000162 ], [ 120.593165421000094, 14.184205699000074 ], [ 120.593590702000029, 14.18413592700017 ], [ 120.593453307000118, 14.183879021000052 ], [ 120.593881857000042, 14.184093112000085 ], [ 120.595104918000061, 14.183473743999969 ], [ 120.596811688000116, 14.183733819999986 ], [ 120.598074533000045, 14.186762543000043 ], [ 120.598097445, 14.18803744000013 ], [ 120.5974452170002, 14.189284371000156 ], [ 120.596591702000183, 14.190047603000096 ], [ 120.595482071000106, 14.190385782000078 ], [ 120.593809489000137, 14.18963506700004 ], [ 120.593618006000042, 14.189086013000122 ], [ 120.592932077000341, 14.189053828 ], [ 120.592568375000269, 14.19002960600011 ], [ 120.592080895000095, 14.190041489000123 ], [ 120.591399937000233, 14.189634129000126 ], [ 120.591785250000044, 14.189452172000131 ], [ 120.590281362000155, 14.187447681000094 ], [ 120.589579850000177, 14.187586377000173 ], [ 120.588767804000099, 14.187265959000115 ], [ 120.587927425000203, 14.187536474000069 ], [ 120.587949017000028, 14.187776390000181 ], [ 120.586956169000132, 14.187688711000135 ], [ 120.586793407000073, 14.18857430700001 ], [ 120.587257685000168, 14.189352591000102 ], [ 120.58641515700026, 14.189902010000026 ], [ 120.586993538000115, 14.190829311000073 ], [ 120.587983184000109, 14.190895749000106 ], [ 120.588103550000028, 14.191075644000136 ], [ 120.587782583000035, 14.191098337000142 ], [ 120.588279330000091, 14.191426868000065 ], [ 120.588125541000068, 14.192007076000095 ], [ 120.587442727000052, 14.192440713 ], [ 120.587393591000023, 14.193734489000121 ], [ 120.585695568, 14.194201256000099 ], [ 120.584603954000045, 14.193966257000113 ], [ 120.583539953000013, 14.193298464 ], [ 120.582951649000051, 14.19359666600019 ], [ 120.583293518000346, 14.194206306000183 ], [ 120.583201576000192, 14.19385461600001 ], [ 120.584046457000227, 14.194727952000164 ], [ 120.586373485000195, 14.195979138000155 ], [ 120.585765040000069, 14.196553188000053 ], [ 120.586076473000162, 14.197691622000093 ], [ 120.586390212000083, 14.197867179000127 ], [ 120.586063313000068, 14.198148391000132 ], [ 120.585292326000172, 14.198294256 ], [ 120.585006523000061, 14.197846106000043 ], [ 120.584180670000023, 14.197630291000053 ], [ 120.582038572000101, 14.198401491000084 ], [ 120.584814885000014, 14.198954991000051 ], [ 120.584459130000027, 14.201054813999974 ], [ 120.584905774000163, 14.20153911400007 ], [ 120.583889830000089, 14.202723129999981 ], [ 120.583722679000061, 14.203974282000161 ], [ 120.584157911000034, 14.20405717400007 ], [ 120.5845612600001, 14.203385121000167 ], [ 120.584731776000012, 14.203647963000037 ], [ 120.586400042000037, 14.203920746000165 ], [ 120.586210761000075, 14.204095970000083 ], [ 120.586505665000118, 14.20442704300001 ], [ 120.587399638000079, 14.203515139000103 ], [ 120.588694505000035, 14.203374211000153 ], [ 120.589133809000145, 14.202923869000188 ], [ 120.590120549000062, 14.202771845000029 ], [ 120.590880864000042, 14.203107269999975 ], [ 120.591558606000149, 14.202621289000035 ], [ 120.592546428000105, 14.202865092000025 ], [ 120.593293086000131, 14.203600939000069 ], [ 120.592632511000033, 14.204827610000052 ], [ 120.59290592100001, 14.205004242000086 ], [ 120.593135398000072, 14.206302984999979 ], [ 120.591142821000062, 14.207292173000155 ], [ 120.590681103000065, 14.207838730000162 ], [ 120.5912168320001, 14.208339251999973 ], [ 120.591635066000094, 14.208123540000088 ], [ 120.591707018000193, 14.208511145000102 ], [ 120.594101201000058, 14.208795985000052 ], [ 120.594878766000079, 14.209896265000111 ], [ 120.59461142300006, 14.210373420000053 ], [ 120.593404377000184, 14.210700588000122 ], [ 120.592498940000155, 14.211564317000125 ], [ 120.590113342000109, 14.211455608999984 ], [ 120.586936722000019, 14.212178227000095 ], [ 120.585716268000056, 14.211667415000136 ], [ 120.58399085200017, 14.211956752000162 ], [ 120.584142650000103, 14.212301402999969 ], [ 120.585484566000105, 14.212593897000033 ], [ 120.585578537000174, 14.213099670000076 ], [ 120.585236233000046, 14.213148419999982 ], [ 120.585131141000033, 14.213531419000162 ], [ 120.585389085000088, 14.213545575000069 ], [ 120.585437834000118, 14.213656563000029 ], [ 120.58499193800003, 14.213672221000081 ], [ 120.584987086000183, 14.214121449000118 ], [ 120.587131749000037, 14.214254578000066 ], [ 120.587750509000102, 14.213908469000103 ], [ 120.588519516000019, 14.213980507000031 ], [ 120.588907166000126, 14.214789357000143 ], [ 120.588788952000073, 14.215673892000041 ], [ 120.588229967000188, 14.216397433000168 ], [ 120.585230530000217, 14.21721417800012 ], [ 120.587309557000026, 14.217419345000167 ], [ 120.588735159000066, 14.217184426000188 ], [ 120.589027378000083, 14.217688708000139 ], [ 120.590242034000084, 14.217919606000066 ], [ 120.590695461000223, 14.218777132000127 ], [ 120.590555489000167, 14.220017754000139 ], [ 120.588946739000107, 14.221196460000101 ], [ 120.588412018000213, 14.221047898000108 ], [ 120.588846790000275, 14.221291730000189 ], [ 120.588585373000228, 14.222509850000051 ], [ 120.588243231000206, 14.222702062000167 ], [ 120.589324345000136, 14.222650399000088 ], [ 120.589799102000029, 14.223021794000147 ], [ 120.591184944000133, 14.222685926000054 ], [ 120.591790974000219, 14.223978257000169 ], [ 120.591574839000145, 14.226114795 ], [ 120.591226679000101, 14.226203608000162 ], [ 120.591561513000102, 14.226224598000101 ], [ 120.591659797000034, 14.22608572900009 ], [ 120.591992592000111, 14.226474291000102 ], [ 120.591467851000175, 14.226391941000031 ], [ 120.591464250000172, 14.227094012000123 ], [ 120.58978781500025, 14.227746090999972 ], [ 120.587760991000096, 14.229490669000086 ], [ 120.589842851000185, 14.230116793000036 ] ] ], [ [ [ 121.088966867000067, 13.569401490000189 ], [ 121.091074691000017, 13.566318315999979 ], [ 121.092849227000102, 13.564528282000026 ], [ 121.093576789000167, 13.559926689000065 ], [ 121.095007713000086, 13.55493385900013 ], [ 121.095224135000194, 13.548147886000095 ], [ 121.096100478000153, 13.545514585999967 ], [ 121.096983858000044, 13.540290642000116 ], [ 121.09756243400011, 13.539847380000026 ], [ 121.096960099000285, 13.538739955000153 ], [ 121.097135500000149, 13.536909998000169 ], [ 121.097843934000139, 13.535624368000015 ], [ 121.098534242000028, 13.535524976000147 ], [ 121.098794503000022, 13.534953218999988 ], [ 121.099078222000117, 13.534946559000161 ], [ 121.09888435400012, 13.534538156000053 ], [ 121.099347538000075, 13.534614571000077 ], [ 121.099393644000088, 13.533844163000083 ], [ 121.099173174000157, 13.534023458000092 ], [ 121.097021047000226, 13.533025754000164 ], [ 121.095296956000084, 13.531507637 ], [ 121.094820742000138, 13.531353765000063 ], [ 121.094701655000108, 13.531661487000122 ], [ 121.094223733000035, 13.531672604999983 ], [ 121.09328792600013, 13.530608113000028 ], [ 121.091849461000038, 13.529792911000072 ], [ 121.090552250000087, 13.529522701000133 ], [ 121.090015738000261, 13.529705613000147 ], [ 121.088323296000226, 13.528488309000124 ], [ 121.087953525000103, 13.528570393 ], [ 121.083452568000098, 13.526416930999972 ], [ 121.080336776000081, 13.526216527000088 ], [ 121.078879882000138, 13.527541622000058 ], [ 121.077395973000193, 13.528030754000042 ], [ 121.076496411000335, 13.529097587000081 ], [ 121.075472994000165, 13.529205976000128 ], [ 121.075160607000157, 13.529670290000126 ], [ 121.074412743000039, 13.529881376000048 ], [ 121.072801638000101, 13.533413574000065 ], [ 121.071906826000145, 13.534532307000177 ], [ 121.071599074000233, 13.534259656000074 ], [ 121.071658093000224, 13.534637218000057 ], [ 121.069262559000094, 13.536703007000028 ], [ 121.067683108000097, 13.538777776000188 ], [ 121.067038354000033, 13.538113481000039 ], [ 121.067608894000159, 13.53881779000011 ], [ 121.066095709000024, 13.541275259000145 ], [ 121.064171911000017, 13.542831766000063 ], [ 121.061841352000215, 13.544146106000085 ], [ 121.060047326000131, 13.546358740000187 ], [ 121.058726927000066, 13.547434366 ], [ 121.057094373000155, 13.548012478999965 ], [ 121.056782630000043, 13.549213806000182 ], [ 121.054150883000148, 13.552898803000176 ], [ 121.052917302000083, 13.555690214000094 ], [ 121.051308893000169, 13.556427573000121 ], [ 121.050096713000016, 13.556448972000169 ], [ 121.050018976000274, 13.555897595000147 ], [ 121.049718720000101, 13.555865105000123 ], [ 121.048506645000089, 13.557238841000071 ], [ 121.043975477000231, 13.559075795000183 ], [ 121.044613670000103, 13.56084415100014 ], [ 121.043869874000052, 13.56165384600007 ], [ 121.043300899000201, 13.561728982999966 ], [ 121.043835054000056, 13.56244874500004 ], [ 121.043562924000071, 13.563229363000119 ], [ 121.043280904000198, 13.563058696000155 ], [ 121.043215534000069, 13.563298385000166 ], [ 121.043605735000142, 13.564443801000095 ], [ 121.043463126, 13.565147998000157 ], [ 121.043865599000014, 13.56520932899997 ], [ 121.043752133000226, 13.565771710999968 ], [ 121.04404850100002, 13.566093543000136 ], [ 121.043556323000189, 13.566719019 ], [ 121.043837833000339, 13.566910333000067 ], [ 121.043700074000071, 13.567650069000138 ], [ 121.042914329000155, 13.568155530000126 ], [ 121.042902586000196, 13.568543572000067 ], [ 121.043455632000246, 13.569026868000094 ], [ 121.042564709000203, 13.569853714000146 ], [ 121.042795530000035, 13.570264658000042 ], [ 121.043080450000161, 13.570210015000043 ], [ 121.043033932000185, 13.5705755030001 ], [ 121.042413717000159, 13.57084432500011 ], [ 121.043006058000174, 13.571531363000133 ], [ 121.042578316000117, 13.572547160000056 ], [ 121.044481298000051, 13.572882327000173 ], [ 121.045859424000014, 13.570015800000021 ], [ 121.046452213000293, 13.569621721000033 ], [ 121.046712994000131, 13.56983023000015 ], [ 121.046573824, 13.569307212000012 ], [ 121.047015506000093, 13.56887480100005 ], [ 121.046912635000012, 13.568475756000169 ], [ 121.047449438000172, 13.567565878000039 ], [ 121.049041346000081, 13.565912327000092 ], [ 121.054085951000047, 13.563770435000151 ], [ 121.055746990000102, 13.563844129000188 ], [ 121.057593771000029, 13.56334442900004 ], [ 121.058262606000085, 13.562862224000014 ], [ 121.060431502000142, 13.562763894000057 ], [ 121.064228205000063, 13.562783745000047 ], [ 121.065511632000153, 13.563371102000019 ], [ 121.06784664700001, 13.563777979000065 ], [ 121.076160411000046, 13.569024802000115 ], [ 121.080466754000099, 13.569425683000134 ], [ 121.08204795000006, 13.570113468000159 ], [ 121.083015396000178, 13.570780981000041 ], [ 121.084946051000088, 13.573309034000033 ], [ 121.085638802000176, 13.573763254000141 ], [ 121.086264077000124, 13.573439793000091 ], [ 121.086843921000082, 13.571630219000156 ], [ 121.088966867000067, 13.569401490000189 ] ] ], [ [ [ 120.966601561000061, 13.626757344000112 ], [ 120.965359212000067, 13.626641089000032 ], [ 120.963593517000049, 13.628071556000179 ], [ 120.966601561000061, 13.626757344000112 ] ] ], [ [ [ 120.949294173000112, 13.631112452000025 ], [ 120.95160493100002, 13.629888949000133 ], [ 120.952077155000211, 13.629468165000162 ], [ 120.951927443000045, 13.628848359000017 ], [ 120.949945111000034, 13.629508539000142 ], [ 120.947987119000345, 13.629531846000191 ], [ 120.947827166000025, 13.629991083999982 ], [ 120.948405596000043, 13.630757239000047 ], [ 120.948036131000094, 13.631138814999986 ], [ 120.949294173000112, 13.631112452000025 ] ] ], [ [ [ 120.831158671000139, 13.687686794000172 ], [ 120.83311457100001, 13.686028332999967 ], [ 120.835276462000024, 13.683348953000177 ], [ 120.836879312000178, 13.680103188000089 ], [ 120.837721169000133, 13.677282911000077 ], [ 120.840138205000017, 13.674964962000047 ], [ 120.839901348000126, 13.674111731000039 ], [ 120.840901738000071, 13.672426964000181 ], [ 120.843299163000097, 13.672321128000135 ], [ 120.844930472000215, 13.671197624000058 ], [ 120.845320325000216, 13.670594759000039 ], [ 120.845777091000173, 13.670571716000154 ], [ 120.846084709000024, 13.670765541000094 ], [ 120.845902604000116, 13.671007140000142 ], [ 120.846431351000092, 13.672538068000165 ], [ 120.847948159000225, 13.670214166000051 ], [ 120.848837525000022, 13.66974484900004 ], [ 120.853342837000014, 13.668938535000109 ], [ 120.853909109000142, 13.669018971000014 ], [ 120.853887454000187, 13.669392150000078 ], [ 120.854006310000045, 13.669012660000135 ], [ 120.855060176000052, 13.669126064000068 ], [ 120.855180279000137, 13.669431716000133 ], [ 120.854894069000125, 13.669527435000191 ], [ 120.855239670000174, 13.669484194000063 ], [ 120.855417504000116, 13.669200231000104 ], [ 120.85648298000001, 13.669195430000173 ], [ 120.856904656000097, 13.668509628999971 ], [ 120.857015955000179, 13.667067324000129 ], [ 120.857637494000187, 13.665395718000184 ], [ 120.858791809000195, 13.664362665000056 ], [ 120.859667507000154, 13.664050526000096 ], [ 120.861244256000305, 13.664331057000084 ], [ 120.863247240000305, 13.663823818000139 ], [ 120.864605878000134, 13.664029990000131 ], [ 120.866015652000215, 13.663741669 ], [ 120.866740772000185, 13.663092445000132 ], [ 120.867742800000087, 13.662783269000101 ], [ 120.868082041000207, 13.663188309000077 ], [ 120.868253604000074, 13.662965959000132 ], [ 120.869259096000178, 13.663356922000048 ], [ 120.869473107000204, 13.662957664000089 ], [ 120.869249069000148, 13.662580330000083 ], [ 120.869527771000094, 13.662962386000117 ], [ 120.87063146100013, 13.661499909000156 ], [ 120.87213377400019, 13.660844888000042 ], [ 120.873775398000134, 13.661004252999987 ], [ 120.874011947000099, 13.661503199000094 ], [ 120.873686178000185, 13.661979771000063 ], [ 120.873994054000036, 13.661780856000064 ], [ 120.87489756500031, 13.662313972999982 ], [ 120.877946709000184, 13.661932991000128 ], [ 120.878355885000133, 13.662151436000158 ], [ 120.882072660000063, 13.656772439000179 ], [ 120.884926217000043, 13.654887412000051 ], [ 120.892181686000185, 13.655627826000057 ], [ 120.894784650000247, 13.656022313999983 ], [ 120.89566813600004, 13.656438496000135 ], [ 120.897380418000125, 13.656245132000151 ], [ 120.902291962000049, 13.657666560000166 ], [ 120.9053336610001, 13.65766347400006 ], [ 120.907713829000045, 13.659066702000189 ], [ 120.910096521000014, 13.658029698000178 ], [ 120.912291697000114, 13.658522592999987 ], [ 120.913559743000064, 13.658142307000162 ], [ 120.914946759000031, 13.658253840000043 ], [ 120.916906598000082, 13.65792161000013 ], [ 120.923717889000159, 13.657777792000104 ], [ 120.928815096000108, 13.65690791600008 ], [ 120.930302911000013, 13.656222984000067 ], [ 120.934075976000145, 13.65535382000013 ], [ 120.93597009500013, 13.65341447000003 ], [ 120.937766491000048, 13.649859601000173 ], [ 120.938661829000239, 13.646932494 ], [ 120.939503678000165, 13.645860906000166 ], [ 120.941537872000254, 13.64426616500009 ], [ 120.94345940300002, 13.641885301000116 ], [ 120.945049525000286, 13.641327360000048 ], [ 120.946060654, 13.640521705000083 ], [ 120.946468029000243, 13.638114896000161 ], [ 120.9459515530001, 13.637997924000103 ], [ 120.945371661000081, 13.637322106000113 ], [ 120.943806977, 13.63357366300005 ], [ 120.942565029000093, 13.6321229670001 ], [ 120.941786512000022, 13.631683415000111 ], [ 120.938676317000045, 13.631511836000072 ], [ 120.934965711000132, 13.629462970000191 ], [ 120.932200543000135, 13.62974372900004 ], [ 120.928384247000054, 13.629594438000026 ], [ 120.924475187000098, 13.628470719000063 ], [ 120.921963305000077, 13.627326677999974 ], [ 120.919537937000086, 13.627191639000102 ], [ 120.913820196000188, 13.626105311000117 ], [ 120.908837114000335, 13.625771610000129 ], [ 120.907365707000054, 13.624873619000141 ], [ 120.906012633000159, 13.624909007000042 ], [ 120.904995672000155, 13.624384043000134 ], [ 120.90342106300011, 13.624435319000099 ], [ 120.901725676000069, 13.625066175000086 ], [ 120.900602743000036, 13.626564034000126 ], [ 120.897401909000223, 13.628068149000114 ], [ 120.894885597000211, 13.62776809200011 ], [ 120.890975088000346, 13.628337265000027 ], [ 120.889411854000173, 13.628135046000068 ], [ 120.88797990400019, 13.628788957000097 ], [ 120.885549080000146, 13.630813049000039 ], [ 120.883954258000131, 13.631279406000033 ], [ 120.88101599100014, 13.632866023000076 ], [ 120.879178849000027, 13.633044705000145 ], [ 120.876424418000056, 13.634072921000154 ], [ 120.872606980000114, 13.634652057999972 ], [ 120.87156401000027, 13.635583564000171 ], [ 120.87078027400014, 13.636974207000037 ], [ 120.870228063000013, 13.63967860200006 ], [ 120.87050236600021, 13.641586213000039 ], [ 120.869825263000052, 13.641997441000171 ], [ 120.86929104800015, 13.64311860700019 ], [ 120.867114534000052, 13.645381972000166 ], [ 120.865980928000226, 13.646129930000029 ], [ 120.864880521000032, 13.646479880000015 ], [ 120.862818519000143, 13.646464278000167 ], [ 120.860107745000164, 13.643787712000062 ], [ 120.859862771000167, 13.644260868000117 ], [ 120.858984558000088, 13.644683830000133 ], [ 120.856395923000036, 13.645368830000109 ], [ 120.854399465000029, 13.647854633000179 ], [ 120.853572240000062, 13.648275500000125 ], [ 120.851199297000107, 13.650513560000036 ], [ 120.848272732000169, 13.652461902000084 ], [ 120.845844282000144, 13.652985576000106 ], [ 120.844972579000228, 13.65209456000008 ], [ 120.844809720000171, 13.652307509000025 ], [ 120.844384123000054, 13.652058179 ], [ 120.84405476400002, 13.652466419 ], [ 120.843185438000205, 13.652381899000147 ], [ 120.841960227000186, 13.65125000400019 ], [ 120.84201507000023, 13.652160532000039 ], [ 120.841677986000036, 13.652227628000105 ], [ 120.841959387000088, 13.652544954000064 ], [ 120.84138164, 13.653445513000065 ], [ 120.840677593000123, 13.656388450000065 ], [ 120.839808688000062, 13.657579375000125 ], [ 120.839859479000097, 13.658314672000131 ], [ 120.838764842000046, 13.660171767000065 ], [ 120.839309056000161, 13.661474926000153 ], [ 120.83812111300017, 13.666959080000026 ], [ 120.838415141000155, 13.6684983990001 ], [ 120.837472709000167, 13.669073745000105 ], [ 120.837767826000118, 13.669778398000062 ], [ 120.83736006800018, 13.672181700000124 ], [ 120.836911591000103, 13.672239386000115 ], [ 120.836313713000209, 13.673351888000127 ], [ 120.835461354000245, 13.675780959000122 ], [ 120.834013625000125, 13.676798688000076 ], [ 120.833472800000209, 13.67680288400004 ], [ 120.833024365000142, 13.677332455000055 ], [ 120.831462864000173, 13.6773318380001 ], [ 120.8317972560003, 13.678121335000185 ], [ 120.831467884000062, 13.680647963000126 ], [ 120.831734685000015, 13.683121160000042 ], [ 120.830913759000168, 13.684021237000024 ], [ 120.831255621000196, 13.684456895000153 ], [ 120.831704140000056, 13.684433054000067 ], [ 120.831642305000059, 13.685385600000188 ], [ 120.831268939000211, 13.685701261000077 ], [ 120.830858323000029, 13.685594157000139 ], [ 120.830927643000223, 13.68609758600013 ], [ 120.830496877000087, 13.686536278000176 ], [ 120.829508254000075, 13.686814957000024 ], [ 120.827278553000042, 13.686097175000157 ], [ 120.826757890000067, 13.686186821000149 ], [ 120.82727112800012, 13.68655823000006 ], [ 120.827738085000078, 13.68642034700008 ], [ 120.828191459000095, 13.687181538000118 ], [ 120.829601994000086, 13.687747089000084 ], [ 120.831158671000139, 13.687686794000172 ] ] ], [ [ [ 120.842558162000046, 13.69178343100009 ], [ 120.843487659000061, 13.690801032000081 ], [ 120.843484881000222, 13.688876572000026 ], [ 120.843874023000126, 13.688359662000039 ], [ 120.843949727000108, 13.68751278700006 ], [ 120.843871290000152, 13.6871889250001 ], [ 120.842749044000016, 13.687032458000033 ], [ 120.842519075000041, 13.685979192000104 ], [ 120.842936090000194, 13.685296386000061 ], [ 120.843449385000099, 13.685426946000064 ], [ 120.843969891000029, 13.684988695000129 ], [ 120.843868556000075, 13.681796009000095 ], [ 120.844015341000045, 13.681175991000146 ], [ 120.844249332000118, 13.681186563000097 ], [ 120.844086226000172, 13.680199243000118 ], [ 120.843345300000124, 13.679397827000059 ], [ 120.842980235000027, 13.674356288000126 ], [ 120.842750750000164, 13.674190978000127 ], [ 120.841691112000035, 13.67435943300012 ], [ 120.840782840000202, 13.676013658000102 ], [ 120.840596589000143, 13.677623500000095 ], [ 120.841511041000103, 13.679606327000101 ], [ 120.84140244300022, 13.67990711900012 ], [ 120.84066967900003, 13.679663921999975 ], [ 120.84045105000007, 13.680525471000124 ], [ 120.841259061000073, 13.680300618999979 ], [ 120.841129294000098, 13.680951361000041 ], [ 120.841505359000053, 13.681767143 ], [ 120.841652361000115, 13.68346187700007 ], [ 120.841424058000143, 13.685558690000107 ], [ 120.841757740000048, 13.690664499000036 ], [ 120.842075475000115, 13.691672645000153 ], [ 120.842558162000046, 13.69178343100009 ] ] ], [ [ [ 120.487368578000087, 14.06156674600004 ], [ 120.489368815000148, 14.061491033000095 ], [ 120.489684085000249, 14.060757820000106 ], [ 120.490282574000162, 14.060712191000107 ], [ 120.491590358000167, 14.05906269500008 ], [ 120.491792458000191, 14.057928384000093 ], [ 120.493966305000185, 14.056462517000057 ], [ 120.494976111000028, 14.055287536000094 ], [ 120.495638231000157, 14.053332276000106 ], [ 120.495433963000096, 14.052003104000107 ], [ 120.494032192000077, 14.052476230000025 ], [ 120.490835836000088, 14.055166763000102 ], [ 120.48948063000023, 14.057366202000139 ], [ 120.489543306000087, 14.058221746000015 ], [ 120.488897483000187, 14.058511786000054 ], [ 120.488787063000132, 14.058970066000143 ], [ 120.486912116000099, 14.060863818000144 ], [ 120.487368578000087, 14.06156674600004 ] ] ], [ [ [ 120.579697482000029, 14.113615208000112 ], [ 120.578503124000122, 14.113100693000092 ], [ 120.578050546000327, 14.113277793000179 ], [ 120.578693140000041, 14.1136319740001 ], [ 120.579697482000029, 14.113615208000112 ] ] ], [ [ [ 120.575884394000013, 14.115836349000119 ], [ 120.576994056000103, 14.115365415999975 ], [ 120.576738432000298, 14.114842024000041 ], [ 120.576190261000193, 14.11465908100007 ], [ 120.576249049000012, 14.115125554000031 ], [ 120.575601010000014, 14.115487143000053 ], [ 120.575884394000013, 14.115836349000119 ] ] ], [ [ [ 120.581099839000103, 14.118566566000027 ], [ 120.580954385000155, 14.118116971 ], [ 120.580340803000013, 14.118385861000036 ], [ 120.581099839000103, 14.118566566000027 ] ] ], [ [ [ 120.570342, 14.137001914000166 ], [ 120.57028816400009, 14.13610949700012 ], [ 120.569841971000187, 14.136071599000047 ], [ 120.569656021000014, 14.136442970000132 ], [ 120.570342, 14.137001914000166 ] ] ], [ [ [ 120.568154543000333, 14.137840135000147 ], [ 120.570424724000191, 14.13773062000007 ], [ 120.570398861000058, 14.137399801000129 ], [ 120.569173445000047, 14.137013801000023 ], [ 120.567375330000118, 14.137075438000011 ], [ 120.567331007000234, 14.137394731000086 ], [ 120.568154543000333, 14.137840135000147 ] ] ], [ [ [ 120.570998052000164, 14.150479420000124 ], [ 120.571666955000182, 14.149915035000049 ], [ 120.571610826000096, 14.149381100000028 ], [ 120.569524290000118, 14.149282714000037 ], [ 120.569582153000169, 14.149682706000078 ], [ 120.57028064400015, 14.14983549800013 ], [ 120.570998052000164, 14.150479420000124 ] ] ], [ [ [ 120.571565530000044, 14.151848682000093 ], [ 120.572650674000101, 14.151895596000031 ], [ 120.57291643900021, 14.151077623000106 ], [ 120.573889812000175, 14.150400459000082 ], [ 120.57590467600005, 14.150125071 ], [ 120.575268590000178, 14.148878493000097 ], [ 120.573086018000254, 14.149214366000081 ], [ 120.571929178000119, 14.150006095000094 ], [ 120.572514194000064, 14.150494297000023 ], [ 120.572313470000154, 14.151218587000074 ], [ 120.571628728000292, 14.151553202000116 ], [ 120.571565530000044, 14.151848682000093 ] ] ], [ [ [ 120.579953865000334, 14.192515712000102 ], [ 120.580520826000111, 14.191804237000099 ], [ 120.580520203000106, 14.190651781000156 ], [ 120.579660801000045, 14.190065337000135 ], [ 120.579284170000051, 14.19073424100003 ], [ 120.578115104000176, 14.190186371000038 ], [ 120.577865797000072, 14.190870077999989 ], [ 120.578896195000084, 14.191315670000108 ], [ 120.579057254000304, 14.192131560000121 ], [ 120.579028252000057, 14.191917836000187 ], [ 120.579953865000334, 14.192515712000102 ] ] ], [ [ [ 120.585207150000087, 14.197848954000108 ], [ 120.585072343000206, 14.197815176000177 ], [ 120.585102768000297, 14.197905195999965 ], [ 120.585207150000087, 14.197848954000108 ] ] ], [ [ [ 120.580284178000056, 14.198642358000029 ], [ 120.580309054000168, 14.198584452000034 ], [ 120.580255961000148, 14.198573202000034 ], [ 120.580284178000056, 14.198642358000029 ] ] ], [ [ [ 120.580738796000219, 14.198812771 ], [ 120.581606469000121, 14.198669475000088 ], [ 120.581654560000061, 14.198555271000032 ], [ 120.580738796000219, 14.198812771 ] ] ], [ [ [ 120.578628633000108, 14.199654447000057 ], [ 120.579927617000294, 14.198827528000095 ], [ 120.580347361, 14.198788858000114 ], [ 120.578985050000028, 14.198744483000041 ], [ 120.578376180000078, 14.198317774000031 ], [ 120.578253543000187, 14.198855133000166 ], [ 120.578670050000028, 14.199307026000156 ], [ 120.578421174000255, 14.199225039000055 ], [ 120.57832002400005, 14.199562819000107 ], [ 120.578628633000108, 14.199654447000057 ] ] ], [ [ [ 120.583363123000026, 14.211869694000086 ], [ 120.584165975000019, 14.211455029000149 ], [ 120.583771736000131, 14.211117721000107 ], [ 120.582637098000077, 14.211012496000023 ], [ 120.582640081000022, 14.211386935000178 ], [ 120.583363123000026, 14.211869694000086 ] ] ], [ [ [ 120.587030092000077, 14.221098835000134 ], [ 120.587984599000265, 14.220998732999988 ], [ 120.586660287000086, 14.220821091000062 ], [ 120.587030092000077, 14.221098835000134 ] ] ], [ [ [ 120.587666957000124, 14.223355832999971 ], [ 120.588245, 14.222944077000022 ], [ 120.588231675000088, 14.222847191000028 ], [ 120.587532029000158, 14.223117288000083 ], [ 120.587666957000124, 14.223355832999971 ] ] ], [ [ [ 120.589962512000056, 14.239791471999979 ], [ 120.59105375300021, 14.238419193000027 ], [ 120.591446810000093, 14.238682092000033 ], [ 120.59177244600005, 14.237460156 ], [ 120.59219538100001, 14.237281918000178 ], [ 120.592994760000124, 14.236018209000179 ], [ 120.593323433000023, 14.233992127000022 ], [ 120.594736488000194, 14.233081661000028 ], [ 120.59483857500004, 14.23109458800019 ], [ 120.594464907000201, 14.231136505 ], [ 120.594540457000221, 14.2316550970001 ], [ 120.59349085600013, 14.232843494000122 ], [ 120.592969606000338, 14.23296394200014 ], [ 120.593045509000149, 14.233375103000128 ], [ 120.59259488400005, 14.233313747000068 ], [ 120.592755680000096, 14.23379302100011 ], [ 120.592385141000022, 14.233836838000059 ], [ 120.591901030000031, 14.234550312000124 ], [ 120.59045660400011, 14.234642478000126 ], [ 120.58983658600016, 14.235180118000187 ], [ 120.590353040000082, 14.236256726000079 ], [ 120.589982786000178, 14.23606786400012 ], [ 120.589410383000086, 14.236341774000039 ], [ 120.588712111000063, 14.235967830000163 ], [ 120.588218251000058, 14.236753554000188 ], [ 120.587957609000341, 14.23655524100019 ], [ 120.587409890000231, 14.236988436000047 ], [ 120.587412348000043, 14.237510220000047 ], [ 120.587836201000073, 14.237886600000138 ], [ 120.588572035000198, 14.237699174000056 ], [ 120.588328390000015, 14.237458551000145 ], [ 120.589530540000055, 14.23776379300017 ], [ 120.589774034000129, 14.238256435999972 ], [ 120.589374075000137, 14.23912085000012 ], [ 120.589638409000145, 14.239780330000144 ], [ 120.589962512000056, 14.239791471999979 ] ] ] ] } },
{ "type": "Feature", "properties": { "psgc_code": "04021", "name": "Cavite", "region": "Region IV-A (Calabarzon)", "province": "Cavite", "level": "province" }, "geometry": { "type": "MultiPolygon", "coordinates": [ [ [ [ 120.969930450000106, 14.475450371000079 ], [ 120.970368903, 14.475104689000034 ], [ 120.970518275000131, 14.47377130700005 ], [ 120.971384847000081, 14.472650916000134 ], [ 120.971582401000092, 14.47162121700012 ], [ 120.970633341000052, 14.470976276000158 ], [ 120.969154696000032, 14.471956796000086 ], [ 120.968110681000212, 14.471218677000024 ], [ 120.967518748000202, 14.469896131000041 ], [ 120.969348415000127, 14.469296738000082 ], [ 120.969571537000093, 14.468387839000115 ], [ 120.969169189000013, 14.467689888 ], [ 120.967430773000274, 14.466264137999985 ], [ 120.966123997000182, 14.465911129000176 ], [ 120.965950965000047, 14.465177050000136 ], [ 120.9663226670001, 14.464035568000156 ], [ 120.967581669000197, 14.462303654000038 ], [ 120.967583405000141, 14.460445979999974 ], [ 120.968164991000094, 14.458883975000163 ], [ 120.969691691000094, 14.456776530000127 ], [ 120.970452439000042, 14.454728424000166 ], [ 120.970294201000229, 14.453717757999982 ], [ 120.969700012000203, 14.45279208400018 ], [ 120.969983261000039, 14.451686927000083 ], [ 120.969642334000014, 14.450505952000185 ], [ 120.970056565000277, 14.449462511000092 ], [ 120.969925479000267, 14.446625819000019 ], [ 120.970568614000285, 14.446196998000175 ], [ 120.971955527000205, 14.44421922500004 ], [ 120.972115574000213, 14.443183130000023 ], [ 120.972898963000148, 14.442037529000174 ], [ 120.973008469000092, 14.440757151000128 ], [ 120.973943482000095, 14.439224067000112 ], [ 120.975055389000204, 14.4387355020001 ], [ 120.97635261400012, 14.437480394000147 ], [ 120.97755718000019, 14.436983406000081 ], [ 120.979156209000053, 14.435105431000011 ], [ 120.98085603200002, 14.434587314000055 ], [ 120.981232344000091, 14.434097069000074 ], [ 120.982119073000035, 14.434403592000137 ], [ 120.982613085000025, 14.433751425000082 ], [ 120.983614855000155, 14.433728447000135 ], [ 120.984107190000145, 14.43339765900015 ], [ 120.984587648000115, 14.432021193000082 ], [ 120.983909425000206, 14.431423755000026 ], [ 120.98396872100011, 14.430689816000154 ], [ 120.984241143000077, 14.430380339000067 ], [ 120.984726827000145, 14.430809107000186 ], [ 120.985254249000263, 14.430460021000044 ], [ 120.984442247000061, 14.429325495000171 ], [ 120.98595505000003, 14.427894604000187 ], [ 120.985609782000097, 14.427005352000151 ], [ 120.985664548000045, 14.425988149000091 ], [ 120.986397706000275, 14.426071372000138 ], [ 120.986587930000042, 14.426665825000043 ], [ 120.987091233000228, 14.426103077000164 ], [ 120.986782551000033, 14.422670805000052 ], [ 120.987608254000065, 14.422406691000049 ], [ 120.988876000000346, 14.422770890000095 ], [ 120.989869683000052, 14.422015804000125 ], [ 120.989803666000057, 14.421319624999967 ], [ 120.990430828000058, 14.421034551000048 ], [ 120.990301795000278, 14.419159068 ], [ 120.991012978000072, 14.417436624000118 ], [ 120.990331802000014, 14.416203306000057 ], [ 120.990772916000083, 14.41569617600004 ], [ 120.991601129000173, 14.415558140000144 ], [ 120.993364907000228, 14.413630585000078 ], [ 120.99497700500001, 14.410796160000132 ], [ 120.994677058000207, 14.410163244000159 ], [ 120.995252185000027, 14.409321192000107 ], [ 120.994484200000215, 14.40756394400006 ], [ 120.995119117000058, 14.407348998000032 ], [ 120.995306761000165, 14.405734990000042 ], [ 120.996371401000147, 14.405038163000029 ], [ 120.997296550000215, 14.405097067000099 ], [ 120.997861341000089, 14.405684381000015 ], [ 120.998388622000107, 14.405369040000153 ], [ 120.998009537000144, 14.404843794000044 ], [ 120.998544741000046, 14.403687525 ], [ 121.000823764000188, 14.401403554000126 ], [ 121.001309480000032, 14.400173250000137 ], [ 121.002102106000052, 14.399287217000108 ], [ 121.002131462000079, 14.398160995000183 ], [ 121.002955764000035, 14.397352466000143 ], [ 121.002417496000248, 14.395674058 ], [ 121.002718233000223, 14.394876707000037 ], [ 121.001957669000149, 14.394806931000119 ], [ 121.001734734000024, 14.394243259 ], [ 121.004240268000103, 14.39277696400012 ], [ 121.005155387000059, 14.393014685000139 ], [ 121.006146335000153, 14.391825392000044 ], [ 121.006999642000096, 14.391499657000054 ], [ 121.007206248000216, 14.390926560000139 ], [ 121.007816979000154, 14.390934116000039 ], [ 121.007965116000037, 14.389697330000047 ], [ 121.006632062000108, 14.38732801000009 ], [ 121.007856105000201, 14.384978908000051 ], [ 121.007783677000248, 14.383800736000126 ], [ 121.008191161000013, 14.383119134000026 ], [ 121.008858702000111, 14.382903603000045 ], [ 121.009126535000178, 14.381371682 ], [ 121.009687030000123, 14.38076675800005 ], [ 121.011611169000048, 14.380260945000032 ], [ 121.010729414000025, 14.377034681000112 ], [ 121.010802218000208, 14.374912374000075 ], [ 121.010137117000113, 14.372814005000123 ], [ 121.007405067000036, 14.370488780000187 ], [ 121.007147937000013, 14.369917457000099 ], [ 121.007052295000108, 14.365745793000087 ], [ 121.006596887000114, 14.363504895000119 ], [ 121.006947479000019, 14.362167585000122 ], [ 121.00675591900017, 14.36108328 ], [ 121.007515284000192, 14.359620290000123 ], [ 121.007649437000168, 14.358636287000138 ], [ 121.007246014000089, 14.35703318100019 ], [ 121.007644947000131, 14.355843146000041 ], [ 121.006891032000226, 14.353943146000063 ], [ 121.009792820000143, 14.353507534000073 ], [ 121.013363530000333, 14.351973628000167 ], [ 121.01623891600002, 14.351821071000074 ], [ 121.016268281000066, 14.351589457999978 ], [ 121.014259358000231, 14.350472399000012 ], [ 121.011557492000293, 14.347036718000084 ], [ 121.008980906000147, 14.341994256000135 ], [ 121.00675334600021, 14.332937467000136 ], [ 121.007456786000148, 14.328921997000066 ], [ 121.007277372000203, 14.320966914000053 ], [ 121.005296101000113, 14.318790294000109 ], [ 121.008138589000168, 14.317407253000169 ], [ 121.008527611000204, 14.317571051000016 ], [ 121.008670935000168, 14.318656218 ], [ 121.009935577000306, 14.319850419000147 ], [ 121.010364301000095, 14.320991670000183 ], [ 121.014283199000147, 14.322615990000088 ], [ 121.015158762000056, 14.324119543000052 ], [ 121.015865250000047, 14.324149735000105 ], [ 121.016378511000312, 14.323733088000154 ], [ 121.019107852000275, 14.32493472200008 ], [ 121.019615074000171, 14.32477772500016 ], [ 121.022078727, 14.325381561000029 ], [ 121.022664448000228, 14.326051819000099 ], [ 121.022543681000116, 14.326909267000133 ], [ 121.023497742000018, 14.327965980999977 ], [ 121.024762779000184, 14.328373570000053 ], [ 121.026166699000214, 14.32932461200005 ], [ 121.027244547, 14.331154237000021 ], [ 121.031275155000117, 14.3327483650001 ], [ 121.032283561000213, 14.334620257000097 ], [ 121.032814156000313, 14.33425090999998 ], [ 121.040036192000116, 14.332668986000044 ], [ 121.039045633000114, 14.32968594200014 ], [ 121.039046541000062, 14.32536780900017 ], [ 121.038772162000214, 14.324763627000095 ], [ 121.039179117000344, 14.32357595700006 ], [ 121.039512999000067, 14.323723850000079 ], [ 121.039494943000022, 14.324581479000074 ], [ 121.040298406000147, 14.324798143000066 ], [ 121.041165063000221, 14.325845353000034 ], [ 121.041472003000194, 14.325592578000169 ], [ 121.041697695000039, 14.32630576400004 ], [ 121.042456020000145, 14.32585438000018 ], [ 121.043566423000129, 14.325989795999988 ], [ 121.043864336000183, 14.326576594000073 ], [ 121.044207388000132, 14.326558539000075 ], [ 121.044387941000082, 14.326955756000189 ], [ 121.044992795000212, 14.326829369000109 ], [ 121.04597681100006, 14.327912690000119 ], [ 121.04715040900021, 14.328120326000089 ], [ 121.048703168000088, 14.327280753000139 ], [ 121.049416354000186, 14.32733491900018 ], [ 121.052395486000137, 14.326441179000142 ], [ 121.052612150000073, 14.325899519000075 ], [ 121.056260848000193, 14.325271138000062 ], [ 121.056681426000182, 14.324255665000123 ], [ 121.05771016600022, 14.323460369000088 ], [ 121.057965377000073, 14.322898903000123 ], [ 121.059534928000176, 14.32223535300011 ], [ 121.05966253400004, 14.32280319900002 ], [ 121.060166577000132, 14.322509706000176 ], [ 121.060472831000084, 14.322879763000174 ], [ 121.061021536000112, 14.322669213000154 ], [ 121.062629368000103, 14.323932510000134 ], [ 121.062300610000079, 14.324669598000185 ], [ 121.063116397000158, 14.325896441 ], [ 121.063995424000154, 14.326541481999982 ], [ 121.06480488800014, 14.326490891000162 ], [ 121.064727575, 14.327166480000187 ], [ 121.066065690000187, 14.327590437000026 ], [ 121.06680099100015, 14.328325738 ], [ 121.067337562000034, 14.32831911400018 ], [ 121.067417054000089, 14.32874307100019 ], [ 121.068052990000069, 14.329186901000128 ], [ 121.070166152000184, 14.328478098000176 ], [ 121.072192783000105, 14.328743102000089 ], [ 121.073877375000166, 14.327896808000048 ], [ 121.075037966000195, 14.328191465000032 ], [ 121.075428838000221, 14.32769836500006 ], [ 121.07671571100002, 14.328113291000136 ], [ 121.077498833000163, 14.32786512000007 ], [ 121.076945836000164, 14.326487843999985 ], [ 121.07627071700017, 14.326140888000054 ], [ 121.075543093000192, 14.325202794000063 ], [ 121.072903201000031, 14.324787868000044 ], [ 121.071279577000041, 14.323675385000115 ], [ 121.070245268000122, 14.323440862000155 ], [ 121.068650731000048, 14.320150979000175 ], [ 121.068518017000088, 14.318259795000188 ], [ 121.067779791000135, 14.318342741000095 ], [ 121.068186230000151, 14.317272729000024 ], [ 121.06633651900006, 14.314850685000181 ], [ 121.066825904000211, 14.31402121800005 ], [ 121.066560475000188, 14.313531833000127 ], [ 121.066759547000061, 14.313042447000157 ], [ 121.065954964000071, 14.312420347 ], [ 121.065558680000095, 14.313036681000028 ], [ 121.06496030400001, 14.311785031 ], [ 121.064238409000041, 14.312152840000181 ], [ 121.063758061000271, 14.311881100000051 ], [ 121.063461617000257, 14.312355959 ], [ 121.063036166000188, 14.310761203000027 ], [ 121.062487196, 14.311279979000176 ], [ 121.062045276000049, 14.311123522000116 ], [ 121.062130366000019, 14.310700816000121 ], [ 121.063233795000087, 14.309899320000056 ], [ 121.061806474000036, 14.308850789000076 ], [ 121.062333485000181, 14.306740001000037 ], [ 121.061123007000219, 14.30633925300009 ], [ 121.060737834000065, 14.30523481400013 ], [ 121.059954305000133, 14.30448189100008 ], [ 121.059831878000068, 14.302504704000171 ], [ 121.059036106000121, 14.302345550000155 ], [ 121.059066713000107, 14.301635476 ], [ 121.059635996000225, 14.301335531000177 ], [ 121.05884634500012, 14.299848050000094 ], [ 121.056936492000091, 14.299780715000111 ], [ 121.056563092000147, 14.299242039000148 ], [ 121.057138496000107, 14.298495237000168 ], [ 121.056538606000231, 14.298085109000169 ], [ 121.0556755, 14.2980361380001 ], [ 121.05558980100011, 14.297007756000085 ], [ 121.05476954400001, 14.296058951000191 ], [ 121.05489809200003, 14.294975476000161 ], [ 121.053251456000226, 14.294883657000128 ], [ 121.050831950000088, 14.29535065500005 ], [ 121.048533212000052, 14.292897324000023 ], [ 121.048902892000115, 14.291405161000057 ], [ 121.048304683000083, 14.29044399300011 ], [ 121.048586984000053, 14.289845783000032 ], [ 121.04789467400019, 14.289570203000153 ], [ 121.048022382000113, 14.28862247800015 ], [ 121.047377122000171, 14.287869675000138 ], [ 121.04858026300019, 14.286854736000066 ], [ 121.048849121000217, 14.285281915000041 ], [ 121.04859370500003, 14.283742702000154 ], [ 121.047941724000225, 14.282976455999972 ], [ 121.046855574, 14.282650698000054 ], [ 121.046645247000129, 14.282091792000188 ], [ 121.046042613000168, 14.281907457000102 ], [ 121.046120601000212, 14.281347363000123 ], [ 121.045638494000059, 14.280276802000117 ], [ 121.04456793400027, 14.278787943000111 ], [ 121.044553754000162, 14.277951346000066 ], [ 121.04500750200009, 14.277922987000125 ], [ 121.045432890000029, 14.278419273000168 ], [ 121.045837009000024, 14.278121501000044 ], [ 121.045766111000034, 14.277660664000166 ], [ 121.044837346, 14.277419611000028 ], [ 121.044908244000226, 14.276505026000109 ], [ 121.044298521000087, 14.276256882000041 ], [ 121.043788055000164, 14.276625552000155 ], [ 121.043880223000087, 14.27578895500011 ], [ 121.04357536100008, 14.275746416000061 ], [ 121.043220871000131, 14.276235613000097 ], [ 121.042682046000209, 14.275895302000094 ], [ 121.04261823700017, 14.275477004000152 ], [ 121.043235050000135, 14.275321028 ], [ 121.043086164000101, 14.274916909000069 ], [ 121.04191634700021, 14.275037436 ], [ 121.040781978000041, 14.274356813999987 ], [ 121.040277292000042, 14.273670698999979 ], [ 121.04107109600011, 14.273965831000055 ], [ 121.04115760000002, 14.273757203000059 ], [ 121.040010147000203, 14.27282601100012 ], [ 121.039776076000066, 14.271777783000061 ], [ 121.03913747200022, 14.271101015 ], [ 121.039244330000201, 14.270627786000034 ], [ 121.039908377000074, 14.27009349500014 ], [ 121.03925705100005, 14.267218502000048 ], [ 121.039305392000074, 14.26541209100003 ], [ 121.039760811000178, 14.263432671000032 ], [ 121.039956718000099, 14.263168070000063 ], [ 121.040735256000062, 14.26331054700006 ], [ 121.041055830000118, 14.262308116000156 ], [ 121.040098544000102, 14.261312213999986 ], [ 121.039610111000115, 14.259475284000075 ], [ 121.038420885000164, 14.259050560000105 ], [ 121.03807461700012, 14.258070155000098 ], [ 121.037480003000269, 14.257928581000101 ], [ 121.037258203000079, 14.25595125500007 ], [ 121.036571566000021, 14.254790343000138 ], [ 121.036099651000086, 14.254634611000029 ], [ 121.0371520220001, 14.253435946000081 ], [ 121.037029324000059, 14.252987626000106 ], [ 121.036412884000015, 14.252559363000103 ], [ 121.034321119000083, 14.252347001000146 ], [ 121.033146730000112, 14.25147073200003 ], [ 121.035318405000112, 14.248877594000021 ], [ 121.037454779000313, 14.249679960000151 ], [ 121.038419715000032, 14.249307218000069 ], [ 121.03994692900028, 14.25005749800016 ], [ 121.040795551000201, 14.249708271000088 ], [ 121.040983471000118, 14.250320649000173 ], [ 121.04155630300022, 14.249956664000138 ], [ 121.042600643000128, 14.250755169000058 ], [ 121.042704317000016, 14.251824903000113 ], [ 121.043411190000143, 14.252164202000188 ], [ 121.044023814000184, 14.25334232400013 ], [ 121.044989873000077, 14.25311612500019 ], [ 121.046386133000169, 14.25403607200019 ], [ 121.047673462000034, 14.254345984000054 ], [ 121.050343477000069, 14.253821517000063 ], [ 121.052543620000051, 14.253968674000077 ], [ 121.053405371000053, 14.254717408000033 ], [ 121.053683203000105, 14.255951171999982 ], [ 121.054250632000276, 14.256435864000139 ], [ 121.053967636000152, 14.255553656000131 ], [ 121.054226715000027, 14.253448064 ], [ 121.053615156000092, 14.251901387000032 ], [ 121.054003248000072, 14.24916534100015 ], [ 121.053401706000045, 14.248117494000041 ], [ 121.051072428000225, 14.245619289 ], [ 121.050843359000055, 14.244631429000151 ], [ 121.051201279000111, 14.243915589000096 ], [ 121.052088920000301, 14.243299967000098 ], [ 121.051416031000144, 14.241052229000104 ], [ 121.052335932, 14.239811017000079 ], [ 121.052181850000011, 14.238179567000145 ], [ 121.051393316000144, 14.23657530800017 ], [ 121.051764924000167, 14.235705202000133 ], [ 121.051610843000049, 14.23486228600018 ], [ 121.051012644000025, 14.233756525000103 ], [ 121.0496440390001, 14.232895482000174 ], [ 121.049462767000023, 14.23227915700005 ], [ 121.048610788000133, 14.231717213000081 ], [ 121.047813190000056, 14.229714155000124 ], [ 121.046779939000089, 14.228880303000039 ], [ 121.046372076000011, 14.227756415000101 ], [ 121.04722257200001, 14.227453087000072 ], [ 121.04953824800009, 14.224085207000144 ], [ 121.052828691000173, 14.216263804 ], [ 121.051327508000213, 14.216586488000075 ], [ 121.050780348000217, 14.217133648000072 ], [ 121.049966623000159, 14.216418131000069 ], [ 121.049026630000071, 14.216642606999983 ], [ 121.048619768000322, 14.216347982000059 ], [ 121.047539477000214, 14.217175737000048 ], [ 121.046389038000143, 14.215702614000122 ], [ 121.044663380000202, 14.215548287000047 ], [ 121.045056213000066, 14.214496056000144 ], [ 121.044382785000153, 14.213976956000181 ], [ 121.043526971, 14.213584123000089 ], [ 121.042629067, 14.214411878000078 ], [ 121.042236234000256, 14.214341729000068 ], [ 121.041969669000309, 14.213275468 ], [ 121.039935356000115, 14.212405623999985 ], [ 121.039388196000118, 14.211451602000125 ], [ 121.0376344780002, 14.210553698000069 ], [ 121.037887013000045, 14.210160864999978 ], [ 121.038686709000103, 14.210062657000037 ], [ 121.038981333000152, 14.209319080000057 ], [ 121.038448203000144, 14.206948054000179 ], [ 121.038055370000052, 14.206555221000087 ], [ 121.035333600000058, 14.206218507000131 ], [ 121.033551822000049, 14.20554507900016 ], [ 121.031764898, 14.202937527000074 ], [ 121.032475639000154, 14.202093695000087 ], [ 121.031383402000074, 14.200776610000048 ], [ 121.031577365000203, 14.199633838000182 ], [ 121.030890056000089, 14.197982392000142 ], [ 121.029830092000111, 14.197172809000051 ], [ 121.030419878000089, 14.195011823000129 ], [ 121.030210179000051, 14.19339033000017 ], [ 121.026237884000125, 14.18705347000008 ], [ 121.024096239000073, 14.185556061000057 ], [ 121.019343372000094, 14.1759106290001 ], [ 121.01638137000009, 14.170793802000162 ], [ 121.013699842000278, 14.163004601000011 ], [ 121.015280814000221, 14.155680318 ], [ 121.022423506000337, 14.155977244999974 ], [ 121.026364993000016, 14.157402716000092 ], [ 121.031459269000038, 14.153654592000123 ], [ 121.034358629000167, 14.153209219000132 ], [ 121.035866362000093, 14.151780380000105 ], [ 121.026328823000085, 14.134585856000115 ], [ 121.013250970000058, 14.127112081000178 ], [ 121.013284519000081, 14.126541748000136 ], [ 121.012680637000017, 14.125937866000072 ], [ 121.010298658000238, 14.124159770000063 ], [ 121.009929619000218, 14.122935231000042 ], [ 121.008302493000201, 14.123337818999971 ], [ 121.007145053000158, 14.121492624000155 ], [ 121.005886588000067, 14.121661488000086 ], [ 120.988700005000055, 14.119972661000077 ], [ 120.980375324000079, 14.120089443000154 ], [ 120.976084165000202, 14.114741124000034 ], [ 120.97319679900022, 14.107712708000065 ], [ 120.972240018000207, 14.104864289000034 ], [ 120.972456908000026, 14.104235309000046 ], [ 120.972174951000056, 14.103801529 ], [ 120.971439695000186, 14.097899962000156 ], [ 120.967971630000193, 14.098633049000114 ], [ 120.96527637500003, 14.097945756 ], [ 120.957162515000164, 14.094669594000038 ], [ 120.951283794, 14.091332195 ], [ 120.946446096000159, 14.093322387 ], [ 120.938332236000065, 14.086249551000094 ], [ 120.937597396000228, 14.085943367000027 ], [ 120.933049882000205, 14.085033585000076 ], [ 120.919045684000025, 14.08325595600013 ], [ 120.913223865000077, 14.081029959000091 ], [ 120.911285732000124, 14.080796861000181 ], [ 120.908748443000036, 14.078960664000022 ], [ 120.902505376000136, 14.07679061400006 ], [ 120.897664495000072, 14.079127591000088 ], [ 120.895761528000094, 14.082866754000065 ], [ 120.892720508000025, 14.087613034000071 ], [ 120.889486433000229, 14.085901651000086 ], [ 120.887761885000145, 14.085848993000184 ], [ 120.883549250000215, 14.084414064000043 ], [ 120.878046494000046, 14.08380849700012 ], [ 120.875093261000188, 14.082426226000052 ], [ 120.870599783000216, 14.078884980000169 ], [ 120.869195572000081, 14.077406169000085 ], [ 120.866835359000106, 14.076935541000068 ], [ 120.862414782000201, 14.075421829000049 ], [ 120.857509986000082, 14.069445401999985 ], [ 120.854688269000121, 14.068178509000063 ], [ 120.85427795000021, 14.067274707000081 ], [ 120.8545119690001, 14.066589986000167 ], [ 120.853939923000212, 14.066824005000115 ], [ 120.853133859000081, 14.066061277000017 ], [ 120.852327795000065, 14.066035275000047 ], [ 120.848957817000041, 14.063459012000123 ], [ 120.847125301, 14.060003849000111 ], [ 120.847258391000196, 14.058764409000105 ], [ 120.846698135000111, 14.058248219000177 ], [ 120.847176556000022, 14.05701439600017 ], [ 120.846773675, 14.056573745000037 ], [ 120.842980268000133, 14.056756469000049 ], [ 120.843599082000196, 14.063092452000149 ], [ 120.84332431100006, 14.067055811000102 ], [ 120.844256866000023, 14.070203183999979 ], [ 120.844964609000044, 14.076248139000029 ], [ 120.844614901000114, 14.077347222000128 ], [ 120.842863585000146, 14.079063845000121 ], [ 120.8428053, 14.080046358000118 ], [ 120.842538856000033, 14.08041271899998 ], [ 120.841822787000183, 14.080487656000059 ], [ 120.841872745000046, 14.080829038000047 ], [ 120.840648767000062, 14.082311134000122 ], [ 120.840349017000108, 14.083535113000039 ], [ 120.841481405000195, 14.084401057000093 ], [ 120.841797808000024, 14.085874827 ], [ 120.840923537000208, 14.086332778000155 ], [ 120.839291566000043, 14.088780735000114 ], [ 120.838342358000091, 14.08926366500009 ], [ 120.836294068000029, 14.089280317999965 ], [ 120.832186082000021, 14.091782067000111 ], [ 120.831759710000028, 14.092536419000169 ], [ 120.830393131000051, 14.092722273000106 ], [ 120.829660645000217, 14.093881132000149 ], [ 120.82844712300016, 14.094373099999984 ], [ 120.826763499000094, 14.096231647000025 ], [ 120.825440650000019, 14.096690817000024 ], [ 120.824587905000044, 14.097456101000091 ], [ 120.822073401000011, 14.097762215000046 ], [ 120.821821950000071, 14.098669623000148 ], [ 120.820149258000015, 14.100724957000011 ], [ 120.816836672000022, 14.102638167000066 ], [ 120.816030126000101, 14.101803435000079 ], [ 120.813501002000066, 14.102773729000091 ], [ 120.812323925000101, 14.102821448000043 ], [ 120.810494684000219, 14.104093963000082 ], [ 120.808983572000102, 14.103457706000086 ], [ 120.808395034000227, 14.103839460000074 ], [ 120.808395034000227, 14.104507531000024 ], [ 120.807981467000218, 14.104714315000081 ], [ 120.807647431000078, 14.104475718000117 ], [ 120.802084505000039, 14.105304289 ], [ 120.799382496000021, 14.105224028000066 ], [ 120.796877259000212, 14.103118018000032 ], [ 120.7676809430003, 14.117736821 ], [ 120.769688801000029, 14.126114803000064 ], [ 120.768885238000053, 14.133428446999972 ], [ 120.765661591000026, 14.135577451000188 ], [ 120.764060591000089, 14.135759679000159 ], [ 120.762876112000072, 14.134965686999976 ], [ 120.759999519000189, 14.13504378500005 ], [ 120.759348706000196, 14.135798727000179 ], [ 120.757890885000279, 14.135512370000015 ], [ 120.755352715000072, 14.136384459000169 ], [ 120.754623805000165, 14.137074321000057 ], [ 120.75373869900011, 14.136566687000141 ], [ 120.75280152900018, 14.13693114199998 ], [ 120.751382757000215, 14.136215248000099 ], [ 120.75108338300015, 14.13747782500019 ], [ 120.750341456000115, 14.137634020000064 ], [ 120.7481026600002, 14.136866061000035 ], [ 120.746072124000193, 14.136579703000166 ], [ 120.745095904000095, 14.135954923000156 ], [ 120.742414555000209, 14.135239028000171 ], [ 120.741112930000213, 14.133481834000065 ], [ 120.74029290500016, 14.133338655000045 ], [ 120.739720190000071, 14.134132647000172 ], [ 120.739160491, 14.134366939000188 ], [ 120.737663622000127, 14.133390719999966 ], [ 120.736218817, 14.134848541000054 ], [ 120.73642707700003, 14.136176199000147 ], [ 120.734721947000139, 14.136436524000089 ], [ 120.73468289900029, 14.138258800000074 ], [ 120.732795541000087, 14.138388963000068 ], [ 120.732457119000173, 14.139026759000103 ], [ 120.729419410000105, 14.140384557000175 ], [ 120.728603443000338, 14.138527445000022 ], [ 120.728574613000092, 14.137590492000186 ], [ 120.728171003000057, 14.137431931000151 ], [ 120.726095292000196, 14.13355438800005 ], [ 120.715932958000167, 14.126534449000133 ], [ 120.715313128000162, 14.128523671999972 ], [ 120.713727515000187, 14.128076818000125 ], [ 120.713338319000286, 14.128898452999977 ], [ 120.711795951000227, 14.129979552000179 ], [ 120.710455388000014, 14.130570553000155 ], [ 120.709576094000113, 14.130570553000155 ], [ 120.708878490000188, 14.132143653000071 ], [ 120.708088743000076, 14.132204403000173 ], [ 120.707628780000164, 14.131813869000155 ], [ 120.706847711000023, 14.132195725000145 ], [ 120.706986568000275, 14.133089614000141 ], [ 120.708652848000156, 14.134807965000107 ], [ 120.707090711000092, 14.13767188300011 ], [ 120.706040607000091, 14.137706597000147 ], [ 120.704678077000153, 14.137168528000075 ], [ 120.703940401000068, 14.137463598000181 ], [ 120.702595227000074, 14.13735945600007 ], [ 120.702282800000148, 14.136361423000039 ], [ 120.7017447300002, 14.136022960000162 ], [ 120.700606395000023, 14.137319920000039 ], [ 120.698220505000336, 14.136949860000129 ], [ 120.698097006000012, 14.137148533000129 ], [ 120.698816523000119, 14.137390162000145 ], [ 120.699031304000187, 14.13782509400005 ], [ 120.698784306000221, 14.13847480700008 ], [ 120.699197760000288, 14.140869617000021 ], [ 120.698886327000196, 14.141342136000105 ], [ 120.699444758000141, 14.141266962000088 ], [ 120.7006099460001, 14.142539541000133 ], [ 120.700470338000059, 14.14327516700007 ], [ 120.701173747000098, 14.143919509999989 ], [ 120.701297246000081, 14.144440355000029 ], [ 120.700464969000109, 14.145734410999978 ], [ 120.699820625000029, 14.146169343000111 ], [ 120.699783039000181, 14.147388227000022 ], [ 120.698934653000151, 14.147356009000021 ], [ 120.698005724000041, 14.147769463000145 ], [ 120.697393598000076, 14.147490248000054 ], [ 120.696738515000106, 14.148403068000107 ], [ 120.696792210000012, 14.148827261000122 ], [ 120.697178817000122, 14.148940020999987 ], [ 120.697318424000059, 14.150636792000171 ], [ 120.696888862000037, 14.150905269000077 ], [ 120.696239149, 14.150717334999968 ], [ 120.696314322000148, 14.152881256000057 ], [ 120.695895499000017, 14.15384240200018 ], [ 120.69448370900011, 14.154577841 ], [ 120.694027337000193, 14.155324222000047 ], [ 120.694118228000093, 14.156241394000062 ], [ 120.693531569000015, 14.15651406700016 ], [ 120.693622460000142, 14.157670861000156 ], [ 120.694316536000201, 14.158075739000083 ], [ 120.694300010000234, 14.158406251000031 ], [ 120.69363072200008, 14.158720238 ], [ 120.694176068000274, 14.159554782000157 ], [ 120.692733375000216, 14.15960274400004 ], [ 120.69268127600003, 14.160193198 ], [ 120.69196925700021, 14.160500003000095 ], [ 120.692490246000034, 14.162045603000081 ], [ 120.69222975200023, 14.162549226000124 ], [ 120.692351316000099, 14.16342911900017 ], [ 120.692773896000062, 14.163573838000161 ], [ 120.692924404000109, 14.164291645000105 ], [ 120.693757986000151, 14.164453730000105 ], [ 120.695193601000028, 14.165663583000139 ], [ 120.695685646000129, 14.165530441000101 ], [ 120.706947940000077, 14.171281892000025 ], [ 120.707660537000038, 14.171308448000104 ], [ 120.707967271000143, 14.172113275000129 ], [ 120.707355363000147, 14.173088780000114 ], [ 120.706768555000053, 14.173506659000168 ], [ 120.705915015000187, 14.17342664 ], [ 120.705657175000169, 14.174333526000112 ], [ 120.704545794000296, 14.174520238000071 ], [ 120.704456884000024, 14.175044809000042 ], [ 120.703816729000096, 14.175249303000101 ], [ 120.702589765000198, 14.17500035400019 ], [ 120.701896264000084, 14.174262397000177 ], [ 120.7009004680001, 14.174644712000088 ], [ 120.700420352000037, 14.175231521000057 ], [ 120.698482105000153, 14.174226833000034 ], [ 120.697370725000042, 14.17400455700016 ], [ 120.695969398000329, 14.174375017000045 ], [ 120.694772071000102, 14.173616315000174 ], [ 120.694365059, 14.174450097000033 ], [ 120.693527325000332, 14.174955899000167 ], [ 120.69234975600034, 14.174817593000114 ], [ 120.691476459000114, 14.175220654000157 ], [ 120.690468807000229, 14.17523646 ], [ 120.68978123300019, 14.176078145000133 ], [ 120.689050192000195, 14.176307337000082 ], [ 120.688761727000042, 14.17747305100005 ], [ 120.689085757000043, 14.179132712000182 ], [ 120.688797292000231, 14.180104799000048 ], [ 120.687073836000081, 14.180809748 ], [ 120.684836095000151, 14.17993648300012 ], [ 120.684153857000183, 14.180482274000099 ], [ 120.680756311000096, 14.180905261000191 ], [ 120.678600439000206, 14.181764881000106 ], [ 120.677959135000037, 14.182351606000054 ], [ 120.675161959000093, 14.182324317 ], [ 120.675093735000132, 14.182829173000016 ], [ 120.673429074000182, 14.184043556000063 ], [ 120.673319916000196, 14.185626349000188 ], [ 120.672255625000162, 14.18621307300009 ], [ 120.672146467000175, 14.18744110200015 ], [ 120.671600676000025, 14.187836800000014 ], [ 120.670822925000266, 14.187686708000058 ], [ 120.670836570000233, 14.186485969000103 ], [ 120.670563675000153, 14.186172139000064 ], [ 120.668735277000224, 14.187059049000084 ], [ 120.666538470000091, 14.186445033999973 ], [ 120.666210996000018, 14.185708217000013 ], [ 120.665542402000028, 14.185639994000155 ], [ 120.664699096000277, 14.186312526000052 ], [ 120.662308594000024, 14.186090271000012 ], [ 120.661203368000088, 14.186649706000026 ], [ 120.659213383000179, 14.185650987000088 ], [ 120.65840315100013, 14.185721820000026 ], [ 120.659254506000138, 14.187691063000159 ], [ 120.660333124000203, 14.188489476000029 ], [ 120.660606219000101, 14.189199731000087 ], [ 120.661204004000069, 14.189552180000021 ], [ 120.661181183000053, 14.189946257000031 ], [ 120.66040316800013, 14.190533106000032 ], [ 120.659776610000108, 14.191828961000056 ], [ 120.65691414700018, 14.193512743999975 ], [ 120.656419381000092, 14.195457668000131 ], [ 120.65543772, 14.196523589000151 ], [ 120.65416886800017, 14.199334028000067 ], [ 120.654203808000034, 14.200107724000134 ], [ 120.651830404000066, 14.202537386000074 ], [ 120.650332889000083, 14.202602099000046 ], [ 120.649249105000081, 14.203513936999968 ], [ 120.649567603000037, 14.204208781000091 ], [ 120.650396215000228, 14.204818189000093 ], [ 120.650098324000169, 14.205843586000071 ], [ 120.650451095000108, 14.2064187900001 ], [ 120.650099138000201, 14.206894093000074 ], [ 120.650222892000102, 14.21005328800004 ], [ 120.650665081000056, 14.210459952000122 ], [ 120.650977506000231, 14.213115758000129 ], [ 120.651505016000215, 14.214137891000064 ], [ 120.651179056000046, 14.214442581000071 ], [ 120.649011492000113, 14.213760666000042 ], [ 120.647327062000159, 14.215026388000126 ], [ 120.646658336000087, 14.214570569000159 ], [ 120.646583021000197, 14.21326061000002 ], [ 120.645738643000072, 14.212778497000045 ], [ 120.645553777000259, 14.211928594000142 ], [ 120.643654617000152, 14.211481462000108 ], [ 120.642581199, 14.211755703000165 ], [ 120.64127248300008, 14.211184781000156 ], [ 120.638937454000029, 14.212567663000186 ], [ 120.638552060000166, 14.213096634000181 ], [ 120.637781274000076, 14.213096634000181 ], [ 120.636149020000062, 14.213935431000039 ], [ 120.633496607000097, 14.213882534000163 ], [ 120.632378211000059, 14.214230144000169 ], [ 120.631463846000202, 14.215235189000111 ], [ 120.630904648000069, 14.215378767000061 ], [ 120.629211940000232, 14.215242746000115 ], [ 120.628342916000065, 14.215741490000141 ], [ 120.627247190000048, 14.215665922000085 ], [ 120.626363053000091, 14.216119326000126 ], [ 120.62210105600002, 14.215106724 ], [ 120.621541858000114, 14.216149553000093 ], [ 120.621502185000054, 14.217475760000127 ], [ 120.621082787000205, 14.217861153000115 ], [ 120.621026111000106, 14.21868861500019 ], [ 120.620164644000056, 14.218110525000156 ], [ 120.619541213000048, 14.218620603999966 ], [ 120.618883778000054, 14.218541259000062 ], [ 120.618327367, 14.220240844000102 ], [ 120.620773696000128, 14.22098902800019 ], [ 120.62257931900001, 14.222315689000084 ], [ 120.624779379000188, 14.224452178000035 ], [ 120.625811414000054, 14.226380861000166 ], [ 120.625228723000077, 14.227716250000071 ], [ 120.625290746000132, 14.2287587510001 ], [ 120.623139178000088, 14.233946673 ], [ 120.62330906800014, 14.235264158000064 ], [ 120.623753163000174, 14.235450737000122 ], [ 120.623765233000086, 14.235868009000171 ], [ 120.624371056000086, 14.236329389000161 ], [ 120.624267226000029, 14.236623316000077 ], [ 120.624491188000093, 14.236521568000171 ], [ 120.623034341000221, 14.239552150000065 ], [ 120.622955757000113, 14.240403511000125 ], [ 120.624035309000078, 14.240329572000121 ], [ 120.624370350000049, 14.241512537 ], [ 120.623506071000179, 14.242062305000047 ], [ 120.622994014000028, 14.244098191000091 ], [ 120.623480020000102, 14.244534158000022 ], [ 120.624105119000205, 14.244568001000061 ], [ 120.623888009000325, 14.245137098000157 ], [ 120.624079127000186, 14.245802680000168 ], [ 120.624379003000058, 14.245819736000158 ], [ 120.622592423000242, 14.247945983000136 ], [ 120.622787673000062, 14.249115676000031 ], [ 120.621722513, 14.250533415000177 ], [ 120.621704427000168, 14.251696916000071 ], [ 120.621182341000122, 14.252565281000045 ], [ 120.622387445000186, 14.253549501000123 ], [ 120.621423105000304, 14.253519377000146 ], [ 120.620291583000153, 14.254641219000064 ], [ 120.620444523000174, 14.254954147000035 ], [ 120.6219759600001, 14.254276284000127 ], [ 120.622059685000067, 14.254859025000144 ], [ 120.622881091000181, 14.255629934000069 ], [ 120.623901175000015, 14.254022635000013 ], [ 120.625270302000217, 14.25473120700002 ], [ 120.626438002000214, 14.255895017000057 ], [ 120.625840857000071, 14.256427566000127 ], [ 120.626634404000129, 14.257122657000025 ], [ 120.626664255000037, 14.257571685000073 ], [ 120.625735525000096, 14.259359104000055 ], [ 120.623468522000167, 14.259335952000072 ], [ 120.622899308000115, 14.26051298800013 ], [ 120.62211366300005, 14.261253242000123 ], [ 120.622346501000152, 14.261834270000065 ], [ 120.622620709000103, 14.26161009100008 ], [ 120.622899634000191, 14.261898701000121 ], [ 120.623008389, 14.261605429000042 ], [ 120.623722364000059, 14.264164851000032 ], [ 120.623313410000151, 14.265026483000099 ], [ 120.623558784000011, 14.265417957000182 ], [ 120.622891327000275, 14.265888859000029 ], [ 120.622793235000017, 14.26672407500007 ], [ 120.624339794000093, 14.266112870000029 ], [ 120.625411615000075, 14.266474810000147 ], [ 120.62584873600008, 14.266893111 ], [ 120.625285640000016, 14.268122428000027 ], [ 120.625450467000064, 14.268611197000041 ], [ 120.626682188000018, 14.268493365000097 ], [ 120.62790476400005, 14.26737405700004 ], [ 120.629729350000048, 14.267875317000119 ], [ 120.630312215000231, 14.269285450000154 ], [ 120.629669112000215, 14.26964978400008 ], [ 120.63027841600001, 14.269670578000046 ], [ 120.630051957000205, 14.271713857000066 ], [ 120.630613969000137, 14.272212275000129 ], [ 120.63110376800023, 14.27183337800011 ], [ 120.63185218000001, 14.269896344000074 ], [ 120.632483354000215, 14.269335161000072 ], [ 120.632352199000024, 14.267448946000059 ], [ 120.632622247000199, 14.265833996000026 ], [ 120.634587644000021, 14.265468441999985 ], [ 120.635240479000117, 14.267497368000022 ], [ 120.636278518000154, 14.267363142000079 ], [ 120.638019406000126, 14.268139027000075 ], [ 120.637976518000073, 14.269024818999981 ], [ 120.638821772000028, 14.270124350000117 ], [ 120.638215857000091, 14.271737168000129 ], [ 120.6385991530002, 14.272783091000122 ], [ 120.638115981000055, 14.272855657000036 ], [ 120.638166206000164, 14.273200422000059 ], [ 120.638975066000171, 14.273278039 ], [ 120.639709066000137, 14.275519086000088 ], [ 120.640423817000169, 14.274882356000148 ], [ 120.640934339000182, 14.275048619000131 ], [ 120.641263557000229, 14.275765271000125 ], [ 120.641064850000021, 14.276364339000111 ], [ 120.641519179000056, 14.276678253000171 ], [ 120.641832924000141, 14.277871296 ], [ 120.643193198000063, 14.278966175000107 ], [ 120.643776560000219, 14.278636261000145 ], [ 120.644244825000101, 14.275474477000046 ], [ 120.646064077, 14.275299516000018 ], [ 120.646272285, 14.275747931000069 ], [ 120.646170544000029, 14.275239035000084 ], [ 120.644830374000207, 14.275195953000093 ], [ 120.645660243000179, 14.273295641000061 ], [ 120.646347491000029, 14.273238742000046 ], [ 120.646122797000089, 14.27395278400013 ], [ 120.646407464000276, 14.27331639099998 ], [ 120.647736318000057, 14.273057381000058 ], [ 120.648061828000209, 14.274137448000147 ], [ 120.648065540000175, 14.273688820000189 ], [ 120.649308426000175, 14.273798373999966 ], [ 120.649565982000013, 14.274268354000128 ], [ 120.649271163000208, 14.276643402000047 ], [ 120.646831622000036, 14.276734671000042 ], [ 120.650096506000182, 14.277038637000146 ], [ 120.650458977000085, 14.277907422000169 ], [ 120.650162402000092, 14.280099238000162 ], [ 120.650462890000085, 14.280305554000165 ], [ 120.650608293000118, 14.281216912000048 ], [ 120.651420745000223, 14.281401485000174 ], [ 120.651666047000049, 14.282311926000091 ], [ 120.652221816000178, 14.282945397 ], [ 120.653868224000121, 14.283800956 ], [ 120.654901930000051, 14.285381259000133 ], [ 120.655493677000095, 14.285755082000037 ], [ 120.656381640000063, 14.285452575000136 ], [ 120.65658579400008, 14.282729324000172 ], [ 120.656448165000029, 14.281170044000078 ], [ 120.655491065000206, 14.279965382000057 ], [ 120.655300044000114, 14.278968746000032 ], [ 120.656492520000029, 14.278243498000052 ], [ 120.657831940000165, 14.277968091000105 ], [ 120.658317607000299, 14.278023967000138 ], [ 120.658757139000045, 14.27903736900015 ], [ 120.659819835000121, 14.279811315000018 ], [ 120.661131338000132, 14.283931882 ], [ 120.66166996700008, 14.284139500000151 ], [ 120.662264956000172, 14.285057973 ], [ 120.662854992000121, 14.284910100000104 ], [ 120.663068034000162, 14.284488209000131 ], [ 120.66275634800013, 14.282478719000096 ], [ 120.663342993000128, 14.280829939000114 ], [ 120.664661999000145, 14.279960942000059 ], [ 120.666474680000078, 14.279949283000064 ], [ 120.6682497070002, 14.280628789000161 ], [ 120.66802594100011, 14.282168597 ], [ 120.668862679000085, 14.283075069000063 ], [ 120.669177974000149, 14.284922214000062 ], [ 120.669786145000103, 14.285710642000083 ], [ 120.67055270700007, 14.284885516000031 ], [ 120.672344763000069, 14.285204367000063 ], [ 120.673073550000026, 14.283130800000151 ], [ 120.67428846700011, 14.282464182000069 ], [ 120.675193591000038, 14.28266611700019 ], [ 120.675941786000067, 14.281263569000089 ], [ 120.677014117000226, 14.281054775000086 ], [ 120.677100975000144, 14.280100686000083 ], [ 120.678574033000018, 14.279800492000106 ], [ 120.681532699000172, 14.280251557000042 ], [ 120.681876603000205, 14.280668281999965 ], [ 120.68159470500018, 14.282789105000063 ], [ 120.68201019300011, 14.280694003000065 ], [ 120.682665221000093, 14.280545606000146 ], [ 120.682572581000045, 14.280839461000028 ], [ 120.683036140000127, 14.281010921000188 ], [ 120.683407995000039, 14.281803932000173 ], [ 120.683424137000202, 14.282519267999987 ], [ 120.684096134000129, 14.282665455000085 ], [ 120.684050939000031, 14.283033221000153 ], [ 120.68504239400022, 14.28316944900007 ], [ 120.685764406000089, 14.284216976000152 ], [ 120.686438096000074, 14.283450456000139 ], [ 120.687535400000115, 14.283459401000073 ], [ 120.689082007000025, 14.284827802000052 ], [ 120.689718360000029, 14.282995869000104 ], [ 120.690329783000266, 14.282649290000109 ], [ 120.690769475000025, 14.281669133000094 ], [ 120.692819758000155, 14.281194100000164 ], [ 120.694338204000019, 14.28166256999998 ], [ 120.695821150000143, 14.282575453000106 ], [ 120.696169710000049, 14.283241790000091 ], [ 120.697446771000273, 14.283895737000137 ], [ 120.698097559000075, 14.284856307000041 ], [ 120.703769973000135, 14.284771612000043 ], [ 120.705401817000165, 14.286481623000043 ], [ 120.707677047000288, 14.290185977000078 ], [ 120.708553895000023, 14.290272052000034 ], [ 120.710158005000039, 14.291699654000013 ], [ 120.710581649000119, 14.291510856000059 ], [ 120.711123229, 14.288552050000021 ], [ 120.712109684000325, 14.286540135000052 ], [ 120.714665103000129, 14.286536253000122 ], [ 120.715365611000152, 14.290276086000176 ], [ 120.715869927000313, 14.290807763000032 ], [ 120.716145925000092, 14.290619367999966 ], [ 120.715833568000107, 14.291225461000124 ], [ 120.716808363000155, 14.292171239000027 ], [ 120.71593810100012, 14.292100995999988 ], [ 120.715822319000154, 14.293343742000161 ], [ 120.716524270000036, 14.295347794000065 ], [ 120.718543897000018, 14.298285737000072 ], [ 120.722607154000116, 14.30154844000009 ], [ 120.72451336000006, 14.303780240000037 ], [ 120.730716615, 14.314525951000121 ], [ 120.732216230000063, 14.316260097999987 ], [ 120.733842864000167, 14.316430217000118 ], [ 120.738559922000036, 14.315310757000077 ], [ 120.74027714000033, 14.315498971000181 ], [ 120.743033931000127, 14.316412427000103 ], [ 120.746792428000276, 14.31809639800008 ], [ 120.751493424000046, 14.321737087000145 ], [ 120.75364363000017, 14.324067324999987 ], [ 120.758442668000043, 14.331084158000181 ], [ 120.758472303000076, 14.330402145000107 ], [ 120.756354891000228, 14.32659818400009 ], [ 120.757230554000103, 14.326430748000064 ], [ 120.758363548000034, 14.329061786000182 ], [ 120.759637843000064, 14.330359840000085 ], [ 120.763171018000094, 14.330882065000026 ], [ 120.763525113000014, 14.330581635000044 ], [ 120.764171952000311, 14.330722288000061 ], [ 120.764194532000033, 14.330990362000023 ], [ 120.764428738000106, 14.330697924 ], [ 120.764934614000026, 14.330902188000039 ], [ 120.765030999000032, 14.33056667600016 ], [ 120.766001381000024, 14.330477264000024 ], [ 120.768649460000233, 14.331668027999967 ], [ 120.773519773000089, 14.338670090000051 ], [ 120.773665324000149, 14.339389346000075 ], [ 120.775320815000214, 14.340646013000026 ], [ 120.778082167000093, 14.343791275000058 ], [ 120.78013226800033, 14.347821835000104 ], [ 120.780040344000213, 14.348132664000161 ], [ 120.780598515000065, 14.347944862000077 ], [ 120.780997741000078, 14.346719470000096 ], [ 120.78163513100003, 14.347068661000151 ], [ 120.780688726000221, 14.348303563000172 ], [ 120.781085015000031, 14.348202616000094 ], [ 120.780599121000137, 14.348359045000166 ], [ 120.780908315000147, 14.348680361000106 ], [ 120.780220829000086, 14.348931137000079 ], [ 120.780929602000015, 14.348719569000139 ], [ 120.780871313000148, 14.348948752000183 ], [ 120.780595606000134, 14.348922466000147 ], [ 120.78015014600021, 14.349343517000079 ], [ 120.780486338000173, 14.349184418000164 ], [ 120.781393497000181, 14.349609985000086 ], [ 120.784078763000139, 14.353262702000052 ], [ 120.786723535000078, 14.355074144000014 ], [ 120.786861964000082, 14.355649886000037 ], [ 120.788233597000158, 14.35695074500012 ], [ 120.791131823000114, 14.361325531000091 ], [ 120.792172816000061, 14.361570867000125 ], [ 120.79477621500007, 14.363758191000102 ], [ 120.795034619000148, 14.363342026000055 ], [ 120.794870393000224, 14.364443222000034 ], [ 120.795674484000074, 14.36456802400005 ], [ 120.797165592000169, 14.365760185 ], [ 120.800777910000079, 14.36890704800004 ], [ 120.800748927000086, 14.369170712000027 ], [ 120.801781148000146, 14.369747831999973 ], [ 120.803713149000032, 14.372031787000026 ], [ 120.803958229000045, 14.371762170000011 ], [ 120.804704371000298, 14.371893763000173 ], [ 120.804919440000049, 14.372516772000097 ], [ 120.805250102000059, 14.371721549000142 ], [ 120.805480964000026, 14.372205545000043 ], [ 120.806178542000112, 14.372096359000068 ], [ 120.806425202000128, 14.37173587500007 ], [ 120.807490693000091, 14.37195806200009 ], [ 120.807507262000172, 14.372207527 ], [ 120.808289520000017, 14.372088145000077 ], [ 120.810227463000047, 14.373138436000033 ], [ 120.812020288000326, 14.374682387000178 ], [ 120.814137073000097, 14.375633378999964 ], [ 120.816362452000249, 14.377449377000119 ], [ 120.816408744000341, 14.377885465000134 ], [ 120.820122178000133, 14.382081578000168 ], [ 120.824225942000226, 14.385636486000124 ], [ 120.824234520000232, 14.385053459000119 ], [ 120.824626501000012, 14.385343551000119 ], [ 120.827152056000045, 14.389073583000027 ], [ 120.827907263000043, 14.389358006 ], [ 120.828849754000316, 14.39039145400011 ], [ 120.831719650000082, 14.391927972000019 ], [ 120.833091975000229, 14.393172098000093 ], [ 120.833485177000057, 14.393294570000137 ], [ 120.833029306000071, 14.392596299000161 ], [ 120.834872654000037, 14.393741845000079 ], [ 120.836917362000122, 14.395685 ], [ 120.839857582000036, 14.400117743000067 ], [ 120.842063924000172, 14.406702695000092 ], [ 120.842506707000098, 14.406666822000034 ], [ 120.844042276000096, 14.41062990000006 ], [ 120.844976926000072, 14.41024597500018 ], [ 120.845316610000168, 14.409655749000024 ], [ 120.845827410000311, 14.409880274000045 ], [ 120.845415957000114, 14.41056195800013 ], [ 120.845675574000211, 14.412827446000165 ], [ 120.846162046000131, 14.415005531000133 ], [ 120.846971472000291, 14.416538380000077 ], [ 120.846074028000089, 14.417528511 ], [ 120.846854317000066, 14.41674881299997 ], [ 120.84813642000006, 14.418283494000036 ], [ 120.847962, 14.418447882000123 ], [ 120.848332508000112, 14.419134085000167 ], [ 120.851754372000073, 14.422470927 ], [ 120.857275245000096, 14.42258406600007 ], [ 120.858269017000111, 14.422089062000168 ], [ 120.858601985000064, 14.422193736999986 ], [ 120.858462089000113, 14.422478275000117 ], [ 120.858678441000052, 14.422220338000159 ], [ 120.859961667000107, 14.422877508 ], [ 120.860160317000236, 14.422632125000064 ], [ 120.860844195000027, 14.422848492000071 ], [ 120.862073138000142, 14.423801029000117 ], [ 120.861700365000161, 14.424477222 ], [ 120.863223753000057, 14.425273491000098 ], [ 120.863172477000035, 14.425687055000026 ], [ 120.863540001000274, 14.425389922000079 ], [ 120.866180703000282, 14.42793200400007 ], [ 120.866102073000206, 14.428180354000176 ], [ 120.867787546000272, 14.429023290000146 ], [ 120.869264522000094, 14.430665559000033 ], [ 120.869729527000118, 14.430891314000121 ], [ 120.868713588000332, 14.429910454000151 ], [ 120.86931919600022, 14.430208762000177 ], [ 120.870305003000112, 14.430122208000114 ], [ 120.871166401000323, 14.431157098000085 ], [ 120.871497914000315, 14.430924067000092 ], [ 120.871155073000068, 14.431417184000111 ], [ 120.871169348000308, 14.432560625000121 ], [ 120.873287461000018, 14.437027675000081 ], [ 120.876087649000056, 14.445889499000032 ], [ 120.877387439000131, 14.452854408000178 ], [ 120.8797893200001, 14.461500967000177 ], [ 120.882280347000119, 14.464105847000042 ], [ 120.884613831000138, 14.467561788000069 ], [ 120.885201652000319, 14.47055374700011 ], [ 120.885689429000081, 14.472228490000191 ], [ 120.885313450000012, 14.470593447000169 ], [ 120.886553526000057, 14.472143705 ], [ 120.886299797000106, 14.472773113000073 ], [ 120.886448618000145, 14.473585804000038 ], [ 120.886238340000091, 14.47354384700003 ], [ 120.885908818000075, 14.472572772000092 ], [ 120.885806145000174, 14.472483302000114 ], [ 120.88676205500019, 14.474837166000043 ], [ 120.886622558000113, 14.475180544000011 ], [ 120.886850842000172, 14.474943946000167 ], [ 120.886460414000226, 14.473985616999983 ], [ 120.887248218000195, 14.475040397000043 ], [ 120.887680996000086, 14.476703414000099 ], [ 120.887032545000011, 14.475341910000054 ], [ 120.886967245000164, 14.475249991000169 ], [ 120.886925659000099, 14.475270170000158 ], [ 120.887994620000086, 14.477478571000177 ], [ 120.888419659000078, 14.477626784000108 ], [ 120.889066109000055, 14.479125477000025 ], [ 120.889464869000221, 14.479237603000058 ], [ 120.889323877000038, 14.47947208 ], [ 120.889673363000043, 14.479294886000105 ], [ 120.890189674000226, 14.480106563 ], [ 120.890589907000049, 14.482459961000075 ], [ 120.890335710000045, 14.482767657000124 ], [ 120.890713436000055, 14.482576398 ], [ 120.891481909000277, 14.484155554000097 ], [ 120.891173352000237, 14.484528259000115 ], [ 120.891584630000011, 14.484642668000106 ], [ 120.891241888000081, 14.485002579000081 ], [ 120.891468046000114, 14.486690065000118 ], [ 120.891887492000023, 14.486956823000128 ], [ 120.891632645000186, 14.487468014000058 ], [ 120.892100958000242, 14.487342529000102 ], [ 120.892169920000129, 14.488865059000148 ], [ 120.892476382000041, 14.489310911000075 ], [ 120.892152187000306, 14.489517083000067 ], [ 120.892684587000304, 14.489479821000032 ], [ 120.893111116000341, 14.489996580000025 ], [ 120.893052085000022, 14.491182428000116 ], [ 120.893620047000127, 14.491692466000018 ], [ 120.898114390000046, 14.493503652000129 ], [ 120.899751972000217, 14.495233277000182 ], [ 120.899858726000161, 14.49577904400013 ], [ 120.900042431000202, 14.49536156500011 ], [ 120.900042110000072, 14.495702080000115 ], [ 120.900306399000328, 14.495462167000085 ], [ 120.907275825000056, 14.498242373000096 ], [ 120.907520024000064, 14.498964633000185 ], [ 120.907519569000101, 14.498596268000142 ], [ 120.90784685500023, 14.498494899000036 ], [ 120.911981565000019, 14.500226307000105 ], [ 120.917759578000187, 14.499016696000126 ], [ 120.919393377000233, 14.497607159000097 ], [ 120.91902949200005, 14.495794513000078 ], [ 120.917330623000112, 14.495616896 ], [ 120.917090276000067, 14.496047115000181 ], [ 120.916168052000103, 14.495874385000093 ], [ 120.916741382000282, 14.495607695000047 ], [ 120.916058434000092, 14.495867475000068 ], [ 120.914954621000106, 14.495748041000127 ], [ 120.914888787000223, 14.495474570000169 ], [ 120.913599049000254, 14.495393885000112 ], [ 120.911950654000066, 14.49464225100013 ], [ 120.910342496000226, 14.493458649000047 ], [ 120.909794754000018, 14.493866021000031 ], [ 120.909972172000153, 14.493383509000068 ], [ 120.909629521000056, 14.492753314000026 ], [ 120.908910553000283, 14.493337634000056 ], [ 120.908971454000039, 14.493047400000023 ], [ 120.908685906000073, 14.493161020000059 ], [ 120.908880786000054, 14.492800842000065 ], [ 120.908034526000051, 14.493076221000024 ], [ 120.906427112000074, 14.490942404000123 ], [ 120.906815071000096, 14.490599896000049 ], [ 120.906746193000117, 14.490480433000187 ], [ 120.906344246000117, 14.490794180000137 ], [ 120.904817930000149, 14.488991138000188 ], [ 120.905056895000143, 14.488764293000145 ], [ 120.904497925000214, 14.488415953000072 ], [ 120.90477158200008, 14.488025848000063 ], [ 120.904477443000133, 14.488105621000159 ], [ 120.904264825000155, 14.487537818000021 ], [ 120.90404933100001, 14.487635427000157 ], [ 120.904220802000168, 14.487445054000148 ], [ 120.903329597000038, 14.486850278000134 ], [ 120.903366458000164, 14.485975296000049 ], [ 120.903148612000223, 14.48591535900016 ], [ 120.903512650000152, 14.485720985000057 ], [ 120.903340429000195, 14.484998484000016 ], [ 120.903622175000237, 14.484869149000076 ], [ 120.903124822000223, 14.484396041000025 ], [ 120.903380398000081, 14.48444197900011 ], [ 120.903508978000218, 14.483727005999981 ], [ 120.903980706000198, 14.483793676000175 ], [ 120.904390891000048, 14.484498426000073 ], [ 120.905548427000099, 14.483835959000032 ], [ 120.908456560000104, 14.483211453000081 ], [ 120.909051617000046, 14.48342878 ], [ 120.909181090000061, 14.484615533000067 ], [ 120.909285861000058, 14.483405872000048 ], [ 120.910289633000161, 14.483756089000167 ], [ 120.910695791000194, 14.483424961000139 ], [ 120.910858701000052, 14.483993594000026 ], [ 120.911113202000024, 14.483647653999981 ], [ 120.912342650000141, 14.48354282400004 ], [ 120.912349818000052, 14.483884898999975 ], [ 120.912407143000223, 14.48355446100004 ], [ 120.913077641000086, 14.483588299000132 ], [ 120.913445951000199, 14.483870607000085 ], [ 120.913380708000091, 14.484373258000176 ], [ 120.913515008000104, 14.484404434000112 ], [ 120.913508089000061, 14.483865234000064 ], [ 120.917110119000199, 14.483306397000092 ], [ 120.917104495000217, 14.484156521000102 ], [ 120.916782723000097, 14.484133593000138 ], [ 120.917117005000023, 14.484270105000064 ], [ 120.919436348000204, 14.483110911999972 ], [ 120.920988395000222, 14.480790689000116 ], [ 120.920537531000036, 14.480532573000119 ], [ 120.919738700000153, 14.481565608000039 ], [ 120.919471258000044, 14.48142858600005 ], [ 120.919611683000198, 14.480890002000081 ], [ 120.918963795000082, 14.481815311 ], [ 120.919625829000097, 14.479732125000112 ], [ 120.918652764000171, 14.479348355000184 ], [ 120.917923049000137, 14.481132409000168 ], [ 120.916925191000132, 14.480723449000095 ], [ 120.917478232, 14.47915522500017 ], [ 120.916831408000121, 14.480701329 ], [ 120.915602772000057, 14.480238473000099 ], [ 120.914869247000183, 14.480810155000142 ], [ 120.91312818900019, 14.48048154300011 ], [ 120.911832508000202, 14.48071150800007 ], [ 120.911172488000147, 14.480438469000148 ], [ 120.909466590000193, 14.480748279000181 ], [ 120.909025868000185, 14.48058420000018 ], [ 120.909120887000086, 14.480158989000074 ], [ 120.909001395000018, 14.480579307000028 ], [ 120.908292640000013, 14.480163175000087 ], [ 120.908112722000055, 14.480727523000041 ], [ 120.908456040000033, 14.481053281000186 ], [ 120.905689766000023, 14.48106242700004 ], [ 120.905035224000017, 14.480740547000096 ], [ 120.904978569000036, 14.480145165000181 ], [ 120.904514271000153, 14.480267842000103 ], [ 120.904661962000205, 14.47986980100012 ], [ 120.904201397000065, 14.480052938000085 ], [ 120.904505103000133, 14.479172683 ], [ 120.904171342000154, 14.478759947000128 ], [ 120.904391668000017, 14.478435549000153 ], [ 120.903898624000135, 14.478466752000145 ], [ 120.903944087000013, 14.476536094000096 ], [ 120.901518384000155, 14.476288741000133 ], [ 120.901417808000019, 14.475958283000182 ], [ 120.901198757000088, 14.476172778000034 ], [ 120.897490795000067, 14.474675011000045 ], [ 120.89703915400014, 14.475310687000047 ], [ 120.897061254000164, 14.47434132900014 ], [ 120.89630253200005, 14.474482762000036 ], [ 120.896769087000052, 14.47402815900017 ], [ 120.896401419000199, 14.474231288000169 ], [ 120.896278080000229, 14.474167810000097 ], [ 120.896840255000029, 14.473892678000027 ], [ 120.896848225000213, 14.473745602000122 ], [ 120.896121198000174, 14.47350390400004 ], [ 120.896711245000233, 14.473419799999988 ], [ 120.896712617000162, 14.473024924000185 ], [ 120.895885738000061, 14.472857602000033 ], [ 120.895829480000202, 14.472512337000126 ], [ 120.894968435000123, 14.472815517000186 ], [ 120.894062038000015, 14.47103481500011 ], [ 120.89345344600008, 14.470696839000027 ], [ 120.893569457000012, 14.470381078000116 ], [ 120.892698084000131, 14.469956311000033 ], [ 120.892812013000025, 14.469459673000188 ], [ 120.891940102000262, 14.469175372000166 ], [ 120.892136599000082, 14.468552128000113 ], [ 120.891730790000224, 14.468367478000118 ], [ 120.891993839000179, 14.468008209000175 ], [ 120.891281138000068, 14.46823270100009 ], [ 120.890323250000051, 14.467491571000039 ], [ 120.890456174000064, 14.467080838000072 ], [ 120.889714872000013, 14.467136447000144 ], [ 120.88936581400003, 14.466734441000085 ], [ 120.889016688000311, 14.467121290000023 ], [ 120.889031165, 14.466767464999975 ], [ 120.888665685000319, 14.466907744000139 ], [ 120.888148686000136, 14.466497130000107 ], [ 120.888390805000313, 14.466054019000126 ], [ 120.888067141000192, 14.46572085300005 ], [ 120.887025736000055, 14.465641273000074 ], [ 120.88677455800007, 14.46444967900004 ], [ 120.888143615000104, 14.46391088300004 ], [ 120.888203099000066, 14.463618423000014 ], [ 120.88743632600017, 14.463270206000061 ], [ 120.886507211000094, 14.463416615000028 ], [ 120.886189008000088, 14.461577489000092 ], [ 120.886571919000062, 14.461281338 ], [ 120.885699857000077, 14.461436240000012 ], [ 120.885179972000174, 14.46009123500005 ], [ 120.884930807000046, 14.460055876000069 ], [ 120.885018721000051, 14.459384692000128 ], [ 120.885843468000303, 14.458831110000119 ], [ 120.885838253000315, 14.458523790000129 ], [ 120.88630817100011, 14.458528950000186 ], [ 120.886911239000142, 14.459279501000026 ], [ 120.887445521000132, 14.45920824600006 ], [ 120.887320661000103, 14.458827457000098 ], [ 120.887682770000083, 14.458898850000082 ], [ 120.887322307000204, 14.458287063000171 ], [ 120.887632692000011, 14.45830076600015 ], [ 120.887643709000145, 14.457995658000129 ], [ 120.887820819000012, 14.458200606 ], [ 120.887886747000039, 14.457575022000128 ], [ 120.888568834000012, 14.457133850000048 ], [ 120.886935638000068, 14.456058376000044 ], [ 120.886987396000109, 14.455874710000103 ], [ 120.888654001000077, 14.456257457000106 ], [ 120.889143162000096, 14.45572623400011 ], [ 120.888929557000097, 14.45482891600011 ], [ 120.889618242000211, 14.454907767000122 ], [ 120.890157563000116, 14.454414834000147 ], [ 120.889769173000104, 14.453671311000164 ], [ 120.890371694, 14.45359700400013 ], [ 120.890362084000117, 14.452965704000121 ], [ 120.891054909000104, 14.453394627000023 ], [ 120.891211243000043, 14.452595019000114 ], [ 120.891694786000016, 14.452367540000012 ], [ 120.891583375000323, 14.451986831000056 ], [ 120.890877842000123, 14.452142809000179 ], [ 120.890766354000107, 14.452319285000044 ], [ 120.891165506000107, 14.452384975000143 ], [ 120.888734209000177, 14.453301222 ], [ 120.889792692000015, 14.452411310000116 ], [ 120.889608222000106, 14.450550798000165 ], [ 120.889926421000041, 14.450911848000032 ], [ 120.891601029000185, 14.450247618000105 ], [ 120.892235201000062, 14.450640764000127 ], [ 120.893881424000142, 14.449824828000146 ], [ 120.894737159000101, 14.449848124000084 ], [ 120.895580935000112, 14.451365921 ], [ 120.895479963000184, 14.45202302600012 ], [ 120.89483964700014, 14.452132008999968 ], [ 120.894517756000027, 14.452563939000186 ], [ 120.894914271000061, 14.45285780800009 ], [ 120.894926968000163, 14.455591222000123 ], [ 120.89664366500017, 14.455539946000158 ], [ 120.89681650700004, 14.456566324000164 ], [ 120.898215398000048, 14.457358250000141 ], [ 120.898495272000105, 14.455833428000062 ], [ 120.898593525000024, 14.457256367000127 ], [ 120.898759591000044, 14.457398042000023 ], [ 120.898650921000012, 14.456598961000111 ], [ 120.899013796000077, 14.456557181 ], [ 120.898652447000131, 14.456504398 ], [ 120.898543713000322, 14.454982788000052 ], [ 120.900110228000017, 14.455160711000133 ], [ 120.900425667000036, 14.457418504000145 ], [ 120.900545674000114, 14.455871645000116 ], [ 120.900172172000111, 14.455031828000187 ], [ 120.900499016000026, 14.455153518000145 ], [ 120.899932438000064, 14.453657419000081 ], [ 120.900666621000141, 14.453508131000149 ], [ 120.901019209000196, 14.451936774000103 ], [ 120.899872773000197, 14.45117462200011 ], [ 120.89922802600006, 14.450309189000166 ], [ 120.899365607000163, 14.450055846000055 ], [ 120.899678307000045, 14.450428883000086 ], [ 120.89961130800009, 14.450071004000051 ], [ 120.899936896000099, 14.450032605 ], [ 120.899920809000037, 14.450290218000077 ], [ 120.900258584000198, 14.449800579000168 ], [ 120.90066200800004, 14.449944967000022 ], [ 120.901068400000099, 14.448563620000073 ], [ 120.900821297000107, 14.45000187200003 ], [ 120.901104524000061, 14.450790399000027 ], [ 120.901088759000231, 14.450124513000162 ], [ 120.901774719000173, 14.450172361 ], [ 120.901279923000061, 14.449981233000187 ], [ 120.901402209000025, 14.449155789000088 ], [ 120.901530123000157, 14.449390163000146 ], [ 120.902367185000116, 14.449133510000138 ], [ 120.901964861000238, 14.448902075999968 ], [ 120.902031525000098, 14.448567964000063 ], [ 120.902688490000173, 14.44904165600019 ], [ 120.902683739000054, 14.450961706000044 ], [ 120.902378482000131, 14.451898346000121 ], [ 120.902881277, 14.456379509000044 ], [ 120.904995142000075, 14.456643006000093 ], [ 120.905724093000117, 14.454046714000071 ], [ 120.905412616000149, 14.456454865000069 ], [ 120.905593300000191, 14.457783328000119 ], [ 120.906774352000184, 14.457539448000034 ], [ 120.906793691000075, 14.457143518000123 ], [ 120.905523023000114, 14.457187188000034 ], [ 120.905524985000284, 14.456466047000106 ], [ 120.906592046000014, 14.456201895000106 ], [ 120.907480134000139, 14.456234164000023 ], [ 120.907595803000049, 14.45725735700006 ], [ 120.909087809000198, 14.457477179000136 ], [ 120.909178623000116, 14.454820663000021 ], [ 120.909313615000087, 14.455998916000112 ], [ 120.910601047000227, 14.45603998100006 ], [ 120.91079597800001, 14.453433116999975 ], [ 120.911458883000137, 14.453543942000181 ], [ 120.911183860000165, 14.453780122000182 ], [ 120.911187474000144, 14.455708868999977 ], [ 120.912535842000125, 14.455709939000087 ], [ 120.913094336000199, 14.452123082000071 ], [ 120.913756003000117, 14.45080356200009 ], [ 120.913235140000097, 14.450575776000107 ], [ 120.913428751000197, 14.449426447000121 ], [ 120.913965615000052, 14.449943689000122 ], [ 120.913832498000147, 14.450677213000063 ], [ 120.914136068000062, 14.4499714210001 ], [ 120.915659435000066, 14.450513012000044 ], [ 120.915918588000068, 14.45373975800004 ], [ 120.916727211000079, 14.455234915000062 ], [ 120.916586586000108, 14.455783081999982 ], [ 120.917636480000056, 14.455894737999984 ], [ 120.917839884000045, 14.45629723899998 ], [ 120.918101210000032, 14.456152908000035 ], [ 120.918104413000037, 14.457921872000043 ], [ 120.917305785000167, 14.458053450000079 ], [ 120.918081026000095, 14.45807950000011 ], [ 120.917728712000098, 14.458246765000183 ], [ 120.917820004000191, 14.459378469000058 ], [ 120.917503870000132, 14.459743440000125 ], [ 120.918225588000155, 14.460905917000105 ], [ 120.918195062000109, 14.46189683700004 ], [ 120.919523595000214, 14.461845123000046 ], [ 120.92087090300015, 14.460402928000178 ], [ 120.920970867000051, 14.459767601000067 ], [ 120.921207224000113, 14.459933206000187 ], [ 120.92269909200013, 14.459479816000169 ], [ 120.922952595000083, 14.460148752000066 ], [ 120.921283079000091, 14.460887662000118 ], [ 120.920669738000242, 14.461897712000052 ], [ 120.918817275000038, 14.463448218000053 ], [ 120.916566557000124, 14.464228821000063 ], [ 120.919407546000116, 14.467669730000125 ], [ 120.920540893000179, 14.467657461000101 ], [ 120.923383371000114, 14.464276237000092 ], [ 120.923356403000071, 14.463453407000031 ], [ 120.923847602000137, 14.463581669000177 ], [ 120.923430866000103, 14.463681005000069 ], [ 120.923835301000054, 14.464015061000168 ], [ 120.92359637900006, 14.464318281000033 ], [ 120.924081225, 14.46450185700013 ], [ 120.923781587000235, 14.464254168000139 ], [ 120.92441057200017, 14.463831691000109 ], [ 120.924191690000157, 14.463394136000034 ], [ 120.924499534, 14.463289217000124 ], [ 120.924248016000206, 14.463162716000056 ], [ 120.924693855000214, 14.461443308000071 ], [ 120.925498558000072, 14.461879477000025 ], [ 120.92700375700008, 14.46079060500017 ], [ 120.937125704000096, 14.46434905000018 ], [ 120.949207136000155, 14.466798594000181 ], [ 120.956740505000198, 14.469163460000061 ], [ 120.961415045000081, 14.471007570000097 ], [ 120.961317728000154, 14.472060695999971 ], [ 120.961814583000091, 14.47281081400007 ], [ 120.96502742600012, 14.472567162000132 ], [ 120.969930450000106, 14.475450371000079 ] ] ], [ [ [ 120.579776914000036, 14.372495062000098 ], [ 120.579057917000114, 14.372707117000175 ], [ 120.579116323000108, 14.373093825000183 ], [ 120.578716071000031, 14.373449324000035 ], [ 120.577351714000088, 14.374027769000179 ], [ 120.575738125000044, 14.374115555000174 ], [ 120.572808510000073, 14.373454572000071 ], [ 120.571052186000202, 14.374367596000127 ], [ 120.570091584000124, 14.374061496000024 ], [ 120.569880549000118, 14.374366332000022 ], [ 120.570145504000152, 14.374942634000092 ], [ 120.569616322000229, 14.375621357000057 ], [ 120.568880817000036, 14.375567219000175 ], [ 120.568823208000026, 14.376012896000191 ], [ 120.567780658000061, 14.376662684000166 ], [ 120.566776576000279, 14.376175564000164 ], [ 120.566754160000073, 14.377652722000164 ], [ 120.564229782000098, 14.379613226 ], [ 120.562073680000026, 14.38435448600012 ], [ 120.562295404000224, 14.385255536000045 ], [ 120.563306003000093, 14.386312755 ], [ 120.564174734000289, 14.388065888000028 ], [ 120.563631200000259, 14.388472838000155 ], [ 120.564201774000026, 14.388595950000024 ], [ 120.56492315700018, 14.38826591600008 ], [ 120.570108116000029, 14.390217120000045 ], [ 120.573126092000052, 14.39269701700016 ], [ 120.577489402000083, 14.392164787000183 ], [ 120.579167453000082, 14.392760385000088 ], [ 120.580060300000014, 14.392412403000037 ], [ 120.581488614000023, 14.391227043000015 ], [ 120.584182582000039, 14.388326475000042 ], [ 120.584477420000098, 14.388227858000107 ], [ 120.584893512, 14.388987536000116 ], [ 120.585373403000062, 14.389114310000082 ], [ 120.584489227000063, 14.388149923000185 ], [ 120.585993495000025, 14.387567503000128 ], [ 120.586614124000107, 14.387876707000089 ], [ 120.586082693000094, 14.388624698000115 ], [ 120.586800448000076, 14.388790127 ], [ 120.586898718000043, 14.388438936000171 ], [ 120.587495416000024, 14.388465834000101 ], [ 120.587455959000067, 14.388913542000182 ], [ 120.587696359, 14.38851281400008 ], [ 120.588137278000204, 14.388896726000041 ], [ 120.588977419000344, 14.390843662 ], [ 120.590165326000147, 14.390529325000045 ], [ 120.590553776000093, 14.390853542000116 ], [ 120.590637866000179, 14.3915388530001 ], [ 120.591992187000073, 14.390881217000185 ], [ 120.592589605000057, 14.391018158000065 ], [ 120.592714397000123, 14.391433500000176 ], [ 120.594518607000168, 14.390802079000025 ], [ 120.595247568000218, 14.391210801000113 ], [ 120.59547335600007, 14.392163427000071 ], [ 120.595912444000078, 14.392516962000116 ], [ 120.602115471000047, 14.391208934000019 ], [ 120.602898932000016, 14.39172021700017 ], [ 120.603273440000066, 14.392734729999972 ], [ 120.6041684730003, 14.393332726000096 ], [ 120.607884082000169, 14.393892833000166 ], [ 120.613679362000084, 14.391906908000067 ], [ 120.615434882000045, 14.391004076000172 ], [ 120.619092689000013, 14.387519739000084 ], [ 120.620447296000293, 14.385737173 ], [ 120.620086744000105, 14.385575772000095 ], [ 120.618918239000209, 14.387000856000043 ], [ 120.615301383000087, 14.390106677000063 ], [ 120.614276743000232, 14.390597836000097 ], [ 120.611900682000169, 14.390710700000056 ], [ 120.610489327000209, 14.39113951600018 ], [ 120.607795754000108, 14.391028745000142 ], [ 120.606821085000092, 14.389608495000061 ], [ 120.60704183100006, 14.388862626000048 ], [ 120.606690960000037, 14.38909213200003 ], [ 120.606130857000153, 14.38848346900005 ], [ 120.605028517000051, 14.38858231100005 ], [ 120.604931580000084, 14.388138698000034 ], [ 120.604364633000046, 14.387871855000071 ], [ 120.603277826000067, 14.387671265000165 ], [ 120.60284818200023, 14.388214317000177 ], [ 120.601532700000121, 14.3882091750001 ], [ 120.600423226000089, 14.386449695000181 ], [ 120.600286319000134, 14.386702204000187 ], [ 120.599357972000121, 14.386704752000071 ], [ 120.598939289000214, 14.386250142000108 ], [ 120.598809044000177, 14.386628398000141 ], [ 120.597407173000079, 14.387518151000108 ], [ 120.596346944000061, 14.387887101000103 ], [ 120.593137158000218, 14.387530225000035 ], [ 120.592191031000311, 14.386840108000058 ], [ 120.591911008000011, 14.385755282 ], [ 120.590889532, 14.384471563000091 ], [ 120.58976521000011, 14.384704950000128 ], [ 120.589119732000086, 14.384469039000066 ], [ 120.589267380000138, 14.383353056000033 ], [ 120.588798611000129, 14.384634258000176 ], [ 120.586629019000043, 14.384099071000037 ], [ 120.585277089000101, 14.383133041 ], [ 120.584088423000139, 14.380657025000119 ], [ 120.584473952000167, 14.377729893000094 ], [ 120.583939673000032, 14.375449610000146 ], [ 120.583372421000036, 14.375265989000127 ], [ 120.582309658000099, 14.37406173800008 ], [ 120.580197189000046, 14.373474353000063 ], [ 120.579698354000243, 14.372909845000038 ], [ 120.579776914000036, 14.372495062000098 ] ] ], [ [ [ 120.622042154000269, 14.383082582000043 ], [ 120.621223227000087, 14.383863872000177 ], [ 120.6211975330001, 14.384425319000172 ], [ 120.622042154000269, 14.383082582000043 ] ] ], [ [ [ 120.618463346000112, 14.364570555000171 ], [ 120.613905758000101, 14.364601547000063 ], [ 120.612163423000084, 14.365468084999975 ], [ 120.618346481000117, 14.366641191999975 ], [ 120.619364178000069, 14.36757986900011 ], [ 120.619712245000187, 14.367409755000097 ], [ 120.619576620000203, 14.368034934000036 ], [ 120.620071085000177, 14.367327589000013 ], [ 120.622393645000102, 14.370176908000133 ], [ 120.622704987000134, 14.37017953700007 ], [ 120.623483409000073, 14.368545516000154 ], [ 120.62339273300006, 14.36686469000017 ], [ 120.620238617000041, 14.36507332900004 ], [ 120.618463346000112, 14.364570555000171 ] ] ], [ [ [ 120.711669459000063, 14.290802768000049 ], [ 120.711006102000169, 14.292259558000183 ], [ 120.710997318000295, 14.293289375000029 ], [ 120.710701228000175, 14.293263007000121 ], [ 120.710639063000031, 14.293612406000022 ], [ 120.711552501000142, 14.294001596000044 ], [ 120.712578632000032, 14.295106114000134 ], [ 120.713284062000184, 14.294889535000095 ], [ 120.713919611000051, 14.29520237700001 ], [ 120.714178995000225, 14.295464825000067 ], [ 120.713819453000156, 14.296505712000112 ], [ 120.714769037000224, 14.296902994000163 ], [ 120.714294870000117, 14.296243120000099 ], [ 120.714445019000209, 14.295262853000054 ], [ 120.714203422000196, 14.294879717000128 ], [ 120.714472101000297, 14.291528958000129 ], [ 120.71373647300004, 14.289228899000136 ], [ 120.712995478000039, 14.288014443 ], [ 120.712007353000104, 14.288837935000117 ], [ 120.711669459000063, 14.290802768000049 ] ] ], [ [ [ 120.615703084000188, 14.263993894 ], [ 120.615380241000025, 14.263946492 ], [ 120.614789645000201, 14.265013325000098 ], [ 120.614340709000317, 14.265254917 ], [ 120.614074532000018, 14.266471798000055 ], [ 120.61365253800011, 14.266022820000046 ], [ 120.612517278000041, 14.266657832000021 ], [ 120.612819048000119, 14.267638841000064 ], [ 120.613725865000106, 14.267236540000113 ], [ 120.614176832000226, 14.267505891999974 ], [ 120.614092851000237, 14.268941249000022 ], [ 120.613552225000149, 14.269312173000174 ], [ 120.613434199000153, 14.269837390000191 ], [ 120.613999394000075, 14.270497287000126 ], [ 120.613858335000032, 14.27160667000004 ], [ 120.613724865000222, 14.271249953000051 ], [ 120.613034559000084, 14.271739751000098 ], [ 120.613224015000128, 14.272345787000177 ], [ 120.614453986000058, 14.272257588000059 ], [ 120.614384997000116, 14.271183932000042 ], [ 120.614929238000059, 14.270585471000174 ], [ 120.614599663000035, 14.268962300000055 ], [ 120.61510233700028, 14.267661525000165 ], [ 120.615703084000188, 14.263993894 ] ] ] ] } },
{ "type": "Feature", "properties": { "psgc_code": "04034", "name": "Laguna", "region": "Region IV-A (Calabarzon)", "province": "Laguna", "level": "province" }, "geometry": { "type": "MultiPolygon", "coordinates": [ [ [ [ 121.452005187000168, 14.595771359000025 ], [ 121.461618015000113, 14.58395527000016 ], [ 121.480674212000054, 14.556779521000067 ], [ 121.480817217000208, 14.547222733000183 ], [ 121.482382567000059, 14.544518945999982 ], [ 121.484422931000154, 14.543368237000095 ], [ 121.486267549000331, 14.540874504000101 ], [ 121.485038209000095, 14.53949162400005 ], [ 121.481636915000195, 14.537365815000101 ], [ 121.481158608000101, 14.535665168000037 ], [ 121.509341840000047, 14.533183663000102 ], [ 121.519101859000102, 14.53377995600016 ], [ 121.529563973000108, 14.53286397200003 ], [ 121.531655910000154, 14.518426139000155 ], [ 121.534630265000146, 14.509421780000025 ], [ 121.550474434000193, 14.492387305000079 ], [ 121.548903863000191, 14.491098865000026 ], [ 121.54437078300009, 14.489368226000124 ], [ 121.544646256000078, 14.487830772000052 ], [ 121.542895608000208, 14.487206201 ], [ 121.542237387000341, 14.486601037000014 ], [ 121.542217794000067, 14.484217028000046 ], [ 121.540120732000105, 14.48392139200007 ], [ 121.539728761000106, 14.482702805000088 ], [ 121.538604242000019, 14.48239589200017 ], [ 121.538414320000129, 14.480419618999974 ], [ 121.537112668000077, 14.479759324000156 ], [ 121.536391524000123, 14.47978058700005 ], [ 121.533592622000015, 14.480666494000047 ], [ 121.532816449000165, 14.478798380000057 ], [ 121.533481048000112, 14.47618553600006 ], [ 121.532388027000025, 14.475539703000152 ], [ 121.532493051000074, 14.474566307000089 ], [ 121.531517391000079, 14.474358755000139 ], [ 121.529397142000107, 14.474941182000123 ], [ 121.527739893000216, 14.474406853000062 ], [ 121.527566730000217, 14.474106745000086 ], [ 121.527947152000024, 14.473264620000123 ], [ 121.526986440000087, 14.473403382000072 ], [ 121.526955341000303, 14.472825453000098 ], [ 121.526166752000336, 14.472255198000084 ], [ 121.52623710100022, 14.471450315000027 ], [ 121.525636835000114, 14.471091544999979 ], [ 121.525467734000017, 14.470524622000084 ], [ 121.524842169000067, 14.470279094000034 ], [ 121.524098790000153, 14.46916730300012 ], [ 121.527977949000046, 14.461744857000099 ], [ 121.533778545000018, 14.453933186000086 ], [ 121.57002646300009, 14.398442990000149 ], [ 121.596254484000156, 14.327530190000118 ], [ 121.608259577000013, 14.29685296200006 ], [ 121.634518802000116, 14.289790898000035 ], [ 121.63462576500001, 14.283964272 ], [ 121.633366697000156, 14.272981986000104 ], [ 121.634120664000079, 14.267710321000152 ], [ 121.630964612000071, 14.260948127000177 ], [ 121.617898546000106, 14.249101967000058 ], [ 121.617942715000254, 14.234942428000068 ], [ 121.615272458000049, 14.229905353000106 ], [ 121.612723577000111, 14.226749595000115 ], [ 121.6111456980002, 14.222744209000041 ], [ 121.606351373000052, 14.219345700000133 ], [ 121.60301355200022, 14.215158252000037 ], [ 121.599114300000338, 14.214927668000144 ], [ 121.589951252000333, 14.19915935 ], [ 121.603192139000157, 14.190359065999985 ], [ 121.608771742000044, 14.189993190000109 ], [ 121.60379966000005, 14.183212461000153 ], [ 121.599546645000146, 14.180008919000102 ], [ 121.599204597000266, 14.177682996000101 ], [ 121.596435417000293, 14.172475636 ], [ 121.59393706600008, 14.171252503000176 ], [ 121.590653410000186, 14.167147933000024 ], [ 121.590664697000307, 14.160782653000012 ], [ 121.588616447000163, 14.15995547600005 ], [ 121.588293454000109, 14.160286347000181 ], [ 121.588159530000098, 14.161657097999978 ], [ 121.587348107000025, 14.16201160300011 ], [ 121.585457415000064, 14.161050500999977 ], [ 121.582550476000165, 14.161042624000117 ], [ 121.581746932000101, 14.161594075000039 ], [ 121.581222160000038, 14.163004587000046 ], [ 121.580227821000108, 14.163203455000144 ], [ 121.579670991000171, 14.162388097000189 ], [ 121.580068727000025, 14.160956249000037 ], [ 121.578994841000053, 14.160498854000082 ], [ 121.576946503000045, 14.16045908000018 ], [ 121.57631012600018, 14.160140892000129 ], [ 121.575812957000039, 14.159325534000175 ], [ 121.573963487000128, 14.159862477000104 ], [ 121.57088103600006, 14.15839085500005 ], [ 121.570423640000058, 14.158888025000124 ], [ 121.570483301000081, 14.160359646000131 ], [ 121.570165112000154, 14.160757382000156 ], [ 121.567818473000216, 14.162129569000115 ], [ 121.566963341000019, 14.161612513000136 ], [ 121.56612809700016, 14.159862477000104 ], [ 121.56491500300001, 14.159603949000029 ], [ 121.56405987200003, 14.161234664000062 ], [ 121.563562703000343, 14.16131421100016 ], [ 121.56272745800004, 14.16087670200011 ], [ 121.561335384000017, 14.161115344000109 ], [ 121.561056969000106, 14.161791494000113 ], [ 121.559625121000181, 14.161890928000162 ], [ 121.559147838000058, 14.162209116000042 ], [ 121.559207499000081, 14.162944927000069 ], [ 121.558471688000054, 14.163163682000118 ], [ 121.557437576000098, 14.16296481400019 ], [ 121.556880746000047, 14.162169343000187 ], [ 121.55632391600011, 14.162308550000091 ], [ 121.555210257000113, 14.162746059000142 ], [ 121.55485229500016, 14.163302889000022 ], [ 121.554772748000232, 14.164635303000125 ], [ 121.553082372000176, 14.164834171000052 ], [ 121.552426108000077, 14.165391 ], [ 121.552127807000147, 14.165052925000055 ], [ 121.55139199600012, 14.165311453000129 ], [ 121.551053921000062, 14.166445 ], [ 121.551332336000087, 14.167220584000063 ], [ 121.551133468000216, 14.167598432999966 ], [ 121.549500479000017, 14.169106918000182 ], [ 121.54813925100018, 14.169304915000112 ], [ 121.548050153000077, 14.169770207000113 ], [ 121.548743142000149, 14.17053744500015 ], [ 121.548391697000056, 14.171403681000072 ], [ 121.548010554000257, 14.171740276000094 ], [ 121.546396880000202, 14.171982822000132 ], [ 121.545560343000147, 14.171799675000159 ], [ 121.543308130000014, 14.172656011000129 ], [ 121.544176225000228, 14.173908382000093 ], [ 121.543716104000055, 14.174902572000121 ], [ 121.542713698000057, 14.174992952000139 ], [ 121.542056383000158, 14.174598563000075 ], [ 121.539509286000111, 14.174894355000049 ], [ 121.539065598000207, 14.174179525000056 ], [ 121.538490447000072, 14.174779325000145 ], [ 121.536567800000284, 14.175132632000157 ], [ 121.535540745000162, 14.174672511000153 ], [ 121.534743750000189, 14.174943654000117 ], [ 121.534119300000043, 14.173974114000032 ], [ 121.533355171000153, 14.173686538000027 ], [ 121.532771804000049, 14.174031629000069 ], [ 121.532081623000067, 14.173702971000068 ], [ 121.532073406000222, 14.173382530000083 ], [ 121.531038135000131, 14.173053872000082 ], [ 121.53058623000004, 14.171484532000079 ], [ 121.529739937000159, 14.171829622000018 ], [ 121.52778754000019, 14.17095731600017 ], [ 121.526880064000011, 14.171220538999989 ], [ 121.52657111800022, 14.170757119000029 ], [ 121.525422043000276, 14.170365300000014 ], [ 121.52573879900001, 14.168627466000146 ], [ 121.52726601600034, 14.166339286000152 ], [ 121.527639599000054, 14.165037405000021 ], [ 121.528318841000328, 14.164312880000182 ], [ 121.529190535000112, 14.163656280000055 ], [ 121.530401850000089, 14.163316659000088 ], [ 121.531386751000014, 14.163226093000048 ], [ 121.533062215000086, 14.163848732000133 ], [ 121.534364095000115, 14.163282697000113 ], [ 121.535247110000114, 14.1608713870001 ], [ 121.534862206000071, 14.159863845000018 ], [ 121.535326355000166, 14.158777058000112 ], [ 121.535337260000119, 14.157077595999965 ], [ 121.533618538000155, 14.157578760000092 ], [ 121.534115745, 14.157997460000047 ], [ 121.533121332000064, 14.159175054000173 ], [ 121.531472701000325, 14.158913367000082 ], [ 121.528969303000167, 14.155091058000096 ], [ 121.529004325000074, 14.153410000000122 ], [ 121.529669744000103, 14.152184229000056 ], [ 121.528620308000313, 14.149675799000136 ], [ 121.526814664000085, 14.14797483000018 ], [ 121.52570335200005, 14.145438421 ], [ 121.523597223000138, 14.146371749000139 ], [ 121.521791970000208, 14.146058593000191 ], [ 121.519721430000118, 14.148459453000044 ], [ 121.519168563000107, 14.148262000000159 ], [ 121.518484061000208, 14.147301064000033 ], [ 121.517918030000146, 14.147235247000026 ], [ 121.517312509000021, 14.148262000000159 ], [ 121.516706988000124, 14.148630578000052 ], [ 121.514653481000096, 14.149341407000179 ], [ 121.513389784000083, 14.149315080000065 ], [ 121.513192332000131, 14.14861741500016 ], [ 121.513889997000206, 14.147393209000086 ], [ 121.513600400000087, 14.146879831999968 ], [ 121.513982142000259, 14.146195330000012 ], [ 121.512955389000126, 14.145010614000057 ], [ 121.513784689000204, 14.144286621000106 ], [ 121.513139678000016, 14.143128233000027 ], [ 121.513269218000119, 14.142615302000081 ], [ 121.513650288, 14.141662626000141 ], [ 121.514742690000162, 14.141891269000155 ], [ 121.514526750000073, 14.140640088000112 ], [ 121.516279673000213, 14.139604846000054 ], [ 121.516260620000139, 14.138512445000174 ], [ 121.515479426000184, 14.137953542000048 ], [ 121.516616286000044, 14.13713424000008 ], [ 121.516521018000049, 14.136600742000041 ], [ 121.51703546300007, 14.136473718000161 ], [ 121.51725775400007, 14.135394019000103 ], [ 121.517200594000087, 14.134797009000067 ], [ 121.516857630000118, 14.134892276000073 ], [ 121.516400346000182, 14.134434992000081 ], [ 121.516825874, 14.133298132000164 ], [ 121.516393563000065, 14.131733631000088 ], [ 121.515817292000065, 14.131356311000161 ], [ 121.515868060000344, 14.128346004000036 ], [ 121.51737211000011, 14.127470696000103 ], [ 121.517606347000196, 14.127125505000038 ], [ 121.517236498000102, 14.126422793000131 ], [ 121.517766614000038, 14.125744738000094 ], [ 121.517211842000165, 14.124943400000063 ], [ 121.517396766000047, 14.124228360000018 ], [ 121.516866650000225, 14.123932481000168 ], [ 121.517594018000182, 14.123636603000023 ], [ 121.516373519000012, 14.119654570000137 ], [ 121.516385848000027, 14.11811353600018 ], [ 121.515795027000081, 14.115427609000051 ], [ 121.516191468000102, 14.115095893000159 ], [ 121.515151742000057, 14.10949857300011 ], [ 121.513067161000322, 14.103854402000024 ], [ 121.511596505000171, 14.101403309000034 ], [ 121.508901686000058, 14.099722241 ], [ 121.507801660000155, 14.095498520000035 ], [ 121.504993632000151, 14.090666848000126 ], [ 121.500174592, 14.083758322000165 ], [ 121.495465560000298, 14.078018720000046 ], [ 121.492088532000139, 14.073258048000184 ], [ 121.486227518000305, 14.07038226800006 ], [ 121.487377783000056, 14.068562180000129 ], [ 121.483175334000066, 14.06866172399998 ], [ 121.478594488000113, 14.064792674000159 ], [ 121.471801489000313, 14.064274747000184 ], [ 121.458608502000061, 14.064997778000077 ], [ 121.44859950600005, 14.064706856000157 ], [ 121.441945493000048, 14.062047067000094 ], [ 121.435113509000189, 14.063929985000073 ], [ 121.430903508000142, 14.063428043000101 ], [ 121.426268455000013, 14.054322658 ], [ 121.426749441000197, 14.052048802000172 ], [ 121.424554426000213, 14.049506979000057 ], [ 121.424955422000039, 14.048907015000168 ], [ 121.424716414000159, 14.04762209900008 ], [ 121.424435416000165, 14.047909082000103 ], [ 121.423599416000116, 14.047772096000131 ], [ 121.423235411000064, 14.046971150000161 ], [ 121.421378405000041, 14.045718242000021 ], [ 121.420793405000154, 14.045783240999981 ], [ 121.420374400000014, 14.044850303999965 ], [ 121.417777393000051, 14.043418412000165 ], [ 121.41675439200003, 14.043179433000034 ], [ 121.413758380000104, 14.041080586000021 ], [ 121.412281370000073, 14.039267712000139 ], [ 121.411241371000301, 14.039354712000033 ], [ 121.410047369000267, 14.038852752000082 ], [ 121.409370364000097, 14.038045808000106 ], [ 121.407848359000013, 14.036995885000181 ], [ 121.407585360000098, 14.037137877000191 ], [ 121.40637835300015, 14.03597395900016 ], [ 121.405072353000037, 14.035881973000187 ], [ 121.405107358, 14.036651706000043 ], [ 121.404700359000344, 14.036755919000029 ], [ 121.402962818000219, 14.036405093000155 ], [ 121.402124929000024, 14.03544750500015 ], [ 121.398773372000164, 14.034330320000151 ], [ 121.392748550000078, 14.03369192800011 ], [ 121.391561340000067, 14.032468273000177 ], [ 121.390340337000225, 14.031786324000166 ], [ 121.389915686000222, 14.030420170000127 ], [ 121.386883326000088, 14.028704492000088 ], [ 121.384529256000178, 14.027986302000159 ], [ 121.380260011000018, 14.024155951000068 ], [ 121.376110465000011, 14.023118565 ], [ 121.37464129600005, 14.023713937000082 ], [ 121.371335291000037, 14.022642026000085 ], [ 121.369322283000088, 14.021094138000137 ], [ 121.364875271000187, 14.018727317000128 ], [ 121.359370687000023, 14.017211035000059 ], [ 121.354221243000097, 14.013219735000064 ], [ 121.35255024200012, 14.012909765000188 ], [ 121.350809237000021, 14.012048831000186 ], [ 121.349621226000068, 14.010037967000073 ], [ 121.347866219000025, 14.008847055000103 ], [ 121.347426192000171, 14.00718877700001 ], [ 121.346079265000185, 14.005886997000175 ], [ 121.344468971000197, 14.00575907700005 ], [ 121.343099469000208, 14.004961455000114 ], [ 121.341812739000147, 14.004690563999986 ], [ 121.339908981, 14.003260865000129 ], [ 121.339096310000173, 14.003020073000073 ], [ 121.339600473000019, 14.002257440000108 ], [ 121.339897871000176, 14.000450177000062 ], [ 121.339486089000047, 13.99935209299997 ], [ 121.338776910000206, 13.998894559000178 ], [ 121.338342252000302, 13.998093873000187 ], [ 121.337381429000175, 13.997979489000102 ], [ 121.336809510000194, 13.997476200000108 ], [ 121.336260468000205, 13.995668938000165 ], [ 121.334315945000185, 13.9944335940001 ], [ 121.333766903000196, 13.992969482000092 ], [ 121.331639004000067, 13.991656224000167 ], [ 121.329351311000096, 13.985808889000111 ], [ 121.327186280000092, 13.985179643000095 ], [ 121.325607834000039, 13.985424943000169 ], [ 121.324573311000108, 13.984422416000086 ], [ 121.323506794000082, 13.98420911200003 ], [ 121.322836561000031, 13.983159753000166 ], [ 121.322307957000135, 13.982962256000064 ], [ 121.320794041000113, 13.982637248000174 ], [ 121.320129034000047, 13.983349755000063 ], [ 121.318006081000021, 13.983665856000187 ], [ 121.311855071000195, 13.981500032000042 ], [ 121.310099058000105, 13.979281186000151 ], [ 121.30716204600003, 13.977012350000166 ], [ 121.306399046000024, 13.976963357000102 ], [ 121.305094036000014, 13.975159481000048 ], [ 121.301356023000267, 13.972727660000032 ], [ 121.300807025000154, 13.973011645000156 ], [ 121.299716021000108, 13.972365693000029 ], [ 121.299700016000088, 13.971529747000147 ], [ 121.298823007000124, 13.969932856000071 ], [ 121.296509043000015, 13.971887738000191 ], [ 121.2920066370001, 13.972354793000022 ], [ 121.291147256000158, 13.972877894000021 ], [ 121.290110395000056, 13.972933940000019 ], [ 121.287971285000026, 13.974204329000088 ], [ 121.286523416000023, 13.974129600000026 ], [ 121.286467369000093, 13.975017004000108 ], [ 121.284421670000029, 13.973587817000066 ], [ 121.28296446000013, 13.974082895000151 ], [ 121.281655766000199, 13.973760497000114 ], [ 121.280115876000082, 13.974218798000152 ], [ 121.278429330000222, 13.974127137000096 ], [ 121.275752856000054, 13.972843896000029 ], [ 121.27376790600033, 13.970467863000181 ], [ 121.271568064, 13.970141961000024 ], [ 121.268732711000212, 13.96652444200015 ], [ 121.266785444000107, 13.966646656000137 ], [ 121.264007125000035, 13.96793397100015 ], [ 121.261628036000047, 13.968235431000039 ], [ 121.260503672000141, 13.967705839000075 ], [ 121.257888304000062, 13.96563635800004 ], [ 121.255061100000262, 13.965033438000034 ], [ 121.24917411000024, 13.964426604000096 ], [ 121.246473665000053, 13.963490883000077 ], [ 121.247667235000222, 13.971078879000117 ], [ 121.247524125000041, 13.972581535000131 ], [ 121.247953455000015, 13.977089503000059 ], [ 121.248669006000227, 13.98159747200009 ], [ 121.248096565000196, 13.984388119000187 ], [ 121.242503145000114, 13.987581046000116 ], [ 121.238327170000048, 13.991359826000121 ], [ 121.236853180000253, 13.992823740000119 ], [ 121.234808201000078, 13.996062543000107 ], [ 121.231890225000029, 13.999722324000174 ], [ 121.228968246000136, 14.0029031360001 ], [ 121.225858277000157, 14.007706843999983 ], [ 121.224094306000097, 14.01226956000005 ], [ 121.218861363000087, 14.021175016000029 ], [ 121.216192398000203, 14.026614681000069 ], [ 121.215670427000077, 14.031337379000036 ], [ 121.214373451000029, 14.035091145000138 ], [ 121.213374480000084, 14.03972485200012 ], [ 121.213580574000048, 14.05499986600006 ], [ 121.21048643000006, 14.064377040000068 ], [ 121.210810690000017, 14.073536688000104 ], [ 121.209940725000138, 14.079089335000106 ], [ 121.209953774000041, 14.086984826000105 ], [ 121.208084824000139, 14.094923326000071 ], [ 121.205563916000074, 14.109612395000113 ], [ 121.200370988000145, 14.120715711000116 ], [ 121.194408486000043, 14.131070861000126 ], [ 121.18674508800018, 14.135710826000093 ], [ 121.180532100000164, 14.137188767999987 ], [ 121.174425099000132, 14.136587843000086 ], [ 121.171309394000218, 14.139534322000088 ], [ 121.165187119000166, 14.139011742000037 ], [ 121.162322524000047, 14.14128276100007 ], [ 121.160879036000097, 14.141178836000108 ], [ 121.160657265000168, 14.140768559000151 ], [ 121.159829320000313, 14.140628103999973 ], [ 121.158320582000215, 14.140768746000106 ], [ 121.158041058000322, 14.14122130800007 ], [ 121.156941601000085, 14.140941784 ], [ 121.156089720000182, 14.141319806000013 ], [ 121.155599889000086, 14.142251550000026 ], [ 121.15463886200007, 14.142682814000182 ], [ 121.15216148900015, 14.142137745000127 ], [ 121.151095744000145, 14.142632854000112 ], [ 121.149243978000072, 14.142778310000097 ], [ 121.148905513000045, 14.142512573000033 ], [ 121.147235566000177, 14.14278670200008 ], [ 121.145887301000016, 14.143600696000078 ], [ 121.142715241000133, 14.143659438000157 ], [ 121.141794953000044, 14.14433916500019 ], [ 121.141187954000202, 14.143737760000079 ], [ 121.140694594000024, 14.144332928000097 ], [ 121.140380016000108, 14.143584231999967 ], [ 121.139944515000025, 14.14446846900006 ], [ 121.138734553000063, 14.144137471000022 ], [ 121.138435342000093, 14.144563271000095 ], [ 121.137428381000063, 14.144218027000136 ], [ 121.136902844000019, 14.144576697000105 ], [ 121.136346618000175, 14.143972521000023 ], [ 121.1362718150001, 14.142957888000012 ], [ 121.135452820000069, 14.142183008000018 ], [ 121.134520662000227, 14.142181090000065 ], [ 121.13347627600001, 14.141672596000092 ], [ 121.13298718100009, 14.142212538000024 ], [ 121.130730562000167, 14.142832382000108 ], [ 121.130855935000113, 14.143832811000038 ], [ 121.130236561000061, 14.14419139600011 ], [ 121.1304771140002, 14.144858688999989 ], [ 121.129853864000097, 14.145150726000111 ], [ 121.12960456400026, 14.146137242000179 ], [ 121.128562137000245, 14.14733801400007 ], [ 121.127543289000187, 14.145392015000084 ], [ 121.110440487000119, 14.151880338000012 ], [ 121.109361140000033, 14.151745420000054 ], [ 121.102345388000117, 14.154389819000073 ], [ 121.102175252000052, 14.155837033000125 ], [ 121.095052030000033, 14.156300173000034 ], [ 121.05975954500002, 14.15346744500016 ], [ 121.045383861000232, 14.154943326000136 ], [ 121.040595846000087, 14.152549318000126 ], [ 121.035866362000093, 14.151780380000105 ], [ 121.034358629000167, 14.153209219000132 ], [ 121.031459269000038, 14.153654592000123 ], [ 121.026364993000016, 14.157402716000092 ], [ 121.022423506000337, 14.155977244999974 ], [ 121.015280814000221, 14.155680318 ], [ 121.013699842000278, 14.163004601000011 ], [ 121.01638137000009, 14.170793802000162 ], [ 121.019343372000094, 14.1759106290001 ], [ 121.024096239000073, 14.185556061000057 ], [ 121.026237884000125, 14.18705347000008 ], [ 121.030210179000051, 14.19339033000017 ], [ 121.030419878000089, 14.195011823000129 ], [ 121.029830092000111, 14.197172809000051 ], [ 121.030890056000089, 14.197982392000142 ], [ 121.031577365000203, 14.199633838000182 ], [ 121.031383402000074, 14.200776610000048 ], [ 121.032475639000154, 14.202093695000087 ], [ 121.031764898, 14.202937527000074 ], [ 121.033551822000049, 14.20554507900016 ], [ 121.035333600000058, 14.206218507000131 ], [ 121.038055370000052, 14.206555221000087 ], [ 121.038448203000144, 14.206948054000179 ], [ 121.038981333000152, 14.209319080000057 ], [ 121.038686709000103, 14.210062657000037 ], [ 121.037887013000045, 14.210160864999978 ], [ 121.0376344780002, 14.210553698000069 ], [ 121.039388196000118, 14.211451602000125 ], [ 121.039935356000115, 14.212405623999985 ], [ 121.041969669000309, 14.213275468 ], [ 121.042236234000256, 14.214341729000068 ], [ 121.042629067, 14.214411878000078 ], [ 121.043526971, 14.213584123000089 ], [ 121.044382785000153, 14.213976956000181 ], [ 121.045056213000066, 14.214496056000144 ], [ 121.044663380000202, 14.215548287000047 ], [ 121.046389038000143, 14.215702614000122 ], [ 121.047539477000214, 14.217175737000048 ], [ 121.048619768000322, 14.216347982000059 ], [ 121.049026630000071, 14.216642606999983 ], [ 121.049966623000159, 14.216418131000069 ], [ 121.050780348000217, 14.217133648000072 ], [ 121.051327508000213, 14.216586488000075 ], [ 121.052828691000173, 14.216263804 ], [ 121.04953824800009, 14.224085207000144 ], [ 121.04722257200001, 14.227453087000072 ], [ 121.046372076000011, 14.227756415000101 ], [ 121.046779939000089, 14.228880303000039 ], [ 121.047813190000056, 14.229714155000124 ], [ 121.048610788000133, 14.231717213000081 ], [ 121.049462767000023, 14.23227915700005 ], [ 121.0496440390001, 14.232895482000174 ], [ 121.051012644000025, 14.233756525000103 ], [ 121.051610843000049, 14.23486228600018 ], [ 121.051764924000167, 14.235705202000133 ], [ 121.051393316000144, 14.23657530800017 ], [ 121.052181850000011, 14.238179567000145 ], [ 121.052335932, 14.239811017000079 ], [ 121.051416031000144, 14.241052229000104 ], [ 121.052088920000301, 14.243299967000098 ], [ 121.051201279000111, 14.243915589000096 ], [ 121.050843359000055, 14.244631429000151 ], [ 121.051072428000225, 14.245619289 ], [ 121.053401706000045, 14.248117494000041 ], [ 121.054003248000072, 14.24916534100015 ], [ 121.053615156000092, 14.251901387000032 ], [ 121.054226715000027, 14.253448064 ], [ 121.053967636000152, 14.255553656000131 ], [ 121.054250632000276, 14.256435864000139 ], [ 121.053683203000105, 14.255951171999982 ], [ 121.053405371000053, 14.254717408000033 ], [ 121.052543620000051, 14.253968674000077 ], [ 121.050343477000069, 14.253821517000063 ], [ 121.047673462000034, 14.254345984000054 ], [ 121.046386133000169, 14.25403607200019 ], [ 121.044989873000077, 14.25311612500019 ], [ 121.044023814000184, 14.25334232400013 ], [ 121.043411190000143, 14.252164202000188 ], [ 121.042704317000016, 14.251824903000113 ], [ 121.042600643000128, 14.250755169000058 ], [ 121.041700819000084, 14.250002742000049 ], [ 121.040983471000118, 14.250320649000173 ], [ 121.040795551000201, 14.249708271000088 ], [ 121.03994692900028, 14.25005749800016 ], [ 121.038419715000032, 14.249307218000069 ], [ 121.037454779000313, 14.249679960000151 ], [ 121.035318405000112, 14.248877594000021 ], [ 121.033146730000112, 14.25147073200003 ], [ 121.034321119000083, 14.252347001000146 ], [ 121.036412884000015, 14.252559363000103 ], [ 121.037029324000059, 14.252987626000106 ], [ 121.0371520220001, 14.253435946000081 ], [ 121.036099651000086, 14.254634611000029 ], [ 121.036571566000021, 14.254790343000138 ], [ 121.037258203000079, 14.25595125500007 ], [ 121.037480003000269, 14.257928581000101 ], [ 121.03807461700012, 14.258070155000098 ], [ 121.038420885000164, 14.259050560000105 ], [ 121.039610111000115, 14.259475284000075 ], [ 121.040098544000102, 14.261312213999986 ], [ 121.041055830000118, 14.262308116000156 ], [ 121.040735256000062, 14.26331054700006 ], [ 121.039956718000099, 14.263168070000063 ], [ 121.039760811000178, 14.263432671000032 ], [ 121.039305392000074, 14.26541209100003 ], [ 121.03925705100005, 14.267218502000048 ], [ 121.039908377000074, 14.27009349500014 ], [ 121.039244330000201, 14.270627786000034 ], [ 121.03913747200022, 14.271101015 ], [ 121.039776076000066, 14.271777783000061 ], [ 121.040010147000203, 14.27282601100012 ], [ 121.04115760000002, 14.273757203000059 ], [ 121.04107109600011, 14.273965831000055 ], [ 121.040277292000042, 14.273670698999979 ], [ 121.040781978000041, 14.274356813999987 ], [ 121.04191634700021, 14.275037436 ], [ 121.043086164000101, 14.274916909000069 ], [ 121.043235050000135, 14.275321028 ], [ 121.04261823700017, 14.275477004000152 ], [ 121.042682046000209, 14.275895302000094 ], [ 121.043220871000131, 14.276235613000097 ], [ 121.04357536100008, 14.275746416000061 ], [ 121.043880223000087, 14.27578895500011 ], [ 121.043788055000164, 14.276625552000155 ], [ 121.044298521000087, 14.276256882000041 ], [ 121.044908244000226, 14.276505026000109 ], [ 121.044837346, 14.277419611000028 ], [ 121.045766111000034, 14.277660664000166 ], [ 121.045837009000024, 14.278121501000044 ], [ 121.045432890000029, 14.278419273000168 ], [ 121.04500750200009, 14.277922987000125 ], [ 121.044553754000162, 14.277951346000066 ], [ 121.04456793400027, 14.278787943000111 ], [ 121.045638494000059, 14.280276802000117 ], [ 121.046120601000212, 14.281347363000123 ], [ 121.046042613000168, 14.281907457000102 ], [ 121.046645247000129, 14.282091792000188 ], [ 121.046855574, 14.282650698000054 ], [ 121.047941724000225, 14.282976455999972 ], [ 121.04859370500003, 14.283742702000154 ], [ 121.048849121000217, 14.285281915000041 ], [ 121.04858026300019, 14.286854736000066 ], [ 121.047377122000171, 14.287869675000138 ], [ 121.048022382000113, 14.28862247800015 ], [ 121.04789467400019, 14.289570203000153 ], [ 121.048586984000053, 14.289845783000032 ], [ 121.048304683000083, 14.29044399300011 ], [ 121.048902892000115, 14.291405161000057 ], [ 121.048533212000052, 14.292897324000023 ], [ 121.050831950000088, 14.29535065500005 ], [ 121.053251456000226, 14.294883657000128 ], [ 121.05489809200003, 14.294975476000161 ], [ 121.05476954400001, 14.296058951000191 ], [ 121.05558980100011, 14.297007756000085 ], [ 121.0556755, 14.2980361380001 ], [ 121.056538606000231, 14.298085109000169 ], [ 121.057138496000107, 14.298495237000168 ], [ 121.056563092000147, 14.299242039000148 ], [ 121.056936492000091, 14.299780715000111 ], [ 121.05884634500012, 14.299848050000094 ], [ 121.059635996000225, 14.301335531000177 ], [ 121.059066713000107, 14.301635476 ], [ 121.059036106000121, 14.302345550000155 ], [ 121.059831878000068, 14.302504704000171 ], [ 121.059954305000133, 14.30448189100008 ], [ 121.060737834000065, 14.30523481400013 ], [ 121.061123007000219, 14.30633925300009 ], [ 121.062333485000181, 14.306740001000037 ], [ 121.061806474000036, 14.308850789000076 ], [ 121.063233795000087, 14.309899320000056 ], [ 121.062130366000019, 14.310700816000121 ], [ 121.062045276000049, 14.311123522000116 ], [ 121.062487196, 14.311279979000176 ], [ 121.063036166000188, 14.310761203000027 ], [ 121.063461617000257, 14.312355959 ], [ 121.063758061000271, 14.311881100000051 ], [ 121.064238409000041, 14.312152840000181 ], [ 121.06496030400001, 14.311785031 ], [ 121.065558680000095, 14.313036681000028 ], [ 121.065954964000071, 14.312420347 ], [ 121.066759547000061, 14.313042447000157 ], [ 121.066560475000188, 14.313531833000127 ], [ 121.066825904000211, 14.31402121800005 ], [ 121.06633651900006, 14.314850685000181 ], [ 121.068186230000151, 14.317272729000024 ], [ 121.067779791000135, 14.318342741000095 ], [ 121.068518017000088, 14.318259795000188 ], [ 121.068650731000048, 14.320150979000175 ], [ 121.070245268000122, 14.323440862000155 ], [ 121.071279577000041, 14.323675385000115 ], [ 121.072903201000031, 14.324787868000044 ], [ 121.075543093000192, 14.325202794000063 ], [ 121.07627071700017, 14.326140888000054 ], [ 121.076945836000164, 14.326487843999985 ], [ 121.077498833000163, 14.32786512000007 ], [ 121.07671571100002, 14.328113291000136 ], [ 121.075428838000221, 14.32769836500006 ], [ 121.075037966000195, 14.328191465000032 ], [ 121.073877375000166, 14.327896808000048 ], [ 121.072192783000105, 14.328743102000089 ], [ 121.070166152000184, 14.328478098000176 ], [ 121.068052990000069, 14.329186901000128 ], [ 121.067417054000089, 14.32874307100019 ], [ 121.067337562000034, 14.32831911400018 ], [ 121.06680099100015, 14.328325738 ], [ 121.066065690000187, 14.327590437000026 ], [ 121.064727575, 14.327166480000187 ], [ 121.06480488800014, 14.326490891000162 ], [ 121.063995424000154, 14.326541481999982 ], [ 121.063116397000158, 14.325896441 ], [ 121.062300610000079, 14.324669598000185 ], [ 121.062629368000103, 14.323932510000134 ], [ 121.061021536000112, 14.322669213000154 ], [ 121.060472831000084, 14.322879763000174 ], [ 121.060166577000132, 14.322509706000176 ], [ 121.05966253400004, 14.32280319900002 ], [ 121.059534928000176, 14.32223535300011 ], [ 121.057965377000073, 14.322898903000123 ], [ 121.05771016600022, 14.323460369000088 ], [ 121.056681426000182, 14.324255665000123 ], [ 121.056260848000193, 14.325271138000062 ], [ 121.052612150000073, 14.325899519000075 ], [ 121.052395486000137, 14.326441179000142 ], [ 121.049416354000186, 14.32733491900018 ], [ 121.048703168000088, 14.327280753000139 ], [ 121.04715040900021, 14.328120326000089 ], [ 121.04597681100006, 14.327912690000119 ], [ 121.044992795000212, 14.326829369000109 ], [ 121.044387941000082, 14.326955756000189 ], [ 121.044207388000132, 14.326558539000075 ], [ 121.043864336000183, 14.326576594000073 ], [ 121.043566423000129, 14.325989795999988 ], [ 121.042456020000145, 14.32585438000018 ], [ 121.041697695000039, 14.32630576400004 ], [ 121.041472003000194, 14.325592578000169 ], [ 121.041165063000221, 14.325845353000034 ], [ 121.040298406000147, 14.324798143000066 ], [ 121.039494943000022, 14.324581479000074 ], [ 121.039512999000067, 14.323723850000079 ], [ 121.039179117000344, 14.32357595700006 ], [ 121.038772162000214, 14.324763627000095 ], [ 121.039046541000062, 14.32536780900017 ], [ 121.039045633000114, 14.32968594200014 ], [ 121.040036192000116, 14.332668986000044 ], [ 121.032814156000313, 14.33425090999998 ], [ 121.032283561000213, 14.334620257000097 ], [ 121.031275155000117, 14.3327483650001 ], [ 121.027244547, 14.331154237000021 ], [ 121.026166699000214, 14.32932461200005 ], [ 121.024762779000184, 14.328373570000053 ], [ 121.023497742000018, 14.327965980999977 ], [ 121.022543681000116, 14.326909267000133 ], [ 121.022664448000228, 14.326051819000099 ], [ 121.022078727, 14.325381561000029 ], [ 121.019615074000171, 14.32477772500016 ], [ 121.019107852000275, 14.32493472200008 ], [ 121.016378511000312, 14.323733088000154 ], [ 121.015865250000047, 14.324149735000105 ], [ 121.015158762000056, 14.324119543000052 ], [ 121.014283199000147, 14.322615990000088 ], [ 121.010364301000095, 14.320991670000183 ], [ 121.009935577000306, 14.319850419000147 ], [ 121.008670935000168, 14.318656218 ], [ 121.008527611000204, 14.317571051000016 ], [ 121.007991855000114, 14.317417035000062 ], [ 121.005296101000113, 14.318790294000109 ], [ 121.007277372000203, 14.320966914000053 ], [ 121.007456786000148, 14.328921997000066 ], [ 121.00675334600021, 14.332937467000136 ], [ 121.008980906000147, 14.341994256000135 ], [ 121.011557492000293, 14.347036718000084 ], [ 121.014259358000231, 14.350472399000012 ], [ 121.016268281000066, 14.351589457999978 ], [ 121.01620585, 14.35226058500001 ], [ 121.017664047000267, 14.352369838000072 ], [ 121.018020792000016, 14.352782325000021 ], [ 121.01950351500011, 14.353090018000159 ], [ 121.019661821000227, 14.353863709000166 ], [ 121.020714220000173, 14.354563822000102 ], [ 121.020825004000244, 14.355216676999987 ], [ 121.022571325000058, 14.355870489000097 ], [ 121.022925433000069, 14.357135688000085 ], [ 121.024064875000022, 14.358096643000067 ], [ 121.024504149000109, 14.358047617000125 ], [ 121.025856374000341, 14.359362611000051 ], [ 121.026646305000099, 14.361313713000186 ], [ 121.026674218000153, 14.362511171000108 ], [ 121.027603714000179, 14.362695396 ], [ 121.028658816000075, 14.363513239999975 ], [ 121.029451539000206, 14.364786062000121 ], [ 121.029278480000016, 14.365855122000141 ], [ 121.031383103000167, 14.366176118000055 ], [ 121.032093113000087, 14.365588326000079 ], [ 121.032929303000174, 14.365607390999969 ], [ 121.033646458000248, 14.366385528000137 ], [ 121.034417277000216, 14.366351378000161 ], [ 121.035361288000217, 14.366809967 ], [ 121.03625267100017, 14.366282317000071 ], [ 121.037240282000084, 14.367991787999983 ], [ 121.039434685000174, 14.369246713 ], [ 121.040327586000103, 14.369140221000066 ], [ 121.040909200000101, 14.369773716000168 ], [ 121.041692878000049, 14.369776447000163 ], [ 121.04328687400016, 14.371848087000103 ], [ 121.044162369000219, 14.370880217000149 ], [ 121.044372056000043, 14.369752248000168 ], [ 121.044863734000046, 14.369426872000076 ], [ 121.044917248000047, 14.368204587000093 ], [ 121.045574595000176, 14.368677877000039 ], [ 121.045485930000041, 14.367238676000056 ], [ 121.046116642000015, 14.366978577000111 ], [ 121.04632508200018, 14.367651091000141 ], [ 121.047670108000261, 14.368030608000026 ], [ 121.048484033000022, 14.367288803000179 ], [ 121.049378921000198, 14.368083701000046 ], [ 121.049640038, 14.369085894000136 ], [ 121.050833477000083, 14.36915820400003 ], [ 121.051775430000134, 14.370144312000093 ], [ 121.051375644000132, 14.370155829999987 ], [ 121.051406360000101, 14.370415955000112 ], [ 121.052043410000124, 14.37055154900014 ], [ 121.052281346000086, 14.370942866000121 ], [ 121.051782629000058, 14.371375826000019 ], [ 121.052354103000084, 14.371778591000066 ], [ 121.052721383000176, 14.373058479000065 ], [ 121.052548606000187, 14.373413631000176 ], [ 121.052882368000041, 14.373943299000132 ], [ 121.052534316000219, 14.374406693000083 ], [ 121.052619306000111, 14.374864017000107 ], [ 121.053562283000133, 14.375131126000099 ], [ 121.053629060000048, 14.37411125400007 ], [ 121.053934660000095, 14.3740941800001 ], [ 121.054294810000215, 14.375507508000112 ], [ 121.055951684000206, 14.377678458000162 ], [ 121.057384502000104, 14.37863958500003 ], [ 121.057579248000025, 14.377892597000027 ], [ 121.058307177000074, 14.377533638000102 ], [ 121.059949809000159, 14.375121162000141 ], [ 121.061145750000037, 14.37424508200013 ], [ 121.06233545200007, 14.372469433000049 ], [ 121.063793233000183, 14.372031607000054 ], [ 121.06462379200002, 14.371370580000132 ], [ 121.06770568200011, 14.370659795000051 ], [ 121.067153633000203, 14.369823919000169 ], [ 121.064516384000058, 14.369229952000126 ], [ 121.066431839000188, 14.369218349000164 ], [ 121.065546980000022, 14.368066284000122 ], [ 121.065280712000231, 14.364888553000185 ], [ 121.066965271000072, 14.364084572000024 ], [ 121.067563991000043, 14.362740187000043 ], [ 121.068812984000147, 14.361372481000046 ], [ 121.071598121000079, 14.361340659000064 ], [ 121.072913939000046, 14.361798402000034 ], [ 121.07373424900004, 14.361347139000088 ], [ 121.075233483000147, 14.361283006 ], [ 121.077543327000058, 14.360593055000038 ], [ 121.080058328000064, 14.359453964000011 ], [ 121.086281425000152, 14.35884937100019 ], [ 121.08825130300022, 14.357485690999965 ], [ 121.089713455000037, 14.35699581800003 ], [ 121.089960810000207, 14.356482209000092 ], [ 121.089323536000052, 14.355780309000124 ], [ 121.090777199000172, 14.356187723000062 ], [ 121.090366811000081, 14.353414346000022 ], [ 121.09233176100031, 14.350628717000177 ], [ 121.09249378100003, 14.350007778000077 ], [ 121.091738799000154, 14.349248459000023 ], [ 121.09213770100007, 14.348422013 ], [ 121.09174202500003, 14.347545504000095 ], [ 121.092333018000204, 14.346513189000177 ], [ 121.092071422000231, 14.34567051 ], [ 121.092376756000021, 14.343991819000109 ], [ 121.093582021000202, 14.341818202000127 ], [ 121.094256834000021, 14.34146338000005 ], [ 121.0957223260001, 14.341617068000176 ], [ 121.095627740000054, 14.340884898000184 ], [ 121.096573281000246, 14.340292078000175 ], [ 121.096870645000195, 14.339552137000112 ], [ 121.09777038000027, 14.339079025000046 ], [ 121.098613247000117, 14.337382796000156 ], [ 121.101345150000157, 14.335413422999977 ], [ 121.103548943000078, 14.335138357000119 ], [ 121.104705547000094, 14.335635425000078 ], [ 121.105770452000115, 14.335136592000083 ], [ 121.106359828000109, 14.335258376000013 ], [ 121.107005704000017, 14.334609844 ], [ 121.109280694000176, 14.333620363000136 ], [ 121.109540712000012, 14.33301482100012 ], [ 121.110720999000023, 14.333015016000047 ], [ 121.112534562000064, 14.330681846000118 ], [ 121.114715285000102, 14.329603632000044 ], [ 121.115925830000037, 14.327109130000053 ], [ 121.116890942000282, 14.325735841000039 ], [ 121.117507705000094, 14.325372480999988 ], [ 121.117721251000148, 14.324674494000078 ], [ 121.118528065000078, 14.324165337000125 ], [ 121.118696779000061, 14.323181595999984 ], [ 121.119456455000204, 14.322662855000146 ], [ 121.120206292000148, 14.321057685000028 ], [ 121.122285562000116, 14.319674771 ], [ 121.122765965000099, 14.318675079000059 ], [ 121.124297078000041, 14.31735225500006 ], [ 121.124703618000126, 14.316149433000191 ], [ 121.123952388000134, 14.31565556400011 ], [ 121.124447908000093, 14.315107095000087 ], [ 121.124333738000246, 14.314075083000148 ], [ 121.124718521000204, 14.312080340000023 ], [ 121.125453520000178, 14.311198440000055 ], [ 121.125209339000094, 14.309407302000011 ], [ 121.126199418000056, 14.304552663999971 ], [ 121.127078429000107, 14.302675656000133 ], [ 121.12886432200014, 14.302068756000153 ], [ 121.128674675000184, 14.30150944900015 ], [ 121.129244768000149, 14.299135331 ], [ 121.130851335000102, 14.298021811000069 ], [ 121.13113131700004, 14.296792608000089 ], [ 121.129430632000094, 14.296666262000087 ], [ 121.131535131000078, 14.296385217000022 ], [ 121.132318455000018, 14.295861611000021 ], [ 121.132962659000214, 14.294807152000089 ], [ 121.134447458000068, 14.293739294000034 ], [ 121.136462814000197, 14.292965451000043 ], [ 121.138246438000124, 14.29089305499997 ], [ 121.140047971000058, 14.290749798000149 ], [ 121.140124209000192, 14.289740046000077 ], [ 121.140939557000138, 14.288694662000069 ], [ 121.142865801000198, 14.287840141000174 ], [ 121.14315716700014, 14.28648423900006 ], [ 121.143832278000104, 14.285967769000138 ], [ 121.144078121000121, 14.284984181000141 ], [ 121.145106331000079, 14.283865904000038 ], [ 121.146179307000011, 14.28350159300004 ], [ 121.146821793000072, 14.282819226000129 ], [ 121.148947591000137, 14.283514856000124 ], [ 121.148900103000074, 14.281987830000105 ], [ 121.14857285100004, 14.281441806000032 ], [ 121.149831708000193, 14.278397759000143 ], [ 121.151497133000021, 14.277556655000183 ], [ 121.151889707, 14.276602143000048 ], [ 121.152824555000052, 14.275858876000143 ], [ 121.153336632000105, 14.274892348000094 ], [ 121.155728993000025, 14.27276284300001 ], [ 121.158656645000178, 14.271698530000151 ], [ 121.15990419100001, 14.271656411000151 ], [ 121.160401805000333, 14.270832090000056 ], [ 121.162848494000059, 14.268534699000099 ], [ 121.162916771000027, 14.266658916000097 ], [ 121.163717720000022, 14.266056905000084 ], [ 121.16451489300016, 14.265920706000088 ], [ 121.164534656000114, 14.265118573999985 ], [ 121.165455626000039, 14.264439841000069 ], [ 121.166589199000214, 14.262080525000101 ], [ 121.167538880000166, 14.261130261000119 ], [ 121.167580156000213, 14.259306022000089 ], [ 121.168831820000037, 14.257102879000172 ], [ 121.168910998000115, 14.253868457000067 ], [ 121.170396051000012, 14.24904024500006 ], [ 121.169852545000026, 14.247340918000077 ], [ 121.170686296000099, 14.245949776999964 ], [ 121.171616494000205, 14.242145998000126 ], [ 121.17320074600002, 14.237968588000172 ], [ 121.17410609500007, 14.237773321000077 ], [ 121.174743270000135, 14.238153670000031 ], [ 121.175188477000233, 14.237215454000022 ], [ 121.175579649000269, 14.237032426000155 ], [ 121.176621916000272, 14.237339636000172 ], [ 121.177612183000065, 14.236894283000026 ], [ 121.178115600000069, 14.237189285000056 ], [ 121.179243375000055, 14.237173625000025 ], [ 121.179415094000092, 14.236438948000057 ], [ 121.18011808000017, 14.23666267800013 ], [ 121.18090397800006, 14.235851801000081 ], [ 121.183387657000253, 14.23632362800015 ], [ 121.184087013000067, 14.2359649980001 ], [ 121.183909265000239, 14.235381326000152 ], [ 121.184299007000163, 14.235376202000054 ], [ 121.184325930000341, 14.234082361000048 ], [ 121.184995774000186, 14.232227261000048 ], [ 121.18744109700026, 14.229188644000033 ], [ 121.187274566000042, 14.227197782000189 ], [ 121.18676854100022, 14.226191054000026 ], [ 121.1870720080002, 14.224801319000051 ], [ 121.186105187000067, 14.224026133000052 ], [ 121.187125344000151, 14.223596629000042 ], [ 121.187223342000266, 14.222274965999986 ], [ 121.187984893000134, 14.219998525000051 ], [ 121.189067353000041, 14.218061301000148 ], [ 121.190295448000256, 14.217692608000107 ], [ 121.190655873000196, 14.217037843000014 ], [ 121.191889911000089, 14.216478537000114 ], [ 121.192067402000021, 14.215920121000067 ], [ 121.1906479390002, 14.214714342000093 ], [ 121.188166273000093, 14.213423211000077 ], [ 121.186482794000085, 14.213400490000083 ], [ 121.184975214000247, 14.212075264000191 ], [ 121.183877735000124, 14.205233091000139 ], [ 121.184465072000307, 14.199447462000023 ], [ 121.184328579000294, 14.198420760000033 ], [ 121.184800741000117, 14.197266937 ], [ 121.184564802000068, 14.196615874000088 ], [ 121.184362191000105, 14.196623745000068 ], [ 121.184490391000054, 14.197481009000171 ], [ 121.183674559000224, 14.197973621000074 ], [ 121.182288043000085, 14.197714908000023 ], [ 121.181480028000237, 14.198019005000049 ], [ 121.179781096000056, 14.197854650000068 ], [ 121.178853605000086, 14.197642551 ], [ 121.178023731000167, 14.197021814999971 ], [ 121.177867757000058, 14.194548655000176 ], [ 121.179396940000061, 14.191367729000035 ], [ 121.181559761000017, 14.188789248000148 ], [ 121.182296701000041, 14.186462801000118 ], [ 121.183002590000115, 14.186391695999987 ], [ 121.184082368000077, 14.186935109000103 ], [ 121.185637411000016, 14.186844946 ], [ 121.186018202000014, 14.186592962000134 ], [ 121.185902811, 14.185847547000037 ], [ 121.18627496900001, 14.185656859000062 ], [ 121.188625965000028, 14.186779718000139 ], [ 121.188716433000081, 14.188067859000057 ], [ 121.189225290000195, 14.188501786000188 ], [ 121.191127332000178, 14.186028671000088 ], [ 121.194360133000032, 14.183052125000188 ], [ 121.196631733000231, 14.181952233000118 ], [ 121.197819108000203, 14.182231692000073 ], [ 121.198864092000122, 14.181894008000029 ], [ 121.199466823000193, 14.18207433900011 ], [ 121.205117651000023, 14.186615537000137 ], [ 121.205987160000063, 14.186962449000077 ], [ 121.20762923600023, 14.186333223000076 ], [ 121.208535908000158, 14.18553745100013 ], [ 121.211538558000029, 14.179478464000169 ], [ 121.212401297000156, 14.178625803000045 ], [ 121.213291406000167, 14.17844153100009 ], [ 121.214330994000193, 14.178950421000081 ], [ 121.216476580000062, 14.178775488000099 ], [ 121.218140300000073, 14.179015875000175 ], [ 121.21953994200021, 14.180038777000107 ], [ 121.220936126000083, 14.180189493000114 ], [ 121.221502565000151, 14.18133651800008 ], [ 121.222811290000209, 14.182360636000055 ], [ 121.225028377000058, 14.182455363000031 ], [ 121.225270045000116, 14.183088714000121 ], [ 121.226226331000021, 14.182995548 ], [ 121.226994174000083, 14.18335209900016 ], [ 121.229148502000157, 14.186435615 ], [ 121.232249300000035, 14.188052462000087 ], [ 121.232786451000152, 14.187685509000062 ], [ 121.233206851000091, 14.187798884000074 ], [ 121.233976609000024, 14.189238107000051 ], [ 121.234303868000211, 14.190764290000118 ], [ 121.233894970000279, 14.190889164000168 ], [ 121.233344055000089, 14.190335799000138 ], [ 121.232591070000012, 14.188613675999989 ], [ 121.232280617000015, 14.189320899000165 ], [ 121.232408965000332, 14.189988424999967 ], [ 121.233429919000059, 14.192161315000021 ], [ 121.23488085800011, 14.194029320000084 ], [ 121.235485317000325, 14.196975736000184 ], [ 121.236111250000022, 14.197753186 ], [ 121.237086965000117, 14.198157195000135 ], [ 121.240173409000136, 14.197148925000022 ], [ 121.245166938000011, 14.193159886000103 ], [ 121.248480569000321, 14.191179178000027 ], [ 121.250704664000068, 14.191235039000105 ], [ 121.251357272000064, 14.191751053000132 ], [ 121.252145373000189, 14.191701118000026 ], [ 121.252827574000207, 14.192062510000085 ], [ 121.253207617000157, 14.191630904000078 ], [ 121.254096922000031, 14.191782184000147 ], [ 121.254965227000071, 14.190701068000067 ], [ 121.256370667000169, 14.191531442000041 ], [ 121.257517248000113, 14.190882651999971 ], [ 121.25854772300022, 14.191981664000139 ], [ 121.259647390000168, 14.190292885000133 ], [ 121.260051599000121, 14.190685609000127 ], [ 121.262106443000107, 14.189450595000039 ], [ 121.263646512000037, 14.189590277000093 ], [ 121.264578548000145, 14.190008268000099 ], [ 121.267269973000111, 14.192906408000113 ], [ 121.267691153000328, 14.194682909999983 ], [ 121.268526011000176, 14.194683250000026 ], [ 121.268885047000026, 14.195100141000125 ], [ 121.27052547000028, 14.194539296000187 ], [ 121.270485228000325, 14.194904560000055 ], [ 121.269681761000015, 14.195447086000172 ], [ 121.273538050000184, 14.195852669000089 ], [ 121.273815767000087, 14.195464747000131 ], [ 121.273604743000078, 14.195292632000189 ], [ 121.272306424000021, 14.195210155000041 ], [ 121.27161193000029, 14.194559328000082 ], [ 121.272067267000011, 14.193807134 ], [ 121.2732322600001, 14.193352502000039 ], [ 121.273868556000139, 14.193442387000118 ], [ 121.274113631000091, 14.194065598000066 ], [ 121.274789980000037, 14.193814584000108 ], [ 121.276735516000031, 14.194194151000147 ], [ 121.278497680000214, 14.194048422000094 ], [ 121.278981259000147, 14.194514937000065 ], [ 121.278725217000101, 14.195341690000134 ], [ 121.278961408000214, 14.195489611000028 ], [ 121.279889381000089, 14.194996687000128 ], [ 121.283548627000187, 14.195035137000104 ], [ 121.288240694000024, 14.193923319000135 ], [ 121.289487053000016, 14.194273415000112 ], [ 121.290318254000113, 14.195022653000137 ], [ 121.29052389800006, 14.195913647000111 ], [ 121.289494469000147, 14.196613039000113 ], [ 121.289723351000021, 14.197735719000093 ], [ 121.290297772000031, 14.197752008000123 ], [ 121.290915169000073, 14.197272921000149 ], [ 121.290847468000038, 14.197913039000184 ], [ 121.291133980000154, 14.198074146000124 ], [ 121.292397655000173, 14.19710072100014 ], [ 121.293575980000014, 14.197277542999984 ], [ 121.294228242000031, 14.198545336 ], [ 121.294916425000224, 14.198859008000056 ], [ 121.294914180000092, 14.20044026100004 ], [ 121.295713205000084, 14.200805566000156 ], [ 121.295926829000109, 14.201259735000178 ], [ 121.2964522850001, 14.201044453000122 ], [ 121.296666727000229, 14.200388909000026 ], [ 121.29718366100019, 14.20031228 ], [ 121.29736790000004, 14.200693231000173 ], [ 121.300297522000051, 14.201217812000152 ], [ 121.30403818800005, 14.203344473000186 ], [ 121.307923782000216, 14.209761620000108 ], [ 121.308172881000132, 14.211645622 ], [ 121.307682275000047, 14.212754383000174 ], [ 121.308397731000127, 14.212859261000119 ], [ 121.310733958000014, 14.216596342000173 ], [ 121.311677640000084, 14.2190442590001 ], [ 121.311902641000188, 14.220326993000015 ], [ 121.311510536000014, 14.221010225999976 ], [ 121.311695022000322, 14.221693389000109 ], [ 121.312751192000178, 14.223053012000094 ], [ 121.313949858000228, 14.222772549000069 ], [ 121.315580860000182, 14.223304114000086 ], [ 121.315751713000168, 14.224229875 ], [ 121.317303610000067, 14.225847229000067 ], [ 121.318483944000036, 14.226444944000036 ], [ 121.319667591000325, 14.228198377000126 ], [ 121.319757925000204, 14.228799975000129 ], [ 121.319319326000027, 14.228831561000106 ], [ 121.318203, 14.22758710800008 ], [ 121.316148807000104, 14.226601852000101 ], [ 121.315554147000171, 14.226909698000156 ], [ 121.315736334, 14.227904882000075 ], [ 121.316400111, 14.227863333000073 ], [ 121.316951852000102, 14.228712035000171 ], [ 121.318066318000092, 14.229246882999973 ], [ 121.318551703000026, 14.230258068000069 ], [ 121.320093296000096, 14.230712704000041 ], [ 121.321393185000147, 14.230527685000084 ], [ 121.320843388000185, 14.231818204000035 ], [ 121.321889226000053, 14.23138176600014 ], [ 121.321937286000093, 14.232574785 ], [ 121.323197890000301, 14.232380607000096 ], [ 121.323438328000293, 14.233606335000104 ], [ 121.324438415000031, 14.23454951500014 ], [ 121.325598692000199, 14.234291633000112 ], [ 121.32594911800004, 14.235060507000128 ], [ 121.327768056000082, 14.23596362100011 ], [ 121.328298238000116, 14.23558480500003 ], [ 121.328497141000071, 14.236120419000088 ], [ 121.329485982000278, 14.236813253000037 ], [ 121.331118499000127, 14.236520461000168 ], [ 121.331046950000086, 14.237055831000021 ], [ 121.332095512000024, 14.238134900999967 ], [ 121.333269907000158, 14.238192568000045 ], [ 121.337632728000017, 14.240345163000086 ], [ 121.342218379000087, 14.242011478 ], [ 121.343507663000082, 14.243276902000105 ], [ 121.343843470000024, 14.24436328500019 ], [ 121.343496085000197, 14.244863785 ], [ 121.344193017000066, 14.245136841000033 ], [ 121.343241417000058, 14.245219642000052 ], [ 121.343124399000089, 14.245554103000131 ], [ 121.344652349000057, 14.246764709000104 ], [ 121.344826306000186, 14.248442285000181 ], [ 121.345783712000184, 14.249543411000161 ], [ 121.346058839000079, 14.252399814000114 ], [ 121.346827398000187, 14.253737587000046 ], [ 121.347517318000087, 14.254274206000161 ], [ 121.34851879100006, 14.257192558000042 ], [ 121.350264734, 14.259664303000022 ], [ 121.352262944000017, 14.25985015100008 ], [ 121.35236709000003, 14.260893287999977 ], [ 121.353956362000076, 14.261277166000127 ], [ 121.356244083000092, 14.262942051000152 ], [ 121.35725229500008, 14.26416845100016 ], [ 121.358535681000035, 14.264076198999987 ], [ 121.363580809000041, 14.266316583999981 ], [ 121.365064198000255, 14.26640749500018 ], [ 121.366157392000105, 14.26731456300007 ], [ 121.367019338000205, 14.267493465000143 ], [ 121.369058561000088, 14.269261966000158 ], [ 121.370638030000123, 14.27162827 ], [ 121.375206397000056, 14.271738316000096 ], [ 121.380227103000152, 14.27612907800011 ], [ 121.381394482000019, 14.277738389000092 ], [ 121.384165081000333, 14.279128858000149 ], [ 121.386538853000275, 14.279249167000046 ], [ 121.389159181000196, 14.280029684000056 ], [ 121.391659818000107, 14.282733707999967 ], [ 121.39327624900011, 14.283301815000186 ], [ 121.397064852000199, 14.285673827000153 ], [ 121.398235192000016, 14.287514021 ], [ 121.399568983000108, 14.288396303000184 ], [ 121.399507047000043, 14.291797982000162 ], [ 121.399026165, 14.293703408000056 ], [ 121.399320184000089, 14.295500098000048 ], [ 121.401067485000112, 14.300007871999981 ], [ 121.40059395500009, 14.301318600000116 ], [ 121.400985571000092, 14.30185190200018 ], [ 121.402054520000206, 14.302237786000092 ], [ 121.403777214000115, 14.30211097900019 ], [ 121.405279373000099, 14.301060157000109 ], [ 121.408850578000283, 14.300401414000078 ], [ 121.409395166000081, 14.300986248000129 ], [ 121.409511417000203, 14.301638294999975 ], [ 121.410325768000121, 14.302230148000035 ], [ 121.410200480000071, 14.303418412000099 ], [ 121.410598507000032, 14.303828301000181 ], [ 121.411617890000116, 14.303769957000156 ], [ 121.412339468000141, 14.30330239400007 ], [ 121.41364339900008, 14.305542703000071 ], [ 121.414244280000162, 14.305611869000131 ], [ 121.414058691000037, 14.303493049000167 ], [ 121.413647498000159, 14.302578116 ], [ 121.412881532000029, 14.302230932999976 ], [ 121.412798379000037, 14.299863032000076 ], [ 121.413151340000013, 14.299606250000181 ], [ 121.415476714000192, 14.301664607000021 ], [ 121.415104934000169, 14.300650096000027 ], [ 121.415547896000021, 14.300910072000022 ], [ 121.415648983000096, 14.300589465000087 ], [ 121.41514688600023, 14.299365253000019 ], [ 121.414978185000223, 14.297581021000042 ], [ 121.414128486000209, 14.296595452000076 ], [ 121.415221528000188, 14.294707033000066 ], [ 121.416497582000261, 14.293399981000107 ], [ 121.416026577000139, 14.292897079000056 ], [ 121.414889910000284, 14.292584096000041 ], [ 121.414765868000018, 14.291324598000074 ], [ 121.415138051000099, 14.291030919000036 ], [ 121.415550102000225, 14.291820333000146 ], [ 121.416025899000033, 14.291638402000103 ], [ 121.416710763000083, 14.290060364999988 ], [ 121.416003357000136, 14.289435577000177 ], [ 121.417018093000252, 14.288183656000058 ], [ 121.417302983000013, 14.288157786000056 ], [ 121.417637759000058, 14.289141037000149 ], [ 121.418072160000179, 14.2894493390001 ], [ 121.417401813000197, 14.290310219000105 ], [ 121.417669844000102, 14.291067205 ], [ 121.418748682000228, 14.290963318000024 ], [ 121.419277539000177, 14.292014701000085 ], [ 121.42034236500001, 14.292058006 ], [ 121.421427496000092, 14.292741569000157 ], [ 121.42215785500025, 14.292794726000011 ], [ 121.422760917000232, 14.293342228000029 ], [ 121.423442667000018, 14.293262202000165 ], [ 121.424228878000122, 14.292409883000062 ], [ 121.425540008000098, 14.291950030000123 ], [ 121.426701462000096, 14.292331668000088 ], [ 121.42857557800005, 14.29165624500007 ], [ 121.430230448000202, 14.292322765000165 ], [ 121.432034023000142, 14.292305668999973 ], [ 121.435192422000227, 14.291138096000111 ], [ 121.436653798000179, 14.289684673000181 ], [ 121.437557999000092, 14.289205644000106 ], [ 121.438825181000198, 14.288939215000141 ], [ 121.440012531000207, 14.289569018000122 ], [ 121.438063680000141, 14.290548055000045 ], [ 121.435790503000021, 14.292625752999982 ], [ 121.436327332000019, 14.292574213000023 ], [ 121.438060259000281, 14.291043656999989 ], [ 121.439490631000012, 14.290392211000096 ], [ 121.438028128000042, 14.291607906000081 ], [ 121.439011937000146, 14.291618469000127 ], [ 121.438866725000025, 14.292399744000022 ], [ 121.44004880600005, 14.292795024000043 ], [ 121.438402213000018, 14.293595154000172 ], [ 121.438259722000225, 14.293981744 ], [ 121.438587151000206, 14.294522124000139 ], [ 121.437967577000109, 14.294726171000036 ], [ 121.437839901000189, 14.295098506000045 ], [ 121.436527786000056, 14.294350716000167 ], [ 121.434667495000099, 14.293931693000047 ], [ 121.431826687000012, 14.293912983000098 ], [ 121.430976239000188, 14.294119667000132 ], [ 121.430525857000021, 14.294711113000062 ], [ 121.434370336000029, 14.294794919000083 ], [ 121.434338085000149, 14.295467492 ], [ 121.435420591000025, 14.295896228000174 ], [ 121.435501392000219, 14.296183815000063 ], [ 121.43329107600016, 14.296554997000044 ], [ 121.431324697000036, 14.297564669999986 ], [ 121.429884259000232, 14.297016936000148 ], [ 121.428939249000223, 14.296103090000031 ], [ 121.42834115900007, 14.296019530000024 ], [ 121.426993570000036, 14.296103498999969 ], [ 121.425380826000037, 14.297141016000126 ], [ 121.425591956000062, 14.298084456000026 ], [ 121.426834643, 14.299024106000161 ], [ 121.425310803000229, 14.300326231000156 ], [ 121.424858921000123, 14.302688910000143 ], [ 121.42383248100009, 14.304446393000148 ], [ 121.42366822200006, 14.305257260000189 ], [ 121.424189696000099, 14.308186337000166 ], [ 121.424609301000032, 14.308665981000047 ], [ 121.425428278000027, 14.308735849000129 ], [ 121.427340263000019, 14.307728641000153 ], [ 121.428709144000095, 14.306473904000143 ], [ 121.430427593000104, 14.307001956000136 ], [ 121.430652702000089, 14.306379098000093 ], [ 121.43032878300005, 14.30427428400003 ], [ 121.430954703000339, 14.304221005000159 ], [ 121.431577952000112, 14.3024310240001 ], [ 121.434631683000134, 14.300362822000068 ], [ 121.435441515000321, 14.300317916999973 ], [ 121.435917813000287, 14.300615281999967 ], [ 121.436368262000201, 14.301457882000079 ], [ 121.435752054000204, 14.302236055000037 ], [ 121.435740971000087, 14.302774210999985 ], [ 121.436112162000086, 14.303372293000109 ], [ 121.437513426000237, 14.304005852000046 ], [ 121.437017952000133, 14.305416344000037 ], [ 121.437135665000028, 14.306486399 ], [ 121.437995713000078, 14.307697687000029 ], [ 121.437946715000294, 14.309462756000187 ], [ 121.438639942, 14.310067294000078 ], [ 121.438626704000171, 14.310505334000084 ], [ 121.437279186000069, 14.311920388000146 ], [ 121.437465873000178, 14.314023174 ], [ 121.438599910000107, 14.317497482000078 ], [ 121.440110453000102, 14.317943240000034 ], [ 121.441070382000021, 14.320158425000045 ], [ 121.440797445000271, 14.321434416000045 ], [ 121.440247668000211, 14.321609102000082 ], [ 121.439775459000089, 14.322319180000079 ], [ 121.438890180000158, 14.322531278000042 ], [ 121.439561817000026, 14.323833287000184 ], [ 121.440120596000156, 14.323827053 ], [ 121.439859243000114, 14.324895108000021 ], [ 121.438616012000011, 14.32545153600006 ], [ 121.438765286000262, 14.324432273000184 ], [ 121.437491032000025, 14.325067734000072 ], [ 121.43697494200012, 14.324777084 ], [ 121.435364973000219, 14.325479658000063 ], [ 121.434757040000136, 14.326713810000058 ], [ 121.43360748300006, 14.326943954000058 ], [ 121.432607620000226, 14.327561386000184 ], [ 121.431897557000184, 14.327408117 ], [ 121.431435813, 14.328068719000157 ], [ 121.431328100000087, 14.328949574000092 ], [ 121.431013598000163, 14.328888064000182 ], [ 121.431038943000203, 14.328165148000039 ], [ 121.430520513000147, 14.32821124700007 ], [ 121.429918747000102, 14.330306189 ], [ 121.427855082000292, 14.331378143000052 ], [ 121.426723949, 14.331584599000109 ], [ 121.425979534000021, 14.331112136000172 ], [ 121.424123852000093, 14.331112565000126 ], [ 121.423578257000031, 14.331668365000098 ], [ 121.423978481000063, 14.33252520800005 ], [ 121.423528564000094, 14.332942201000151 ], [ 121.419119829000238, 14.332820305000041 ], [ 121.418029227000034, 14.333548509000025 ], [ 121.417855976000055, 14.334641591000093 ], [ 121.418278238000198, 14.334769975000029 ], [ 121.419718648000185, 14.334008224000172 ], [ 121.422076869000307, 14.333669650000047 ], [ 121.421980033000068, 14.334238535000111 ], [ 121.420504213000072, 14.334802742000022 ], [ 121.418780792, 14.33656715800015 ], [ 121.418978891000165, 14.337178380000069 ], [ 121.420362239000042, 14.336685322000164 ], [ 121.421271134000335, 14.335633011000027 ], [ 121.421595512000181, 14.336603839000077 ], [ 121.422849315000121, 14.336217534000184 ], [ 121.424173071000041, 14.336351899000022 ], [ 121.425583395000217, 14.334468412000035 ], [ 121.42643842200016, 14.334907897000107 ], [ 121.427075825000202, 14.33617224600016 ], [ 121.427920485000072, 14.336580670000046 ], [ 121.428181288000133, 14.337160816000051 ], [ 121.427430751000088, 14.339965296000116 ], [ 121.42869360300017, 14.343979226000044 ], [ 121.42929796400017, 14.343862868000031 ], [ 121.430707744000074, 14.342334249000089 ], [ 121.434967629000198, 14.339259741000092 ], [ 121.435355393000123, 14.338727357000096 ], [ 121.435537890000205, 14.337514469000098 ], [ 121.436344838000196, 14.337211196000169 ], [ 121.437184350000052, 14.336123423000117 ], [ 121.437637342000016, 14.336002968000173 ], [ 121.437719525000148, 14.337193802000115 ], [ 121.439031096, 14.337149534 ], [ 121.438307801000178, 14.338432052000087 ], [ 121.43839243400032, 14.340575136000098 ], [ 121.439422575000208, 14.341573761000063 ], [ 121.439775037000231, 14.343528132000017 ], [ 121.439148937000141, 14.344728643000167 ], [ 121.439466491000076, 14.346181766000029 ], [ 121.439783344000148, 14.346384624000109 ], [ 121.440153568000028, 14.34563872800004 ], [ 121.440262100000155, 14.346187002000136 ], [ 121.440533732000063, 14.34616141000015 ], [ 121.440817376000041, 14.345752607000122 ], [ 121.440656786000091, 14.344610800000055 ], [ 121.441264917000012, 14.343300654000018 ], [ 121.441865785000232, 14.343039948000126 ], [ 121.44122894800023, 14.34444116800006 ], [ 121.441410911000048, 14.34519982300003 ], [ 121.442086918000086, 14.344903107 ], [ 121.442684673000144, 14.343738904000077 ], [ 121.442686282000182, 14.342150989000061 ], [ 121.441827814000021, 14.340146810000022 ], [ 121.443290258000047, 14.337687660000142 ], [ 121.446868951000056, 14.336061948000065 ], [ 121.447043129000122, 14.336699384999974 ], [ 121.447571092000203, 14.336935825000182 ], [ 121.449891992000062, 14.334732396000049 ], [ 121.450888269000302, 14.335645950000128 ], [ 121.451639728000032, 14.335650855000097 ], [ 121.452619842000104, 14.333623635000038 ], [ 121.456267928000216, 14.331673590999969 ], [ 121.456347982000011, 14.331180661000076 ], [ 121.455451267000058, 14.329993534000153 ], [ 121.454547802000093, 14.329793264000102 ], [ 121.453879596000093, 14.328831916000127 ], [ 121.453479235000145, 14.329068556000038 ], [ 121.453551506000167, 14.329712009000048 ], [ 121.452584352000031, 14.329791899999975 ], [ 121.452980310000157, 14.328873162000036 ], [ 121.452546068000061, 14.328271949999987 ], [ 121.453038521000053, 14.327486815000157 ], [ 121.453876505000153, 14.327454283000122 ], [ 121.453995657000064, 14.325987597000108 ], [ 121.454342595000298, 14.32539717200018 ], [ 121.454757065000308, 14.325187112000037 ], [ 121.455930644000205, 14.325650659000075 ], [ 121.458118887000069, 14.324745460000088 ], [ 121.458986235000111, 14.325650471000074 ], [ 121.459487892000311, 14.325723673000084 ], [ 121.46038901400027, 14.325076690000117 ], [ 121.462049168000135, 14.325332261000028 ], [ 121.463519070000075, 14.324126837000165 ], [ 121.464296626000078, 14.32415673100013 ], [ 121.464978188000032, 14.323303335000048 ], [ 121.465010365000126, 14.322321420000037 ], [ 121.463772089000145, 14.321636284000022 ], [ 121.462540944000011, 14.321721144000151 ], [ 121.46090313000002, 14.320703548000154 ], [ 121.460528362000105, 14.319569816000126 ], [ 121.458132221000142, 14.315712812000015 ], [ 121.458368492000091, 14.314719793 ], [ 121.4589273280003, 14.315034216000186 ], [ 121.459865986000182, 14.317908843999987 ], [ 121.460472200000027, 14.31875615600012 ], [ 121.460895357000027, 14.318925983000042 ], [ 121.460720402000334, 14.318256509000094 ], [ 121.461136754000108, 14.318227381000156 ], [ 121.461926415000221, 14.319696480000118 ], [ 121.462961372000109, 14.320475336000072 ], [ 121.463594634000287, 14.320446945000128 ], [ 121.463950991000047, 14.319490845000075 ], [ 121.464769264000097, 14.319203740000034 ], [ 121.467073270000014, 14.320924262000119 ], [ 121.467973409000138, 14.320848849000186 ], [ 121.468344645000116, 14.32015274400004 ], [ 121.469880368000076, 14.319449589000044 ], [ 121.471045767000192, 14.317359900000042 ], [ 121.471527981000122, 14.317181386000016 ], [ 121.472210875000087, 14.317513587000064 ], [ 121.473462119000033, 14.317128560000128 ], [ 121.473469253000076, 14.317469931 ], [ 121.47151200400026, 14.319549607000113 ], [ 121.471484834000194, 14.320824121999976 ], [ 121.470623822000107, 14.323376994000171 ], [ 121.47009955600015, 14.326754625000149 ], [ 121.471989397000016, 14.328466459000026 ], [ 121.471856907000074, 14.330208787000117 ], [ 121.472994030000109, 14.330723971000111 ], [ 121.474019796000107, 14.332601920000172 ], [ 121.474426201000028, 14.334204674000091 ], [ 121.474363954000182, 14.338001127000041 ], [ 121.478282820000231, 14.345285795000052 ], [ 121.478405059000124, 14.347781718000078 ], [ 121.479274580000038, 14.350842936000049 ], [ 121.478628485000172, 14.353144079000117 ], [ 121.478846196000291, 14.355233796999983 ], [ 121.477753686000142, 14.359096048000083 ], [ 121.475271988000145, 14.361373083000103 ], [ 121.473488948000067, 14.360878659000036 ], [ 121.472570397000027, 14.361297138000111 ], [ 121.472683237000069, 14.362366189000056 ], [ 121.473892788000057, 14.363310598000112 ], [ 121.47516349600005, 14.365009847000124 ], [ 121.475005817000238, 14.366382960000124 ], [ 121.474253841000063, 14.367287205000082 ], [ 121.474437251000268, 14.369543411000052 ], [ 121.473428029000047, 14.371872782000139 ], [ 121.472315514000115, 14.373179569000172 ], [ 121.469344231000036, 14.375610819000087 ], [ 121.46765409000011, 14.376382525000167 ], [ 121.46753725800022, 14.376932926000109 ], [ 121.468099254000322, 14.377432607000173 ], [ 121.468130323000196, 14.377851688000135 ], [ 121.466657667000163, 14.379892453000139 ], [ 121.46612898900014, 14.381812800000091 ], [ 121.464867441000024, 14.382244845000059 ], [ 121.464801069000032, 14.383290856000031 ], [ 121.464109016000066, 14.383805978 ], [ 121.463575345000208, 14.384978858000068 ], [ 121.462499595000054, 14.385963198000127 ], [ 121.461752083000192, 14.386149033000152 ], [ 121.461234217000083, 14.38698856600007 ], [ 121.459972162000099, 14.387389526000049 ], [ 121.459225712000148, 14.388505806000012 ], [ 121.456924231000016, 14.388670836000188 ], [ 121.456348363000188, 14.389395408000098 ], [ 121.454965661000188, 14.390245645 ], [ 121.451540235000039, 14.390255970000055 ], [ 121.450702193000211, 14.390037709000012 ], [ 121.449960677000149, 14.38921450100014 ], [ 121.449320846000205, 14.38947217700013 ], [ 121.448987902000226, 14.390271974000143 ], [ 121.449438447000034, 14.39189525900008 ], [ 121.449165089000189, 14.393792033000182 ], [ 121.44997598000009, 14.394296544000099 ], [ 121.451990444000103, 14.394367029000136 ], [ 121.452525208000111, 14.394967513000097 ], [ 121.452293086000054, 14.396141819000093 ], [ 121.45139225600019, 14.396824616000174 ], [ 121.448313986000016, 14.397321084000055 ], [ 121.445370885000102, 14.395401697000125 ], [ 121.44463356000017, 14.395975847000045 ], [ 121.443828468000106, 14.397276248000082 ], [ 121.442691983000032, 14.397745714000166 ], [ 121.441951232000065, 14.396920677000026 ], [ 121.44108911100011, 14.396956308000028 ], [ 121.440554622000036, 14.396608484000069 ], [ 121.439185922000092, 14.396755053 ], [ 121.438145981000048, 14.395793832000152 ], [ 121.437177921000284, 14.394207816 ], [ 121.436133953000081, 14.393827947000091 ], [ 121.435141575000216, 14.39250503400018 ], [ 121.434647118000044, 14.392403034000097 ], [ 121.434639325000035, 14.392916649000028 ], [ 121.433872642000097, 14.393262867999965 ], [ 121.434534923000115, 14.394539354000074 ], [ 121.434077984000055, 14.39589929300007 ], [ 121.434583132000057, 14.397948574000111 ], [ 121.432493477000094, 14.397198173999982 ], [ 121.431636800000206, 14.399352857 ], [ 121.431679928000221, 14.400417807 ], [ 121.433127515000024, 14.401679379000143 ], [ 121.432895177000091, 14.403087533000132 ], [ 121.433299096000042, 14.404628063000018 ], [ 121.433048317000043, 14.405779786000039 ], [ 121.432384447000118, 14.402649408 ], [ 121.430340288000025, 14.398763613000085 ], [ 121.430287196000108, 14.397099230000151 ], [ 121.428673006000281, 14.396236817000101 ], [ 121.427926465000041, 14.396839060000104 ], [ 121.427934967000056, 14.395624611000073 ], [ 121.427511822000156, 14.394983515000149 ], [ 121.428021859000182, 14.393614157 ], [ 121.429818319000105, 14.392802345000177 ], [ 121.430232256000181, 14.390399470000034 ], [ 121.432545996000158, 14.388105973000052 ], [ 121.432478942000103, 14.387552509000102 ], [ 121.432111927000165, 14.387301219000108 ], [ 121.43134567300001, 14.387351438999985 ], [ 121.430346895000184, 14.388201987 ], [ 121.430508218000114, 14.38744266100008 ], [ 121.429998701000159, 14.387287198000081 ], [ 121.427736105000122, 14.388350548000176 ], [ 121.42577320800001, 14.391171696000185 ], [ 121.422162164000042, 14.395103872000107 ], [ 121.421677666000051, 14.395189076 ], [ 121.421431514000119, 14.395786847000181 ], [ 121.419872446000113, 14.395285105000085 ], [ 121.41765658700001, 14.396429805000082 ], [ 121.416455793000068, 14.396588811000129 ], [ 121.415804727000022, 14.397419698000022 ], [ 121.415062283000111, 14.396913570000095 ], [ 121.413854719000028, 14.395176012000036 ], [ 121.411409268000057, 14.393145168000046 ], [ 121.41044368300004, 14.39283405700013 ], [ 121.410195771000076, 14.392252632000066 ], [ 121.409062998000081, 14.391350805000172 ], [ 121.408285293000176, 14.388712086000055 ], [ 121.409068444000013, 14.387734713999976 ], [ 121.406965547000027, 14.38717027500013 ], [ 121.406689985000298, 14.386225083000056 ], [ 121.408755082000198, 14.382161015000065 ], [ 121.410044396000103, 14.378620252000132 ], [ 121.408824064000214, 14.378333217999966 ], [ 121.40926693900019, 14.377017552000041 ], [ 121.40748794000001, 14.374274473000185 ], [ 121.407855918000223, 14.373255791000076 ], [ 121.406617408000102, 14.372902976000091 ], [ 121.405560824000077, 14.371543888000076 ], [ 121.404872833000013, 14.370210726000096 ], [ 121.404593024000064, 14.36784093700004 ], [ 121.403787245000103, 14.366163127000107 ], [ 121.403102800000056, 14.365462989000093 ], [ 121.402200063000237, 14.363548128000048 ], [ 121.401491922000218, 14.363146736000033 ], [ 121.400206008000055, 14.361356269000112 ], [ 121.399657192000063, 14.360123876000046 ], [ 121.399823690000176, 14.35891092300011 ], [ 121.399060327000029, 14.357829479000031 ], [ 121.39886442500017, 14.354573667000068 ], [ 121.399089410000215, 14.353738075000081 ], [ 121.398234015000185, 14.353279571000144 ], [ 121.39740082600008, 14.35216348299997 ], [ 121.398047495000014, 14.35055427900005 ], [ 121.396085272000164, 14.350500007 ], [ 121.395221317000164, 14.349769802000083 ], [ 121.39158581300012, 14.348173934000044 ], [ 121.391106600000171, 14.346907539000142 ], [ 121.391668273000164, 14.345846610000024 ], [ 121.391612603000112, 14.345135542000151 ], [ 121.390534000000343, 14.344761034000101 ], [ 121.390248273000111, 14.343941802000131 ], [ 121.389044021000132, 14.342927325000119 ], [ 121.385273662000145, 14.341003330000035 ], [ 121.384025381000015, 14.339461597000081 ], [ 121.381633914000076, 14.339200952000112 ], [ 121.380427233000205, 14.33794179 ], [ 121.379925145000016, 14.344324137000058 ], [ 121.365349949, 14.355935850000094 ], [ 121.363932495000199, 14.363358943000094 ], [ 121.368041375000303, 14.373091266000074 ], [ 121.369198316000052, 14.375142206000078 ], [ 121.366798209000081, 14.391378643000166 ], [ 121.366633634000095, 14.407342356000186 ], [ 121.364658742000074, 14.424128940000173 ], [ 121.363342147000026, 14.431370212000161 ], [ 121.362431902000026, 14.454193887000031 ], [ 121.36774626200031, 14.453398836000076 ], [ 121.371595938000155, 14.451691908999976 ], [ 121.375433001000147, 14.451434985000049 ], [ 121.376262749000034, 14.457144719000155 ], [ 121.37619811400009, 14.464224662 ], [ 121.361753477000207, 14.47718141900009 ], [ 121.362258100000076, 14.486432838000042 ], [ 121.366715602000113, 14.498207372000138 ], [ 121.370510311000089, 14.504429723000101 ], [ 121.37544313, 14.507428636000157 ], [ 121.37544313, 14.507824809000169 ], [ 121.376898141000197, 14.50938748700014 ], [ 121.376829938000014, 14.509717628000033 ], [ 121.376102432000039, 14.509563562000039 ], [ 121.375670476000096, 14.510708050000062 ], [ 121.376784469000199, 14.510950153000124 ], [ 121.37619337000001, 14.512028606000058 ], [ 121.376829938000014, 14.512270708000017 ], [ 121.377664980000304, 14.514468503999979 ], [ 121.376796491000164, 14.519310128000029 ], [ 121.3783619310002, 14.520565767000107 ], [ 121.378282509000201, 14.52173144600016 ], [ 121.377701796000338, 14.522774653000056 ], [ 121.376494639000043, 14.523409627000035 ], [ 121.376248153000233, 14.524600794000094 ], [ 121.379783984000142, 14.526719674000049 ], [ 121.379471292000062, 14.528035233000139 ], [ 121.38110691500026, 14.531527832000165 ], [ 121.38473895900006, 14.531760670000097 ], [ 121.385147865000135, 14.533052916000031 ], [ 121.38501557200027, 14.534286945000133 ], [ 121.385821357000054, 14.533844558 ], [ 121.386663221000049, 14.53424037800005 ], [ 121.386939834000145, 14.535125150000113 ], [ 121.387276580000162, 14.534822465 ], [ 121.388082365000059, 14.535392909000109 ], [ 121.388888149000195, 14.534927241000162 ], [ 121.389705961000118, 14.53527649199998 ], [ 121.39019905300006, 14.536673493000023 ], [ 121.389200842000037, 14.537756162 ], [ 121.388960309000254, 14.539351051999972 ], [ 121.389946494000014, 14.540084464000074 ], [ 121.391870756000117, 14.538571070000103 ], [ 121.392856940000343, 14.538303315000064 ], [ 121.393975417000092, 14.539816711000071 ], [ 121.393650698000101, 14.540491915000132 ], [ 121.395358592000207, 14.541001822000169 ], [ 121.395585937000078, 14.542124140999988 ], [ 121.397075050000126, 14.542509249000091 ], [ 121.397643414000072, 14.5436205580001 ], [ 121.398279981000087, 14.543323476000012 ], [ 121.398098105000145, 14.542344203000084 ], [ 121.398314083000059, 14.541662010000039 ], [ 121.399212097000145, 14.541034831000104 ], [ 121.400417028000106, 14.540869784000051 ], [ 121.400166948000333, 14.542355206000025 ], [ 121.401451450000081, 14.543202443000041 ], [ 121.401849305000042, 14.542696302000024 ], [ 121.403270214000031, 14.542751317000011 ], [ 121.403327050000144, 14.543290467000077 ], [ 121.402292628000168, 14.544423778000123 ], [ 121.402349465000043, 14.544819885000152 ], [ 121.403463457000157, 14.544720858 ], [ 121.404145494000204, 14.544016667000108 ], [ 121.404577450000033, 14.54437976600002 ], [ 121.404281901000218, 14.545414043999983 ], [ 121.407008245000043, 14.544558496999969 ], [ 121.411512348000088, 14.544305132999966 ], [ 121.414488232000053, 14.543192753000142 ], [ 121.415810955000211, 14.543168700000024 ], [ 121.417540648000227, 14.542315280000082 ], [ 121.420447595000155, 14.541761899000051 ], [ 121.422384401000045, 14.541752341000176 ], [ 121.42420227200023, 14.542287311 ], [ 121.425290970000106, 14.542062247000047 ], [ 121.447989783000139, 14.544977906000156 ], [ 121.448231592000184, 14.545461524000189 ], [ 121.447556384000222, 14.546108352999966 ], [ 121.44778494500008, 14.546885462000034 ], [ 121.447396391000211, 14.547411153000098 ], [ 121.447556384000222, 14.547628286000077 ], [ 121.439339714000198, 14.557175536000045 ], [ 121.439454461000196, 14.55826563 ], [ 121.4389381000002, 14.55951350100014 ], [ 121.439253654000026, 14.560201982000024 ], [ 121.44124737900006, 14.561076926000112 ], [ 121.440549202000057, 14.561606326 ], [ 121.442492570000127, 14.562492502000168 ], [ 121.444824611000058, 14.563339810000116 ], [ 121.444962306000207, 14.562539947000062 ], [ 121.446038057000123, 14.56249691700009 ], [ 121.449726397000063, 14.570188268999971 ], [ 121.448199636000027, 14.57097829900016 ], [ 121.44785, 14.572024048000117 ], [ 121.446988858000168, 14.572691292000059 ], [ 121.446663563000016, 14.574292712000045 ], [ 121.445157677000111, 14.57486385500016 ], [ 121.444473558000027, 14.577115749000143 ], [ 121.441562291000309, 14.578489869000123 ], [ 121.442933898000206, 14.581390083000088 ], [ 121.443286633000184, 14.582887395 ], [ 121.442379909000124, 14.585447237999972 ], [ 121.441192701000091, 14.585186049000129 ], [ 121.44111363900015, 14.587291411000081 ], [ 121.452005187000168, 14.595771359000025 ] ] ], [ [ [ 121.2065812190001, 14.217044925000096 ], [ 121.205367075000026, 14.217035813000052 ], [ 121.203269159000342, 14.218426623000028 ], [ 121.20327606800015, 14.219953543000031 ], [ 121.204732196, 14.218150750000177 ], [ 121.2065812190001, 14.217044925000096 ] ] ], [ [ [ 121.311141879000161, 14.222714448000147 ], [ 121.310743516000116, 14.222873069 ], [ 121.311074188000134, 14.224029680000058 ], [ 121.311627850000264, 14.225244370000041 ], [ 121.312213052000061, 14.225555235000058 ], [ 121.312863783000125, 14.224841436000077 ], [ 121.311141879000161, 14.222714448000147 ] ] ], [ [ [ 121.412415779000298, 14.304329116000133 ], [ 121.411917413000083, 14.30393484800004 ], [ 121.411826456000085, 14.304993031000095 ], [ 121.412669656000048, 14.30623663300014 ], [ 121.412989546000063, 14.305880409000167 ], [ 121.412415779000298, 14.304329116000133 ] ] ], [ [ [ 121.436203951000039, 14.320447896000132 ], [ 121.435599368000112, 14.320718671000066 ], [ 121.436055717000158, 14.321507787000144 ], [ 121.436503656000014, 14.321251244000166 ], [ 121.436203951000039, 14.320447896000132 ] ] ], [ [ [ 121.437808871000129, 14.321534590000169 ], [ 121.437054831000069, 14.321911236000062 ], [ 121.437019085000088, 14.322552101000042 ], [ 121.437314454000102, 14.322851698000079 ], [ 121.437800896000226, 14.322686992000115 ], [ 121.437808871000129, 14.321534590000169 ] ] ], [ [ [ 121.418590776000087, 14.336080576000029 ], [ 121.419286210000109, 14.334902039000156 ], [ 121.417073692000145, 14.335585787000014 ], [ 121.417245830000184, 14.336057352000068 ], [ 121.418590776000087, 14.336080576000029 ] ] ], [ [ [ 121.432121245000076, 14.396286640000085 ], [ 121.431733062000035, 14.396002972000019 ], [ 121.431052470000168, 14.396296082000163 ], [ 121.430850510000027, 14.398493876000089 ], [ 121.431635544000073, 14.397821158 ], [ 121.432121245000076, 14.396286640000085 ] ] ] ] } },
{ "type": "Feature", "properties": { "psgc_code": "04056", "name": "Quezon", "region": "Region IV-A (Calabarzon)", "province": "Quezon", "level": "province" }, "geometry": { "type": "MultiPolygon", "coordinates": [ [ [ [ 122.307866511000157, 14.102030337000031 ], [ 122.308035723000103, 14.100043253000081 ], [ 122.306992500000092, 14.095307239000135 ], [ 122.30718803300033, 14.093020881000143 ], [ 122.307554612000217, 14.092883793000169 ], [ 122.306048601000043, 14.091265709000027 ], [ 122.302951619000282, 14.089557698000021 ], [ 122.302275346000215, 14.088747471000033 ], [ 122.301643790000185, 14.084911648000173 ], [ 122.302277890000028, 14.081819792000147 ], [ 122.300609886000075, 14.078644761000078 ], [ 122.298647797000172, 14.072115583000027 ], [ 122.298972095000181, 14.071180533000131 ], [ 122.299859623000089, 14.070317696000075 ], [ 122.300760857000228, 14.070486658 ], [ 122.301900572000136, 14.071262306000051 ], [ 122.302425947000188, 14.071055361000049 ], [ 122.303387437000083, 14.069107185000178 ], [ 122.303797892000034, 14.067382637000151 ], [ 122.3050580150001, 14.067548558999988 ], [ 122.306590070000198, 14.069350973000098 ], [ 122.307243552000045, 14.068046478999975 ], [ 122.307658098000047, 14.068051680000167 ], [ 122.308593191000114, 14.068826523000041 ], [ 122.309060012000032, 14.068605125000033 ], [ 122.309549693, 14.066785343000106 ], [ 122.310043044000054, 14.066145720000179 ], [ 122.310968859000013, 14.067683894000083 ], [ 122.312291323000181, 14.066559022000092 ], [ 122.313941265000039, 14.066553533999979 ], [ 122.313505424000027, 14.064854380000099 ], [ 122.314429064000024, 14.063740041000187 ], [ 122.314806013000066, 14.063920518000089 ], [ 122.315537837000193, 14.065465491000111 ], [ 122.315992462000054, 14.064222992999987 ], [ 122.318172529000094, 14.06500872700019 ], [ 122.318928609000068, 14.065686688000028 ], [ 122.319267249000063, 14.064973313999985 ], [ 122.318431683000199, 14.063792204000151 ], [ 122.318443357000092, 14.063105837000137 ], [ 122.31943010800012, 14.063548084000047 ], [ 122.320180964000087, 14.063329577000161 ], [ 122.320903693000105, 14.062647329000185 ], [ 122.321248961000038, 14.063153919000172 ], [ 122.322272174000091, 14.061767544000134 ], [ 122.322607075000178, 14.062117693000062 ], [ 122.322586626000202, 14.062671501000068 ], [ 122.323456173000068, 14.062551223000071 ], [ 122.323737479000101, 14.063312826000072 ], [ 122.325064935000114, 14.063047607999977 ], [ 122.326010619000044, 14.063707013000112 ], [ 122.326383755000052, 14.062489795000147 ], [ 122.326914710000324, 14.062397503000113 ], [ 122.327482043000145, 14.061644110000032 ], [ 122.328602786000033, 14.061334094000131 ], [ 122.329716801000131, 14.061815959000171 ], [ 122.330697555000029, 14.06123261700003 ], [ 122.331091574000084, 14.061871647000146 ], [ 122.330634047000103, 14.062419944000112 ], [ 122.33116915800008, 14.06242789900017 ], [ 122.33214132500018, 14.063365209999972 ], [ 122.332660023000244, 14.063145438000106 ], [ 122.333158239000113, 14.063606800000059 ], [ 122.33350211000004, 14.062759432000121 ], [ 122.334108946000015, 14.06365159700016 ], [ 122.334462928000107, 14.063398910000103 ], [ 122.334808119000172, 14.06388091700012 ], [ 122.335679484000025, 14.063230986000065 ], [ 122.336856400000102, 14.063764351000088 ], [ 122.337790238000139, 14.063187066000182 ], [ 122.338533225000219, 14.063300109000011 ], [ 122.340784797000197, 14.064244632000111 ], [ 122.360346611000068, 14.063437420000128 ], [ 122.362046616000157, 14.062866015000168 ], [ 122.383768560000135, 14.066641330000152 ], [ 122.396165868000026, 14.084713977000092 ], [ 122.400547059000019, 14.087283764000176 ], [ 122.408465781000132, 14.090570177000018 ], [ 122.408952029000034, 14.091521224000132 ], [ 122.40874116800012, 14.092232318000129 ], [ 122.407699174000072, 14.093003367000108 ], [ 122.407731437000166, 14.093538311000145 ], [ 122.409140851000075, 14.093747682000128 ], [ 122.410999264000225, 14.094646055000112 ], [ 122.410872913000162, 14.095250387000021 ], [ 122.410086211000134, 14.096126324000124 ], [ 122.410487165000063, 14.096958850000078 ], [ 122.411086985000111, 14.096972783000069 ], [ 122.411395897000148, 14.096190192000051 ], [ 122.412351940000235, 14.095872888000088 ], [ 122.41400287600004, 14.096353482000097 ], [ 122.41593515500017, 14.097927374000108 ], [ 122.416392508000058, 14.097928935000141 ], [ 122.417402168000081, 14.096971279000115 ], [ 122.418316071000163, 14.097196182000175 ], [ 122.418678851000323, 14.098055014000181 ], [ 122.418537362000052, 14.099400901000081 ], [ 122.420326051000188, 14.10170848100006 ], [ 122.420664128000226, 14.103787657000112 ], [ 122.421169446000249, 14.104213916000106 ], [ 122.422862975000157, 14.104418982000027 ], [ 122.4227585860001, 14.10511042700017 ], [ 122.421655510000164, 14.105818252000176 ], [ 122.422528287000205, 14.106809491000035 ], [ 122.422666821000121, 14.107956369000078 ], [ 122.426335696000137, 14.107850184000085 ], [ 122.426740271000313, 14.108701485999973 ], [ 122.427017430000092, 14.110995305000188 ], [ 122.429218700000092, 14.110982998000111 ], [ 122.429815859000087, 14.111302282000054 ], [ 122.429906401000267, 14.112497794000035 ], [ 122.430885222000029, 14.112715605000062 ], [ 122.432177964000061, 14.113516736000179 ], [ 122.432709815000067, 14.115020168 ], [ 122.432484802000204, 14.116092022000089 ], [ 122.433525743000018, 14.11661648300003 ], [ 122.43387029500002, 14.117475720000186 ], [ 122.43353581000008, 14.12144717200016 ], [ 122.434016487, 14.12294123200013 ], [ 122.438493753000103, 14.128101405000109 ], [ 122.44347703100027, 14.132697987000142 ], [ 122.446628514000167, 14.13511172699998 ], [ 122.447243293000156, 14.13649569200004 ], [ 122.446865881, 14.138116740000044 ], [ 122.44549771800007, 14.139554277000059 ], [ 122.445492266000088, 14.141116498000088 ], [ 122.445799141000066, 14.141958726000155 ], [ 122.451993636000338, 14.150213563000023 ], [ 122.475169743000151, 14.141713138000057 ], [ 122.538911374, 14.116739880000011 ], [ 122.598238709000043, 14.089548259000026 ], [ 122.61303162500019, 14.08241684799998 ], [ 122.617708611000012, 14.080955915000175 ], [ 122.624909579000246, 14.077083125 ], [ 122.6416175170001, 14.070068482000067 ], [ 122.672533412000121, 14.058665042000143 ], [ 122.677836390000266, 14.056025183000088 ], [ 122.681687382000064, 14.055478196000024 ], [ 122.686443368000141, 14.054057260000093 ], [ 122.706312298000057, 14.046433639000156 ], [ 122.71850226100014, 14.042740808000076 ], [ 122.771600067, 14.021161902000017 ], [ 122.792517997000232, 14.013752261999969 ], [ 122.665220097000088, 13.983192314000064 ], [ 122.628325353000037, 13.972545667000134 ], [ 122.620150267000099, 13.967995487999985 ], [ 122.594927600000119, 13.962740007000093 ], [ 122.583873791000087, 13.961811396000087 ], [ 122.580524857000114, 13.959475590000068 ], [ 122.572043412000085, 13.955299199000137 ], [ 122.552414231000057, 13.947554817000082 ], [ 122.550904040000205, 13.94577331500011 ], [ 122.548626631000161, 13.946712708000121 ], [ 122.549476498000217, 13.948291611000116 ], [ 122.54859263600008, 13.949296650000065 ], [ 122.548602151000068, 13.949834968000175 ], [ 122.548339532000114, 13.949828897000145 ], [ 122.548535487000095, 13.95036959600003 ], [ 122.547455727000056, 13.951552489000107 ], [ 122.546450381000227, 13.952003023000088 ], [ 122.546031842000161, 13.953112528000133 ], [ 122.545586386000082, 13.95337813000009 ], [ 122.545376291000025, 13.952953793000063 ], [ 122.545539808000058, 13.953406908000147 ], [ 122.543753457000207, 13.954134853000085 ], [ 122.543239892000088, 13.955314347000126 ], [ 122.543251332000068, 13.956135987999971 ], [ 122.541033003000166, 13.95919718500005 ], [ 122.540268512000011, 13.959498382000049 ], [ 122.540628027000025, 13.959915225000145 ], [ 122.540677396000092, 13.960253450000152 ], [ 122.540342704000182, 13.959926967000058 ], [ 122.538761935000025, 13.960483499000077 ], [ 122.538033960000121, 13.96110956900003 ], [ 122.537950369000214, 13.961890654000058 ], [ 122.537269762000051, 13.962538678000044 ], [ 122.537571050000111, 13.962957394000057 ], [ 122.536892586000135, 13.962933368 ], [ 122.537004759000069, 13.963654439999971 ], [ 122.536633102000337, 13.963097126999969 ], [ 122.536970407000126, 13.963727343000073 ], [ 122.536245577000159, 13.963747701000159 ], [ 122.536485257000095, 13.963372242000105 ], [ 122.536316662000104, 13.962999737000075 ], [ 122.535866215000055, 13.964236352000171 ], [ 122.535589750000213, 13.963800866000042 ], [ 122.532147441, 13.962943206000148 ], [ 122.531214199000033, 13.961810662 ], [ 122.530636621000099, 13.961976188000051 ], [ 122.530312525000113, 13.96268643500008 ], [ 122.530038191000131, 13.961592019000136 ], [ 122.528285990000199, 13.960902830000066 ], [ 122.527561666000111, 13.959424320000096 ], [ 122.527709967000192, 13.960022070000036 ], [ 122.526880108000228, 13.959701121000023 ], [ 122.526590455000132, 13.959936486000061 ], [ 122.525916725000116, 13.958803648000071 ], [ 122.526473341000042, 13.958603568000058 ], [ 122.527338782000129, 13.959076031000166 ], [ 122.526544883000042, 13.958481650000124 ], [ 122.525707344000011, 13.958733934000179 ], [ 122.525498042000095, 13.958068448 ], [ 122.526197730000035, 13.957547774000091 ], [ 122.528727989000231, 13.958290729 ], [ 122.529042457000173, 13.958629423000161 ], [ 122.529390662000083, 13.95850592700009 ], [ 122.530851742000209, 13.955901737999966 ], [ 122.532791290000091, 13.953913375000013 ], [ 122.532920110000077, 13.952533194000125 ], [ 122.533856523000054, 13.95137645 ], [ 122.533941170000048, 13.949664888000143 ], [ 122.533392763000052, 13.948243403000049 ], [ 122.533767573000091, 13.946465242999977 ], [ 122.533177500000079, 13.944603490000077 ], [ 122.533688552000058, 13.943965472 ], [ 122.530715587000032, 13.940240436000181 ], [ 122.531213691000062, 13.93922624400011 ], [ 122.531103294000218, 13.938715598000158 ], [ 122.529502105, 13.938200165000012 ], [ 122.528535116000171, 13.938846354000134 ], [ 122.527638166000202, 13.938530624000123 ], [ 122.526260091000154, 13.937240154999984 ], [ 122.526396588000011, 13.936771037000085 ], [ 122.525893298000256, 13.936849020000068 ], [ 122.52479937000021, 13.935326670000052 ], [ 122.524784474000171, 13.934816027000181 ], [ 122.526101693000214, 13.932662217000143 ], [ 122.527933468000128, 13.92799853300005 ], [ 122.528274510000074, 13.927745071000061 ], [ 122.528118076000169, 13.926976154000101 ], [ 122.528438220000112, 13.926096764000022 ], [ 122.528040449000059, 13.92486664 ], [ 122.527503903000024, 13.925053557000126 ], [ 122.526875494000024, 13.923996847000069 ], [ 122.526019453000117, 13.923782506 ], [ 122.526145373000077, 13.923567289000061 ], [ 122.525577430000226, 13.923158569000179 ], [ 122.525113549000139, 13.923565900000028 ], [ 122.525239253000223, 13.923121588000072 ], [ 122.525010564000013, 13.923263445000146 ], [ 122.524725399000204, 13.922746047000146 ], [ 122.523962817000097, 13.922858647000055 ], [ 122.52407651700014, 13.923059660999968 ], [ 122.523178160000157, 13.923835183000051 ], [ 122.52318857600028, 13.924536668000087 ], [ 122.522056445000317, 13.924973102000138 ], [ 122.521772319000092, 13.925569698000118 ], [ 122.521106586000201, 13.925640232999967 ], [ 122.520740424000223, 13.925206844000115 ], [ 122.520276080000031, 13.925763372000119 ], [ 122.51958091500012, 13.925969247000012 ], [ 122.518925699000079, 13.926658849000091 ], [ 122.519095107000112, 13.927259603000039 ], [ 122.518848705000096, 13.927744239000162 ], [ 122.518416180000145, 13.92764143100004 ], [ 122.517627469000104, 13.928851420000058 ], [ 122.517236688000025, 13.92825715400005 ], [ 122.516718164000167, 13.928691305000029 ], [ 122.516121664000025, 13.92857814100006 ], [ 122.515352882000116, 13.929254581000066 ], [ 122.514972367000041, 13.928882405000024 ], [ 122.513748141000178, 13.930457091000108 ], [ 122.514133190000166, 13.930740397000079 ], [ 122.511424463000139, 13.932562294000093 ], [ 122.510861396000109, 13.931341081000085 ], [ 122.511800999000343, 13.930903593000096 ], [ 122.512032689000193, 13.930411432000142 ], [ 122.511188390000029, 13.930962083000168 ], [ 122.510558688000174, 13.930651908000129 ], [ 122.510514096000179, 13.931799685000158 ], [ 122.509833388000175, 13.931708865000132 ], [ 122.509288832000038, 13.931218941000054 ], [ 122.509772593000207, 13.932220061000123 ], [ 122.509291444000269, 13.931877458000145 ], [ 122.509020282000051, 13.932123880000063 ], [ 122.509169465000014, 13.932505972000058 ], [ 122.508841808000057, 13.932331942000076 ], [ 122.508464581000112, 13.932826299 ], [ 122.508219720000056, 13.932785955000043 ], [ 122.508324848000029, 13.931907214000091 ], [ 122.508062083000027, 13.931968196000184 ], [ 122.508576063000191, 13.929900363000058 ], [ 122.5079673890001, 13.929969589000109 ], [ 122.507496157000105, 13.929058094000084 ], [ 122.509848594000232, 13.926307406000035 ], [ 122.509461768000165, 13.925841174000027 ], [ 122.508707021000191, 13.926420797000105 ], [ 122.508436277000101, 13.927194040000018 ], [ 122.507589336000137, 13.927330972000163 ], [ 122.507378781000057, 13.927736245000062 ], [ 122.506995491000112, 13.927626198999974 ], [ 122.506777276000093, 13.926932218000047 ], [ 122.506434117000026, 13.926930542000093 ], [ 122.506480279000129, 13.927221298000177 ], [ 122.506001760000231, 13.927294166000138 ], [ 122.504902698000024, 13.928449280000166 ], [ 122.504035235000174, 13.927530753000099 ], [ 122.503921045000084, 13.926464756000087 ], [ 122.503637816000037, 13.928141679000191 ], [ 122.5033253040001, 13.92858487500007 ], [ 122.50255597000023, 13.928570681000167 ], [ 122.502576596000154, 13.929000593000012 ], [ 122.503142494000031, 13.929156856000077 ], [ 122.503318372000081, 13.929588789000036 ], [ 122.503259943000103, 13.929969559000085 ], [ 122.502907482000182, 13.930038863000163 ], [ 122.501588295000033, 13.928373874000158 ], [ 122.501265120000198, 13.928214911000055 ], [ 122.501051984000128, 13.928459008000061 ], [ 122.50071395700013, 13.927188744000148 ], [ 122.497850904000074, 13.925738055000068 ], [ 122.496911855, 13.926525639999966 ], [ 122.495133033000229, 13.925952743000096 ], [ 122.494270711000127, 13.926376786999981 ], [ 122.493299323000201, 13.925974852000081 ], [ 122.49301883000021, 13.927287564000153 ], [ 122.490907205000326, 13.928300385000171 ], [ 122.490789806000294, 13.928812634 ], [ 122.49040217300012, 13.92852917 ], [ 122.490251079000018, 13.928908980000188 ], [ 122.48995831600007, 13.928826157000174 ], [ 122.489923050000016, 13.928271598000038 ], [ 122.489359903000036, 13.928240574000142 ], [ 122.489341704000026, 13.927876972000035 ], [ 122.488607025000078, 13.927793965000035 ], [ 122.488700171000119, 13.928310032000184 ], [ 122.485013805000108, 13.927196221000145 ], [ 122.48431473100004, 13.926638018000062 ], [ 122.484231869000155, 13.925406573000032 ], [ 122.483907626000018, 13.926313968000045 ], [ 122.483898127000202, 13.929066770000077 ], [ 122.482547892000298, 13.929912463000164 ], [ 122.482005294000032, 13.930784801000016 ], [ 122.480861642000036, 13.930880890000083 ], [ 122.48039911, 13.931977894000056 ], [ 122.480423332000214, 13.932530298000131 ], [ 122.480737648000058, 13.932649943000172 ], [ 122.480393755000023, 13.932776770000089 ], [ 122.480473901000209, 13.933069687999989 ], [ 122.480231128000128, 13.933147765000172 ], [ 122.479823802000169, 13.931541406 ], [ 122.479342845000019, 13.931000653000126 ], [ 122.478858280000054, 13.931288054000049 ], [ 122.478655082000046, 13.931018023000149 ], [ 122.478521584000077, 13.931360244000132 ], [ 122.478167959000189, 13.93105915100017 ], [ 122.478368944000067, 13.931622044000108 ], [ 122.47780032300011, 13.931162148000112 ], [ 122.476608495000164, 13.931307220000178 ], [ 122.475154949000171, 13.932976411000027 ], [ 122.474705540000173, 13.935834722000152 ], [ 122.474164865000262, 13.935867485000131 ], [ 122.473774345000152, 13.935695766000038 ], [ 122.474199173000102, 13.934585768000034 ], [ 122.473925258000122, 13.931615126000111 ], [ 122.472252636000235, 13.931485242000178 ], [ 122.472295948000124, 13.931953510000028 ], [ 122.472492345000092, 13.931764747000102 ], [ 122.472612613000138, 13.932016317000148 ], [ 122.472643754000046, 13.931655867000188 ], [ 122.473106822000204, 13.931759475000035 ], [ 122.473085239000284, 13.932267946000081 ], [ 122.471122066000135, 13.933914323000181 ], [ 122.469274721000147, 13.934150160000058 ], [ 122.46662247900008, 13.93366072200007 ], [ 122.463493015000154, 13.93265011200009 ], [ 122.463156992000108, 13.932446308000124 ], [ 122.463279088000149, 13.932194755000182 ], [ 122.463042045000293, 13.932299189000105 ], [ 122.463020228000346, 13.931839570000022 ], [ 122.462543379000067, 13.932097530000021 ], [ 122.462508455000034, 13.932469491000177 ], [ 122.461079610000183, 13.931335043000104 ], [ 122.460798077000049, 13.931605231000049 ], [ 122.460548199000186, 13.931293968000148 ], [ 122.46050118800008, 13.931693488000178 ], [ 122.458104619000324, 13.93010096200004 ], [ 122.457716300000129, 13.930336032000127 ], [ 122.457286884000041, 13.930170080000096 ], [ 122.456055656000217, 13.929181756 ], [ 122.455931875000147, 13.928694987000142 ], [ 122.455442217000154, 13.928872670000032 ], [ 122.454549542000109, 13.928203313000154 ], [ 122.454615939000178, 13.927874605000113 ], [ 122.454114886000184, 13.927989741000033 ], [ 122.453615659000207, 13.927664325000137 ], [ 122.452316127000131, 13.926568184000132 ], [ 122.452172041000267, 13.926047954000069 ], [ 122.450572802000011, 13.926042580000171 ], [ 122.45047498200006, 13.926340782000125 ], [ 122.450108399000101, 13.926220409000052 ], [ 122.449621350000029, 13.926550732000123 ], [ 122.448823198000014, 13.926079528 ], [ 122.44931367200013, 13.926479508000057 ], [ 122.448938325000086, 13.926531963000059 ], [ 122.448259042000245, 13.928557813000168 ], [ 122.447564679000266, 13.929099873999974 ], [ 122.448170007000044, 13.931119666000143 ], [ 122.448840269000129, 13.931319691000056 ], [ 122.448592351000229, 13.931459565000068 ], [ 122.448291419000043, 13.934099691000029 ], [ 122.447949889000029, 13.934764695000183 ], [ 122.446022148000111, 13.93640247400009 ], [ 122.446170338000115, 13.936782413000174 ], [ 122.445880528000089, 13.936526926000056 ], [ 122.444597464000026, 13.937387815000136 ], [ 122.443328380000139, 13.937620295000045 ], [ 122.442536210000185, 13.938871715000175 ], [ 122.442604762000087, 13.93937075100007 ], [ 122.442429237000056, 13.939226814000165 ], [ 122.441341127000101, 13.940048226999977 ], [ 122.440852035000148, 13.940842783 ], [ 122.43947813200009, 13.941650661000097 ], [ 122.439063951000207, 13.942350087000023 ], [ 122.438268422000192, 13.942681924000055 ], [ 122.436971106000101, 13.943905173000076 ], [ 122.435765060000335, 13.944216947000143 ], [ 122.436092832000099, 13.943616362000114 ], [ 122.43343917000027, 13.943436925000071 ], [ 122.433091001000321, 13.943757603000165 ], [ 122.43335228, 13.944299088000093 ], [ 122.433600334000062, 13.944196739000063 ], [ 122.433216022000124, 13.944752536000124 ], [ 122.432185792000155, 13.943768902000102 ], [ 122.427540061000059, 13.943474663000188 ], [ 122.427214857000195, 13.943787892000046 ], [ 122.426684750000049, 13.943635520999976 ], [ 122.426686932000052, 13.94397860100014 ], [ 122.424804355000219, 13.943644318000111 ], [ 122.424225962000037, 13.943900568000174 ], [ 122.424001019000116, 13.944430120999982 ], [ 122.419526515000143, 13.942829433000099 ], [ 122.420008971000243, 13.940919641000164 ], [ 122.421964589000027, 13.939058047000117 ], [ 122.422481987000083, 13.937512426000069 ], [ 122.423533946000134, 13.93581325100007 ], [ 122.423015570000075, 13.935115851000091 ], [ 122.423292980000269, 13.935051111000064 ], [ 122.423277653000014, 13.934128993000172 ], [ 122.422760060000087, 13.9334716030001 ], [ 122.422908299000028, 13.9315918960001 ], [ 122.422682363000149, 13.931177056000081 ], [ 122.423168618000091, 13.931050170000049 ], [ 122.423659994000104, 13.930051547000119 ], [ 122.424818735000144, 13.929255680999972 ], [ 122.426069672000153, 13.927640453000095 ], [ 122.426234677000025, 13.927784363000114 ], [ 122.427440264000097, 13.926955599000109 ], [ 122.428021956000066, 13.92700677199997 ], [ 122.428942438000036, 13.925867697000172 ], [ 122.430104033000134, 13.925239327000043 ], [ 122.430755107000323, 13.924131022999973 ], [ 122.431210376000081, 13.924259279000125 ], [ 122.431637120000232, 13.923501926000085 ], [ 122.432120161000284, 13.923820057 ], [ 122.433454360000155, 13.922895867000136 ], [ 122.433737137000321, 13.922365517000117 ], [ 122.434564706000174, 13.922289247000037 ], [ 122.435497797000153, 13.921316089000129 ], [ 122.436366177000082, 13.921060791000173 ], [ 122.437180253000065, 13.920368970000027 ], [ 122.437941493000039, 13.919015221 ], [ 122.437803484000028, 13.918821577000188 ], [ 122.439117282000097, 13.918094081 ], [ 122.440081007000117, 13.916417682000144 ], [ 122.440597639000089, 13.916305045000115 ], [ 122.440752109000073, 13.915606189000016 ], [ 122.441200933000232, 13.915331445000049 ], [ 122.441086049000319, 13.914778502000047 ], [ 122.441329034000091, 13.914997562000053 ], [ 122.441885310000089, 13.914581686000076 ], [ 122.441991046000112, 13.913928644000066 ], [ 122.443065105000073, 13.91302210900011 ], [ 122.443218249000211, 13.912376950000123 ], [ 122.443815641000015, 13.912011029000098 ], [ 122.444232920000218, 13.911213775000078 ], [ 122.444907819000036, 13.910902917999977 ], [ 122.444796535000023, 13.910477004000086 ], [ 122.445274698000048, 13.910655828000188 ], [ 122.445806112000014, 13.909768810000116 ], [ 122.446316966000154, 13.91014269100009 ], [ 122.446809669000118, 13.910050618000184 ], [ 122.447290370000019, 13.909106485000109 ], [ 122.448911846000101, 13.90811802800016 ], [ 122.449131615000056, 13.907440244000043 ], [ 122.449435141000095, 13.907577242000173 ], [ 122.449476505, 13.90672656400011 ], [ 122.450533729000085, 13.906417098000077 ], [ 122.450308334000169, 13.906801560000133 ], [ 122.450916098000221, 13.905852848000109 ], [ 122.451300268000182, 13.90575625300005 ], [ 122.451212287000089, 13.9047241130001 ], [ 122.451688407, 13.903985541000111 ], [ 122.451445049000199, 13.901637081000104 ], [ 122.451986280000142, 13.900602623000111 ], [ 122.451909158000149, 13.900085289000117 ], [ 122.452408079000065, 13.899740682000129 ], [ 122.453288189000091, 13.899943579000137 ], [ 122.453558595000118, 13.899650098000109 ], [ 122.453969181000161, 13.89973889800018 ], [ 122.454105790000312, 13.899037840000062 ], [ 122.454672016000131, 13.898433955000087 ], [ 122.456308124000088, 13.898536707000062 ], [ 122.455474408000214, 13.89828597900015 ], [ 122.455497790000209, 13.897867251000093 ], [ 122.455135348000226, 13.897801746000141 ], [ 122.455423756000073, 13.896273106000137 ], [ 122.455153390000305, 13.894463843999972 ], [ 122.455665877000342, 13.893468068 ], [ 122.456436577000204, 13.893091754000125 ], [ 122.456443955000054, 13.892446111000083 ], [ 122.457050503000119, 13.891588457000182 ], [ 122.458072241000309, 13.890586251000059 ], [ 122.458363716, 13.888496726000085 ], [ 122.458688801000221, 13.888523551000105 ], [ 122.460596427000269, 13.88619174300004 ], [ 122.46269346000031, 13.884961314000122 ], [ 122.463548465000144, 13.883047006000027 ], [ 122.464297833000273, 13.882782829000121 ], [ 122.465541358000223, 13.880647949000036 ], [ 122.46619386500015, 13.880343198000105 ], [ 122.468053812000107, 13.878031221000072 ], [ 122.468375699000035, 13.876783350000096 ], [ 122.469161159, 13.875618253000084 ], [ 122.469914156000186, 13.872696604000168 ], [ 122.471969636000267, 13.870082517000185 ], [ 122.475941889000069, 13.861869899999988 ], [ 122.479021356000203, 13.858880028000101 ], [ 122.480597647000195, 13.858013632000166 ], [ 122.482931802000053, 13.858405466000079 ], [ 122.48399871700019, 13.859237522000171 ], [ 122.484796593000283, 13.858844518000183 ], [ 122.48516457300002, 13.85648640800008 ], [ 122.484045951000212, 13.855374547 ], [ 122.484472517000086, 13.854976481000108 ], [ 122.484481599000333, 13.854022015 ], [ 122.485393627000121, 13.852305770000044 ], [ 122.484983149000072, 13.850341305000143 ], [ 122.485602190000236, 13.848332600000106 ], [ 122.487784208000107, 13.846788770999979 ], [ 122.488342580000108, 13.846684855000092 ], [ 122.487830022000026, 13.846988667 ], [ 122.488205302000324, 13.847154610000132 ], [ 122.488330236000024, 13.846873369999969 ], [ 122.48914688900004, 13.847441642000092 ], [ 122.489903774000027, 13.846687561000124 ], [ 122.490538596000079, 13.846740212000157 ], [ 122.490640564000046, 13.846313671000132 ], [ 122.491489671000068, 13.846493087000056 ], [ 122.491702652000185, 13.845923031000154 ], [ 122.494782638000061, 13.844851575000121 ], [ 122.495491230000084, 13.844821645000138 ], [ 122.496738777000019, 13.845566705000124 ], [ 122.498188901000276, 13.845304601000123 ], [ 122.499862014000087, 13.843974222000099 ], [ 122.501434271000221, 13.841000984000118 ], [ 122.502288945000032, 13.838409370000079 ], [ 122.501576601000124, 13.83753248700009 ], [ 122.501174222000145, 13.837597552000034 ], [ 122.501447009000231, 13.837308282000095 ], [ 122.501263627000185, 13.836829389000172 ], [ 122.501974896000092, 13.835895278000066 ], [ 122.504259759000092, 13.834923920000165 ], [ 122.505480305000106, 13.836528859 ], [ 122.50647562100005, 13.836349622 ], [ 122.506851711000081, 13.836642595000171 ], [ 122.507818004000228, 13.835684116000039 ], [ 122.508269465000012, 13.835614378000116 ], [ 122.508889449000094, 13.834065403000125 ], [ 122.508562378000192, 13.833342674999983 ], [ 122.508728951000194, 13.832872285000178 ], [ 122.506727269000294, 13.832716240000138 ], [ 122.506197428000064, 13.832076148000112 ], [ 122.506275672000015, 13.831568099000094 ], [ 122.505781585000022, 13.831366141000046 ], [ 122.505314494000231, 13.831564456000024 ], [ 122.505154792000098, 13.831280593000088 ], [ 122.505643061000114, 13.829319291000161 ], [ 122.506816148000098, 13.829103526000154 ], [ 122.50652325100009, 13.828568911000048 ], [ 122.506561650000208, 13.828976926000166 ], [ 122.505940058000078, 13.828666948000091 ], [ 122.505641562000051, 13.827949118000049 ], [ 122.50583042500034, 13.824697581 ], [ 122.506495259000076, 13.823093229000165 ], [ 122.507885442000088, 13.821095246000141 ], [ 122.509861372000046, 13.819318629000122 ], [ 122.511543304000043, 13.818395768000073 ], [ 122.51206598300007, 13.818521397999973 ], [ 122.512582357000156, 13.81815800600009 ], [ 122.512523732000204, 13.817835949000028 ], [ 122.512986927000043, 13.817816260000086 ], [ 122.513256549000175, 13.817326624999964 ], [ 122.51398449300018, 13.816991444000053 ], [ 122.515818185000057, 13.817308607000086 ], [ 122.518174026000338, 13.81658976600005 ], [ 122.520988328000158, 13.817793831000074 ], [ 122.523671599000068, 13.817292659000032 ], [ 122.524523374000069, 13.816284814000028 ], [ 122.523922297000013, 13.81528404900007 ], [ 122.521999532000109, 13.814654018999988 ], [ 122.521904014000029, 13.814050242000064 ], [ 122.521087739000109, 13.813578006000057 ], [ 122.520337866000318, 13.812213103000033 ], [ 122.520479602000137, 13.809916382000154 ], [ 122.520166994000078, 13.809665085000063 ], [ 122.517810608000104, 13.810179118 ], [ 122.516824370000222, 13.811484289000134 ], [ 122.517025526000339, 13.811870557000077 ], [ 122.516743492000273, 13.811803797999971 ], [ 122.516086626000288, 13.812876539 ], [ 122.514442749000068, 13.813511994000123 ], [ 122.511379711000131, 13.811815456999966 ], [ 122.509839988000181, 13.809699495000075 ], [ 122.510334716000102, 13.808270129999983 ], [ 122.509824276000131, 13.807621587000085 ], [ 122.509926691000032, 13.80683673700014 ], [ 122.50935410600016, 13.806059671000185 ], [ 122.509746645000178, 13.804780962000166 ], [ 122.510184053000103, 13.804447857000014 ], [ 122.511015638000117, 13.804533605000188 ], [ 122.510858397000334, 13.804169208000133 ], [ 122.511691594000126, 13.803198024000096 ], [ 122.512839741000107, 13.803006339000149 ], [ 122.513193919000173, 13.802245893000077 ], [ 122.513823328000058, 13.801897376000113 ], [ 122.513914543000055, 13.801289289000181 ], [ 122.513502389000109, 13.80099901900013 ], [ 122.513897021000048, 13.800699141 ], [ 122.513822726000058, 13.800198032000026 ], [ 122.512924137000027, 13.799672758999975 ], [ 122.512294229000076, 13.799796013000048 ], [ 122.51261979700007, 13.799578039000153 ], [ 122.512270403000116, 13.798660515999984 ], [ 122.512817411000242, 13.797335863000058 ], [ 122.512142437000193, 13.796846774000016 ], [ 122.512979639000037, 13.795982491000188 ], [ 122.512826975000166, 13.795220474000132 ], [ 122.512200141000108, 13.795044476000101 ], [ 122.512636662000091, 13.794515304000015 ], [ 122.512384870000119, 13.794055629000127 ], [ 122.512879252000289, 13.793220117000089 ], [ 122.512832816000014, 13.79238504000017 ], [ 122.51310315, 13.792233654000086 ], [ 122.513377189000039, 13.790614577000156 ], [ 122.512730319000184, 13.789450005000049 ], [ 122.512761539000053, 13.78777584900007 ], [ 122.512968262000072, 13.787199709000049 ], [ 122.514455774000226, 13.786023081 ], [ 122.513655132000054, 13.784968652000089 ], [ 122.513723722, 13.784602919000122 ], [ 122.513159972000039, 13.784828422000032 ], [ 122.512825057000214, 13.784473256000126 ], [ 122.51224186800016, 13.783158431000118 ], [ 122.512446921000105, 13.782371295000019 ], [ 122.512129794000089, 13.78229263999998 ], [ 122.511952811000128, 13.781307571000127 ], [ 122.51164257400012, 13.781133503000092 ], [ 122.512023402000182, 13.779959702000042 ], [ 122.511597658000142, 13.779089311000064 ], [ 122.510614382000085, 13.778398602000038 ], [ 122.510224411000081, 13.776972455000077 ], [ 122.509793543000114, 13.776851955000041 ], [ 122.510486363000155, 13.77669290700004 ], [ 122.510724984000035, 13.775983395000139 ], [ 122.510256383000069, 13.774112717999969 ], [ 122.50939793900011, 13.772910673000069 ], [ 122.509275534000039, 13.771913529000187 ], [ 122.509551251000175, 13.771218863000115 ], [ 122.509120386000177, 13.770922605000067 ], [ 122.509471928000153, 13.770130705000099 ], [ 122.508787710000206, 13.769443756000044 ], [ 122.509447754000234, 13.769035307000081 ], [ 122.510462893000295, 13.767545252000161 ], [ 122.512004254000203, 13.766584515000147 ], [ 122.512591888000316, 13.765834589000121 ], [ 122.513053351000053, 13.760483433 ], [ 122.512381953000272, 13.758429238000133 ], [ 122.51239741400002, 13.757550228000071 ], [ 122.512921264000056, 13.756878977000042 ], [ 122.513024621000113, 13.756165601000134 ], [ 122.512609277000251, 13.755678526999986 ], [ 122.513901723000117, 13.753762482000184 ], [ 122.516153576000193, 13.751540072000182 ], [ 122.522196773000019, 13.743092410000031 ], [ 122.522570901000108, 13.741866796000011 ], [ 122.522403805000067, 13.739495819000069 ], [ 122.522666918000141, 13.736270721000039 ], [ 122.523436727000103, 13.734014639000065 ], [ 122.52396031100011, 13.733824392000031 ], [ 122.523444780000204, 13.731804152000052 ], [ 122.521592247000058, 13.731350239000051 ], [ 122.521078152000086, 13.731817001000138 ], [ 122.520265995000159, 13.731796062000058 ], [ 122.520014668000044, 13.732056326000134 ], [ 122.520248817000152, 13.732981107000171 ], [ 122.51992317200029, 13.733764884999971 ], [ 122.518915062000019, 13.733652793000147 ], [ 122.518825526000114, 13.73420438200003 ], [ 122.518327291000105, 13.734324175000097 ], [ 122.513552167000284, 13.733577095999976 ], [ 122.511583391000272, 13.732507283000018 ], [ 122.511353300000337, 13.732134579000103 ], [ 122.511961682000219, 13.731590131000189 ], [ 122.510703681000109, 13.731282794000037 ], [ 122.510681078000175, 13.730728764000048 ], [ 122.510003786000084, 13.73096809600014 ], [ 122.508765456000106, 13.73061381600013 ], [ 122.507446826000091, 13.73152084000003 ], [ 122.506903045000058, 13.731362831000183 ], [ 122.506896984000036, 13.731632244000025 ], [ 122.50604523100003, 13.731211125000073 ], [ 122.505660712000235, 13.731328200000064 ], [ 122.505802191000157, 13.731115028000033 ], [ 122.505424216000051, 13.730818136000153 ], [ 122.504885874000252, 13.730926829000168 ], [ 122.504002188000186, 13.73181181700005 ], [ 122.504309234000175, 13.732060959000023 ], [ 122.504078791000211, 13.732471394000186 ], [ 122.50375405200009, 13.732150608000097 ], [ 122.502895421000176, 13.732467693000103 ], [ 122.501854049000144, 13.732120432000102 ], [ 122.501391384000158, 13.732425192000051 ], [ 122.501223196000069, 13.732245648000116 ], [ 122.500874126000326, 13.732742768000037 ], [ 122.500416889000235, 13.73247006400004 ], [ 122.500238182000089, 13.732772227999988 ], [ 122.499309197000116, 13.732643996000036 ], [ 122.498702166000044, 13.733297472000118 ], [ 122.497788486000104, 13.733371207000118 ], [ 122.497520512000165, 13.734200416000078 ], [ 122.496707931000174, 13.734563759000025 ], [ 122.495868723000171, 13.734598945000073 ], [ 122.495550921000017, 13.73418046900008 ], [ 122.493507759000067, 13.734067746000107 ], [ 122.491249879000065, 13.732742409000139 ], [ 122.490398052000046, 13.732581518000018 ], [ 122.490001438000263, 13.732850839000037 ], [ 122.489925794000214, 13.731525816999977 ], [ 122.489263166000114, 13.731478790000097 ], [ 122.487316905000057, 13.729592982000042 ], [ 122.485977278000064, 13.729031654000153 ], [ 122.485594780000156, 13.729544950000161 ], [ 122.485048665000022, 13.729253441000083 ], [ 122.486174862000212, 13.727347383000108 ], [ 122.485622574000331, 13.726685158000123 ], [ 122.485314998000149, 13.726860013000135 ], [ 122.483680840000034, 13.724115123000047 ], [ 122.483518659000083, 13.723449094999978 ], [ 122.483945450000078, 13.722675490000029 ], [ 122.483291545000156, 13.722364410000068 ], [ 122.483308937000174, 13.721942372000115 ], [ 122.482751958000108, 13.721816873000137 ], [ 122.482809719000215, 13.721520537000117 ], [ 122.482520080000313, 13.7216243740001 ], [ 122.482505813000103, 13.721309945000087 ], [ 122.482822744000146, 13.721284017000073 ], [ 122.482436225000015, 13.721107319000055 ], [ 122.482864377000283, 13.720566009000038 ], [ 122.480849669, 13.716107350000129 ], [ 122.48016865000011, 13.712774086000024 ], [ 122.480318699, 13.711772095000185 ], [ 122.479953463000129, 13.711014251000165 ], [ 122.480124212000192, 13.710690249000038 ], [ 122.479734415000166, 13.708758217000025 ], [ 122.479832237000096, 13.704909766000185 ], [ 122.480583718000162, 13.699430831000086 ], [ 122.481091267000124, 13.698303324000165 ], [ 122.480701789000022, 13.698409271000116 ], [ 122.48117185000001, 13.697920144000079 ], [ 122.480971149000311, 13.697219199000074 ], [ 122.482110974000079, 13.696876870999972 ], [ 122.482003834000011, 13.696394348000126 ], [ 122.483866877000082, 13.693138037999972 ], [ 122.486397671000077, 13.689624087000141 ], [ 122.486053239000171, 13.689134702000047 ], [ 122.486841158000061, 13.689095653000095 ], [ 122.487539384000115, 13.687701809999965 ], [ 122.487550525000074, 13.686912784000071 ], [ 122.488457095000285, 13.686773753000182 ], [ 122.490013649000161, 13.684937677000164 ], [ 122.491200261000245, 13.684180169000172 ], [ 122.491796680000107, 13.683441310000092 ], [ 122.49147210600006, 13.682952619000048 ], [ 122.492369631000201, 13.681421809000028 ], [ 122.493597152000234, 13.680791560000046 ], [ 122.495039493000149, 13.679133651000086 ], [ 122.495917790000021, 13.676729085999966 ], [ 122.495633285000054, 13.67541565300013 ], [ 122.497133888000121, 13.673049074000119 ], [ 122.497592108000049, 13.67309721100014 ], [ 122.497933884000076, 13.672316328000079 ], [ 122.498783213000252, 13.671640288000106 ], [ 122.499259177000226, 13.671878587000037 ], [ 122.49939113500011, 13.67222672500003 ], [ 122.499023575000024, 13.672215228000084 ], [ 122.499367133000078, 13.672469170000113 ], [ 122.500555875000032, 13.67139735700016 ], [ 122.501130334000209, 13.671531012000116 ], [ 122.5013745010001, 13.670337981000102 ], [ 122.500675742000112, 13.670554765000077 ], [ 122.500687157000016, 13.669861602000026 ], [ 122.501874103000205, 13.669181570999967 ], [ 122.501714826000125, 13.668751389000079 ], [ 122.50226746400017, 13.668368562000126 ], [ 122.501933246000021, 13.667686853000134 ], [ 122.502109747000191, 13.66599735900013 ], [ 122.502734267000164, 13.665567325999973 ], [ 122.502698361000057, 13.66390587300009 ], [ 122.502261784000211, 13.663798994000047 ], [ 122.502712551000286, 13.663630774000183 ], [ 122.50251293000008, 13.661271641000098 ], [ 122.501950629000135, 13.659291384000142 ], [ 122.499302058000126, 13.656342950000067 ], [ 122.498427228000196, 13.655751048000127 ], [ 122.498295661000043, 13.656026917000133 ], [ 122.497950933000311, 13.655926125000121 ], [ 122.49719833600011, 13.655094413000029 ], [ 122.497399786000074, 13.653699320000158 ], [ 122.496794865000084, 13.647961101000135 ], [ 122.497318361000225, 13.646988915000122 ], [ 122.497064990000126, 13.646851930000082 ], [ 122.497745790000295, 13.646816893000107 ], [ 122.498851332000072, 13.645552277000093 ], [ 122.49907465900003, 13.645024512000077 ], [ 122.498748667000086, 13.644662979999964 ], [ 122.499581885000111, 13.644239574000153 ], [ 122.500236078000285, 13.643072312000186 ], [ 122.500614356000142, 13.64307738499997 ], [ 122.500692658000048, 13.642561669000145 ], [ 122.502883491000034, 13.63967569800019 ], [ 122.503650163000088, 13.639397446000032 ], [ 122.505010165000158, 13.637754368000174 ], [ 122.507366559000047, 13.636389106000024 ], [ 122.509213457000101, 13.634343399000102 ], [ 122.511512575000097, 13.632654593000041 ], [ 122.512560248000227, 13.6311647120001 ], [ 122.518773243000055, 13.628094240000053 ], [ 122.519374159000108, 13.625986530000148 ], [ 122.520393659000092, 13.625036886999965 ], [ 122.520470658000136, 13.623819098000013 ], [ 122.52128676700022, 13.621479332000035 ], [ 122.523089365000033, 13.618785476000085 ], [ 122.526028009000129, 13.616215408000073 ], [ 122.526168421000193, 13.614799878000042 ], [ 122.526852861000179, 13.613939485000174 ], [ 122.527240921000157, 13.613681571000143 ], [ 122.527869897000073, 13.614136084000165 ], [ 122.52832636100004, 13.61378115600013 ], [ 122.528961431000198, 13.614248377000138 ], [ 122.529744165000125, 13.613275737000095 ], [ 122.529750967000155, 13.612826205000033 ], [ 122.530223109000303, 13.6126440970001 ], [ 122.530350096000234, 13.612225477999971 ], [ 122.530912821000015, 13.61221305100014 ], [ 122.532122118000302, 13.611390343000096 ], [ 122.532467813000039, 13.610564400000044 ], [ 122.533009443000083, 13.610491043000081 ], [ 122.533023270000058, 13.609966674000134 ], [ 122.533373780000147, 13.610287267000103 ], [ 122.533891976000064, 13.610029569000119 ], [ 122.534870023000053, 13.610401583000169 ], [ 122.537211821000028, 13.609364738000068 ], [ 122.537621771000204, 13.608580249000113 ], [ 122.537990059000094, 13.608466457000077 ], [ 122.538292574000025, 13.607373970000026 ], [ 122.537516726000263, 13.606216743000118 ], [ 122.537438635000285, 13.605550756000184 ], [ 122.5399445380001, 13.602460505000181 ], [ 122.543139743000211, 13.601748836000183 ], [ 122.543181384000036, 13.601408863000017 ], [ 122.543728901000122, 13.601959452000017 ], [ 122.543883416000199, 13.601451785000052 ], [ 122.544221343000117, 13.60204251000016 ], [ 122.544415191000212, 13.601809997000032 ], [ 122.544785602000047, 13.601984691000098 ], [ 122.544792704000088, 13.601671539000108 ], [ 122.545080375000225, 13.601534511000125 ], [ 122.545257397000114, 13.601825403000021 ], [ 122.546465609000052, 13.600926882000067 ], [ 122.546270275000097, 13.600477166000132 ], [ 122.54678001000002, 13.600328424000111 ], [ 122.547229100000095, 13.598923966000029 ], [ 122.54858567000008, 13.597987253999975 ], [ 122.54859070200007, 13.597290089000126 ], [ 122.548063379000041, 13.596991410000044 ], [ 122.548047698000119, 13.596662616000174 ], [ 122.549294019000172, 13.595053269000175 ], [ 122.549282784000184, 13.595985447000032 ], [ 122.549506466000025, 13.595242951000046 ], [ 122.549875308000196, 13.595111982000105 ], [ 122.549145469000109, 13.592596513000103 ], [ 122.54924358300002, 13.591519438999967 ], [ 122.548768557000017, 13.590997296000012 ], [ 122.54887287300005, 13.590386427 ], [ 122.547913490000042, 13.589543211999967 ], [ 122.547628864000103, 13.588366643000086 ], [ 122.54684205600006, 13.587642434000088 ], [ 122.546509084000036, 13.587774689000128 ], [ 122.545213828000101, 13.586788822000187 ], [ 122.544795798000223, 13.586817829000154 ], [ 122.544589577000124, 13.586003415000107 ], [ 122.543464776000178, 13.585562891000052 ], [ 122.543921855000121, 13.585475841000175 ], [ 122.543926470000201, 13.585014202000082 ], [ 122.54435958900001, 13.584672505000128 ], [ 122.54424476600002, 13.584237145000145 ], [ 122.545004758000232, 13.583598777000077 ], [ 122.545374019000178, 13.582824996000113 ], [ 122.545048685000097, 13.582418374000042 ], [ 122.545394894000196, 13.582048536000173 ], [ 122.546197338000184, 13.581586941000069 ], [ 122.545994026000017, 13.582332964000102 ], [ 122.546179724000126, 13.582129913000074 ], [ 122.54714684000021, 13.582558623000182 ], [ 122.547628233000182, 13.582440814000108 ], [ 122.547617926000044, 13.582142494000152 ], [ 122.548603095000203, 13.582558664000089 ], [ 122.548282291000078, 13.581944209000142 ], [ 122.549657269000022, 13.581891597000038 ], [ 122.550543175000143, 13.581237551000129 ], [ 122.55131943500021, 13.581550924000055 ], [ 122.552038982000113, 13.581087160000038 ], [ 122.55255946300008, 13.581453171000021 ], [ 122.555401247000077, 13.579258468999967 ], [ 122.556337311000107, 13.579742624000176 ], [ 122.55696656900011, 13.578818664000096 ], [ 122.55726362200005, 13.57931080100002 ], [ 122.557519880000086, 13.578787305000048 ], [ 122.558490232000167, 13.578558476000069 ], [ 122.559082466000064, 13.578816341000163 ], [ 122.560335211000051, 13.578477677000024 ], [ 122.560947953000209, 13.577980799000159 ], [ 122.561981244000094, 13.578196877999972 ], [ 122.563875855000106, 13.577197105000153 ], [ 122.563976708000041, 13.577862285000094 ], [ 122.565683612000043, 13.577806620000047 ], [ 122.566804779000222, 13.578254341000047 ], [ 122.568306851000102, 13.577495857000144 ], [ 122.569967930000189, 13.577362703000176 ], [ 122.57103690100007, 13.575603505000061 ], [ 122.574625911000339, 13.574799312000039 ], [ 122.573606068000117, 13.574051014000133 ], [ 122.574734944000056, 13.572677784 ], [ 122.576283864000175, 13.572169689000191 ], [ 122.577334619000112, 13.571357005999971 ], [ 122.577877812000224, 13.571718236000038 ], [ 122.579302039000027, 13.571588104000114 ], [ 122.579921134000188, 13.570811055000036 ], [ 122.579860653000082, 13.57013073000013 ], [ 122.580301395000106, 13.569509512000081 ], [ 122.579970144000299, 13.567880136999975 ], [ 122.581478864000132, 13.566878655000096 ], [ 122.582411239000066, 13.565421560000061 ], [ 122.584190759000194, 13.56519396900012 ], [ 122.586288715000023, 13.564083071000084 ], [ 122.586507300000108, 13.563589499999978 ], [ 122.586950181000248, 13.563881680000179 ], [ 122.587697280000157, 13.563534305000132 ], [ 122.587962906000143, 13.562675919000185 ], [ 122.58881830200005, 13.561780136000039 ], [ 122.588732124000217, 13.561158774000148 ], [ 122.589269752000064, 13.560825794000095 ], [ 122.589139338000109, 13.559742522000022 ], [ 122.589640864000216, 13.55956194800018 ], [ 122.590005964000056, 13.558791606000057 ], [ 122.590525431000174, 13.558753276000061 ], [ 122.591229199000054, 13.55809877500019 ], [ 122.592104096000071, 13.558820007000179 ], [ 122.592750467000201, 13.55817657200015 ], [ 122.592751397000143, 13.558634409000092 ], [ 122.593439208000063, 13.55902270100006 ], [ 122.5953601020002, 13.558698513000081 ], [ 122.59612235800023, 13.557944387000191 ], [ 122.597065837000059, 13.557635427000037 ], [ 122.596799697000051, 13.557455284000127 ], [ 122.597406679000187, 13.557257011000161 ], [ 122.597326507000275, 13.556937205000168 ], [ 122.598239205000141, 13.556113849999974 ], [ 122.59884692300011, 13.555962960000102 ], [ 122.600134075000028, 13.554775810000137 ], [ 122.60130295600004, 13.554388484000071 ], [ 122.603644099, 13.552623614000026 ], [ 122.60441769800002, 13.551483021000081 ], [ 122.606844898000077, 13.54931735700012 ], [ 122.608991585000012, 13.546198882000112 ], [ 122.609533069, 13.544448875000171 ], [ 122.610938019000287, 13.543593781000141 ], [ 122.611526777000336, 13.541731211000013 ], [ 122.612050863000036, 13.541168545 ], [ 122.613712111000154, 13.540510042000165 ], [ 122.613926491000143, 13.540128490000029 ], [ 122.614092657000015, 13.540420356000027 ], [ 122.616183851000187, 13.539695718000075 ], [ 122.616742478000106, 13.539801021000187 ], [ 122.616731236000078, 13.539333614000157 ], [ 122.618393447000017, 13.538558296000133 ], [ 122.619599338000057, 13.537095200000067 ], [ 122.620160977000069, 13.53692584900017 ], [ 122.620271314000092, 13.536441132000107 ], [ 122.621299331000159, 13.535660816000018 ], [ 122.62143074100004, 13.534534501 ], [ 122.622730356000147, 13.53338316300011 ], [ 122.625711856000066, 13.532439173 ], [ 122.626300445000084, 13.533234017000041 ], [ 122.627043879000098, 13.533620148000125 ], [ 122.631372197000132, 13.53148956300015 ], [ 122.632941999000195, 13.529758163000054 ], [ 122.634224801000073, 13.528953963000106 ], [ 122.634433434000016, 13.527743206000025 ], [ 122.635853220000058, 13.525990629999967 ], [ 122.635783856000216, 13.524812357000087 ], [ 122.636498833000132, 13.523515107000037 ], [ 122.636049176000142, 13.522772543000087 ], [ 122.636102206000032, 13.521759173000078 ], [ 122.637072907000174, 13.518996714000025 ], [ 122.637083063000091, 13.51855710600006 ], [ 122.63616636200004, 13.517546751000054 ], [ 122.635407183000211, 13.515189860000191 ], [ 122.634948877000284, 13.514895531999969 ], [ 122.633488986000202, 13.514861525000128 ], [ 122.633116268000094, 13.514285082000129 ], [ 122.632263807000186, 13.514600706000124 ], [ 122.63244834700015, 13.515028450000159 ], [ 122.632958226000028, 13.515006122999978 ], [ 122.632480863000183, 13.515274605000172 ], [ 122.632123472000217, 13.515362432000074 ], [ 122.632138732000044, 13.515024828000037 ], [ 122.632017261000215, 13.515400425000109 ], [ 122.630793813000082, 13.51532252700008 ], [ 122.627609445000189, 13.514341135000052 ], [ 122.627201132000096, 13.514531579000163 ], [ 122.62293661800004, 13.512917878000167 ], [ 122.621100281000054, 13.513043325000126 ], [ 122.62061943800029, 13.513383060000081 ], [ 122.619139486000222, 13.513182833000144 ], [ 122.617918558000156, 13.513439711000046 ], [ 122.616854541000066, 13.514424915000063 ], [ 122.615010131000076, 13.514893198000152 ], [ 122.610355896000215, 13.519080209000094 ], [ 122.609103918000187, 13.521101574000113 ], [ 122.607212666, 13.522177403000057 ], [ 122.60624204900023, 13.524361370000179 ], [ 122.607231487000035, 13.526277564000111 ], [ 122.607313359000045, 13.527696744000082 ], [ 122.606483133000097, 13.528853493000156 ], [ 122.606311638000079, 13.529816853000113 ], [ 122.605377627000166, 13.530861753000067 ], [ 122.605132972000092, 13.532659182000032 ], [ 122.604172435000237, 13.533250466000084 ], [ 122.60414684300008, 13.533623812000087 ], [ 122.603788565000059, 13.533538661000023 ], [ 122.603353669000171, 13.534124340000062 ], [ 122.60336670200013, 13.534749335000186 ], [ 122.602612460000046, 13.534976373000177 ], [ 122.602203836000172, 13.535614002000045 ], [ 122.601575080000202, 13.53508821700018 ], [ 122.600763995000307, 13.535327355000049 ], [ 122.599907841000345, 13.536202947000049 ], [ 122.60015077200012, 13.536614692000057 ], [ 122.599838154000167, 13.536379797000109 ], [ 122.599160937000192, 13.536579126000163 ], [ 122.599040006000223, 13.537396501000046 ], [ 122.598688263000327, 13.536975471000176 ], [ 122.598115697000026, 13.537068310000109 ], [ 122.598161500000174, 13.53736330300012 ], [ 122.597533854000289, 13.537898930000097 ], [ 122.597641537000072, 13.538307719000102 ], [ 122.597027554000192, 13.538768957000059 ], [ 122.597215587000164, 13.53904142000016 ], [ 122.596968921000212, 13.53928476700014 ], [ 122.597264212000027, 13.539569765000067 ], [ 122.596155042000078, 13.539695458999972 ], [ 122.594351649000032, 13.541178260000038 ], [ 122.59356464200016, 13.542751933000091 ], [ 122.5938167380001, 13.543599798000173 ], [ 122.593493707000107, 13.543601581000075 ], [ 122.592659358000219, 13.544561912 ], [ 122.592384674000073, 13.545527349000054 ], [ 122.592578105000143, 13.545891894000135 ], [ 122.592265240000074, 13.545847760000186 ], [ 122.591217277000169, 13.546808546000136 ], [ 122.590558009, 13.546782400000097 ], [ 122.58996228500007, 13.547404652000068 ], [ 122.589641168000071, 13.548383379000143 ], [ 122.589948563, 13.549058800000125 ], [ 122.589596190000066, 13.549241707000078 ], [ 122.589507256000047, 13.549976356 ], [ 122.589086796000061, 13.549997557000097 ], [ 122.588740138000162, 13.550765189 ], [ 122.588140397000188, 13.55107788100014 ], [ 122.5881046720001, 13.552012013000137 ], [ 122.587805581000111, 13.551981835000163 ], [ 122.587517377000154, 13.552815365000185 ], [ 122.587651812000104, 13.553254744000014 ], [ 122.58669515400004, 13.554350477000185 ], [ 122.585914301000344, 13.556877019000183 ], [ 122.585161697000103, 13.557345946000169 ], [ 122.584998105000068, 13.558236816000147 ], [ 122.580617854000252, 13.562793371000112 ], [ 122.578285959000141, 13.563936317000184 ], [ 122.576402416000178, 13.564093320000097 ], [ 122.574351382000145, 13.565141998 ], [ 122.572683420000089, 13.565224304000083 ], [ 122.571726572000216, 13.564615536000133 ], [ 122.568414880000091, 13.564801756000122 ], [ 122.568177584000182, 13.564490410000133 ], [ 122.566879801000027, 13.564287475000128 ], [ 122.567385260000151, 13.563065364000124 ], [ 122.566928921000112, 13.564064689000134 ], [ 122.565538592000166, 13.563647687000127 ], [ 122.56549964900023, 13.563084165000191 ], [ 122.565252997000016, 13.563258599000051 ], [ 122.564929292000329, 13.563009350000129 ], [ 122.565090351000094, 13.562313697000036 ], [ 122.564719091000256, 13.562296269 ], [ 122.564089854000031, 13.561065176000056 ], [ 122.564061103000199, 13.558417588000168 ], [ 122.563744119000035, 13.557499482000082 ], [ 122.563071353000169, 13.556844863000151 ], [ 122.56373021200011, 13.55675200100012 ], [ 122.563918492000198, 13.555988244000048 ], [ 122.563352193000014, 13.554238343000122 ], [ 122.564164174000098, 13.553706920000138 ], [ 122.564698620000058, 13.552416783000069 ], [ 122.564654808000228, 13.55150262300009 ], [ 122.56544808700005, 13.550835037000127 ], [ 122.566052235000257, 13.54922773300018 ], [ 122.566402112000333, 13.549326993000022 ], [ 122.56745095000008, 13.548364610000078 ], [ 122.567986070000302, 13.54736583100015 ], [ 122.56782894000014, 13.546811457999979 ], [ 122.568255314000226, 13.547006897000074 ], [ 122.569289844000195, 13.546221700000046 ], [ 122.570631264000099, 13.543740300000081 ], [ 122.571466582000198, 13.543013035000058 ], [ 122.572247683000228, 13.540808481000056 ], [ 122.571950754000113, 13.539990291000038 ], [ 122.572432359000231, 13.540190675000133 ], [ 122.573614490000068, 13.539152999000066 ], [ 122.57374545100015, 13.537686948000157 ], [ 122.574127885000166, 13.537533867000036 ], [ 122.575281008000275, 13.535306802000036 ], [ 122.576117901000202, 13.534899801000051 ], [ 122.576981470000078, 13.533094607000066 ], [ 122.577327191000222, 13.533141713000077 ], [ 122.578372548000061, 13.531388265000089 ], [ 122.579294436000168, 13.530797338000127 ], [ 122.579588695000098, 13.529962019000038 ], [ 122.580170196000154, 13.530036452000047 ], [ 122.580616922000218, 13.529279201 ], [ 122.583776569000065, 13.527349688000186 ], [ 122.583744386000149, 13.526903313999981 ], [ 122.58471735400019, 13.52699323600018 ], [ 122.585207675000106, 13.526468412000099 ], [ 122.587314597000045, 13.525483034000104 ], [ 122.589845370000262, 13.524927523000031 ], [ 122.590271964000067, 13.524111313 ], [ 122.590483984000343, 13.524496236000175 ], [ 122.591272434000075, 13.524435560000086 ], [ 122.591946943000153, 13.524029652000081 ], [ 122.592290885000011, 13.524209572000075 ], [ 122.594348506000188, 13.523571283000081 ], [ 122.594606345000102, 13.523243013000126 ], [ 122.59510382700023, 13.523576395000134 ], [ 122.596378632000096, 13.523042887000088 ], [ 122.596575355000141, 13.523339443000111 ], [ 122.598196304000226, 13.523084294000057 ], [ 122.60070454200013, 13.522051275000081 ], [ 122.600727617000189, 13.521024123000188 ], [ 122.600169052000069, 13.520241351000095 ], [ 122.600290089000168, 13.519639524000127 ], [ 122.599509765000107, 13.518664627000021 ], [ 122.599276463000024, 13.517760309000153 ], [ 122.598576595000168, 13.51747569500003 ], [ 122.599172143000033, 13.516266265000183 ], [ 122.598503094000193, 13.515674790000162 ], [ 122.598256002000198, 13.514954300000056 ], [ 122.598762617000261, 13.514876313000116 ], [ 122.599100966000151, 13.5133799030001 ], [ 122.598852167000018, 13.513161986000114 ], [ 122.599140707000288, 13.512961006000182 ], [ 122.598882178000167, 13.512600705000125 ], [ 122.599199257, 13.512354654999967 ], [ 122.599008598000069, 13.511863337000023 ], [ 122.599459568000157, 13.511627490000137 ], [ 122.598557259000017, 13.510612217000073 ], [ 122.599426235000124, 13.510160910000138 ], [ 122.599181293000129, 13.510062268000127 ], [ 122.59994444400013, 13.507969593000098 ], [ 122.600428002000172, 13.50811885700017 ], [ 122.600846952000325, 13.507817352000188 ], [ 122.60110295000004, 13.507229694000046 ], [ 122.60089256900028, 13.506846262000124 ], [ 122.602010716000336, 13.504772538000168 ], [ 122.602558008000187, 13.502847802000076 ], [ 122.604558996000151, 13.501135186000113 ], [ 122.604835342000115, 13.499740157000076 ], [ 122.605626523000069, 13.498567475000186 ], [ 122.605438080000113, 13.498198290000119 ], [ 122.607875779000096, 13.494761371000038 ], [ 122.608918436000067, 13.494462238999972 ], [ 122.609799651000117, 13.492373827000051 ], [ 122.610428747000128, 13.491996107000034 ], [ 122.612301065000111, 13.489545979000184 ], [ 122.613336451, 13.489334664000182 ], [ 122.613639067, 13.48887104 ], [ 122.614144002000103, 13.488906040000074 ], [ 122.614727125000059, 13.488379119000058 ], [ 122.617138807000174, 13.488751521000154 ], [ 122.618351173000065, 13.489338888000191 ], [ 122.618867090000094, 13.489154326000175 ], [ 122.623952859000156, 13.480592215000058 ], [ 122.624190800000065, 13.480303324999966 ], [ 122.624933711000153, 13.480506064000167 ], [ 122.624288120000074, 13.479923056000018 ], [ 122.624582687000043, 13.477806224000062 ], [ 122.626287314000137, 13.474311547000184 ], [ 122.628743480000139, 13.470738864000054 ], [ 122.63083933900009, 13.468126399000028 ], [ 122.637036779000027, 13.463043547000098 ], [ 122.63810350700021, 13.461628604000168 ], [ 122.638272381000093, 13.460920228000191 ], [ 122.641032585000062, 13.457946789000061 ], [ 122.643378946000098, 13.456434418000072 ], [ 122.643816168000058, 13.454687003 ], [ 122.64477228900023, 13.453493891000051 ], [ 122.64538291100007, 13.453457535000098 ], [ 122.645685512000227, 13.453026452000017 ], [ 122.645802698000125, 13.45230447400013 ], [ 122.645231703000036, 13.452140163000138 ], [ 122.64493264400005, 13.451622131000079 ], [ 122.645806269000104, 13.448926232000076 ], [ 122.647369144000095, 13.447372399000187 ], [ 122.648621959000025, 13.446776338000177 ], [ 122.648543386000028, 13.447342907000063 ], [ 122.648777136000035, 13.446989193000093 ], [ 122.649279478000039, 13.447041991000049 ], [ 122.649400141000115, 13.446568611000146 ], [ 122.650686909000228, 13.445383583000137 ], [ 122.65043350700023, 13.445395649000034 ], [ 122.650423269000044, 13.444892026000048 ], [ 122.650775870000189, 13.444474302000117 ], [ 122.649528899000188, 13.444682058000069 ], [ 122.650091534000239, 13.444015965000119 ], [ 122.649898661000179, 13.443733116000089 ], [ 122.650347005000185, 13.443411477000041 ], [ 122.650194317000114, 13.443058222 ], [ 122.650823958000046, 13.442695970000045 ], [ 122.650409374000105, 13.441478716000063 ], [ 122.650803671000062, 13.440261172000021 ], [ 122.650210731000243, 13.438847892000183 ], [ 122.650289623000049, 13.4383318080001 ], [ 122.653019796000081, 13.435053352000068 ], [ 122.654320660000053, 13.434224214000039 ], [ 122.655143914000291, 13.433011977000035 ], [ 122.655332411000018, 13.431654961 ], [ 122.657403797000143, 13.429407117000039 ], [ 122.658444340000187, 13.427488405000076 ], [ 122.658722494000131, 13.426309763000063 ], [ 122.659756649000087, 13.425135853000086 ], [ 122.659768577000023, 13.425759655000036 ], [ 122.659132176000071, 13.426334530000076 ], [ 122.659738846000209, 13.426264366000112 ], [ 122.659568094000065, 13.426117151000142 ], [ 122.659881581000036, 13.425990475000106 ], [ 122.660068348000095, 13.424956441000177 ], [ 122.659537908000061, 13.424635309000053 ], [ 122.659362988000112, 13.423406072999967 ], [ 122.660444035000182, 13.420837291000055 ], [ 122.662214419000065, 13.419167143000095 ], [ 122.66260317800004, 13.419352924000066 ], [ 122.66328670200005, 13.419029879000107 ], [ 122.662883745000045, 13.418593659000067 ], [ 122.662969613000087, 13.418347958000084 ], [ 122.663408024000205, 13.418495074000134 ], [ 122.663434376000055, 13.417727997000043 ], [ 122.66367574700007, 13.417646750000131 ], [ 122.663289140000074, 13.417525500000067 ], [ 122.663394177000214, 13.416391031000046 ], [ 122.662842611000201, 13.416161341000077 ], [ 122.662742499000046, 13.415477810000084 ], [ 122.662205013000062, 13.415445675000171 ], [ 122.662871360000054, 13.414772855000137 ], [ 122.663321369000073, 13.414766410000027 ], [ 122.66331248400013, 13.414432698000098 ], [ 122.663810883000224, 13.414424723000081 ], [ 122.663650625000059, 13.414105314000039 ], [ 122.664226467000162, 13.413979108999968 ], [ 122.66413751000016, 13.413482953000141 ], [ 122.664414231000023, 13.413582396000095 ], [ 122.664632878000134, 13.413187420000099 ], [ 122.663966073000097, 13.412271989000146 ], [ 122.664485248000119, 13.41062412600013 ], [ 122.664536233000035, 13.408325578000188 ], [ 122.664938984000059, 13.407788287000074 ], [ 122.665715105000231, 13.407704236000143 ], [ 122.666995542000222, 13.406289551000043 ], [ 122.666787547000126, 13.405320594000045 ], [ 122.667067405000012, 13.404291309000087 ], [ 122.668325676000109, 13.401633473000061 ], [ 122.667814823000072, 13.400392590000024 ], [ 122.668082316000209, 13.399794732000089 ], [ 122.667606443000182, 13.399758164000104 ], [ 122.6679792890003, 13.398705588000041 ], [ 122.667818824000051, 13.398969173000069 ], [ 122.667486133000011, 13.398927786000115 ], [ 122.669594650000136, 13.396810264000067 ], [ 122.669972511000196, 13.395281386000022 ], [ 122.670918116000053, 13.393936482000129 ], [ 122.67146920800019, 13.393833168000128 ], [ 122.671749412000054, 13.393000604000179 ], [ 122.671706757000038, 13.391606560000128 ], [ 122.671297382000148, 13.391488016000039 ], [ 122.670906159000197, 13.390454232000138 ], [ 122.670229498000026, 13.390330966000079 ], [ 122.670570699000109, 13.389947777999964 ], [ 122.670191948000024, 13.389945247000071 ], [ 122.670239388000027, 13.389078883000138 ], [ 122.669931141, 13.388892523000152 ], [ 122.670363018000103, 13.38879445300006 ], [ 122.670577955000226, 13.387839105000069 ], [ 122.671044283000242, 13.387946284000122 ], [ 122.671238514000038, 13.388374149000072 ], [ 122.671637599000178, 13.388202629000091 ], [ 122.671696876000169, 13.387686686000109 ], [ 122.672446132000118, 13.387537086000179 ], [ 122.673741034000045, 13.385322688000088 ], [ 122.673488399, 13.383913970000094 ], [ 122.671786698000119, 13.382742710000173 ], [ 122.672308278000287, 13.382363424000062 ], [ 122.672149600000125, 13.381920545000071 ], [ 122.672448299000052, 13.381750128000078 ], [ 122.673694067000156, 13.382364263 ], [ 122.674703829, 13.382180766000033 ], [ 122.67529956400017, 13.381554029000142 ], [ 122.674850230000288, 13.381050821000088 ], [ 122.675010685000188, 13.38061753 ], [ 122.676620596000021, 13.379389671000126 ], [ 122.676701631000128, 13.377877431000059 ], [ 122.676285365000126, 13.37661403200002 ], [ 122.676759452000169, 13.375503717000129 ], [ 122.676204023000082, 13.374463558000116 ], [ 122.677425094000341, 13.37265555099998 ], [ 122.677783727000133, 13.37018718500002 ], [ 122.677250832000141, 13.369277440000189 ], [ 122.676490275000219, 13.369408608000185 ], [ 122.676489493000076, 13.369817890000149 ], [ 122.675671939000154, 13.368403651999984 ], [ 122.675910314000248, 13.36829545300003 ], [ 122.676052438000283, 13.368797503000167 ], [ 122.675943800000027, 13.367506861000152 ], [ 122.675719087000175, 13.367401347000111 ], [ 122.675692349000087, 13.367756768000106 ], [ 122.675503075000051, 13.367036572000018 ], [ 122.675726713000245, 13.364651470000069 ], [ 122.675251684000159, 13.362864716 ], [ 122.674974429000031, 13.359491328000104 ], [ 122.674240446000113, 13.357709701999966 ], [ 122.674742528000252, 13.35479242100007 ], [ 122.675762276000114, 13.353478094000138 ], [ 122.675026242000285, 13.352340228000173 ], [ 122.674990509000054, 13.351299236000159 ], [ 122.674477057000104, 13.350183107000078 ], [ 122.674639950000142, 13.347352839000052 ], [ 122.674421872000039, 13.347024549000082 ], [ 122.674502288000099, 13.347282103000055 ], [ 122.674401036000063, 13.34742239000002 ], [ 122.674260487000083, 13.346815672000105 ], [ 122.674711557000137, 13.34532155100004 ], [ 122.676250520000167, 13.343366475000096 ], [ 122.675820251000346, 13.342824731 ], [ 122.676045658000248, 13.342601200000104 ], [ 122.675959632000058, 13.342925262999984 ], [ 122.676188135000075, 13.342910718000098 ], [ 122.676405669000133, 13.341213809000124 ], [ 122.677980659000013, 13.339004062000186 ], [ 122.678324991000068, 13.337011880000034 ], [ 122.678754032000029, 13.337079530000096 ], [ 122.679054244000099, 13.33445313500016 ], [ 122.678765917000192, 13.332763296000053 ], [ 122.679224408000209, 13.329589488000124 ], [ 122.678919368000038, 13.329405038000175 ], [ 122.678759207000326, 13.328043517000026 ], [ 122.67896816200016, 13.32800795300011 ], [ 122.679128913000227, 13.324631452000062 ], [ 122.679574078000201, 13.323674474000143 ], [ 122.679440869000246, 13.323023776000127 ], [ 122.678998998000225, 13.322674796 ], [ 122.681097407000038, 13.321434642999975 ], [ 122.680502888000092, 13.32147294400005 ], [ 122.679140099000051, 13.322297865000166 ], [ 122.678537695000159, 13.321046786000124 ], [ 122.677729561000092, 13.321070162000126 ], [ 122.678455127, 13.320378009000137 ], [ 122.678743997000311, 13.319081137000126 ], [ 122.679582392000157, 13.318657597000083 ], [ 122.679348302000108, 13.318348652000168 ], [ 122.679724664000219, 13.31794050700006 ], [ 122.679284501000097, 13.317646946000025 ], [ 122.680051103000096, 13.316490742000099 ], [ 122.679466512000317, 13.315458846000183 ], [ 122.678902449000134, 13.315575580000086 ], [ 122.678752439000164, 13.314865852000139 ], [ 122.680435544000034, 13.312900526000078 ], [ 122.680156647000103, 13.312357385000155 ], [ 122.680692383000064, 13.311570066000115 ], [ 122.680826217000117, 13.310361395000029 ], [ 122.680509514000164, 13.310150534000059 ], [ 122.680432199000052, 13.308675920000098 ], [ 122.680246674000045, 13.308959004000087 ], [ 122.679654024000229, 13.308354559000065 ], [ 122.6804147900001, 13.307997759000045 ], [ 122.68016550200025, 13.306791763000092 ], [ 122.681061905000092, 13.304951745999972 ], [ 122.680767878000211, 13.303849622000087 ], [ 122.680412195000144, 13.304131553000047 ], [ 122.679250309000281, 13.303314694000051 ], [ 122.679545646000292, 13.302834509000036 ], [ 122.67930053800012, 13.302194723000014 ], [ 122.679832559000147, 13.302466532000039 ], [ 122.679529114000047, 13.302037084000062 ], [ 122.680502447000322, 13.30034393800014 ], [ 122.680749234000018, 13.298369724 ], [ 122.679852422000067, 13.297530598000037 ], [ 122.678865837000103, 13.297513110000182 ], [ 122.679163571000231, 13.297269916000118 ], [ 122.678641465000055, 13.296145321999973 ], [ 122.678674225, 13.294961096000065 ], [ 122.679866110000034, 13.293164596000111 ], [ 122.680928790000166, 13.292350633000183 ], [ 122.681951109000124, 13.292125307 ], [ 122.682651314000054, 13.291093996000029 ], [ 122.681492809000019, 13.288384030000145 ], [ 122.68028623500004, 13.287325289000023 ], [ 122.678756208000209, 13.283898891000035 ], [ 122.679069612000035, 13.282353526000179 ], [ 122.678839745000118, 13.282047125000133 ], [ 122.679236616000139, 13.28199031000014 ], [ 122.680343640000046, 13.280644240000129 ], [ 122.680697062000036, 13.27969656900018 ], [ 122.680345543000158, 13.277620843000022 ], [ 122.678656910000086, 13.276022608 ], [ 122.677085901000055, 13.275539311000102 ], [ 122.676744804, 13.274690765000059 ], [ 122.677303105000078, 13.272976896999978 ], [ 122.677771054000232, 13.272291719000123 ], [ 122.678590745000065, 13.271924938000097 ], [ 122.679223985000021, 13.270920720000106 ], [ 122.679050626000048, 13.269313023000052 ], [ 122.68152864800004, 13.267500999000049 ], [ 122.685251111000298, 13.269035399000188 ], [ 122.685513338000078, 13.269461830000012 ], [ 122.686134783000057, 13.269453978000115 ], [ 122.686183769000195, 13.269872093000117 ], [ 122.689332579000165, 13.269889896999985 ], [ 122.69101056400018, 13.267999849000148 ], [ 122.690822692000097, 13.266708511000047 ], [ 122.690336427000034, 13.266382406000162 ], [ 122.690314760000319, 13.265823881000017 ], [ 122.689713503, 13.265445534999969 ], [ 122.689331971000115, 13.265651469000147 ], [ 122.689321214000188, 13.265329834999989 ], [ 122.692608570000061, 13.264064354000027 ], [ 122.693239806000065, 13.262793918000057 ], [ 122.693199048000224, 13.26130058900003 ], [ 122.693460675000097, 13.260960979 ], [ 122.69338355800005, 13.260562112000116 ], [ 122.692917560000069, 13.260494334000043 ], [ 122.693450562000066, 13.259847520000164 ], [ 122.693452326000056, 13.259000588999982 ], [ 122.694350147000023, 13.256937747 ], [ 122.695415473000025, 13.255877893000104 ], [ 122.695656317000044, 13.254016106000108 ], [ 122.6959945870002, 13.25374722700019 ], [ 122.695298161000096, 13.253553904000057 ], [ 122.695648400000209, 13.252808899000172 ], [ 122.696308633000058, 13.253297688000032 ], [ 122.696956085000124, 13.251173322000113 ], [ 122.697003355000106, 13.249321720000012 ], [ 122.696804170000064, 13.24881726000001 ], [ 122.696243217000301, 13.248990050000145 ], [ 122.696215747000338, 13.248556365000013 ], [ 122.696846377000156, 13.248472706000143 ], [ 122.696779469000262, 13.247319676000131 ], [ 122.697257956000158, 13.246119304999979 ], [ 122.696774510000296, 13.245699856000044 ], [ 122.697120215000041, 13.243677294000179 ], [ 122.697666300000037, 13.244170716000156 ], [ 122.697723460000134, 13.243464014000153 ], [ 122.69813416400018, 13.243113825000023 ], [ 122.697857095000245, 13.242742619000012 ], [ 122.697460990000081, 13.242813567000042 ], [ 122.697322164000184, 13.240898291 ], [ 122.698977127000035, 13.23845439400003 ], [ 122.700005893000025, 13.237711828000101 ], [ 122.700342190000129, 13.236585583000078 ], [ 122.700908502000061, 13.236165157000073 ], [ 122.701196707, 13.231573767000157 ], [ 122.702494154000192, 13.22883501900003 ], [ 122.70282306200022, 13.224825316000022 ], [ 122.701964998000108, 13.223561890000099 ], [ 122.699388273000068, 13.22197631500012 ], [ 122.697816469000259, 13.219901814000139 ], [ 122.69636907600011, 13.21907939200014 ], [ 122.693880817000036, 13.218433791000109 ], [ 122.693234090000146, 13.217566445999978 ], [ 122.690758896000148, 13.217401989000166 ], [ 122.687054034000198, 13.217748400000119 ], [ 122.684647091000102, 13.217265582000152 ], [ 122.678678630000149, 13.217459554000015 ], [ 122.677272238000114, 13.217242909000163 ], [ 122.675064804000272, 13.215219447000038 ], [ 122.672184013000219, 13.214209376000042 ], [ 122.670773877000101, 13.212651852000135 ], [ 122.669629171000224, 13.21228818600008 ], [ 122.668883803000199, 13.211493526000027 ], [ 122.665182903000073, 13.211215093000021 ], [ 122.664568661000203, 13.211712172000034 ], [ 122.663847571000019, 13.211176825000052 ], [ 122.659170390000213, 13.209385805000181 ], [ 122.657901072000186, 13.208518870000148 ], [ 122.657448960000238, 13.207800829000121 ], [ 122.657639528000232, 13.207261684 ], [ 122.657218982000018, 13.206689300000107 ], [ 122.657232500000077, 13.205747354000152 ], [ 122.656518049000056, 13.204763660000083 ], [ 122.65653641900019, 13.202517645000171 ], [ 122.656283956000152, 13.201825712000016 ], [ 122.655402643000116, 13.201072187000136 ], [ 122.654679248000093, 13.200639188000082 ], [ 122.653304673000093, 13.200458428000047 ], [ 122.64799273500023, 13.198059958000044 ], [ 122.646521865000068, 13.196914188000051 ], [ 122.645824708000191, 13.197277392000103 ], [ 122.644089097, 13.19709428200008 ], [ 122.644423967000193, 13.197644078000053 ], [ 122.644085849000135, 13.197637818000089 ], [ 122.643497762000038, 13.196838894000052 ], [ 122.642546803000073, 13.196407456000088 ], [ 122.640598337000029, 13.194703401000027 ], [ 122.640008666000199, 13.193834518000187 ], [ 122.640589062000231, 13.193193264000058 ], [ 122.639911006000034, 13.193721825000182 ], [ 122.639688699000089, 13.193572078000102 ], [ 122.639417620000131, 13.193092822999972 ], [ 122.639757133000217, 13.192411118000166 ], [ 122.639338646000169, 13.192954618000044 ], [ 122.639064328000018, 13.192730055000027 ], [ 122.638606707000235, 13.191961494999987 ], [ 122.638862327000083, 13.191850871000099 ], [ 122.638417425000057, 13.191570620999983 ], [ 122.638688554000169, 13.190924777000191 ], [ 122.638281446000065, 13.191275454000163 ], [ 122.637948087000154, 13.190216424000141 ], [ 122.638303161000181, 13.189447842000106 ], [ 122.640226351000138, 13.188973256000111 ], [ 122.640393374000041, 13.188025992000064 ], [ 122.640253339000083, 13.187207578000027 ], [ 122.639775067000073, 13.187093293000089 ], [ 122.639953312000216, 13.186772894000114 ], [ 122.639684539000086, 13.187021955000034 ], [ 122.639213284000107, 13.186729086000071 ], [ 122.639326739000126, 13.186246698000105 ], [ 122.638735172000111, 13.185752542000102 ], [ 122.637909364000052, 13.185575031000042 ], [ 122.637253017000148, 13.185984009000151 ], [ 122.636427212000171, 13.185883570999977 ], [ 122.635318399000084, 13.185145084000112 ], [ 122.632542597000111, 13.184266870000101 ], [ 122.631760242000155, 13.183721747 ], [ 122.631641657000046, 13.182656034000047 ], [ 122.631100293000031, 13.182117750999964 ], [ 122.630421995, 13.180403238000167 ], [ 122.629521826000087, 13.179590248000011 ], [ 122.628957906000096, 13.179777323000167 ], [ 122.627216739000232, 13.179066273000103 ], [ 122.625029620000191, 13.176212081000017 ], [ 122.624351972000227, 13.174715993000063 ], [ 122.624548692000189, 13.17430895800004 ], [ 122.624210630000107, 13.173672319000048 ], [ 122.624555766000071, 13.172803533000092 ], [ 122.624276845000168, 13.172813551000047 ], [ 122.624212210000223, 13.172307568000178 ], [ 122.622083131000181, 13.171447936000106 ], [ 122.620395882000139, 13.171169716000179 ], [ 122.618622361, 13.171506409000074 ], [ 122.614752045000046, 13.171234944000048 ], [ 122.613665061, 13.170308623000096 ], [ 122.613407348000237, 13.169318444000112 ], [ 122.612323646000277, 13.167869841000083 ], [ 122.609716534000086, 13.167280961000017 ], [ 122.60958148300017, 13.166976734000173 ], [ 122.606678258000215, 13.165644906000125 ], [ 122.605527622000182, 13.16539238900009 ], [ 122.60395226300011, 13.165567643000031 ], [ 122.603248144000077, 13.164710083000102 ], [ 122.601827758000127, 13.163993897000182 ], [ 122.60240297100006, 13.163937364000049 ], [ 122.601252111, 13.163476158000094 ], [ 122.601050006000037, 13.163779115000182 ], [ 122.600596876000054, 13.162713647000146 ], [ 122.600313770000071, 13.163030733000085 ], [ 122.599093237000261, 13.16197475700011 ], [ 122.598658049000164, 13.162321829000064 ], [ 122.59860041200011, 13.163227151000171 ], [ 122.5975165010002, 13.163694265000117 ], [ 122.596863596000048, 13.163289126000052 ], [ 122.596456674000024, 13.163569279000058 ], [ 122.596653983000238, 13.164150677 ], [ 122.596055960000058, 13.164643707000153 ], [ 122.595723231000193, 13.164370478000023 ], [ 122.594799889000114, 13.164972022000029 ], [ 122.593030228000202, 13.165146077000145 ], [ 122.590419206000092, 13.166616289000103 ], [ 122.588521284000308, 13.166368064999972 ], [ 122.58722622200014, 13.166536629000063 ], [ 122.586260641000081, 13.167726379000101 ], [ 122.585053665000032, 13.16794815600008 ], [ 122.583281265000096, 13.168948064 ], [ 122.581289281000295, 13.170315726000013 ], [ 122.579298730000346, 13.172299986000098 ], [ 122.577257139000267, 13.17323127800006 ], [ 122.576331702000175, 13.17419572100016 ], [ 122.569009763000054, 13.178556763000074 ], [ 122.566853521000098, 13.179301965999969 ], [ 122.564641923000067, 13.178826008000044 ], [ 122.563932781000062, 13.180475870000123 ], [ 122.562190136000027, 13.182354928000166 ], [ 122.560628774000179, 13.18598257900004 ], [ 122.556925134000153, 13.191687204000118 ], [ 122.554214878000039, 13.194151186000056 ], [ 122.551484696000102, 13.197722218000138 ], [ 122.549936253000169, 13.198752001000173 ], [ 122.549064379000129, 13.198524920000125 ], [ 122.548702365000054, 13.198797755000044 ], [ 122.548711940000203, 13.199331566000069 ], [ 122.546932587000128, 13.202937654000038 ], [ 122.547108540000067, 13.203650726000035 ], [ 122.546454427000185, 13.205249826 ], [ 122.545610395000153, 13.20921090600018 ], [ 122.544938034000211, 13.210499724000044 ], [ 122.54251254400026, 13.212469033000048 ], [ 122.541293588000144, 13.214356979000115 ], [ 122.541011091000087, 13.216305010000099 ], [ 122.540577890000236, 13.217114006000031 ], [ 122.540636987000084, 13.218364582000106 ], [ 122.540402917000051, 13.21704409900002 ], [ 122.540117084000144, 13.216991655000129 ], [ 122.540051327000128, 13.218009165000126 ], [ 122.539640650000138, 13.218629303000114 ], [ 122.533371067000189, 13.223658033000163 ], [ 122.527120944000217, 13.228078518000075 ], [ 122.524421760000223, 13.228783374000102 ], [ 122.52379932100007, 13.229903780000086 ], [ 122.524144918000047, 13.230851269000084 ], [ 122.522344793000229, 13.233176293000042 ], [ 122.521038706000013, 13.234218226000053 ], [ 122.518049042000143, 13.236236809000161 ], [ 122.51710216500021, 13.23652524400012 ], [ 122.516087647000063, 13.237459109000042 ], [ 122.514302608000094, 13.238105597000072 ], [ 122.512588775000154, 13.238298294000117 ], [ 122.51177117900022, 13.239973451000083 ], [ 122.510577284000078, 13.240783532000023 ], [ 122.508321422000108, 13.240784613000017 ], [ 122.506312229000059, 13.241575068000145 ], [ 122.504553005000162, 13.243621604 ], [ 122.503197649000072, 13.246478644000149 ], [ 122.504057546000126, 13.248061747000122 ], [ 122.504641132000074, 13.248611973000038 ], [ 122.507879276000153, 13.249800433000132 ], [ 122.510485887000073, 13.249511458000086 ], [ 122.510951585000043, 13.248653358000126 ], [ 122.511436292000099, 13.248610553000049 ], [ 122.513318091000087, 13.251276328000131 ], [ 122.514041408000026, 13.251625571000147 ], [ 122.513772785000242, 13.252039330000173 ], [ 122.513116355000079, 13.251862401000039 ], [ 122.512590973000329, 13.252684189000149 ], [ 122.512954735000108, 13.25356884200005 ], [ 122.513336080000045, 13.253659358000107 ], [ 122.513094912000042, 13.253990436000151 ], [ 122.513918100000069, 13.254909922000024 ], [ 122.514291406000098, 13.256692774999976 ], [ 122.514719432000106, 13.25708092800005 ], [ 122.515261445000306, 13.257045309000034 ], [ 122.515101828000184, 13.256712892000166 ], [ 122.515492832000177, 13.256798904000163 ], [ 122.516304545000139, 13.258621384000151 ], [ 122.515655215000038, 13.261983459000078 ], [ 122.513445910000087, 13.263118631 ], [ 122.512552454000115, 13.264558202000046 ], [ 122.511704343000019, 13.268262029000141 ], [ 122.510956403000137, 13.269658699000047 ], [ 122.511289525000166, 13.270507449000149 ], [ 122.510850702000312, 13.271482936000098 ], [ 122.512207509000064, 13.27210165300005 ], [ 122.512761394000108, 13.273173624000037 ], [ 122.51225352300014, 13.272994807000032 ], [ 122.512506483000266, 13.273483638000073 ], [ 122.51290874100016, 13.273209351000048 ], [ 122.514554647000068, 13.274524994999979 ], [ 122.51486548600019, 13.275251473000083 ], [ 122.514622947000021, 13.276662804000068 ], [ 122.515025875000219, 13.277161752000097 ], [ 122.516981874000066, 13.277880436000089 ], [ 122.5179051570002, 13.27776445700016 ], [ 122.518390228000158, 13.278189687000179 ], [ 122.519256947000144, 13.277817091000088 ], [ 122.519732928000053, 13.278062994000095 ], [ 122.519792077000034, 13.27888865 ], [ 122.520452335000073, 13.27925671700018 ], [ 122.520988243000033, 13.279253044000143 ], [ 122.521268995000014, 13.278609567000103 ], [ 122.521481090000066, 13.278876351000122 ], [ 122.521737421000012, 13.278481321000129 ], [ 122.522417765000228, 13.278676082000175 ], [ 122.523324500000172, 13.280296465000049 ], [ 122.523118476000036, 13.281817906000072 ], [ 122.522582284, 13.281911368000181 ], [ 122.523447380000221, 13.283769380000081 ], [ 122.523156710000308, 13.284046226000044 ], [ 122.522288365, 13.283966377000127 ], [ 122.520885254000177, 13.285475366000185 ], [ 122.521319616000028, 13.285725464999985 ], [ 122.521263411000064, 13.28543366800011 ], [ 122.521493957000189, 13.285487923000062 ], [ 122.521953314000029, 13.28639954700003 ], [ 122.520055378000052, 13.28730634100009 ], [ 122.517247090000069, 13.287810996000189 ], [ 122.516189617, 13.288603667000132 ], [ 122.514539940000077, 13.288978079 ], [ 122.51308210600007, 13.290147754999964 ], [ 122.512151211000059, 13.290221703000043 ], [ 122.511571972000183, 13.290983570000151 ], [ 122.511655751000035, 13.292039648000127 ], [ 122.510933410000234, 13.293253542000173 ], [ 122.510677736000048, 13.295196161000092 ], [ 122.510451139000224, 13.295399765000013 ], [ 122.510414212000114, 13.294893377000051 ], [ 122.509998664000022, 13.295377214000041 ], [ 122.510330042000078, 13.296000150000054 ], [ 122.510145642000111, 13.297324968000055 ], [ 122.510842738000065, 13.298772308000082 ], [ 122.512028634000103, 13.299015004000125 ], [ 122.51225859200008, 13.29860858700016 ], [ 122.51418108900009, 13.298379636000107 ], [ 122.515225955000233, 13.297848790999979 ], [ 122.51794121800026, 13.298219040000163 ], [ 122.518965136000247, 13.29920759100014 ], [ 122.519290468, 13.300433487000134 ], [ 122.518666431000156, 13.301921633000177 ], [ 122.518314020000048, 13.302247730999966 ], [ 122.518135765000125, 13.301981231000127 ], [ 122.517932965000227, 13.302580188000036 ], [ 122.518346839000174, 13.30306323800005 ], [ 122.521642338000106, 13.30347909600016 ], [ 122.520821160000196, 13.303537093999978 ], [ 122.520441154000196, 13.304267751000168 ], [ 122.522595397000146, 13.310089303999973 ], [ 122.522828873000094, 13.312618815000121 ], [ 122.522647206000102, 13.31536846400013 ], [ 122.522157627000183, 13.316951550000056 ], [ 122.52145276400006, 13.317711457000144 ], [ 122.521674351000115, 13.319266015000153 ], [ 122.521926576000169, 13.319474276000051 ], [ 122.522323081000195, 13.319092638000086 ], [ 122.522545359000105, 13.319639380000012 ], [ 122.522183471000176, 13.320824935000189 ], [ 122.522005780000086, 13.320264110000039 ], [ 122.521678263000126, 13.320416445000092 ], [ 122.521162351000044, 13.321955524000032 ], [ 122.520878578000293, 13.323807666000107 ], [ 122.521443014000056, 13.325002405000134 ], [ 122.52082470400012, 13.325520114000085 ], [ 122.52066660800017, 13.326307524000015 ], [ 122.520772625000177, 13.326486474000092 ], [ 122.520904417000224, 13.32575304400018 ], [ 122.521214425000153, 13.325745427000129 ], [ 122.521192130000145, 13.32618691000016 ], [ 122.522161781000023, 13.326900581000132 ], [ 122.522622436, 13.328123449000088 ], [ 122.523043594000228, 13.328390426000055 ], [ 122.522406036, 13.329782712000167 ], [ 122.521623904000194, 13.329725306 ], [ 122.520708002000219, 13.330796481000107 ], [ 122.52090023300002, 13.331561525000154 ], [ 122.521353949000058, 13.331588125000053 ], [ 122.521210593000319, 13.331941417000166 ], [ 122.520536139000114, 13.332028499000046 ], [ 122.520477856000184, 13.332771606 ], [ 122.520795392000196, 13.332714932000101 ], [ 122.520634746000042, 13.333472913000037 ], [ 122.519906854000055, 13.33387453600011 ], [ 122.519920489000015, 13.335051764000184 ], [ 122.520405464000078, 13.336221461000093 ], [ 122.519679793000137, 13.336509015000047 ], [ 122.519036738000182, 13.336149019000118 ], [ 122.518501678000121, 13.337331892 ], [ 122.519006077000199, 13.337655216000144 ], [ 122.518226503000164, 13.337763064000171 ], [ 122.51810363200002, 13.338496488000089 ], [ 122.517285511000068, 13.338851288000171 ], [ 122.517714303000048, 13.339186939000115 ], [ 122.517399675000092, 13.339879810000184 ], [ 122.517591066000023, 13.339678539000147 ], [ 122.51780066400022, 13.340127191000136 ], [ 122.518292146000022, 13.340082638000069 ], [ 122.518209476000038, 13.340665567000087 ], [ 122.517826469000056, 13.34081549400014 ], [ 122.51809388200013, 13.341077701000074 ], [ 122.517793689000086, 13.34270451600014 ], [ 122.518572357000039, 13.342470878000142 ], [ 122.518802181000183, 13.342983278000077 ], [ 122.518424043000323, 13.342934539000055 ], [ 122.518850244000191, 13.343179445000089 ], [ 122.518136921000064, 13.343366466000191 ], [ 122.517625008000209, 13.34480673000013 ], [ 122.517028286000027, 13.345301095000082 ], [ 122.516889532000278, 13.347788791000085 ], [ 122.51559286200029, 13.350955547000069 ], [ 122.512060490000067, 13.35384193200008 ], [ 122.511560908000092, 13.354667116000144 ], [ 122.512251789000175, 13.353256226000099 ], [ 122.510765755000307, 13.353719581000121 ], [ 122.51057732400011, 13.356636153000068 ], [ 122.511414915000046, 13.357811810000101 ], [ 122.510932518000118, 13.358147706000182 ], [ 122.510871732000282, 13.358575021000092 ], [ 122.51118324000015, 13.3588289650001 ], [ 122.510983562000092, 13.35934767800012 ], [ 122.510572485000125, 13.35967251 ], [ 122.509576663000189, 13.359221704000049 ], [ 122.509174217000123, 13.359898073000124 ], [ 122.508439157000225, 13.359995052000045 ], [ 122.507560909000176, 13.359534854000174 ], [ 122.507532370000035, 13.358859617000178 ], [ 122.507036643000106, 13.358831255000155 ], [ 122.506151490000207, 13.359990780999965 ], [ 122.506376679000027, 13.360577400000125 ], [ 122.506098006000229, 13.360475600000029 ], [ 122.506167395000148, 13.36101930600006 ], [ 122.505864168000016, 13.36131226599997 ], [ 122.506027405000168, 13.362326846000087 ], [ 122.505524006000087, 13.362473732000183 ], [ 122.505400919000181, 13.362848217000135 ], [ 122.504924252000023, 13.362578513000017 ], [ 122.503529606000143, 13.362604235000049 ], [ 122.502336343000252, 13.363714757000082 ], [ 122.502424277000046, 13.364026194000189 ], [ 122.502935161000096, 13.363620651000133 ], [ 122.503339168000025, 13.363932607000152 ], [ 122.503095482000049, 13.36461149500019 ], [ 122.503273214000046, 13.365242183000134 ], [ 122.503846216000056, 13.365383184 ], [ 122.504510247000212, 13.366404993000117 ], [ 122.505080410000232, 13.36650116900006 ], [ 122.503984964000324, 13.367844063000121 ], [ 122.504317821000086, 13.368806076000055 ], [ 122.503301803000227, 13.369045852 ], [ 122.50336854800014, 13.368705261000173 ], [ 122.503118931000017, 13.368749855000146 ], [ 122.502615813000148, 13.369639596000127 ], [ 122.502032066000083, 13.369259903000057 ], [ 122.501431874000104, 13.369410897000137 ], [ 122.501589824, 13.368886350000139 ], [ 122.501025655000035, 13.369274448000112 ], [ 122.501253200000065, 13.369694037999977 ], [ 122.500645301000304, 13.371357447000037 ], [ 122.501839112000084, 13.372668456000099 ], [ 122.500751269000034, 13.373316812000098 ], [ 122.500627179000048, 13.374605363 ], [ 122.500329297000121, 13.374812731000134 ], [ 122.499784186000056, 13.374460591000116 ], [ 122.499418018000142, 13.374595510000177 ], [ 122.499767691000216, 13.374764522000135 ], [ 122.499395330000198, 13.37484780200009 ], [ 122.498255194000194, 13.373948905000077 ], [ 122.497247698000137, 13.37423891200018 ], [ 122.497154801000192, 13.375520453000092 ], [ 122.497668330000124, 13.376366998000037 ], [ 122.497131793000221, 13.377086182000028 ], [ 122.497093522000114, 13.379102875000171 ], [ 122.496474552000109, 13.379344858000024 ], [ 122.49620265100009, 13.380020888000047 ], [ 122.49704513800009, 13.380317078000189 ], [ 122.496680860000083, 13.380687627000043 ], [ 122.495886610000298, 13.38035095000015 ], [ 122.495796640000322, 13.380683881999971 ], [ 122.495247680000034, 13.380836336000186 ], [ 122.494830704000151, 13.381548098999986 ], [ 122.495345164000128, 13.382118985000147 ], [ 122.494572057000028, 13.382652756000027 ], [ 122.494808039000191, 13.383354745000076 ], [ 122.494380364000222, 13.384322978000171 ], [ 122.494706624000059, 13.384571283000014 ], [ 122.494635829000117, 13.385215202000097 ], [ 122.495070725000232, 13.384918466000045 ], [ 122.495028049000098, 13.384256172000164 ], [ 122.4953117230001, 13.384311313000183 ], [ 122.495742331000201, 13.386195932000078 ], [ 122.49560349800015, 13.388837955999975 ], [ 122.496035180000035, 13.388930703000142 ], [ 122.494304384000088, 13.39115261 ], [ 122.493677242000103, 13.391448842000045 ], [ 122.493160745000068, 13.391379680000171 ], [ 122.493150094000043, 13.39111151700007 ], [ 122.492519917000209, 13.391799792000086 ], [ 122.492891020000116, 13.391919077000125 ], [ 122.49237518800021, 13.39201131100009 ], [ 122.492334394000068, 13.39256965200002 ], [ 122.491751710000131, 13.392507624000075 ], [ 122.491651434000232, 13.39289055800009 ], [ 122.490782056000057, 13.393020364 ], [ 122.490642467000271, 13.393596419000176 ], [ 122.490203229000031, 13.393621539000094 ], [ 122.490022078000038, 13.394066624000061 ], [ 122.490266105000046, 13.394874959999981 ], [ 122.489260379000143, 13.396571926000092 ], [ 122.489488486000141, 13.39895003800018 ], [ 122.489600008000139, 13.399291785000116 ], [ 122.489903747000085, 13.399177749000103 ], [ 122.490360077000219, 13.401058728000066 ], [ 122.490278471000011, 13.405064289999984 ], [ 122.489311435000104, 13.407311256000128 ], [ 122.48678165400031, 13.410334773999978 ], [ 122.486408843000277, 13.410392292000154 ], [ 122.487684242000228, 13.410244852000176 ], [ 122.487778559000276, 13.410557565000033 ], [ 122.486015298000098, 13.411508317000028 ], [ 122.485393274000216, 13.411333875000139 ], [ 122.486278139000092, 13.411249190000149 ], [ 122.48525281600007, 13.411221174000161 ], [ 122.478439766000065, 13.417095379000102 ], [ 122.473141328000224, 13.419754349000186 ], [ 122.471540348000076, 13.42187633400016 ], [ 122.468147122000232, 13.425225342000147 ], [ 122.467190623000192, 13.426742778000119 ], [ 122.462833988000057, 13.429694926000138 ], [ 122.460041428000068, 13.434026320000044 ], [ 122.458006716000114, 13.436468555000033 ], [ 122.453801891000126, 13.440385006000156 ], [ 122.453773428000204, 13.440730615000064 ], [ 122.45276116000025, 13.441357594000181 ], [ 122.452475006000213, 13.443027880000159 ], [ 122.451954380000075, 13.443544481 ], [ 122.451723307000066, 13.443132969999965 ], [ 122.45115114400005, 13.443183873 ], [ 122.451032825000198, 13.443838601000039 ], [ 122.450386249000303, 13.443985243000043 ], [ 122.449993159000087, 13.444583741000031 ], [ 122.450179958000035, 13.444811322000135 ], [ 122.449244811000199, 13.445524483000042 ], [ 122.449295261000088, 13.446307512000089 ], [ 122.448896448000028, 13.447296080000172 ], [ 122.449149169000066, 13.447533084000099 ], [ 122.448577908000175, 13.448361371000146 ], [ 122.44822584800022, 13.448176758000045 ], [ 122.448297111000102, 13.448972847000107 ], [ 122.447627351000165, 13.449433107000175 ], [ 122.447744635000049, 13.449701916000095 ], [ 122.448538932000133, 13.449722216 ], [ 122.448688437000214, 13.451262125000142 ], [ 122.447852092000176, 13.452549447000081 ], [ 122.446413901000255, 13.453503610999974 ], [ 122.446693127000117, 13.453889167000114 ], [ 122.446007717000043, 13.454070544000103 ], [ 122.445046657000148, 13.452173324000114 ], [ 122.443626422000079, 13.453073741000139 ], [ 122.443243634000055, 13.453926202000048 ], [ 122.442232073000127, 13.454143105000128 ], [ 122.441975397000192, 13.45469459200001 ], [ 122.44087291100027, 13.455129005000174 ], [ 122.439741060000188, 13.456118636999975 ], [ 122.439833449000048, 13.456327351000027 ], [ 122.439588762000199, 13.456233011000052 ], [ 122.439401819000068, 13.456840401000022 ], [ 122.438393565000297, 13.456759806000036 ], [ 122.438282153000159, 13.457605063000074 ], [ 122.437699916000042, 13.457690719000027 ], [ 122.437387491000209, 13.45831727400008 ], [ 122.436929041000099, 13.458034222000151 ], [ 122.436295885000163, 13.458491960000174 ], [ 122.435779856000181, 13.45906745200017 ], [ 122.435791170000016, 13.459825995000131 ], [ 122.435231963000206, 13.460331607000057 ], [ 122.435222943000326, 13.461038747000146 ], [ 122.43387306600016, 13.462575141000059 ], [ 122.433231232000139, 13.4626989140001 ], [ 122.433332386000188, 13.462986375000128 ], [ 122.432814774000121, 13.463185557000088 ], [ 122.432998430000225, 13.462571822000029 ], [ 122.432365972000071, 13.463051594000149 ], [ 122.432030492000081, 13.462825255000155 ], [ 122.432082452000145, 13.462315445000058 ], [ 122.431807576000097, 13.462388031000046 ], [ 122.431552101000193, 13.463242962000152 ], [ 122.431253443000173, 13.463292181000043 ], [ 122.431667036000022, 13.463519949000045 ], [ 122.431520126000123, 13.464088398000115 ], [ 122.431964286000266, 13.464012337000156 ], [ 122.431903070000203, 13.46422958300019 ], [ 122.431406816000163, 13.464231178000034 ], [ 122.431162940000036, 13.464810698 ], [ 122.431356068000014, 13.465439964000041 ], [ 122.430512926000119, 13.466225802000054 ], [ 122.430529246000219, 13.467306788000144 ], [ 122.428552038000021, 13.470047150000028 ], [ 122.4258701010001, 13.472725380000099 ], [ 122.423225221000052, 13.473431470000094 ], [ 122.419747663000294, 13.476239805000034 ], [ 122.418249802000105, 13.47773026100009 ], [ 122.417769412000098, 13.479241448000153 ], [ 122.416295971000181, 13.481458733000181 ], [ 122.413293208000141, 13.483941080000136 ], [ 122.412424672000043, 13.485810102000073 ], [ 122.412710298000093, 13.486431020999987 ], [ 122.411868096000035, 13.487078846000031 ], [ 122.411895674000107, 13.488017011000125 ], [ 122.4113013340002, 13.488542579000125 ], [ 122.41162786800021, 13.489493824000022 ], [ 122.41122039000004, 13.489903618000028 ], [ 122.41142458700017, 13.490762428000039 ], [ 122.411112313000103, 13.491383611000174 ], [ 122.411140308000199, 13.493242572000042 ], [ 122.409560831000135, 13.495071221000103 ], [ 122.409479649000218, 13.495890494000093 ], [ 122.408786911000107, 13.496577881000064 ], [ 122.40889594500004, 13.497344229000078 ], [ 122.407035459000099, 13.500192820000109 ], [ 122.406179402000021, 13.500351721000015 ], [ 122.406084656000075, 13.501276712999982 ], [ 122.40458228600005, 13.502900847000092 ], [ 122.404677949000074, 13.503930162000074 ], [ 122.40512663100003, 13.504511383000136 ], [ 122.405018317000213, 13.50548922500019 ], [ 122.405983538000214, 13.506400585000108 ], [ 122.406771671000115, 13.506268142000067 ], [ 122.40712820900012, 13.508313534000024 ], [ 122.406157603000111, 13.511096350000059 ], [ 122.40534230600008, 13.511294870000143 ], [ 122.40503029200022, 13.512629562000086 ], [ 122.403209352000204, 13.512841679000132 ], [ 122.402367034000122, 13.513476259000072 ], [ 122.403728446000287, 13.515984061999973 ], [ 122.403634208000312, 13.518190772000139 ], [ 122.403389836000201, 13.518811912000047 ], [ 122.402261943000212, 13.519016030000046 ], [ 122.402031754000063, 13.519371782000178 ], [ 122.403594980000094, 13.520269714000051 ], [ 122.403676648000101, 13.520586809000065 ], [ 122.40201941700002, 13.522529826000152 ], [ 122.401857015000132, 13.524247646 ], [ 122.400715314000081, 13.523970588000168 ], [ 122.398802417000297, 13.525097356000174 ], [ 122.397470681000073, 13.525428174000183 ], [ 122.394494967000014, 13.527491011000052 ], [ 122.389755117000277, 13.529939845000172 ], [ 122.387794909000263, 13.532247117000111 ], [ 122.383627432000026, 13.534255328000086 ], [ 122.382652685000039, 13.534422880000079 ], [ 122.380247475000033, 13.536896628000136 ], [ 122.375913534, 13.540423117000159 ], [ 122.374771464000332, 13.540975341000035 ], [ 122.372892408000098, 13.543621672000029 ], [ 122.372094450000191, 13.543898027000068 ], [ 122.36941574500031, 13.546508530000153 ], [ 122.366732808000279, 13.546542241 ], [ 122.366214527000125, 13.548279955999988 ], [ 122.364551482000138, 13.54783436200006 ], [ 122.360600636000072, 13.548349311000152 ], [ 122.358742035000205, 13.548280299000112 ], [ 122.356642492000105, 13.5474897470001 ], [ 122.35555109400002, 13.546476006000148 ], [ 122.354157024000187, 13.546702779000157 ], [ 122.352339192000045, 13.547473634000085 ], [ 122.3509111420002, 13.548766641000043 ], [ 122.348481633, 13.54970866300016 ], [ 122.345936094000308, 13.551644476000035 ], [ 122.342865793000215, 13.552884223000035 ], [ 122.342430075000038, 13.553530948000173 ], [ 122.340050439000152, 13.554995712 ], [ 122.336218495000026, 13.558252100000175 ], [ 122.334117970000193, 13.559382133000156 ], [ 122.333576158000142, 13.558999154000162 ], [ 122.332558303000042, 13.559174807000034 ], [ 122.33099198900004, 13.561439898000117 ], [ 122.330462835000048, 13.561730340000167 ], [ 122.330552536000027, 13.562637443000028 ], [ 122.329291504000025, 13.563805870000124 ], [ 122.329342687, 13.564561196000113 ], [ 122.330142337000098, 13.565021913000123 ], [ 122.330244926000205, 13.56622650900016 ], [ 122.330677357000013, 13.566973395000105 ], [ 122.331404509000095, 13.56691040700008 ], [ 122.33177493900007, 13.567474904000107 ], [ 122.33234778100018, 13.567246422000039 ], [ 122.332318638000174, 13.567637658000081 ], [ 122.332719829000098, 13.567756499999973 ], [ 122.332928226000149, 13.568782368000143 ], [ 122.331825890000118, 13.569441485000027 ], [ 122.333113933000163, 13.568988088000083 ], [ 122.333025771000166, 13.569512251000049 ], [ 122.333350329000041, 13.569487218000177 ], [ 122.333310341000015, 13.569827117000159 ], [ 122.334484438000118, 13.570332354000129 ], [ 122.335926591000202, 13.572007569000107 ], [ 122.336361540000212, 13.572127496000178 ], [ 122.336270303000219, 13.572418929000037 ], [ 122.337019409000163, 13.572697944000083 ], [ 122.336725217000208, 13.572939392000023 ], [ 122.337282126000105, 13.57310881300009 ], [ 122.337360897000053, 13.572904031000178 ], [ 122.338231920000226, 13.573905616 ], [ 122.335968940000043, 13.578703337000036 ], [ 122.332741936000048, 13.581433146000052 ], [ 122.331322888000045, 13.583423061000133 ], [ 122.329118778000066, 13.584293604000095 ], [ 122.326258429000291, 13.586745933000088 ], [ 122.325283833000299, 13.587122405000116 ], [ 122.325717940000118, 13.587167554000075 ], [ 122.323181868, 13.588944596000033 ], [ 122.321759131000022, 13.590393050000102 ], [ 122.321322257000247, 13.589644021000083 ], [ 122.319019918000095, 13.589864452000086 ], [ 122.312790633000077, 13.591236140000092 ], [ 122.3114101970001, 13.591692173000069 ], [ 122.310815879000302, 13.592212569000139 ], [ 122.30887924000001, 13.592127895000033 ], [ 122.307768732000113, 13.592511377000164 ], [ 122.3023504250001, 13.593030202000023 ], [ 122.294625429000121, 13.592770057000052 ], [ 122.289510510000127, 13.591353171000094 ], [ 122.286774013000013, 13.590249793000112 ], [ 122.283607517000064, 13.58773055600011 ], [ 122.28269379700032, 13.586567501000047 ], [ 122.282466371000169, 13.585494353000058 ], [ 122.282695654, 13.585692159000132 ], [ 122.282740494000222, 13.583539456999972 ], [ 122.282289256000013, 13.581968667000069 ], [ 122.281850470000109, 13.581845522000094 ], [ 122.281874586000299, 13.58158961800001 ], [ 122.28248718500015, 13.581611134000013 ], [ 122.28190048700003, 13.581563899000116 ], [ 122.282118421000177, 13.581389629000114 ], [ 122.281818336000129, 13.58080320199997 ], [ 122.282107445000293, 13.580697526000108 ], [ 122.282633290000035, 13.581448099000113 ], [ 122.284120077000011, 13.577293412000188 ], [ 122.283494947, 13.576475277999975 ], [ 122.283813480000163, 13.575822323000068 ], [ 122.283290615000169, 13.575070197000173 ], [ 122.280251846000169, 13.574426499000026 ], [ 122.279591742000093, 13.574785971000097 ], [ 122.279581829000222, 13.57511928200006 ], [ 122.27735367400021, 13.575376321000135 ], [ 122.276881965000143, 13.57604679300016 ], [ 122.276258892000214, 13.576309254000137 ], [ 122.2761674300001, 13.576827388000027 ], [ 122.27555480500007, 13.576640124000164 ], [ 122.275180988000216, 13.576877755000169 ], [ 122.274648509000031, 13.577367465000179 ], [ 122.27485697200018, 13.577694948000044 ], [ 122.274297955000065, 13.578078709000067 ], [ 122.272996393000199, 13.578126086000168 ], [ 122.271361687000081, 13.579089371 ], [ 122.267906683000206, 13.579948633000072 ], [ 122.268195430000219, 13.58092468100017 ], [ 122.266875860000141, 13.579421994000086 ], [ 122.266496883000059, 13.57948281400013 ], [ 122.266376555000079, 13.579951267000126 ], [ 122.265761747000056, 13.579888937000078 ], [ 122.2656986530003, 13.58022507600009 ], [ 122.26403233800022, 13.57974219200014 ], [ 122.263129706000086, 13.580085985000039 ], [ 122.262819219000107, 13.58076313600003 ], [ 122.261579141000198, 13.581013356000142 ], [ 122.261241093000081, 13.581884281000157 ], [ 122.261328179000202, 13.583083870000053 ], [ 122.261780283000121, 13.583049488000029 ], [ 122.261930885000083, 13.58352215300016 ], [ 122.262623308000116, 13.583507767000015 ], [ 122.263324288000035, 13.583961263000049 ], [ 122.263837603000184, 13.58380210100006 ], [ 122.26369473800014, 13.58407459700004 ], [ 122.263993335000237, 13.584232126000188 ], [ 122.26421394700003, 13.583741595 ], [ 122.264260579000165, 13.584210142000131 ], [ 122.264674879000154, 13.584161745000131 ], [ 122.265031119000128, 13.58457157100014 ], [ 122.26552142200012, 13.58435191500007 ], [ 122.266164835000154, 13.584939715000189 ], [ 122.26818379100007, 13.58515398600008 ], [ 122.27096023900026, 13.586440131000188 ], [ 122.272671684000215, 13.587807172000055 ], [ 122.274692449000327, 13.588737379000179 ], [ 122.276336203000142, 13.589009766000061 ], [ 122.27691376100006, 13.589714783000034 ], [ 122.278161400000045, 13.593082125000137 ], [ 122.277877063000233, 13.595493643000168 ], [ 122.277397423000139, 13.596591360000161 ], [ 122.277621040000099, 13.598900651000179 ], [ 122.275087620000249, 13.601123168000129 ], [ 122.274211576000084, 13.601005108000095 ], [ 122.273330375000114, 13.601438454000117 ], [ 122.270669621000025, 13.604131629000108 ], [ 122.269903772000021, 13.603870238000013 ], [ 122.269342093000091, 13.604064832000176 ], [ 122.267188640000086, 13.606513561000156 ], [ 122.266148007000197, 13.606611183999973 ], [ 122.263380861000201, 13.605957634999982 ], [ 122.262647457000071, 13.606388572000014 ], [ 122.261858435000022, 13.606163654000056 ], [ 122.261835660000202, 13.606641325000055 ], [ 122.261160229000097, 13.606828751000137 ], [ 122.260131736000062, 13.605730920000155 ], [ 122.259022874000152, 13.605123817000106 ], [ 122.258751892000078, 13.605787263000138 ], [ 122.258728446000077, 13.604851113000109 ], [ 122.254325585000061, 13.604864969000175 ], [ 122.252771030000076, 13.603501128000062 ], [ 122.251190786000279, 13.603187029000082 ], [ 122.251007021000078, 13.602773736000074 ], [ 122.249948546000041, 13.602711591000173 ], [ 122.248670777000029, 13.601689664999981 ], [ 122.247091522000233, 13.601924382000163 ], [ 122.246795832000089, 13.601242222 ], [ 122.245448896000198, 13.601090988000124 ], [ 122.242601654000168, 13.598771759000158 ], [ 122.241292476000012, 13.598403954 ], [ 122.241640413000141, 13.598138668999979 ], [ 122.240428571000052, 13.597001364000164 ], [ 122.238684576000082, 13.596722236000119 ], [ 122.236985100000311, 13.597266396000066 ], [ 122.234949241000209, 13.598444193000034 ], [ 122.230478290000178, 13.599618707000047 ], [ 122.230031291000046, 13.599425080000117 ], [ 122.228435120000086, 13.599891182000135 ], [ 122.227897631000133, 13.599653643000124 ], [ 122.227935333000232, 13.599287812000114 ], [ 122.227492442000084, 13.599596537000025 ], [ 122.228402795000306, 13.600740006000024 ], [ 122.227107477000118, 13.601072847000125 ], [ 122.226791600000183, 13.600528533000045 ], [ 122.225716779000095, 13.60072773700017 ], [ 122.225545580000244, 13.601980803000117 ], [ 122.224061957000117, 13.602984883000033 ], [ 122.2246212780002, 13.603548634000049 ], [ 122.224585736000108, 13.604423160000124 ], [ 122.22410473500031, 13.604548981000164 ], [ 122.223947669000154, 13.603998087000036 ], [ 122.223412747000111, 13.603795600000069 ], [ 122.222262485000101, 13.604173546000084 ], [ 122.219316392000337, 13.606818365000152 ], [ 122.218694620000065, 13.60678721700009 ], [ 122.21866498400027, 13.607394341000031 ], [ 122.218445197000165, 13.607093057000156 ], [ 122.21839068700001, 13.607558400000187 ], [ 122.217570883000121, 13.607889950000072 ], [ 122.21539004300007, 13.607538067 ], [ 122.212843308000174, 13.605977169000028 ], [ 122.211588822000067, 13.604627997000136 ], [ 122.211107828000081, 13.602543907000154 ], [ 122.210553906000086, 13.601942663000159 ], [ 122.210425556000132, 13.60117715400014 ], [ 122.209934080000153, 13.601021378000041 ], [ 122.20998751500008, 13.601434112000106 ], [ 122.209143897000217, 13.601525656000035 ], [ 122.207909885000049, 13.602217060000044 ], [ 122.206450558000029, 13.60400421200012 ], [ 122.206577567000181, 13.604500439000049 ], [ 122.206054591000225, 13.604984963000163 ], [ 122.206268823000187, 13.605323575000114 ], [ 122.205802525000195, 13.605330834000085 ], [ 122.205772137000167, 13.605976620000035 ], [ 122.20532621100017, 13.606248978000053 ], [ 122.205584725000108, 13.606848989000014 ], [ 122.205346672000019, 13.607266715000151 ], [ 122.20398074700006, 13.607731145 ], [ 122.204078869000227, 13.609477028000128 ], [ 122.203233251000029, 13.609683003000043 ], [ 122.202966771000206, 13.611063070000114 ], [ 122.202567686000066, 13.611181230999989 ], [ 122.203103072000204, 13.611502168000186 ], [ 122.202612766000129, 13.611720723000076 ], [ 122.202928297000199, 13.612046830000111 ], [ 122.202554619000011, 13.61257214699998 ], [ 122.202792848000058, 13.612769695000168 ], [ 122.202396902000032, 13.612742428000161 ], [ 122.202065854000011, 13.613145898000141 ], [ 122.202269962000173, 13.613422175000153 ], [ 122.201525329000106, 13.613761688000068 ], [ 122.201508554000043, 13.614359917000115 ], [ 122.201175660000217, 13.614206895000052 ], [ 122.200885439000103, 13.614618377 ], [ 122.201385203000086, 13.615067423000028 ], [ 122.201313094000056, 13.61562427500013 ], [ 122.200750708000101, 13.615489998000101 ], [ 122.199940552000157, 13.616236054000183 ], [ 122.19983358900015, 13.617373161000046 ], [ 122.200111142000083, 13.617567455000142 ], [ 122.199562735000086, 13.618040907000022 ], [ 122.199437768000166, 13.619678380999972 ], [ 122.198900757000047, 13.620442940000089 ], [ 122.199636238000039, 13.621203541000057 ], [ 122.199326061000079, 13.621594507000054 ], [ 122.199279337000121, 13.62545086800003 ], [ 122.199171065000201, 13.626133184000025 ], [ 122.198320749000345, 13.627102176000051 ], [ 122.198068435000096, 13.628683789000092 ], [ 122.198399410000206, 13.628935142000046 ], [ 122.198026699000025, 13.629069432000108 ], [ 122.198256106000031, 13.629670782000119 ], [ 122.19794072600007, 13.629696414000136 ], [ 122.198180596000043, 13.629925990000118 ], [ 122.197894582000345, 13.630089018000092 ], [ 122.197992973000055, 13.63114317600008 ], [ 122.198353807000103, 13.631232368000042 ], [ 122.198218242000166, 13.631552415000101 ], [ 122.199077332000115, 13.631624295000051 ], [ 122.198779005000119, 13.633445742 ], [ 122.199963374000276, 13.633280485000114 ], [ 122.200489661, 13.633709872 ], [ 122.201125884000021, 13.633061486000031 ], [ 122.201369625000211, 13.633676326999989 ], [ 122.202368707000119, 13.633810091000043 ], [ 122.202896150000129, 13.636093658999982 ], [ 122.20255540200003, 13.637620832000152 ], [ 122.202040139000246, 13.638303137000037 ], [ 122.200594268000032, 13.638968732000137 ], [ 122.200285678000114, 13.639747072000034 ], [ 122.199767798000039, 13.639976809000132 ], [ 122.19928062300005, 13.639744023000048 ], [ 122.199485207000066, 13.640447394999967 ], [ 122.198080364000134, 13.640269268000054 ], [ 122.197688204000315, 13.640567438000062 ], [ 122.197474687000181, 13.640913411000156 ], [ 122.197756223000169, 13.641072744000098 ], [ 122.19767157800004, 13.641645404000087 ], [ 122.197192900000232, 13.642077046000054 ], [ 122.19745913600002, 13.642466829999989 ], [ 122.196894004000114, 13.64280026300014 ], [ 122.19709642600003, 13.642791557000123 ], [ 122.196845682000117, 13.643471162000139 ], [ 122.197051273000284, 13.643818030000091 ], [ 122.196321721000118, 13.644022199000176 ], [ 122.19659430500019, 13.644558803000166 ], [ 122.195739310000022, 13.646337265000057 ], [ 122.196207400000048, 13.646704490000161 ], [ 122.19670536000001, 13.646451926000054 ], [ 122.196179062000169, 13.646966098000121 ], [ 122.196384628000146, 13.64712371100012 ], [ 122.196169140000052, 13.647706546000109 ], [ 122.195625308000217, 13.648288567 ], [ 122.195152433000203, 13.647947794000174 ], [ 122.194653393000181, 13.648943469000017 ], [ 122.193192889000102, 13.650160264000078 ], [ 122.192932758000097, 13.65093488500014 ], [ 122.192351651000081, 13.650969488000101 ], [ 122.192111802000113, 13.651530499000046 ], [ 122.192300355000157, 13.651726323999981 ], [ 122.191637652000054, 13.651797094000187 ], [ 122.191802634000055, 13.652124696999977 ], [ 122.190508517000012, 13.65323310600013 ], [ 122.190787454000088, 13.653831224000044 ], [ 122.189932175000081, 13.654384903000164 ], [ 122.189722235000204, 13.655207501000177 ], [ 122.18909740700019, 13.655141633000028 ], [ 122.189005842000142, 13.655588499000089 ], [ 122.188288031000184, 13.655730996000045 ], [ 122.187515980000171, 13.656984323000074 ], [ 122.187999775000094, 13.657719518000079 ], [ 122.187440104000075, 13.657807620000085 ], [ 122.187873517000185, 13.658161725000184 ], [ 122.186560577000023, 13.659827282000037 ], [ 122.186795487000154, 13.65997681500005 ], [ 122.186622501000215, 13.660307446000161 ], [ 122.185577165000041, 13.660312969000188 ], [ 122.185424345000342, 13.659942298000146 ], [ 122.183359407000012, 13.661168790000033 ], [ 122.182299966000073, 13.662198383000032 ], [ 122.18258972600006, 13.662581815000124 ], [ 122.181534554000109, 13.66383991400005 ], [ 122.181735826000249, 13.664667628000132 ], [ 122.181193694000171, 13.664883345000135 ], [ 122.181415480000055, 13.665088006000133 ], [ 122.180498435000118, 13.666699694000044 ], [ 122.180086727000116, 13.667051256000036 ], [ 122.179628917000059, 13.666937203000089 ], [ 122.179280411000036, 13.667568597000127 ], [ 122.179992064000203, 13.667483343000129 ], [ 122.18026611200014, 13.668279266000184 ], [ 122.181246767000061, 13.668920346000107 ], [ 122.181168845000116, 13.669253758000025 ], [ 122.178771533000031, 13.668878027000062 ], [ 122.177842849000285, 13.669199133000177 ], [ 122.177297052000199, 13.668813100000136 ], [ 122.176622205000058, 13.669486273000132 ], [ 122.175989256000094, 13.669267062000017 ], [ 122.175414535000073, 13.669718364000062 ], [ 122.174987231000046, 13.669629159000067 ], [ 122.175080534000131, 13.669891197000084 ], [ 122.174427628000103, 13.669331092 ], [ 122.173902283000075, 13.669701184000076 ], [ 122.174041828000099, 13.670757625000022 ], [ 122.173461526000096, 13.672273652000115 ], [ 122.173817478000046, 13.672141066000165 ], [ 122.173016816000086, 13.673608214000069 ], [ 122.172739526000214, 13.673633002000145 ], [ 122.172845269000163, 13.674348942000051 ], [ 122.173338399000045, 13.674774676000084 ], [ 122.172417308000036, 13.674978370000076 ], [ 122.172956628000065, 13.675061806000031 ], [ 122.172668197000235, 13.675604953000118 ], [ 122.173115898000106, 13.67579625400009 ], [ 122.173097263000045, 13.676145536000035 ], [ 122.172673980000127, 13.676096296000026 ], [ 122.173023151000166, 13.676523245999988 ], [ 122.172677075000252, 13.676514701000087 ], [ 122.172591389000104, 13.676866921000112 ], [ 122.172934523000094, 13.676962868000146 ], [ 122.172173174000022, 13.677406824000116 ], [ 122.171856594000133, 13.677987735000102 ], [ 122.172098136000045, 13.678658899000027 ], [ 122.171858420000149, 13.678998969000133 ], [ 122.172421027000041, 13.67956115200019 ], [ 122.172005680000211, 13.679979536000189 ], [ 122.172040426000081, 13.681919478000111 ], [ 122.172428208000042, 13.682024819 ], [ 122.172234364000133, 13.682459070000164 ], [ 122.172551847000022, 13.682395932000077 ], [ 122.172596383000155, 13.683723434000115 ], [ 122.173019667000176, 13.684827609000081 ], [ 122.172715406000179, 13.685212084000057 ], [ 122.172339102000137, 13.684984554000039 ], [ 122.170516476000103, 13.685335567000038 ], [ 122.167688125000154, 13.689386419000186 ], [ 122.168330689000186, 13.688502223000057 ], [ 122.168500372000267, 13.688636820000056 ], [ 122.168065364000199, 13.689732096000114 ], [ 122.1666138920001, 13.691296755000167 ], [ 122.166794724000056, 13.691687053000123 ], [ 122.164253456000097, 13.695907821000105 ], [ 122.163773689000095, 13.697531955000045 ], [ 122.164307861000225, 13.697546984000098 ], [ 122.164559581000049, 13.698742169000127 ], [ 122.163512006000019, 13.699611602000061 ], [ 122.163162735000014, 13.699410274000115 ], [ 122.162919843000168, 13.69977188900009 ], [ 122.162483826000198, 13.69969587200012 ], [ 122.162286054000219, 13.7000715960001 ], [ 122.161827431, 13.69997934700018 ], [ 122.161603023000225, 13.700432082000077 ], [ 122.161327526000264, 13.700388868000061 ], [ 122.160471807000249, 13.701770942 ], [ 122.159810932000028, 13.701773539000158 ], [ 122.15923164000003, 13.702668108000182 ], [ 122.158581881000032, 13.702929167000036 ], [ 122.158183295000072, 13.703782039000032 ], [ 122.157770204000144, 13.703767794000044 ], [ 122.157510284000068, 13.704509476000112 ], [ 122.156912028000193, 13.704526851000026 ], [ 122.156758430000082, 13.705650714000058 ], [ 122.156185490000098, 13.705925414000035 ], [ 122.155353945000115, 13.705687912000087 ], [ 122.155512561000251, 13.705414092000183 ], [ 122.155233447000114, 13.705390217000058 ], [ 122.155006683000011, 13.705887150000081 ], [ 122.155412243000114, 13.706785580000144 ], [ 122.155216772000017, 13.707289946000117 ], [ 122.154544696000016, 13.707662106000043 ], [ 122.154472714000121, 13.708349319000149 ], [ 122.153776466000068, 13.708729324000046 ], [ 122.153716364000047, 13.70946229000009 ], [ 122.154065531000128, 13.70985444400003 ], [ 122.153900319000059, 13.710994109000126 ], [ 122.154794217000017, 13.71207085900005 ], [ 122.154447176000303, 13.71324616000004 ], [ 122.153480832000128, 13.713849627000116 ], [ 122.153082632000064, 13.715084730000058 ], [ 122.152522394000016, 13.715193426000042 ], [ 122.152339358000177, 13.71563264800011 ], [ 122.150955901000202, 13.71568241000017 ], [ 122.149795292000022, 13.716591700000095 ], [ 122.149587981000195, 13.716092022000112 ], [ 122.149416709000207, 13.716722663000155 ], [ 122.149156818000051, 13.716222458000061 ], [ 122.149232024000071, 13.71687366600014 ], [ 122.149675685000147, 13.71677096999997 ], [ 122.149722355000108, 13.717967737000151 ], [ 122.150355365000223, 13.718289980000065 ], [ 122.150231658000052, 13.718971230000136 ], [ 122.150740873000018, 13.719923678000043 ], [ 122.150379586000213, 13.720290924000096 ], [ 122.149878215000058, 13.719612087000144 ], [ 122.14933231700013, 13.719632491000027 ], [ 122.148240428000122, 13.718599500000096 ], [ 122.14697669200018, 13.71572044100003 ], [ 122.145385544000192, 13.714402162999988 ], [ 122.146101704000102, 13.713316048000138 ], [ 122.145435403000079, 13.712877623000168 ], [ 122.143988516000036, 13.713713604000134 ], [ 122.143039832000227, 13.713313184000071 ], [ 122.14251534400023, 13.713608889999989 ], [ 122.142689960000098, 13.713985788000116 ], [ 122.142126377000068, 13.714178063000134 ], [ 122.141989163000062, 13.714664198000094 ], [ 122.141608407000035, 13.714575796000076 ], [ 122.141821796000045, 13.71482711699997 ], [ 122.141517094000051, 13.715038346000142 ], [ 122.141972166000187, 13.715419089000136 ], [ 122.142832697000017, 13.715391264000061 ], [ 122.142579397000077, 13.715646900000081 ], [ 122.142838025000174, 13.715674547000106 ], [ 122.142592347000118, 13.715837919000137 ], [ 122.142781745000093, 13.716088287000048 ], [ 122.141860154000142, 13.717492695000089 ], [ 122.141925918000084, 13.718086100999983 ], [ 122.141419217000021, 13.718032386000061 ], [ 122.140601014000026, 13.718571254000096 ], [ 122.139839807000044, 13.718392552000012 ], [ 122.139677757000186, 13.718785350000019 ], [ 122.1400660500002, 13.718924114000117 ], [ 122.140137409000204, 13.719432092000091 ], [ 122.139957224000113, 13.719773909000025 ], [ 122.138593114000059, 13.719911308000121 ], [ 122.138088605000121, 13.720444059000044 ], [ 122.137714197000037, 13.720277255000099 ], [ 122.137866038000084, 13.7210772520001 ], [ 122.139086077000229, 13.72178452300011 ], [ 122.139025055000161, 13.72205670600016 ], [ 122.137852964000103, 13.722416245000147 ], [ 122.137766660000011, 13.723433563000128 ], [ 122.137023616000192, 13.724283511000124 ], [ 122.137254509000059, 13.724763765000034 ], [ 122.136912402, 13.724997352000116 ], [ 122.137011103000305, 13.725577395000073 ], [ 122.137406323000164, 13.726200214000187 ], [ 122.13692109700014, 13.726025195000148 ], [ 122.13694072300018, 13.726309362000109 ], [ 122.136702466000088, 13.726266745999965 ], [ 122.136646815000177, 13.727268130000084 ], [ 122.135720763000108, 13.729506662000176 ], [ 122.132208984000044, 13.734886583000048 ], [ 122.131812977000095, 13.736312024000142 ], [ 122.131507950000014, 13.736373514000093 ], [ 122.131608522000306, 13.736821131999989 ], [ 122.131020598000191, 13.737455247000128 ], [ 122.131070072000171, 13.738467669999977 ], [ 122.130526408000151, 13.738320646000091 ], [ 122.130837145000214, 13.738599603000182 ], [ 122.130022496000038, 13.740177047000088 ], [ 122.129190289, 13.740318622000188 ], [ 122.129775979000101, 13.741178711000032 ], [ 122.129994692000196, 13.740892338000037 ], [ 122.130673629000171, 13.741942773 ], [ 122.13169414000015, 13.742401432000065 ], [ 122.132144169000185, 13.741860394000014 ], [ 122.132360448000213, 13.742444038000031 ], [ 122.131928793000043, 13.74319325 ], [ 122.133179499000221, 13.744044969000072 ], [ 122.132958007000184, 13.745300500000099 ], [ 122.132464960000107, 13.744866224000077 ], [ 122.131164317000071, 13.746071714000152 ], [ 122.131289013000128, 13.745735337000099 ], [ 122.12955490700017, 13.747877465000045 ], [ 122.129854094000279, 13.747559712000168 ], [ 122.130118571000025, 13.747668432000069 ], [ 122.129630470000052, 13.748362942000028 ], [ 122.127470085000141, 13.749865567000086 ], [ 122.126844900000037, 13.75104414599997 ], [ 122.126287252000225, 13.750856221000163 ], [ 122.125624144000085, 13.752228830000149 ], [ 122.123936130000061, 13.753936904000057 ], [ 122.121799750000037, 13.754790521000075 ], [ 122.120264527000245, 13.754612587999986 ], [ 122.119747911000104, 13.755525177000095 ], [ 122.118707928000163, 13.755877457000111 ], [ 122.118850885000029, 13.756713288000071 ], [ 122.118055720000029, 13.756448724000052 ], [ 122.11766207800008, 13.757566275000045 ], [ 122.117068572000221, 13.757986387000187 ], [ 122.114855938000119, 13.761129472000107 ], [ 122.114576819000035, 13.761319925000123 ], [ 122.114501248000124, 13.760964827000066 ], [ 122.114093789000208, 13.761069007000174 ], [ 122.112767957000074, 13.762050754000086 ], [ 122.113035057000047, 13.763489027 ], [ 122.111833364000177, 13.763641912000139 ], [ 122.110938213000054, 13.764132280000013 ], [ 122.110207051000089, 13.763847879000025 ], [ 122.109870839000223, 13.764037153000061 ], [ 122.109527154000148, 13.763695583000072 ], [ 122.10922410000012, 13.764796168000089 ], [ 122.108267500000011, 13.765020128000117 ], [ 122.108015303000116, 13.765604501000098 ], [ 122.106133634000116, 13.766841034000151 ], [ 122.105013634000215, 13.767353317000186 ], [ 122.104143782000051, 13.767018785 ], [ 122.101983677000248, 13.769895791000067 ], [ 122.101378153000041, 13.77015706300017 ], [ 122.101267483000015, 13.770404854000162 ], [ 122.101971790000107, 13.770708256000034 ], [ 122.101929883000025, 13.77244516900015 ], [ 122.101445866000063, 13.77468270900016 ], [ 122.100779348000174, 13.775578144000065 ], [ 122.103492139000195, 13.778522340000166 ], [ 122.104280755000104, 13.778844609000089 ], [ 122.103645021000034, 13.77939 ], [ 122.102325562000033, 13.778954643000134 ], [ 122.100228315000095, 13.77943888600015 ], [ 122.099414704000083, 13.780715925000038 ], [ 122.099355997000089, 13.782223117 ], [ 122.098461775000033, 13.783567596000182 ], [ 122.098611326000196, 13.785267875000045 ], [ 122.097967162000032, 13.785394352000139 ], [ 122.097839383000178, 13.784886494000034 ], [ 122.096981090000099, 13.784485728000107 ], [ 122.095734696000022, 13.784710013999984 ], [ 122.09582927200006, 13.784414305000155 ], [ 122.095381812000142, 13.784194466000145 ], [ 122.094548838000151, 13.78471656 ], [ 122.093877747000306, 13.783946965000041 ], [ 122.09327954000014, 13.784145751000096 ], [ 122.093167016000052, 13.783716511000137 ], [ 122.091530042000159, 13.782815128000095 ], [ 122.091325637000182, 13.781359140000063 ], [ 122.091139567000027, 13.78156038200018 ], [ 122.09027401700007, 13.780541933 ], [ 122.09065712000006, 13.779775087000132 ], [ 122.090205562000165, 13.780532308000033 ], [ 122.089065554000172, 13.781232504000059 ], [ 122.088466275000201, 13.781208451999987 ], [ 122.08754035600009, 13.782216679000044 ], [ 122.086466875000156, 13.782580732000042 ], [ 122.085428999000101, 13.784594073000108 ], [ 122.085629023000138, 13.784823882000182 ], [ 122.085266521000108, 13.785046121 ], [ 122.084497428000191, 13.784635182000045 ], [ 122.085116398000082, 13.785293983000088 ], [ 122.084592051000072, 13.785622669000134 ], [ 122.084414714000104, 13.786198261000152 ], [ 122.082311083000036, 13.787349345000166 ], [ 122.082615372000078, 13.789916672000061 ], [ 122.080719424000222, 13.790022793000048 ], [ 122.07911828500005, 13.792201816000102 ], [ 122.078238656000167, 13.792205438000053 ], [ 122.078766773000098, 13.791430886000114 ], [ 122.078490370000054, 13.790874230000043 ], [ 122.077013908000026, 13.792385856000067 ], [ 122.076573707000307, 13.792026468000188 ], [ 122.077055352000116, 13.791218748000119 ], [ 122.077350882000019, 13.788836312000171 ], [ 122.078696039000079, 13.78703696600013 ], [ 122.079413396000177, 13.785242784000047 ], [ 122.079096256000071, 13.784937255000045 ], [ 122.077642623000088, 13.785273514999972 ], [ 122.075896577000094, 13.785087123000039 ], [ 122.076233714000182, 13.78610867499998 ], [ 122.07536253700016, 13.788203666000072 ], [ 122.07448747400008, 13.788421225000036 ], [ 122.073412323000071, 13.787909577000164 ], [ 122.073934494000014, 13.786853553000185 ], [ 122.073845646000109, 13.78601698500006 ], [ 122.072947565000163, 13.78538244900011 ], [ 122.07272402500007, 13.784713677000013 ], [ 122.07222868000008, 13.784954747000086 ], [ 122.072088791000169, 13.785455104 ], [ 122.071736711000312, 13.784577270000057 ], [ 122.073137475000067, 13.781338082000048 ], [ 122.074113215000125, 13.780336533000082 ], [ 122.071711722000146, 13.779666713999973 ], [ 122.070891657000061, 13.778618413 ], [ 122.069723187000022, 13.780666248999978 ], [ 122.067618093000078, 13.780426676000161 ], [ 122.065013759000067, 13.778672131 ], [ 122.064453834000346, 13.777742585000055 ], [ 122.064700677000133, 13.777069672000039 ], [ 122.064205677000018, 13.7765155190001 ], [ 122.064090853000039, 13.775740691000124 ], [ 122.061923347000175, 13.77462225000005 ], [ 122.059769498000037, 13.77524519800005 ], [ 122.056018230000177, 13.775167195000108 ], [ 122.053381655000067, 13.775648329000148 ], [ 122.052938575000326, 13.776141437999968 ], [ 122.054210540000099, 13.777122831999975 ], [ 122.054254251000089, 13.778906741000071 ], [ 122.053293833000225, 13.780551831000139 ], [ 122.053022112, 13.78039347400005 ], [ 122.053199464000159, 13.780747043000133 ], [ 122.051657934000104, 13.781193463000079 ], [ 122.050928347000081, 13.781029801000045 ], [ 122.049074448000056, 13.782094874000165 ], [ 122.047631971000214, 13.781607588000156 ], [ 122.046761015000243, 13.783490897000092 ], [ 122.046994835000078, 13.785039442000084 ], [ 122.046081285000014, 13.786095146000036 ], [ 122.045442123000043, 13.786182691000079 ], [ 122.045402626000055, 13.786593619000143 ], [ 122.044611641000074, 13.786575169000059 ], [ 122.043589391000069, 13.788008132000016 ], [ 122.043002074000015, 13.787963624000099 ], [ 122.041755116000218, 13.787137375000043 ], [ 122.042061371000045, 13.787566728000115 ], [ 122.041612945000111, 13.788084957000081 ], [ 122.04202946800001, 13.788674812000124 ], [ 122.040912730000173, 13.789668908000124 ], [ 122.039946785000097, 13.790061285000036 ], [ 122.039025241000218, 13.789661009000099 ], [ 122.032103760000155, 13.792471434000049 ], [ 122.028058192000117, 13.793591344000163 ], [ 122.02478518800001, 13.796388410000134 ], [ 122.023629835000065, 13.798472523000157 ], [ 122.022987261000026, 13.798248561000094 ], [ 122.024517099000263, 13.79892828900006 ], [ 122.024830275000113, 13.80076008900005 ], [ 122.025327718000085, 13.801092083000185 ], [ 122.025769436000019, 13.802522973000123 ], [ 122.02685051900005, 13.803605908000065 ], [ 122.026775005000218, 13.804541120000181 ], [ 122.028315827000029, 13.806661477000034 ], [ 122.028139288000034, 13.80678457800019 ], [ 122.027571215000194, 13.806480635000185 ], [ 122.02641127000004, 13.806605207000189 ], [ 122.024995908000051, 13.805875726000124 ], [ 122.024105633000318, 13.804718206000075 ], [ 122.023403534000067, 13.804545168000175 ], [ 122.021436829000095, 13.802897069000153 ], [ 122.020735486000149, 13.803359845000045 ], [ 122.020608254000081, 13.804044861000079 ], [ 122.020268086000328, 13.803670798000098 ], [ 122.019769587000042, 13.804158022000138 ], [ 122.019180659000199, 13.803938212000048 ], [ 122.018752151000058, 13.804170368000086 ], [ 122.018330137000135, 13.803822785000023 ], [ 122.017713155000024, 13.804166350000116 ], [ 122.017112988, 13.803983938000101 ], [ 122.015470067000138, 13.802074618000063 ], [ 122.01546384400001, 13.800854729000093 ], [ 122.015150502000211, 13.801721195000027 ], [ 122.014183435000064, 13.801068103000148 ], [ 122.013665506000052, 13.801768979000087 ], [ 122.01292330400031, 13.801565272000175 ], [ 122.012673077000159, 13.802095973000121 ], [ 122.012823885000216, 13.80301329200006 ], [ 122.011934822000057, 13.802841421000153 ], [ 122.011795683000173, 13.803625795000016 ], [ 122.011007504000077, 13.804596515000071 ], [ 122.009761402000208, 13.805218368999988 ], [ 122.009969016000127, 13.805637030000071 ], [ 122.009514808000063, 13.80629767500011 ], [ 122.007622715000025, 13.807475042000135 ], [ 122.00730235900005, 13.807410012000048 ], [ 122.007370768000101, 13.808749138 ], [ 122.006333810000115, 13.809498093000059 ], [ 122.006346600000029, 13.809015186000181 ], [ 122.005196754000167, 13.808878891000177 ], [ 122.003869945000019, 13.809841208000137 ], [ 122.00333283000009, 13.809691027000042 ], [ 122.002974948000201, 13.808824295000136 ], [ 122.002002738000215, 13.808429520000061 ], [ 122.001527075000013, 13.807593781999969 ], [ 122.000244737000116, 13.80737561900014 ], [ 121.999639070000057, 13.80661424800013 ], [ 121.99923102400021, 13.80683708700019 ], [ 121.998814108000147, 13.806624996000153 ], [ 121.998643523000169, 13.807018115000062 ], [ 121.99847306800018, 13.806272065000144 ], [ 121.998205284000051, 13.80644538700011 ], [ 121.996725089000051, 13.805885140000044 ], [ 121.996683697000208, 13.805487354000149 ], [ 121.996344197000212, 13.805586372000164 ], [ 121.996251310000048, 13.805263478000086 ], [ 121.995116551000024, 13.804898064000042 ], [ 121.995299479000096, 13.804556251000122 ], [ 121.994244427000012, 13.804119645000071 ], [ 121.993844656000078, 13.804425288 ], [ 121.993210326000167, 13.804352461000121 ], [ 121.993227927000248, 13.803846338000085 ], [ 121.992993616000149, 13.803990252000062 ], [ 121.992571982000072, 13.803222909999988 ], [ 121.992503399000157, 13.803575794999972 ], [ 121.992277111000135, 13.803338955000129 ], [ 121.992081023000082, 13.803684084000167 ], [ 121.991883423000218, 13.803458081000031 ], [ 121.991197406000197, 13.80366637100019 ], [ 121.990537656000015, 13.803068835000147 ], [ 121.989265037000109, 13.802843550000091 ], [ 121.988238501000069, 13.803615744000183 ], [ 121.988291479000054, 13.803904224000064 ], [ 121.987101937000034, 13.80453006800019 ], [ 121.986566467000102, 13.804203403000031 ], [ 121.985458596000058, 13.805203324000104 ], [ 121.984955000000127, 13.804896782000128 ], [ 121.983870927000225, 13.804968234000171 ], [ 121.981232573000057, 13.806336109000142 ], [ 121.980642053000224, 13.805884823000099 ], [ 121.980297059000236, 13.806308417000139 ], [ 121.980547505000231, 13.809035117000121 ], [ 121.979909285000303, 13.810968607000063 ], [ 121.979604236000228, 13.811431358000107 ], [ 121.979048256000056, 13.811515377000035 ], [ 121.979538736000109, 13.812629101000141 ], [ 121.979256766000049, 13.81288293700004 ], [ 121.97943623100025, 13.813317451999978 ], [ 121.977787372000193, 13.814101723000135 ], [ 121.977930588000277, 13.814648713999986 ], [ 121.97894004800014, 13.815245379000089 ], [ 121.978749433000075, 13.815448760000152 ], [ 121.979408578000175, 13.815532853000093 ], [ 121.979097378, 13.817419648000111 ], [ 121.978621651000026, 13.817798015999983 ], [ 121.97808300500003, 13.817753564000043 ], [ 121.978610112000069, 13.818158308000136 ], [ 121.978807467000138, 13.818725880000045 ], [ 121.97855148400015, 13.819196096000042 ], [ 121.978828476000103, 13.819721932 ], [ 121.978199226000129, 13.820711245000098 ], [ 121.977756625000211, 13.820140532000039 ], [ 121.977334555000084, 13.82039096800014 ], [ 121.976878658000146, 13.819915790999971 ], [ 121.976564020000183, 13.820989117000124 ], [ 121.977499124000133, 13.821861341000044 ], [ 121.977329994000115, 13.823396417000026 ], [ 121.978001001000166, 13.824367824000035 ], [ 121.979019018000145, 13.824712249000186 ], [ 121.979516599000021, 13.826413990000049 ], [ 121.980431731000067, 13.826860632000034 ], [ 121.980633859000022, 13.827517897000178 ], [ 121.981971425000097, 13.827858996000032 ], [ 121.981890065000243, 13.828586850000022 ], [ 121.982437464000327, 13.829125017000081 ], [ 121.980771615000094, 13.829175748000125 ], [ 121.98013743100023, 13.829532271 ], [ 121.980572171000063, 13.82970864300006 ], [ 121.980283851000081, 13.830024058000106 ], [ 121.979927197000052, 13.82960182 ], [ 121.979707367000174, 13.829869308000127 ], [ 121.979283760000158, 13.829759433000163 ], [ 121.979314069000111, 13.829515105000041 ], [ 121.978596604000018, 13.829134550000049 ], [ 121.979262099000039, 13.830138300000158 ], [ 121.978884626000195, 13.830288231000054 ], [ 121.978202632000034, 13.829939554000077 ], [ 121.978728039000089, 13.830657192000103 ], [ 121.979484371000012, 13.830253674000119 ], [ 121.979191205, 13.830895380000072 ], [ 121.979374199000063, 13.831347086000164 ], [ 121.979832865000049, 13.831357997999987 ], [ 121.979372306000073, 13.832839345000082 ], [ 121.979130240000245, 13.832794453000133 ], [ 121.9794215940002, 13.833250700000121 ], [ 121.979077577000112, 13.833320223000101 ], [ 121.979791969000189, 13.833730076000165 ], [ 121.978565543000173, 13.83429583100019 ], [ 121.977238161000059, 13.835533640000165 ], [ 121.974599099000102, 13.83873525700011 ], [ 121.974533096000187, 13.839262503000043 ], [ 121.975325018000035, 13.840488302000153 ], [ 121.974415888000067, 13.840777624000111 ], [ 121.974469376000116, 13.84002081 ], [ 121.97402399900011, 13.839908031 ], [ 121.971522511000103, 13.840813558000036 ], [ 121.969952561000014, 13.841008257000112 ], [ 121.969540222000091, 13.840459961000022 ], [ 121.968803101000162, 13.840471974000025 ], [ 121.968670871000199, 13.839692448 ], [ 121.968181605000041, 13.839485235000041 ], [ 121.967074310000157, 13.839650961000075 ], [ 121.964435869000113, 13.840988280000147 ], [ 121.963288835000071, 13.841136536000135 ], [ 121.962363578000122, 13.839988677000122 ], [ 121.961087846000055, 13.839225824000152 ], [ 121.960813349000205, 13.839376508000157 ], [ 121.961008597000045, 13.84086816100006 ], [ 121.960501187000091, 13.841898611000033 ], [ 121.958642267000187, 13.844871495000177 ], [ 121.956725063000022, 13.847131327999989 ], [ 121.955695234000132, 13.848044336000044 ], [ 121.954654054000116, 13.848457065 ], [ 121.954969066000103, 13.848721763000071 ], [ 121.953186738000227, 13.849323765000122 ], [ 121.948961811000117, 13.851590546000182 ], [ 121.949121154000068, 13.850795194000113 ], [ 121.948607320000065, 13.851659285000096 ], [ 121.948361648000173, 13.851362719000065 ], [ 121.947748657000147, 13.851887208000051 ], [ 121.944476554000062, 13.852415039000107 ], [ 121.94361319300026, 13.851984673 ], [ 121.937620884000012, 13.851247968000109 ], [ 121.936548910000056, 13.850600529000076 ], [ 121.930434570000102, 13.850208289000136 ], [ 121.92824160400005, 13.850674058000038 ], [ 121.922985782000183, 13.853346834000035 ], [ 121.92210347400021, 13.853507113000035 ], [ 121.922366795000016, 13.852947375000099 ], [ 121.922031273000016, 13.852830998000172 ], [ 121.921719120000034, 13.853367774000162 ], [ 121.922264348000226, 13.854097927000112 ], [ 121.922203463000073, 13.854658977000156 ], [ 121.921299192000106, 13.855065432000117 ], [ 121.920180345000176, 13.85454578000008 ], [ 121.915531565000038, 13.853954781000141 ], [ 121.911054591000038, 13.854452789000163 ], [ 121.90945450900017, 13.853991290000067 ], [ 121.90553662100001, 13.855315225000084 ], [ 121.905082629000049, 13.854982067000037 ], [ 121.904839602000152, 13.85520859900015 ], [ 121.904692183000066, 13.854561056000136 ], [ 121.904081004000091, 13.854425168000091 ], [ 121.904037996000056, 13.854775105000158 ], [ 121.904780912000092, 13.855264076000026 ], [ 121.904296336000129, 13.855979031000118 ], [ 121.899039889000164, 13.859709748000171 ], [ 121.893675998000163, 13.861877094000079 ], [ 121.891556898000204, 13.862381871000025 ], [ 121.890281252000136, 13.862186997000038 ], [ 121.890304339000181, 13.863811131000148 ], [ 121.890906005000033, 13.864138213000047 ], [ 121.891265656000087, 13.865418615000067 ], [ 121.891208126000038, 13.866380794 ], [ 121.890725377000194, 13.866699666000102 ], [ 121.891258696000023, 13.866975759000127 ], [ 121.891240891000052, 13.867844423000065 ], [ 121.89011447900009, 13.872160631000156 ], [ 121.88918557500017, 13.87370341500008 ], [ 121.889293189000341, 13.874423791000027 ], [ 121.888448009000058, 13.875445149000143 ], [ 121.888784476000069, 13.875910573000112 ], [ 121.888180046000343, 13.876274552000098 ], [ 121.888330585000062, 13.876524136000171 ], [ 121.88809770100022, 13.876418881000063 ], [ 121.888284350000276, 13.876634081000077 ], [ 121.887780431000238, 13.877176113000189 ], [ 121.888002975000177, 13.877540657000168 ], [ 121.887585101000241, 13.877602662000015 ], [ 121.8882567200003, 13.87836233600018 ], [ 121.888816545000168, 13.878261596000186 ], [ 121.887711341000227, 13.878981794000083 ], [ 121.886634326000035, 13.879022207000162 ], [ 121.886848148000126, 13.879576509 ], [ 121.886463788000128, 13.879780962000154 ], [ 121.886869010000055, 13.880338460000075 ], [ 121.886309242000152, 13.880806172000064 ], [ 121.88610681800003, 13.882035286000132 ], [ 121.885674197000071, 13.882549629000152 ], [ 121.885130273000186, 13.882397966000156 ], [ 121.88497390200007, 13.882023271000151 ], [ 121.884122144000116, 13.881907265000109 ], [ 121.88355348600021, 13.882666992 ], [ 121.883669382000221, 13.883363466000105 ], [ 121.884077797000145, 13.883931680000046 ], [ 121.884335798000052, 13.883766367000135 ], [ 121.88439329300013, 13.884235531000058 ], [ 121.884654859000079, 13.88412090900016 ], [ 121.88453848100005, 13.884494096000026 ], [ 121.884946900000045, 13.885063856000102 ], [ 121.884554673000139, 13.886030573000028 ], [ 121.884612228000037, 13.886876004000101 ], [ 121.883840393000014, 13.887949847000073 ], [ 121.884009570000103, 13.888600931000099 ], [ 121.883481845, 13.889444084000161 ], [ 121.883443722000152, 13.890486180000039 ], [ 121.882286058000091, 13.890716558000065 ], [ 121.881586658000174, 13.889729249000027 ], [ 121.88178254900015, 13.888583716000028 ], [ 121.879123198000116, 13.889896936000127 ], [ 121.878777054000011, 13.889805621000107 ], [ 121.878765945000055, 13.890232991000119 ], [ 121.877806676000205, 13.890606950000063 ], [ 121.877809867000224, 13.891113840000116 ], [ 121.876352670000188, 13.892303357 ], [ 121.875671282000098, 13.893827856000144 ], [ 121.875097876000041, 13.893807623000157 ], [ 121.87502634700013, 13.89273605 ], [ 121.874263912000174, 13.89298946700012 ], [ 121.873965958000213, 13.893764644000044 ], [ 121.873040472000071, 13.894337583000095 ], [ 121.872870169000066, 13.895637980000117 ], [ 121.872295132000204, 13.895808990000091 ], [ 121.871869962000346, 13.896514171999968 ], [ 121.871075777000101, 13.896310737000135 ], [ 121.8703165820001, 13.897296502000074 ], [ 121.869863378000105, 13.896866075000048 ], [ 121.870380199000124, 13.895364392999966 ], [ 121.870106228000054, 13.89451739600014 ], [ 121.869583621000061, 13.894487688000027 ], [ 121.868163865000042, 13.893243181000173 ], [ 121.865474427000095, 13.892186141000082 ], [ 121.864905051000051, 13.891500276000102 ], [ 121.863616545000014, 13.890886518000116 ], [ 121.863155140000117, 13.890343516000144 ], [ 121.862546239000153, 13.888333309000132 ], [ 121.861927880000053, 13.888066646000027 ], [ 121.858770278000065, 13.888048126000115 ], [ 121.857258734000084, 13.887343330000022 ], [ 121.857150559000047, 13.886009511000111 ], [ 121.856247623000172, 13.885847685000044 ], [ 121.855972747000123, 13.885352301000069 ], [ 121.855364244000157, 13.885199953999972 ], [ 121.855020804000105, 13.885562046000075 ], [ 121.855020904000185, 13.886209908000069 ], [ 121.855541219000088, 13.887224659000083 ], [ 121.856601252000019, 13.887786618000121 ], [ 121.856630804000133, 13.888482118000127 ], [ 121.857111775000021, 13.888901249000071 ], [ 121.857033359000184, 13.889520543000174 ], [ 121.854923878000136, 13.893451106000043 ], [ 121.854855459000078, 13.89529944200001 ], [ 121.853579668000066, 13.89600464900019 ], [ 121.853609185000323, 13.89650006800008 ], [ 121.852716163000196, 13.897281437000117 ], [ 121.849606232000156, 13.898129908999977 ], [ 121.8495868440001, 13.899987751000083 ], [ 121.850077628000236, 13.900321148000046 ], [ 121.8505389070001, 13.9001877070001 ], [ 121.849852115000317, 13.902026580000097 ], [ 121.849135662000094, 13.902283908000072 ], [ 121.847859625000183, 13.901464702000169 ], [ 121.845598153000083, 13.901479751000068 ], [ 121.844518425000047, 13.900689070000112 ], [ 121.843880265000053, 13.898774104000097 ], [ 121.845607427000118, 13.896668368000121 ], [ 121.845695677000322, 13.895953807000069 ], [ 121.845117185000049, 13.894885073000125 ], [ 121.845745144000034, 13.893417752000119 ], [ 121.844498604000137, 13.892712837000147 ], [ 121.844527841000172, 13.890864515000146 ], [ 121.84355620600013, 13.890788393000093 ], [ 121.844007832000216, 13.892223958000102 ], [ 121.84324239700004, 13.893195849000165 ], [ 121.843625213000109, 13.893672186 ], [ 121.843252452000229, 13.895539595000059 ], [ 121.84191772500003, 13.896120890000134 ], [ 121.840995255000053, 13.89727378800012 ], [ 121.840298434000033, 13.897588256000063 ], [ 121.840037497000026, 13.898709005000114 ], [ 121.838663468000163, 13.899452280000105 ], [ 121.838388795000242, 13.90125298800001 ], [ 121.837534980000214, 13.902224845000092 ], [ 121.836897039000064, 13.902558349000117 ], [ 121.833775892000062, 13.902606192000064 ], [ 121.832450819000087, 13.902072732000022 ], [ 121.831748622000191, 13.900540923 ], [ 121.830138963000081, 13.900178948000189 ], [ 121.830089834000091, 13.898959428000182 ], [ 121.829540209000015, 13.899026145000107 ], [ 121.829363497000259, 13.897892389000049 ], [ 121.828833494000037, 13.897682809000116 ], [ 121.828215130000217, 13.896758676000161 ], [ 121.827285160000201, 13.893694536000112 ], [ 121.826417899000262, 13.89310151400008 ], [ 121.825816645000032, 13.891848389000018 ], [ 121.825373179000167, 13.891733632000012 ], [ 121.824180898, 13.893044317000033 ], [ 121.822801240000103, 13.893187923000028 ], [ 121.822751996000079, 13.893541882000079 ], [ 121.824125618000039, 13.895996400000115 ], [ 121.826037585000108, 13.896972025000139 ], [ 121.82692463300009, 13.898043370000039 ], [ 121.827821440000093, 13.89825374000003 ], [ 121.828373376000172, 13.898885055000108 ], [ 121.82886610900016, 13.898837172000185 ], [ 121.82892529500009, 13.899353743000177 ], [ 121.827043142000207, 13.900482754000052 ], [ 121.826116796000179, 13.90067417400013 ], [ 121.825939468000229, 13.901353403000087 ], [ 121.823760466000067, 13.899959390000106 ], [ 121.822420176000151, 13.899615112000049 ], [ 121.822233057000062, 13.901059642 ], [ 121.820883053000102, 13.902552078000042 ], [ 121.822322276000023, 13.904208675000064 ], [ 121.82160294300013, 13.905595869000081 ], [ 121.82073574500032, 13.90637080800019 ], [ 121.819139269000061, 13.907126654000024 ], [ 121.817266788000097, 13.907040673000097 ], [ 121.816094051000164, 13.907595580000077 ], [ 121.815897007000217, 13.90875311100001 ], [ 121.815309696000213, 13.909070909000036 ], [ 121.81568424000011, 13.909941443000093 ], [ 121.815566043000103, 13.911328579000156 ], [ 121.814669256000116, 13.912342654000099 ], [ 121.812846055000023, 13.913241960000107 ], [ 121.810786255000039, 13.913041140000189 ], [ 121.809626871000091, 13.91355478100013 ], [ 121.809886242000175, 13.914146308000113 ], [ 121.809607361000076, 13.915400022000142 ], [ 121.810908324000138, 13.915677378000169 ], [ 121.811735980000094, 13.916711795000026 ], [ 121.812682620000032, 13.916858649000119 ], [ 121.812391101000344, 13.918289092000066 ], [ 121.811906685000054, 13.918675135000115 ], [ 121.810895386000311, 13.918663992000177 ], [ 121.810798082000133, 13.919311368000081 ], [ 121.811744204000206, 13.920178760999988 ], [ 121.812119759000097, 13.921536567000089 ], [ 121.812893858000166, 13.922257645000059 ], [ 121.814610735000201, 13.925105274000032 ], [ 121.815912647000232, 13.924991293000119 ], [ 121.816417618000173, 13.925973251000187 ], [ 121.817084335000231, 13.926443618000121 ], [ 121.817180765000217, 13.927007585000126 ], [ 121.817944461000138, 13.927269159000105 ], [ 121.818073140000024, 13.927874916000064 ], [ 121.817790960000139, 13.931341693000093 ], [ 121.817241501000012, 13.932385615000157 ], [ 121.816258298000093, 13.932072624000114 ], [ 121.815762497000037, 13.933273217000078 ], [ 121.81607418700014, 13.933732905000056 ], [ 121.816440270000271, 13.933367653000062 ], [ 121.817333044000065, 13.933733739000161 ], [ 121.817547230000059, 13.935143651000089 ], [ 121.817210695000199, 13.939455346000045 ], [ 121.817511797000066, 13.939695733000121 ], [ 121.818437288000155, 13.939529230000119 ], [ 121.817877011000064, 13.94055230400005 ], [ 121.817037207000226, 13.941272326000103 ], [ 121.814507985000205, 13.942200057000036 ], [ 121.81380755400005, 13.943651114000147 ], [ 121.813226752000105, 13.943347882000069 ], [ 121.812099170000124, 13.943639374000043 ], [ 121.809951965000323, 13.944900850000124 ], [ 121.807596293000074, 13.945825802000115 ], [ 121.806327673000169, 13.945998576000022 ], [ 121.806319462000033, 13.946391847000143 ], [ 121.804902944000105, 13.946258628000066 ], [ 121.802731490000042, 13.947212601 ], [ 121.802840394000327, 13.947610347000079 ], [ 121.80249519500012, 13.947769864 ], [ 121.801336334000098, 13.946576888000095 ], [ 121.801295899000024, 13.945650507999972 ], [ 121.800392067000189, 13.945649843000012 ], [ 121.800127927000176, 13.945937504000142 ], [ 121.799666972000182, 13.945681321000166 ], [ 121.798715919000074, 13.947457684000142 ], [ 121.796999189000076, 13.947966172000122 ], [ 121.795870858000058, 13.947609146000048 ], [ 121.795622845000139, 13.947839062000071 ], [ 121.795210593000093, 13.947466373000054 ], [ 121.79464409000002, 13.947601600000155 ], [ 121.794131787000197, 13.948253063000152 ], [ 121.793096369000182, 13.948372835999976 ], [ 121.791377971000088, 13.948024709000038 ], [ 121.789798862000225, 13.949376235000159 ], [ 121.789366494000205, 13.949070437999978 ], [ 121.78970788800018, 13.948260157 ], [ 121.789062746000127, 13.948042355000098 ], [ 121.788569042000063, 13.945651329000157 ], [ 121.787075684000115, 13.946208689000059 ], [ 121.786572, 13.945620596000026 ], [ 121.785639738000214, 13.945439334000127 ], [ 121.786453877000099, 13.944511937000016 ], [ 121.787707917000148, 13.944122504000063 ], [ 121.787394998000082, 13.943831399000032 ], [ 121.788324382000269, 13.940410336000014 ], [ 121.787900307000086, 13.940007198000046 ], [ 121.788014644000214, 13.939466858000117 ], [ 121.787419753000108, 13.940400352000097 ], [ 121.787581617000228, 13.941084565000153 ], [ 121.787242310000124, 13.941076148000036 ], [ 121.785720577, 13.939665228000024 ], [ 121.784194833000129, 13.93923672699998 ], [ 121.783446077, 13.940393180000058 ], [ 121.782334086000105, 13.940998288000173 ], [ 121.781522812000048, 13.942188293000129 ], [ 121.774553114000014, 13.944529711000087 ], [ 121.774570377000146, 13.944787211000062 ], [ 121.773792689000061, 13.944799825000018 ], [ 121.773654115000113, 13.945236057000102 ], [ 121.772664098000064, 13.945288562000087 ], [ 121.771038587000135, 13.946464372000037 ], [ 121.771117617000073, 13.94694703000016 ], [ 121.770707481000045, 13.946936268000172 ], [ 121.769122745000232, 13.948743031000163 ], [ 121.768339727000125, 13.95107192200004 ], [ 121.767593860000261, 13.952300993000051 ], [ 121.767488493000201, 13.952732756000159 ], [ 121.767831507000096, 13.952869901000042 ], [ 121.76733012800014, 13.952860353000119 ], [ 121.766884884000092, 13.95326549300006 ], [ 121.765385645000038, 13.956037429000105 ], [ 121.76536405600018, 13.956712757000048 ], [ 121.764993964000269, 13.95682185600009 ], [ 121.762857129000167, 13.959896280000066 ], [ 121.7622856280002, 13.96116105200008 ], [ 121.762131846000102, 13.96088814899997 ], [ 121.761950655000078, 13.961062132000109 ], [ 121.762170882000078, 13.961606322000023 ], [ 121.761728113000117, 13.961305428000173 ], [ 121.761318015000143, 13.961733489000153 ], [ 121.760847866000063, 13.961629464000112 ], [ 121.759689290000097, 13.96262706400006 ], [ 121.757032446000039, 13.962725742000089 ], [ 121.75603602800004, 13.963422663000074 ], [ 121.756129058000056, 13.96416098200018 ], [ 121.755729411000175, 13.964830782000149 ], [ 121.756048351000231, 13.965093050000178 ], [ 121.755689265000228, 13.965299232 ], [ 121.75552442500009, 13.964970836000191 ], [ 121.755539969000097, 13.965323756000089 ], [ 121.755242783000199, 13.965562355000031 ], [ 121.755038920000061, 13.965379770000084 ], [ 121.754820399000096, 13.966172376000145 ], [ 121.753895961000126, 13.966393458000141 ], [ 121.753760356000043, 13.96704212700007 ], [ 121.75326571100004, 13.967020749000085 ], [ 121.750396887000193, 13.968875400000172 ], [ 121.750284609000119, 13.968686783000066 ], [ 121.749387712000043, 13.969263752000131 ], [ 121.748299208000049, 13.968269685000053 ], [ 121.747053234000191, 13.967688766000038 ], [ 121.746519063000164, 13.967791686 ], [ 121.746834633000162, 13.967270424000048 ], [ 121.746619567000039, 13.96689165000015 ], [ 121.7432661160002, 13.966386482000075 ], [ 121.741791702000228, 13.96530717800016 ], [ 121.741589102000148, 13.965639529000043 ], [ 121.74125871800004, 13.96541262400018 ], [ 121.7407672490001, 13.965612146000126 ], [ 121.740830681000034, 13.966348331000063 ], [ 121.740379535000216, 13.966560131000165 ], [ 121.740417636000075, 13.967150616000083 ], [ 121.739877151000201, 13.967291867000142 ], [ 121.739367347000098, 13.966024497000092 ], [ 121.73872398500032, 13.965639696000096 ], [ 121.736956707000104, 13.967362053000102 ], [ 121.736175783000022, 13.967327995000119 ], [ 121.735836381000013, 13.967826107000121 ], [ 121.734896861000038, 13.968192937000083 ], [ 121.733354988000087, 13.968382786000063 ], [ 121.73138489300004, 13.967806236000172 ], [ 121.730503224000017, 13.968235391000064 ], [ 121.730383858000096, 13.967493674000025 ], [ 121.729634789000215, 13.966780698000036 ], [ 121.729070084000114, 13.966937015999974 ], [ 121.728870401000222, 13.966650282000046 ], [ 121.727300976000151, 13.967276701000117 ], [ 121.725854241000093, 13.968419993000055 ], [ 121.725687096000115, 13.968179795000083 ], [ 121.726091860000111, 13.967920893000155 ], [ 121.725809077, 13.967782219000014 ], [ 121.722785664000071, 13.969019968000055 ], [ 121.721201726000118, 13.969323909000025 ], [ 121.720220477000225, 13.969133955000132 ], [ 121.719300285000259, 13.969688398000073 ], [ 121.717853399000091, 13.969505676000097 ], [ 121.717124651000063, 13.970349614999975 ], [ 121.716199810000148, 13.970615762000079 ], [ 121.715178244000185, 13.970682705 ], [ 121.715107836000016, 13.970412773000078 ], [ 121.71349275700004, 13.970686086000057 ], [ 121.713936206000085, 13.970017142000131 ], [ 121.713132781000127, 13.969339302000151 ], [ 121.71016403200008, 13.968820958000094 ], [ 121.708508, 13.967371025000091 ], [ 121.708769210000128, 13.966474464999976 ], [ 121.708477709000135, 13.966529876000038 ], [ 121.708515642000293, 13.96613012500012 ], [ 121.70880399300006, 13.966159275000052 ], [ 121.708491785000206, 13.965715988000056 ], [ 121.708483469000043, 13.963967341000057 ], [ 121.707051690000185, 13.963103870000111 ], [ 121.705984821000015, 13.961833834000174 ], [ 121.705755436000345, 13.960810002000187 ], [ 121.706230318000053, 13.958950008000102 ], [ 121.704597203000048, 13.961529616000064 ], [ 121.703475209000089, 13.962406858000179 ], [ 121.703545023000174, 13.962920361000101 ], [ 121.701939749000076, 13.963377605000119 ], [ 121.702252004000229, 13.964133984000057 ], [ 121.702605268000298, 13.963964794999981 ], [ 121.702361358000189, 13.964323073000173 ], [ 121.700468603000218, 13.964836918000117 ], [ 121.700443893000056, 13.963649674000123 ], [ 121.699068580000016, 13.963222411000061 ], [ 121.698675871000205, 13.963417652000146 ], [ 121.698187576, 13.962947303000021 ], [ 121.697300406000181, 13.962848254999983 ], [ 121.69723225700011, 13.962533212000153 ], [ 121.695981147000111, 13.962270598999964 ], [ 121.695465558000024, 13.961449809000101 ], [ 121.695083895000153, 13.961380707000046 ], [ 121.69513606400028, 13.960387495000134 ], [ 121.694592777000025, 13.959671405000051 ], [ 121.694779384000071, 13.958735521000051 ], [ 121.695264923000195, 13.958217513000022 ], [ 121.695243882000113, 13.956865180000136 ], [ 121.694698883000115, 13.956724646000055 ], [ 121.694729245000076, 13.956133601999966 ], [ 121.693048029000124, 13.956099456000175 ], [ 121.692445344000021, 13.955550490000064 ], [ 121.692956560000084, 13.954834674000153 ], [ 121.692796047000229, 13.953096482000035 ], [ 121.690518124000164, 13.952330834000122 ], [ 121.689707961000181, 13.950448749000088 ], [ 121.689305643000239, 13.950021069000059 ], [ 121.688638936000075, 13.949935603000085 ], [ 121.689334495000139, 13.949060684000074 ], [ 121.690252528000201, 13.948709360000123 ], [ 121.690992142000255, 13.947620149000159 ], [ 121.692021448000332, 13.946926711000174 ], [ 121.693134849000216, 13.946711526000058 ], [ 121.694102370000223, 13.945502511000086 ], [ 121.694819235000068, 13.945699377000039 ], [ 121.695158182000341, 13.946221559999969 ], [ 121.695553414000187, 13.946071520000032 ], [ 121.6954640780001, 13.946313676000159 ], [ 121.695787987000131, 13.945879941000044 ], [ 121.696408036000207, 13.946078623000176 ], [ 121.697026936000043, 13.945794151000086 ], [ 121.697002324000209, 13.943244517000153 ], [ 121.697506914000201, 13.94335466900003 ], [ 121.697713544000067, 13.943112495000037 ], [ 121.697462166000037, 13.942967970999973 ], [ 121.697451046000197, 13.943286010000122 ], [ 121.69698367, 13.94302406200012 ], [ 121.697484340000074, 13.941929014000095 ], [ 121.697826937000059, 13.94199943600006 ], [ 121.697588551000081, 13.941595203000077 ], [ 121.697908724000058, 13.941166887000179 ], [ 121.697234793000121, 13.940001339000048 ], [ 121.697601999000085, 13.938218190000043 ], [ 121.698637007000116, 13.936880161999966 ], [ 121.699361314000157, 13.936456434000092 ], [ 121.699940826000102, 13.936558705000095 ], [ 121.700256595000042, 13.935811870000066 ], [ 121.700175524000201, 13.93507001100005 ], [ 121.699559402000204, 13.934820709 ], [ 121.698814640000023, 13.934969653999985 ], [ 121.698263885000188, 13.934268354000039 ], [ 121.698549232000119, 13.93219222100015 ], [ 121.698330425000222, 13.931282644000134 ], [ 121.699511770000186, 13.929755961000183 ], [ 121.701634888000171, 13.92795945600011 ], [ 121.703628098000195, 13.929136412000162 ], [ 121.704127628000151, 13.929015494000112 ], [ 121.704049308000094, 13.928409816999988 ], [ 121.702970324000148, 13.927731101000177 ], [ 121.703113207000115, 13.926755704000186 ], [ 121.703651672000206, 13.926021042000173 ], [ 121.703620532000059, 13.925329430000147 ], [ 121.704726026000117, 13.923780376000025 ], [ 121.706314915, 13.923784621000095 ], [ 121.707937694000066, 13.922882935000132 ], [ 121.708241097000041, 13.922260308000034 ], [ 121.706320325000092, 13.923596278000048 ], [ 121.703969202000167, 13.923601531000088 ], [ 121.702836495000156, 13.922274495000067 ], [ 121.703995093000117, 13.920923858000094 ], [ 121.702290414000231, 13.922424478000096 ], [ 121.701423094, 13.921549202000165 ], [ 121.700940930000115, 13.920046438000156 ], [ 121.699476792000041, 13.919881277000115 ], [ 121.698915418000183, 13.919242312000051 ], [ 121.697847496000122, 13.919261449000146 ], [ 121.697195573000045, 13.918679394000037 ], [ 121.696618632000082, 13.919085882000104 ], [ 121.696208966000086, 13.918819322000047 ], [ 121.695797760000119, 13.918989792000161 ], [ 121.69531164100033, 13.918421900000055 ], [ 121.693333034000148, 13.919328995000058 ], [ 121.690961699000127, 13.919432120000124 ], [ 121.690145151000252, 13.920492428000102 ], [ 121.690087456000015, 13.921135615000139 ], [ 121.692019147000224, 13.922379799000055 ], [ 121.692206433000138, 13.923083483000028 ], [ 121.691924214000096, 13.923458139000104 ], [ 121.691224034000129, 13.923168783000165 ], [ 121.69006247200025, 13.923732887000085 ], [ 121.689494607000029, 13.923510348000093 ], [ 121.689207524000039, 13.923708121000175 ], [ 121.688194633000194, 13.922606482000049 ], [ 121.686999277000041, 13.923391948000017 ], [ 121.686806975000081, 13.924469343999988 ], [ 121.68650215200023, 13.92412220600005 ], [ 121.685530245000109, 13.924220389000084 ], [ 121.685395400000061, 13.923557176000031 ], [ 121.685185335000028, 13.923933974000136 ], [ 121.684359115000234, 13.922544728000105 ], [ 121.684047214000088, 13.923395738000181 ], [ 121.683439343000032, 13.92357091000008 ], [ 121.682446937000122, 13.92350656900004 ], [ 121.681866169000045, 13.922930766999968 ], [ 121.681104658000208, 13.923809317 ], [ 121.67996701900006, 13.923711202000163 ], [ 121.679620397, 13.922957216000157 ], [ 121.678791032000049, 13.922801259000096 ], [ 121.678466623000304, 13.92242351900012 ], [ 121.677865876000055, 13.922824267000067 ], [ 121.677248899000119, 13.921708546000048 ], [ 121.676794779000033, 13.921512035000035 ], [ 121.676473632000011, 13.921782365000183 ], [ 121.676344229000051, 13.920665746000054 ], [ 121.675655614000334, 13.921064816000069 ], [ 121.674998983000137, 13.920931291000102 ], [ 121.674718047000169, 13.919292561000077 ], [ 121.67507846, 13.918084552000039 ], [ 121.674455672000022, 13.916897271000096 ], [ 121.673396768000089, 13.917623213000127 ], [ 121.672817809000094, 13.917764619000081 ], [ 121.672029466000026, 13.917458084000032 ], [ 121.671037310000088, 13.917895852000015 ], [ 121.67058820800014, 13.917034393999984 ], [ 121.669288789, 13.916771927000013 ], [ 121.669272860000206, 13.916389774000152 ], [ 121.66895219200012, 13.916503846000126 ], [ 121.669295063000163, 13.916229513000076 ], [ 121.669056872000056, 13.915791915000113 ], [ 121.668906139000114, 13.916400608000117 ], [ 121.668688230000271, 13.916124534 ], [ 121.668841130000146, 13.914919815000076 ], [ 121.667876161000322, 13.913995586000112 ], [ 121.668150701000172, 13.913232783000126 ], [ 121.667405282000345, 13.911925622000069 ], [ 121.666174125000225, 13.912375726 ], [ 121.666256739000119, 13.912899565000089 ], [ 121.665948774000071, 13.913030584000182 ], [ 121.66630757300004, 13.913169226000093 ], [ 121.665624975000014, 13.913491365000027 ], [ 121.665647370000215, 13.914862343000152 ], [ 121.665153721000138, 13.91547415500014 ], [ 121.664418585000021, 13.915745212000104 ], [ 121.663579483000262, 13.915284222000139 ], [ 121.663209617, 13.91557087800004 ], [ 121.662739651000038, 13.915079365000167 ], [ 121.662561485000083, 13.915556988000162 ], [ 121.661583352000207, 13.914917653000089 ], [ 121.661165488000279, 13.914198819000148 ], [ 121.660502890000203, 13.914415565000127 ], [ 121.660293892000141, 13.915082885000061 ], [ 121.65942919500003, 13.915047866000123 ], [ 121.659080588000052, 13.914145375000146 ], [ 121.658733730000336, 13.914457539000011 ], [ 121.655852363, 13.91462177700015 ], [ 121.65551661500001, 13.915161491 ], [ 121.655487943000139, 13.913821106000057 ], [ 121.656291832000079, 13.913580017000072 ], [ 121.656892213000106, 13.913895143000047 ], [ 121.656501936000041, 13.913185989000169 ], [ 121.654801126000052, 13.912951948000057 ], [ 121.649442, 13.910638002000098 ], [ 121.646761161000086, 13.908919453000124 ], [ 121.646591615000148, 13.908196821 ], [ 121.645905561000063, 13.90779503400006 ], [ 121.642109393000169, 13.907356496000034 ], [ 121.63352989200007, 13.908483209000053 ], [ 121.62968987100021, 13.908367374000022 ], [ 121.627930359000061, 13.908117808000156 ], [ 121.626940713000067, 13.907494605000181 ], [ 121.626970809000113, 13.906674365000185 ], [ 121.627521237000224, 13.906683576000148 ], [ 121.627532301000201, 13.905951805000086 ], [ 121.626944733000073, 13.905947215000026 ], [ 121.626828915000146, 13.905486835000147 ], [ 121.626819046000037, 13.905944596999973 ], [ 121.626027459000056, 13.905929237000123 ], [ 121.625954502000127, 13.907978107000019 ], [ 121.624093982000204, 13.907556578000083 ], [ 121.620463507000068, 13.905561876000036 ], [ 121.620890197000108, 13.905241599000078 ], [ 121.621369255000104, 13.90581129300017 ], [ 121.623503722, 13.904345503 ], [ 121.622548160000065, 13.902926504000106 ], [ 121.62341454500006, 13.902322958000127 ], [ 121.623279711000237, 13.902168988000142 ], [ 121.62168164600007, 13.90321543400006 ], [ 121.620981483000151, 13.902412282000057 ], [ 121.619640655000239, 13.903522708000082 ], [ 121.620752758000322, 13.904983932 ], [ 121.619778823000161, 13.905533811000112 ], [ 121.619297446000019, 13.905154615000185 ], [ 121.62001599600012, 13.904580276 ], [ 121.618787951000058, 13.904295568000066 ], [ 121.618050095000058, 13.903635934000022 ], [ 121.617025237, 13.902351989000124 ], [ 121.616181744000301, 13.900310894000086 ], [ 121.615623950000213, 13.895378482000183 ], [ 121.615886758000102, 13.894726423000122 ], [ 121.616989338000167, 13.893863390000035 ], [ 121.61773246100006, 13.892468864000136 ], [ 121.617817954000202, 13.891245479000077 ], [ 121.618167930000027, 13.891084056000125 ], [ 121.618448221000335, 13.890701264000086 ], [ 121.618186918000106, 13.890315406000127 ], [ 121.618324700000016, 13.890751997000109 ], [ 121.617804471000227, 13.891200925000078 ], [ 121.617705366000109, 13.891584226000134 ], [ 121.616138371000034, 13.891523042000188 ], [ 121.615536934000033, 13.891881739000098 ], [ 121.61504514700016, 13.892775132000054 ], [ 121.613623611000094, 13.89277595600015 ], [ 121.613609781000036, 13.893090902999973 ], [ 121.612344409000116, 13.894032493000111 ], [ 121.612295655000025, 13.894515808 ], [ 121.607530192000013, 13.896462574000168 ], [ 121.605229649000194, 13.897880814000075 ], [ 121.604344724000043, 13.898961609000082 ], [ 121.603094518000148, 13.898943760000122 ], [ 121.602991074000101, 13.898530462 ], [ 121.602535404000037, 13.899003582999967 ], [ 121.601844737000079, 13.898654374000159 ], [ 121.602365089000159, 13.897451238000087 ], [ 121.603206005000061, 13.897152379000147 ], [ 121.603054790000101, 13.89660154000012 ], [ 121.603530842000055, 13.895911773000137 ], [ 121.603251153000087, 13.895132519000128 ], [ 121.595954190000043, 13.893771449000155 ], [ 121.588031689000104, 13.891575083000134 ], [ 121.585445888000095, 13.890486105000093 ], [ 121.584563650000064, 13.890530892000186 ], [ 121.584307307000131, 13.889986482000097 ], [ 121.578183358000274, 13.887255024000012 ], [ 121.572100032000208, 13.884008760000029 ], [ 121.571309805000055, 13.883013360000064 ], [ 121.575559964000149, 13.875405691000083 ], [ 121.574511132000225, 13.873498580000103 ], [ 121.575415938000106, 13.875455689000091 ], [ 121.571308092000208, 13.882796012000028 ], [ 121.57055168900024, 13.882690776 ], [ 121.568323256000326, 13.881875337000167 ], [ 121.560947593000151, 13.877369335000026 ], [ 121.559308363000241, 13.876099035000038 ], [ 121.558249227000033, 13.874604372000135 ], [ 121.557665930000326, 13.874214373000086 ], [ 121.556396486000267, 13.874069404000068 ], [ 121.55649126600008, 13.873620660000086 ], [ 121.556880043000092, 13.873724470000127 ], [ 121.554997889000106, 13.872421564000149 ], [ 121.553953017000026, 13.87206975600003 ], [ 121.55449357100008, 13.872116667000057 ], [ 121.55395390000001, 13.871953167000015 ], [ 121.554118405000168, 13.871572593000167 ], [ 121.553921633000073, 13.871936233000042 ], [ 121.552393501000097, 13.87162483700007 ], [ 121.548892803000172, 13.870392039000023 ], [ 121.548337268000296, 13.870492522000063 ], [ 121.546108461000017, 13.869692690000136 ], [ 121.544221618000165, 13.869442071000094 ], [ 121.533649765000177, 13.865889503000176 ], [ 121.531496268000069, 13.864746763000085 ], [ 121.531658073000017, 13.865232048 ], [ 121.531291450000026, 13.865168267000172 ], [ 121.525448719000224, 13.861708793000105 ], [ 121.52252764900004, 13.860447392000083 ], [ 121.521919954000168, 13.859112382000092 ], [ 121.521794405000151, 13.859322592000126 ], [ 121.52007701000025, 13.858852317000185 ], [ 121.520276449000107, 13.859462320000091 ], [ 121.516443104000132, 13.859029811000141 ], [ 121.516073830000096, 13.859084568000128 ], [ 121.516350902000113, 13.859355958000037 ], [ 121.5143700670003, 13.859132562000184 ], [ 121.510326588000112, 13.857776496000099 ], [ 121.509636558000238, 13.857804737000038 ], [ 121.504164452000055, 13.855522246000078 ], [ 121.504285732000199, 13.8557508990001 ], [ 121.503683553000201, 13.855244672000026 ], [ 121.5023249300001, 13.855029823000109 ], [ 121.501023421000014, 13.853756715000088 ], [ 121.500547021000216, 13.854792402000101 ], [ 121.499551620000034, 13.854731916000048 ], [ 121.496495414000037, 13.853481067000018 ], [ 121.495301056000017, 13.852587669000172 ], [ 121.494758104000084, 13.852680779000082 ], [ 121.494286424000052, 13.852045487999987 ], [ 121.493660910000017, 13.851912796000022 ], [ 121.493944916000032, 13.851845089000051 ], [ 121.493810639000117, 13.851535797 ], [ 121.493772242000205, 13.851786462000064 ], [ 121.493094846000076, 13.851251912000066 ], [ 121.492480527000112, 13.851233219000051 ], [ 121.490144638000061, 13.849755010000024 ], [ 121.489453856000068, 13.849624492000032 ], [ 121.486940001000221, 13.848062236000089 ], [ 121.484916640000051, 13.846162080000113 ], [ 121.481816348000052, 13.844660547000103 ], [ 121.478639248000036, 13.842183612000099 ], [ 121.477808225000103, 13.841938854000091 ], [ 121.475629806000256, 13.839915551000104 ], [ 121.474481125000011, 13.8393830710001 ], [ 121.471130301000017, 13.835628171999986 ], [ 121.470868805000237, 13.835630069000047 ], [ 121.471146299000111, 13.836243572000114 ], [ 121.470874912000113, 13.836426412000151 ], [ 121.468492760000231, 13.833888615000035 ], [ 121.466334611000093, 13.830262462000121 ], [ 121.466047345000106, 13.829252919000169 ], [ 121.465560918000051, 13.828824373000089 ], [ 121.464905726000097, 13.826930395000034 ], [ 121.464096921000191, 13.826584548000085 ], [ 121.464271933000077, 13.825854092000043 ], [ 121.462353251000195, 13.823201932000188 ], [ 121.460746177000033, 13.817077942000083 ], [ 121.460265888000208, 13.816422350000039 ], [ 121.458919223000066, 13.817825757999969 ], [ 121.457328088000168, 13.818646355000112 ], [ 121.456825674000129, 13.818707783000036 ], [ 121.456656413000246, 13.818242209000061 ], [ 121.452595063000103, 13.81878655700018 ], [ 121.450641505000135, 13.820044984000106 ], [ 121.450102180000044, 13.820991800000115 ], [ 121.45009019500003, 13.821878691000052 ], [ 121.450353865000011, 13.822777567000173 ], [ 121.451432516000295, 13.82364048800008 ], [ 121.452007797000078, 13.824743110000156 ], [ 121.452295437000203, 13.826528877000044 ], [ 121.452103677000196, 13.827799288000051 ], [ 121.450066225000114, 13.830220261000079 ], [ 121.448040757000058, 13.83096333200001 ], [ 121.446422780000034, 13.830459961000031 ], [ 121.444123902000115, 13.825408219000053 ], [ 121.442957102000037, 13.824241419000145 ], [ 121.44214250500022, 13.824563129000126 ], [ 121.441634604000342, 13.825317223000127 ], [ 121.441448152000021, 13.82856348200005 ], [ 121.440736744000105, 13.829096767000067 ], [ 121.437707226000157, 13.828080608999983 ], [ 121.43642077100003, 13.828306719000068 ], [ 121.433784695000213, 13.830104659000142 ], [ 121.431491540000252, 13.833025828000132 ], [ 121.429618436000169, 13.834167226000091 ], [ 121.427512144000161, 13.834717508000153 ], [ 121.426286671000071, 13.833317799000042 ], [ 121.425598146000084, 13.831791468000176 ], [ 121.424467820000018, 13.832319261000066 ], [ 121.423953687000335, 13.834236682000153 ], [ 121.424154534000195, 13.835026845000073 ], [ 121.424877325000011, 13.83565052299997 ], [ 121.426445500000227, 13.836393510000107 ], [ 121.427464750000013, 13.836188109000034 ], [ 121.429013437000094, 13.835302463000119 ], [ 121.429873300000168, 13.83528833500003 ], [ 121.4306124310001, 13.836064172000022 ], [ 121.430366902000287, 13.836939350000137 ], [ 121.429149497000026, 13.837791480000135 ], [ 121.428151796000179, 13.837661438 ], [ 121.424754635000227, 13.839126667000187 ], [ 121.42080722500009, 13.840174420000096 ], [ 121.418320879000021, 13.842060957000172 ], [ 121.418114589000197, 13.843135723000103 ], [ 121.417485137000199, 13.843874379999988 ], [ 121.416116375000115, 13.843676306000134 ], [ 121.413963186000046, 13.842322037000088 ], [ 121.412494460000175, 13.842026618000034 ], [ 121.411896091000131, 13.84257941400017 ], [ 121.411001414000111, 13.845621048999988 ], [ 121.410385445000202, 13.846072469000035 ], [ 121.410070669000106, 13.845939941000097 ], [ 121.409500341000125, 13.845228642000166 ], [ 121.408894034000014, 13.843356831000051 ], [ 121.40881701, 13.842374892000123 ], [ 121.409463944000095, 13.840060569 ], [ 121.408568860000059, 13.839298089000181 ], [ 121.407408565000082, 13.839231787000188 ], [ 121.404484727000067, 13.840467847000127 ], [ 121.403098783000019, 13.841854064000188 ], [ 121.398434804000203, 13.843615126000032 ], [ 121.39808229800019, 13.844355388 ], [ 121.39811067200003, 13.845612200000062 ], [ 121.397116062, 13.8461170920001 ], [ 121.396051915000157, 13.845965931000137 ], [ 121.395315882000091, 13.845128349000106 ], [ 121.395734446, 13.843854072999989 ], [ 121.395530950000079, 13.843121780000104 ], [ 121.394162922000078, 13.843302228000084 ], [ 121.392318320000186, 13.845912751000185 ], [ 121.390270369000291, 13.844970550000085 ], [ 121.388943063000056, 13.845119828 ], [ 121.387678228000141, 13.844806436 ], [ 121.386869777000129, 13.845283983 ], [ 121.385930658, 13.846639165000056 ], [ 121.385117326000341, 13.846845521000091 ], [ 121.383564836000119, 13.848711901000115 ], [ 121.382247947000337, 13.849537216000101 ], [ 121.380250507000142, 13.849703748000024 ], [ 121.378921951000166, 13.850860930000067 ], [ 121.378346009000097, 13.852355187000114 ], [ 121.378424128000233, 13.853236446000153 ], [ 121.379493602000139, 13.855133517000127 ], [ 121.37956358200006, 13.856001212000081 ], [ 121.378935798000157, 13.856656329000032 ], [ 121.377797140000098, 13.856709225000145 ], [ 121.377133718000096, 13.857184959000051 ], [ 121.375902600000018, 13.859012633000134 ], [ 121.375044077000098, 13.859404078000068 ], [ 121.374206666000191, 13.861437496000121 ], [ 121.37467356600007, 13.864024843000038 ], [ 121.374576088000026, 13.866684871000075 ], [ 121.374283276000142, 13.866905087000134 ], [ 121.374194240000065, 13.866548942000065 ], [ 121.373407753000038, 13.866222476000075 ], [ 121.372829018000061, 13.866370870000083 ], [ 121.372547070000337, 13.86708316000005 ], [ 121.370870221000018, 13.867053481000028 ], [ 121.370469558000082, 13.867231553000181 ], [ 121.370202450000193, 13.868329667000069 ], [ 121.369519839000077, 13.868834205000098 ], [ 121.367472006000185, 13.869398101 ], [ 121.366537126000139, 13.869160671000088 ], [ 121.366091945000107, 13.868715490000113 ], [ 121.364667366000162, 13.86864129300011 ], [ 121.363242786000228, 13.86975424600007 ], [ 121.361921769000219, 13.869814126000051 ], [ 121.360304592000261, 13.869056796000109 ], [ 121.359056230000192, 13.867571004000126 ], [ 121.357869311000172, 13.866986466000071 ], [ 121.354872673000159, 13.867427596000141 ], [ 121.353579708000211, 13.867077735000066 ], [ 121.352743083000178, 13.866317167000034 ], [ 121.351821302000189, 13.864608751000048 ], [ 121.350676794000037, 13.864423610000074 ], [ 121.348067991000107, 13.862572201000148 ], [ 121.346940315000211, 13.862420722000138 ], [ 121.346149259000072, 13.862992976000044 ], [ 121.343489963000025, 13.863009807000083 ], [ 121.343119681000076, 13.862420722000138 ], [ 121.341992005000066, 13.863447412000141 ], [ 121.340813836000166, 13.86391868000004 ], [ 121.339467357000103, 13.865281990000085 ], [ 121.338255526000239, 13.865399807000131 ], [ 121.338373343000171, 13.864474103000077 ], [ 121.338036723000187, 13.864255300000025 ], [ 121.335899188000099, 13.866443328000059 ], [ 121.33473785000001, 13.866073046000167 ], [ 121.333711160000121, 13.866325511000184 ], [ 121.333559681000111, 13.867436356000155 ], [ 121.332903272000067, 13.868698680000136 ], [ 121.332145878000119, 13.869742202000168 ], [ 121.331451501000288, 13.870016755000051 ], [ 121.329351934000215, 13.869826356000033 ], [ 121.328224258000205, 13.868496709000055 ], [ 121.326524328000232, 13.868109596000068 ], [ 121.324975877000043, 13.867217553999978 ], [ 121.322872004000033, 13.868143258000032 ], [ 121.320902778000118, 13.868008610000061 ], [ 121.320094891000167, 13.86762149700013 ], [ 121.316885780000121, 13.86753753500011 ], [ 121.313246784000285, 13.868014525000092 ], [ 121.307951833000175, 13.86701969000012 ], [ 121.303933167000196, 13.869647279000048 ], [ 121.301413174000118, 13.871760668000036 ], [ 121.300355569000089, 13.8738954640001 ], [ 121.300516874000209, 13.87557799800004 ], [ 121.299337078000121, 13.875606512000047 ], [ 121.298755747000087, 13.875296469000091 ], [ 121.29597471000011, 13.875880126000141 ], [ 121.295762278000097, 13.874657574000082 ], [ 121.293779546000223, 13.873095913999975 ], [ 121.290687873000252, 13.872114263000071 ], [ 121.288607996000223, 13.872033761000125 ], [ 121.285149319000084, 13.872844941000096 ], [ 121.283965799000043, 13.872223887000075 ], [ 121.282723689000022, 13.872247323000067 ], [ 121.28264004100015, 13.873907956000039 ], [ 121.282233093000059, 13.873732524000104 ], [ 121.278997339000057, 13.875584311000125 ], [ 121.277886266000223, 13.875788982000074 ], [ 121.275605644000166, 13.875438117000101 ], [ 121.274055991000068, 13.875915683000187 ], [ 121.27381233500023, 13.876880562000167 ], [ 121.272584308000091, 13.877903918000072 ], [ 121.271609683000065, 13.878059858000029 ], [ 121.271468888000186, 13.881436899000107 ], [ 121.272085225000069, 13.88757126500019 ], [ 121.273091753000244, 13.890144918000033 ], [ 121.272613239000066, 13.891021864000095 ], [ 121.271366347000139, 13.890917795000121 ], [ 121.269603943000106, 13.891369553 ], [ 121.268288950000169, 13.891083215000151 ], [ 121.268257051000091, 13.89143817300004 ], [ 121.268926963000126, 13.891824515 ], [ 121.268830847000118, 13.892223925 ], [ 121.266627020000101, 13.891577256000062 ], [ 121.264840973000105, 13.890201529000024 ], [ 121.263931685000102, 13.89006744400001 ], [ 121.262803772000211, 13.890411925000024 ], [ 121.261939375000111, 13.892226472000118 ], [ 121.262111315000197, 13.892898051000032 ], [ 121.261587414000019, 13.893692233000024 ], [ 121.260476173000029, 13.892525773000102 ], [ 121.258723370000098, 13.893502923000142 ], [ 121.257976490000033, 13.895589718000053 ], [ 121.257250772000248, 13.895629322000161 ], [ 121.25586187600004, 13.894725877000099 ], [ 121.255378349000125, 13.894792390000191 ], [ 121.255196640000122, 13.896254214000123 ], [ 121.252960149000046, 13.896176008000054 ], [ 121.251752626000098, 13.897312241 ], [ 121.250730567000119, 13.897578987000088 ], [ 121.250661231000095, 13.898620310000183 ], [ 121.250066791000108, 13.89944485500007 ], [ 121.249146369000186, 13.899770838000165 ], [ 121.247689032000153, 13.899157223000088 ], [ 121.24671108300015, 13.899425680000036 ], [ 121.244851061000077, 13.901208999000062 ], [ 121.242837636000218, 13.902417054000068 ], [ 121.241514528000152, 13.904046970000081 ], [ 121.24155287900021, 13.904372953000177 ], [ 121.240421526000091, 13.905063269999971 ], [ 121.239865437000049, 13.907057519999967 ], [ 121.24013389400011, 13.907498556000064 ], [ 121.239827086000105, 13.90826557500003 ], [ 121.240162413000235, 13.909631922000187 ], [ 121.240014232000021, 13.910698823000075 ], [ 121.239021716000138, 13.911084370000083 ], [ 121.239040892000048, 13.912465005 ], [ 121.238331399000117, 13.913673060000065 ], [ 121.238120469000023, 13.915686485000094 ], [ 121.237391801000172, 13.916645259000063 ], [ 121.237621906000072, 13.919349001000114 ], [ 121.23846562700021, 13.921151496000107 ], [ 121.236960571000168, 13.930894544000125 ], [ 121.237240367000027, 13.93425210700002 ], [ 121.239758540000139, 13.940407639000057 ], [ 121.242136813000229, 13.948381851000136 ], [ 121.244515087000309, 13.959154031000025 ], [ 121.246473665000053, 13.963490883000077 ], [ 121.24917411000024, 13.964426604000096 ], [ 121.255061100000262, 13.965033438000034 ], [ 121.257888304000062, 13.96563635800004 ], [ 121.260503672000141, 13.967705839000075 ], [ 121.261628036000047, 13.968235431000039 ], [ 121.264007125000035, 13.96793397100015 ], [ 121.266785444000107, 13.966646656000137 ], [ 121.268732711000212, 13.96652444200015 ], [ 121.271568064, 13.970141961000024 ], [ 121.27376790600033, 13.970467863000181 ], [ 121.275752856000054, 13.972843896000029 ], [ 121.278429330000222, 13.974127137000096 ], [ 121.280115876000082, 13.974218798000152 ], [ 121.281655766000199, 13.973760497000114 ], [ 121.28296446000013, 13.974082895000151 ], [ 121.284421670000029, 13.973587817000066 ], [ 121.286467369000093, 13.975017004000108 ], [ 121.286523416000023, 13.974129600000026 ], [ 121.287971285000026, 13.974204329000088 ], [ 121.290110395000056, 13.972933940000019 ], [ 121.291147256000158, 13.972877894000021 ], [ 121.2920066370001, 13.972354793000022 ], [ 121.296509043000015, 13.971887738000191 ], [ 121.298823007000124, 13.969932856000071 ], [ 121.299700016000088, 13.971529747000147 ], [ 121.299716021000108, 13.972365693000029 ], [ 121.300807025000154, 13.973011645000156 ], [ 121.301356023000267, 13.972727660000032 ], [ 121.305094036000014, 13.975159481000048 ], [ 121.306399046000024, 13.976963357000102 ], [ 121.30716204600003, 13.977012350000166 ], [ 121.310099058000105, 13.979281186000151 ], [ 121.311855071000195, 13.981500032000042 ], [ 121.318006081000021, 13.983665856000187 ], [ 121.320129034000047, 13.983349755000063 ], [ 121.320794041000113, 13.982637248000174 ], [ 121.322307957000135, 13.982962256000064 ], [ 121.322836561000031, 13.983159753000166 ], [ 121.323506794000082, 13.98420911200003 ], [ 121.324573311000108, 13.984422416000086 ], [ 121.325607834000039, 13.985424943000169 ], [ 121.327186280000092, 13.985179643000095 ], [ 121.329351311000096, 13.985808889000111 ], [ 121.331639004000067, 13.991656224000167 ], [ 121.333766903000196, 13.992969482000092 ], [ 121.334315945000185, 13.9944335940001 ], [ 121.336260468000205, 13.995668938000165 ], [ 121.336809510000194, 13.997476200000108 ], [ 121.337381429000175, 13.997979489000102 ], [ 121.338342252000302, 13.998093873000187 ], [ 121.338776910000206, 13.998894559000178 ], [ 121.339486089000047, 13.99935209299997 ], [ 121.339897871000176, 14.000450177000062 ], [ 121.339600473000019, 14.002257440000108 ], [ 121.339096310000173, 14.003020073000073 ], [ 121.339908981, 14.003260865000129 ], [ 121.341812739000147, 14.004690563999986 ], [ 121.343099469000208, 14.004961455000114 ], [ 121.344468971000197, 14.00575907700005 ], [ 121.346079265000185, 14.005886997000175 ], [ 121.347426192000171, 14.00718877700001 ], [ 121.347866219000025, 14.008847055000103 ], [ 121.349621226000068, 14.010037967000073 ], [ 121.350809237000021, 14.012048831000186 ], [ 121.35255024200012, 14.012909765000188 ], [ 121.354221243000097, 14.013219735000064 ], [ 121.359370687000023, 14.017211035000059 ], [ 121.364875271000187, 14.018727317000128 ], [ 121.369322283000088, 14.021094138000137 ], [ 121.371335291000037, 14.022642026000085 ], [ 121.37464129600005, 14.023713937000082 ], [ 121.376110465000011, 14.023118565 ], [ 121.380260011000018, 14.024155951000068 ], [ 121.384529256000178, 14.027986302000159 ], [ 121.386883326000088, 14.028704492000088 ], [ 121.389915686000222, 14.030420170000127 ], [ 121.390340337000225, 14.031786324000166 ], [ 121.391561340000067, 14.032468273000177 ], [ 121.392748550000078, 14.03369192800011 ], [ 121.398773372000164, 14.034330320000151 ], [ 121.402124929000024, 14.03544750500015 ], [ 121.402962818000219, 14.036405093000155 ], [ 121.404700359000344, 14.036755919000029 ], [ 121.405107358, 14.036651706000043 ], [ 121.405072353000037, 14.035881973000187 ], [ 121.40637835300015, 14.03597395900016 ], [ 121.407585360000098, 14.037137877000191 ], [ 121.407848359000013, 14.036995885000181 ], [ 121.409370364000097, 14.038045808000106 ], [ 121.410047369000267, 14.038852752000082 ], [ 121.411241371000301, 14.039354712000033 ], [ 121.412281370000073, 14.039267712000139 ], [ 121.413758380000104, 14.041080586000021 ], [ 121.41675439200003, 14.043179433000034 ], [ 121.417777393000051, 14.043418412000165 ], [ 121.420374400000014, 14.044850303999965 ], [ 121.420793405000154, 14.045783240999981 ], [ 121.421378405000041, 14.045718242000021 ], [ 121.423235411000064, 14.046971150000161 ], [ 121.423599416000116, 14.047772096000131 ], [ 121.424435416000165, 14.047909082000103 ], [ 121.424716414000159, 14.04762209900008 ], [ 121.424955422000039, 14.048907015000168 ], [ 121.424554426000213, 14.049506979000057 ], [ 121.426749441000197, 14.052048802000172 ], [ 121.426268455000013, 14.054322658 ], [ 121.430903508000142, 14.063428043000101 ], [ 121.435113509000189, 14.063929985000073 ], [ 121.441945493000048, 14.062047067000094 ], [ 121.44859950600005, 14.064706856000157 ], [ 121.458608502000061, 14.064997778000077 ], [ 121.471801489000313, 14.064274747000184 ], [ 121.478594488000113, 14.064792674000159 ], [ 121.483175334000066, 14.06866172399998 ], [ 121.487377783000056, 14.068562180000129 ], [ 121.486227518000305, 14.07038226800006 ], [ 121.492088532000139, 14.073258048000184 ], [ 121.495465560000298, 14.078018720000046 ], [ 121.500174592, 14.083758322000165 ], [ 121.504993632000151, 14.090666848000126 ], [ 121.507801660000155, 14.095498520000035 ], [ 121.508901686000058, 14.099722241 ], [ 121.511596505000171, 14.101403309000034 ], [ 121.513067161000322, 14.103854402000024 ], [ 121.515151742000057, 14.10949857300011 ], [ 121.516191468000102, 14.115095893000159 ], [ 121.515795027000081, 14.115427609000051 ], [ 121.516385848000027, 14.11811353600018 ], [ 121.516373519000012, 14.119654570000137 ], [ 121.517594018000182, 14.123636603000023 ], [ 121.516866650000225, 14.123932481000168 ], [ 121.517396766000047, 14.124228360000018 ], [ 121.517211842000165, 14.124943400000063 ], [ 121.517766614000038, 14.125744738000094 ], [ 121.517236498000102, 14.126422793000131 ], [ 121.517606347000196, 14.127125505000038 ], [ 121.51737211000011, 14.127470696000103 ], [ 121.515868060000344, 14.128346004000036 ], [ 121.515817292000065, 14.131356311000161 ], [ 121.516393563000065, 14.131733631000088 ], [ 121.516825874, 14.133298132000164 ], [ 121.516400346000182, 14.134434992000081 ], [ 121.516857630000118, 14.134892276000073 ], [ 121.517200594000087, 14.134797009000067 ], [ 121.51725775400007, 14.135394019000103 ], [ 121.51703546300007, 14.136473718000161 ], [ 121.516521018000049, 14.136600742000041 ], [ 121.516616286000044, 14.13713424000008 ], [ 121.515479426000184, 14.137953542000048 ], [ 121.516260620000139, 14.138512445000174 ], [ 121.516279673000213, 14.139604846000054 ], [ 121.514526750000073, 14.140640088000112 ], [ 121.514742690000162, 14.141891269000155 ], [ 121.513650288, 14.141662626000141 ], [ 121.513269218000119, 14.142615302000081 ], [ 121.513139678000016, 14.143128233000027 ], [ 121.513784689000204, 14.144286621000106 ], [ 121.512955389000126, 14.145010614000057 ], [ 121.513982142000259, 14.146195330000012 ], [ 121.513600400000087, 14.146879831999968 ], [ 121.513889997000206, 14.147393209000086 ], [ 121.513192332000131, 14.14861741500016 ], [ 121.513389784000083, 14.149315080000065 ], [ 121.514653481000096, 14.149341407000179 ], [ 121.516706988000124, 14.148630578000052 ], [ 121.517312509000021, 14.148262000000159 ], [ 121.517918030000146, 14.147235247000026 ], [ 121.518484061000208, 14.147301064000033 ], [ 121.519168563000107, 14.148262000000159 ], [ 121.519721430000118, 14.148459453000044 ], [ 121.521791970000208, 14.146058593000191 ], [ 121.523597223000138, 14.146371749000139 ], [ 121.52570335200005, 14.145438421 ], [ 121.526814664000085, 14.14797483000018 ], [ 121.528620308000313, 14.149675799000136 ], [ 121.529669744000103, 14.152184229000056 ], [ 121.529004325000074, 14.153410000000122 ], [ 121.528969303000167, 14.155091058000096 ], [ 121.531472701000325, 14.158913367000082 ], [ 121.533121332000064, 14.159175054000173 ], [ 121.534115745, 14.157997460000047 ], [ 121.533618538000155, 14.157578760000092 ], [ 121.535337260000119, 14.157077595999965 ], [ 121.535326355000166, 14.158777058000112 ], [ 121.534862206000071, 14.159863845000018 ], [ 121.535247110000114, 14.1608713870001 ], [ 121.534364095000115, 14.163282697000113 ], [ 121.533062215000086, 14.163848732000133 ], [ 121.531386751000014, 14.163226093000048 ], [ 121.530401850000089, 14.163316659000088 ], [ 121.529190535000112, 14.163656280000055 ], [ 121.528318841000328, 14.164312880000182 ], [ 121.527639599000054, 14.165037405000021 ], [ 121.52726601600034, 14.166339286000152 ], [ 121.52573879900001, 14.168627466000146 ], [ 121.525422043000276, 14.170365300000014 ], [ 121.52657111800022, 14.170757119000029 ], [ 121.526880064000011, 14.171220538999989 ], [ 121.52778754000019, 14.17095731600017 ], [ 121.529739937000159, 14.171829622000018 ], [ 121.53058623000004, 14.171484532000079 ], [ 121.531038135000131, 14.173053872000082 ], [ 121.532073406000222, 14.173382530000083 ], [ 121.532081623000067, 14.173702971000068 ], [ 121.532771804000049, 14.174031629000069 ], [ 121.533355171000153, 14.173686538000027 ], [ 121.534119300000043, 14.173974114000032 ], [ 121.534743750000189, 14.174943654000117 ], [ 121.535540745000162, 14.174672511000153 ], [ 121.536567800000284, 14.175132632000157 ], [ 121.538490447000072, 14.174779325000145 ], [ 121.539065598000207, 14.174179525000056 ], [ 121.539509286000111, 14.174894355000049 ], [ 121.542056383000158, 14.174598563000075 ], [ 121.542713698000057, 14.174992952000139 ], [ 121.543716104000055, 14.174902572000121 ], [ 121.544176225000228, 14.173908382000093 ], [ 121.543308130000014, 14.172656011000129 ], [ 121.545560343000147, 14.171799675000159 ], [ 121.546396880000202, 14.171982822000132 ], [ 121.548010554000257, 14.171740276000094 ], [ 121.548391697000056, 14.171403681000072 ], [ 121.548743142000149, 14.17053744500015 ], [ 121.548050153000077, 14.169770207000113 ], [ 121.54813925100018, 14.169304915000112 ], [ 121.549500479000017, 14.169106918000182 ], [ 121.551133468000216, 14.167598432999966 ], [ 121.551332336000087, 14.167220584000063 ], [ 121.551053921000062, 14.166445 ], [ 121.55139199600012, 14.165311453000129 ], [ 121.552127807000147, 14.165052925000055 ], [ 121.552426108000077, 14.165391 ], [ 121.553082372000176, 14.164834171000052 ], [ 121.554772748000232, 14.164635303000125 ], [ 121.55485229500016, 14.163302889000022 ], [ 121.555210257000113, 14.162746059000142 ], [ 121.55632391600011, 14.162308550000091 ], [ 121.556880746000047, 14.162169343000187 ], [ 121.557437576000098, 14.16296481400019 ], [ 121.558471688000054, 14.163163682000118 ], [ 121.559207499000081, 14.162944927000069 ], [ 121.559147838000058, 14.162209116000042 ], [ 121.559625121000181, 14.161890928000162 ], [ 121.561056969000106, 14.161791494000113 ], [ 121.561335384000017, 14.161115344000109 ], [ 121.56272745800004, 14.16087670200011 ], [ 121.563562703000343, 14.16131421100016 ], [ 121.56405987200003, 14.161234664000062 ], [ 121.56491500300001, 14.159603949000029 ], [ 121.56612809700016, 14.159862477000104 ], [ 121.566963341000019, 14.161612513000136 ], [ 121.567818473000216, 14.162129569000115 ], [ 121.570165112000154, 14.160757382000156 ], [ 121.570483301000081, 14.160359646000131 ], [ 121.570423640000058, 14.158888025000124 ], [ 121.57088103600006, 14.15839085500005 ], [ 121.573963487000128, 14.159862477000104 ], [ 121.575812957000039, 14.159325534000175 ], [ 121.57631012600018, 14.160140892000129 ], [ 121.576946503000045, 14.16045908000018 ], [ 121.578994841000053, 14.160498854000082 ], [ 121.580068727000025, 14.160956249000037 ], [ 121.579670991000171, 14.162388097000189 ], [ 121.580227821000108, 14.163203455000144 ], [ 121.581222160000038, 14.163004587000046 ], [ 121.581746932000101, 14.161594075000039 ], [ 121.582550476000165, 14.161042624000117 ], [ 121.585457415000064, 14.161050500999977 ], [ 121.587348107000025, 14.16201160300011 ], [ 121.588159530000098, 14.161657097999978 ], [ 121.588293454000109, 14.160286347000181 ], [ 121.588616447000163, 14.15995547600005 ], [ 121.590664697000307, 14.160782653000012 ], [ 121.590653410000186, 14.167147933000024 ], [ 121.59393706600008, 14.171252503000176 ], [ 121.596435417000293, 14.172475636 ], [ 121.599204597000266, 14.177682996000101 ], [ 121.599546645000146, 14.180008919000102 ], [ 121.60379966000005, 14.183212461000153 ], [ 121.608771742000044, 14.189993190000109 ], [ 121.603192139000157, 14.190359065999985 ], [ 121.589951252000333, 14.19915935 ], [ 121.599114300000338, 14.214927668000144 ], [ 121.60301355200022, 14.215158252000037 ], [ 121.606351373000052, 14.219345700000133 ], [ 121.6111456980002, 14.222744209000041 ], [ 121.612723577000111, 14.226749595000115 ], [ 121.615272458000049, 14.229905353000106 ], [ 121.617942715000254, 14.234942428000068 ], [ 121.617898546000106, 14.249101967000058 ], [ 121.630964612000071, 14.260948127000177 ], [ 121.634120664000079, 14.267710321000152 ], [ 121.633366697000156, 14.272981986000104 ], [ 121.63462576500001, 14.283964272 ], [ 121.634518802000116, 14.289790898000035 ], [ 121.608259577000013, 14.29685296200006 ], [ 121.596254484000156, 14.327530190000118 ], [ 121.57002646300009, 14.398442990000149 ], [ 121.533778545000018, 14.453933186000086 ], [ 121.527977949000046, 14.461744857000099 ], [ 121.524098790000153, 14.46916730300012 ], [ 121.524842169000067, 14.470279094000034 ], [ 121.525467734000017, 14.470524622000084 ], [ 121.525636835000114, 14.471091544999979 ], [ 121.52623710100022, 14.471450315000027 ], [ 121.526166752000336, 14.472255198000084 ], [ 121.526955341000303, 14.472825453000098 ], [ 121.526986440000087, 14.473403382000072 ], [ 121.527947152000024, 14.473264620000123 ], [ 121.527566730000217, 14.474106745000086 ], [ 121.527739893000216, 14.474406853000062 ], [ 121.529397142000107, 14.474941182000123 ], [ 121.531517391000079, 14.474358755000139 ], [ 121.532493051000074, 14.474566307000089 ], [ 121.532388027000025, 14.475539703000152 ], [ 121.533481048000112, 14.47618553600006 ], [ 121.532816449000165, 14.478798380000057 ], [ 121.533592622000015, 14.480666494000047 ], [ 121.536391524000123, 14.47978058700005 ], [ 121.537112668000077, 14.479759324000156 ], [ 121.538414320000129, 14.480419618999974 ], [ 121.538604242000019, 14.48239589200017 ], [ 121.539728761000106, 14.482702805000088 ], [ 121.540120732000105, 14.48392139200007 ], [ 121.542217794000067, 14.484217028000046 ], [ 121.542237387000341, 14.486601037000014 ], [ 121.542895608000208, 14.487206201 ], [ 121.544646256000078, 14.487830772000052 ], [ 121.54437078300009, 14.489368226000124 ], [ 121.548903863000191, 14.491098865000026 ], [ 121.550474434000193, 14.492387305000079 ], [ 121.534630265000146, 14.509421780000025 ], [ 121.531655910000154, 14.518426139000155 ], [ 121.529563973000108, 14.53286397200003 ], [ 121.519101859000102, 14.53377995600016 ], [ 121.509341840000047, 14.533183663000102 ], [ 121.481158608000101, 14.535665168000037 ], [ 121.481636915000195, 14.537365815000101 ], [ 121.485038209000095, 14.53949162400005 ], [ 121.486267549000331, 14.540874504000101 ], [ 121.484422931000154, 14.543368237000095 ], [ 121.482382567000059, 14.544518945999982 ], [ 121.480817217000208, 14.547222733000183 ], [ 121.480674212000054, 14.556779521000067 ], [ 121.461618015000113, 14.58395527000016 ], [ 121.452005187000168, 14.595771359000025 ], [ 121.451050535000036, 14.595215478000171 ], [ 121.449053954000192, 14.595552739000084 ], [ 121.448667150000119, 14.596575716000075 ], [ 121.448949829000185, 14.597870974000102 ], [ 121.44838657400021, 14.598416774000157 ], [ 121.445322134000094, 14.598793670000077 ], [ 121.444020450000039, 14.601351178000129 ], [ 121.443986147000146, 14.602748851000058 ], [ 121.441152143000181, 14.604785113000105 ], [ 121.439535694000028, 14.603987708000147 ], [ 121.441737023000201, 14.622482465000189 ], [ 121.415797135000162, 14.627965106000033 ], [ 121.415159352000046, 14.629053810000073 ], [ 121.415330140000151, 14.629900489000022 ], [ 121.416432221000264, 14.630872120000049 ], [ 121.416274257000168, 14.632162233000088 ], [ 121.412442229000021, 14.632790595000074 ], [ 121.411515885000085, 14.633436231000189 ], [ 121.41071023800032, 14.636143292000099 ], [ 121.408075032000056, 14.637939024000161 ], [ 121.406365496000035, 14.638268880000112 ], [ 121.404866518000176, 14.639266049000071 ], [ 121.404461308, 14.641022264000185 ], [ 121.404749711000022, 14.644270507999977 ], [ 121.403054091000058, 14.645571817000132 ], [ 121.40303348700013, 14.645952265000176 ], [ 121.404212210000196, 14.646932894000031 ], [ 121.404222121000089, 14.647574570000188 ], [ 121.403900660000204, 14.648546712000154 ], [ 121.403342003000034, 14.648771741000189 ], [ 121.402817114000072, 14.649795466000057 ], [ 121.40361628800008, 14.650958913000181 ], [ 121.403535539000245, 14.652005088000124 ], [ 121.402697798000304, 14.653200957000024 ], [ 121.402845184000057, 14.656630550000045 ], [ 121.403609225000309, 14.657328729000142 ], [ 121.405251576000069, 14.657263267000076 ], [ 121.406096699000045, 14.657769814000119 ], [ 121.406219727000121, 14.659138693000159 ], [ 121.405117236000137, 14.659758989000125 ], [ 121.404202292000264, 14.660925983000084 ], [ 121.404886968000028, 14.661738347000153 ], [ 121.40612887400016, 14.662364281000066 ], [ 121.407720225000276, 14.664874927000142 ], [ 121.406382392000182, 14.666866992000053 ], [ 121.406758087000071, 14.66755528300007 ], [ 121.410028577000162, 14.666828045000102 ], [ 121.410820759000103, 14.667812216000073 ], [ 121.410864058000129, 14.668896700000118 ], [ 121.410348425000166, 14.672328489999984 ], [ 121.408089388, 14.676785648000191 ], [ 121.407199896000179, 14.677422374000116 ], [ 121.405890453000097, 14.677619514000071 ], [ 121.405027127000039, 14.678158624000105 ], [ 121.405317253000021, 14.679049072000055 ], [ 121.407298788000162, 14.680511166000088 ], [ 121.407351051000092, 14.684536561000186 ], [ 121.406773403000102, 14.685432501000037 ], [ 121.403424221000137, 14.685398781000117 ], [ 121.40285063000033, 14.686078448000103 ], [ 121.402879271000302, 14.6872280770001 ], [ 121.404806799000085, 14.690213882000137 ], [ 121.400170929000069, 14.69064836300015 ], [ 121.39836146000016, 14.691975308000053 ], [ 121.393898103000083, 14.691010257000073 ], [ 121.391726739000205, 14.69306098900006 ], [ 121.389917270000296, 14.693543514000112 ], [ 121.388349064000067, 14.694629196000051 ], [ 121.383161919000145, 14.695594246000155 ], [ 121.380628662000049, 14.695232352000062 ], [ 121.37652719800019, 14.699695709000139 ], [ 121.373458557000163, 14.701058392 ], [ 121.362717850000081, 14.708406480000122 ], [ 121.355124442000147, 14.721292240000139 ], [ 121.353875833000075, 14.722557836000021 ], [ 121.337436129000025, 14.727966391000166 ], [ 121.334276526000167, 14.731125843000086 ], [ 121.334174311000197, 14.73520325800007 ], [ 121.335397736000232, 14.737342772000147 ], [ 121.335907370000086, 14.73927919200014 ], [ 121.339067026000066, 14.742438594000078 ], [ 121.341797421000138, 14.747120400000028 ], [ 121.340455074000147, 14.750042663000158 ], [ 121.338502036000023, 14.756433253000068 ], [ 121.337781462000066, 14.761601208 ], [ 121.336926802000107, 14.763025848000098 ], [ 121.337436041000046, 14.764555217000122 ], [ 121.336213366000038, 14.766491032000147 ], [ 121.334378760000277, 14.768529387000115 ], [ 121.333869157000095, 14.770363897000038 ], [ 121.333971112000086, 14.774134826000022 ], [ 121.333563438000169, 14.776580837000154 ], [ 121.329180794000081, 14.784632316000113 ], [ 121.328978269000118, 14.788200564000135 ], [ 121.330710167000234, 14.789730174000056 ], [ 121.33174470400013, 14.793854650000071 ], [ 121.335500400000228, 14.800851961000035 ], [ 121.33499960100005, 14.814183425000124 ], [ 121.3336208730002, 14.815631016999987 ], [ 121.331989190000058, 14.819628624000075 ], [ 121.331500302000109, 14.828925229000049 ], [ 121.33035662500015, 14.834802543000137 ], [ 121.331010296000159, 14.835849267000071 ], [ 121.331062368000175, 14.837541317000102 ], [ 121.331587999000021, 14.838296374000151 ], [ 121.332855289000122, 14.8390632710001 ], [ 121.333159478000084, 14.840470452999966 ], [ 121.331668988000047, 14.847477970000057 ], [ 121.331830461000209, 14.848530398000094 ], [ 121.332588344000101, 14.849118179000129 ], [ 121.334530019000113, 14.84819506499997 ], [ 121.335550147000163, 14.848280439000121 ], [ 121.335938716000214, 14.86803008000004 ], [ 121.336945807, 14.879966409000076 ], [ 121.340112245000114, 14.886441354000169 ], [ 121.340310488000114, 14.922042306000094 ], [ 121.338205018000167, 14.947222596000188 ], [ 121.344768880000061, 14.980097627000077 ], [ 121.345544482000037, 14.988156494000123 ], [ 121.347856533000027, 14.996370968000122 ], [ 121.349001541, 14.997667214000103 ], [ 121.351903561000199, 14.999727525000139 ], [ 121.353383627000085, 15.001538499000048 ], [ 121.353038242000025, 15.005346555000187 ], [ 121.353657014000078, 15.007897333000187 ], [ 121.357105326000237, 15.011749193000071 ], [ 121.357084730000111, 15.016958019000072 ], [ 121.354804802000103, 15.021957028000088 ], [ 121.356330098000058, 15.027500396000107 ], [ 121.353234754000255, 15.029780817000017 ], [ 121.352071816000148, 15.031742732000112 ], [ 121.352881460000162, 15.034782517000167 ], [ 121.351370189000136, 15.035906006000118 ], [ 121.345650460000115, 15.035625591000098 ], [ 121.344414408000034, 15.036950705000152 ], [ 121.344769140000039, 15.040210904000162 ], [ 121.351254728000072, 15.042947064000032 ], [ 121.351685333000091, 15.046570484000029 ], [ 121.35449085200014, 15.050235264000037 ], [ 121.354540501000201, 15.054408307000074 ], [ 121.356409211000141, 15.058154071 ], [ 121.358903951000116, 15.061478987000157 ], [ 121.358331856000291, 15.06504698700013 ], [ 121.358579039, 15.066623157000151 ], [ 121.362389857000039, 15.068140967000147 ], [ 121.361316289000229, 15.073161476000166 ], [ 121.361688563000143, 15.07387748300016 ], [ 121.364066223, 15.073642599999971 ], [ 121.365569705000098, 15.07140603300013 ], [ 121.36776308900005, 15.070569596000098 ], [ 121.370023091, 15.070885084999986 ], [ 121.371656343000268, 15.073621169999967 ], [ 121.372459243000094, 15.075793657000077 ], [ 121.374594400000092, 15.077502142000128 ], [ 121.37647404400002, 15.080513529000143 ], [ 121.376535941000043, 15.083235552000019 ], [ 121.374834608000242, 15.084983070000021 ], [ 121.372148111000115, 15.084962215000189 ], [ 121.370499166000172, 15.08713595100005 ], [ 121.372444386000211, 15.091283462000149 ], [ 121.374004552000315, 15.095887405000155 ], [ 121.375415631000124, 15.096968281000045 ], [ 121.37854967200019, 15.097520616000168 ], [ 121.380368711000074, 15.097100836999971 ], [ 121.38337232400022, 15.097651264000149 ], [ 121.38544713400006, 15.099809418000177 ], [ 121.386504585000125, 15.099992604000079 ], [ 121.388648867000029, 15.098815137000088 ], [ 121.390005976000225, 15.098699292000163 ], [ 121.390359576000151, 15.101089647000151 ], [ 121.388891952000222, 15.103391136000084 ], [ 121.389085068000213, 15.104733028000055 ], [ 121.389960052000106, 15.105170508000015 ], [ 121.391388014000313, 15.105162853000024 ], [ 121.394510779000143, 15.104240887000117 ], [ 121.39541639100014, 15.104844096000022 ], [ 121.39460381500021, 15.105961485000023 ], [ 121.396309212, 15.108832834 ], [ 121.396647273000212, 15.110763430000077 ], [ 121.395225294000056, 15.112400169000011 ], [ 121.393454017000067, 15.11373035400004 ], [ 121.392893673000117, 15.114798861000054 ], [ 121.39312119900012, 15.116034319000164 ], [ 121.394386386000065, 15.117638996000153 ], [ 121.398313561, 15.119379488999982 ], [ 121.399831803000097, 15.120528184000079 ], [ 121.400191887, 15.121904250000114 ], [ 121.398744875000034, 15.124544332000028 ], [ 121.398812864000206, 15.126646649000179 ], [ 121.399734331000332, 15.129882379000037 ], [ 121.400837881000029, 15.131730604000097 ], [ 121.401401656000189, 15.134503355000106 ], [ 121.40129295900033, 15.138443451000114 ], [ 121.400552748000109, 15.140777744000104 ], [ 121.397916585000075, 15.144142346000137 ], [ 121.396577191000233, 15.145178117000114 ], [ 121.396608148000041, 15.146318106000024 ], [ 121.397048506000033, 15.147139913999979 ], [ 121.398009669000089, 15.147668705000115 ], [ 121.40067456700001, 15.148064543000032 ], [ 121.40195618000007, 15.150411689000066 ], [ 121.403418829000202, 15.151331872000071 ], [ 121.403890571000147, 15.152887101999966 ], [ 121.403681321000022, 15.153421932000185 ], [ 121.403210724000132, 15.153024235000032 ], [ 121.402278843000204, 15.15293177500007 ], [ 121.397645371000181, 15.159482887000138 ], [ 121.396181454000043, 15.162714643000186 ], [ 121.394948465000084, 15.163406540000153 ], [ 121.392500540000015, 15.163233985000147 ], [ 121.389748909000105, 15.162213709000127 ], [ 121.387906738000083, 15.160331061000136 ], [ 121.384668168000303, 15.155597582999974 ], [ 121.383232147000058, 15.157062940000174 ], [ 121.383449552000229, 15.159793415000081 ], [ 121.384148937000077, 15.160988647000181 ], [ 121.384519152000053, 15.162719722000134 ], [ 121.381299658000103, 15.16540321400015 ], [ 121.380540446000055, 15.166920961000017 ], [ 121.380467022000175, 15.168480773000113 ], [ 121.381827866000094, 15.169883302000073 ], [ 121.383879274000037, 15.170734266000181 ], [ 121.387167725000268, 15.170807438000168 ], [ 121.387883869, 15.171257436000133 ], [ 121.38843754100003, 15.172365885999966 ], [ 121.390716678000217, 15.17463060200015 ], [ 121.39226904800023, 15.175169433000065 ], [ 121.393275187000086, 15.174721257000101 ], [ 121.394019720000074, 15.173868783999978 ], [ 121.395424506000154, 15.170763480000119 ], [ 121.397940129000062, 15.169906702999981 ], [ 121.399285771000336, 15.170314486000052 ], [ 121.401844355000094, 15.172192895000137 ], [ 121.402958165000086, 15.175529056000073 ], [ 121.402750785000194, 15.177105877000031 ], [ 121.404593419000207, 15.179453304000049 ], [ 121.40809682500003, 15.182936998000116 ], [ 121.406887864000055, 15.187683648000132 ], [ 121.405029807000119, 15.190526885000111 ], [ 121.403497696000045, 15.194125910000082 ], [ 121.402226583000129, 15.195523378000075 ], [ 121.40161523200004, 15.20026005200009 ], [ 121.402323352000053, 15.203701252000087 ], [ 121.405016641000088, 15.207447151000167 ], [ 121.406704430000218, 15.210986126000137 ], [ 121.408349582000028, 15.212885503000166 ], [ 121.411057748000076, 15.214409501000148 ], [ 121.417120502000103, 15.216888696000183 ], [ 121.417997353000146, 15.215858321000098 ], [ 121.418950386, 15.215584204000095 ], [ 121.420024986000044, 15.214538533000166 ], [ 121.422413027000061, 15.210237053000071 ], [ 121.42339443000003, 15.209215322000148 ], [ 121.425174957000308, 15.208229778000145 ], [ 121.42558242500013, 15.208476102000077 ], [ 121.426270305000344, 15.208157843000151 ], [ 121.427395092000097, 15.208291507000183 ], [ 121.42799203300001, 15.207700718000069 ], [ 121.427382008000222, 15.207256526000094 ], [ 121.428664173000016, 15.207011501000181 ], [ 121.42918884200003, 15.209095233000085 ], [ 121.429675643000223, 15.20959937300006 ], [ 121.431386295000038, 15.209350469000071 ], [ 121.435045502000321, 15.210372121000034 ], [ 121.43635533800034, 15.210185412000158 ], [ 121.437693704000026, 15.209459939000055 ], [ 121.438437788000215, 15.207843563999973 ], [ 121.441049909000071, 15.205777874000148 ], [ 121.441980432000037, 15.205915828000172 ], [ 121.442851207000217, 15.204942478000135 ], [ 121.444275538000056, 15.20479713400016 ], [ 121.444698575000075, 15.203442643000074 ], [ 121.446165559000178, 15.202095460000123 ], [ 121.446444199000098, 15.199956459000134 ], [ 121.447365949000186, 15.199438247000046 ], [ 121.447144848000107, 15.196939648000182 ], [ 121.448038521000058, 15.196346930000175 ], [ 121.450478061000126, 15.197993260000146 ], [ 121.451798500000223, 15.198189690000049 ], [ 121.453305172000341, 15.200284562000036 ], [ 121.456316689000232, 15.202059109 ], [ 121.457231043000206, 15.201827464000132 ], [ 121.458691858000179, 15.202048378000086 ], [ 121.460373582000102, 15.201066231000141 ], [ 121.461220184000126, 15.201306718000012 ], [ 121.462755678, 15.201132824000013 ], [ 121.4625090830001, 15.200813865000043 ], [ 121.46281926000006, 15.200725557000169 ], [ 121.462654023000027, 15.200396789000138 ], [ 121.46312477000015, 15.198841573000095 ], [ 121.463577336000071, 15.198343547000093 ], [ 121.463634512000226, 15.197380584000086 ], [ 121.465031418000194, 15.19652132900012 ], [ 121.465044803000069, 15.195594030000052 ], [ 121.465520843000036, 15.19467104000006 ], [ 121.467081304000089, 15.193737882000107 ], [ 121.467010151000181, 15.193016647000036 ], [ 121.467681889000346, 15.19276337600013 ], [ 121.467543994000039, 15.192454272000134 ], [ 121.468111035000106, 15.191788792000125 ], [ 121.469365510000102, 15.192140854000172 ], [ 121.469503440000153, 15.19099890200016 ], [ 121.470406516000139, 15.190294847000075 ], [ 121.473014733000014, 15.189707322000061 ], [ 121.472733034000044, 15.189544217000162 ], [ 121.472989114000256, 15.189237758000104 ], [ 121.472768874000167, 15.188946139000052 ], [ 121.473240050000072, 15.188085144000127 ], [ 121.474402671000121, 15.18820373799997 ], [ 121.476953223000123, 15.186910681000029 ], [ 121.476369330000011, 15.186535053000057 ], [ 121.476241255000105, 15.185756383000069 ], [ 121.476297584000122, 15.185469698000077 ], [ 121.476985401000093, 15.185239653000167 ], [ 121.476288839000176, 15.18474046200015 ], [ 121.47650389100022, 15.183320366000089 ], [ 121.476749706000192, 15.182960381000044 ], [ 121.478010104000077, 15.182748208000135 ], [ 121.480298776000041, 15.181255957000076 ], [ 121.480927748000227, 15.180290884000044 ], [ 121.481056715000136, 15.178504859000157 ], [ 121.480707210000105, 15.17639860100013 ], [ 121.48091683500013, 15.175200057000097 ], [ 121.481583415000046, 15.174214229000086 ], [ 121.481131835000156, 15.174079343000074 ], [ 121.4812178090001, 15.172844478000172 ], [ 121.480889291000153, 15.171615979000023 ], [ 121.481621687000029, 15.168523600000015 ], [ 121.481452597000043, 15.166880485000092 ], [ 121.48188321900011, 15.166550294 ], [ 121.482087647000185, 15.161830551000037 ], [ 121.48329895000029, 15.159942668000042 ], [ 121.484701936000079, 15.158938646000138 ], [ 121.487164715000176, 15.157990109000082 ], [ 121.487188800000126, 15.156945188 ], [ 121.487671699000202, 15.156436298000187 ], [ 121.487298876000182, 15.154807527000173 ], [ 121.487723681000034, 15.15318318900006 ], [ 121.487806118000208, 15.148366532000068 ], [ 121.489054924000129, 15.146066844000018 ], [ 121.48921473200005, 15.143950269000129 ], [ 121.48986947800006, 15.142840451000154 ], [ 121.490260794000051, 15.140376728000149 ], [ 121.491116780000198, 15.138970826000161 ], [ 121.493749982000281, 15.137808791000054 ], [ 121.495034847000284, 15.136282644000119 ], [ 121.493867979000015, 15.132306666000147 ], [ 121.494033039000215, 15.13156117200009 ], [ 121.493341481000016, 15.130004833000044 ], [ 121.493726766, 15.129553412000064 ], [ 121.494615515000078, 15.129644829000085 ], [ 121.494194392000281, 15.129041913000094 ], [ 121.493790443000194, 15.129277429000069 ], [ 121.493849038, 15.128639609000061 ], [ 121.492958596000221, 15.127875277000044 ], [ 121.496093238000185, 15.120051344000103 ], [ 121.496126914000115, 15.118703578000122 ], [ 121.496489632000134, 15.11837857200004 ], [ 121.495921104000331, 15.116781964000097 ], [ 121.493834803000141, 15.115275763999989 ], [ 121.494377874000065, 15.113184705000094 ], [ 121.495507753000197, 15.111968852000132 ], [ 121.495359674000042, 15.111041961000069 ], [ 121.495804505000024, 15.110515924000026 ], [ 121.495380362000219, 15.110181600000033 ], [ 121.49539578700012, 15.108639232000144 ], [ 121.496010144000024, 15.107028084000092 ], [ 121.496285278000073, 15.106998256000111 ], [ 121.49608267300016, 15.106291352000028 ], [ 121.496461741000076, 15.106028934 ], [ 121.494855790000088, 15.104997547000039 ], [ 121.494525554, 15.103707074000113 ], [ 121.495532401000105, 15.10096726200004 ], [ 121.496137006000254, 15.10041475800017 ], [ 121.495795376000046, 15.099783677000119 ], [ 121.497181430000182, 15.09854963600003 ], [ 121.497529851000309, 15.098659506999979 ], [ 121.49790234000011, 15.098061643000108 ], [ 121.497708551000187, 15.096356721000063 ], [ 121.497918910000067, 15.095778436999979 ], [ 121.497062879000055, 15.094326850000073 ], [ 121.496709160000023, 15.092974357000173 ], [ 121.497263936000081, 15.091424287000166 ], [ 121.497679780000226, 15.091257760000133 ], [ 121.497430640000175, 15.090840976000095 ], [ 121.497591198, 15.090483508000034 ], [ 121.49930531300015, 15.089392515999975 ], [ 121.501021754000135, 15.08888965500006 ], [ 121.501786132, 15.08812143199998 ], [ 121.503380200000038, 15.087745827000106 ], [ 121.503095926000015, 15.08619035900017 ], [ 121.501350665000245, 15.085029847000101 ], [ 121.50064366700019, 15.083654083000113 ], [ 121.499249883000175, 15.082214122999972 ], [ 121.498513494000122, 15.079943126000103 ], [ 121.498224135000214, 15.077301756000054 ], [ 121.498871372000053, 15.075740187000065 ], [ 121.500283177000028, 15.075109886000064 ], [ 121.499490303000016, 15.074360264 ], [ 121.499728194000227, 15.072824396000158 ], [ 121.501422346000027, 15.070791295000049 ], [ 121.502881390000198, 15.069951876000118 ], [ 121.50419902200008, 15.068669374000081 ], [ 121.504090958000234, 15.067437461 ], [ 121.504515801000139, 15.065500440000051 ], [ 121.50581627300005, 15.06214049100015 ], [ 121.505519717000084, 15.060323741000104 ], [ 121.505660447000196, 15.059106029000077 ], [ 121.50686316000008, 15.058214614000121 ], [ 121.506342891000145, 15.057135474 ], [ 121.506074270000227, 15.055111064000016 ], [ 121.50694149200001, 15.053734481000106 ], [ 121.50773274300002, 15.053339225000059 ], [ 121.509217774000035, 15.051738744999966 ], [ 121.509591293000312, 15.049575552000135 ], [ 121.509900883000228, 15.049350407000077 ], [ 121.510250557000177, 15.049577127000191 ], [ 121.510459216000072, 15.049121862999982 ], [ 121.511693923000053, 15.049269285000094 ], [ 121.512146054000027, 15.04851832900016 ], [ 121.512623297000232, 15.048340414000108 ], [ 121.512531018000118, 15.047860682000191 ], [ 121.513169303000041, 15.047324711000158 ], [ 121.51275917800001, 15.047137809000162 ], [ 121.512816386000054, 15.046070157000088 ], [ 121.512311868000097, 15.045645248000028 ], [ 121.512741832000188, 15.044411119000131 ], [ 121.51379898100015, 15.0449283210001 ], [ 121.515150722000158, 15.043666374000054 ], [ 121.515361862000077, 15.042853133 ], [ 121.516146365000054, 15.042967217000012 ], [ 121.516352466000058, 15.04208485200013 ], [ 121.516081114000031, 15.042083221999974 ], [ 121.516094932000101, 15.041591032000099 ], [ 121.515697331000183, 15.04127318400009 ], [ 121.517647880000027, 15.038620439999988 ], [ 121.519434095000065, 15.03745273200019 ], [ 121.522700692000058, 15.03721376600015 ], [ 121.524586536000015, 15.035976701000038 ], [ 121.525264634000109, 15.036207533000095 ], [ 121.52537952800003, 15.036607305000132 ], [ 121.525978851000332, 15.035712882000155 ], [ 121.526918010000145, 15.035306150000054 ], [ 121.527093728000295, 15.035475517000123 ], [ 121.527483249000284, 15.035085707 ], [ 121.52708141100004, 15.034907740000108 ], [ 121.527072156000145, 15.034221685000091 ], [ 121.526300094000021, 15.033129175000113 ], [ 121.526358858000094, 15.031610337000075 ], [ 121.52671258300029, 15.030975143000092 ], [ 121.52840151700002, 15.029913817000022 ], [ 121.52845121200005, 15.028745874000094 ], [ 121.529003489000161, 15.027657939000051 ], [ 121.530093313000066, 15.026321801000165 ], [ 121.531917320000048, 15.026053398000101 ], [ 121.532325487000207, 15.025325910000106 ], [ 121.533861769000168, 15.025193634000175 ], [ 121.534452747000159, 15.025859439000101 ], [ 121.535036845000036, 15.025851204000048 ], [ 121.534847964000051, 15.024986746000138 ], [ 121.535808531000043, 15.024671289000025 ], [ 121.535362832000033, 15.023506251000072 ], [ 121.535957693000341, 15.021639411000024 ], [ 121.537822520000191, 15.020485180000151 ], [ 121.537524665000319, 15.01912006900011 ], [ 121.53667404600003, 15.018195815000183 ], [ 121.536386255000139, 15.01670278500012 ], [ 121.536817135000092, 15.016566244000103 ], [ 121.536882585000171, 15.015943111000126 ], [ 121.536603698000022, 15.016058551000071 ], [ 121.536824608000074, 15.015596450000146 ], [ 121.536123518000295, 15.015284473000179 ], [ 121.536317071000099, 15.014562859000137 ], [ 121.537139636, 15.013887103 ], [ 121.537740160000112, 15.013898030000121 ], [ 121.53863466700011, 15.012646233 ], [ 121.539294782000184, 15.012303216000134 ], [ 121.540632804000211, 15.013301227000056 ], [ 121.541521601000113, 15.012902362000148 ], [ 121.541640469000185, 15.0134692150001 ], [ 121.541543914000044, 15.012475275999975 ], [ 121.541783575000068, 15.01226384000006 ], [ 121.540906106000079, 15.011052188 ], [ 121.54313792500011, 15.010051085000043 ], [ 121.543910604000189, 15.010292059000108 ], [ 121.543702294000127, 15.009753964000083 ], [ 121.543087060000062, 15.009777359000168 ], [ 121.543142090000174, 15.0088536290001 ], [ 121.543704493000064, 15.008017821000067 ], [ 121.54328807800016, 15.00726006400015 ], [ 121.544431200000076, 15.006816254 ], [ 121.54446585200003, 15.006299316000025 ], [ 121.546723723000127, 15.004013966000116 ], [ 121.546455285000093, 15.001929332000145 ], [ 121.54674341000009, 15.001485076000165 ], [ 121.546544937000021, 15.0009144 ], [ 121.54683594800008, 15.000691546000041 ], [ 121.546585316000119, 14.99969794499998 ], [ 121.547347999000067, 14.997910220000108 ], [ 121.547027080000248, 14.997534597000026 ], [ 121.547355138000057, 14.996143139000026 ], [ 121.547104039000146, 14.996005503 ], [ 121.547136294000097, 14.995165966000116 ], [ 121.547430499000143, 14.994912351000153 ], [ 121.547643944000129, 14.993487180000102 ], [ 121.548349722000125, 14.992612503000089 ], [ 121.548125086000141, 14.991827871000055 ], [ 121.548462629000142, 14.990863452000099 ], [ 121.549446970000076, 14.989510753000161 ], [ 121.550495248000175, 14.989079673 ], [ 121.551306713000031, 14.987495864000152 ], [ 121.552783190000127, 14.985666643000059 ], [ 121.552807980000011, 14.984434491000059 ], [ 121.554235299000084, 14.982266262000167 ], [ 121.556438041000092, 14.979708086000073 ], [ 121.557284507000077, 14.978220095000154 ], [ 121.558705606000217, 14.977138506000074 ], [ 121.559024380000096, 14.975107015000162 ], [ 121.559785137000063, 14.973973002000037 ], [ 121.563306959000329, 14.969548259000135 ], [ 121.564778921000084, 14.968770579000079 ], [ 121.565132944000197, 14.968175696000117 ], [ 121.566052824000053, 14.967940803000147 ], [ 121.566319214000032, 14.966953558000114 ], [ 121.56678646000023, 14.96651923100012 ], [ 121.566609365000204, 14.965694408 ], [ 121.56643858800021, 14.965118857999983 ], [ 121.565090944000076, 14.963794837000137 ], [ 121.566105548000337, 14.962347302000182 ], [ 121.565833526, 14.960195467000062 ], [ 121.570932588000232, 14.952620202000048 ], [ 121.571425565000027, 14.951726124000118 ], [ 121.57141988, 14.950663051000049 ], [ 121.572967438000205, 14.947826298000052 ], [ 121.573264964000145, 14.942067383000051 ], [ 121.572776736000037, 14.940739454000038 ], [ 121.573015784000063, 14.939419188000045 ], [ 121.572586754000099, 14.937796962000164 ], [ 121.573107821, 14.935969722000095 ], [ 121.57246125000006, 14.932584493000093 ], [ 121.572980059000088, 14.930901112000129 ], [ 121.572649504000196, 14.928405905000034 ], [ 121.574123997000015, 14.925308954000172 ], [ 121.574946015000023, 14.922500569000078 ], [ 121.575153648000082, 14.919437150000022 ], [ 121.576246403000027, 14.916785187000073 ], [ 121.576687717000254, 14.913446154000098 ], [ 121.578242397000281, 14.909952099000066 ], [ 121.57901705300003, 14.908883267000135 ], [ 121.579200575000186, 14.906048070999987 ], [ 121.580073250000169, 14.904084401000091 ], [ 121.580189883000116, 14.898545684 ], [ 121.58117358100003, 14.894589093000093 ], [ 121.581660576000218, 14.890369400000111 ], [ 121.582604214000185, 14.888794742000016 ], [ 121.585453992000225, 14.885436851000122 ], [ 121.586228905000098, 14.88330006200016 ], [ 121.587291965000304, 14.881898817000092 ], [ 121.589130356000055, 14.877160388 ], [ 121.590470763000098, 14.875023700000156 ], [ 121.594180901000072, 14.8714260590001 ], [ 121.606237481000107, 14.861671949000026 ], [ 121.607308601000227, 14.860032064000166 ], [ 121.611205090000112, 14.856475700999965 ], [ 121.611641767000151, 14.855757702000176 ], [ 121.611665483000138, 14.854819495000072 ], [ 121.613608051000256, 14.852944953000076 ], [ 121.61273673900007, 14.852425858000174 ], [ 121.612350189000267, 14.851321945000052 ], [ 121.610657349, 14.851152979000119 ], [ 121.608316483000294, 14.850109570000029 ], [ 121.608180031000074, 14.849401458000045 ], [ 121.60680703100013, 14.847509440000181 ], [ 121.606488206000108, 14.844980345000067 ], [ 121.60604459700005, 14.844767984000043 ], [ 121.606144784000094, 14.844170336000104 ], [ 121.605544106000025, 14.843239452000034 ], [ 121.605466450000108, 14.842329620000044 ], [ 121.605911369000069, 14.84128344700008 ], [ 121.605189756000186, 14.840273230000093 ], [ 121.60485734700012, 14.838865693000059 ], [ 121.604300360000138, 14.838324284000123 ], [ 121.604300547000207, 14.836346633000176 ], [ 121.602465836000192, 14.835146504000079 ], [ 121.602072918000204, 14.834449496000161 ], [ 121.602317049000021, 14.833179469000129 ], [ 121.601492523000047, 14.829333064000139 ], [ 121.601873342000204, 14.828004122000152 ], [ 121.606809045000091, 14.820160600000065 ], [ 121.609688086, 14.817004913000176 ], [ 121.609904924000034, 14.81616263 ], [ 121.624437271000147, 14.800224497000158 ], [ 121.623788240000181, 14.797590846000105 ], [ 121.624067792000346, 14.795420119000028 ], [ 121.623583583000027, 14.794215517000168 ], [ 121.624166685000091, 14.792952607000132 ], [ 121.629223373000173, 14.789042246000122 ], [ 121.633645113000057, 14.786194267000155 ], [ 121.642645008000045, 14.781844848000048 ], [ 121.648324261000312, 14.780295726000134 ], [ 121.650597236000181, 14.780498936000072 ], [ 121.652133304000131, 14.781214178000084 ], [ 121.655809339000029, 14.780779267000071 ], [ 121.654683240000054, 14.780268917000114 ], [ 121.652884944000107, 14.780467871000099 ], [ 121.651096053000174, 14.779461921000177 ], [ 121.649560004000023, 14.775466270000038 ], [ 121.651630465000153, 14.774697141000104 ], [ 121.653863079000303, 14.776546455000187 ], [ 121.65503839500002, 14.776850311000089 ], [ 121.65609415900019, 14.77597232700009 ], [ 121.655413717000215, 14.774633716000096 ], [ 121.655991351000011, 14.77418265600005 ], [ 121.656549933000065, 14.775152191000075 ], [ 121.657208249000178, 14.775419060000047 ], [ 121.65690566000012, 14.776343965000081 ], [ 121.657764010000051, 14.775559118000103 ], [ 121.657905816000039, 14.775907289000031 ], [ 121.658590500000059, 14.775759654000183 ], [ 121.659320674000014, 14.774401609000165 ], [ 121.659126499000081, 14.77285167000008 ], [ 121.661592306000102, 14.769313499000134 ], [ 121.660877605000223, 14.7689485840001 ], [ 121.660570117000134, 14.768109306000099 ], [ 121.659048588000132, 14.766567193000128 ], [ 121.659911787000055, 14.765560293000135 ], [ 121.662226015000215, 14.766923184000177 ], [ 121.66173949500012, 14.767386212000133 ], [ 121.661747241000057, 14.768179929000155 ], [ 121.661423224000146, 14.768535633000113 ], [ 121.661767935000171, 14.768889216000161 ], [ 121.671553957000015, 14.757532808 ], [ 121.677405637000106, 14.752004167000052 ], [ 121.700079542000026, 14.734457040000109 ], [ 121.710394590000192, 14.72572947499998 ], [ 121.715996328000188, 14.719953971000166 ], [ 121.720688824000149, 14.714552177000144 ], [ 121.726450103000161, 14.706378231000087 ], [ 121.731476990000147, 14.700422391000075 ], [ 121.73432880200005, 14.695812426000089 ], [ 121.734469856000146, 14.693995355000141 ], [ 121.734081071000219, 14.693350404000114 ], [ 121.730498183000236, 14.691416474000164 ], [ 121.728690702000335, 14.690830475000098 ], [ 121.723725615000149, 14.690653114999975 ], [ 121.721380833000126, 14.691144590000079 ], [ 121.717949612000325, 14.69300394600009 ], [ 121.717217221000055, 14.693984912000076 ], [ 121.716223074000141, 14.696928012000058 ], [ 121.714130641000111, 14.698613507000118 ], [ 121.708170558, 14.70098601900014 ], [ 121.703215662000048, 14.701748354000074 ], [ 121.701661062000198, 14.701696684000069 ], [ 121.701248046000046, 14.702082592000011 ], [ 121.702189976000227, 14.702642840000181 ], [ 121.703066986000181, 14.702038800000139 ], [ 121.704091428000197, 14.702014918000089 ], [ 121.703934035000202, 14.702368199000091 ], [ 121.702549497000064, 14.702727682000102 ], [ 121.701959665000118, 14.703307162000101 ], [ 121.700894063000192, 14.703271614000187 ], [ 121.700316818000147, 14.702023849000057 ], [ 121.698919950000231, 14.701072921000048 ], [ 121.694073063000019, 14.699776214000167 ], [ 121.692373745000054, 14.698802044 ], [ 121.691769227, 14.699207676000185 ], [ 121.691679982000323, 14.699922523000112 ], [ 121.692508087000192, 14.699842683000043 ], [ 121.693634578000228, 14.700244483000063 ], [ 121.694049796000286, 14.700952183000027 ], [ 121.694190042000173, 14.702183833000163 ], [ 121.694631272000265, 14.70234453 ], [ 121.694398640000031, 14.701737494000042 ], [ 121.694585087000064, 14.701403566000124 ], [ 121.694718339000133, 14.702560456000128 ], [ 121.695187660000101, 14.702970108000102 ], [ 121.69616011100004, 14.702927429 ], [ 121.696548329000166, 14.700927839000144 ], [ 121.697519390000139, 14.700976011000023 ], [ 121.697194683000021, 14.702937778999967 ], [ 121.697326355000087, 14.703322247000187 ], [ 121.697690905000059, 14.703347936000114 ], [ 121.697161233000088, 14.704199059000075 ], [ 121.694492081000021, 14.704021921000162 ], [ 121.69330562600021, 14.702549911000062 ], [ 121.693273606000048, 14.700941889000035 ], [ 121.692147472000102, 14.701188977000072 ], [ 121.691013921000035, 14.700760624000054 ], [ 121.686632478000092, 14.701177691 ], [ 121.686198742000101, 14.702531280000187 ], [ 121.686458009000035, 14.703723564000086 ], [ 121.685012901000164, 14.703923616000111 ], [ 121.684362277000105, 14.702445320000038 ], [ 121.684642450000183, 14.700454099000183 ], [ 121.682524553, 14.698756208000134 ], [ 121.681401176, 14.698995890000049 ], [ 121.680915258000141, 14.700994888000082 ], [ 121.680261990000076, 14.701770573000033 ], [ 121.67919810300009, 14.702202490000161 ], [ 121.678415201, 14.702057872000125 ], [ 121.677616814000089, 14.701035760000082 ], [ 121.677686928000185, 14.699018417000048 ], [ 121.677427082, 14.698960277000026 ], [ 121.676875548000226, 14.699723609000159 ], [ 121.676209609000125, 14.699705164000136 ], [ 121.676811659, 14.699543732000109 ], [ 121.676502636000123, 14.698556282000084 ], [ 121.676912767000204, 14.698931818000119 ], [ 121.678102913000089, 14.698399841000025 ], [ 121.678400878000275, 14.697653989000173 ], [ 121.678088072000151, 14.696613054000068 ], [ 121.678312842000082, 14.696714271000189 ], [ 121.678475620000086, 14.696195093000028 ], [ 121.679102774000057, 14.696252502000107 ], [ 121.679263586000047, 14.69714541400009 ], [ 121.678271643000016, 14.700661290000028 ], [ 121.67841876500006, 14.701242040000125 ], [ 121.678978941000082, 14.701524976000087 ], [ 121.679774307000116, 14.701342283000145 ], [ 121.680199754000114, 14.700727633999975 ], [ 121.680507058000103, 14.698570436000011 ], [ 121.681407771000295, 14.697918538000124 ], [ 121.683004827000104, 14.69800936900009 ], [ 121.68483734900019, 14.698779914000113 ], [ 121.68438581800001, 14.698480977000031 ], [ 121.68446791000008, 14.698367702000155 ], [ 121.687314966000145, 14.699661825000021 ], [ 121.687854279000021, 14.699206450000077 ], [ 121.687490962000084, 14.699693510000031 ], [ 121.688126871000236, 14.700090987000181 ], [ 121.688829389000148, 14.699086089000161 ], [ 121.689183623000076, 14.697779316000151 ], [ 121.69012302200008, 14.698054437000053 ], [ 121.690588813000204, 14.699428119000061 ], [ 121.690919122000082, 14.6994138230001 ], [ 121.690935687000092, 14.698668316000123 ], [ 121.689417459000083, 14.696982886000114 ], [ 121.687153047000152, 14.696425203000103 ], [ 121.685025432000089, 14.695337741000174 ], [ 121.681714029000091, 14.694813672000066 ], [ 121.677254824000102, 14.695438478000085 ], [ 121.67522046800002, 14.69459208100011 ], [ 121.673612648000017, 14.693014637000147 ], [ 121.672529551000025, 14.693099305000032 ], [ 121.67176558600022, 14.693813849000037 ], [ 121.671310221000113, 14.694858473000124 ], [ 121.671340808000195, 14.69610511500008 ], [ 121.670800261000181, 14.696164342000088 ], [ 121.670311753000078, 14.695648328 ], [ 121.669356570000332, 14.695447570000113 ], [ 121.668543473000113, 14.694694552000158 ], [ 121.668170620000069, 14.695084061000159 ], [ 121.667605746000049, 14.69511651900018 ], [ 121.668287564000025, 14.693783796000105 ], [ 121.668488966000155, 14.69179076000006 ], [ 121.667824277000136, 14.691410067000106 ], [ 121.666349964000119, 14.691244463999965 ], [ 121.666066097000112, 14.690987334 ], [ 121.665682202000085, 14.6899192300001 ], [ 121.666042058000016, 14.690499252000109 ], [ 121.666058091000195, 14.689950890000034 ], [ 121.666486510000027, 14.6909228130001 ], [ 121.667751974000112, 14.690734937000173 ], [ 121.669118898000079, 14.69176885100012 ], [ 121.66947558600009, 14.692192275000139 ], [ 121.669263346000093, 14.693951193000032 ], [ 121.670018241000093, 14.694701028000168 ], [ 121.671435322000207, 14.693097378000175 ], [ 121.671586183000159, 14.691547568000033 ], [ 121.671079141000178, 14.691158894000182 ], [ 121.6692959410002, 14.690919248000057 ], [ 121.667249451000202, 14.690199539000105 ], [ 121.665353475000188, 14.688901574000113 ], [ 121.664983274000178, 14.689051789000189 ], [ 121.664494416000025, 14.688747629999966 ], [ 121.664342637000345, 14.689387413000077 ], [ 121.663988634000134, 14.688626124000052 ], [ 121.662928853000039, 14.688808148000192 ], [ 121.661926249000089, 14.687517659000093 ], [ 121.662503055000229, 14.687233857000024 ], [ 121.662471856000025, 14.68654822100018 ], [ 121.662811407000163, 14.686595032000014 ], [ 121.6615252470001, 14.685282632000167 ], [ 121.658868545000018, 14.683452611000178 ], [ 121.653810459000056, 14.67893062100012 ], [ 121.648102945000119, 14.674452240000051 ], [ 121.635835723000014, 14.663793061000149 ], [ 121.62933098100018, 14.659126463000064 ], [ 121.626621444000079, 14.657760998000128 ], [ 121.625456332000113, 14.657485444000088 ], [ 121.622356721000074, 14.658083300000158 ], [ 121.620820969000192, 14.658973327000183 ], [ 121.619746178000014, 14.661570712000014 ], [ 121.619422237000094, 14.663211136000029 ], [ 121.619771667000236, 14.663815513000031 ], [ 121.620923272000027, 14.664208969000128 ], [ 121.623158978000106, 14.663750323000158 ], [ 121.623261809000041, 14.663441424000098 ], [ 121.622374158000184, 14.663637315000074 ], [ 121.622259848000112, 14.662633137000114 ], [ 121.621910158000219, 14.66225466700007 ], [ 121.622078085000112, 14.662042098000143 ], [ 121.621781089000024, 14.661958492000167 ], [ 121.621943835000025, 14.661774288000174 ], [ 121.621595581000179, 14.661220243000059 ], [ 121.623225523000201, 14.65901613900013 ], [ 121.623956673000293, 14.658741648999978 ], [ 121.625848477000204, 14.658804403000033 ], [ 121.626817005000021, 14.659336729000017 ], [ 121.626623009000127, 14.659753137 ], [ 121.627045233000104, 14.659892014000036 ], [ 121.627218998000103, 14.660679740000035 ], [ 121.627503671000113, 14.660638276000157 ], [ 121.627373019000174, 14.660265468000034 ], [ 121.627468037000085, 14.660181203000093 ], [ 121.627847608000138, 14.660702653000044 ], [ 121.627709039000138, 14.66093925500013 ], [ 121.628124750000097, 14.661220136000168 ], [ 121.628452125000081, 14.660986838000042 ], [ 121.628107682000291, 14.66132390000007 ], [ 121.627478064000115, 14.66076213600013 ], [ 121.627189048000105, 14.660891088000142 ], [ 121.627250156000059, 14.661357011 ], [ 121.626801655, 14.661635726999975 ], [ 121.627631873000269, 14.661772464000023 ], [ 121.627263852000283, 14.662163038000187 ], [ 121.626214641000047, 14.662143984000068 ], [ 121.625882796000042, 14.6627415640001 ], [ 121.62616459700007, 14.663381116999972 ], [ 121.62610823600005, 14.663137351000103 ], [ 121.62688255400019, 14.663070057000027 ], [ 121.627216301000203, 14.662681370000087 ], [ 121.627516081000067, 14.663060403000088 ], [ 121.626707436000061, 14.663604658000111 ], [ 121.627228022000168, 14.663983436000024 ], [ 121.627330467000206, 14.66498236100017 ], [ 121.627704564000169, 14.665110815000105 ], [ 121.6276797700001, 14.665393339000047 ], [ 121.62773487000004, 14.665054843000121 ], [ 121.627861604000032, 14.665192106000177 ], [ 121.627688036000222, 14.665551734000076 ], [ 121.628093033000027, 14.665703656000062 ], [ 121.628123341000105, 14.665919546000168 ], [ 121.627562681000086, 14.665843586999983 ], [ 121.627506749000077, 14.666684359000101 ], [ 121.628987987000073, 14.666817407999986 ], [ 121.629348060000098, 14.666226934000179 ], [ 121.629888010000172, 14.666677644000174 ], [ 121.630155219000017, 14.666348665000044 ], [ 121.629962976000115, 14.665556115000186 ], [ 121.630278749000126, 14.665460052000128 ], [ 121.630172875000198, 14.665043538000134 ], [ 121.631006986000216, 14.664771623000092 ], [ 121.630884896000225, 14.664327567000157 ], [ 121.630591912000114, 14.664396860000124 ], [ 121.630504012000188, 14.664264589000084 ], [ 121.630894659000091, 14.664211041000101 ], [ 121.631419176, 14.664805997000144 ], [ 121.631717039000023, 14.664577660000134 ], [ 121.632559916000105, 14.664728107000087 ], [ 121.633210980000172, 14.664265129000114 ], [ 121.632536511000012, 14.663792281999974 ], [ 121.632127964, 14.663927718000025 ], [ 121.632734867000067, 14.663470468000185 ], [ 121.63276743300014, 14.663794747000111 ], [ 121.633571773000085, 14.664312536000068 ], [ 121.634184519000087, 14.664005488000043 ], [ 121.634303745000011, 14.664364139000156 ], [ 121.6348500160002, 14.664336235000178 ], [ 121.634707233000199, 14.664507331000095 ], [ 121.63516443900005, 14.664693485000043 ], [ 121.635929393000083, 14.666015432999984 ], [ 121.636398371000155, 14.665867132000074 ], [ 121.637435106000225, 14.666968516000054 ], [ 121.637171814000112, 14.667367740000088 ], [ 121.636247874000219, 14.66759464 ], [ 121.63596097300001, 14.667472990000078 ], [ 121.636070134000079, 14.666908444000057 ], [ 121.634961112000155, 14.667079710000053 ], [ 121.633287976000133, 14.668443453000179 ], [ 121.63115786000003, 14.66890950800007 ], [ 121.630041614000106, 14.669912665000027 ], [ 121.628288977000125, 14.670335296000133 ], [ 121.629488497000239, 14.670614889999968 ], [ 121.630206323000152, 14.670086961000095 ], [ 121.630020746000127, 14.670465638000053 ], [ 121.630304202000161, 14.67060273200002 ], [ 121.629497980000224, 14.67098071300012 ], [ 121.629771585000071, 14.671200519000024 ], [ 121.628652299, 14.671115322000162 ], [ 121.628684778000093, 14.671658132000118 ], [ 121.629083555000307, 14.67164040900019 ], [ 121.629187911000031, 14.672131627000169 ], [ 121.62953569900003, 14.671974604000013 ], [ 121.629358023000123, 14.672255380000024 ], [ 121.629738290000205, 14.672553688000164 ], [ 121.628514043000109, 14.672338399000012 ], [ 121.629116905000046, 14.672802685000079 ], [ 121.628495668000028, 14.672743032000028 ], [ 121.629010426000036, 14.673326202000112 ], [ 121.62845855400019, 14.673258996000072 ], [ 121.62856484100007, 14.673448171000189 ], [ 121.62848124300001, 14.673742909000055 ], [ 121.628258752000193, 14.673444068000094 ], [ 121.628515261000189, 14.673984557000153 ], [ 121.628183664000062, 14.673992792000035 ], [ 121.628333883000096, 14.674242284000059 ], [ 121.628240357000209, 14.674297121000109 ], [ 121.628050463000136, 14.674158670000111 ], [ 121.628101457000071, 14.673461896000163 ], [ 121.627487844000029, 14.672689711000146 ], [ 121.626339130000019, 14.672595601000182 ], [ 121.625823846000117, 14.672803313000145 ], [ 121.626111023000021, 14.673296599000082 ], [ 121.625380737000228, 14.67289910900007 ], [ 121.625501525000232, 14.673294629000111 ], [ 121.624970157, 14.673148324000181 ], [ 121.625203408000175, 14.672807299000112 ], [ 121.624922800000036, 14.672914191000075 ], [ 121.624764237000022, 14.672155835000012 ], [ 121.624367876000179, 14.672194865000051 ], [ 121.624546773000134, 14.672635341999978 ], [ 121.62410130000012, 14.672394430000111 ], [ 121.623813844000097, 14.672648257999981 ], [ 121.623761087000275, 14.674435416000051 ], [ 121.624500845000057, 14.67384031500012 ], [ 121.624643267000124, 14.674195030000078 ], [ 121.624310974000082, 14.674707846000047 ], [ 121.62456613400002, 14.674660005000078 ], [ 121.624699625000176, 14.675089937000166 ], [ 121.624391056000263, 14.674996182000086 ], [ 121.624315895000223, 14.675149261000058 ], [ 121.624993837000147, 14.675379746000033 ], [ 121.624884630000111, 14.675790775000053 ], [ 121.62578730700011, 14.676737215 ], [ 121.625520669000025, 14.676898946000165 ], [ 121.62557713700005, 14.678094767000061 ], [ 121.624791291000065, 14.678364022000039 ], [ 121.624501083000041, 14.677561042000036 ], [ 121.624635108, 14.676605524000024 ], [ 121.623179348, 14.675545290000059 ], [ 121.62209340000004, 14.675323663000142 ], [ 121.622200843000201, 14.675148360000094 ], [ 121.620656072000315, 14.674096186999975 ], [ 121.62023591500008, 14.674186166000084 ], [ 121.621476618000202, 14.675343245000136 ], [ 121.621245391000116, 14.675712064000038 ], [ 121.621151118000057, 14.67519096400008 ], [ 121.620350303, 14.67556668300017 ], [ 121.620771392000051, 14.676024766000126 ], [ 121.620538583000098, 14.676785281000093 ], [ 121.62088820300005, 14.676921685000025 ], [ 121.620988648000093, 14.677192627000011 ], [ 121.620573352000065, 14.676912344000016 ], [ 121.620426129000066, 14.676532724000083 ], [ 121.62025228500022, 14.676697157999968 ], [ 121.620408743000212, 14.676299153000173 ], [ 121.620117072000312, 14.676175828 ], [ 121.618561222000039, 14.676855802000148 ], [ 121.618538766000142, 14.676584534000085 ], [ 121.617586302000177, 14.676301250000108 ], [ 121.616089505000218, 14.67697198999997 ], [ 121.616789351000079, 14.677772165000022 ], [ 121.617335993000324, 14.677887420000047 ], [ 121.619108075000099, 14.679307821000066 ], [ 121.619146057000194, 14.679109450000112 ], [ 121.619482180000205, 14.678899504000128 ], [ 121.619366512000056, 14.679497952000077 ], [ 121.621107582000036, 14.680475953000098 ], [ 121.621509676000073, 14.682532470000183 ], [ 121.622111299000039, 14.683088434000183 ], [ 121.621655872000133, 14.683756019000043 ], [ 121.621209864000093, 14.683780373000104 ], [ 121.620396228000118, 14.684819642000036 ], [ 121.620445324000116, 14.685475618000169 ], [ 121.619804039000087, 14.685947707000025 ], [ 121.619197746000054, 14.685432286000093 ], [ 121.61948881, 14.685162840000032 ], [ 121.619451815000048, 14.684271941000134 ], [ 121.620035389, 14.68297007700005 ], [ 121.620088293000322, 14.681969908000156 ], [ 121.617886263000059, 14.680102761000114 ], [ 121.616735113000345, 14.679716236000047 ], [ 121.615266162000012, 14.678704272000118 ], [ 121.613983709000081, 14.678380586000173 ], [ 121.611802580000017, 14.675859899000102 ], [ 121.61175076800032, 14.676182930000095 ], [ 121.611360864000062, 14.676018161 ], [ 121.610728152000092, 14.673110310000027 ], [ 121.611060204000069, 14.672761470000125 ], [ 121.610848861000022, 14.672603573000117 ], [ 121.611384546000068, 14.672609653000109 ], [ 121.610932569000056, 14.672096671000077 ], [ 121.611169026000198, 14.671881816000166 ], [ 121.610984887000086, 14.671681411 ], [ 121.61120250700003, 14.67177857900009 ], [ 121.611583943000142, 14.670933152000032 ], [ 121.612204318000067, 14.670622698000102 ], [ 121.613552231000085, 14.671283216 ], [ 121.614115666000089, 14.670446558000094 ], [ 121.613223544000107, 14.66946033500011 ], [ 121.609863678000011, 14.667567026000029 ], [ 121.606977336000114, 14.664455345000079 ], [ 121.606274653000128, 14.662157511000032 ], [ 121.607345880000025, 14.65983551700009 ], [ 121.605152668000073, 14.65609935800012 ], [ 121.603772475000028, 14.651903466000078 ], [ 121.604809864000117, 14.649416566000184 ], [ 121.604968851000081, 14.648250363000045 ], [ 121.605364731, 14.647877631000142 ], [ 121.606210095000279, 14.644363378000037 ], [ 121.607830169000067, 14.642977507000069 ], [ 121.609116646000189, 14.641131513000062 ], [ 121.609599830000207, 14.641094062000093 ], [ 121.608832916000097, 14.640709518000051 ], [ 121.609592525000039, 14.640380057000073 ], [ 121.608581128000083, 14.63929995500007 ], [ 121.608453635000274, 14.636825624000039 ], [ 121.606811645000107, 14.634545388000049 ], [ 121.607336790000204, 14.631490741000164 ], [ 121.607037200000036, 14.628729635000127 ], [ 121.607154879000291, 14.625003052000068 ], [ 121.60839613600001, 14.622580431000074 ], [ 121.6080713, 14.620250883999972 ], [ 121.608597501000077, 14.619378823000034 ], [ 121.608114892000231, 14.6180506 ], [ 121.608641634000151, 14.616929479000078 ], [ 121.608653499000297, 14.615960802000131 ], [ 121.610968907000029, 14.612850585999979 ], [ 121.612572672000169, 14.611765709000053 ], [ 121.612483797000095, 14.611125641 ], [ 121.610653305000028, 14.608240003000162 ], [ 121.611054407000211, 14.607856367000068 ], [ 121.610448717000168, 14.607980036000072 ], [ 121.609286547000124, 14.606643318000124 ], [ 121.608089697000196, 14.604320345000019 ], [ 121.608204467000064, 14.602647968000156 ], [ 121.6085953810001, 14.601814350999973 ], [ 121.60862523000003, 14.599226437000084 ], [ 121.609989321000171, 14.5983827 ], [ 121.610928051000201, 14.596802784000033 ], [ 121.613473537000118, 14.59564973 ], [ 121.614480761000209, 14.595666634000168 ], [ 121.615929319000088, 14.594895575000066 ], [ 121.616281433000154, 14.593879998000148 ], [ 121.615962287000229, 14.592678890000059 ], [ 121.618600592000121, 14.590005640000015 ], [ 121.61779704300011, 14.58729763600013 ], [ 121.618301887000143, 14.586482506000038 ], [ 121.617997850000165, 14.585903906000112 ], [ 121.618463753000015, 14.579174053000088 ], [ 121.619504863000202, 14.574426157000175 ], [ 121.620808435000072, 14.570551778000151 ], [ 121.621708381000076, 14.569232942999975 ], [ 121.624093876000188, 14.568420908000064 ], [ 121.6247268730001, 14.567592614000091 ], [ 121.625102654000216, 14.567561511000065 ], [ 121.624091891000148, 14.567598430000032 ], [ 121.623234599000057, 14.567175191000103 ], [ 121.623289696000143, 14.565807411000094 ], [ 121.62430865400006, 14.566367977000084 ], [ 121.624745208000263, 14.566209253000125 ], [ 121.624461518000089, 14.56373014400009 ], [ 121.625054915000078, 14.563486388000172 ], [ 121.624703598000224, 14.563185186000112 ], [ 121.624957512000037, 14.562913034000132 ], [ 121.624601552000058, 14.562613330000033 ], [ 121.62453283900004, 14.56174420300016 ], [ 121.625101551000171, 14.560394962000146 ], [ 121.625505581000198, 14.560251822000055 ], [ 121.625081574000205, 14.559673444000168 ], [ 121.62497616600001, 14.558796466000047 ], [ 121.625269314000093, 14.557962185000065 ], [ 121.624927040000216, 14.555119297000033 ], [ 121.626749757000084, 14.549738476000016 ], [ 121.626621685000032, 14.547881900999982 ], [ 121.625832102000118, 14.545958857000016 ], [ 121.626893340000038, 14.543079400000067 ], [ 121.626786951000213, 14.541481885000167 ], [ 121.62720678200003, 14.539928001000021 ], [ 121.62700820200007, 14.538904955000135 ], [ 121.628214390000039, 14.53756077800017 ], [ 121.628484394000225, 14.536169735000101 ], [ 121.628130921000206, 14.534878370000115 ], [ 121.626767367000184, 14.533278506000045 ], [ 121.626538607000043, 14.531693156000188 ], [ 121.6259090960001, 14.530358058 ], [ 121.624174071000198, 14.528295539000169 ], [ 121.624779204000106, 14.527140267000163 ], [ 121.624757223000074, 14.525431345000129 ], [ 121.623684156000081, 14.522979594000049 ], [ 121.624297338000019, 14.522020270000098 ], [ 121.626250952000191, 14.520777096000074 ], [ 121.626157519000117, 14.519741788000033 ], [ 121.626409363000221, 14.519332684000119 ], [ 121.624868238000317, 14.516682824000043 ], [ 121.62511545000018, 14.516115453000111 ], [ 121.626168976000145, 14.515523954000116 ], [ 121.62849684400021, 14.512198455000032 ], [ 121.62884439700008, 14.509815134000064 ], [ 121.628431880000107, 14.508165953000116 ], [ 121.629356596000093, 14.505902882000044 ], [ 121.631552949000024, 14.504804287000184 ], [ 121.631483400000207, 14.503837597000143 ], [ 121.632021943000041, 14.503408326000056 ], [ 121.632953678000149, 14.504175778000103 ], [ 121.633411387000137, 14.501974166000025 ], [ 121.634216218, 14.500326903000087 ], [ 121.634171029000072, 14.499206934000028 ], [ 121.633737869000129, 14.498734371000126 ], [ 121.633688069000073, 14.4981007290001 ], [ 121.635239329000228, 14.492452695000111 ], [ 121.636085522000144, 14.49172305400009 ], [ 121.63667164900005, 14.490547143000015 ], [ 121.63751935900018, 14.490021286000115 ], [ 121.639543470000035, 14.489311101000055 ], [ 121.64084068000011, 14.489303662000111 ], [ 121.641521571000226, 14.488809079000134 ], [ 121.6416401580002, 14.487794218999966 ], [ 121.643280594000203, 14.483684614000026 ], [ 121.643087606000222, 14.48206422800007 ], [ 121.643491721000146, 14.481029584999987 ], [ 121.642768715000216, 14.480420953000078 ], [ 121.64243388400007, 14.479342496000129 ], [ 121.643284898000047, 14.475220387000036 ], [ 121.64195017100019, 14.47196810000014 ], [ 121.643059751000123, 14.466985901000101 ], [ 121.643925481000338, 14.466293789000076 ], [ 121.644649687000083, 14.464049086000045 ], [ 121.645658147000177, 14.462542805 ], [ 121.64700061200017, 14.462193052000146 ], [ 121.646797458000037, 14.461968972000079 ], [ 121.64706740500003, 14.461626891000094 ], [ 121.64755496500004, 14.46143701200009 ], [ 121.649467594000157, 14.459188882999968 ], [ 121.649314853000078, 14.45842678200006 ], [ 121.649863323000091, 14.457151751000026 ], [ 121.649697236000179, 14.455782408000118 ], [ 121.650463195000043, 14.453792639000085 ], [ 121.649945566000042, 14.451905984 ], [ 121.648679239000217, 14.449933962000102 ], [ 121.648631522000073, 14.448859730000038 ], [ 121.64968467000017, 14.447194613000022 ], [ 121.649569821000341, 14.445940221000171 ], [ 121.649950440000111, 14.444639184000039 ], [ 121.65220342900011, 14.442650403000073 ], [ 121.652311350000105, 14.438526162000187 ], [ 121.653834882000183, 14.436040074000175 ], [ 121.653745866000122, 14.434811053000033 ], [ 121.653303658000141, 14.434223413000041 ], [ 121.65370598700008, 14.43366557600018 ], [ 121.653660530000025, 14.431614179000178 ], [ 121.65400455200006, 14.430516231000126 ], [ 121.656932240000174, 14.426347331000159 ], [ 121.657865335000338, 14.425655581000115 ], [ 121.657998901000042, 14.424583139 ], [ 121.659187518000067, 14.423157878000097 ], [ 121.658901866000065, 14.420698203000086 ], [ 121.659130527000229, 14.418679848000124 ], [ 121.658616202000076, 14.417829742000151 ], [ 121.659207276000075, 14.417464842000186 ], [ 121.658732097000097, 14.417351927000141 ], [ 121.658638355000221, 14.416461543000025 ], [ 121.658000511000182, 14.416411437000136 ], [ 121.658684166000171, 14.415478617000019 ], [ 121.657972806000089, 14.41428679500001 ], [ 121.658176841000227, 14.41307850100003 ], [ 121.657326177000186, 14.410903702000155 ], [ 121.657890371000121, 14.40969245600013 ], [ 121.657781809000198, 14.40894797600015 ], [ 121.658060622000107, 14.408381957000131 ], [ 121.657549605000327, 14.406102549000025 ], [ 121.658666555000195, 14.405416099000036 ], [ 121.657890150000185, 14.40511533900002 ], [ 121.657937661000119, 14.404759697000088 ], [ 121.659249006000209, 14.404837748000091 ], [ 121.658406917000207, 14.402440187000025 ], [ 121.658656460000202, 14.401156308000111 ], [ 121.660287019000179, 14.397148771000104 ], [ 121.662881815000105, 14.392392414000085 ], [ 121.666548678000026, 14.391012321 ], [ 121.666818062000061, 14.390235232000123 ], [ 121.667313850000028, 14.390384519000122 ], [ 121.668155195000168, 14.388895341000023 ], [ 121.668406124000057, 14.389096988000119 ], [ 121.669600364000075, 14.388657324000121 ], [ 121.670041306000144, 14.388899680000122 ], [ 121.671438999000088, 14.388458734000039 ], [ 121.67490577500007, 14.385809498000071 ], [ 121.676894976000199, 14.383427366000149 ], [ 121.67749937200017, 14.383468464000146 ], [ 121.679036014000076, 14.382279960000062 ], [ 121.67944877900004, 14.381506223000088 ], [ 121.680285656000137, 14.381214862000036 ], [ 121.682095295000181, 14.379054289000067 ], [ 121.683277177000036, 14.377159096000184 ], [ 121.6839925270001, 14.375295645999984 ], [ 121.685731576000194, 14.373600975000045 ], [ 121.68580649400019, 14.372399247999965 ], [ 121.687733559000208, 14.369407935000027 ], [ 121.690008971000225, 14.367068298000163 ], [ 121.690969172000109, 14.366731253000069 ], [ 121.692147240000054, 14.364150377000044 ], [ 121.694361930000014, 14.362118814999974 ], [ 121.695009944000162, 14.362134968000191 ], [ 121.695936643000209, 14.36164300300004 ], [ 121.698121124000181, 14.359669411000027 ], [ 121.700915045000329, 14.355139118000068 ], [ 121.702937697000038, 14.352503910000166 ], [ 121.704869348000216, 14.351438636000125 ], [ 121.707939154000201, 14.347949877000019 ], [ 121.710419078000086, 14.346800089000112 ], [ 121.712565808000022, 14.345269489000145 ], [ 121.713347100000192, 14.344380049999984 ], [ 121.713467048000211, 14.343148754000083 ], [ 121.71462193900004, 14.341524739000079 ], [ 121.715056719000017, 14.34167121400003 ], [ 121.715624523000088, 14.341229141000156 ], [ 121.716769769000166, 14.341149795000149 ], [ 121.717077647000224, 14.34054414600007 ], [ 121.717562544000089, 14.340380904000028 ], [ 121.716705845000206, 14.340423933000125 ], [ 121.716124198000102, 14.339963803000103 ], [ 121.716306684000074, 14.338350897000055 ], [ 121.717546891000097, 14.338052134000066 ], [ 121.719112697000014, 14.338311162000025 ], [ 121.719386806000102, 14.338050517000056 ], [ 121.719056244000058, 14.337884847 ], [ 121.71918032300016, 14.337593173000016 ], [ 121.719770281000251, 14.337708663000171 ], [ 121.720165392000013, 14.337391068000102 ], [ 121.720068215000083, 14.33704634500009 ], [ 121.720488801000215, 14.336666471000115 ], [ 121.72029969200014, 14.336447968000073 ], [ 121.720621425000331, 14.336418869000056 ], [ 121.721209148000071, 14.335479928000098 ], [ 121.721674363000034, 14.333906629000182 ], [ 121.722180863000062, 14.333497417999979 ], [ 121.722325116000206, 14.332443806000015 ], [ 121.722832010000047, 14.331943517000127 ], [ 121.722616821000088, 14.331442271000014 ], [ 121.723205968000229, 14.331182961000081 ], [ 121.723041203000207, 14.33089371900013 ], [ 121.724127845000226, 14.329470152 ], [ 121.724016281000218, 14.329203565000057 ], [ 121.724878053000111, 14.329075610000075 ], [ 121.724948986000186, 14.328730145000179 ], [ 121.725464333000104, 14.328520169 ], [ 121.725653828000077, 14.327462687000093 ], [ 121.726365022000095, 14.327638528000023 ], [ 121.726126777000218, 14.327322297000023 ], [ 121.726578774000018, 14.327264350000121 ], [ 121.727316931000132, 14.32629098100017 ], [ 121.727435922000041, 14.326520201000108 ], [ 121.727668159000018, 14.326294499000085 ], [ 121.727509339000221, 14.326035707000187 ], [ 121.727990918000046, 14.325583114000096 ], [ 121.728423139000142, 14.324286589000053 ], [ 121.728225002000045, 14.323831467000048 ], [ 121.72845822100021, 14.323501715000134 ], [ 121.728098870000053, 14.322974855000041 ], [ 121.728498236000064, 14.322395681999978 ], [ 121.728124283000284, 14.321929284000134 ], [ 121.728451980000159, 14.32190184500007 ], [ 121.728586875000019, 14.320993316000113 ], [ 121.729165097000077, 14.320515583000144 ], [ 121.72845451600017, 14.319689534000076 ], [ 121.728479395000022, 14.319279557000186 ], [ 121.729432864000159, 14.318848576000107 ], [ 121.7293036330002, 14.317506739000066 ], [ 121.729688199000179, 14.317494393000061 ], [ 121.729526215000078, 14.317075030000126 ], [ 121.729927392000036, 14.317263545000174 ], [ 121.730261967000047, 14.317042830000105 ], [ 121.730193161000216, 14.316562792000184 ], [ 121.730530663000081, 14.31631931600009 ], [ 121.730625129000259, 14.313821688000075 ], [ 121.731006202000117, 14.313288810000188 ], [ 121.731048252000051, 14.312093368000035 ], [ 121.73167120700009, 14.311486430000116 ], [ 121.73140413100009, 14.310175940000022 ], [ 121.731744386000059, 14.309951706000106 ], [ 121.732263672000045, 14.310210307000091 ], [ 121.733066383000278, 14.309373165000125 ], [ 121.732932229000198, 14.309160889000168 ], [ 121.732391969000105, 14.309446373000128 ], [ 121.731971239000131, 14.3093010340001 ], [ 121.731608855000104, 14.307512418000101 ], [ 121.733852907000028, 14.305612962000112 ], [ 121.734370858000148, 14.305967015000022 ], [ 121.733721723000144, 14.304512096000167 ], [ 121.733430253000051, 14.302586979000125 ], [ 121.734104751000018, 14.301678800000047 ], [ 121.734055056000102, 14.299093005999964 ], [ 121.73434571700011, 14.297758312000042 ], [ 121.734618261000037, 14.297661761000143 ], [ 121.734043740000061, 14.296847522000178 ], [ 121.734455792000063, 14.296644468000068 ], [ 121.733995760000198, 14.295951715000058 ], [ 121.733651199000178, 14.293810472000075 ], [ 121.732822509000016, 14.293034725999973 ], [ 121.732472466000104, 14.291707429000041 ], [ 121.732960225000056, 14.291005768000161 ], [ 121.734208457000136, 14.291200674000152 ], [ 121.734172110000031, 14.290650090000042 ], [ 121.732714632000011, 14.289347114000066 ], [ 121.732414770000105, 14.288172876999965 ], [ 121.731801438000161, 14.287497834000021 ], [ 121.731305359000089, 14.28757948100008 ], [ 121.730329220000044, 14.286876020000079 ], [ 121.730545328000176, 14.286406056999965 ], [ 121.73002021800005, 14.286071316000118 ], [ 121.729281634000017, 14.284695465000027 ], [ 121.729703949000054, 14.281677421999973 ], [ 121.728931266000018, 14.27937560700002 ], [ 121.72858719400017, 14.274058330000173 ], [ 121.729650979000098, 14.272113924000053 ], [ 121.730048682000074, 14.270555209000122 ], [ 121.731304422000107, 14.269117966000181 ], [ 121.732420881000166, 14.269227660000183 ], [ 121.732141574000025, 14.268179526000154 ], [ 121.732342016000075, 14.267283457000133 ], [ 121.735024713000143, 14.264313552000033 ], [ 121.739936999000179, 14.260713097000064 ], [ 121.741085963000046, 14.260245248 ], [ 121.742791417000035, 14.260508637000044 ], [ 121.743492218000029, 14.260179052000069 ], [ 121.746447803000251, 14.257035147000067 ], [ 121.748904727000195, 14.256047622000153 ], [ 121.749690558000111, 14.25475078900007 ], [ 121.750217229000214, 14.254600079 ], [ 121.75080197900013, 14.253708149000147 ], [ 121.753942921000089, 14.252146939000113 ], [ 121.758273300000042, 14.247258758000044 ], [ 121.758645920000163, 14.245248556000149 ], [ 121.758432619000018, 14.243000182000117 ], [ 121.759774313000094, 14.241157614000031 ], [ 121.75912526500008, 14.237924403000136 ], [ 121.759680654000135, 14.233838773000116 ], [ 121.759187195000095, 14.232868577000147 ], [ 121.757870842000102, 14.232693586000153 ], [ 121.757850027000131, 14.23150691100011 ], [ 121.757992872000045, 14.231040531000076 ], [ 121.761647970000013, 14.230907653000088 ], [ 121.761706841000205, 14.228713950000042 ], [ 121.761348113000167, 14.228795069000114 ], [ 121.761301769000056, 14.230593493000015 ], [ 121.758230537000145, 14.230570514000021 ], [ 121.758054677000132, 14.227371028000107 ], [ 121.758227906000343, 14.227040023000029 ], [ 121.759261521000212, 14.226707502000124 ], [ 121.759258614000032, 14.226168255000175 ], [ 121.757616419000101, 14.226721836000081 ], [ 121.75594549300024, 14.225649096000097 ], [ 121.754635306000068, 14.225620633000176 ], [ 121.753911842000093, 14.224352249 ], [ 121.753561162000096, 14.222019483000111 ], [ 121.752409752000176, 14.220012960000076 ], [ 121.752084557000217, 14.217757882000171 ], [ 121.752527576000148, 14.215313128000048 ], [ 121.752281576000087, 14.213989785000081 ], [ 121.752982534000125, 14.211221259000126 ], [ 121.752685882000151, 14.210473987000114 ], [ 121.752890043000207, 14.208343132000152 ], [ 121.753917536000017, 14.205700698000157 ], [ 121.75390661300014, 14.204293986000152 ], [ 121.753493741000057, 14.204131695000115 ], [ 121.752556598000069, 14.204481771000133 ], [ 121.75151208300008, 14.206119292000153 ], [ 121.74937323100005, 14.206063358000165 ], [ 121.747987899, 14.204272968000168 ], [ 121.748606033000101, 14.203308463000042 ], [ 121.747193948000131, 14.20256140500004 ], [ 121.7465075880001, 14.201467996000076 ], [ 121.746932643000036, 14.200418212000102 ], [ 121.746931108000013, 14.199391213000126 ], [ 121.747516737000069, 14.198645049 ], [ 121.746455474000072, 14.197125475000064 ], [ 121.745806999000024, 14.196803293000016 ], [ 121.745528437000075, 14.195753140000079 ], [ 121.743909989000031, 14.195429606000118 ], [ 121.742685635000043, 14.195848338000133 ], [ 121.741630079000061, 14.194875003000163 ], [ 121.740587860000119, 14.195295016000046 ], [ 121.739790327000264, 14.195208284000103 ], [ 121.735711072000186, 14.192766178000056 ], [ 121.73536968000019, 14.19172168700004 ], [ 121.737341367000113, 14.189382756000043 ], [ 121.73693166600026, 14.189338346999989 ], [ 121.736832409000158, 14.189826832 ], [ 121.735240637000061, 14.191581171000109 ], [ 121.733864037000217, 14.191214333000175 ], [ 121.733203298000149, 14.189044464000119 ], [ 121.732588165000152, 14.188139845000137 ], [ 121.732092211, 14.184917512000084 ], [ 121.731382949000249, 14.183961059000069 ], [ 121.7334311420002, 14.175177424000083 ], [ 121.733090398000058, 14.175113485000054 ], [ 121.73224404500013, 14.176083269000173 ], [ 121.731386698000165, 14.17789495500017 ], [ 121.729996235000272, 14.17815605200019 ], [ 121.729639012000121, 14.177372757000114 ], [ 121.731133891000127, 14.175273345000164 ], [ 121.731062446000124, 14.174607288000175 ], [ 121.732115060000183, 14.172736651000037 ], [ 121.732950406000214, 14.171820152000123 ], [ 121.733521964000033, 14.172107885000059 ], [ 121.733671209000022, 14.16939483900012 ], [ 121.734431498000163, 14.169245175000185 ], [ 121.734755771000096, 14.169927328000028 ], [ 121.735168810000232, 14.169799509000029 ], [ 121.735520284000017, 14.166919511000117 ], [ 121.740819635000207, 14.156928974000152 ], [ 121.748840681000047, 14.145731341000101 ], [ 121.75277675000018, 14.141136867000057 ], [ 121.755549023000299, 14.138618974000053 ], [ 121.76054820600018, 14.132957765000128 ], [ 121.767941929000017, 14.126761737000152 ], [ 121.768841174000045, 14.125407082000038 ], [ 121.769106836000219, 14.12391052800001 ], [ 121.770105323000166, 14.124161019000042 ], [ 121.77002117100028, 14.125159815000075 ], [ 121.770562288000065, 14.125591424 ], [ 121.771150265000074, 14.124727291 ], [ 121.770621589000029, 14.124448229 ], [ 121.771283626000013, 14.124021274000143 ], [ 121.770762424000054, 14.12384088500005 ], [ 121.771809777000158, 14.122795654000129 ], [ 121.773767585000087, 14.121709790000182 ], [ 121.778880263000019, 14.117427925000015 ], [ 121.796265644000073, 14.105597262 ], [ 121.799980007000045, 14.103182848000074 ], [ 121.800907900000311, 14.102975834000176 ], [ 121.802430708000202, 14.100963348000107 ], [ 121.805827741000144, 14.099078149000036 ], [ 121.806959308000046, 14.097408801000086 ], [ 121.807363467000073, 14.096067137000091 ], [ 121.808114274000104, 14.095909202000087 ], [ 121.81134324300001, 14.093193849000045 ], [ 121.811693509000179, 14.092078234000041 ], [ 121.814250554000068, 14.090397904000099 ], [ 121.817634016000056, 14.089077142000065 ], [ 121.819276970000146, 14.08810808700008 ], [ 121.82017173700001, 14.085484041000029 ], [ 121.824076445000173, 14.082021821000069 ], [ 121.829665114000136, 14.079051268000057 ], [ 121.833946836000109, 14.077531226000076 ], [ 121.836161053000296, 14.076364531000081 ], [ 121.842493418000117, 14.074376040000118 ], [ 121.846680603000095, 14.072705909000035 ], [ 121.846899390000203, 14.072350227000072 ], [ 121.846563482000079, 14.071618394000041 ], [ 121.846971144000122, 14.070940262000079 ], [ 121.849391041000217, 14.068992320000177 ], [ 121.851300136000191, 14.06692786300016 ], [ 121.853260360000149, 14.065510908000078 ], [ 121.855667090000111, 14.064446391 ], [ 121.857557481000185, 14.062743179000108 ], [ 121.858231513000192, 14.061801238000101 ], [ 121.858451274000117, 14.060481566000135 ], [ 121.859517129000096, 14.059248528000069 ], [ 121.861178799000072, 14.058386702000178 ], [ 121.862594438000087, 14.058117387000038 ], [ 121.864685487000202, 14.055546218000188 ], [ 121.86929477800004, 14.05334034200007 ], [ 121.870630892, 14.050420726000084 ], [ 121.872643332000052, 14.048599524000053 ], [ 121.876236114000108, 14.046806686000025 ], [ 121.87828505400023, 14.044255739000107 ], [ 121.881144159000087, 14.042993673000126 ], [ 121.883215570000061, 14.041682187000163 ], [ 121.884094340000161, 14.040445372000022 ], [ 121.886396355000102, 14.035623007000083 ], [ 121.889444150000145, 14.032415186000151 ], [ 121.892313237000167, 14.030543447000071 ], [ 121.89293118400019, 14.028306108000152 ], [ 121.897280927000111, 14.024659005000103 ], [ 121.897595901000045, 14.022567879000121 ], [ 121.898368019000031, 14.021650606000151 ], [ 121.898454562000097, 14.020162131000177 ], [ 121.899274793000018, 14.018735305000064 ], [ 121.903781784000216, 14.014933762000055 ], [ 121.907183941000085, 14.011143154000081 ], [ 121.90813037400028, 14.010588971000175 ], [ 121.911463520000211, 14.014965658 ], [ 121.911368609000078, 14.015280807000067 ], [ 121.911640633000047, 14.015271693000045 ], [ 121.911649878000162, 14.015029454000114 ], [ 121.90825286300003, 14.010513917000026 ], [ 121.911080772000105, 14.008824921000041 ], [ 121.916706509000164, 14.006952748000117 ], [ 121.918204475000039, 14.005307632000097 ], [ 121.918239758000027, 14.004615406000028 ], [ 121.917716181000173, 14.004400802000191 ], [ 121.917851789000224, 14.003223993000063 ], [ 121.919003132000171, 14.002749015000063 ], [ 121.919125375000249, 14.004826850000086 ], [ 121.919410907000042, 14.005201535000083 ], [ 121.920996433000028, 14.00459207800003 ], [ 121.922168766000254, 14.003638602000024 ], [ 121.925124536000226, 14.002166770000088 ], [ 121.928619256000047, 14.000742732000049 ], [ 121.930354573000159, 14.002268679999986 ], [ 121.928785788000141, 14.00084927100005 ], [ 121.928910877000021, 13.999864839000168 ], [ 121.931744468000147, 13.997551101 ], [ 121.933053611000219, 13.99704139500011 ], [ 121.933644876000017, 13.996188581000069 ], [ 121.935515358000202, 13.995103110000059 ], [ 121.93584649200011, 13.994679714000029 ], [ 121.935717841000042, 13.994228939000095 ], [ 121.936232004000203, 13.994536973000038 ], [ 121.944229876, 13.991111792000027 ], [ 121.944816763000063, 13.990460581999969 ], [ 121.944518435000077, 13.989944282000067 ], [ 121.945390517000078, 13.989241354000171 ], [ 121.945513789000188, 13.988508342000102 ], [ 121.95008791000032, 13.98640616900019 ], [ 121.954702041000132, 13.984924191000118 ], [ 121.959158135000052, 13.984203600000114 ], [ 121.960061395000025, 13.982684014000142 ], [ 121.960146034000104, 13.983303203000105 ], [ 121.963876149000157, 13.982817134000129 ], [ 121.96618461200012, 13.982343492000041 ], [ 121.966560118000075, 13.981815433000122 ], [ 121.967247040000075, 13.981994565000036 ], [ 121.975597227000094, 13.980318195000052 ], [ 121.983611937000092, 13.979264601000068 ], [ 121.987349529000085, 13.978217774000086 ], [ 121.991924702, 13.976443496000172 ], [ 121.993647025000087, 13.975290073000053 ], [ 121.997910553000111, 13.971415126000124 ], [ 121.999543240000094, 13.968064420000189 ], [ 121.999695279000321, 13.967164064000144 ], [ 122.001473529, 13.965403224000113 ], [ 122.003919082000152, 13.963636067000152 ], [ 122.006777419000059, 13.961808714000028 ], [ 122.010715822000066, 13.959882141000094 ], [ 122.014590931000043, 13.958978546000026 ], [ 122.01793035500009, 13.957141902000103 ], [ 122.020962974000099, 13.956438744000025 ], [ 122.021364969000047, 13.957514738000043 ], [ 122.021171343000219, 13.95634201900009 ], [ 122.024577543000078, 13.955424567000023 ], [ 122.027941578000195, 13.952936970000167 ], [ 122.029672397000127, 13.952134607000119 ], [ 122.03147588700017, 13.950257034000117 ], [ 122.035586543000136, 13.948088456999983 ], [ 122.035596642000087, 13.947653485999979 ], [ 122.042548587000056, 13.946682104999979 ], [ 122.04530372000022, 13.945704447000082 ], [ 122.047575587000324, 13.944026898000118 ], [ 122.048042437000049, 13.944311553000148 ], [ 122.04804436500001, 13.943705372000181 ], [ 122.049677853000048, 13.943263703000127 ], [ 122.051579720000063, 13.943314482000176 ], [ 122.051506978000134, 13.942884305000177 ], [ 122.054956031000074, 13.941806601 ], [ 122.058461802000011, 13.939766051000106 ], [ 122.061225688000036, 13.93946366300014 ], [ 122.063486131000104, 13.939958022000098 ], [ 122.065228801000103, 13.939782494000156 ], [ 122.066819068000086, 13.93869619700007 ], [ 122.068951867000123, 13.93815747400015 ], [ 122.071428992000165, 13.938334474000044 ], [ 122.073883744000227, 13.937883273000125 ], [ 122.075415612000143, 13.938039772000025 ], [ 122.079139346000034, 13.937185280000165 ], [ 122.080041685000197, 13.937275265000096 ], [ 122.080910020000033, 13.936390927000105 ], [ 122.082264433000091, 13.936064046000126 ], [ 122.082429087000037, 13.936611370000094 ], [ 122.082667984000182, 13.935899544 ], [ 122.085231788000215, 13.935404483000184 ], [ 122.088268134000032, 13.934196154000119 ], [ 122.089990785000055, 13.933948614000087 ], [ 122.092580530000191, 13.932415934000062 ], [ 122.094440361000011, 13.931890077 ], [ 122.094539379000025, 13.931372336000095 ], [ 122.096327067000288, 13.930537334000064 ], [ 122.096980128000041, 13.929840196000157 ], [ 122.09693311100034, 13.928241714000023 ], [ 122.098484462000215, 13.924500998000156 ], [ 122.099019638000073, 13.924050502000171 ], [ 122.099716661000116, 13.924239357999966 ], [ 122.099143197000103, 13.924028359000033 ], [ 122.099206012000195, 13.923484906999988 ], [ 122.099649961000068, 13.92361591000008 ], [ 122.098772669000141, 13.92332281500012 ], [ 122.098338756000203, 13.92260476600012 ], [ 122.100407296000071, 13.923059935000026 ], [ 122.10050506600021, 13.923666194000191 ], [ 122.103251791000048, 13.923973035000074 ], [ 122.102594064000073, 13.923266060000117 ], [ 122.10316781400013, 13.922565570000074 ], [ 122.105964133000043, 13.922304860000168 ], [ 122.109352277000085, 13.925221264000072 ], [ 122.111911952000241, 13.926459569000087 ], [ 122.11295874800021, 13.925609948000044 ], [ 122.112500022000063, 13.925095709000061 ], [ 122.112931528000217, 13.924817640000072 ], [ 122.112733963000096, 13.924408647000064 ], [ 122.113337345000105, 13.924329380000131 ], [ 122.113832720000232, 13.923612701000081 ], [ 122.116155415000094, 13.923155366000174 ], [ 122.118403577000095, 13.923765370000012 ], [ 122.11859529600008, 13.922928282000044 ], [ 122.119949238000231, 13.922094294000146 ], [ 122.120829082000114, 13.921698456000058 ], [ 122.12151355900005, 13.921847649000085 ], [ 122.121652494000045, 13.921474893000152 ], [ 122.124082534000081, 13.920532311000159 ], [ 122.124475929000027, 13.919849304000024 ], [ 122.1249941210001, 13.91972268100011 ], [ 122.125124129000028, 13.920121968000046 ], [ 122.125911813000016, 13.919796752000138 ], [ 122.12602184900004, 13.918964214000141 ], [ 122.125585416000035, 13.917944098000135 ], [ 122.126000219000048, 13.916732537000144 ], [ 122.125782936000064, 13.916494955000019 ], [ 122.126213573000086, 13.916496861000041 ], [ 122.126143680000041, 13.915946794000092 ], [ 122.127447104000112, 13.915262064999979 ], [ 122.12758667200012, 13.914853634000053 ], [ 122.129805450000163, 13.915124567000134 ], [ 122.130326580000087, 13.914702028000079 ], [ 122.130925477000233, 13.91493473800017 ], [ 122.130860335000307, 13.914661551000052 ], [ 122.131236922000085, 13.914649284000177 ], [ 122.133007638000095, 13.9153364390001 ], [ 122.133950999000035, 13.91616535300011 ], [ 122.134783268000092, 13.916225452000049 ], [ 122.135023787000023, 13.914788015 ], [ 122.135276987000225, 13.914913535000096 ], [ 122.135697400000026, 13.914416061000168 ], [ 122.135502341, 13.913716053000144 ], [ 122.136245593000012, 13.913858566000101 ], [ 122.13667627600023, 13.913463890000173 ], [ 122.136552041000186, 13.912993520000157 ], [ 122.137289647000102, 13.912853584000118 ], [ 122.13804583600006, 13.912983494 ], [ 122.138271387000145, 13.913714166000091 ], [ 122.138835805000099, 13.912695023000026 ], [ 122.139610062000315, 13.913278738000088 ], [ 122.1412891330001, 13.913292771000101 ], [ 122.142692303000217, 13.91384314600009 ], [ 122.143006712000329, 13.914189093 ], [ 122.142681235000168, 13.914112000000159 ], [ 122.142534109000053, 13.915030587000047 ], [ 122.143391775000168, 13.916544788000181 ], [ 122.14487565200011, 13.916786241000182 ], [ 122.145819106000204, 13.917564979000133 ], [ 122.146546931000103, 13.917657580000025 ], [ 122.146631912000089, 13.918105551000053 ], [ 122.146969470000158, 13.918126725000036 ], [ 122.1468126970002, 13.918272887000057 ], [ 122.147338300000115, 13.918107963000068 ], [ 122.147462051000161, 13.918445724000037 ], [ 122.147657181000113, 13.917947727000183 ], [ 122.147954722000122, 13.918063677000134 ], [ 122.148004379000213, 13.918388782000136 ], [ 122.149317870000118, 13.919261169000094 ], [ 122.149426315000142, 13.919839394000064 ], [ 122.150186722000058, 13.919989077000139 ], [ 122.150512624000044, 13.919446362000087 ], [ 122.151088519000155, 13.920133254000064 ], [ 122.151583727000116, 13.920091581000065 ], [ 122.151732340000081, 13.91974783600017 ], [ 122.152169218000154, 13.920162318000166 ], [ 122.152428292000081, 13.919680728000117 ], [ 122.152514175000192, 13.920209208000131 ], [ 122.152809640000214, 13.920283880000113 ], [ 122.153703524000093, 13.920170213 ], [ 122.153997376, 13.919786849000104 ], [ 122.154506547000324, 13.920220823000136 ], [ 122.156094898000219, 13.920015274999969 ], [ 122.156486122000047, 13.91959124300007 ], [ 122.156980513, 13.919734332000075 ], [ 122.157712219000018, 13.919278534000057 ], [ 122.158255032000056, 13.918041879000157 ], [ 122.158691426000132, 13.918363068000133 ], [ 122.158682218000081, 13.917928706999987 ], [ 122.15905536400021, 13.918171141000187 ], [ 122.159440786000118, 13.917771175000098 ], [ 122.16010157500034, 13.916384564000055 ], [ 122.16135939600008, 13.916317971000126 ], [ 122.161585778000131, 13.915696105 ], [ 122.1620174950001, 13.915525720000062 ], [ 122.162286511000161, 13.915550311000061 ], [ 122.162396128000069, 13.916035552000153 ], [ 122.162775691000093, 13.91553444900012 ], [ 122.162486312000055, 13.915350075000163 ], [ 122.163353850000021, 13.91482309800017 ], [ 122.164870271000041, 13.914929415000188 ], [ 122.164879007000081, 13.915543312000068 ], [ 122.165292700000123, 13.915470500000083 ], [ 122.165823408000279, 13.915061477000108 ], [ 122.165466811000215, 13.914175393000164 ], [ 122.165819868000199, 13.914210941000078 ], [ 122.166535503000318, 13.915091407999967 ], [ 122.166858040000079, 13.914705911000169 ], [ 122.167272765, 13.915142127000024 ], [ 122.167246270000078, 13.914245834000042 ], [ 122.167669379000017, 13.914325678000068 ], [ 122.167940075000047, 13.913675964000106 ], [ 122.169165553000198, 13.913349032000042 ], [ 122.173818673000028, 13.913377728000114 ], [ 122.175589766000144, 13.915106305000052 ], [ 122.179999013000156, 13.914754400000163 ], [ 122.180089681000027, 13.915355289000047 ], [ 122.181972145000032, 13.915465250000182 ], [ 122.183125944000153, 13.916581477000079 ], [ 122.184147293000024, 13.916393654000103 ], [ 122.184687930000109, 13.915574645000106 ], [ 122.184494697000218, 13.914801154000145 ], [ 122.185676974000216, 13.91438881400012 ], [ 122.186150858000019, 13.91363631400003 ], [ 122.186837877000244, 13.913874551000106 ], [ 122.187226838000015, 13.914205527000149 ], [ 122.187085548000027, 13.914387288000171 ], [ 122.187348387000043, 13.914290863000076 ], [ 122.18789981000009, 13.915570623000121 ], [ 122.18853605400011, 13.915603832000102 ], [ 122.188998313000297, 13.915238144000057 ], [ 122.189359778000266, 13.91550996300009 ], [ 122.190504078000117, 13.914776223000104 ], [ 122.190712157, 13.914910732000124 ], [ 122.190979970000058, 13.914335896000182 ], [ 122.191357271000129, 13.914477959000124 ], [ 122.191925385000218, 13.91390766000012 ], [ 122.193004964000124, 13.912037608000105 ], [ 122.194159345000116, 13.911466798000106 ], [ 122.195177392000232, 13.910469097999965 ], [ 122.195102793000046, 13.909479271000066 ], [ 122.196464497000079, 13.909569716000021 ], [ 122.196857961000092, 13.908822931000145 ], [ 122.197034515000155, 13.909025650000103 ], [ 122.197981036000215, 13.908413343000177 ], [ 122.199521471000025, 13.909180998000181 ], [ 122.199833984000065, 13.91008441300005 ], [ 122.200154516000111, 13.910225750000109 ], [ 122.200642851000111, 13.910331837000115 ], [ 122.200844593000056, 13.909933440000088 ], [ 122.201027650000015, 13.910255540000094 ], [ 122.20153897900002, 13.910194070000159 ], [ 122.201965083000118, 13.909681373000069 ], [ 122.202406755000197, 13.909991013000138 ], [ 122.202581766000208, 13.909526595999978 ], [ 122.203090887000144, 13.909371857000053 ], [ 122.203285547000064, 13.908719409000071 ], [ 122.204351183000199, 13.908383860000129 ], [ 122.20452266600023, 13.907903054000144 ], [ 122.20462185000008, 13.908305269000095 ], [ 122.204914376000147, 13.907855220000101 ], [ 122.204751113000043, 13.907480749000115 ], [ 122.205111706000139, 13.907089905000078 ], [ 122.204929312000104, 13.906467784000029 ], [ 122.205148496000106, 13.90624877800002 ], [ 122.204582844000015, 13.905036224000071 ], [ 122.205285779000064, 13.905254828000011 ], [ 122.205484142000046, 13.904934962000027 ], [ 122.205817478000085, 13.905092294999974 ], [ 122.206550665000236, 13.904765753000163 ], [ 122.208032935, 13.903802241 ], [ 122.208538990000193, 13.903191416000027 ], [ 122.208445615000187, 13.90270560200014 ], [ 122.208745327000088, 13.903017301000091 ], [ 122.208894980000309, 13.902757372000167 ], [ 122.208959068000127, 13.903253393000057 ], [ 122.209289030000036, 13.903327280000042 ], [ 122.209693979000122, 13.902926546000117 ], [ 122.210498084000051, 13.903101790000051 ], [ 122.210945394000191, 13.902678195000078 ], [ 122.210490194000158, 13.902653469000029 ], [ 122.211030179000318, 13.902174448000096 ], [ 122.211515032000079, 13.902431967000155 ], [ 122.21160604600027, 13.90294756100019 ], [ 122.212675875000059, 13.902848351000159 ], [ 122.213213051000139, 13.902728481000167 ], [ 122.213214148000134, 13.902309633000129 ], [ 122.214378990000228, 13.902059807000114 ], [ 122.216921186000036, 13.902120165000099 ], [ 122.219701257000111, 13.901445739999986 ], [ 122.220238472000119, 13.900799271000039 ], [ 122.220678264000071, 13.901158195999983 ], [ 122.220629171000155, 13.900442915000042 ], [ 122.221155524000096, 13.900665495 ], [ 122.22086915400007, 13.900146685000095 ], [ 122.221308677000252, 13.900311230000113 ], [ 122.221121600000174, 13.899879294000073 ], [ 122.221477569000058, 13.899943964999977 ], [ 122.221701633000066, 13.899384708000184 ], [ 122.222528536000027, 13.899305662000017 ], [ 122.224421873000097, 13.897935957000129 ], [ 122.226327999000091, 13.897783796000056 ], [ 122.227528417000258, 13.89839831300003 ], [ 122.228503067000133, 13.89738330400013 ], [ 122.229102061000049, 13.898408552000035 ], [ 122.228251911000257, 13.896853525999973 ], [ 122.228708989000097, 13.896879213000091 ], [ 122.229827934000014, 13.895542883000189 ], [ 122.231178405000151, 13.895442985000102 ], [ 122.231414129000086, 13.894815571000038 ], [ 122.232009768000239, 13.895509442000161 ], [ 122.234920450000232, 13.896132045000058 ], [ 122.236293357000022, 13.897519920000093 ], [ 122.236590155000044, 13.898303649000184 ], [ 122.23669484900006, 13.90162841800003 ], [ 122.236567511000317, 13.901939018000121 ], [ 122.236057462000304, 13.901905597000109 ], [ 122.23608620400023, 13.901521629000172 ], [ 122.235631121000097, 13.9013320090001 ], [ 122.235054384000136, 13.901859068000078 ], [ 122.234574867000106, 13.903406900999983 ], [ 122.234859287000063, 13.903665655999987 ], [ 122.234179765000135, 13.904422735000026 ], [ 122.234339846000125, 13.905803781000088 ], [ 122.234716784000057, 13.905510220000053 ], [ 122.235879401000034, 13.906816800000115 ], [ 122.235780350000141, 13.90708303800011 ], [ 122.236787023000034, 13.907302742000184 ], [ 122.237250351000171, 13.906922186000145 ], [ 122.237458440000069, 13.907287686000188 ], [ 122.238117037000052, 13.906774604000191 ], [ 122.238069218000305, 13.90717177300013 ], [ 122.238264693000019, 13.906989592000059 ], [ 122.238600658000223, 13.907337412000061 ], [ 122.239564568000219, 13.906969317000062 ], [ 122.239589472000148, 13.906400633000089 ], [ 122.239811115000066, 13.90683429600017 ], [ 122.240615031000061, 13.906874508000101 ], [ 122.240647446000139, 13.907251031999976 ], [ 122.240956026000049, 13.906936508000115 ], [ 122.241058069000246, 13.907594614000175 ], [ 122.24191665800015, 13.907896339 ], [ 122.240637370000172, 13.908477952999988 ], [ 122.240849791000073, 13.908730259000095 ], [ 122.240591756000299, 13.908647207000172 ], [ 122.240415856000141, 13.909083162000059 ], [ 122.240565479000225, 13.909817146000023 ], [ 122.240952955000125, 13.910420241000111 ], [ 122.242040167000027, 13.910719312000083 ], [ 122.242897336000283, 13.910271300000147 ], [ 122.243253257000333, 13.910988356000132 ], [ 122.243084937000049, 13.911273941000047 ], [ 122.243410687000051, 13.91179683200005 ], [ 122.243843743000184, 13.91188660500012 ], [ 122.243102616000215, 13.91247104200005 ], [ 122.243018310000025, 13.913423115000057 ], [ 122.242564665000032, 13.914096716000131 ], [ 122.242949152000165, 13.914137559000039 ], [ 122.24279335600022, 13.91438907200012 ], [ 122.243015916000331, 13.914478582000072 ], [ 122.242711908000047, 13.914886691 ], [ 122.242777013000023, 13.914626521000173 ], [ 122.242448710000076, 13.914573461000032 ], [ 122.242479905000096, 13.915408919000072 ], [ 122.242815587000223, 13.915370453999969 ], [ 122.242633794000199, 13.915102805000117 ], [ 122.242886112000065, 13.915022052000097 ], [ 122.243540713000016, 13.916703517000087 ], [ 122.243376312000123, 13.917037971000013 ], [ 122.245058456000038, 13.918257634000156 ], [ 122.245131976000266, 13.918733402000043 ], [ 122.244392128000186, 13.918479920000038 ], [ 122.244770895000102, 13.918887240000174 ], [ 122.244467518000192, 13.918786397000076 ], [ 122.244205708000209, 13.919104388000051 ], [ 122.244371941000168, 13.919895630000099 ], [ 122.244713161000163, 13.919791267000107 ], [ 122.244564174000175, 13.91939561200013 ], [ 122.244905055000231, 13.919461066000054 ], [ 122.245686495000086, 13.918508096000096 ], [ 122.24529734500004, 13.920406168000113 ], [ 122.246115180000061, 13.920759660000044 ], [ 122.245503719000226, 13.920881048000126 ], [ 122.244692069000052, 13.921732413000143 ], [ 122.243910700000129, 13.921469995000109 ], [ 122.243930268000099, 13.923123305000104 ], [ 122.244241970000189, 13.923061325000106 ], [ 122.244027015000029, 13.923246483000185 ], [ 122.244550712000091, 13.924925062000057 ], [ 122.245177043000012, 13.925082156000087 ], [ 122.244908355, 13.925484665999988 ], [ 122.245176601000139, 13.925500190000037 ], [ 122.245662832000107, 13.92688046100011 ], [ 122.246520520000217, 13.927188114000103 ], [ 122.246442849000118, 13.927735220000045 ], [ 122.246819308000113, 13.928454315000124 ], [ 122.246677345000194, 13.92966983499997 ], [ 122.247161784000014, 13.930082553000034 ], [ 122.246825280000053, 13.930192092000141 ], [ 122.247161213000027, 13.930420560000186 ], [ 122.24690584200016, 13.930770573000132 ], [ 122.247187968000048, 13.931190259 ], [ 122.246828967000056, 13.931309928000076 ], [ 122.247396950000052, 13.931321564000143 ], [ 122.247127405000128, 13.931765363000181 ], [ 122.247525923000012, 13.932536357 ], [ 122.248153404000163, 13.932249987000148 ], [ 122.248131737000222, 13.932821932000081 ], [ 122.24844095200001, 13.933083058000022 ], [ 122.247398306000036, 13.934070539000118 ], [ 122.247319233000098, 13.934391898000172 ], [ 122.247604850000016, 13.93450085500001 ], [ 122.247215514000345, 13.934808692 ], [ 122.247510900000066, 13.935028230000057 ], [ 122.247024880000026, 13.935198881000019 ], [ 122.246984107000117, 13.935755130000132 ], [ 122.246560784000053, 13.93568075100012 ], [ 122.246658454000112, 13.936189656000067 ], [ 122.245591526000112, 13.936492610000073 ], [ 122.245797938000123, 13.936695278000116 ], [ 122.244607037000264, 13.937914578000118 ], [ 122.244697209000265, 13.938761338 ], [ 122.243661366000083, 13.943020733000083 ], [ 122.242554865000102, 13.944106640000143 ], [ 122.240567848000069, 13.944223245000103 ], [ 122.239877156000148, 13.944072087000052 ], [ 122.239855903000262, 13.943781110000032 ], [ 122.239559531000054, 13.943908512000121 ], [ 122.238718958000049, 13.943070574000046 ], [ 122.238006281000025, 13.942970136999975 ], [ 122.238070970000081, 13.942554207000057 ], [ 122.237616924, 13.942506531 ], [ 122.237912310000297, 13.943041064999989 ], [ 122.238880991000087, 13.94372078400005 ], [ 122.238656930000047, 13.944390538 ], [ 122.239759143000242, 13.945267863000026 ], [ 122.239028560000065, 13.945634065000149 ], [ 122.239380224000115, 13.94588627800016 ], [ 122.237543584000036, 13.946533325000132 ], [ 122.237417768000228, 13.946151575000158 ], [ 122.237169337000068, 13.946175677000042 ], [ 122.237214628000174, 13.946499513000163 ], [ 122.236010424000142, 13.946338826000101 ], [ 122.235760259000131, 13.945687094 ], [ 122.23540141, 13.945797482999978 ], [ 122.235258588000079, 13.945091296999976 ], [ 122.23431900800017, 13.945208155000103 ], [ 122.233624740000096, 13.944423446000087 ], [ 122.23212953600023, 13.945067914000106 ], [ 122.230964955000218, 13.944968024 ], [ 122.230818382000052, 13.945359327000176 ], [ 122.23060629500003, 13.945092213000066 ], [ 122.230161864000138, 13.945776599000055 ], [ 122.230128488000219, 13.945182043000045 ], [ 122.228870851000011, 13.945071430000041 ], [ 122.228544769000337, 13.94531910500001 ], [ 122.228552058000105, 13.944762491000176 ], [ 122.22793581700023, 13.944087810000042 ], [ 122.227581281000198, 13.944054012000038 ], [ 122.227524333000133, 13.944419573 ], [ 122.227054220000014, 13.943174486000146 ], [ 122.225723506, 13.942912436000086 ], [ 122.225673157000074, 13.942567278000126 ], [ 122.224925369000175, 13.942488938000054 ], [ 122.223878063000029, 13.943028195000181 ], [ 122.223967390000098, 13.942827622000038 ], [ 122.223200717000168, 13.943002332999981 ], [ 122.222112418000052, 13.942598516999965 ], [ 122.22226765400012, 13.943152696000084 ], [ 122.221941801000071, 13.943529430000183 ], [ 122.221924509000019, 13.944570872000043 ], [ 122.221285416000228, 13.94526066800006 ], [ 122.221621465000226, 13.945698702000072 ], [ 122.221245716000112, 13.945612195000137 ], [ 122.221313164000208, 13.945997110000064 ], [ 122.220975467000017, 13.94573611900006 ], [ 122.220293473000083, 13.946679751000147 ], [ 122.22072292200005, 13.947155684 ], [ 122.220305923000069, 13.946890254000095 ], [ 122.22021023100001, 13.947387869000124 ], [ 122.220619180000313, 13.947521888000097 ], [ 122.22016269900007, 13.947595215000035 ], [ 122.220735768000054, 13.948611117999974 ], [ 122.218628631000229, 13.948530745000028 ], [ 122.218040415000019, 13.948763089000067 ], [ 122.218173708000108, 13.949356217000116 ], [ 122.21765275700011, 13.948790957000028 ], [ 122.215400295000109, 13.949148038000033 ], [ 122.213739219000104, 13.949796842000069 ], [ 122.213824627000122, 13.950254767 ], [ 122.213554997000188, 13.949921583000162 ], [ 122.212912395000103, 13.950521100000117 ], [ 122.2135538120001, 13.951180510000142 ], [ 122.213048457000014, 13.951257348000127 ], [ 122.213119851000215, 13.951589270000056 ], [ 122.212253601000157, 13.953019405000134 ], [ 122.211596904000089, 13.953003739999986 ], [ 122.211268079000092, 13.953398294000124 ], [ 122.210814870000036, 13.952743720000171 ], [ 122.209971258000223, 13.952693011000122 ], [ 122.209596284000099, 13.952346606000162 ], [ 122.208098391000021, 13.953067402000102 ], [ 122.207508577000112, 13.955882143000053 ], [ 122.207352966000144, 13.955548420000071 ], [ 122.206999766000195, 13.955929690000175 ], [ 122.206586134000077, 13.956755710000095 ], [ 122.206755416000078, 13.956987427 ], [ 122.206053391000296, 13.957296963000033 ], [ 122.20563295300019, 13.958006778000083 ], [ 122.204742340000053, 13.95833393700002 ], [ 122.204946059, 13.958665985000152 ], [ 122.204585622000081, 13.95835332300004 ], [ 122.20431067800007, 13.958557249000023 ], [ 122.204586483000071, 13.95910440900019 ], [ 122.203984933000015, 13.959050030000071 ], [ 122.203312388000086, 13.959546359000171 ], [ 122.203368241000021, 13.959890897999969 ], [ 122.202950547000114, 13.959780110000054 ], [ 122.20266786000002, 13.960128578000138 ], [ 122.202940372000057, 13.960380683000096 ], [ 122.20243124000001, 13.960154617000057 ], [ 122.201403097000139, 13.960516173000144 ], [ 122.200783733000208, 13.96009810400011 ], [ 122.200663539000061, 13.960548417000155 ], [ 122.1997022500002, 13.959976955000116 ], [ 122.198982171000011, 13.961114745000089 ], [ 122.199086368000053, 13.961408456000129 ], [ 122.199546942000097, 13.961310271000116 ], [ 122.199390840000206, 13.961720734000039 ], [ 122.198131017000151, 13.96304423000015 ], [ 122.197765358000311, 13.962934740000151 ], [ 122.196753859000069, 13.963702211000111 ], [ 122.196527614000047, 13.964479052 ], [ 122.196832237000081, 13.964720498000077 ], [ 122.19613221800023, 13.965747214000146 ], [ 122.195773909000081, 13.966146368000125 ], [ 122.194945613000186, 13.966165504000116 ], [ 122.194250692000082, 13.967117028000132 ], [ 122.193805458000043, 13.967222227000036 ], [ 122.193982554000172, 13.967780196000149 ], [ 122.193769821000046, 13.967673840000032 ], [ 122.193585649000056, 13.968029660000184 ], [ 122.193797491000055, 13.968919136000011 ], [ 122.193363884000064, 13.968749285000115 ], [ 122.193457819000173, 13.969362396000122 ], [ 122.192940421000117, 13.97060685200006 ], [ 122.191900206000014, 13.971161158000086 ], [ 122.192076617000112, 13.971827307000069 ], [ 122.191616524000096, 13.971697296000059 ], [ 122.191315634000148, 13.971957264000082 ], [ 122.191775496000105, 13.972984196000141 ], [ 122.191519487000051, 13.974050068 ], [ 122.191850171000056, 13.974265638000077 ], [ 122.191428671000153, 13.97437276800008 ], [ 122.191221966000171, 13.975405384000055 ], [ 122.190769438000075, 13.975500147 ], [ 122.190892659000042, 13.976231579000114 ], [ 122.190107828, 13.976617431000079 ], [ 122.190270893000047, 13.977072748000182 ], [ 122.189998146000335, 13.977199378000023 ], [ 122.190338730000121, 13.97750595600013 ], [ 122.189999868000086, 13.977651701000013 ], [ 122.19004507000011, 13.978869563000103 ], [ 122.190535556000214, 13.979525815000045 ], [ 122.190181039000095, 13.979715135000049 ], [ 122.190278696000064, 13.980372645000102 ], [ 122.189739906000113, 13.980890061000082 ], [ 122.189895948000071, 13.981090685000026 ], [ 122.189020282000115, 13.981903878000082 ], [ 122.188549467000144, 13.981784004000076 ], [ 122.188704210000083, 13.982300498000029 ], [ 122.188389387000029, 13.981851957000117 ], [ 122.187565201000211, 13.981690202000152 ], [ 122.187395473000038, 13.982251563000148 ], [ 122.18670295700008, 13.98222433400008 ], [ 122.1868009880003, 13.982588099999987 ], [ 122.185196213000154, 13.981914868000104 ], [ 122.18488038800001, 13.98221223600018 ], [ 122.184563821000211, 13.981717241000183 ], [ 122.183786650000116, 13.98181646800009 ], [ 122.183875058000012, 13.982918530000177 ], [ 122.182745069000021, 13.984063756000069 ], [ 122.18292636000001, 13.984409411000172 ], [ 122.182293180000215, 13.984448808000138 ], [ 122.181976215000191, 13.985063559000082 ], [ 122.182490723000114, 13.985339958000168 ], [ 122.182353464000016, 13.985925479000173 ], [ 122.181619671000135, 13.986807511000166 ], [ 122.181226773000162, 13.986824409000121 ], [ 122.18149394600016, 13.98731189300014 ], [ 122.1811918960002, 13.987656661000074 ], [ 122.181407364000052, 13.988376225000081 ], [ 122.181174006000106, 13.989720306000038 ], [ 122.181496965000292, 13.989957219000189 ], [ 122.181121554000015, 13.990537539000059 ], [ 122.181152257, 13.991814823000027 ], [ 122.181743909000147, 13.993851267000139 ], [ 122.182670011000027, 13.995050855999978 ], [ 122.182961608000028, 13.994970118000083 ], [ 122.183754344000135, 13.995734338999966 ], [ 122.184372032000056, 13.99533048700016 ], [ 122.18479310500004, 13.995702861000041 ], [ 122.18526510900017, 13.995259984000086 ], [ 122.18532820300004, 13.995572230000164 ], [ 122.185829499000079, 13.99563364800008 ], [ 122.186259782000093, 13.994935 ], [ 122.186345581000182, 13.995347495000146 ], [ 122.186963485000206, 13.995506605000116 ], [ 122.188015965000204, 13.99550832 ], [ 122.188642108000067, 13.995017686000097 ], [ 122.188971092000088, 13.995255076000035 ], [ 122.18850820800003, 13.995619809000118 ], [ 122.188993203000223, 13.996275055000126 ], [ 122.19057428300016, 13.99683696600016 ], [ 122.19093067100016, 13.996621883000046 ], [ 122.191341764000299, 13.996923672000037 ], [ 122.191605250000066, 13.996675765000077 ], [ 122.192301488000112, 13.996915898000111 ], [ 122.192384985000217, 13.996433561000117 ], [ 122.193030280000016, 13.996619685000041 ], [ 122.193027010000151, 13.996366696000166 ], [ 122.193768774000205, 13.996288872000093 ], [ 122.195139854000104, 13.996516225 ], [ 122.195991579000179, 13.996101399000167 ], [ 122.196195719000229, 13.995481658000131 ], [ 122.19676460800008, 13.995322857000019 ], [ 122.19733460700013, 13.994310209999981 ], [ 122.198939660000178, 13.993397962000188 ], [ 122.199044684000114, 13.992956857000024 ], [ 122.201644712000302, 13.991337854999983 ], [ 122.202121519000229, 13.991450377000092 ], [ 122.202147014000161, 13.990591348000123 ], [ 122.203192174000264, 13.989336414000036 ], [ 122.204383729000028, 13.988999608000086 ], [ 122.204504630000315, 13.988077154000109 ], [ 122.205023545000017, 13.988194132000046 ], [ 122.205194910000046, 13.987706939000134 ], [ 122.205568510000035, 13.987723932000051 ], [ 122.20559323100008, 13.986735345000056 ], [ 122.204963038000074, 13.985658011000055 ], [ 122.205145624000238, 13.985276177000117 ], [ 122.204557348000094, 13.985235995000153 ], [ 122.205183772000055, 13.98409484400014 ], [ 122.205460584000207, 13.984263284000065 ], [ 122.20552972400003, 13.983802256000104 ], [ 122.20610789400007, 13.983712738000179 ], [ 122.206014362000019, 13.983388282000135 ], [ 122.206888583000136, 13.983168704000093 ], [ 122.207088863000195, 13.983503564999978 ], [ 122.207245425000337, 13.98317941900018 ], [ 122.207609524000191, 13.983249380000188 ], [ 122.20748805500034, 13.982852147000074 ], [ 122.208012842000016, 13.983143103000032 ], [ 122.208582083000124, 13.982473535000054 ], [ 122.210003603000132, 13.982784102000039 ], [ 122.210245591000103, 13.98247690200003 ], [ 122.210184833000199, 13.982904045000112 ], [ 122.211225143000092, 13.981879651000099 ], [ 122.211058562000062, 13.980999737000104 ], [ 122.211376580000092, 13.98088582400004 ], [ 122.211475254000106, 13.981350213000155 ], [ 122.212316322000106, 13.981430757000055 ], [ 122.212586331000125, 13.981228373000022 ], [ 122.212507929000026, 13.980462995000096 ], [ 122.213752267000132, 13.980956985000148 ], [ 122.213783866000199, 13.980406042000141 ], [ 122.214128222000113, 13.980492119000019 ], [ 122.214748209000163, 13.97969785500004 ], [ 122.215020534000018, 13.979986526000062 ], [ 122.215554887000053, 13.979698727000141 ], [ 122.215537924000046, 13.979225679000081 ], [ 122.216292122000027, 13.979033610000045 ], [ 122.216619201000071, 13.979414844000189 ], [ 122.216683118000105, 13.979068220000102 ], [ 122.217051120000178, 13.97902694000004 ], [ 122.216834953000102, 13.978631760000042 ], [ 122.21713005700019, 13.978433743999972 ], [ 122.218442928000059, 13.978001495 ], [ 122.218445679000183, 13.978636985000037 ], [ 122.219094781000081, 13.978381426000112 ], [ 122.21961068600001, 13.978776181000171 ], [ 122.220906688000127, 13.978852373000109 ], [ 122.220280178000166, 13.978340953000043 ], [ 122.22115009100014, 13.978580030000046 ], [ 122.221296123000116, 13.978334408000137 ], [ 122.222334419000049, 13.978826997000112 ], [ 122.224138655000274, 13.978991336000149 ], [ 122.22383351800022, 13.978751419000105 ], [ 122.224044811000113, 13.978290301000129 ], [ 122.22426757900007, 13.978919691000158 ], [ 122.224775228000112, 13.978598133 ], [ 122.225499802000058, 13.978844624000089 ], [ 122.225546859000133, 13.978219342000045 ], [ 122.227098169000215, 13.979156994000164 ], [ 122.226843785000142, 13.978521299000022 ], [ 122.227745234000167, 13.978310485000179 ], [ 122.228171336000059, 13.978519292000158 ], [ 122.2277509070002, 13.979072421000183 ], [ 122.228344700000207, 13.979277908000029 ], [ 122.22897898400015, 13.979143297000178 ], [ 122.228791454000088, 13.978107484000191 ], [ 122.229388148000226, 13.978033525 ], [ 122.229655207000064, 13.978104048000091 ], [ 122.229792088000067, 13.978925365000066 ], [ 122.230088322000029, 13.97890837 ], [ 122.230381158000114, 13.978176580000024 ], [ 122.230763704000196, 13.978107090000151 ], [ 122.230713056000241, 13.978466402000038 ], [ 122.231988291000107, 13.978013229000112 ], [ 122.232094823000125, 13.977622995000161 ], [ 122.231829225000183, 13.977578925000046 ], [ 122.232385525000154, 13.977119578000156 ], [ 122.232545519000041, 13.976474093000149 ], [ 122.232196823000208, 13.976261646000069 ], [ 122.233122704000152, 13.975724918000026 ], [ 122.233418272000108, 13.976105004000033 ], [ 122.234386287, 13.976066041000138 ], [ 122.234855132000121, 13.974929650000149 ], [ 122.234643605000088, 13.974773659000107 ], [ 122.235212015000116, 13.97478124200012 ], [ 122.23469540300016, 13.974222458999975 ], [ 122.234040171000061, 13.97450364499997 ], [ 122.233852052000088, 13.974348365000083 ], [ 122.234685963000061, 13.974061700999982 ], [ 122.234250406000228, 13.973421814000062 ], [ 122.234887834, 13.97282768600013 ], [ 122.235325314000079, 13.972833253000147 ], [ 122.235282984000037, 13.97252495500004 ], [ 122.236028647000012, 13.972706505000133 ], [ 122.236546015000158, 13.972139847000165 ], [ 122.237261997000019, 13.972811499000102 ], [ 122.237234486000034, 13.973128968000026 ], [ 122.237732669000138, 13.972919680000132 ], [ 122.238370339000085, 13.973177574000147 ], [ 122.238359277000086, 13.972817651000128 ], [ 122.238746856000034, 13.97313777200003 ], [ 122.239158864000046, 13.972490275000041 ], [ 122.23922086600021, 13.973033958000144 ], [ 122.240298802000098, 13.972622935000174 ], [ 122.240265352000165, 13.972953084000039 ], [ 122.241408720000095, 13.973161843000184 ], [ 122.241332034000266, 13.973602521000032 ], [ 122.24201438800003, 13.973622071000023 ], [ 122.242454383000108, 13.973166440000114 ], [ 122.242709912000237, 13.973586674000046 ], [ 122.242876004000095, 13.973179185000163 ], [ 122.243513538000116, 13.973384073000091 ], [ 122.244299022000064, 13.972860050000122 ], [ 122.244643621000137, 13.973088328000017 ], [ 122.244851936000032, 13.972620101000075 ], [ 122.245239274000255, 13.972938219000127 ], [ 122.245440473000144, 13.972450799000114 ], [ 122.246673850000093, 13.972223405000136 ], [ 122.24737132000007, 13.971719660000133 ], [ 122.24767655900007, 13.9719607830001 ], [ 122.248046078000016, 13.971495105000088 ], [ 122.247690782000063, 13.971109211000169 ], [ 122.248203402000058, 13.97119390600011 ], [ 122.247918393000191, 13.97070498700009 ], [ 122.248157005000053, 13.970397684000147 ], [ 122.248655721000091, 13.970190942000102 ], [ 122.248530482000092, 13.970655373000056 ], [ 122.249340618000019, 13.970423232000144 ], [ 122.249398259000031, 13.969715947000168 ], [ 122.249986162000141, 13.96991520500012 ], [ 122.2498356010002, 13.96929036500012 ], [ 122.250491535000037, 13.969486164000045 ], [ 122.250533095000151, 13.969843831000048 ], [ 122.25082451500009, 13.969664368000053 ], [ 122.252173630000243, 13.970110065000085 ], [ 122.252033548000213, 13.969679911000185 ], [ 122.252773669000248, 13.970301636000045 ], [ 122.254637230000185, 13.9706022310001 ], [ 122.256309223000017, 13.97035022200015 ], [ 122.25650234200009, 13.969915384000046 ], [ 122.256849809000187, 13.97016077000012 ], [ 122.257901481000204, 13.969893178000177 ], [ 122.257851254000343, 13.969627597000112 ], [ 122.258504792000053, 13.96999489600006 ], [ 122.259779058000163, 13.969745685000134 ], [ 122.260136543000158, 13.969969890000129 ], [ 122.260373161000075, 13.969729778000158 ], [ 122.260502479000024, 13.970003836999979 ], [ 122.261404139000092, 13.97009528500007 ], [ 122.262402233000216, 13.969965447 ], [ 122.262263848000089, 13.969620255000052 ], [ 122.262472049000166, 13.969538873999966 ], [ 122.262550634000149, 13.969899671000064 ], [ 122.263464452000107, 13.970055391000187 ], [ 122.265437389000226, 13.969767218000015 ], [ 122.266048546000206, 13.969415412000046 ], [ 122.266063113000087, 13.969080792999989 ], [ 122.267291914000225, 13.969020799000191 ], [ 122.267317891000175, 13.968653660000086 ], [ 122.268195162000211, 13.968376344999967 ], [ 122.268299498000147, 13.967939725000065 ], [ 122.268547910000052, 13.968170676000113 ], [ 122.268898454000123, 13.967739834000156 ], [ 122.270102129000179, 13.967460367000058 ], [ 122.270354540000199, 13.967236363000154 ], [ 122.270151244000203, 13.967165088000058 ], [ 122.270028391000096, 13.966897004000032 ], [ 122.270512479000331, 13.967202991000079 ], [ 122.271201556000051, 13.966101652000134 ], [ 122.270924496000021, 13.966100803000188 ], [ 122.27075561200013, 13.96538925599998 ], [ 122.270306892000121, 13.96555536700015 ], [ 122.270492731000104, 13.965315385 ], [ 122.269798011000034, 13.964061111000149 ], [ 122.269782698000085, 13.963219648000063 ], [ 122.26917297600005, 13.963058726999975 ], [ 122.269697567000094, 13.963003702000151 ], [ 122.269775383000137, 13.962439804000041 ], [ 122.26930070200001, 13.961922579000145 ], [ 122.269583632000149, 13.961782630000187 ], [ 122.26901230600015, 13.960715405000087 ], [ 122.269238191000113, 13.960505405000106 ], [ 122.271081178000031, 13.961107495000022 ], [ 122.271330670000111, 13.960842965000154 ], [ 122.272498625000026, 13.96128758499998 ], [ 122.272640424000087, 13.960992017000081 ], [ 122.272858760000076, 13.96118994 ], [ 122.272638022000251, 13.961343920000161 ], [ 122.273433273000023, 13.961950795000178 ], [ 122.273694836000118, 13.961623955000107 ], [ 122.273801974000094, 13.962003493999987 ], [ 122.27532087800023, 13.962688135000064 ], [ 122.275688768000123, 13.962154693000173 ], [ 122.278218239000012, 13.961011165000059 ], [ 122.27834237400009, 13.96041021700006 ], [ 122.277852083000084, 13.95962662400018 ], [ 122.278267833000086, 13.958889830000146 ], [ 122.278872335000187, 13.959004748000041 ], [ 122.278715952000084, 13.959291379000035 ], [ 122.279013927000165, 13.959667367000065 ], [ 122.279691817000071, 13.959707140000091 ], [ 122.279861443000073, 13.959228656000107 ], [ 122.279959525000208, 13.959628757000075 ], [ 122.280286876000218, 13.959299406000071 ], [ 122.280143567000209, 13.959074714000167 ], [ 122.279461143000049, 13.959363499000119 ], [ 122.279691720000187, 13.958999930000175 ], [ 122.28101214000003, 13.958579332 ], [ 122.281292749000045, 13.958200210000086 ], [ 122.282957304000206, 13.957833627000014 ], [ 122.286711022000077, 13.959202332000018 ], [ 122.286447753000061, 13.960587222000072 ], [ 122.286954603000254, 13.959399592000011 ], [ 122.287295694000136, 13.959418306000146 ], [ 122.290120547000015, 13.960449718000064 ], [ 122.289967444000013, 13.961043651000068 ], [ 122.290152190000072, 13.960459091000189 ], [ 122.290961339000091, 13.960622016000116 ], [ 122.29674878000003, 13.960077009000031 ], [ 122.296911256000158, 13.959568723000075 ], [ 122.298842306000211, 13.959299013000134 ], [ 122.302059835000023, 13.960455999000146 ], [ 122.302248492000103, 13.961527664000073 ], [ 122.301433554000027, 13.962232334000078 ], [ 122.301478585000268, 13.963168082999971 ], [ 122.303279799000052, 13.965626524000072 ], [ 122.303641391000156, 13.96756288600011 ], [ 122.305671132000157, 13.968914639000104 ], [ 122.306719955000176, 13.972230956000146 ], [ 122.303059596000253, 13.977694947999964 ], [ 122.300980188000153, 13.978877394000108 ], [ 122.30114599500007, 13.980343473000175 ], [ 122.299846805000129, 13.983009152000022 ], [ 122.298592945000109, 13.98425139800014 ], [ 122.298055084000111, 13.986381297000037 ], [ 122.296832731000109, 13.988262840000061 ], [ 122.296090310000068, 13.988386058000117 ], [ 122.295933569000113, 13.989183481000111 ], [ 122.295228310000084, 13.989979380000136 ], [ 122.294326316000138, 13.990331157000014 ], [ 122.294113865000213, 13.990967684 ], [ 122.293490123000083, 13.99110319600004 ], [ 122.293408999, 13.991588786000079 ], [ 122.294277939000267, 13.992031788000133 ], [ 122.295457590000069, 13.991685296000071 ], [ 122.295822532000102, 13.992552268000054 ], [ 122.295525805000011, 13.992861267000137 ], [ 122.296683517000019, 13.99384791500006 ], [ 122.296945400000141, 13.994324751000079 ], [ 122.296743495000214, 13.994491982000113 ], [ 122.29760008500034, 13.994642742000167 ], [ 122.29858885900012, 13.994305241000063 ], [ 122.299123398, 13.994834813000182 ], [ 122.299935916000095, 13.996096636 ], [ 122.299696786000027, 13.997583284000086 ], [ 122.300015177000205, 13.998458773000152 ], [ 122.301915255000154, 14.001278980000166 ], [ 122.305040972000029, 14.000086774000124 ], [ 122.306566143000055, 14.000999546000173 ], [ 122.308242433000032, 14.000827249 ], [ 122.309348299000021, 13.999814097000012 ], [ 122.311207497000055, 13.999101260000089 ], [ 122.312090506000118, 13.997009009000124 ], [ 122.312999179000144, 13.996298978000084 ], [ 122.313653894000026, 13.996095589000049 ], [ 122.314214551000305, 13.996556904000101 ], [ 122.314545528000053, 13.996480049000013 ], [ 122.314552212000081, 13.996229244000176 ], [ 122.31390513100007, 13.996052390000102 ], [ 122.31383356300023, 13.995350980000126 ], [ 122.315168662000133, 13.994650571000022 ], [ 122.316642494, 13.993077978000031 ], [ 122.316963183000212, 13.995155428000146 ], [ 122.316857453000011, 13.997223178000127 ], [ 122.315345950000051, 13.997849903000031 ], [ 122.31425644300009, 14.000685760000124 ], [ 122.313602826000078, 14.001490115000138 ], [ 122.313445280000337, 14.002609121000035 ], [ 122.312741668000058, 14.003441316000021 ], [ 122.30950282300023, 14.00557802100019 ], [ 122.312179196000216, 14.007482632000119 ], [ 122.312524797000151, 14.009216419000097 ], [ 122.31337122900004, 14.009795705000101 ], [ 122.313874852000026, 14.010846678000064 ], [ 122.315401819000158, 14.012361563000127 ], [ 122.316156107000211, 14.011920663000069 ], [ 122.318825939000135, 14.012016328000072 ], [ 122.319175913000095, 14.013393122000082 ], [ 122.320281268000031, 14.014203185999975 ], [ 122.320659800000044, 14.017198440000186 ], [ 122.32239856800004, 14.018221083000185 ], [ 122.323457905000055, 14.019318215000169 ], [ 122.323696524000184, 14.020129611000129 ], [ 122.322876614000165, 14.021720877000178 ], [ 122.322330861000069, 14.021946387000185 ], [ 122.320608221000157, 14.022049848000165 ], [ 122.319672393000019, 14.021637340000098 ], [ 122.318469916000026, 14.021638785000164 ], [ 122.317843510000102, 14.022050301000093 ], [ 122.317473146000225, 14.023690176000173 ], [ 122.315825478000079, 14.022705710000025 ], [ 122.316163641000117, 14.021706671000061 ], [ 122.315869382000187, 14.021292851000112 ], [ 122.314869158000079, 14.021464259000084 ], [ 122.314942899000016, 14.022705843000153 ], [ 122.313089453000089, 14.022406415999967 ], [ 122.311367080000196, 14.021618296000156 ], [ 122.310808040000097, 14.021033252000052 ], [ 122.310829151, 14.019891906000112 ], [ 122.311673078000126, 14.019184085000063 ], [ 122.311706383000114, 14.018774650000069 ], [ 122.31052919900003, 14.017514049000113 ], [ 122.307941667000023, 14.01126947299997 ], [ 122.305598501000077, 14.012982620000059 ], [ 122.302831008000339, 14.012734772000158 ], [ 122.301964816000122, 14.012874823000118 ], [ 122.300310151000076, 14.013930683000069 ], [ 122.29969939800003, 14.013273423000044 ], [ 122.297575195000036, 14.014044902000023 ], [ 122.296613373000241, 14.014793047000012 ], [ 122.296545665000167, 14.015206570000032 ], [ 122.296220529000038, 14.015190040000107 ], [ 122.295968553000193, 14.015946470000188 ], [ 122.295454456000016, 14.015936539000165 ], [ 122.295304265000141, 14.015515065999978 ], [ 122.294946769000035, 14.01581564300011 ], [ 122.293616462000159, 14.01534816800006 ], [ 122.292481397000302, 14.016288420000024 ], [ 122.292448290000152, 14.016857057000095 ], [ 122.291987169000095, 14.016325825000024 ], [ 122.291818129000148, 14.016516549000187 ], [ 122.290954634000059, 14.016229502000158 ], [ 122.290008116000081, 14.016905735000023 ], [ 122.289772890000108, 14.01765439400009 ], [ 122.289309895000088, 14.017659709999975 ], [ 122.288261614000135, 14.018403724000109 ], [ 122.287475142000062, 14.019907643000067 ], [ 122.286872495000011, 14.01968005100008 ], [ 122.286884425000153, 14.020381111000177 ], [ 122.286084353000206, 14.020735142999968 ], [ 122.285785006000197, 14.021275713000136 ], [ 122.285872401000233, 14.022051914000144 ], [ 122.285417995000103, 14.022708915000067 ], [ 122.285564842000099, 14.023427094000056 ], [ 122.285908146000111, 14.023508845000151 ], [ 122.285556164000127, 14.023698455000044 ], [ 122.286053873000014, 14.02463415200009 ], [ 122.286266420000061, 14.02478050700006 ], [ 122.286552047000214, 14.024459669000123 ], [ 122.287039875000232, 14.025035392000063 ], [ 122.286553328000196, 14.025296444 ], [ 122.287084832000119, 14.02626744100013 ], [ 122.286870154000098, 14.02671201600009 ], [ 122.287610557000221, 14.027407591000156 ], [ 122.287875765000081, 14.029029600000172 ], [ 122.288493135000181, 14.029628474000162 ], [ 122.288197132000164, 14.030489954000188 ], [ 122.288931406000302, 14.032749368999987 ], [ 122.288606339000012, 14.033422949000112 ], [ 122.28871394600003, 14.036269546000028 ], [ 122.288064235000093, 14.037885488000143 ], [ 122.288696632000097, 14.038122406000014 ], [ 122.288344594000023, 14.038644696000063 ], [ 122.287403712000014, 14.038911253000038 ], [ 122.286793362000139, 14.039464058000021 ], [ 122.28612312600012, 14.038621294999984 ], [ 122.285249133000207, 14.038491827000144 ], [ 122.284564446000104, 14.040109450000102 ], [ 122.283901709000247, 14.040542594999977 ], [ 122.283727089000195, 14.039260093000109 ], [ 122.282985504000067, 14.037615751000146 ], [ 122.282114205000198, 14.037141080000026 ], [ 122.281620701000179, 14.03721393100011 ], [ 122.281828956000254, 14.0387128590001 ], [ 122.282334356000206, 14.039409501000023 ], [ 122.282523851000292, 14.041176134000125 ], [ 122.281366907, 14.041485869000041 ], [ 122.28098844100009, 14.04256164700007 ], [ 122.280082363000247, 14.043164010999988 ], [ 122.279873166000129, 14.043718634000129 ], [ 122.279277518000185, 14.04343245900003 ], [ 122.278862173000221, 14.043592367000088 ], [ 122.280044760000123, 14.039933499000028 ], [ 122.278695593000066, 14.036317260999965 ], [ 122.277263337000022, 14.036065311000073 ], [ 122.276481576000151, 14.03550282100008 ], [ 122.276015038000082, 14.035615629000176 ], [ 122.275018328000215, 14.037729988000081 ], [ 122.275416724000138, 14.037907651000125 ], [ 122.275129747000278, 14.038310404000129 ], [ 122.275312071000258, 14.038511734999986 ], [ 122.274844167000083, 14.038543448000041 ], [ 122.274426824000102, 14.039192055000171 ], [ 122.273827710000091, 14.03895767500012 ], [ 122.272567307000031, 14.039559772000132 ], [ 122.27315891100011, 14.041024251000067 ], [ 122.272771816000159, 14.041901900000084 ], [ 122.272239614000114, 14.042185754000172 ], [ 122.272119172000316, 14.04315832400016 ], [ 122.272390402000042, 14.043590456 ], [ 122.2717446810002, 14.044078195000168 ], [ 122.27170681400014, 14.044820221000066 ], [ 122.271433503000026, 14.044195662 ], [ 122.269947788000081, 14.04521093600016 ], [ 122.26990456700014, 14.045902293000097 ], [ 122.268797651000227, 14.046697758000107 ], [ 122.268160389000059, 14.047906456000078 ], [ 122.2683316560001, 14.048223514000028 ], [ 122.268965642000012, 14.048255747000098 ], [ 122.268785342000342, 14.048494941 ], [ 122.268290447000027, 14.048796159000062 ], [ 122.267761355000061, 14.048435957000095 ], [ 122.267415861000131, 14.049477264000188 ], [ 122.266926011000237, 14.049413774000072 ], [ 122.266144760000202, 14.050454535000142 ], [ 122.265421658000037, 14.050813938000147 ], [ 122.264968320000207, 14.050930963000155 ], [ 122.263699668000186, 14.05025817600017 ], [ 122.262714103000121, 14.050561265000113 ], [ 122.26212627800021, 14.052610489000187 ], [ 122.260199095000189, 14.054168722000043 ], [ 122.25850041300032, 14.054134676000103 ], [ 122.257811789000016, 14.053823352000109 ], [ 122.256888367000215, 14.054049560000124 ], [ 122.256718832000047, 14.054532644000176 ], [ 122.256641570000056, 14.054041666000046 ], [ 122.255861815000117, 14.053773325000122 ], [ 122.255355596000072, 14.052964520000103 ], [ 122.25453700300011, 14.053044824000153 ], [ 122.253958565000062, 14.053588908000052 ], [ 122.254084063000164, 14.054425431000084 ], [ 122.253248673000144, 14.055117898000105 ], [ 122.253279035000105, 14.055688912000051 ], [ 122.252936593000072, 14.055603551000047 ], [ 122.253146169000161, 14.055809445000023 ], [ 122.252729642000077, 14.056335219000175 ], [ 122.251474226000141, 14.057403598 ], [ 122.250939342000265, 14.057444193000094 ], [ 122.249652692000041, 14.058901161000051 ], [ 122.248677846000191, 14.059455837000087 ], [ 122.248651848, 14.061140552000154 ], [ 122.247415844000102, 14.061100693000128 ], [ 122.245834157000218, 14.062691919000144 ], [ 122.244188227000109, 14.06266508300007 ], [ 122.243635047000112, 14.064408609000054 ], [ 122.243142038000087, 14.064467660999981 ], [ 122.242373037000334, 14.065321963000144 ], [ 122.241026539000131, 14.065444968000122 ], [ 122.240328971000167, 14.064972645000012 ], [ 122.239632055000015, 14.065276677000156 ], [ 122.239340128000094, 14.066572424000128 ], [ 122.238288687000136, 14.06699602700013 ], [ 122.238156390000086, 14.06741339000007 ], [ 122.237512587000197, 14.067533715000025 ], [ 122.23671254400017, 14.068221650000169 ], [ 122.236478458000192, 14.068904875000158 ], [ 122.236042559000225, 14.06909416600007 ], [ 122.236259094000161, 14.0693360570001 ], [ 122.235742797000285, 14.069490563000102 ], [ 122.235778882000204, 14.070049877000031 ], [ 122.235256117000176, 14.069795237000108 ], [ 122.235334845000125, 14.070073191000176 ], [ 122.23501400300006, 14.070118383000022 ], [ 122.23508105000019, 14.070732219000149 ], [ 122.234782539000093, 14.070434450000107 ], [ 122.233979628000156, 14.070805702000087 ], [ 122.233721430000287, 14.071383779000087 ], [ 122.233012285000314, 14.071519347000105 ], [ 122.232972880000034, 14.071960669000191 ], [ 122.232224656000085, 14.071841438000035 ], [ 122.231989928000189, 14.072261431000015 ], [ 122.232273516000078, 14.073141506000127 ], [ 122.231769094000015, 14.073597012000164 ], [ 122.231012332000091, 14.073704411000051 ], [ 122.230639926000094, 14.074436791000096 ], [ 122.227782564000108, 14.077238390000161 ], [ 122.227265999000224, 14.07699979400013 ], [ 122.226773655000216, 14.077324688000033 ], [ 122.226216631000057, 14.077181833 ], [ 122.225342758000011, 14.077434095000115 ], [ 122.224869102000071, 14.077937190000057 ], [ 122.224519880000116, 14.077835740000012 ], [ 122.224412794000159, 14.078163703000087 ], [ 122.223922742000127, 14.077977415000134 ], [ 122.223202481000271, 14.07833410100011 ], [ 122.222698573000116, 14.078222047000111 ], [ 122.221700217000148, 14.078756198000178 ], [ 122.221455749000029, 14.078448641000023 ], [ 122.221333778000144, 14.078723909000075 ], [ 122.220644007000146, 14.07843245600003 ], [ 122.220592985000053, 14.078712032000055 ], [ 122.219566002000079, 14.078969870000094 ], [ 122.21898073400007, 14.079716666000024 ], [ 122.218563894000113, 14.079744585000128 ], [ 122.21835107600009, 14.079389713000069 ], [ 122.217713126000035, 14.080381596000166 ], [ 122.217051238000181, 14.080644720000066 ], [ 122.216673370000194, 14.082258061000061 ], [ 122.216119363000075, 14.082047706000026 ], [ 122.215177504000053, 14.083173755000189 ], [ 122.214955805000045, 14.082943615000147 ], [ 122.214230294000117, 14.083258449000084 ], [ 122.213754217000087, 14.083917332000169 ], [ 122.213077186000191, 14.08348061900017 ], [ 122.211334208000039, 14.084400611000092 ], [ 122.211079877000202, 14.083553648000077 ], [ 122.210004504000153, 14.08340774800007 ], [ 122.209993834000102, 14.082914133000031 ], [ 122.209244905000219, 14.082195840000168 ], [ 122.208258615000204, 14.081938910000076 ], [ 122.207282471000212, 14.082644771000105 ], [ 122.20570323000004, 14.082589254000027 ], [ 122.205574670000033, 14.083674513000062 ], [ 122.202943978, 14.085158297000078 ], [ 122.202734690000057, 14.084725725000169 ], [ 122.202422531000138, 14.084771626000133 ], [ 122.202604702000144, 14.085076121000043 ], [ 122.201522242000124, 14.085989693000101 ], [ 122.200651009000239, 14.085790847000169 ], [ 122.200823430000014, 14.086585282000101 ], [ 122.200463390000095, 14.085943611 ], [ 122.200371514000153, 14.086513579000098 ], [ 122.199929893000103, 14.086332337000044 ], [ 122.199936988000218, 14.086843432000137 ], [ 122.199439570000095, 14.087182876000156 ], [ 122.199642193000045, 14.087714105000146 ], [ 122.198783308000202, 14.087522031000049 ], [ 122.198234962000129, 14.087967382000045 ], [ 122.197889157000191, 14.08912157400016 ], [ 122.196955188000061, 14.089456169000073 ], [ 122.196477680000044, 14.090341948000059 ], [ 122.194625331000111, 14.09215050600011 ], [ 122.19355852800004, 14.092756069000075 ], [ 122.192754988000047, 14.092786969000144 ], [ 122.191700531000038, 14.094383789000062 ], [ 122.191484617000128, 14.095748553000021 ], [ 122.192294737000225, 14.09624287600019 ], [ 122.193069162000029, 14.097494366000149 ], [ 122.192572054000152, 14.097727742000075 ], [ 122.192172079000215, 14.098804200000188 ], [ 122.190846072000113, 14.098285704000091 ], [ 122.190218711000057, 14.099094029000071 ], [ 122.190231586000095, 14.100115658000163 ], [ 122.191115037000145, 14.100225366000188 ], [ 122.191036483000175, 14.100720803000058 ], [ 122.189995733000046, 14.101778498000044 ], [ 122.189984762000108, 14.103177878000054 ], [ 122.190720936000275, 14.104331790000117 ], [ 122.191185428000153, 14.104517954000073 ], [ 122.191102345000104, 14.104773070000022 ], [ 122.189757064000105, 14.104723091000096 ], [ 122.189308989000097, 14.105027698000129 ], [ 122.188000255000134, 14.104592614000012 ], [ 122.1878216140002, 14.105052268000065 ], [ 122.187449487000094, 14.105077373000086 ], [ 122.187522759000103, 14.105920601000037 ], [ 122.186797181000088, 14.106471627000133 ], [ 122.186997881000025, 14.108489350000013 ], [ 122.186409335, 14.108802842000046 ], [ 122.186897250000129, 14.110096789000067 ], [ 122.186083713000016, 14.110622666000154 ], [ 122.185763911000208, 14.110293806000129 ], [ 122.185140779000335, 14.110533544000077 ], [ 122.185229023000034, 14.110828891000097 ], [ 122.183955549000189, 14.112659938000149 ], [ 122.182601413000043, 14.113218631999985 ], [ 122.182273009000028, 14.112715046000062 ], [ 122.181560438000133, 14.112989560000074 ], [ 122.181377790000283, 14.114562892000038 ], [ 122.181714224000075, 14.115098872000146 ], [ 122.180199885000093, 14.115365979000103 ], [ 122.179305762000126, 14.116396708000082 ], [ 122.179354576000037, 14.116802553000127 ], [ 122.178703340000197, 14.117571465000026 ], [ 122.179090633000101, 14.118026207000128 ], [ 122.178258817000028, 14.11817814300008 ], [ 122.177837829000055, 14.118774286000132 ], [ 122.177883251000253, 14.119395006000161 ], [ 122.177513757000042, 14.119521631000055 ], [ 122.177650774000085, 14.120041293000099 ], [ 122.177029606000019, 14.121296175000168 ], [ 122.176270040000077, 14.122218282000176 ], [ 122.175913843000217, 14.121945433000064 ], [ 122.175358306000021, 14.122414466000066 ], [ 122.17516617800004, 14.123074440000153 ], [ 122.174693626000021, 14.123428054999977 ], [ 122.174427718000061, 14.124598609000032 ], [ 122.173771920000036, 14.124688360999983 ], [ 122.17196499000022, 14.126570718000039 ], [ 122.171558674000039, 14.127449739000042 ], [ 122.170581649000042, 14.128376956000125 ], [ 122.170685003000131, 14.128731497000047 ], [ 122.170286338000096, 14.128923970000073 ], [ 122.170422120000126, 14.129160857000045 ], [ 122.169956889000105, 14.129827702000057 ], [ 122.16957125600004, 14.129882925000118 ], [ 122.168567654000185, 14.130954828000029 ], [ 122.168751479000207, 14.131262855000045 ], [ 122.168245785000067, 14.132321670000181 ], [ 122.168636789000061, 14.132677878000152 ], [ 122.167660715000011, 14.133074737000015 ], [ 122.167004258000134, 14.133988202000012 ], [ 122.166825495000012, 14.134935303000134 ], [ 122.167069883000295, 14.135308268000188 ], [ 122.166616800000043, 14.135694993000129 ], [ 122.166728053000043, 14.136135162000016 ], [ 122.16553443600003, 14.138420931999974 ], [ 122.165905911000095, 14.13961177200008 ], [ 122.165336964000176, 14.140194140000176 ], [ 122.164851618000171, 14.140174801000057 ], [ 122.164597799000035, 14.140742089000128 ], [ 122.164547323000306, 14.142328366000186 ], [ 122.164935991000107, 14.143697909000082 ], [ 122.163950737000164, 14.143668497000135 ], [ 122.164532695000162, 14.143901801000084 ], [ 122.164829570000165, 14.144818843999985 ], [ 122.164607526000054, 14.145174327000177 ], [ 122.165187457000116, 14.145714285999986 ], [ 122.164733254000112, 14.146236047000116 ], [ 122.164858981000179, 14.146925465000152 ], [ 122.1642252930003, 14.147382092000157 ], [ 122.163906841000085, 14.148287690000132 ], [ 122.164030026000091, 14.148625603000085 ], [ 122.164465994000238, 14.148639794000132 ], [ 122.164446581000107, 14.149722939000128 ], [ 122.165201084000159, 14.150094142 ], [ 122.1652101640002, 14.150965985000141 ], [ 122.165813340000341, 14.151316177000126 ], [ 122.166189538000026, 14.151033352000127 ], [ 122.166142575000094, 14.151522302000046 ], [ 122.166417888000069, 14.151707425000041 ], [ 122.165890900000022, 14.151996581000162 ], [ 122.16637887700017, 14.152505670000096 ], [ 122.165649357, 14.152576554000063 ], [ 122.165493374000334, 14.152879645000041 ], [ 122.165901335000058, 14.152934544 ], [ 122.165907699000059, 14.153358941000079 ], [ 122.166156012000101, 14.153374278000172 ], [ 122.165634296000121, 14.154503075000036 ], [ 122.166290414000059, 14.15468338900007 ], [ 122.166078754000068, 14.154993678000039 ], [ 122.165719781, 14.154736268000079 ], [ 122.165739096000038, 14.15516935200003 ], [ 122.164795676000153, 14.15519303800005 ], [ 122.164908463000188, 14.155450915000131 ], [ 122.163857498000198, 14.156710086000146 ], [ 122.163151115000119, 14.156111429000077 ], [ 122.16312468600006, 14.156136006000054 ], [ 122.163846191000061, 14.15672406900012 ], [ 122.163674289000028, 14.157343979000075 ], [ 122.163948753000341, 14.158502683000052 ], [ 122.164381122, 14.158415472 ], [ 122.164535449000027, 14.157960143000082 ], [ 122.164846651000062, 14.158967835000169 ], [ 122.165764673000126, 14.15944504700002 ], [ 122.166329892000135, 14.15886134800013 ], [ 122.167255122000256, 14.158827777000113 ], [ 122.167671630000086, 14.158116693000068 ], [ 122.168197599000223, 14.158498941000062 ], [ 122.168843286000083, 14.157755523000048 ], [ 122.169542856000021, 14.158000360000131 ], [ 122.169978307000065, 14.157679735000158 ], [ 122.169439408000017, 14.156799401000171 ], [ 122.169755726000062, 14.156699771000092 ], [ 122.169500714000037, 14.156361852000089 ], [ 122.170262501000138, 14.156210139000052 ], [ 122.16992218900009, 14.155378085000166 ], [ 122.170249487000092, 14.1551210720001 ], [ 122.170027963000052, 14.154942546000086 ], [ 122.170124443000077, 14.153103669000075 ], [ 122.169591513000228, 14.152499466000108 ], [ 122.169379939000123, 14.150893163000148 ], [ 122.168881071000101, 14.15065670700011 ], [ 122.16905776100009, 14.149771552000175 ], [ 122.169456988000206, 14.149693280000065 ], [ 122.169800742, 14.15022580699997 ], [ 122.170692624000139, 14.149925355 ], [ 122.170587843000021, 14.149466484000129 ], [ 122.171264609000104, 14.149644268000088 ], [ 122.171217584000033, 14.148994809000101 ], [ 122.172180567000055, 14.146293706000165 ], [ 122.172550677000118, 14.146245310999973 ], [ 122.173537095000029, 14.144418447000191 ], [ 122.174178577000021, 14.144566406000081 ], [ 122.174893079000071, 14.143591587000174 ], [ 122.175115278000135, 14.14405398800011 ], [ 122.176131382000335, 14.143846783000129 ], [ 122.176510431000224, 14.141829929000039 ], [ 122.176165821000041, 14.140516238000146 ], [ 122.176579901000082, 14.140733733000104 ], [ 122.177302457000337, 14.139876978000189 ], [ 122.177591347000089, 14.139952802999971 ], [ 122.177761611000165, 14.139384391000021 ], [ 122.177955750000137, 14.139858732000107 ], [ 122.178984751000257, 14.138830213000176 ], [ 122.179753745000085, 14.138735303000146 ], [ 122.180127763000201, 14.137979093000126 ], [ 122.180434452000213, 14.138573197000085 ], [ 122.181457422000108, 14.138882125000066 ], [ 122.181973675000108, 14.138476650000143 ], [ 122.183097108000084, 14.139349521000156 ], [ 122.185183980000261, 14.139942183000187 ], [ 122.186441233000096, 14.13967885600016 ], [ 122.187788519000037, 14.138460553000129 ], [ 122.189210353000249, 14.138502551000101 ], [ 122.189448176000155, 14.140484263000076 ], [ 122.189905943000099, 14.141486701000076 ], [ 122.189441135000038, 14.144696662 ], [ 122.19128158500007, 14.14584094300011 ], [ 122.190938798000047, 14.146830795000085 ], [ 122.190215047000038, 14.147442274000184 ], [ 122.190189452000027, 14.148037544000033 ], [ 122.189341136000166, 14.147867913000141 ], [ 122.188145832000032, 14.148437324999975 ], [ 122.188231066000185, 14.148915309000074 ], [ 122.187542956000016, 14.149705413000106 ], [ 122.187440332000051, 14.151561543000014 ], [ 122.186449288000176, 14.152908363999984 ], [ 122.186630612000044, 14.153804931000025 ], [ 122.186199833000046, 14.153991885000039 ], [ 122.184895214000221, 14.155974107000077 ], [ 122.184920177000208, 14.157001079000167 ], [ 122.184021697000162, 14.157076766000102 ], [ 122.183650962000115, 14.157448737000038 ], [ 122.183852674000036, 14.158922342000039 ], [ 122.183605705000332, 14.160140827000021 ], [ 122.183247374000075, 14.160286241000165 ], [ 122.183392941000307, 14.161472095000079 ], [ 122.182762411000226, 14.161510520000149 ], [ 122.182618286000093, 14.161846271000115 ], [ 122.183874517000049, 14.1625403540001 ], [ 122.183547266000232, 14.163220458000012 ], [ 122.183816556000124, 14.163587083999971 ], [ 122.184218510000164, 14.163524550000147 ], [ 122.18391069300003, 14.164019181000128 ], [ 122.184032540000203, 14.164619354000138 ], [ 122.187026318000107, 14.165439470000138 ], [ 122.187536078000221, 14.164727428000049 ], [ 122.187284949000286, 14.163985457000024 ], [ 122.186948834000077, 14.163915054000142 ], [ 122.187336814000219, 14.16351145800013 ], [ 122.188071462000039, 14.163207709000119 ], [ 122.188041682000062, 14.163482940000108 ], [ 122.188320729000225, 14.163348943000074 ], [ 122.188602366000168, 14.163785124000015 ], [ 122.189008532000344, 14.163806212 ], [ 122.188731307000012, 14.163068747000182 ], [ 122.189123188000053, 14.163408472000128 ], [ 122.190164322000101, 14.162560858000177 ], [ 122.190754336000055, 14.162893069000063 ], [ 122.188911381000025, 14.164938861 ], [ 122.189032454000198, 14.165777032 ], [ 122.188661101000093, 14.166635988 ], [ 122.190161966000232, 14.167418561000034 ], [ 122.189392860000339, 14.168170178000139 ], [ 122.189920157000188, 14.169425442999966 ], [ 122.190589671000339, 14.169945067000185 ], [ 122.190209806000098, 14.170241802000135 ], [ 122.191960346000201, 14.171492830000091 ], [ 122.192283839000197, 14.171406630000035 ], [ 122.192530014000226, 14.171900468000047 ], [ 122.194087677000084, 14.172430178000184 ], [ 122.194232060000218, 14.172950004000029 ], [ 122.195366460000059, 14.173786046000089 ], [ 122.197371368000063, 14.176315118000105 ], [ 122.198503961000029, 14.176988700000038 ], [ 122.20200582800021, 14.176881883000021 ], [ 122.202077013000121, 14.176337524000189 ], [ 122.202499802000034, 14.176276005000148 ], [ 122.202916851000168, 14.176897591000056 ], [ 122.2037132290003, 14.177313046000052 ], [ 122.204354269000078, 14.176727358999983 ], [ 122.204375780000191, 14.177973176000137 ], [ 122.203972263000082, 14.178018234000149 ], [ 122.203818130000059, 14.178461386000038 ], [ 122.204093175000139, 14.179188602000181 ], [ 122.20487593900009, 14.180029054000101 ], [ 122.205587324000021, 14.18000447300011 ], [ 122.206051282000089, 14.180396544000132 ], [ 122.206883973000117, 14.180322260000025 ], [ 122.207145753000077, 14.179808341000012 ], [ 122.207448959000089, 14.179812986000115 ], [ 122.208059300000059, 14.18104433600007 ], [ 122.208537310000224, 14.181347542000083 ], [ 122.208471408000264, 14.181943759000148 ], [ 122.20875391200002, 14.182192717000135 ], [ 122.20817498200006, 14.182826568999985 ], [ 122.208329136000089, 14.183806355000058 ], [ 122.209211482000228, 14.184540532000142 ], [ 122.20930834100011, 14.185008986000184 ], [ 122.20977001100016, 14.184687738000093 ], [ 122.209882735000065, 14.185016344000076 ], [ 122.210722654000051, 14.185139977000119 ], [ 122.210785275000148, 14.185638978999975 ], [ 122.211840649000237, 14.186803761000078 ], [ 122.214471208000191, 14.187544872000046 ], [ 122.213929359000076, 14.188444618000062 ], [ 122.214911440000037, 14.190070484000103 ], [ 122.217683392000026, 14.190034002000118 ], [ 122.219200847000138, 14.188261634000185 ], [ 122.218818886, 14.187415514000179 ], [ 122.220281404000048, 14.187754427000073 ], [ 122.221016852000048, 14.186917920000042 ], [ 122.221429914000055, 14.187671344000023 ], [ 122.222063320000075, 14.187355223000054 ], [ 122.2218458440002, 14.18775011300005 ], [ 122.222030489000076, 14.188136680000127 ], [ 122.224929820000284, 14.189616205999982 ], [ 122.226641508000171, 14.189330670000174 ], [ 122.227266894000081, 14.18999462000005 ], [ 122.230195420000086, 14.190356433000034 ], [ 122.23000638800022, 14.190859906000071 ], [ 122.230466631000013, 14.19121480900003 ], [ 122.230891118000045, 14.192622550000067 ], [ 122.231730975000346, 14.193867021000074 ], [ 122.232226659000162, 14.194176155999969 ], [ 122.233407095000302, 14.19416506500005 ], [ 122.234871197000075, 14.192963887000133 ], [ 122.236085128000127, 14.189439142000083 ], [ 122.237053080000123, 14.189370753000048 ], [ 122.240239847000225, 14.187051341000142 ], [ 122.241560756000013, 14.186897222000084 ], [ 122.241725663000238, 14.185730505000095 ], [ 122.245320107000111, 14.185958476000053 ], [ 122.244165183000291, 14.190586947000099 ], [ 122.243546199000093, 14.191102487000137 ], [ 122.243326521000199, 14.193340154000111 ], [ 122.242616600000019, 14.194112515000143 ], [ 122.242876479000074, 14.195148832000029 ], [ 122.242500739000093, 14.196493166000039 ], [ 122.242962915000135, 14.197025371000109 ], [ 122.245793697000067, 14.197358576000056 ], [ 122.247267020000209, 14.198170955000023 ], [ 122.247382492000156, 14.199039207000112 ], [ 122.248047007000309, 14.198675170000115 ], [ 122.248721492000072, 14.198913617000187 ], [ 122.248865144000092, 14.19934547500003 ], [ 122.249485862000256, 14.199363996000045 ], [ 122.249577198000225, 14.199962060000189 ], [ 122.250091279000344, 14.200028553999971 ], [ 122.251085062000243, 14.201468400000124 ], [ 122.2510849250001, 14.203151827000056 ], [ 122.250696529000152, 14.202719859000183 ], [ 122.250410893000321, 14.203029939000089 ], [ 122.250810271000205, 14.203461533000109 ], [ 122.250653500000112, 14.204177697000034 ], [ 122.251213121000092, 14.204742004000082 ], [ 122.250966837000192, 14.205067519000067 ], [ 122.249668455, 14.204481445999988 ], [ 122.249780322000106, 14.205197633000012 ], [ 122.24829134100014, 14.208076438000091 ], [ 122.24830866800005, 14.2090051670001 ], [ 122.249114744000281, 14.210018868000077 ], [ 122.247959868000294, 14.211457650000057 ], [ 122.248176120000039, 14.211863913000059 ], [ 122.247941939000157, 14.212594618000026 ], [ 122.249014058000171, 14.213465558000109 ], [ 122.249028486000043, 14.214125715000137 ], [ 122.248096694000083, 14.215066005000097 ], [ 122.247198340000182, 14.215206376000083 ], [ 122.24718379400008, 14.215754156000116 ], [ 122.24639638300016, 14.215741586000149 ], [ 122.245671701000106, 14.217679826000108 ], [ 122.246685734000039, 14.219857008000133 ], [ 122.247236398000155, 14.219295235000118 ], [ 122.249957310000013, 14.221135232000051 ], [ 122.250593839000203, 14.220986352000125 ], [ 122.251044188000037, 14.221416308000187 ], [ 122.251966060000086, 14.22122489700007 ], [ 122.251263558000119, 14.222926964000123 ], [ 122.251921968000033, 14.223671690000117 ], [ 122.251899983000044, 14.224118489000034 ], [ 122.251065826000058, 14.225224781000065 ], [ 122.25207541400016, 14.226097181000171 ], [ 122.254111962000025, 14.226102306000143 ], [ 122.253242853000188, 14.227007812000068 ], [ 122.253337618000273, 14.227560566000022 ], [ 122.252729549000151, 14.229181072000131 ], [ 122.250594917000058, 14.230707087000042 ], [ 122.249937509000233, 14.232601892000048 ], [ 122.24917913500019, 14.232814182000027 ], [ 122.248749236000094, 14.235468023000124 ], [ 122.248075039000014, 14.236431726000035 ], [ 122.249086129000148, 14.237101556000027 ], [ 122.24975767, 14.238276579000171 ], [ 122.249188314000207, 14.240615563000063 ], [ 122.2503037150002, 14.242292741000085 ], [ 122.252482814000246, 14.241388449000056 ], [ 122.255100895000055, 14.241410697000106 ], [ 122.262384992000307, 14.24348591100005 ], [ 122.262697930000058, 14.244512768 ], [ 122.26479268900016, 14.244571248000057 ], [ 122.266328900000303, 14.245184702000188 ], [ 122.268417042000237, 14.245357544000115 ], [ 122.269151388000068, 14.24588266 ], [ 122.271101682000108, 14.245427650000067 ], [ 122.271841202000019, 14.245823545 ], [ 122.272693526000012, 14.245526167000094 ], [ 122.27323900600004, 14.245691399000123 ], [ 122.273463200000151, 14.24439690600019 ], [ 122.275605193000047, 14.243048192000174 ], [ 122.275046406000229, 14.242179377000127 ], [ 122.275004655000089, 14.240076801000043 ], [ 122.276801847000115, 14.235902206000048 ], [ 122.277156982000065, 14.234258224000143 ], [ 122.276666076000083, 14.233792507000032 ], [ 122.276534476000052, 14.231935042000089 ], [ 122.275015358000132, 14.231773330000067 ], [ 122.274098387000208, 14.23104363200008 ], [ 122.273106133000169, 14.231154978000063 ], [ 122.27244813100026, 14.230517139000085 ], [ 122.272375055000111, 14.229099750000159 ], [ 122.273137191000046, 14.227670734000071 ], [ 122.273991498000328, 14.227388450000149 ], [ 122.274632226000108, 14.228273027000057 ], [ 122.275350634, 14.226805048000188 ], [ 122.276146706000304, 14.226616857000181 ], [ 122.27577779600017, 14.226278084000114 ], [ 122.275137059000031, 14.226278074000106 ], [ 122.274865242000146, 14.225487617000169 ], [ 122.274399262000316, 14.225280586000167 ], [ 122.272787745000301, 14.225675780000188 ], [ 122.271972293000204, 14.225506378000034 ], [ 122.271448085000088, 14.225111141000127 ], [ 122.271024323000233, 14.223938516000146 ], [ 122.269638875000169, 14.223845396000115 ], [ 122.269406748000051, 14.219873746000076 ], [ 122.269807461000141, 14.218308737000029 ], [ 122.268951303000108, 14.218035587000145 ], [ 122.268928010000081, 14.217244199000049 ], [ 122.269497947000104, 14.215805648000128 ], [ 122.269556311000088, 14.21444898600015 ], [ 122.270232749000115, 14.214245509000079 ], [ 122.270838331000164, 14.213431035000042 ], [ 122.269707286000084, 14.212519653000129 ], [ 122.269068663000098, 14.211121501999969 ], [ 122.270314604000077, 14.208432658999982 ], [ 122.271460401000127, 14.206994474999988 ], [ 122.270344075000253, 14.206011897000053 ], [ 122.270052527000075, 14.204657722000036 ], [ 122.269024345000162, 14.203888746000189 ], [ 122.268624489000103, 14.201881845000116 ], [ 122.267185558000165, 14.200013153000043 ], [ 122.266775203000066, 14.199920309 ], [ 122.267130872000052, 14.199442937000128 ], [ 122.266843634000111, 14.199177707000047 ], [ 122.266953091000346, 14.198647277000191 ], [ 122.266270942, 14.198670978000109 ], [ 122.266287087000137, 14.197455068000068 ], [ 122.26588330800007, 14.196325682 ], [ 122.264645211000015, 14.195670895000148 ], [ 122.264941162000241, 14.192854820000093 ], [ 122.264668860000143, 14.191176135000035 ], [ 122.266384479000067, 14.191206846000171 ], [ 122.265909229000158, 14.191035013999965 ], [ 122.265668501000164, 14.190443728000105 ], [ 122.265159058000108, 14.190391432000183 ], [ 122.265868040000214, 14.189903278000145 ], [ 122.265443902000129, 14.189558365000096 ], [ 122.265671519000193, 14.189371740000013 ], [ 122.265470595000124, 14.18873071500019 ], [ 122.26574559900007, 14.188640599 ], [ 122.265427633000058, 14.188507178000066 ], [ 122.265905389000181, 14.188449312000103 ], [ 122.265632752000101, 14.187865860000102 ], [ 122.265983911000149, 14.187343712000086 ], [ 122.265273900000238, 14.187541589000034 ], [ 122.265490294000074, 14.187295020000136 ], [ 122.265326298000105, 14.186578532 ], [ 122.264532419000261, 14.186171525000191 ], [ 122.264242552000042, 14.18544966900015 ], [ 122.263898601000051, 14.185330340000121 ], [ 122.263815516000022, 14.184691761000124 ], [ 122.263317922000056, 14.184580689000029 ], [ 122.263405582000019, 14.183794684000077 ], [ 122.2637081700002, 14.18376797000019 ], [ 122.263386736000029, 14.183076616000164 ], [ 122.262968065000109, 14.183056262999969 ], [ 122.263123927000038, 14.182727144000012 ], [ 122.262633429000175, 14.182469421000121 ], [ 122.262915352000164, 14.181623696000031 ], [ 122.262580831000037, 14.181410860000028 ], [ 122.262947886, 14.18122678300017 ], [ 122.262634084000183, 14.180587774000116 ], [ 122.263328122000189, 14.180279626000015 ], [ 122.263148147000152, 14.179460222000102 ], [ 122.263490824000314, 14.179349254000158 ], [ 122.263245443000187, 14.17906126500003 ], [ 122.263987300000053, 14.178435735000164 ], [ 122.263801492000084, 14.178119329000083 ], [ 122.264266779000309, 14.178085349000128 ], [ 122.264472629000124, 14.177220956000099 ], [ 122.263473386000101, 14.175523976000022 ], [ 122.262324080000099, 14.174382025000114 ], [ 122.259989682000196, 14.173952432000021 ], [ 122.260062735000133, 14.173630802000048 ], [ 122.259265307000192, 14.172867032000056 ], [ 122.260075387000256, 14.17226129800008 ], [ 122.259462392000046, 14.171952987000054 ], [ 122.259491159000049, 14.171678584000176 ], [ 122.260083438000152, 14.171865058000151 ], [ 122.260293748000095, 14.171464115000106 ], [ 122.260564710000153, 14.171678679000081 ], [ 122.260529070000075, 14.171221724000191 ], [ 122.260118765000129, 14.171046814000135 ], [ 122.260290191000081, 14.170454266000093 ], [ 122.261081699000215, 14.170792224000024 ], [ 122.26147173600009, 14.170533841 ], [ 122.261986433000061, 14.171064871999988 ], [ 122.262583214000188, 14.170578411000179 ], [ 122.263370663000046, 14.171162677000041 ], [ 122.264016496000295, 14.17102439700011 ], [ 122.264297914000167, 14.171601657999986 ], [ 122.264550017000147, 14.171174233999977 ], [ 122.264335802000119, 14.170661422000023 ], [ 122.265093783000339, 14.169870628000126 ], [ 122.266080685000134, 14.170794614000044 ], [ 122.266594678000274, 14.169542394000132 ], [ 122.270748741000034, 14.166152653000097 ], [ 122.273228766000102, 14.162783313000034 ], [ 122.273674933000166, 14.162646471000073 ], [ 122.273775849000344, 14.162103000000116 ], [ 122.273670481000181, 14.160996041000089 ], [ 122.272620677000191, 14.160909201000038 ], [ 122.271391513000026, 14.158464366000146 ], [ 122.270819726000127, 14.15903703500004 ], [ 122.270416286000113, 14.158620441000039 ], [ 122.27089686100021, 14.158654783000031 ], [ 122.271084232000135, 14.158435894000093 ], [ 122.270362515000215, 14.158007285999986 ], [ 122.270597769000119, 14.15756914200017 ], [ 122.269769896000071, 14.156791177000173 ], [ 122.269899201000044, 14.15659858500004 ], [ 122.269588720000229, 14.156860813000094 ], [ 122.269308287000172, 14.156540619000054 ], [ 122.269005711000204, 14.156641088000129 ], [ 122.268904677000023, 14.155505414000118 ], [ 122.268596952000053, 14.15544424 ], [ 122.268668218000244, 14.155055121000089 ], [ 122.268316276000064, 14.15527821000012 ], [ 122.26828960000023, 14.154944411000145 ], [ 122.268508776000203, 14.15502897500005 ], [ 122.26799651500005, 14.154665734000105 ], [ 122.268205474000183, 14.15447676000008 ], [ 122.267481530000282, 14.152911473000188 ], [ 122.267230420000146, 14.152504543000077 ], [ 122.267076419000091, 14.152876055000092 ], [ 122.266785438000056, 14.152801553000131 ], [ 122.266879545000165, 14.152061791000051 ], [ 122.267324293000115, 14.151800502000185 ], [ 122.266933638000069, 14.150658597000074 ], [ 122.266406080000138, 14.150224917000116 ], [ 122.265719318000151, 14.150345943000161 ], [ 122.266034163000199, 14.14925727800005 ], [ 122.268674004000218, 14.145345839000186 ], [ 122.270186959000057, 14.143713489000106 ], [ 122.270504991000053, 14.14405363100019 ], [ 122.271049125000332, 14.143740436000144 ], [ 122.270383469000194, 14.143497800000091 ], [ 122.270173481000029, 14.142186076000144 ], [ 122.268996523000169, 14.141339796000068 ], [ 122.268673603000025, 14.140736904000107 ], [ 122.268507398000111, 14.139543077000042 ], [ 122.268145385000025, 14.139247519000094 ], [ 122.268489771000304, 14.137647550000111 ], [ 122.267699694000044, 14.136981544000093 ], [ 122.267383747000281, 14.135813860000098 ], [ 122.267690713000093, 14.136502700000051 ], [ 122.267939626000043, 14.136182700000063 ], [ 122.267567274000271, 14.135238266999977 ], [ 122.26708180900016, 14.135413177000089 ], [ 122.26742766700022, 14.134255298000085 ], [ 122.266827290000151, 14.132085471999972 ], [ 122.267018020000137, 14.131378020000056 ], [ 122.266711502000021, 14.131110152000133 ], [ 122.267210801000033, 14.131208490000063 ], [ 122.267255858000112, 14.130745900000022 ], [ 122.26764469800014, 14.130637013000126 ], [ 122.267019634000121, 14.130392585000152 ], [ 122.267470815000024, 14.130195035000156 ], [ 122.267658336000181, 14.128812493000169 ], [ 122.26703879500019, 14.128337882000039 ], [ 122.26762028600001, 14.126050167000074 ], [ 122.267360440000061, 14.124973338000018 ], [ 122.267554315000211, 14.123839233000069 ], [ 122.268448651000085, 14.123943926000152 ], [ 122.272937472000194, 14.121635492000109 ], [ 122.277981367000166, 14.12015803900016 ], [ 122.283991833000073, 14.119574075000116 ], [ 122.288086128000032, 14.120310193000137 ], [ 122.289967285000102, 14.121535117000064 ], [ 122.290195489000212, 14.122977130999971 ], [ 122.291832808000208, 14.125587604000032 ], [ 122.291473074000123, 14.126508225000123 ], [ 122.293873729000097, 14.127534890000049 ], [ 122.294479343000035, 14.128108388000101 ], [ 122.294647119000047, 14.128576935000012 ], [ 122.294342910000069, 14.129372287000137 ], [ 122.296805956000071, 14.131889942000157 ], [ 122.296209208000278, 14.132275283000126 ], [ 122.297118120000164, 14.13331186500011 ], [ 122.296812431000035, 14.133851008000079 ], [ 122.298732435000034, 14.134890687 ], [ 122.302515634000201, 14.135704882000141 ], [ 122.302805290000038, 14.136529397000061 ], [ 122.303848607000077, 14.136998068000025 ], [ 122.304273558000205, 14.137635227000089 ], [ 122.3054330020002, 14.137204527000165 ], [ 122.306418394000161, 14.137410844999977 ], [ 122.306669468000109, 14.137935535000054 ], [ 122.307268541000099, 14.137560918000077 ], [ 122.308620753000014, 14.139191314000129 ], [ 122.308813729, 14.140371786000117 ], [ 122.3085385830002, 14.141638455000191 ], [ 122.309011678000161, 14.142115554000156 ], [ 122.309295521000081, 14.141748546000144 ], [ 122.309049501000345, 14.14103289600007 ], [ 122.309276567000097, 14.140372293000041 ], [ 122.309104948000027, 14.138545378000174 ], [ 122.311727165000207, 14.135829314000148 ], [ 122.311293194000086, 14.133984721 ], [ 122.311907470000165, 14.13290686900018 ], [ 122.312072636000153, 14.130771915000082 ], [ 122.311907919000078, 14.130626647000156 ], [ 122.311488474000043, 14.131091327000092 ], [ 122.311401103000094, 14.13004843900012 ], [ 122.310188825000068, 14.126799926 ], [ 122.309257774000116, 14.125233225000159 ], [ 122.309347071000275, 14.123999709000032 ], [ 122.308507703000146, 14.123330004000138 ], [ 122.308745008000074, 14.120866890000059 ], [ 122.307664684000088, 14.116946803000189 ], [ 122.304076092000173, 14.114283032000117 ], [ 122.303682108000089, 14.112913718000186 ], [ 122.303834800000118, 14.11265470900014 ], [ 122.304521518000115, 14.11320995300008 ], [ 122.305487884000058, 14.114542377000191 ], [ 122.306632858000171, 14.113481780000086 ], [ 122.306722287000184, 14.111693440000124 ], [ 122.30745852300015, 14.109408278000046 ], [ 122.307446158000289, 14.107776504000014 ], [ 122.305813069000124, 14.104985581000108 ], [ 122.305546557000071, 14.102405958000134 ], [ 122.305686542000217, 14.102048260000174 ], [ 122.307866511000157, 14.102030337000031 ] ] ], [ [ [ 121.934585539000068, 15.058328844000187 ], [ 121.93503833900013, 15.058937869000033 ], [ 121.935556669000334, 15.058542578000072 ], [ 121.935408180000081, 15.058239884999978 ], [ 121.934875488000216, 15.058194245000152 ], [ 121.935011463000023, 15.057350980000081 ], [ 121.934531449000019, 15.056869676000076 ], [ 121.934611300000029, 15.056447681000066 ], [ 121.934111237000138, 15.05636705400002 ], [ 121.935058046000222, 15.05565987500006 ], [ 121.936188057000209, 15.055619672000034 ], [ 121.937744777000034, 15.054736517000038 ], [ 121.937753056000247, 15.054479017000062 ], [ 121.93715183300003, 15.054373198000064 ], [ 121.937821857000017, 15.053904262000174 ], [ 121.937219570000025, 15.053860776000136 ], [ 121.936462835000043, 15.054289325000184 ], [ 121.936820649000083, 15.053545070000155 ], [ 121.936196646000099, 15.053201490000106 ], [ 121.936893787000145, 15.052729489000058 ], [ 121.937671806000139, 15.053111641000044 ], [ 121.938332108000054, 15.052298329999985 ], [ 121.938646751000078, 15.052296205000118 ], [ 121.938668851000102, 15.051750083 ], [ 121.93979792000016, 15.050650866000126 ], [ 121.939215716000149, 15.049826181000185 ], [ 121.939409962000013, 15.049425195000026 ], [ 121.939857189, 15.049886665000031 ], [ 121.939563889000055, 15.048315073000026 ], [ 121.940053514000169, 15.048062513000104 ], [ 121.939566798000214, 15.047622035000074 ], [ 121.939538354000206, 15.046707467999966 ], [ 121.937901336000095, 15.046448995000162 ], [ 121.938624099000094, 15.045542776000048 ], [ 121.938153436000334, 15.044431512000131 ], [ 121.93659860300022, 15.04337579800017 ], [ 121.936010997000267, 15.043898942000112 ], [ 121.936065233000136, 15.043154700000173 ], [ 121.936426488000052, 15.043133605000151 ], [ 121.935764795000182, 15.043022569000186 ], [ 121.935992728000087, 15.042873542 ], [ 121.9358561250001, 15.042429621000167 ], [ 121.93623600300009, 15.042222686000173 ], [ 121.9359880290001, 15.041632657000093 ], [ 121.936122426000338, 15.039909857 ], [ 121.936512323000215, 15.040053423000188 ], [ 121.936960284000065, 15.039667179 ], [ 121.938030308000066, 15.040386398000123 ], [ 121.938055856000119, 15.039865775000123 ], [ 121.938363239000068, 15.039832097000158 ], [ 121.938633156000037, 15.040943822000031 ], [ 121.939140907000024, 15.040958915000147 ], [ 121.938929060000078, 15.041454207000072 ], [ 121.939939415000026, 15.041863379000176 ], [ 121.94022514400001, 15.041835194999976 ], [ 121.939963686000056, 15.041228410000144 ], [ 121.940576486000055, 15.041050706000021 ], [ 121.940734601000145, 15.041921761000026 ], [ 121.940954918000102, 15.041916830000105 ], [ 121.940719211000101, 15.041551077000122 ], [ 121.941631200000188, 15.041535661000069 ], [ 121.941686043000118, 15.041780051000046 ], [ 121.943183748000024, 15.04202212000007 ], [ 121.943370057000038, 15.04184697900007 ], [ 121.943041636000316, 15.041663821000043 ], [ 121.943602801000111, 15.041557865000129 ], [ 121.945771770000079, 15.043066932000045 ], [ 121.946505288000026, 15.042878314000063 ], [ 121.946584454000345, 15.043849569000031 ], [ 121.945178536000071, 15.043917953000175 ], [ 121.94495978000009, 15.044182290000094 ], [ 121.944805662000249, 15.043767846000094 ], [ 121.944227994000244, 15.043855524000094 ], [ 121.943646651000222, 15.043391821000171 ], [ 121.944636485000046, 15.047618331000137 ], [ 121.94440907000012, 15.048885155000107 ], [ 121.944712683000148, 15.049198622000063 ], [ 121.942699786000276, 15.052036442000031 ], [ 121.9431455590003, 15.054443436000042 ], [ 121.943558637000024, 15.05500521200014 ], [ 121.94515130100001, 15.055749344999981 ], [ 121.946322410000334, 15.056990198000051 ], [ 121.946785589000228, 15.056981407000137 ], [ 121.94681365800011, 15.056350743 ], [ 121.94782077900004, 15.057686532000162 ], [ 121.952357638000194, 15.057784199000139 ], [ 121.954044982000028, 15.057320246000018 ], [ 121.955423883000094, 15.057584624000071 ], [ 121.958761147000018, 15.056333344000109 ], [ 121.959589822000112, 15.056411445000037 ], [ 121.962424797000153, 15.055548328000157 ], [ 121.965043191000063, 15.054064592000145 ], [ 121.96728233500005, 15.054337503000056 ], [ 121.971290942000337, 15.052156217000061 ], [ 121.972731392000014, 15.050806231000081 ], [ 121.974140031000047, 15.050584604000164 ], [ 121.974583645000052, 15.050054296000155 ], [ 121.97421879500007, 15.049224750000064 ], [ 121.975375946000099, 15.04668731400011 ], [ 121.974976250000054, 15.04562426800004 ], [ 121.975152376000096, 15.045183967000128 ], [ 121.974606416000029, 15.044649206000031 ], [ 121.973505458000091, 15.044475260000013 ], [ 121.974016899000048, 15.044041316000175 ], [ 121.97346954600016, 15.044078848000083 ], [ 121.973167716000034, 15.043486060000077 ], [ 121.972898114000145, 15.043526280000037 ], [ 121.973162118000118, 15.042843443000095 ], [ 121.972298787000113, 15.042566775000125 ], [ 121.971967212000209, 15.042995942 ], [ 121.971913366000194, 15.04257535000005 ], [ 121.971027182000057, 15.043494776999978 ], [ 121.970665802000099, 15.043257970000013 ], [ 121.97057787000017, 15.043600196000114 ], [ 121.970327153000085, 15.043438436000031 ], [ 121.970700051000222, 15.042753483000126 ], [ 121.969993552000119, 15.041775373000178 ], [ 121.96943690500018, 15.04159209200003 ], [ 121.969969062000018, 15.041165889000013 ], [ 121.969555427000046, 15.040273139000078 ], [ 121.969801119000067, 15.040081043000157 ], [ 121.970021052000106, 15.040768603 ], [ 121.970605498000168, 15.041185547000055 ], [ 121.97109952400001, 15.040736256000116 ], [ 121.970308814000077, 15.040086396000163 ], [ 121.970395070000109, 15.038940943000171 ], [ 121.96984040600023, 15.038803938000115 ], [ 121.970167416000095, 15.038726499000177 ], [ 121.96986653600004, 15.03795288900011 ], [ 121.970275009000034, 15.037398297000038 ], [ 121.969689902000027, 15.036893954000163 ], [ 121.970087959000011, 15.036735793000105 ], [ 121.970527211000103, 15.037096819000169 ], [ 121.970732216000101, 15.038040837000096 ], [ 121.971265269000128, 15.038525093000032 ], [ 121.972812492000116, 15.038948851999976 ], [ 121.973004155000126, 15.038473234999969 ], [ 121.973596162000149, 15.038629093999987 ], [ 121.973509542000102, 15.039370723 ], [ 121.973105038000199, 15.039626289000182 ], [ 121.973133774000075, 15.040588821000085 ], [ 121.973635708000188, 15.041369570000086 ], [ 121.974358024000139, 15.041103579000037 ], [ 121.974982297000111, 15.04138964100008 ], [ 121.975220107000155, 15.042272948000061 ], [ 121.976563199000225, 15.04105568600005 ], [ 121.976548391000051, 15.040404821000095 ], [ 121.976674612000124, 15.041033054000138 ], [ 121.977289041000063, 15.040693084000054 ], [ 121.976789177000114, 15.040335846000175 ], [ 121.976841005000097, 15.039893220000181 ], [ 121.977744616000223, 15.039057174000106 ], [ 121.977643261000026, 15.037985616000071 ], [ 121.978137172000174, 15.037521887000139 ], [ 121.978374717000179, 15.037986899000089 ], [ 121.979409673000191, 15.037633915000185 ], [ 121.979270810000116, 15.038337544000058 ], [ 121.978906044000041, 15.038351355000032 ], [ 121.9787770060002, 15.038813104000155 ], [ 121.979111154000066, 15.039153296000052 ], [ 121.979723904000025, 15.039075325000056 ], [ 121.980408933000263, 15.040250717000163 ], [ 121.982139807000294, 15.040756661000103 ], [ 121.98309032200018, 15.040583216000073 ], [ 121.986606802000324, 15.042153319000022 ], [ 121.988017370000193, 15.043058356000017 ], [ 121.988317695000092, 15.044173222000097 ], [ 121.988864884000122, 15.044409290999965 ], [ 121.989071281000065, 15.045044150000024 ], [ 121.990185357000087, 15.044944931999964 ], [ 121.990415874000064, 15.045416930000158 ], [ 121.991659401000106, 15.045875780000074 ], [ 121.99504695100029, 15.045257787000025 ], [ 122.000446557000146, 15.043020502000104 ], [ 122.000653086000057, 15.042743948000123 ], [ 122.00041052600011, 15.042055916000038 ], [ 122.002620561000072, 15.040642364000121 ], [ 122.003062821000071, 15.04052939900015 ], [ 122.003345570000079, 15.041410193000161 ], [ 122.004106151000087, 15.041596386000037 ], [ 122.003774071000294, 15.041202272000135 ], [ 122.004266259000019, 15.040796821000072 ], [ 122.003660565000132, 15.040479355000059 ], [ 122.004025462000072, 15.039538430000107 ], [ 122.010141985000132, 15.035541457000079 ], [ 122.014744117000077, 15.032045652000079 ], [ 122.017773690000013, 15.031090039000162 ], [ 122.019284072000119, 15.030033341000149 ], [ 122.021026584000197, 15.027955185000167 ], [ 122.021400844000254, 15.024368970000182 ], [ 122.02110849900032, 15.02337504999997 ], [ 122.020406862000073, 15.022765141000036 ], [ 122.020126219000076, 15.02179381600007 ], [ 122.018697562000057, 15.02169754900018 ], [ 122.017965203000131, 15.020898899000031 ], [ 122.017410057, 15.019598279000036 ], [ 122.017480952000142, 15.018776856000045 ], [ 122.016878546000044, 15.018400353000061 ], [ 122.017043937000153, 15.017727250000064 ], [ 122.015868273000024, 15.014739657 ], [ 122.01538740400008, 15.014615813000091 ], [ 122.015198416000089, 15.014931381999986 ], [ 122.014998866000269, 15.014404276000107 ], [ 122.014490222000063, 15.014511723000169 ], [ 122.01475515900006, 15.014008518000026 ], [ 122.01469511300013, 15.013962459000027 ], [ 122.01417485200011, 15.014463158000183 ], [ 122.014176635000013, 15.014084466999975 ], [ 122.013159101000042, 15.013266151000153 ], [ 122.012808745000029, 15.013551559000121 ], [ 122.012529721000192, 15.013145559000122 ], [ 122.01228246200003, 15.01325301300011 ], [ 122.012437897000041, 15.012886270000081 ], [ 122.012033458000019, 15.012951071000032 ], [ 122.012146510000207, 15.012524623000104 ], [ 122.011652429000037, 15.012247625999976 ], [ 122.010928318000083, 15.012471049000112 ], [ 122.01091597300001, 15.012179354000011 ], [ 122.010522080000101, 15.012087217000101 ], [ 122.010440826000035, 15.012324321000051 ], [ 122.010274830000071, 15.012036029000171 ], [ 122.009845650000216, 15.012351579000153 ], [ 122.010184776000074, 15.011767356000064 ], [ 122.00976800300009, 15.011402287000124 ], [ 122.010255458000188, 15.011170678000042 ], [ 122.010183103000031, 15.010287059000063 ], [ 122.007925562000196, 15.008563591000097 ], [ 122.006803065000099, 15.007130327000141 ], [ 122.007444497000051, 15.006893265000087 ], [ 122.009158796000065, 15.007702161000054 ], [ 122.011164676000135, 15.007891456000152 ], [ 122.011497962000021, 15.007475630000044 ], [ 122.011408651000124, 15.007751315 ], [ 122.011977880000245, 15.008202611000058 ], [ 122.011489932000018, 15.008453633000045 ], [ 122.011717971000166, 15.008162554000023 ], [ 122.011242798000012, 15.008089623000103 ], [ 122.011724299000093, 15.009039929000039 ], [ 122.012395605000052, 15.009184740000023 ], [ 122.012381287000153, 15.008536330000027 ], [ 122.013126199000112, 15.008251339000026 ], [ 122.013033696000207, 15.008628674000022 ], [ 122.013704579000205, 15.009510374000172 ], [ 122.013640809000094, 15.009239303000015 ], [ 122.014192527000091, 15.00921160300004 ], [ 122.015198530000134, 15.008184323000137 ], [ 122.016828099, 15.007703176 ], [ 122.017776319000177, 15.007815385000185 ], [ 122.019876958000168, 15.006176409000091 ], [ 122.022535099000038, 15.006353957000044 ], [ 122.023838829000056, 15.007091871000171 ], [ 122.024121027000206, 15.008416038000064 ], [ 122.026138186000026, 15.010309401000086 ], [ 122.026464481000062, 15.011735904000091 ], [ 122.027261066000051, 15.011585284999967 ], [ 122.027760495000052, 15.012137335000034 ], [ 122.028567052000085, 15.011108517000139 ], [ 122.028605879000224, 15.010005750000118 ], [ 122.028294290000076, 15.009401712000056 ], [ 122.030657625000117, 15.00907311800006 ], [ 122.033093597000061, 15.009624585000097 ], [ 122.034047805000114, 15.010175806000177 ], [ 122.034639925000079, 15.010752492999984 ], [ 122.035210457000062, 15.012680111000179 ], [ 122.035543418000202, 15.012890467000148 ], [ 122.037379047000059, 15.012211824000019 ], [ 122.038532377000138, 15.01130355100014 ], [ 122.039491259000215, 15.011190404999979 ], [ 122.040583, 15.01041585300004 ], [ 122.041637056000013, 15.010226045000138 ], [ 122.043184112000176, 15.008712034000041 ], [ 122.047164007000219, 15.006179148000058 ], [ 122.048689151000076, 15.006270382000139 ], [ 122.049765028000024, 15.00566435200011 ], [ 122.049912541000026, 15.004879401999972 ], [ 122.048489997000161, 15.004408608000119 ], [ 122.047864008000147, 15.003786120000143 ], [ 122.048197497000046, 15.001124684 ], [ 122.047945234000053, 15.000476985000148 ], [ 122.048090715000171, 14.998824831000036 ], [ 122.047673336000116, 14.997779180000123 ], [ 122.047823281000205, 14.99642005100003 ], [ 122.051188356000011, 14.986140517000024 ], [ 122.05265174800013, 14.983898810000085 ], [ 122.052416781000147, 14.982437352000147 ], [ 122.05300972800012, 14.980069281000056 ], [ 122.055225581000059, 14.975158857000167 ], [ 122.055218238000066, 14.97399303800006 ], [ 122.055866910000077, 14.971611758000051 ], [ 122.05510689900018, 14.968260440000051 ], [ 122.055326708000166, 14.966627341 ], [ 122.056221201000199, 14.964554802000066 ], [ 122.055964615000107, 14.96218651300012 ], [ 122.055261703000156, 14.96166261500008 ], [ 122.05488020100006, 14.95916464600009 ], [ 122.05589515500003, 14.954240297000069 ], [ 122.055716510000025, 14.952708207000114 ], [ 122.055335356000114, 14.952121727000076 ], [ 122.054396598000039, 14.951852714000154 ], [ 122.052736579000111, 14.954018545 ], [ 122.052988819, 14.954933678000145 ], [ 122.052354982000111, 14.956173672999967 ], [ 122.052726874000086, 14.957829837000077 ], [ 122.0523339020001, 14.959164858000122 ], [ 122.049476214000151, 14.962449113000162 ], [ 122.049116489000085, 14.964201855000056 ], [ 122.048022, 14.965679403000081 ], [ 122.046938867000222, 14.967976992000047 ], [ 122.041554294000093, 14.9730495230001 ], [ 122.041986734000034, 14.975887262000128 ], [ 122.044174647000091, 14.977596252000126 ], [ 122.043998620000025, 14.97890435700009 ], [ 122.04223664500023, 14.980384977000028 ], [ 122.041011594000338, 14.980705499000067 ], [ 122.039218486000095, 14.980559157000073 ], [ 122.03868735500032, 14.981785271999968 ], [ 122.034310563000076, 14.982889265000097 ], [ 122.03417990000014, 14.98433191100014 ], [ 122.032795419000081, 14.986715404000051 ], [ 122.031434028000149, 14.988188978000153 ], [ 122.031212256000117, 14.991962071000103 ], [ 122.029044888000044, 14.992832374000102 ], [ 122.02782732300011, 14.99210481700004 ], [ 122.02561924400004, 14.991595668000116 ], [ 122.023149189000037, 14.992748377000169 ], [ 122.0220071560002, 14.992906444000027 ], [ 122.020406478000041, 14.992111709000085 ], [ 122.016250353000032, 14.991574144000083 ], [ 122.015986524000141, 14.990933711000139 ], [ 122.015615494000144, 14.990555958000016 ], [ 122.015213532000075, 14.990635005000115 ], [ 122.015100780000012, 14.990287131000116 ], [ 122.014384166000013, 14.990266019000103 ], [ 122.014316849000238, 14.989966917000061 ], [ 122.014053109000088, 14.990179494000131 ], [ 122.013998558000139, 14.989840404000176 ], [ 122.012642369000105, 14.989305133000187 ], [ 122.012520487000074, 14.989721517000191 ], [ 122.012207687000341, 14.989059142000031 ], [ 122.011962826000058, 14.989365923000094 ], [ 122.011505367000154, 14.989225043000147 ], [ 122.011730768, 14.988906428000178 ], [ 122.011276751000082, 14.988837996000029 ], [ 122.010316544000148, 14.987874600000055 ], [ 122.010061302000167, 14.987978673000043 ], [ 122.009610465000037, 14.987293433 ], [ 122.009394800000223, 14.987418989000105 ], [ 122.009092580000129, 14.986731585000086 ], [ 122.00857051700018, 14.986688124000125 ], [ 122.008598629000176, 14.986268890000076 ], [ 122.00760940300006, 14.986313019000079 ], [ 122.006723914000077, 14.985719781 ], [ 122.007063025000093, 14.985772398 ], [ 122.007222919000014, 14.985404086000074 ], [ 122.006140313000174, 14.984232562000159 ], [ 122.006016359000228, 14.983629089000033 ], [ 122.005506818000072, 14.983534035 ], [ 122.005628061000039, 14.983012170000052 ], [ 122.005051036000168, 14.982711080000058 ], [ 122.004740371000139, 14.981391230999975 ], [ 122.004072445000133, 14.981169496 ], [ 122.0033631040003, 14.981261199000073 ], [ 122.003287167000167, 14.981541294000067 ], [ 122.002890209000043, 14.981402915000047 ], [ 122.00312147700015, 14.98110281300012 ], [ 122.001954245000206, 14.980914602999974 ], [ 122.002302873000076, 14.980662852000023 ], [ 122.001973054000018, 14.979465398000059 ], [ 122.000666564000085, 14.978675924000129 ], [ 121.999454780000065, 14.976850472000081 ], [ 121.999143503000141, 14.976883345000033 ], [ 121.999257092000221, 14.976546449000068 ], [ 121.998890332000087, 14.976140289 ], [ 121.997530746000052, 14.975445283000056 ], [ 121.997153002000232, 14.975550922000025 ], [ 121.996162111000217, 14.974845310999967 ], [ 121.996436559000017, 14.974105162000114 ], [ 121.997831292000228, 14.974015242000121 ], [ 121.99950422500001, 14.974355249000098 ], [ 122.000559785000064, 14.975143152000044 ], [ 122.001327974000105, 14.975219786000139 ], [ 122.001640199000121, 14.97466246100015 ], [ 122.001911720000294, 14.975368703000129 ], [ 122.002074649000065, 14.974922235000122 ], [ 122.001888871000119, 14.975024729000097 ], [ 122.001939065000215, 14.974267207000139 ], [ 122.001675047000163, 14.974274110000067 ], [ 122.001374979000047, 14.972999385000037 ], [ 122.000663881000037, 14.97213058799997 ], [ 122.000884313000142, 14.971920678 ], [ 122.000442975000055, 14.971728026000051 ], [ 122.000661642000068, 14.971481202000064 ], [ 122.00013259800005, 14.970925486000112 ], [ 122.000267794000024, 14.970552873000088 ], [ 121.999831835000123, 14.970573323 ], [ 121.999952742000232, 14.970194881000168 ], [ 121.999234189000049, 14.969329054000184 ], [ 121.999447613000257, 14.969041963000166 ], [ 121.996930872000121, 14.965964900000188 ], [ 121.994723242000077, 14.964438270000187 ], [ 121.994518349000259, 14.963519001000066 ], [ 121.993919715000288, 14.963851894000129 ], [ 121.992666103000147, 14.962193353000146 ], [ 121.992705383000043, 14.961678952000113 ], [ 121.992086266000229, 14.961525023000092 ], [ 121.991451517000201, 14.9606268120001 ], [ 121.99143803000004, 14.95976811200012 ], [ 121.991892378000102, 14.959232386 ], [ 121.991295333000039, 14.958692541 ], [ 121.99123662500017, 14.957875984000054 ], [ 121.99403422800026, 14.954791680000142 ], [ 121.99528190500007, 14.954455788000018 ], [ 121.995495017000053, 14.953357811000046 ], [ 121.996825264000108, 14.952708657000187 ], [ 121.997762986000225, 14.951666298000191 ], [ 121.998085206000042, 14.951857950000033 ], [ 121.998383582000088, 14.95332258600007 ], [ 121.999537123000209, 14.95498816300011 ], [ 121.999241900000015, 14.955726989000141 ], [ 122.00046483500023, 14.956850061000182 ], [ 122.001369438000211, 14.959155078000038 ], [ 122.003064939000069, 14.959607403000064 ], [ 122.003263676000074, 14.960068756000112 ], [ 122.005049160000226, 14.961216052 ], [ 122.005289626000035, 14.961821193000105 ], [ 122.007282745000339, 14.962156499000116 ], [ 122.008869491000041, 14.963629279000088 ], [ 122.009386863000032, 14.963681233000159 ], [ 122.01134928700003, 14.96261247100017 ], [ 122.011913330000084, 14.96333772100013 ], [ 122.013551073000144, 14.96366675500019 ], [ 122.01382462000015, 14.964086451000128 ], [ 122.013740653000013, 14.965465816000119 ], [ 122.014234715000043, 14.965542555000127 ], [ 122.013611488000038, 14.966084319 ], [ 122.014926174000152, 14.966414991000022 ], [ 122.016322761000083, 14.968382672000018 ], [ 122.018099611000025, 14.968324425000105 ], [ 122.019191693000039, 14.967738950000069 ], [ 122.019573410000021, 14.96554104300003 ], [ 122.01942744400003, 14.963835834000065 ], [ 122.018192321000129, 14.961768306000067 ], [ 122.017860213000176, 14.960517765000077 ], [ 122.016121559000339, 14.958455822000076 ], [ 122.014857664000147, 14.955534712000144 ], [ 122.011540448000119, 14.951570916000094 ], [ 122.011052837000193, 14.948343223000109 ], [ 122.011885915000221, 14.94576252100012 ], [ 122.014574789000108, 14.942132375000142 ], [ 122.014730619000034, 14.940132666000125 ], [ 122.015214079000089, 14.938824760999978 ], [ 122.014609843000017, 14.937082992000057 ], [ 122.015518314000133, 14.93601145700012 ], [ 122.01604246300019, 14.933316482000123 ], [ 122.017899871000054, 14.929797869000083 ], [ 122.017859329000089, 14.927207482000085 ], [ 122.01706988300009, 14.925076219 ], [ 122.017270739000082, 14.923834957000167 ], [ 122.018832365000094, 14.92267458900011 ], [ 122.019796306000217, 14.92146456200004 ], [ 122.021111265000059, 14.921640238 ], [ 122.021163121000086, 14.921074138999984 ], [ 122.020082043000116, 14.919665602000066 ], [ 122.019600430000196, 14.919854457000156 ], [ 122.015325967000081, 14.918319182000062 ], [ 122.013815776000115, 14.918231604000084 ], [ 122.012448660000132, 14.91766595900009 ], [ 122.009402478000311, 14.917842995000171 ], [ 122.007584018000102, 14.917337215000089 ], [ 122.005852257000129, 14.916356494000183 ], [ 122.004342179000218, 14.916444966000029 ], [ 122.002467408000143, 14.915829084000052 ], [ 122.001204733, 14.916081006000127 ], [ 122.000084828000126, 14.914810780000039 ], [ 121.99789097300004, 14.913909564000051 ], [ 121.991836617000104, 14.913770660000125 ], [ 121.990737313000068, 14.912554810000074 ], [ 121.989161263000028, 14.912402991000022 ], [ 121.988656159000016, 14.910832409000079 ], [ 121.987960337000118, 14.910059768000053 ], [ 121.987435671000071, 14.910048752000023 ], [ 121.986607256000184, 14.910657004000086 ], [ 121.98681296500024, 14.909468895000089 ], [ 121.985688101000051, 14.908734463000087 ], [ 121.985251627000025, 14.906625039000119 ], [ 121.984169066000049, 14.905954356000166 ], [ 121.983744300000126, 14.90525192400014 ], [ 121.984229762000155, 14.904419607000079 ], [ 121.985480509000126, 14.90399418700008 ], [ 121.985185706000038, 14.903145134000056 ], [ 121.984533428000191, 14.902916890000029 ], [ 121.981482767000102, 14.903034204000107 ], [ 121.980580003000227, 14.902527273000032 ], [ 121.979979381000248, 14.900907432 ], [ 121.979418765000219, 14.900598609000156 ], [ 121.978573364000226, 14.901090395000153 ], [ 121.978008086000159, 14.901950959000146 ], [ 121.977623340000264, 14.903501139000127 ], [ 121.976881032000165, 14.904288821000137 ], [ 121.977821012000277, 14.906015943 ], [ 121.977304322, 14.907147096000074 ], [ 121.977609013000233, 14.90876241300009 ], [ 121.977278387000069, 14.909824168000057 ], [ 121.975334624000084, 14.910451157000182 ], [ 121.972868510000126, 14.909819807000133 ], [ 121.971512212000221, 14.910313109000128 ], [ 121.970436748000225, 14.909434278000163 ], [ 121.96844360700004, 14.908933668000088 ], [ 121.967338935000157, 14.906652561000101 ], [ 121.968006194000168, 14.905607386000042 ], [ 121.967560537000168, 14.904658678000089 ], [ 121.969572232000246, 14.90449752700016 ], [ 121.970055776000095, 14.903600334999965 ], [ 121.969652773000121, 14.902286643000025 ], [ 121.969230450000055, 14.902545503000113 ], [ 121.968915971000229, 14.902372566000111 ], [ 121.968256226000108, 14.903222803 ], [ 121.967375230000016, 14.903429743000061 ], [ 121.967153596000117, 14.903215188 ], [ 121.96730410300006, 14.902418414000181 ], [ 121.966490660000204, 14.902194702000145 ], [ 121.965712927000027, 14.901377453000123 ], [ 121.965731090000077, 14.900207688000023 ], [ 121.966049503000022, 14.899627003000035 ], [ 121.967133930000159, 14.899037527000132 ], [ 121.967375692000019, 14.898147216999973 ], [ 121.968126415000256, 14.897196752000127 ], [ 121.969477884000071, 14.896547696000084 ], [ 121.969234088, 14.894722808000097 ], [ 121.968192363000071, 14.895830747000161 ], [ 121.966725534000034, 14.896664961000113 ], [ 121.966331659000048, 14.896533254000133 ], [ 121.965943310000057, 14.895699835000187 ], [ 121.965426966000109, 14.895961361000161 ], [ 121.965728776000219, 14.893952052000088 ], [ 121.967548019000219, 14.891888495000103 ], [ 121.966873272000043, 14.8913620350001 ], [ 121.966652826000086, 14.890744704000099 ], [ 121.966963688000078, 14.888592230000143 ], [ 121.968092108000178, 14.886500036000086 ], [ 121.969628043000171, 14.885728814 ], [ 121.969933747000027, 14.884291003000158 ], [ 121.971734400000059, 14.885590945000047 ], [ 121.973498613000174, 14.885254916000065 ], [ 121.97367751000013, 14.88406755900013 ], [ 121.972544172000084, 14.883049037999967 ], [ 121.971663178000085, 14.881047411 ], [ 121.971758740000155, 14.880213218 ], [ 121.975393912000186, 14.88304585800006 ], [ 121.975224105000052, 14.884090028000116 ], [ 121.975817109000104, 14.88502154300005 ], [ 121.976425784000298, 14.883821959999977 ], [ 121.976589597000043, 14.881699644999969 ], [ 121.97613499800002, 14.87945492700004 ], [ 121.975375661000044, 14.877917525000043 ], [ 121.975092814000163, 14.877899600000092 ], [ 121.974963265000042, 14.878500920000079 ], [ 121.97407564200023, 14.878928948000123 ], [ 121.972534231000054, 14.878635050000184 ], [ 121.971374850000188, 14.878966860999981 ], [ 121.97019015, 14.878026194000086 ], [ 121.969974024000066, 14.876786345000085 ], [ 121.968593350000106, 14.876415972000075 ], [ 121.967353020000132, 14.874765370000091 ], [ 121.967042073000243, 14.873119824000185 ], [ 121.968276441000057, 14.870827392000024 ], [ 121.967524302000129, 14.869682837000084 ], [ 121.967497454000181, 14.868801253000186 ], [ 121.96826421500009, 14.866686040000047 ], [ 121.96915954300016, 14.866109114000096 ], [ 121.969373644000029, 14.865110392000076 ], [ 121.970549661000064, 14.864115809000111 ], [ 121.972473470000182, 14.86358836800008 ], [ 121.973553384000184, 14.862185820000036 ], [ 121.973582069000145, 14.860987541999975 ], [ 121.972283311000297, 14.860094888000049 ], [ 121.971976209000104, 14.859646692000069 ], [ 121.972072948000232, 14.859076710000181 ], [ 121.972361361000026, 14.859446659000128 ], [ 121.973735769000086, 14.859612383000183 ], [ 121.97431059700034, 14.859217874000137 ], [ 121.975321847000032, 14.859236357000157 ], [ 121.97627174600018, 14.858846919000086 ], [ 121.978167756000062, 14.859013502000096 ], [ 121.978942438000331, 14.860362202000147 ], [ 121.98011458000019, 14.859777339000118 ], [ 121.978467125000179, 14.858674094000094 ], [ 121.978794220000168, 14.856036996 ], [ 121.977832350000199, 14.856032890000051 ], [ 121.976916905000166, 14.855412977000185 ], [ 121.976771733000078, 14.854928679000068 ], [ 121.977349855000284, 14.854108659000076 ], [ 121.978596676000166, 14.85330109400013 ], [ 121.97888974100033, 14.850617483000065 ], [ 121.980097644000011, 14.848534791000191 ], [ 121.980743770000345, 14.847807352000132 ], [ 121.982483004000187, 14.847111753000036 ], [ 121.983179553000014, 14.846434449000128 ], [ 121.983032342000342, 14.844815766000067 ], [ 121.983617644000105, 14.844231856000079 ], [ 121.982713248000096, 14.843974036000077 ], [ 121.981877330000202, 14.843288850000022 ], [ 121.981596066000179, 14.842083652000156 ], [ 121.981039908000184, 14.841485020000164 ], [ 121.98192126500021, 14.841522911000027 ], [ 121.983569849000105, 14.842941231000111 ], [ 121.984699730000102, 14.842042415000037 ], [ 121.985997915000098, 14.841637485999968 ], [ 121.986434107000036, 14.839907632000063 ], [ 121.987397878000024, 14.83828340600013 ], [ 121.987481950000074, 14.836232725000173 ], [ 121.988473023000097, 14.836661369000126 ], [ 121.991069955000057, 14.833845703 ], [ 121.992538906000163, 14.833378338000159 ], [ 121.995815943000025, 14.830976508000049 ], [ 121.997625954000114, 14.831003566000163 ], [ 121.999292945000093, 14.831649180999989 ], [ 122.000102274000028, 14.83093278400014 ], [ 122.001379706000193, 14.831132599000057 ], [ 122.002750815000013, 14.832795037000153 ], [ 122.003078825000102, 14.832328732000178 ], [ 122.003482643000211, 14.833219305000057 ], [ 122.004803767000226, 14.83326381300003 ], [ 122.005896849000123, 14.833740092000085 ], [ 122.007410568000182, 14.833587028000011 ], [ 122.008380179000028, 14.831885712000144 ], [ 122.008103203000019, 14.833498614000177 ], [ 122.008878904000198, 14.833805637000069 ], [ 122.009821088000308, 14.832598937000057 ], [ 122.009707464000144, 14.831669384000179 ], [ 122.01029728900005, 14.830541356000083 ], [ 122.010224101000176, 14.82861596000015 ], [ 122.008576941000115, 14.828580810000062 ], [ 122.008057854000072, 14.826922106000154 ], [ 122.00732723200008, 14.826696099000173 ], [ 122.005304180000167, 14.827823973000079 ], [ 122.006073708000031, 14.82653992000013 ], [ 122.007837189000043, 14.825277148000112 ], [ 122.00934466700005, 14.823532994 ], [ 122.009378705000017, 14.822791262000123 ], [ 122.00897575800002, 14.822144347000119 ], [ 122.00741026500009, 14.821530708000068 ], [ 122.009689898000147, 14.821369420000053 ], [ 122.009813395000151, 14.821695111000111 ], [ 122.010355502000152, 14.821789329000069 ], [ 122.01236399600009, 14.821231879000152 ], [ 122.012874266000154, 14.820157539999968 ], [ 122.012853564000011, 14.819415593000144 ], [ 122.014031397000053, 14.818329943000037 ], [ 122.011822657000153, 14.817340219000187 ], [ 122.011975163000102, 14.817009603000031 ], [ 122.013412662000292, 14.817048138000075 ], [ 122.014142614000093, 14.816754914000171 ], [ 122.015262912000139, 14.81723205000003 ], [ 122.017020554000055, 14.819000835000111 ], [ 122.017610121000075, 14.818908665000095 ], [ 122.019538196000326, 14.817553291000081 ], [ 122.020910351000111, 14.815011377000076 ], [ 122.02192325600015, 14.813906913000153 ], [ 122.02339517200005, 14.808950352000124 ], [ 122.02321052800005, 14.807253178000053 ], [ 122.021852891000094, 14.806908555 ], [ 122.020332324000151, 14.805641595 ], [ 122.019976450000172, 14.80595736500004 ], [ 122.019673587000057, 14.805169501000023 ], [ 122.020455815000105, 14.803723003000073 ], [ 122.021989492000102, 14.802522623000073 ], [ 122.022044470000083, 14.80082558600003 ], [ 122.022747798000182, 14.800144448000026 ], [ 122.023036115000082, 14.799340361000191 ], [ 122.022975139000096, 14.798588903000166 ], [ 122.021503006000216, 14.797550235000017 ], [ 122.021710169000016, 14.796266987000081 ], [ 122.021490830000062, 14.795080897 ], [ 122.023084972000333, 14.793610903000058 ], [ 122.024182859, 14.791699061000145 ], [ 122.024988855000061, 14.791474074000064 ], [ 122.025830411000015, 14.789941092999982 ], [ 122.023690292000197, 14.787823563000131 ], [ 122.023590170000034, 14.786972068000068 ], [ 122.022138861000144, 14.784779803000163 ], [ 122.023519147000115, 14.785131232000026 ], [ 122.024692306000134, 14.786765908000064 ], [ 122.025519656000029, 14.786737494000022 ], [ 122.025501419000193, 14.786156552000136 ], [ 122.024918738000224, 14.785415873000034 ], [ 122.024655629000222, 14.782478801000025 ], [ 122.024161675000187, 14.781250849 ], [ 122.024136157000044, 14.77985791600014 ], [ 122.024611442000037, 14.77960476200019 ], [ 122.024666740000157, 14.779130102000124 ], [ 122.023637895000206, 14.777653237999971 ], [ 122.023751493000191, 14.777208739000059 ], [ 122.024390345000256, 14.777046596000048 ], [ 122.023986883000134, 14.776703554000107 ], [ 122.024337058000015, 14.775777264 ], [ 122.024092881000115, 14.775218066000093 ], [ 122.024321921000137, 14.774142361000031 ], [ 122.023870547000229, 14.77352716900009 ], [ 122.024564898000222, 14.77334042800004 ], [ 122.024834427000087, 14.772614071000021 ], [ 122.022763033000047, 14.768926261999979 ], [ 122.02304800200011, 14.768726080000135 ], [ 122.022790242000156, 14.767453998000065 ], [ 122.021306393000032, 14.764396933000171 ], [ 122.02224310500003, 14.762727682000161 ], [ 122.023503099000209, 14.762503039000137 ], [ 122.024207720000163, 14.762853712000094 ], [ 122.025623019000136, 14.760997002000124 ], [ 122.026072483, 14.761129280000034 ], [ 122.02662207300034, 14.762113019000026 ], [ 122.026942118000079, 14.761933117000012 ], [ 122.027249942000026, 14.762181912000131 ], [ 122.027645693000181, 14.761482470000146 ], [ 122.027031403000137, 14.759228447000055 ], [ 122.027618574000144, 14.757240902000035 ], [ 122.027835946000323, 14.754768182000078 ], [ 122.027475608000032, 14.753872347000083 ], [ 122.026231927000026, 14.753046252000047 ], [ 122.026547309000193, 14.750250741000116 ], [ 122.029112095000187, 14.744964929000105 ], [ 122.029529918000208, 14.742496536999965 ], [ 122.030818594000039, 14.73887162300008 ], [ 122.03051012800006, 14.737309260000018 ], [ 122.028363078000098, 14.733067869000024 ], [ 122.02779169400003, 14.731116925000094 ], [ 122.027895653000201, 14.729507287000104 ], [ 122.029120481000291, 14.727067807000083 ], [ 122.029913246000092, 14.726755937 ], [ 122.030449678000082, 14.725578127000119 ], [ 122.030407593000064, 14.724793943000066 ], [ 122.032417504000023, 14.721781563000036 ], [ 122.033070918000021, 14.721311621000041 ], [ 122.033824875000164, 14.721389214000169 ], [ 122.03568254400011, 14.718813412000031 ], [ 122.03655604100004, 14.716962663000118 ], [ 122.036720859000184, 14.715139518000171 ], [ 122.036173766000047, 14.712946127000123 ], [ 122.035638509000137, 14.712504647 ], [ 122.033919335000178, 14.712329296000178 ], [ 122.031257985000025, 14.707339500000103 ], [ 122.030158087000018, 14.70597831300006 ], [ 122.028295519000039, 14.704597532000093 ], [ 122.026131729000099, 14.703519509000159 ], [ 122.024401753, 14.703214162000052 ], [ 122.022681151000029, 14.703384129000142 ], [ 122.022065680000196, 14.703000317000033 ], [ 122.021071889000154, 14.699509902000159 ], [ 122.020771368000055, 14.695983316000024 ], [ 122.020963330000086, 14.694519524000043 ], [ 122.020185512000239, 14.691380772000059 ], [ 122.019141313000091, 14.689721244000054 ], [ 122.017737704000069, 14.688612996000018 ], [ 122.016752416000031, 14.68589542400008 ], [ 122.013296992000164, 14.681290258000047 ], [ 122.012288494000018, 14.679329649000124 ], [ 122.01192268300008, 14.676700098000026 ], [ 122.010912680000047, 14.675084874000163 ], [ 122.009673145000079, 14.67437516300015 ], [ 122.006808147000015, 14.674352465000027 ], [ 122.006316600000105, 14.673805665000089 ], [ 122.005008022000197, 14.669925865999971 ], [ 122.004803353000057, 14.668385828000112 ], [ 122.004027648000033, 14.667445889000078 ], [ 121.999565224000094, 14.66492404100012 ], [ 121.998289513000032, 14.665325020000182 ], [ 121.99693579000018, 14.664628623 ], [ 121.995312739000042, 14.663280628000109 ], [ 121.993438691000279, 14.660100582000098 ], [ 121.990600251000046, 14.659116133000055 ], [ 121.989247456000157, 14.658212379000076 ], [ 121.98858026500011, 14.657297678000134 ], [ 121.988076613000203, 14.655576770000039 ], [ 121.98752222600001, 14.654994166000165 ], [ 121.987023618000194, 14.654715762000023 ], [ 121.985730908000164, 14.655094493000036 ], [ 121.984833290000097, 14.654620992000048 ], [ 121.982618529000092, 14.65014011400018 ], [ 121.980754182000169, 14.648496039000122 ], [ 121.979602157000159, 14.647957326000039 ], [ 121.97726960500006, 14.644187141000145 ], [ 121.974551857000051, 14.64165000700018 ], [ 121.969309797000165, 14.641847598000084 ], [ 121.96651025600022, 14.642520164000132 ], [ 121.961485721000031, 14.639972039000043 ], [ 121.959300538000207, 14.639576268000098 ], [ 121.957655222000085, 14.637917039 ], [ 121.955366620000063, 14.633942654000066 ], [ 121.953756926000324, 14.631782742000041 ], [ 121.94980680100025, 14.628587202000176 ], [ 121.945981886000027, 14.627370994999978 ], [ 121.942982119000135, 14.627760719000094 ], [ 121.939238285000101, 14.626554099000089 ], [ 121.937782550000065, 14.626728777000153 ], [ 121.936618123000017, 14.627641217000132 ], [ 121.935827889000052, 14.627829173000066 ], [ 121.933734308000112, 14.627574661000153 ], [ 121.932666790000098, 14.627883394000037 ], [ 121.931835020000335, 14.628581128 ], [ 121.930878594000092, 14.630713994000075 ], [ 121.929686477000132, 14.632189851000078 ], [ 121.925003618000119, 14.633577951000177 ], [ 121.922216961000117, 14.63483932600019 ], [ 121.916590652000082, 14.63835776500008 ], [ 121.914277853000044, 14.640839678000191 ], [ 121.911948713000129, 14.646194526000045 ], [ 121.91113603000008, 14.650371389000043 ], [ 121.909084589000145, 14.655849247000106 ], [ 121.908752810000124, 14.660325192000187 ], [ 121.907233763000249, 14.665289637000171 ], [ 121.906386374000022, 14.666342188000101 ], [ 121.906249015000185, 14.667439018000096 ], [ 121.90493394300006, 14.670375860000092 ], [ 121.903743095000095, 14.674433755000052 ], [ 121.902987415000098, 14.678776638000102 ], [ 121.902689941000176, 14.685530427000174 ], [ 121.903835813000114, 14.697033355000144 ], [ 121.903767339000183, 14.702194799000154 ], [ 121.903263445000221, 14.704011773000047 ], [ 121.903240633000109, 14.70629407600012 ], [ 121.904684111000165, 14.710797345000174 ], [ 121.905073726000182, 14.713859838000133 ], [ 121.905789152000011, 14.715217807000158 ], [ 121.905457113000011, 14.717832471000122 ], [ 121.905606124000315, 14.719571863000169 ], [ 121.904743204000169, 14.72079804800012 ], [ 121.904532532000303, 14.72200524800013 ], [ 121.904613622000056, 14.722914543000172 ], [ 121.905181010000319, 14.723870838000153 ], [ 121.90715866700009, 14.724654594000128 ], [ 121.909249795000051, 14.724387931000024 ], [ 121.913670318000186, 14.721095626000022 ], [ 121.914513081000223, 14.719684582000184 ], [ 121.914837153, 14.718367638000075 ], [ 121.914206425000089, 14.716131700000176 ], [ 121.914215881000132, 14.709870855000077 ], [ 121.914702096000156, 14.709228028000041 ], [ 121.916339107000113, 14.708381285000087 ], [ 121.918142012000203, 14.706304650000106 ], [ 121.920783958000129, 14.705928092000079 ], [ 121.921950977000051, 14.706084725000153 ], [ 121.922226457000193, 14.705614371000138 ], [ 121.924090505000208, 14.706288258000029 ], [ 121.924414617000025, 14.70589628099998 ], [ 121.926419162000229, 14.705204998999989 ], [ 121.927743179000117, 14.705649010000059 ], [ 121.928257523000184, 14.705257964000054 ], [ 121.930306255000232, 14.706421508 ], [ 121.931408408000038, 14.70563939300007 ], [ 121.933512159000088, 14.706017206000126 ], [ 121.934945333000201, 14.706656619 ], [ 121.935958797000012, 14.707701523000139 ], [ 121.93699754100021, 14.710563277000119 ], [ 121.937870473000089, 14.711513782 ], [ 121.93668579000007, 14.712944560999972 ], [ 121.936174811000114, 14.714096243000085 ], [ 121.935374488000093, 14.714223921000155 ], [ 121.935016786, 14.714661141000079 ], [ 121.935421686000268, 14.714724802000148 ], [ 121.935657574000061, 14.716782965000164 ], [ 121.937626310000041, 14.719917630000054 ], [ 121.937748918000125, 14.720724604000054 ], [ 121.9373442750001, 14.721790235000014 ], [ 121.936440438000204, 14.722318653000059 ], [ 121.936921259000087, 14.724728767000158 ], [ 121.936526861000175, 14.729236910000054 ], [ 121.935124192000217, 14.730980007000142 ], [ 121.935086854000133, 14.732382526000094 ], [ 121.934549935000177, 14.733081754000011 ], [ 121.934060678000151, 14.734885069000086 ], [ 121.932409431000337, 14.736990171 ], [ 121.932616812000219, 14.737928160000081 ], [ 121.931854080000107, 14.73811046100019 ], [ 121.931873195000207, 14.739385457000139 ], [ 121.931213598000113, 14.740077919000043 ], [ 121.931223232000207, 14.74107970100016 ], [ 121.930413785000042, 14.743056114000183 ], [ 121.930978955000114, 14.743707983000036 ], [ 121.931186340000181, 14.744664188 ], [ 121.930593348000116, 14.746030383000175 ], [ 121.931131989000164, 14.748242739999966 ], [ 121.930491771000106, 14.74902608400015 ], [ 121.929116873000225, 14.749272245000157 ], [ 121.92855946300017, 14.751730713000029 ], [ 121.928682153000182, 14.75298747700009 ], [ 121.926954615000227, 14.756201084000168 ], [ 121.92574917900015, 14.756383446000143 ], [ 121.925325576000205, 14.757412627000122 ], [ 121.92338292400018, 14.757859010000175 ], [ 121.922883883000054, 14.758460169000102 ], [ 121.922874655000101, 14.759525704000055 ], [ 121.922055277000027, 14.759398341000121 ], [ 121.921264292000046, 14.76007239400019 ], [ 121.92083126700004, 14.76126550000015 ], [ 121.920456043000058, 14.765441709000072 ], [ 121.918038692000096, 14.76841194300016 ], [ 121.917786961000047, 14.771183136000047 ], [ 121.919344805000151, 14.773870521999982 ], [ 121.917367857000158, 14.775337383000135 ], [ 121.915966887000081, 14.777026826000053 ], [ 121.914373746000138, 14.777881015000105 ], [ 121.913989946000015, 14.778493642000058 ], [ 121.913951938000082, 14.780201374000171 ], [ 121.91472353100005, 14.781042170000092 ], [ 121.915261508000071, 14.783009615000083 ], [ 121.916432806000103, 14.784011711 ], [ 121.916682691000119, 14.785273883000173 ], [ 121.915934189000041, 14.786165028000084 ], [ 121.91462708600011, 14.786799847000168 ], [ 121.914090243000032, 14.7899926340001 ], [ 121.912919589000012, 14.791923314000144 ], [ 121.912036651000108, 14.792740218000063 ], [ 121.91209448300026, 14.793816810000123 ], [ 121.911733126000172, 14.794956698000135 ], [ 121.912309175000132, 14.795346383000094 ], [ 121.912078943000097, 14.796126048000076 ], [ 121.909026949000122, 14.799189383000112 ], [ 121.908662783000182, 14.802196488000163 ], [ 121.90902773900018, 14.803031722000185 ], [ 121.908750180000084, 14.803385912000181 ], [ 121.907521254000017, 14.802773601000013 ], [ 121.905390136000051, 14.803089572000147 ], [ 121.903528291000043, 14.805929883000033 ], [ 121.900629457000036, 14.807545225000126 ], [ 121.89901693000013, 14.809104676000118 ], [ 121.897235201000058, 14.809576677000166 ], [ 121.896793705000277, 14.810504865000041 ], [ 121.895968169000184, 14.811154662999968 ], [ 121.893568278000089, 14.81215733099998 ], [ 121.892915659000096, 14.813568112000098 ], [ 121.89149507500008, 14.815350216000127 ], [ 121.889928574000123, 14.817194790000144 ], [ 121.888335047000169, 14.818345814000168 ], [ 121.887298544000032, 14.821519994000084 ], [ 121.88610824000034, 14.822967933000086 ], [ 121.886108358000229, 14.824230154000134 ], [ 121.88555163400008, 14.825312276000147 ], [ 121.88512942300008, 14.827595424000037 ], [ 121.883362973000089, 14.82854222800006 ], [ 121.882134233000102, 14.831066779000139 ], [ 121.878473402000168, 14.835491248000039 ], [ 121.878470437000146, 14.836839639000118 ], [ 121.879018433000056, 14.838047236000136 ], [ 121.878557047000072, 14.839199530000087 ], [ 121.878904095000166, 14.839963137000098 ], [ 121.877393411000071, 14.842497153000181 ], [ 121.876817560000063, 14.845613288000152 ], [ 121.87796799900002, 14.848294707000036 ], [ 121.876330437000206, 14.850083271000074 ], [ 121.875462079000158, 14.852650905000075 ], [ 121.875472367000043, 14.856288033000112 ], [ 121.875044225000011, 14.85898392100006 ], [ 121.87584511600005, 14.862041524000176 ], [ 121.87418449200004, 14.865905822000173 ], [ 121.874293013000056, 14.866636769000138 ], [ 121.873226294000119, 14.867557143000113 ], [ 121.872857076000173, 14.868496698000115 ], [ 121.872372931000086, 14.871582773000114 ], [ 121.872425311000029, 14.872789336000039 ], [ 121.873048306000101, 14.874288405000129 ], [ 121.872638128000176, 14.877126265000129 ], [ 121.871644502000208, 14.878170970000156 ], [ 121.870690514000103, 14.880796176000104 ], [ 121.867784088, 14.883415899000056 ], [ 121.866302591000021, 14.88590474800003 ], [ 121.864721020000047, 14.887107890000095 ], [ 121.863707246000331, 14.888897682000049 ], [ 121.862345390000087, 14.890367368000113 ], [ 121.860936020000054, 14.893391900999973 ], [ 121.857476373000054, 14.896950651000111 ], [ 121.857181881000201, 14.898623044000033 ], [ 121.854714794000074, 14.901616159000127 ], [ 121.85493133600005, 14.903248878000113 ], [ 121.853500723000025, 14.905554769000048 ], [ 121.853823273000103, 14.906370620000132 ], [ 121.853266490000124, 14.90583016 ], [ 121.85263013000008, 14.906029436000154 ], [ 121.852758596000058, 14.90659405100007 ], [ 121.85221424000008, 14.906291892000013 ], [ 121.851004462000219, 14.907521081000027 ], [ 121.849817995000194, 14.909876182000119 ], [ 121.849227030000065, 14.912852047000058 ], [ 121.85110473400016, 14.914624398000058 ], [ 121.852545321000093, 14.91461498200016 ], [ 121.85115447700025, 14.915555011000038 ], [ 121.85048947000007, 14.916895437000107 ], [ 121.850848683000208, 14.918689559000029 ], [ 121.852307483000118, 14.920293228000162 ], [ 121.853812512000218, 14.920497143000034 ], [ 121.854030447000014, 14.92166391100011 ], [ 121.854657995000025, 14.922056147000092 ], [ 121.85086771400006, 14.921859654000059 ], [ 121.847798211000054, 14.922729036000078 ], [ 121.845667920000096, 14.924492118000103 ], [ 121.84416254700011, 14.924640227 ], [ 121.84191732100021, 14.92558967400015 ], [ 121.838672642, 14.927686104000031 ], [ 121.837090981000188, 14.930915973000026 ], [ 121.835802466000018, 14.931396848000134 ], [ 121.835368733000109, 14.931926960000112 ], [ 121.834488428000213, 14.932074964000094 ], [ 121.834424739000042, 14.933171417000153 ], [ 121.834833070000286, 14.933984984000062 ], [ 121.834399424000139, 14.93599959800008 ], [ 121.834552620000181, 14.93702276800002 ], [ 121.835484100000031, 14.938218452 ], [ 121.835407603000135, 14.938834820000011 ], [ 121.836147698000218, 14.939981192 ], [ 121.836568729000078, 14.939981156000044 ], [ 121.837117276000072, 14.939253804999964 ], [ 121.837665898000068, 14.939364701999978 ], [ 121.838010682000117, 14.942495786000052 ], [ 121.838993291000179, 14.944303742000102 ], [ 121.838891314000193, 14.945277624000028 ], [ 121.838062170000171, 14.94715145300006 ], [ 121.838113310000267, 14.948223915000028 ], [ 121.836965151000072, 14.949814226000058 ], [ 121.836161371000117, 14.950307383999984 ], [ 121.836327462000099, 14.952957761000164 ], [ 121.835332432000087, 14.953540114000134 ], [ 121.835128348000012, 14.954624961000093 ], [ 121.834158636000097, 14.955635890000167 ], [ 121.83344399300006, 14.95480999800003 ], [ 121.8334056650001, 14.954181301000176 ], [ 121.833852237000087, 14.953737478000107 ], [ 121.833482150000123, 14.953108806000159 ], [ 121.830355999000176, 14.952813175000131 ], [ 121.828812160000211, 14.953688500000169 ], [ 121.828021139000043, 14.954834968000171 ], [ 121.827064198000016, 14.955019919000108 ], [ 121.824754789000167, 14.956326697 ], [ 121.82379781900022, 14.956376041000055 ], [ 121.823568151000018, 14.956671905000178 ], [ 121.823325707000208, 14.956326748000151 ], [ 121.824078445000168, 14.954180131000044 ], [ 121.823657370000205, 14.953687049000109 ], [ 121.823810455000171, 14.952404997000087 ], [ 121.825035287000105, 14.950469579000185 ], [ 121.824925581000116, 14.949781241999972 ], [ 121.825219061000212, 14.949830534000171 ], [ 121.826839497000151, 14.947845688000086 ], [ 121.827464715000019, 14.948190822000186 ], [ 121.829199945000028, 14.947783918000084 ], [ 121.829697567000039, 14.94817836500016 ], [ 121.830169646000058, 14.948055063000083 ], [ 121.830450377000147, 14.948622106000187 ], [ 121.831177664000052, 14.948917920000156 ], [ 121.832479025000112, 14.948030266000046 ], [ 121.833206192000148, 14.946809816000155 ], [ 121.833027510000079, 14.946057867000036 ], [ 121.832351244000165, 14.94541689800019 ], [ 121.832721095000124, 14.943259609000108 ], [ 121.831980943000076, 14.94110093300003 ], [ 121.831432318000111, 14.941027003000158 ], [ 121.831304627000122, 14.93943679400013 ], [ 121.830921831000069, 14.938758822000125 ], [ 121.831138643000031, 14.93751376400013 ], [ 121.830921642000135, 14.935837271000082 ], [ 121.831702459000212, 14.933927342000061 ], [ 121.831530106000059, 14.932071565000058 ], [ 121.8319538410002, 14.930433359000062 ], [ 121.831596127000125, 14.92928154000009 ], [ 121.830655646000196, 14.928385726000045 ], [ 121.828629123000042, 14.928360244000032 ], [ 121.826264656000149, 14.929402743000082 ], [ 121.825721612000166, 14.930375451000089 ], [ 121.825840892000087, 14.932499956000072 ], [ 121.825536278000072, 14.93344703300005 ], [ 121.822171961000095, 14.935558823000122 ], [ 121.822264691000214, 14.935968364000189 ], [ 121.823019712000018, 14.936518675000173 ], [ 121.823019727000087, 14.937030611000068 ], [ 121.822172006000073, 14.937401784000144 ], [ 121.820767946000046, 14.937222634000022 ], [ 121.819169530000181, 14.936288408 ], [ 121.818586673000141, 14.934714208000173 ], [ 121.817738931, 14.933728746000156 ], [ 121.814652741000032, 14.931885804000103 ], [ 121.814330667000036, 14.929734884000084 ], [ 121.814622062000126, 14.927482361000159 ], [ 121.815231371000209, 14.925818588000084 ], [ 121.814171753000096, 14.924078012000109 ], [ 121.81299294300004, 14.923425290000125 ], [ 121.809430039000176, 14.923642783999981 ], [ 121.80659556400019, 14.925050464000094 ], [ 121.805083885000045, 14.926710602000185 ], [ 121.803308763000132, 14.931202687000109 ], [ 121.801957497000217, 14.933378533000052 ], [ 121.801427517000093, 14.935976593000078 ], [ 121.802275125000051, 14.938216353000087 ], [ 121.805170953000015, 14.942439825000179 ], [ 121.80624381500013, 14.944756373000132 ], [ 121.806376240000191, 14.945537070000171 ], [ 121.805819802000087, 14.946032246000129 ], [ 121.805753551000066, 14.946582584000168 ], [ 121.806813269000031, 14.947248176000187 ], [ 121.809873071000197, 14.951548498000022 ], [ 121.81065446800028, 14.95657151600011 ], [ 121.810720174000039, 14.959737428000039 ], [ 121.810662632000117, 14.960655614000189 ], [ 121.80967529100019, 14.960908712000162 ], [ 121.810780850000128, 14.960874790000048 ], [ 121.811522998000214, 14.963038209000047 ], [ 121.812371076000204, 14.963181770000119 ], [ 121.81269700100006, 14.962877713000125 ], [ 121.813228753000203, 14.964799327000094 ], [ 121.814343990000225, 14.964549997000063 ], [ 121.814610382000069, 14.96478203800018 ], [ 121.814736593000134, 14.965021277000176 ], [ 121.814175811000041, 14.965383986000063 ], [ 121.814719013000058, 14.96550438200012 ], [ 121.815003400000023, 14.965258974000051 ], [ 121.814594386000181, 14.966310313000065 ], [ 121.814895426000021, 14.966649104000112 ], [ 121.815699057000188, 14.966145940000047 ], [ 121.815986636000048, 14.96636820100008 ], [ 121.813975967000033, 14.967892307000056 ], [ 121.816061333000107, 14.966511767000043 ], [ 121.8162450640001, 14.966772615000139 ], [ 121.815994865000107, 14.967300261000105 ], [ 121.816378308000139, 14.967156721000094 ], [ 121.816108300000337, 14.96745152200009 ], [ 121.816520501000241, 14.967459242000189 ], [ 121.816175403000102, 14.967709282000101 ], [ 121.816848023000034, 14.967984021000177 ], [ 121.816619553000123, 14.968976738000151 ], [ 121.8168878030001, 14.968934016 ], [ 121.816901349000318, 14.969352583000102 ], [ 121.817336899000111, 14.969605683000054 ], [ 121.817514004000145, 14.971085101000085 ], [ 121.817967167, 14.971113103000107 ], [ 121.817470953000225, 14.972495976 ], [ 121.817541368000093, 14.973596987000064 ], [ 121.818101106000199, 14.973558068000159 ], [ 121.818072128000153, 14.973979514 ], [ 121.817186544000037, 14.975371362000089 ], [ 121.817288377000182, 14.974693484000113 ], [ 121.816816982000205, 14.974542280000037 ], [ 121.815128593000054, 14.976386280000042 ], [ 121.815283458000295, 14.976785051000093 ], [ 121.815023106000126, 14.976670565 ], [ 121.814406613000187, 14.977432240000041 ], [ 121.813778537000076, 14.979520411000067 ], [ 121.814214970000194, 14.97925927100016 ], [ 121.813212504000035, 14.98167223400003 ], [ 121.813427242000216, 14.981719722000093 ], [ 121.813856556000019, 14.985072517000106 ], [ 121.814693818000023, 14.987198596000098 ], [ 121.815849567000328, 14.988815952000152 ], [ 121.816149761000133, 14.98975022999997 ], [ 121.816754452000168, 14.989730012999985 ], [ 121.817437341000073, 14.990645207000057 ], [ 121.817606329000228, 14.991021208000177 ], [ 121.817009081000037, 14.990978397999982 ], [ 121.816864530000203, 14.991541354000049 ], [ 121.81823814400002, 14.993097013000067 ], [ 121.81843473500021, 14.994599693000055 ], [ 121.818744647000244, 14.994070308 ], [ 121.819089399000177, 14.994823944000018 ], [ 121.819319786000165, 14.997386637999966 ], [ 121.818977553000195, 14.998180545000025 ], [ 121.819294869000146, 14.999602065000033 ], [ 121.819117028000051, 14.999918828000034 ], [ 121.820054209000091, 15.002520101000073 ], [ 121.820877312000221, 15.003402685000083 ], [ 121.821673259000136, 15.00375244300011 ], [ 121.821908020000023, 15.00438844200005 ], [ 121.826477292000163, 15.003222095000069 ], [ 121.826993991000109, 15.003550383000061 ], [ 121.82706558700022, 15.00318874300018 ], [ 121.827542479000044, 15.003762613000049 ], [ 121.828461480000328, 15.003485634000128 ], [ 121.829762784000195, 15.00390271599997 ], [ 121.830114900000012, 15.003293923000172 ], [ 121.83024712200006, 15.003559776000031 ], [ 121.83078479400001, 15.003415026000141 ], [ 121.831118959000037, 15.003844149000031 ], [ 121.831392438000194, 15.003746711000133 ], [ 121.83123240600014, 15.003363977999982 ], [ 121.831793249000043, 15.003261629000178 ], [ 121.831993921000162, 15.002602538000076 ], [ 121.831619599000078, 15.002371897999979 ], [ 121.83183047600005, 15.002080788000058 ], [ 121.831586600000264, 15.002193381000041 ], [ 121.831738287000121, 15.001857010000037 ], [ 121.831414500000051, 15.001571389000105 ], [ 121.832019444000025, 15.000348418000101 ], [ 121.831500131000098, 14.9993720760001 ], [ 121.828644164000025, 14.99749875700013 ], [ 121.827540296000166, 14.996990187000108 ], [ 121.827322410000079, 14.99735680100008 ], [ 121.827235666000206, 14.996805011000106 ], [ 121.82665985500023, 14.996720819000018 ], [ 121.826849789000107, 14.9965207300001 ], [ 121.826611280000179, 14.996364165000045 ], [ 121.826095774, 14.99639082300007 ], [ 121.825757630000112, 14.996927281000069 ], [ 121.826026265000223, 14.996104813000045 ], [ 121.824663763000103, 14.995258912000168 ], [ 121.824623662000022, 14.994525565000117 ], [ 121.825284109000108, 14.994132924000041 ], [ 121.824889761000122, 14.994023928000104 ], [ 121.825253193000208, 14.993669450000084 ], [ 121.825105154000084, 14.993279730000154 ], [ 121.825430999000105, 14.993204963000096 ], [ 121.825387987000113, 14.99240790000016 ], [ 121.825670677000062, 14.992443010000045 ], [ 121.825405306000107, 14.992168251000123 ], [ 121.825710500000127, 14.992025201 ], [ 121.825622766000151, 14.991690461000019 ], [ 121.826048637000099, 14.99153248600004 ], [ 121.826008273000298, 14.993064088999972 ], [ 121.82648033800001, 14.993558875000076 ], [ 121.826796177000119, 14.992856404000122 ], [ 121.82650874, 14.992033324999966 ], [ 121.827143759000137, 14.991959281000049 ], [ 121.827211303000013, 14.991368187000035 ], [ 121.827483255000175, 14.992142616000024 ], [ 121.828038286000151, 14.992222819 ], [ 121.827560723000147, 14.992337478000024 ], [ 121.826951503000032, 14.993663066000067 ], [ 121.827087550000329, 14.993919567000091 ], [ 121.827892639000083, 14.993815063000113 ], [ 121.827154949000146, 14.994221528000082 ], [ 121.827766618000055, 14.994784653000067 ], [ 121.827980562000107, 14.994431747000021 ], [ 121.828019931000085, 14.994959619000156 ], [ 121.829288157000065, 14.994175525000117 ], [ 121.829091917000028, 14.99364591200009 ], [ 121.829933268000104, 14.993902756000011 ], [ 121.830423126000142, 14.993351829000176 ], [ 121.830472749000023, 14.994064536999986 ], [ 121.830881163000072, 14.994327283000075 ], [ 121.830541457000209, 14.994536928000116 ], [ 121.830509813000049, 14.995725198000173 ], [ 121.829869075000033, 14.996244635999972 ], [ 121.830623780000224, 14.996912727000108 ], [ 121.832252562000122, 14.995200326000088 ], [ 121.832971135000207, 14.995041959000048 ], [ 121.833369622000191, 14.994492648000175 ], [ 121.834912204000261, 14.995057272000167 ], [ 121.83540847900008, 14.994210090000024 ], [ 121.834783139000024, 14.993114425000101 ], [ 121.834136331000082, 14.990229570000054 ], [ 121.834976811000047, 14.990330445000097 ], [ 121.836958906000177, 14.988675711000155 ], [ 121.83610459800002, 14.987344971000027 ], [ 121.835733646000222, 14.987220870000158 ], [ 121.835646819000203, 14.987507208000011 ], [ 121.835314911000069, 14.986898526000118 ], [ 121.834175905000052, 14.986825982000141 ], [ 121.833840850000115, 14.986172696000096 ], [ 121.833369260000154, 14.986224390000132 ], [ 121.832904691000181, 14.98476736900011 ], [ 121.831929430000059, 14.984316185000068 ], [ 121.832082212000046, 14.983889203000103 ], [ 121.831799734000128, 14.983674703000077 ], [ 121.83213086600017, 14.983673186000033 ], [ 121.83225611000023, 14.983275979000155 ], [ 121.831918141000074, 14.983086574000026 ], [ 121.831883580000181, 14.982867169000087 ], [ 121.83309379800005, 14.982543910000061 ], [ 121.834406561000264, 14.982645010000056 ], [ 121.834720563000133, 14.982224800000097 ], [ 121.834373587000073, 14.981574592000129 ], [ 121.83470481600034, 14.981373779000137 ], [ 121.835304554000231, 14.981590098000027 ], [ 121.835071951000032, 14.982177818000139 ], [ 121.835435480000228, 14.982484747000058 ], [ 121.835505056000102, 14.983889126000179 ], [ 121.835808326, 14.984140474000185 ], [ 121.836248791000116, 14.983911240000054 ], [ 121.836056252000049, 14.984118817000081 ], [ 121.836441112000102, 14.984577279000177 ], [ 121.837623532000066, 14.98447900900004 ], [ 121.837597005000134, 14.984847083000091 ], [ 121.838754984000047, 14.985102164000182 ], [ 121.838067694000074, 14.98558114399998 ], [ 121.83829488400022, 14.986160638000172 ], [ 121.838059367000028, 14.987163268000188 ], [ 121.83890805600015, 14.987515319000067 ], [ 121.837996007000243, 14.987742887000081 ], [ 121.838031811000064, 14.988242554000124 ], [ 121.839114043000222, 14.988819563000163 ], [ 121.840080077000039, 14.988778210000021 ], [ 121.839878130000102, 14.988973107000106 ], [ 121.840133892000154, 14.98931096300015 ], [ 121.839170549000073, 14.989782355000045 ], [ 121.838863865000121, 14.990401994000081 ], [ 121.838128884000184, 14.990187528000092 ], [ 121.836798964000081, 14.990625961000035 ], [ 121.837135646000206, 14.991332937000095 ], [ 121.836710348000224, 14.991250919000095 ], [ 121.836164562000022, 14.991971236999973 ], [ 121.836963789000151, 14.992841553000062 ], [ 121.836972352000203, 14.993762516000118 ], [ 121.837379277000196, 14.994577215000163 ], [ 121.836533947000248, 14.995593979000091 ], [ 121.836854744000107, 14.995625462000078 ], [ 121.836561871000072, 14.996612127000105 ], [ 121.835937942000101, 14.997268177000024 ], [ 121.835238596000067, 14.997440208000171 ], [ 121.83423509000022, 14.996652834000031 ], [ 121.832602735000023, 14.997297719000187 ], [ 121.833412357000043, 14.999086812000144 ], [ 121.833961898000325, 14.998706104000064 ], [ 121.833891165000068, 14.999311535000174 ], [ 121.834165711000082, 14.999568475000103 ], [ 121.835011061000046, 14.999167494000062 ], [ 121.833460968000054, 15.001655579000158 ], [ 121.833830602000148, 15.001897259000089 ], [ 121.833447563000163, 15.003793786000017 ], [ 121.832855011000106, 15.004277588000093 ], [ 121.833006360000013, 15.004429025000093 ], [ 121.831698588000108, 15.005268943000146 ], [ 121.831487402000221, 15.005057951000083 ], [ 121.831066379000163, 15.005442115000108 ], [ 121.830149149000249, 15.005369503000111 ], [ 121.830217654000194, 15.005687575000138 ], [ 121.829869123000208, 15.005488419000187 ], [ 121.829705039000146, 15.006124415000045 ], [ 121.829513219000091, 15.005921934000071 ], [ 121.829470787000105, 15.006253557000093 ], [ 121.829147294000222, 15.006168740000078 ], [ 121.829270257000189, 15.006723241000032 ], [ 121.828729572000157, 15.006955977000132 ], [ 121.829003724000245, 15.007522112000174 ], [ 121.829636564000225, 15.007484418000047 ], [ 121.829168773000106, 15.00816851999997 ], [ 121.82963447800023, 15.00796764200004 ], [ 121.829619488000048, 15.008414185000163 ], [ 121.829370302000029, 15.008398227999976 ], [ 121.82964073200003, 15.008545496000067 ], [ 121.829122315000063, 15.009218234000173 ], [ 121.828767366000079, 15.010535082000047 ], [ 121.828041029000133, 15.010648735000132 ], [ 121.828521710000018, 15.010040907000075 ], [ 121.828032626000208, 15.010102239000048 ], [ 121.827726269000209, 15.009688789999984 ], [ 121.827479991000018, 15.010510386000135 ], [ 121.8267928140001, 15.010970039000085 ], [ 121.826633100000208, 15.011698538000019 ], [ 121.827142916000298, 15.011806474000082 ], [ 121.826804443000128, 15.012622778000093 ], [ 121.827535526000133, 15.012851170000033 ], [ 121.827628709000123, 15.013350022000054 ], [ 121.828965033000031, 15.012868508 ], [ 121.829434179000032, 15.012083804000099 ], [ 121.828867045000038, 15.011855499000148 ], [ 121.828622016000281, 15.011247667000134 ], [ 121.829520899000158, 15.010901270000147 ], [ 121.830204711000079, 15.011415687000181 ], [ 121.830297138000333, 15.010237386000085 ], [ 121.831189345000212, 15.009737708000159 ], [ 121.834297123000056, 15.005902370000058 ], [ 121.834900541000138, 15.005892119 ], [ 121.834934596000039, 15.006355756000119 ], [ 121.835417981000091, 15.006089478000092 ], [ 121.83533128900001, 15.006419018000031 ], [ 121.835656393000136, 15.005991817999984 ], [ 121.835693456000058, 15.008153525000068 ], [ 121.833859615000165, 15.008500535 ], [ 121.831966885000043, 15.010761996000156 ], [ 121.832228660000055, 15.011138243000119 ], [ 121.832358064000118, 15.010763894000149 ], [ 121.832656334000148, 15.010969519000184 ], [ 121.832793976000175, 15.011798763000058 ], [ 121.833172983000168, 15.011371533000045 ], [ 121.832655677000162, 15.012258923000104 ], [ 121.833119126000042, 15.012614648000181 ], [ 121.83320909400004, 15.013218195000093 ], [ 121.833441030000017, 15.013103759000046 ], [ 121.833398283000179, 15.013623470000141 ], [ 121.834122315000059, 15.013405968000086 ], [ 121.834022883000102, 15.013916181000127 ], [ 121.834604099000103, 15.014107709000143 ], [ 121.834270187000016, 15.015020138000068 ], [ 121.834388385000011, 15.016565847000152 ], [ 121.833248282000113, 15.016883305000135 ], [ 121.833025048000081, 15.017278127000111 ], [ 121.833222987000227, 15.01809018300014 ], [ 121.832309535000149, 15.01824361600012 ], [ 121.832388949000119, 15.018717887000037 ], [ 121.832788932000085, 15.018836043000022 ], [ 121.833422887000097, 15.018333709000046 ], [ 121.833865050000099, 15.01905538799997 ], [ 121.831816606000075, 15.019178436000061 ], [ 121.832689070000015, 15.019573781000133 ], [ 121.832672995000053, 15.019854156000179 ], [ 121.829992044000164, 15.020757251000191 ], [ 121.829965868000272, 15.022122788000104 ], [ 121.82884784700002, 15.021426732000066 ], [ 121.828389138000034, 15.021866698000053 ], [ 121.829078572000071, 15.022322855000084 ], [ 121.827467842000033, 15.022344895000117 ], [ 121.829784825000161, 15.022749302000079 ], [ 121.829205103000163, 15.023861079000142 ], [ 121.829507468000202, 15.025648232000151 ], [ 121.831477648000146, 15.027082212000096 ], [ 121.831281239000305, 15.027462799999967 ], [ 121.831722528000114, 15.02777666500009 ], [ 121.83142311600011, 15.027838589999988 ], [ 121.831361943000047, 15.028364564000185 ], [ 121.831112771000221, 15.028253577000157 ], [ 121.831213986000193, 15.028756764000093 ], [ 121.831658701000151, 15.028990586000077 ], [ 121.831550789000062, 15.030122494000125 ], [ 121.833579127, 15.03224292200008 ], [ 121.834626205000177, 15.033875075000026 ], [ 121.83490191400017, 15.033868675000065 ], [ 121.834763106000196, 15.034079336000161 ], [ 121.83597877200009, 15.035997900000098 ], [ 121.835699444000056, 15.036451893000105 ], [ 121.836045097000124, 15.037788354999975 ], [ 121.83693888200014, 15.039240872 ], [ 121.838092410000172, 15.039707778000093 ], [ 121.83841680900025, 15.039399363000086 ], [ 121.840154094000013, 15.03926374800011 ], [ 121.842067112000223, 15.03983075400015 ], [ 121.842142394, 15.040178796000134 ], [ 121.84299962700004, 15.040557034000187 ], [ 121.843921901000158, 15.040313576000131 ], [ 121.845634230000087, 15.040879905000168 ], [ 121.847243395000305, 15.040357904000075 ], [ 121.84917788700011, 15.041112135000049 ], [ 121.849510645, 15.040738284000099 ], [ 121.849931594000054, 15.040958237000098 ], [ 121.850097097000344, 15.04058966700012 ], [ 121.851810153000201, 15.040711720000047 ], [ 121.852032962000067, 15.04048711500019 ], [ 121.852488150000227, 15.040719083 ], [ 121.852453780000019, 15.040515007000181 ], [ 121.853279103000204, 15.040464495000094 ], [ 121.853343035000194, 15.040132294000045 ], [ 121.853816398000163, 15.040380721000076 ], [ 121.854345110000054, 15.039403308000146 ], [ 121.854765364000173, 15.039386431000082 ], [ 121.854948879000176, 15.03899254900017 ], [ 121.856250652000085, 15.039718821 ], [ 121.856443788000092, 15.038916659000108 ], [ 121.857023685000058, 15.038707909000038 ], [ 121.856830629000228, 15.037528566000105 ], [ 121.858160896000072, 15.035700398000188 ], [ 121.858293779000178, 15.033979676000058 ], [ 121.858620231000032, 15.033371883000143 ], [ 121.858309079000037, 15.03278652900002 ], [ 121.858616396000116, 15.032577610999965 ], [ 121.858379621000154, 15.032326014000034 ], [ 121.858645399000125, 15.032064308000031 ], [ 121.858459509000227, 15.031169423000165 ], [ 121.859450738000078, 15.029841309000062 ], [ 121.859272703000102, 15.028793439000026 ], [ 121.85819484600006, 15.027555622000023 ], [ 121.858867626000119, 15.027136645000098 ], [ 121.859382947000199, 15.027938773000017 ], [ 121.859624812000106, 15.0273871280001 ], [ 121.859779251000305, 15.027663364999967 ], [ 121.859860379000111, 15.027041508000138 ], [ 121.860213094000073, 15.028244788000052 ], [ 121.860037288000058, 15.027522461000046 ], [ 121.860401264000188, 15.027780994000011 ], [ 121.860720930000184, 15.02762297400011 ], [ 121.861738564, 15.028717131000121 ], [ 121.862641249000148, 15.030657596000026 ], [ 121.86378926500015, 15.031443584000044 ], [ 121.864362482000047, 15.029833479000104 ], [ 121.863566974000264, 15.028507595 ], [ 121.864040807000151, 15.027342362000127 ], [ 121.863365244000079, 15.02677802900007 ], [ 121.864038867000318, 15.026860922000083 ], [ 121.864246696, 15.026554244000124 ], [ 121.863735805000147, 15.025585364999984 ], [ 121.864744438000344, 15.02372689300006 ], [ 121.86471095700017, 15.023041755 ], [ 121.865142073000129, 15.022939126000153 ], [ 121.865294425000116, 15.021839943000089 ], [ 121.865066009000088, 15.02140496800007 ], [ 121.865395674000069, 15.021779307000031 ], [ 121.866558558000179, 15.021614631000091 ], [ 121.866011352000214, 15.023665878000088 ], [ 121.866342714000098, 15.024152726000011 ], [ 121.86659807400008, 15.026705732000039 ], [ 121.866217470000038, 15.027008967000029 ], [ 121.865911525000229, 15.028134502000171 ], [ 121.86705527700019, 15.029930102000037 ], [ 121.867261540000072, 15.029234055000074 ], [ 121.867879256000037, 15.029460186000051 ], [ 121.86777957400011, 15.029901759000097 ], [ 121.867362417000209, 15.029987543000061 ], [ 121.867552518000025, 15.030274170000098 ], [ 121.867964498000106, 15.030329001000098 ], [ 121.868512846000044, 15.029599388 ], [ 121.868528300000094, 15.030153944000062 ], [ 121.869000996000068, 15.030550251000079 ], [ 121.871704049000073, 15.030124590000128 ], [ 121.871543357000064, 15.030412516000183 ], [ 121.872173285000144, 15.030667295 ], [ 121.872644662000312, 15.031648168000061 ], [ 121.874249316000032, 15.032860848000041 ], [ 121.876569127000039, 15.033711076000031 ], [ 121.876346692000197, 15.034135401000071 ], [ 121.877806799000155, 15.034807619000105 ], [ 121.877885095000011, 15.034017597000116 ], [ 121.877602316000207, 15.033807718000048 ], [ 121.878198377000217, 15.033767300000079 ], [ 121.877873353000155, 15.033916774000033 ], [ 121.878560746000062, 15.034415455000158 ], [ 121.878629970000134, 15.033966675000158 ], [ 121.879419572000074, 15.033522416999972 ], [ 121.87961690100019, 15.032722449000062 ], [ 121.879363584000089, 15.031380072000104 ], [ 121.880882746000225, 15.031403512999987 ], [ 121.880515702000025, 15.032381131000079 ], [ 121.880727658000183, 15.033203713000091 ], [ 121.880605981000144, 15.033385944000145 ], [ 121.880346616000224, 15.033044050000115 ], [ 121.880331910000109, 15.033452429000079 ], [ 121.880534934000025, 15.033964312000023 ], [ 121.881026665000263, 15.034161403000098 ], [ 121.880336928000133, 15.036788732000161 ], [ 121.881671658000073, 15.032643069000073 ], [ 121.88223263600014, 15.03221388999998 ], [ 121.882928415000038, 15.032647106000127 ], [ 121.882968486000095, 15.03232462200009 ], [ 121.883641154000316, 15.032515950000118 ], [ 121.883996958000125, 15.032294086000036 ], [ 121.883472607000158, 15.031995904999974 ], [ 121.884038909000083, 15.031824373000177 ], [ 121.88386300600007, 15.031522640000162 ], [ 121.884109927000168, 15.031282619000137 ], [ 121.88367984100023, 15.031228106000128 ], [ 121.883456851000119, 15.03070407600012 ], [ 121.88368928400007, 15.030400952000093 ], [ 121.883707247000189, 15.030814602000021 ], [ 121.884093720000124, 15.031000551000034 ], [ 121.884819937000088, 15.028404266999985 ], [ 121.886007968000058, 15.028182157000117 ], [ 121.886748100000204, 15.028977109000152 ], [ 121.888292535000119, 15.02917753700001 ], [ 121.888290851000193, 15.028927711000165 ], [ 121.888686484000118, 15.02891559800014 ], [ 121.888560139000106, 15.027285984000116 ], [ 121.88893588000019, 15.02709158 ], [ 121.890073513000061, 15.02918849100007 ], [ 121.891284375000055, 15.027703362000182 ], [ 121.891625208000164, 15.02855135100009 ], [ 121.891250908000075, 15.029653671000176 ], [ 121.891423443, 15.030005718999973 ], [ 121.891127995000147, 15.030265070000041 ], [ 121.892015810000089, 15.031002076000107 ], [ 121.891183162000175, 15.03099832200013 ], [ 121.890848824000045, 15.030640785000116 ], [ 121.890270502000135, 15.030858786000124 ], [ 121.890165396000157, 15.031180069000186 ], [ 121.890709808000224, 15.031219799999974 ], [ 121.890217268000015, 15.032162123000035 ], [ 121.891396746000055, 15.034308793000037 ], [ 121.892863991000013, 15.03559884800012 ], [ 121.892872625000223, 15.036251808000145 ], [ 121.893569971000034, 15.036523561000138 ], [ 121.893141283000091, 15.036265655000136 ], [ 121.893386962000022, 15.035898031000102 ], [ 121.89378772900011, 15.036674927000035 ], [ 121.894109834000346, 15.036510090000036 ], [ 121.894002972000067, 15.036784979000117 ], [ 121.894420994000029, 15.037027415000068 ], [ 121.895123145000071, 15.03728640200012 ], [ 121.895037851000097, 15.037002850000079 ], [ 121.895473780000088, 15.036961771000165 ], [ 121.895523417000163, 15.037427449000177 ], [ 121.896441292000191, 15.037190656000178 ], [ 121.896830769000189, 15.037640992000149 ], [ 121.897210141000073, 15.036979851000069 ], [ 121.898255054000174, 15.03686886600002 ], [ 121.898767726000074, 15.036195470999985 ], [ 121.899122355000031, 15.036962953000113 ], [ 121.899369638000167, 15.037043799 ], [ 121.899567273000116, 15.036665841 ], [ 121.899650737000115, 15.03709372700007 ], [ 121.899717708000026, 15.036523685000134 ], [ 121.900811188000034, 15.035575429000062 ], [ 121.901823700000023, 15.035190872000101 ], [ 121.901907056000141, 15.035931490999985 ], [ 121.901131328000133, 15.035896860999969 ], [ 121.900566894000121, 15.037246436000032 ], [ 121.901381419000131, 15.037403387000097 ], [ 121.901418651000199, 15.03776596199998 ], [ 121.901737205000018, 15.037568465000106 ], [ 121.901536011000076, 15.037956734000147 ], [ 121.902812212000072, 15.039137562000178 ], [ 121.903058095000119, 15.039719837000121 ], [ 121.902714085000071, 15.039955773000088 ], [ 121.903393823000329, 15.040520991000164 ], [ 121.904049973000042, 15.039674642000023 ], [ 121.904105418000313, 15.040119132000029 ], [ 121.904860012000086, 15.040228494000189 ], [ 121.905270610000116, 15.04091941300004 ], [ 121.905527005000067, 15.040567844 ], [ 121.905860646000065, 15.040944062000051 ], [ 121.906142231000217, 15.040825320000181 ], [ 121.907287505000113, 15.042154305999986 ], [ 121.907555780000166, 15.04160248400018 ], [ 121.908068154000148, 15.042214466000189 ], [ 121.908740860000194, 15.042107265000141 ], [ 121.909218892000126, 15.043152780000014 ], [ 121.91002954000021, 15.043804316000092 ], [ 121.910666233000029, 15.042810434000103 ], [ 121.911082438000108, 15.043329946000142 ], [ 121.910033285000054, 15.04450882600014 ], [ 121.910961439000175, 15.043627879000155 ], [ 121.911315453000157, 15.043671965999977 ], [ 121.912513458000035, 15.046222103000048 ], [ 121.913440154000114, 15.046017292000045 ], [ 121.914797259000125, 15.046733637000102 ], [ 121.915700896000317, 15.046668824000164 ], [ 121.915631696000105, 15.046880452000096 ], [ 121.916073507000192, 15.046587546000183 ], [ 121.916173200000117, 15.045972161000179 ], [ 121.916346586000145, 15.046688581000126 ], [ 121.917315386000155, 15.047256530000084 ], [ 121.920649878000177, 15.047273341000164 ], [ 121.92033621800033, 15.047514198000101 ], [ 121.920545161000177, 15.047830115000068 ], [ 121.921642495000015, 15.048164223000185 ], [ 121.923044049000168, 15.047845555000094 ], [ 121.923276506000093, 15.048865696 ], [ 121.925901923000197, 15.049313026999982 ], [ 121.925245848000145, 15.05010447300009 ], [ 121.925378974000182, 15.050293372 ], [ 121.926188414000308, 15.050252124000167 ], [ 121.92672042200013, 15.050840142000141 ], [ 121.927096435000067, 15.05068232800005 ], [ 121.927325416000031, 15.05166250700006 ], [ 121.9279711920002, 15.051454298000181 ], [ 121.928371225000205, 15.052034187000061 ], [ 121.929306930000052, 15.052001891999964 ], [ 121.929464755000026, 15.053033412000048 ], [ 121.930026262000069, 15.052738884000064 ], [ 121.929706194000232, 15.053409736000106 ], [ 121.930009551000012, 15.053800567000053 ], [ 121.932251568000197, 15.053669306000131 ], [ 121.932583521000197, 15.054294583000058 ], [ 121.931717007000088, 15.054066416000126 ], [ 121.931420206000098, 15.054315472000098 ], [ 121.93152792800015, 15.054932548000181 ], [ 121.932131474000016, 15.05502819100019 ], [ 121.931485592000058, 15.055569355000046 ], [ 121.931561222000028, 15.056389934000151 ], [ 121.932830283000044, 15.05655630300015 ], [ 121.933247609000091, 15.057928773000185 ], [ 121.934166897000068, 15.058615678000081 ], [ 121.934585539000068, 15.058328844000187 ] ] ], [ [ [ 121.943606999000281, 15.058245346000035 ], [ 121.944301724000297, 15.05818744700008 ], [ 121.944863470000087, 15.057663016000163 ], [ 121.944354117000103, 15.057482214000117 ], [ 121.943659412000102, 15.057883687000185 ], [ 121.943606999000281, 15.058245346000035 ] ] ], [ [ [ 121.946657669000274, 15.057894752000152 ], [ 121.946929592000174, 15.05764771000014 ], [ 121.947217675000047, 15.057807925000134 ], [ 121.947289083000101, 15.057320547000131 ], [ 121.946678366000128, 15.057229341000038 ], [ 121.946657669000274, 15.057894752000152 ] ] ], [ [ [ 121.980951957000116, 15.042438429000185 ], [ 121.982173374000013, 15.042862477000085 ], [ 121.982612599000163, 15.042264237000154 ], [ 121.981534367000108, 15.041634547000058 ], [ 121.980951957000116, 15.042438429000185 ] ] ], [ [ [ 121.980867573000069, 15.042054848000134 ], [ 121.980224766000219, 15.0411098780001 ], [ 121.979040203000181, 15.04098977700005 ], [ 121.979018972000063, 15.041264556000101 ], [ 121.979617036000036, 15.041208357000187 ], [ 121.980867573000069, 15.042054848000134 ] ] ], [ [ [ 121.972026638000102, 15.040511692000166 ], [ 121.972541386000103, 15.040435850000108 ], [ 121.972575659000199, 15.040191226000104 ], [ 121.972147464000159, 15.039954573000159 ], [ 121.972026638000102, 15.040511692000166 ] ] ], [ [ [ 122.02742519100002, 15.017396902000087 ], [ 122.030694966000056, 15.017896002000157 ], [ 122.032529140000179, 15.01666492600009 ], [ 122.032709451000073, 15.015875703000063 ], [ 122.032229347000111, 15.015548296000077 ], [ 122.028141698000013, 15.015002048000156 ], [ 122.027839480000125, 15.016580835000127 ], [ 122.027003175000118, 15.017126277000159 ], [ 122.02742519100002, 15.017396902000087 ] ] ], [ [ [ 122.155777474000047, 14.95039426500017 ], [ 122.156903457000226, 14.950747588000183 ], [ 122.157766340000308, 14.950129005000065 ], [ 122.158248099000161, 14.950598631000048 ], [ 122.160161201000165, 14.949661376 ], [ 122.161355234000098, 14.948594812000067 ], [ 122.161487795000085, 14.947519100000022 ], [ 122.162177756000119, 14.947375742000077 ], [ 122.162383383000133, 14.946742 ], [ 122.162654443000179, 14.946715449000067 ], [ 122.16263794300005, 14.946224312000027 ], [ 122.161899334000168, 14.945405297000036 ], [ 122.161468717000162, 14.945492031000072 ], [ 122.161176625000166, 14.945156231 ], [ 122.161534631000109, 14.94385990800015 ], [ 122.161056162000023, 14.942956439999989 ], [ 122.161222517000056, 14.941307322000171 ], [ 122.160798259000103, 14.940772003000177 ], [ 122.160890454000196, 14.9380527510001 ], [ 122.159657959000015, 14.937681088000147 ], [ 122.15925059600022, 14.938110210000104 ], [ 122.159221349000177, 14.937763201999985 ], [ 122.158742106000091, 14.937675031000083 ], [ 122.159046972000056, 14.937317492000091 ], [ 122.158542677000014, 14.937204611000084 ], [ 122.15868568500025, 14.936907355000187 ], [ 122.155164461000027, 14.934365766000099 ], [ 122.154646888000116, 14.934447000999967 ], [ 122.154819390000057, 14.935230083000135 ], [ 122.154015916000162, 14.933353862000047 ], [ 122.154172083000049, 14.931395308000162 ], [ 122.1539967880002, 14.930390035000016 ], [ 122.153494089000219, 14.930058220000035 ], [ 122.153738916000179, 14.928633534000085 ], [ 122.152761137000198, 14.928371548000086 ], [ 122.152841573000046, 14.928119472000049 ], [ 122.15172336400019, 14.927190456000062 ], [ 122.151654131000214, 14.926388505999967 ], [ 122.152016178000054, 14.926880786000027 ], [ 122.152080302000059, 14.92671312900012 ], [ 122.15158013700011, 14.925183151000169 ], [ 122.150326430000064, 14.923256431000084 ], [ 122.148980564000112, 14.922107674000188 ], [ 122.147697888000039, 14.921760198000186 ], [ 122.146979283000178, 14.92204876500017 ], [ 122.144204540000146, 14.924551648000033 ], [ 122.144231086000218, 14.925284957000088 ], [ 122.143517223000231, 14.925064269000075 ], [ 122.143488119000153, 14.925408263000122 ], [ 122.143953559000124, 14.925431119000052 ], [ 122.143154412000172, 14.925871794000045 ], [ 122.142544896000118, 14.92536102400004 ], [ 122.142446184000164, 14.925703556000144 ], [ 122.142046687000061, 14.925424333000024 ], [ 122.141552349000222, 14.925743119000117 ], [ 122.140223388000095, 14.925560213000097 ], [ 122.139211575000104, 14.925028004000012 ], [ 122.139018329000123, 14.925353720000146 ], [ 122.138463858000023, 14.925183263000179 ], [ 122.138276494000138, 14.926303715000131 ], [ 122.139848277000056, 14.927136888000064 ], [ 122.141060252000216, 14.927630254000064 ], [ 122.141324756000131, 14.927387876000068 ], [ 122.14306790500018, 14.927581358999987 ], [ 122.144243944000209, 14.928539527000055 ], [ 122.144987739000044, 14.92809992399998 ], [ 122.145782661000112, 14.928543204000107 ], [ 122.14508322000006, 14.929366865000134 ], [ 122.145148956000298, 14.929944629000147 ], [ 122.146196752000151, 14.930860991000088 ], [ 122.146643850000032, 14.932001814000103 ], [ 122.147172616000034, 14.932314988000087 ], [ 122.147471804000133, 14.93200632200012 ], [ 122.147683447000304, 14.932649900000058 ], [ 122.148509468000043, 14.932910338000113 ], [ 122.149442543000191, 14.933729002000177 ], [ 122.14965820700013, 14.936032083000043 ], [ 122.14932948600017, 14.936331396000014 ], [ 122.149419046000162, 14.936073281000063 ], [ 122.149170437000066, 14.936031506000063 ], [ 122.148871469000028, 14.936860374999981 ], [ 122.148187609000274, 14.93676925900013 ], [ 122.148451662000184, 14.937128827000038 ], [ 122.148090327000091, 14.937340691000145 ], [ 122.148334364000107, 14.938439785000128 ], [ 122.147844455000154, 14.937826889000064 ], [ 122.147730483000146, 14.938099997000052 ], [ 122.147250166000049, 14.937865437000028 ], [ 122.14658176200021, 14.940180455000075 ], [ 122.147625456000014, 14.940971676000117 ], [ 122.148277648000203, 14.942286759000126 ], [ 122.150195249000149, 14.943978474000176 ], [ 122.152649094000026, 14.948074459000054 ], [ 122.153034833000106, 14.949374170000056 ], [ 122.151633458000219, 14.950295782000126 ], [ 122.151188773000058, 14.950268643000072 ], [ 122.151246966000031, 14.950471435000168 ], [ 122.152474978000214, 14.950224448000085 ], [ 122.153384779000021, 14.950501510000095 ], [ 122.155777474000047, 14.95039426500017 ] ] ], [ [ [ 122.151028807000216, 14.950208881000094 ], [ 122.150632824000013, 14.950439083000163 ], [ 122.151107175000107, 14.950456019000114 ], [ 122.151028807000216, 14.950208881000094 ] ] ], [ [ [ 122.063017582000043, 14.949625734000108 ], [ 122.06394488300009, 14.949001949000092 ], [ 122.063983711000105, 14.948464563000186 ], [ 122.063683092000019, 14.947296108000046 ], [ 122.0631306920003, 14.94664093300014 ], [ 122.062165555000092, 14.947641969000188 ], [ 122.060253654000121, 14.948580348000121 ], [ 122.061442315000136, 14.949731051000185 ], [ 122.061977109000168, 14.949402412000097 ], [ 122.063017582000043, 14.949625734000108 ] ] ], [ [ [ 122.044922378000138, 14.92640936700019 ], [ 122.044492063000121, 14.92645989600004 ], [ 122.044260733000101, 14.927140353000084 ], [ 122.044770651000022, 14.928999812000029 ], [ 122.046489642000097, 14.930636439000182 ], [ 122.047747379000157, 14.931412857000112 ], [ 122.050580750000222, 14.931871344000115 ], [ 122.050833898000178, 14.93235903100009 ], [ 122.050384833000066, 14.932480185000145 ], [ 122.050582043000077, 14.933135516999982 ], [ 122.052356450000048, 14.933531451000079 ], [ 122.054068621000056, 14.933329221000065 ], [ 122.053743476000022, 14.932646633000047 ], [ 122.052733108000098, 14.931809794000173 ], [ 122.054231064000078, 14.930739973000016 ], [ 122.053563659000019, 14.929189067000152 ], [ 122.050546015000123, 14.928941720000012 ], [ 122.047150355000099, 14.927684282000087 ], [ 122.044922378000138, 14.92640936700019 ] ] ], [ [ [ 122.175587248000056, 14.933025914000098 ], [ 122.176169630000118, 14.932654566999986 ], [ 122.176384939000059, 14.93282608800007 ], [ 122.176423319000037, 14.932383572000049 ], [ 122.177248174000056, 14.932046314000047 ], [ 122.17894549000016, 14.93227371 ], [ 122.179391007000163, 14.931528184000172 ], [ 122.179954691000034, 14.93169519200012 ], [ 122.180263550000291, 14.931440954000038 ], [ 122.180388546000017, 14.930672712000046 ], [ 122.18149174600012, 14.929555590000177 ], [ 122.18127110200021, 14.929055165000079 ], [ 122.181961995000052, 14.929047916000115 ], [ 122.181898916000023, 14.928667351000172 ], [ 122.182703410000045, 14.928091415000097 ], [ 122.182600988000104, 14.927494638000042 ], [ 122.183075719000044, 14.927510777 ], [ 122.182879311000079, 14.92700998100014 ], [ 122.183278815000108, 14.926864606000095 ], [ 122.183365, 14.926067277000129 ], [ 122.183778706000339, 14.9261000300001 ], [ 122.184056707000195, 14.924887036000086 ], [ 122.18281240500005, 14.924691194000047 ], [ 122.181095239000115, 14.925900339000179 ], [ 122.180935332000104, 14.925465413999973 ], [ 122.180393502000015, 14.925386675000141 ], [ 122.180601909000302, 14.924614284000086 ], [ 122.180977162000204, 14.92477114400009 ], [ 122.181105203000016, 14.924415579000083 ], [ 122.180985569000086, 14.924197843000172 ], [ 122.180523867000034, 14.924487354000064 ], [ 122.178769167000041, 14.923917196000161 ], [ 122.177477585000133, 14.924382214000047 ], [ 122.177149322000218, 14.924806456000169 ], [ 122.176307043000065, 14.924778625999977 ], [ 122.175973322000232, 14.925311179000118 ], [ 122.1760215380001, 14.926083363000032 ], [ 122.175378044000013, 14.926368556999989 ], [ 122.174716820000185, 14.927473159000101 ], [ 122.173641689000306, 14.928438193000034 ], [ 122.173238796000078, 14.929383181000048 ], [ 122.173402879000264, 14.930232289000116 ], [ 122.172618381, 14.930574405000186 ], [ 122.172654933000217, 14.930969227 ], [ 122.172047654000153, 14.930365613000163 ], [ 122.171633975000077, 14.930876656000066 ], [ 122.172406213000045, 14.932796084000074 ], [ 122.172963701000185, 14.932590996000158 ], [ 122.173619277000057, 14.932885454000029 ], [ 122.174021726000092, 14.932452569000191 ], [ 122.174777352000092, 14.932907072000035 ], [ 122.175169227000083, 14.932448447000183 ], [ 122.175587248000056, 14.933025914000098 ] ] ], [ [ [ 122.183597471000212, 14.924435416000051 ], [ 122.184268018000012, 14.924083276000033 ], [ 122.18303966700023, 14.923134613000116 ], [ 122.1828315570001, 14.923580713000092 ], [ 122.183597471000212, 14.924435416000051 ] ] ], [ [ [ 122.184529475000204, 14.923364533000154 ], [ 122.184063023000022, 14.922907352999971 ], [ 122.18430552600023, 14.922578470000019 ], [ 122.184837627000093, 14.922672814 ], [ 122.184993324000175, 14.922053049000169 ], [ 122.184345023000219, 14.921638181000105 ], [ 122.184447677000207, 14.920501700000159 ], [ 122.183911808000175, 14.920385901000088 ], [ 122.182773921000035, 14.921601318 ], [ 122.183444805000022, 14.921822894000059 ], [ 122.183233910000013, 14.922638099000096 ], [ 122.183565650000105, 14.923079018000067 ], [ 122.184529475000204, 14.923364533000154 ] ] ], [ [ [ 122.186065377000091, 14.918761047000089 ], [ 122.186327036000193, 14.918449488000022 ], [ 122.18619009400004, 14.917858074000094 ], [ 122.185626217000049, 14.91825542700019 ], [ 122.185587983000232, 14.918702014000132 ], [ 122.186065377000091, 14.918761047000089 ] ] ], [ [ [ 122.185298709000108, 14.918012401000169 ], [ 122.185720406000087, 14.917529122000076 ], [ 122.185608787000206, 14.917166571000166 ], [ 122.186515584000176, 14.916972390000183 ], [ 122.186650270000086, 14.916089770000156 ], [ 122.187193810000167, 14.91573903200009 ], [ 122.187089932000049, 14.914975987000105 ], [ 122.187681676000011, 14.91476267500002 ], [ 122.187237437000135, 14.914269325000078 ], [ 122.187635604000093, 14.913554227000077 ], [ 122.186970483000209, 14.912936486000035 ], [ 122.186542381000095, 14.91402347900015 ], [ 122.185941256000092, 14.914571022000075 ], [ 122.186003982000102, 14.91530402300009 ], [ 122.185195425000074, 14.916727549000086 ], [ 122.185298709000108, 14.918012401000169 ] ] ], [ [ [ 122.154288862000044, 14.912937140000054 ], [ 122.153880659000038, 14.912171655000066 ], [ 122.153999393000163, 14.911702275000152 ], [ 122.153485523000086, 14.911633198000175 ], [ 122.154544327000053, 14.911443707000046 ], [ 122.154578321000031, 14.909811634000107 ], [ 122.155130830000076, 14.909339044000092 ], [ 122.154800200000068, 14.908979886000054 ], [ 122.155156883000132, 14.908307489000094 ], [ 122.155026991000227, 14.907898249000141 ], [ 122.15532791700025, 14.907953445000089 ], [ 122.155567402000088, 14.908716028000072 ], [ 122.155464883000036, 14.907806396000126 ], [ 122.155997667000065, 14.907800807000058 ], [ 122.155788569000038, 14.907224923000058 ], [ 122.156096322000167, 14.907095064000032 ], [ 122.156177609000224, 14.906533412000101 ], [ 122.155929640000068, 14.906341826000073 ], [ 122.156195438000054, 14.906076220000102 ], [ 122.156488040000227, 14.906437959000129 ], [ 122.156665404000023, 14.905703126000162 ], [ 122.156294322, 14.90399582800012 ], [ 122.155890004000184, 14.903889039000092 ], [ 122.155950731000075, 14.903397645000098 ], [ 122.155603630000087, 14.90328528800012 ], [ 122.155765010000096, 14.902582536000068 ], [ 122.155306812000049, 14.901523345000101 ], [ 122.154821063000099, 14.900809498000115 ], [ 122.154355956000018, 14.900807831000066 ], [ 122.154352772000152, 14.90034330300017 ], [ 122.153662055000268, 14.90026952400018 ], [ 122.153022180000221, 14.897054893000018 ], [ 122.152167911000106, 14.895801319000043 ], [ 122.152612186000169, 14.896267550000175 ], [ 122.152528880000204, 14.895794607000028 ], [ 122.152218233000212, 14.895439061000104 ], [ 122.15180344800001, 14.895627397000055 ], [ 122.152145320000272, 14.895142710000187 ], [ 122.151259316000164, 14.894424760000106 ], [ 122.150662334000117, 14.894580735000147 ], [ 122.149881253000103, 14.894099786000027 ], [ 122.149792953000087, 14.893498940000086 ], [ 122.150348283000199, 14.893217186000186 ], [ 122.150760939000065, 14.893524093999986 ], [ 122.150556158000086, 14.893020962000151 ], [ 122.150148337000019, 14.892890149000038 ], [ 122.147985961000131, 14.894344094000189 ], [ 122.147505712000111, 14.893978643000025 ], [ 122.147564713000065, 14.894337545999974 ], [ 122.145967615000131, 14.894970770000157 ], [ 122.142458565000197, 14.895510757000181 ], [ 122.142431563000059, 14.896179176000146 ], [ 122.14193146200023, 14.896905169000092 ], [ 122.141877906000218, 14.895836721000137 ], [ 122.140835277000178, 14.896987109000122 ], [ 122.140567506000139, 14.898206841000103 ], [ 122.141206089000093, 14.899725764000152 ], [ 122.141582348000043, 14.899947484000165 ], [ 122.141492604000291, 14.900650741 ], [ 122.142523530000176, 14.901951814000086 ], [ 122.142450054000278, 14.902658548000147 ], [ 122.142061385000034, 14.902359023000145 ], [ 122.142338119000215, 14.903113917000042 ], [ 122.142029522000144, 14.903797530000077 ], [ 122.141758153000183, 14.90376027200017 ], [ 122.141840509000076, 14.904585593000149 ], [ 122.142626261000032, 14.905994156000077 ], [ 122.143231315000207, 14.906277773 ], [ 122.143463415000042, 14.907121314000108 ], [ 122.143018653000013, 14.908022635000123 ], [ 122.142869864000204, 14.9094392290001 ], [ 122.142435222000131, 14.909777592000125 ], [ 122.142303390000052, 14.908751619000043 ], [ 122.141929241000071, 14.909180360999983 ], [ 122.142288611000026, 14.909331039000051 ], [ 122.141171913000107, 14.90969595100006 ], [ 122.140457898000136, 14.911044015000186 ], [ 122.141323651000107, 14.91347544700011 ], [ 122.141825870000162, 14.913609206000103 ], [ 122.142252117000339, 14.91439696700013 ], [ 122.143774741000016, 14.915634361000059 ], [ 122.147318570000039, 14.917065438000066 ], [ 122.147858044000145, 14.916696873000035 ], [ 122.147389496000073, 14.916430484000102 ], [ 122.147521916000187, 14.916222989000062 ], [ 122.148057717000029, 14.916439965999984 ], [ 122.14814316900015, 14.916177202000085 ], [ 122.148309047000225, 14.916692230000081 ], [ 122.149299156000325, 14.916777563000153 ], [ 122.152095493000161, 14.91596206100013 ], [ 122.152200561000313, 14.915543480000053 ], [ 122.153269275000071, 14.915086322999969 ], [ 122.153941111000108, 14.914344610000171 ], [ 122.154288862000044, 14.912937140000054 ] ] ], [ [ [ 122.037372568000023, 14.910148181000125 ], [ 122.03504947700003, 14.909945069000059 ], [ 122.033403071000066, 14.911775144000046 ], [ 122.031573305000052, 14.912988964000078 ], [ 122.029848981000214, 14.913828587000012 ], [ 122.028124413000114, 14.914101337000034 ], [ 122.029192240000157, 14.914509073000033 ], [ 122.034286056000042, 14.914461734000099 ], [ 122.035049069000024, 14.915379747000088 ], [ 122.038392951000105, 14.915571108000051 ], [ 122.038944616000208, 14.916058391000149 ], [ 122.040059056000018, 14.915661119000106 ], [ 122.04024930300011, 14.915010720000055 ], [ 122.039849490000279, 14.913117523000153 ], [ 122.038017781, 14.909977845000071 ], [ 122.037372568000023, 14.910148181000125 ] ] ], [ [ [ 122.154978844000084, 14.910081359000117 ], [ 122.155309760000137, 14.909792786000139 ], [ 122.155213463000223, 14.909468022000112 ], [ 122.155025540000224, 14.909622774000127 ], [ 122.154978844000084, 14.910081359000117 ] ] ], [ [ [ 122.011126766000189, 14.892049112 ], [ 122.00775400100008, 14.892227434 ], [ 122.00696384600019, 14.892609527000104 ], [ 122.00620303300002, 14.896716513000115 ], [ 122.004735721000088, 14.897930692000102 ], [ 122.004538613000136, 14.899526382000147 ], [ 122.005385815000068, 14.901080881999974 ], [ 122.0065916100001, 14.90157148600008 ], [ 122.007254810000063, 14.901243986000168 ], [ 122.00794635200009, 14.901325613999973 ], [ 122.010275522000256, 14.903220605 ], [ 122.012237129000141, 14.903042724000102 ], [ 122.014063973000134, 14.903710423000064 ], [ 122.016322023000043, 14.903736969000079 ], [ 122.017239113000073, 14.903068406000102 ], [ 122.019229194000218, 14.90357236400007 ], [ 122.019427265000104, 14.904881571000146 ], [ 122.019907220000164, 14.905167823 ], [ 122.021149166000214, 14.905099232000111 ], [ 122.023179038000308, 14.903966137000054 ], [ 122.023093765000112, 14.902506846 ], [ 122.021907929, 14.901688948000015 ], [ 122.021808820000047, 14.90085705600012 ], [ 122.021046616000262, 14.900570918000085 ], [ 122.019987700000229, 14.899302947000024 ], [ 122.018576081000219, 14.89825330400015 ], [ 122.018731098000217, 14.897639544000185 ], [ 122.017898391000131, 14.897407977000114 ], [ 122.015847493000024, 14.893725134000135 ], [ 122.011126766000189, 14.892049112 ] ] ], [ [ [ 122.117163810000079, 14.903067749000172 ], [ 122.117560509000327, 14.90266063100006 ], [ 122.116941198000177, 14.901591928000187 ], [ 122.117097475000037, 14.901265621000107 ], [ 122.119031249000159, 14.899987374000091 ], [ 122.119129791000319, 14.898863026000129 ], [ 122.121024553000098, 14.89716356200006 ], [ 122.120633633000011, 14.895962866 ], [ 122.116660342000046, 14.894672301000071 ], [ 122.115428885000028, 14.894975544000033 ], [ 122.113773369000114, 14.897199131000036 ], [ 122.112801209000054, 14.896723764000058 ], [ 122.112400962000038, 14.897184506000031 ], [ 122.113215012000069, 14.899131957000122 ], [ 122.114106822000167, 14.900289527000155 ], [ 122.114177810000115, 14.900828021000109 ], [ 122.113761187000023, 14.900765172000149 ], [ 122.113669938000044, 14.901346968000155 ], [ 122.115212017000204, 14.902402489000167 ], [ 122.117163810000079, 14.903067749000172 ] ] ], [ [ [ 122.111895974000163, 14.893977900000095 ], [ 122.112445551000064, 14.893690702000129 ], [ 122.112441272000183, 14.892446969000162 ], [ 122.112807259000192, 14.892256354000097 ], [ 122.112601281000025, 14.892005378000135 ], [ 122.111967256000071, 14.891929598000047 ], [ 122.111607702000128, 14.892527781000069 ], [ 122.110998031, 14.892316400000084 ], [ 122.110073522000221, 14.892514993000077 ], [ 122.108500838000055, 14.891911961000119 ], [ 122.108406277000199, 14.892645803000107 ], [ 122.109283366000227, 14.893382275000079 ], [ 122.109822643000143, 14.893429802000014 ], [ 122.110969343000193, 14.894589413000119 ], [ 122.111698369000237, 14.894715958000063 ], [ 122.111895974000163, 14.893977900000095 ] ] ], [ [ [ 122.160017861000028, 14.884402702999978 ], [ 122.162095945000033, 14.883455458000014 ], [ 122.16274205600007, 14.884011902000054 ], [ 122.163309283000217, 14.883943907000059 ], [ 122.165038912000227, 14.882212196000012 ], [ 122.164044727000146, 14.881859277000046 ], [ 122.163733263000267, 14.880954556000063 ], [ 122.163638176000177, 14.877327366000145 ], [ 122.163038048000089, 14.875521393000042 ], [ 122.161907196000129, 14.875005180000016 ], [ 122.161002706000204, 14.875132448000102 ], [ 122.160517365000146, 14.874638171000129 ], [ 122.157104468000057, 14.881710099000145 ], [ 122.157520089000059, 14.882356371000128 ], [ 122.158532840000134, 14.882703698 ], [ 122.158803697000053, 14.883583931000089 ], [ 122.159660305000102, 14.883353234000083 ], [ 122.160017861000028, 14.884402702999978 ] ] ], [ [ [ 122.01355405400011, 14.879349271000024 ], [ 122.012716257000193, 14.878609853000114 ], [ 122.012095297000087, 14.878554222000048 ], [ 122.007467816000144, 14.880956057999981 ], [ 122.005633849000333, 14.880886793000059 ], [ 122.003720437000084, 14.881682839000177 ], [ 122.002030855000157, 14.881725147000111 ], [ 122.001034374000028, 14.881474188000084 ], [ 121.999301183000057, 14.880274396000118 ], [ 121.998723153000014, 14.878711451000186 ], [ 121.997250203000021, 14.878572249000058 ], [ 121.995604254000114, 14.879591438000091 ], [ 121.995026870000174, 14.880554551999978 ], [ 121.995330248000073, 14.881056905000094 ], [ 121.996716722000201, 14.881740428000057 ], [ 122.001103613000168, 14.883302435000076 ], [ 122.008385801000145, 14.883970351000073 ], [ 122.010161963000201, 14.883802348000131 ], [ 122.011822442000039, 14.883173817000113 ], [ 122.012630738000098, 14.882015200000069 ], [ 122.012933516000089, 14.880591571000139 ], [ 122.013438872000165, 14.88038207000011 ], [ 122.01355405400011, 14.879349271000024 ] ] ], [ [ [ 122.037955223000154, 14.87592985100008 ], [ 122.040242512000077, 14.875131166000131 ], [ 122.041908278000278, 14.874149006999971 ], [ 122.043592833000162, 14.874182011000073 ], [ 122.044878911000183, 14.873832009000068 ], [ 122.048678562000191, 14.870810996000102 ], [ 122.051635307000311, 14.869561606000104 ], [ 122.055222326000035, 14.870404471000143 ], [ 122.058265411000207, 14.869552109000153 ], [ 122.060132869000199, 14.867993093000109 ], [ 122.060977458000139, 14.867794660000129 ], [ 122.061457874000098, 14.868246449000083 ], [ 122.062799651000205, 14.867986400000177 ], [ 122.063282014000038, 14.866544992000115 ], [ 122.063979677000134, 14.865750454000079 ], [ 122.063229066000076, 14.863304085999971 ], [ 122.065676169000199, 14.859798201999979 ], [ 122.067162742000164, 14.858064141000114 ], [ 122.069407788000262, 14.8562078060001 ], [ 122.071230616000094, 14.853628976000095 ], [ 122.072534942000061, 14.852549998000143 ], [ 122.073742842000115, 14.852246421000189 ], [ 122.074252616000194, 14.850292855000191 ], [ 122.074768993000021, 14.850208666000071 ], [ 122.078570173000116, 14.847404472000051 ], [ 122.079856522000114, 14.847447731000159 ], [ 122.081091039000171, 14.846636612999987 ], [ 122.081646400000182, 14.845551363000084 ], [ 122.08403923100002, 14.844095837000111 ], [ 122.084041218000266, 14.841547391000063 ], [ 122.083049860000187, 14.840666528000099 ], [ 122.082214553000085, 14.840642236000065 ], [ 122.080468522000047, 14.839923899000041 ], [ 122.079953410000257, 14.838456749000159 ], [ 122.078600349000112, 14.838498026000138 ], [ 122.077374886000257, 14.838970793000044 ], [ 122.075263037000013, 14.841157488000079 ], [ 122.073170913000013, 14.842010212000105 ], [ 122.072041, 14.84330351300008 ], [ 122.069813175000149, 14.843526507000036 ], [ 122.068766779000043, 14.843998991999968 ], [ 122.066970961000038, 14.846550696000065 ], [ 122.067168977000051, 14.847428534000073 ], [ 122.066749807000178, 14.848249299000031 ], [ 122.064821919000337, 14.848460252000166 ], [ 122.062666472000046, 14.850450402000149 ], [ 122.062347314000135, 14.851860158000079 ], [ 122.062582494000026, 14.852795290000188 ], [ 122.062029922000193, 14.85394271600012 ], [ 122.061609319000127, 14.853915966000045 ], [ 122.06115380000017, 14.853356259000179 ], [ 122.061154289000115, 14.852207803000169 ], [ 122.060748070000159, 14.85112513200005 ], [ 122.059310231000154, 14.850247800000091 ], [ 122.057618091000109, 14.850836984000182 ], [ 122.055942873000049, 14.849906172999965 ], [ 122.054847018000032, 14.850309926000079 ], [ 122.05335872, 14.850303550000092 ], [ 122.05151709200004, 14.849746027000037 ], [ 122.050251938000201, 14.850675011000021 ], [ 122.049805695000146, 14.850567524999974 ], [ 122.049471682000103, 14.847873662000097 ], [ 122.048249214000066, 14.84795498200009 ], [ 122.046517075000111, 14.846584369000141 ], [ 122.046019089000197, 14.844528998000158 ], [ 122.046526702000165, 14.841860463000046 ], [ 122.043813540000201, 14.84063615000008 ], [ 122.042508101000067, 14.840765431000023 ], [ 122.040820020000297, 14.84155161200016 ], [ 122.039953504000209, 14.843428876000075 ], [ 122.037309956000172, 14.845236879000026 ], [ 122.037175106000177, 14.845890428000189 ], [ 122.036516745000313, 14.846632055000157 ], [ 122.036909696000066, 14.848069759999987 ], [ 122.036668188000135, 14.848777421000023 ], [ 122.035197394000306, 14.848649174000172 ], [ 122.035052376000067, 14.847480156000074 ], [ 122.03386591800006, 14.847424605000185 ], [ 122.033013451000215, 14.847896512000034 ], [ 122.030832390000114, 14.846948462000114 ], [ 122.030186590000312, 14.846322766000071 ], [ 122.027284882000231, 14.845375371000102 ], [ 122.026191386000164, 14.84525291500006 ], [ 122.02475787000003, 14.845631652000066 ], [ 122.023786630000131, 14.84688694800019 ], [ 122.024300574000222, 14.849084050999977 ], [ 122.022488208000027, 14.851370830000121 ], [ 122.022777850000011, 14.853031716000032 ], [ 122.024447252000073, 14.85564306800012 ], [ 122.022103108000124, 14.85827844500011 ], [ 122.01967185500007, 14.860353182000097 ], [ 122.019758718000276, 14.861314987000185 ], [ 122.018790617000036, 14.862739624000028 ], [ 122.017145976000279, 14.866663664000157 ], [ 122.013585952000085, 14.870590498000183 ], [ 122.01321256700021, 14.872107842000105 ], [ 122.013478262000035, 14.873560644000065 ], [ 122.014120936000154, 14.874694232000081 ], [ 122.015105042000187, 14.87472767800017 ], [ 122.015718689000096, 14.874429625000118 ], [ 122.015703394000298, 14.873010764000014 ], [ 122.016689851000137, 14.872497337000084 ], [ 122.016858827000078, 14.873522696000123 ], [ 122.018591698000023, 14.874609559000078 ], [ 122.019591193000224, 14.878887991000056 ], [ 122.02019510100024, 14.879436400000031 ], [ 122.02266428300004, 14.878959906000034 ], [ 122.023300632000087, 14.878453083000124 ], [ 122.024418597000135, 14.878444892000061 ], [ 122.025294903000145, 14.876488728000027 ], [ 122.025127744000088, 14.875554479000073 ], [ 122.025851731000216, 14.875384503000078 ], [ 122.026297387000113, 14.874113138000098 ], [ 122.025903928000162, 14.872649388000184 ], [ 122.026153408000027, 14.871668175000082 ], [ 122.026006389000031, 14.870399239000051 ], [ 122.027333927000086, 14.870100625000021 ], [ 122.026672481000105, 14.868707062000112 ], [ 122.026787831000206, 14.867754434000176 ], [ 122.027384807000089, 14.8679644340001 ], [ 122.028260570000157, 14.869220836000181 ], [ 122.028287846000239, 14.871225358000117 ], [ 122.027486836000094, 14.872907080000175 ], [ 122.027887131000057, 14.873381206000147 ], [ 122.029103496000062, 14.873858760000019 ], [ 122.028924001000064, 14.874968840000065 ], [ 122.029896724000309, 14.875106599000162 ], [ 122.030833318000191, 14.876117357000112 ], [ 122.033000546000039, 14.876037114000155 ], [ 122.034015690000047, 14.876304281000159 ], [ 122.035556395000071, 14.875884367000026 ], [ 122.037955223000154, 14.87592985100008 ] ] ], [ [ [ 122.20923489200004, 14.869094152000173 ], [ 122.209716107000304, 14.868496433000189 ], [ 122.209401881000076, 14.868283781000173 ], [ 122.20950100600021, 14.867738815 ], [ 122.209925123000062, 14.867558010000096 ], [ 122.210331790000055, 14.867926977000138 ], [ 122.210665497000036, 14.8675023240001 ], [ 122.210371675000033, 14.866764344000103 ], [ 122.21070649800015, 14.866621577000103 ], [ 122.210925538000083, 14.866943904000038 ], [ 122.211321310000017, 14.866604719000179 ], [ 122.211436252000112, 14.867111603000183 ], [ 122.211749936000274, 14.866962425000111 ], [ 122.211689565000029, 14.865892068000051 ], [ 122.211174962000314, 14.866025631000014 ], [ 122.210409275000075, 14.865417498000056 ], [ 122.208953267000084, 14.865487738000184 ], [ 122.208245398000031, 14.864727216000176 ], [ 122.205105181000022, 14.865527656000097 ], [ 122.204972644, 14.866460505000134 ], [ 122.205429970000182, 14.866777936000176 ], [ 122.207362330000024, 14.867027842000084 ], [ 122.208154365000041, 14.868560542000068 ], [ 122.208885623000015, 14.868581795000125 ], [ 122.20923489200004, 14.869094152000173 ] ] ], [ [ [ 122.200650875000065, 14.866114720000041 ], [ 122.199964137000052, 14.866615399000125 ], [ 122.199364805000073, 14.868455398000094 ], [ 122.200981983000133, 14.867103083000188 ], [ 122.201177569000151, 14.866605968000158 ], [ 122.200650875000065, 14.866114720000041 ] ] ], [ [ [ 122.208437611000022, 14.84999510200015 ], [ 122.209588084000075, 14.850863506000053 ], [ 122.209779223000055, 14.851406534000034 ], [ 122.210399454000139, 14.8511132000001 ], [ 122.212568734000342, 14.848699429000135 ], [ 122.212588610000012, 14.848156303000167 ], [ 122.213123166000059, 14.847615063000148 ], [ 122.212393583000335, 14.847893428000134 ], [ 122.211944117000144, 14.847518132 ], [ 122.211176789000206, 14.847751238000114 ], [ 122.21010263200003, 14.847260892000065 ], [ 122.209048793000193, 14.847208889000115 ], [ 122.207476568000061, 14.847951619000071 ], [ 122.207781916000044, 14.848729041000126 ], [ 122.208601731000158, 14.849471539000092 ], [ 122.208437611000022, 14.84999510200015 ] ] ], [ [ [ 121.997940138000104, 14.85075716200015 ], [ 121.999331150000103, 14.849878168000089 ], [ 121.999312937000127, 14.849401556000089 ], [ 121.998114049000037, 14.849641907000148 ], [ 121.997707996000145, 14.850507257000174 ], [ 121.997940138000104, 14.85075716200015 ] ] ], [ [ [ 122.194952274000116, 14.847837350000134 ], [ 122.195246427000029, 14.846921722000047 ], [ 122.194352356000195, 14.847277831000099 ], [ 122.193491610000024, 14.847052878000056 ], [ 122.193820910000113, 14.847516212000016 ], [ 122.193532769000171, 14.848239639000099 ], [ 122.194952274000116, 14.847837350000134 ] ] ], [ [ [ 122.189407577000225, 14.846423054000184 ], [ 122.189709102000052, 14.84634952000016 ], [ 122.189862802000107, 14.845186329000057 ], [ 122.189554319000081, 14.845389227000169 ], [ 122.189407577000225, 14.846423054000184 ] ] ], [ [ [ 122.128525210000134, 14.841871707999985 ], [ 122.130374907000146, 14.843033218000187 ], [ 122.130491888000165, 14.843308758000092 ], [ 122.129868041000123, 14.843467458000077 ], [ 122.130025639000223, 14.843869970000128 ], [ 122.130333048000125, 14.843770229000143 ], [ 122.130124441000021, 14.844460777999984 ], [ 122.13087194700006, 14.844685486000117 ], [ 122.130990388000328, 14.845155494000096 ], [ 122.130752799000106, 14.84530044600001 ], [ 122.131495478000033, 14.845714568000176 ], [ 122.131615872000225, 14.845327081 ], [ 122.132061603000011, 14.845211338000126 ], [ 122.131862025000032, 14.84490738 ], [ 122.132452451000063, 14.844553936000068 ], [ 122.132247412000083, 14.84368205800007 ], [ 122.132786814000156, 14.844194618000188 ], [ 122.133564737000256, 14.845991257000094 ], [ 122.136251948000108, 14.844859749000079 ], [ 122.136749548000239, 14.845283941000162 ], [ 122.137806825000098, 14.845133310000051 ], [ 122.137991201000091, 14.845597260999966 ], [ 122.138744761000225, 14.845474810000042 ], [ 122.138838008000221, 14.846058333000087 ], [ 122.139583905000222, 14.846019599000101 ], [ 122.14011466400018, 14.846345915000086 ], [ 122.14067990500007, 14.845970179000119 ], [ 122.14065658800007, 14.845254798000155 ], [ 122.141772911000089, 14.844427843 ], [ 122.140968906000126, 14.843826807000028 ], [ 122.14123273600012, 14.842932273000088 ], [ 122.140236542000139, 14.842426942000145 ], [ 122.140400782000029, 14.841360092000116 ], [ 122.14090916300006, 14.841185879000022 ], [ 122.14008824400014, 14.840455733000169 ], [ 122.140541949000067, 14.83972667900008 ], [ 122.140296363000175, 14.839380560000109 ], [ 122.139531723000118, 14.839574591000087 ], [ 122.139645968000082, 14.839336652000043 ], [ 122.139314311000135, 14.839118777000067 ], [ 122.138238668000213, 14.83897287200017 ], [ 122.137638971000229, 14.838473874000044 ], [ 122.134675450000032, 14.837867012000117 ], [ 122.13322230700021, 14.835910934000083 ], [ 122.133696739000015, 14.83587203400009 ], [ 122.133770397000035, 14.835393286000112 ], [ 122.132721011000058, 14.835070558000041 ], [ 122.131534976000125, 14.83557048199998 ], [ 122.131419700000151, 14.835072636 ], [ 122.129520858000092, 14.835941012000092 ], [ 122.129148423000061, 14.83653691100011 ], [ 122.128671107000059, 14.838315042999966 ], [ 122.128941273, 14.839144693000037 ], [ 122.129312188000199, 14.839366656000038 ], [ 122.129091224000035, 14.839387714 ], [ 122.129144754000208, 14.840059312000164 ], [ 122.12953462300004, 14.840463077999971 ], [ 122.128525210000134, 14.841871707999985 ] ] ], [ [ [ 122.189201827000261, 14.845451664999985 ], [ 122.189367454000035, 14.844677383000089 ], [ 122.18873854200001, 14.844545830000129 ], [ 122.188848558000245, 14.843991112000026 ], [ 122.188280248000297, 14.843795802000045 ], [ 122.187245819000054, 14.844656024000187 ], [ 122.187557372000015, 14.844888751000155 ], [ 122.187067752000189, 14.845794007000109 ], [ 122.188665674000049, 14.846300085000053 ], [ 122.188871144000018, 14.845506481000086 ], [ 122.189201827000261, 14.845451664999985 ] ] ], [ [ [ 122.20890048300032, 14.842182760000185 ], [ 122.210648434000063, 14.842552830000045 ], [ 122.211690409000084, 14.841816953000034 ], [ 122.213578390000066, 14.842248284000107 ], [ 122.213905354000076, 14.841100159 ], [ 122.213430664000043, 14.839991579000127 ], [ 122.213074633000019, 14.840092937000179 ], [ 122.212509833000013, 14.83881616900004 ], [ 122.212073636000241, 14.838605049000023 ], [ 122.212181307000037, 14.838152886000159 ], [ 122.212764574000062, 14.838197082000079 ], [ 122.213137556000333, 14.837592302000132 ], [ 122.212856545000136, 14.8359217900001 ], [ 122.212605493000069, 14.835534892000055 ], [ 122.211411031000011, 14.835709352000151 ], [ 122.211182706000045, 14.83539102300017 ], [ 122.211284317000036, 14.834839137000131 ], [ 122.211956414000156, 14.834891030999984 ], [ 122.212356101000069, 14.834274226000048 ], [ 122.212897196000199, 14.834640376000152 ], [ 122.212028917000225, 14.833460003000084 ], [ 122.212377316000016, 14.833184971000094 ], [ 122.212080904000118, 14.833237180000026 ], [ 122.212083681000081, 14.832889550000061 ], [ 122.210124982000139, 14.832913939000036 ], [ 122.209999790000097, 14.832272546000183 ], [ 122.209828835000053, 14.832414715000084 ], [ 122.209420164000107, 14.831984571000021 ], [ 122.209507476000226, 14.831512232000136 ], [ 122.208748257000025, 14.831334257000037 ], [ 122.208856580000202, 14.830822539000167 ], [ 122.208068045000232, 14.830577817000176 ], [ 122.208040045000189, 14.830157440000107 ], [ 122.20785603600018, 14.830544295999971 ], [ 122.207145027000024, 14.830059868000035 ], [ 122.206957032000219, 14.829145022000034 ], [ 122.206504825000025, 14.829299657000092 ], [ 122.207039093000162, 14.828739754000082 ], [ 122.206335520000152, 14.828897318000145 ], [ 122.205980170000203, 14.828213707000145 ], [ 122.205583161000163, 14.828332982000177 ], [ 122.205833445000053, 14.827514644000132 ], [ 122.205599435000067, 14.826852659000167 ], [ 122.205362846000071, 14.827254143000175 ], [ 122.205214100000035, 14.8265705230001 ], [ 122.204876180000156, 14.826938347000123 ], [ 122.204771494000056, 14.825448816000062 ], [ 122.204329795000149, 14.825805724000134 ], [ 122.204128877000016, 14.82519686 ], [ 122.203390778000198, 14.825233652000065 ], [ 122.203414845000111, 14.824600720999968 ], [ 122.203782569000168, 14.824093085000072 ], [ 122.203853650000156, 14.824286923000159 ], [ 122.204067106000025, 14.824186951000058 ], [ 122.203749641000286, 14.823724983000034 ], [ 122.202990676000127, 14.824106140000026 ], [ 122.203385268000034, 14.823856707000061 ], [ 122.203400523000028, 14.82333858100003 ], [ 122.202768956000114, 14.823013606000018 ], [ 122.203029707000042, 14.82260250500002 ], [ 122.202317715000163, 14.822557049000181 ], [ 122.202777554000022, 14.822325336000119 ], [ 122.20263855200028, 14.822025083000028 ], [ 122.202930398000149, 14.822227823000105 ], [ 122.202938511000184, 14.821829870000158 ], [ 122.203341581000132, 14.821736245000125 ], [ 122.202999814, 14.821091983000088 ], [ 122.203525183000011, 14.820352132000096 ], [ 122.201761367000131, 14.82024875400009 ], [ 122.202168682000092, 14.819761385000163 ], [ 122.201766722000116, 14.819570605000024 ], [ 122.202413040000124, 14.819122736000168 ], [ 122.202392989000145, 14.818580420000046 ], [ 122.202083504000029, 14.818841048000138 ], [ 122.201034834000097, 14.818642115999978 ], [ 122.200318629000094, 14.819485842000176 ], [ 122.199850876000028, 14.819463698000106 ], [ 122.200477762000219, 14.81868962700014 ], [ 122.200252886000044, 14.818225823000091 ], [ 122.20073334600022, 14.818046278999986 ], [ 122.199789810000084, 14.81739281800003 ], [ 122.20043350900005, 14.817252348000125 ], [ 122.20063415900006, 14.816466962000163 ], [ 122.201167678000047, 14.816388908000079 ], [ 122.200956495000128, 14.815614817000096 ], [ 122.199978609000027, 14.815745354000114 ], [ 122.200229020000052, 14.815444779000018 ], [ 122.199946032000071, 14.814869833000103 ], [ 122.200370693000309, 14.8151950620001 ], [ 122.200843397000199, 14.814782583000124 ], [ 122.200772678000135, 14.814552795000111 ], [ 122.200507120000111, 14.814787368000111 ], [ 122.200567603000081, 14.814280432000089 ], [ 122.199970393000058, 14.814166776000093 ], [ 122.200071700000194, 14.813811488000169 ], [ 122.19945253700007, 14.813510818000168 ], [ 122.199996333000058, 14.813050631000181 ], [ 122.199357614000064, 14.813023095000062 ], [ 122.198897725000165, 14.813555043000179 ], [ 122.198660457000074, 14.813033849000021 ], [ 122.198077061000049, 14.813099836000106 ], [ 122.197939802000178, 14.813659539000128 ], [ 122.19722705300012, 14.813372773000026 ], [ 122.196178042000042, 14.814153472000044 ], [ 122.196354004000113, 14.813759781000044 ], [ 122.194750718000137, 14.812902818000111 ], [ 122.194342444000085, 14.81303842300008 ], [ 122.194324460000189, 14.812638776000142 ], [ 122.192347221000091, 14.812038992000055 ], [ 122.191781556000137, 14.812446577000117 ], [ 122.191393212000094, 14.812353268000152 ], [ 122.191593621000266, 14.811626375000117 ], [ 122.19108433100007, 14.811121433000096 ], [ 122.190331098000343, 14.811444247000168 ], [ 122.190545800000223, 14.810697964000155 ], [ 122.190159935000111, 14.810311795000075 ], [ 122.190482503000226, 14.809996142000159 ], [ 122.189772636000157, 14.809478132000095 ], [ 122.190299108000204, 14.808470570000054 ], [ 122.190832789000069, 14.808590526000046 ], [ 122.191353905000028, 14.80816207700019 ], [ 122.191185650000193, 14.807805742000085 ], [ 122.191490277000071, 14.807281484000043 ], [ 122.19124243400006, 14.807415010999989 ], [ 122.191108783000118, 14.807103002000019 ], [ 122.191316843000095, 14.807182925000177 ], [ 122.191942985000082, 14.806315454000071 ], [ 122.191959266000026, 14.805846774000031 ], [ 122.192322932000138, 14.806107957000052 ], [ 122.192650293000156, 14.805678065 ], [ 122.19301980900002, 14.805964882000012 ], [ 122.193131823000044, 14.805595117000053 ], [ 122.193149838000181, 14.80594300100006 ], [ 122.194437711000091, 14.80663335700018 ], [ 122.194689570000037, 14.805947916000036 ], [ 122.195467525000026, 14.805535912000039 ], [ 122.195411768000099, 14.805024307999986 ], [ 122.195816743000137, 14.805600341000172 ], [ 122.195788264000157, 14.804906035000101 ], [ 122.196326825000028, 14.805555988000094 ], [ 122.197617142000126, 14.806261568000082 ], [ 122.197745460000078, 14.80564741400002 ], [ 122.199311838000199, 14.804381384000123 ], [ 122.20037457900014, 14.802865442000098 ], [ 122.200754453000059, 14.801653663000081 ], [ 122.20150301700005, 14.801742417000128 ], [ 122.20150622600022, 14.801178213000185 ], [ 122.200880419000214, 14.801491977000012 ], [ 122.20189053200022, 14.800509478000038 ], [ 122.20245643200019, 14.800368806999984 ], [ 122.202147912000214, 14.80069466700013 ], [ 122.202351896000209, 14.801046992000067 ], [ 122.20278903700023, 14.800361599000098 ], [ 122.202808247, 14.800773796000044 ], [ 122.203010813000105, 14.800842556000021 ], [ 122.203089591000207, 14.800329531000159 ], [ 122.203708878000043, 14.799913997000033 ], [ 122.205752867000115, 14.799126762000185 ], [ 122.206619117000059, 14.799210325000104 ], [ 122.206984560000024, 14.799951220000025 ], [ 122.208838240000091, 14.798930652000138 ], [ 122.208881606000091, 14.798162151000042 ], [ 122.210715253000217, 14.796674247000055 ], [ 122.211421951000034, 14.7966705770001 ], [ 122.212241142000039, 14.797334289000105 ], [ 122.21317121800007, 14.797177552 ], [ 122.213895995000144, 14.797518022000133 ], [ 122.214206382000157, 14.797147962000054 ], [ 122.213807933000112, 14.796549616000107 ], [ 122.214646213000037, 14.795672651000132 ], [ 122.217542592000086, 14.793438942000137 ], [ 122.219718627000134, 14.792402128000163 ], [ 122.220738008000012, 14.79243292000001 ], [ 122.221729174000188, 14.791897345000052 ], [ 122.221944737000172, 14.792311359000166 ], [ 122.224648068000079, 14.791772360000095 ], [ 122.225258205000046, 14.79213098800011 ], [ 122.225573686000075, 14.791824448000114 ], [ 122.225763722000011, 14.790618891000122 ], [ 122.226402152000105, 14.79076037100009 ], [ 122.226972199000102, 14.790320039000107 ], [ 122.226710817000139, 14.791331339000067 ], [ 122.227512701000023, 14.790672704000031 ], [ 122.227795208000089, 14.79095021500018 ], [ 122.228119599000024, 14.790593590000071 ], [ 122.228504914000155, 14.790722912000092 ], [ 122.228922004000196, 14.789719765000143 ], [ 122.229071459000011, 14.790129446000037 ], [ 122.230378871000084, 14.788260290000096 ], [ 122.230754175000015, 14.788100684000028 ], [ 122.231270276000032, 14.788720564000187 ], [ 122.232108831000346, 14.788211726000156 ], [ 122.232052592000059, 14.787480494000079 ], [ 122.232444183000212, 14.787730262000139 ], [ 122.232906157000116, 14.787418104000039 ], [ 122.232037777000187, 14.785672269000088 ], [ 122.233095369000125, 14.786412965000125 ], [ 122.233978537000326, 14.786125902000094 ], [ 122.234809054000038, 14.78652524000006 ], [ 122.235501457000055, 14.787284507000095 ], [ 122.235329388000082, 14.78753288300004 ], [ 122.235602784000207, 14.787546575000135 ], [ 122.236064343000066, 14.788654032000181 ], [ 122.236231696000118, 14.788444393000134 ], [ 122.237029391000192, 14.788705057000016 ], [ 122.237573849000114, 14.788392894000083 ], [ 122.237104030000069, 14.788941199000021 ], [ 122.236700417000293, 14.788900596000133 ], [ 122.237027977000025, 14.789915876000123 ], [ 122.237344592000227, 14.789515274 ], [ 122.237674128000094, 14.790068248000125 ], [ 122.237587207000161, 14.790860978000183 ], [ 122.238846466000155, 14.790439711000033 ], [ 122.238005189000091, 14.791180812000164 ], [ 122.23800854600006, 14.791821053000092 ], [ 122.238314094000316, 14.79177511600011 ], [ 122.238627575000237, 14.792432310000152 ], [ 122.239601828000104, 14.793078029000185 ], [ 122.239982077000036, 14.792864688000066 ], [ 122.240322119000098, 14.793391728000131 ], [ 122.241143699000077, 14.793569018000028 ], [ 122.241799451000134, 14.794235279000191 ], [ 122.242568719000019, 14.794016796000165 ], [ 122.24307481700032, 14.794543 ], [ 122.243212887000027, 14.794357320000074 ], [ 122.242830794000156, 14.794107743000154 ], [ 122.243146916000114, 14.793974313000092 ], [ 122.242883647000099, 14.793633584000077 ], [ 122.243144571000016, 14.793317793000142 ], [ 122.24310725600003, 14.793665406000059 ], [ 122.243702907000056, 14.793362647000095 ], [ 122.243757684000116, 14.79364025600006 ], [ 122.243987462000064, 14.793016938000051 ], [ 122.244254322000302, 14.793728645000044 ], [ 122.244348328000115, 14.793433386 ], [ 122.244682408000017, 14.793620177000093 ], [ 122.245239862000176, 14.793221558000084 ], [ 122.245555037000031, 14.792538118000039 ], [ 122.245783417000098, 14.79304864400018 ], [ 122.246432998000046, 14.79275597100019 ], [ 122.246775841000158, 14.791759346000049 ], [ 122.247518189000061, 14.791461135000191 ], [ 122.247498406000091, 14.789647085000183 ], [ 122.247633133000022, 14.790184103 ], [ 122.247941627000159, 14.790081137000016 ], [ 122.247817422000026, 14.791138748000037 ], [ 122.248123674000226, 14.791254652000077 ], [ 122.248094874000117, 14.790791162000062 ], [ 122.248719148000077, 14.790715490000025 ], [ 122.248744154000178, 14.792100509000136 ], [ 122.24915744600014, 14.792366232000177 ], [ 122.24905241700003, 14.792927320000047 ], [ 122.249485930000105, 14.79321362800016 ], [ 122.250527146000081, 14.792471553000098 ], [ 122.250344377000147, 14.791969429000119 ], [ 122.250863131000074, 14.792125719000069 ], [ 122.250953029000243, 14.791409204000047 ], [ 122.251340384000059, 14.791705076000028 ], [ 122.25138533400002, 14.791319678000093 ], [ 122.249997098000108, 14.790278918000126 ], [ 122.249491800000214, 14.790449858000102 ], [ 122.249727542000187, 14.791006273 ], [ 122.249387900000329, 14.790821680000136 ], [ 122.249264459000187, 14.790129572000069 ], [ 122.24983712400001, 14.789984685000036 ], [ 122.248969743000089, 14.789843468000186 ], [ 122.249084857000071, 14.789626351000038 ], [ 122.248651594000194, 14.78927618900002 ], [ 122.248491559000172, 14.789558439000132 ], [ 122.248279404000073, 14.788884334000045 ], [ 122.247964975000059, 14.789193711000166 ], [ 122.248186827000154, 14.788350508000121 ], [ 122.248952723000116, 14.788194412000166 ], [ 122.249944890000052, 14.789106560000107 ], [ 122.251415621000319, 14.789321069000039 ], [ 122.252666395000119, 14.790069863000156 ], [ 122.254000046000215, 14.790110428000048 ], [ 122.254259619000095, 14.790777115000083 ], [ 122.255644176000033, 14.790726752000069 ], [ 122.257067871000118, 14.791536619 ], [ 122.258426228000189, 14.788765855000122 ], [ 122.259399858000052, 14.787822652000102 ], [ 122.260527867000064, 14.78552447200002 ], [ 122.260330171000192, 14.785215248000043 ], [ 122.261004576000119, 14.783622822000098 ], [ 122.260978046000105, 14.782972864000158 ], [ 122.26019964000011, 14.782817682000086 ], [ 122.259749210000223, 14.781903406000083 ], [ 122.25987387300006, 14.781217822000031 ], [ 122.259354446000202, 14.781075487000066 ], [ 122.258787081000037, 14.779906657000026 ], [ 122.258944042000167, 14.779040956000074 ], [ 122.258252712000171, 14.779183478000107 ], [ 122.257693317000189, 14.778818786000159 ], [ 122.255586572000198, 14.774618146000023 ], [ 122.254109698000207, 14.774590700999966 ], [ 122.253532740000082, 14.774149050000119 ], [ 122.254122981000023, 14.774018078000154 ], [ 122.253213831000039, 14.772457853000105 ], [ 122.252838579000127, 14.772540334999974 ], [ 122.252883513000143, 14.773231484000064 ], [ 122.252524313000094, 14.772634301000096 ], [ 122.25216270500016, 14.773320319000049 ], [ 122.252186941000218, 14.772419415000115 ], [ 122.251330569000061, 14.773209971000142 ], [ 122.251415956000073, 14.772662555000124 ], [ 122.250398581000013, 14.771987044000127 ], [ 122.250754717000177, 14.771871993000104 ], [ 122.25112970400005, 14.77220208000017 ], [ 122.251576579000016, 14.771580148000055 ], [ 122.251557138000067, 14.77192930700005 ], [ 122.251929902000029, 14.772020538000049 ], [ 122.252781958000128, 14.76936679500011 ], [ 122.25273865500003, 14.769662052000115 ], [ 122.253460590000145, 14.768511345000036 ], [ 122.257585264000227, 14.764805131000173 ], [ 122.258787598000026, 14.762352715000134 ], [ 122.259398380000107, 14.759683797000093 ], [ 122.259197099000062, 14.751466215000164 ], [ 122.258887028000117, 14.750147017000074 ], [ 122.259258994000106, 14.747372898000151 ], [ 122.259393179000085, 14.74162134300002 ], [ 122.25849399200024, 14.736785469000154 ], [ 122.258586827000045, 14.729869810000025 ], [ 122.25797114400018, 14.728551403000097 ], [ 122.258185361000187, 14.727114745000051 ], [ 122.254066992000048, 14.724493545000087 ], [ 122.247581167000135, 14.722729089999973 ], [ 122.244777516000113, 14.720622598000148 ], [ 122.243288753000115, 14.72074197500018 ], [ 122.242460306000226, 14.721916108000073 ], [ 122.242146020000291, 14.723145526000167 ], [ 122.242377248000025, 14.724824205000061 ], [ 122.242974146000051, 14.725401555000076 ], [ 122.243359122000129, 14.728437209000049 ], [ 122.243127884000046, 14.731962486000157 ], [ 122.241833314000019, 14.733588205999979 ], [ 122.241987240000299, 14.736102416 ], [ 122.24160200100016, 14.737967944 ], [ 122.238159511000049, 14.742600922000179 ], [ 122.237273553000136, 14.744294170000103 ], [ 122.234422637000307, 14.746015197000133 ], [ 122.23168350100002, 14.74912392400006 ], [ 122.229284458000166, 14.750925410999969 ], [ 122.224474041, 14.752586884000038 ], [ 122.21947934700006, 14.752604819000055 ], [ 122.216706061000082, 14.753088625000089 ], [ 122.214934181000217, 14.753796029 ], [ 122.210350621000089, 14.754149063999989 ], [ 122.207769510000276, 14.75615990700004 ], [ 122.205439500000011, 14.757165059000044 ], [ 122.202919045000158, 14.758968016000097 ], [ 122.200585514000068, 14.759909720000053 ], [ 122.200187015000211, 14.760527921000119 ], [ 122.200458149000269, 14.761182598 ], [ 122.200154609000037, 14.761601923000171 ], [ 122.195087646000047, 14.764816431000042 ], [ 122.194648895000114, 14.76553731000007 ], [ 122.192910672000266, 14.765649550000148 ], [ 122.19180102100006, 14.763963937000028 ], [ 122.191318897000087, 14.763746084000047 ], [ 122.18925351900009, 14.765758537000181 ], [ 122.188442968000118, 14.765713355000173 ], [ 122.188523748000193, 14.765325909000069 ], [ 122.188494140000103, 14.76504772800007 ], [ 122.188418436, 14.764943743000117 ], [ 122.188089625000089, 14.766369096000176 ], [ 122.1870075490001, 14.767382504000182 ], [ 122.184117359000084, 14.768426789000159 ], [ 122.184066298000175, 14.767811925999979 ], [ 122.184906574000024, 14.767251436000151 ], [ 122.184503543000233, 14.766944138000156 ], [ 122.183657122000227, 14.767175304999967 ], [ 122.183173216000341, 14.767774580000093 ], [ 122.182274913000015, 14.768149033999975 ], [ 122.18228385600014, 14.768988506000028 ], [ 122.180860223000195, 14.770210078 ], [ 122.176397496000163, 14.772908756 ], [ 122.168261080000207, 14.778584581000018 ], [ 122.167939435000108, 14.779460744000176 ], [ 122.168466453000065, 14.779194527000072 ], [ 122.168364957000335, 14.779373538000016 ], [ 122.163706191000188, 14.783729679000146 ], [ 122.162309810000011, 14.783784470000114 ], [ 122.162186480000059, 14.783424007000065 ], [ 122.161840177000158, 14.783662521999986 ], [ 122.161865378000016, 14.783321660000013 ], [ 122.1617484840001, 14.783255100000019 ], [ 122.161359861000051, 14.784510716 ], [ 122.159533246000137, 14.785182589999977 ], [ 122.159163893000027, 14.784785300000181 ], [ 122.158429108000064, 14.785172549000151 ], [ 122.15839684000025, 14.785498403000133 ], [ 122.158173608000084, 14.785216758000161 ], [ 122.157209441000191, 14.785668639000164 ], [ 122.155833329000188, 14.786974021000162 ], [ 122.155589807000069, 14.787818064000078 ], [ 122.155298602000016, 14.787860036000041 ], [ 122.155406031000325, 14.788477466000131 ], [ 122.154829699000061, 14.78888424400003 ], [ 122.154942168000048, 14.78865375200013 ], [ 122.154565632000185, 14.788686938000069 ], [ 122.154725990000088, 14.788939736000032 ], [ 122.154133983000065, 14.789054742000133 ], [ 122.153994116000149, 14.789632592000146 ], [ 122.153657160000307, 14.789481676999969 ], [ 122.153556499000047, 14.789898730000118 ], [ 122.15382469400015, 14.790009706999967 ], [ 122.153446872000131, 14.790337227000066 ], [ 122.153256716000215, 14.790073329000109 ], [ 122.152917671000182, 14.790705186000082 ], [ 122.152386672000034, 14.790897777000112 ], [ 122.152146222000169, 14.790367834000051 ], [ 122.151545539000153, 14.7903254040001 ], [ 122.150445747000049, 14.791648293000037 ], [ 122.150296682000089, 14.792371887000058 ], [ 122.149146768000151, 14.792427174000068 ], [ 122.148615484000061, 14.792825415999971 ], [ 122.148379152000075, 14.792545827000026 ], [ 122.148384084000099, 14.793114920000164 ], [ 122.144846672000199, 14.794831183000099 ], [ 122.136133567000343, 14.798503331 ], [ 122.135485397000025, 14.798243382000123 ], [ 122.135611353000172, 14.797785070000032 ], [ 122.134531866000088, 14.796992597999974 ], [ 122.134017697000104, 14.7971110310001 ], [ 122.133745902000101, 14.79784263199997 ], [ 122.130637507000188, 14.797816056000102 ], [ 122.129913163000083, 14.798234368000067 ], [ 122.129478625000047, 14.797532503000184 ], [ 122.12859481800001, 14.797135836000109 ], [ 122.125390518000131, 14.79656229699998 ], [ 122.123947649000343, 14.796765094000023 ], [ 122.122741504000146, 14.797409425000126 ], [ 122.120048429000121, 14.797840852000036 ], [ 122.114824247000115, 14.799462080000012 ], [ 122.1122082830002, 14.801503787000115 ], [ 122.111623543000064, 14.802765726000189 ], [ 122.109388721000073, 14.80364517400011 ], [ 122.107524629000068, 14.805219527000077 ], [ 122.107108297000082, 14.806238676000135 ], [ 122.105756522000092, 14.807020476000162 ], [ 122.105658265000216, 14.807617446000165 ], [ 122.106363327000054, 14.80824232599997 ], [ 122.106429885000239, 14.808759214000133 ], [ 122.105070470000101, 14.809907118000069 ], [ 122.104227296000204, 14.811423846000139 ], [ 122.10412267300012, 14.812675373000047 ], [ 122.104879482000115, 14.813752020000038 ], [ 122.104455685000175, 14.814792697000087 ], [ 122.10588734300029, 14.817533103000187 ], [ 122.105886530000134, 14.819079807999969 ], [ 122.1042476880001, 14.820587854000053 ], [ 122.103377212000169, 14.823712490000105 ], [ 122.103495701000156, 14.824315548000129 ], [ 122.102916349000111, 14.824588041000027 ], [ 122.10194814800002, 14.825788569000053 ], [ 122.101939750000042, 14.827575007000064 ], [ 122.101040394000051, 14.82908846000015 ], [ 122.099332072000152, 14.82976236200011 ], [ 122.096224565000171, 14.832457644000044 ], [ 122.096261445000209, 14.832902737000154 ], [ 122.097085464000088, 14.833427224000104 ], [ 122.096572451000156, 14.834469643000148 ], [ 122.096690662000128, 14.835560860000101 ], [ 122.094126984000241, 14.838380877000077 ], [ 122.094460463000019, 14.839587049000045 ], [ 122.093895531000044, 14.840519953000182 ], [ 122.094422308000162, 14.841358228000161 ], [ 122.093619769000156, 14.84221921600016 ], [ 122.093886942000267, 14.842520862000072 ], [ 122.094865391000098, 14.84193274800009 ], [ 122.096410142000195, 14.841797186000065 ], [ 122.096588826000016, 14.841000463000114 ], [ 122.100514155000155, 14.839436829000078 ], [ 122.100648136000018, 14.838876972000037 ], [ 122.100247444000047, 14.838288127000055 ], [ 122.10051499400015, 14.83791498 ], [ 122.102530208000076, 14.838081113000158 ], [ 122.104665467000132, 14.837280656000132 ], [ 122.105260822000105, 14.835432765000064 ], [ 122.105907220000063, 14.834815726999977 ], [ 122.106122494000147, 14.834973761000128 ], [ 122.105527612000287, 14.836473783000031 ], [ 122.105898440000033, 14.837386849000097 ], [ 122.107433403000186, 14.837387598000078 ], [ 122.108019838000132, 14.837847308000107 ], [ 122.109019067000077, 14.837967417000186 ], [ 122.109635671000092, 14.837006745999986 ], [ 122.110021675000098, 14.836991754 ], [ 122.110809007000057, 14.838349168000036 ], [ 122.111180521000051, 14.837965612000119 ], [ 122.112054280000166, 14.83863624300011 ], [ 122.112884200000053, 14.838428384000053 ], [ 122.114248276000126, 14.838986734000059 ], [ 122.114568337000037, 14.838752392 ], [ 122.114665835000096, 14.839038765000168 ], [ 122.115761395000163, 14.838908162000109 ], [ 122.115964402000031, 14.839651739000089 ], [ 122.117145703000119, 14.840170196000088 ], [ 122.117879338000193, 14.839628644000072 ], [ 122.118290811000179, 14.839681233000022 ], [ 122.117963948000011, 14.839209703000108 ], [ 122.11819563500012, 14.839066680000087 ], [ 122.118022754000094, 14.838386430000128 ], [ 122.117674750000106, 14.838099472000181 ], [ 122.118202592000102, 14.838012970000136 ], [ 122.117924638000204, 14.835237024000151 ], [ 122.119140944000264, 14.835178024000015 ], [ 122.120033641000191, 14.835777443000154 ], [ 122.12341131300002, 14.836039678000077 ], [ 122.123416212000166, 14.838493292000067 ], [ 122.123035526000081, 14.838904385000092 ], [ 122.122932819000084, 14.840786779000041 ], [ 122.12410109200016, 14.841680385000075 ], [ 122.124865036000301, 14.841816816000062 ], [ 122.125665164000111, 14.840219985000033 ], [ 122.125750804000063, 14.840768750000052 ], [ 122.126658550000229, 14.840916819000142 ], [ 122.127474378000215, 14.840337919000035 ], [ 122.127740065000239, 14.839418313000124 ], [ 122.126954935000299, 14.838123628000062 ], [ 122.127077923000343, 14.837770350000142 ], [ 122.129463565000037, 14.835745409000026 ], [ 122.131250984000076, 14.834926221000103 ], [ 122.130639267000106, 14.834244754999986 ], [ 122.130671503000144, 14.833223216000135 ], [ 122.129356117000043, 14.833664887000168 ], [ 122.12897930400004, 14.832610241000111 ], [ 122.13027132200034, 14.831459849000169 ], [ 122.130939513000158, 14.831337081000129 ], [ 122.132583264000118, 14.829332536999971 ], [ 122.132432563000066, 14.829043430000127 ], [ 122.133159440000213, 14.828476545000058 ], [ 122.134029953000208, 14.82824356500015 ], [ 122.134326671000053, 14.828694332000055 ], [ 122.135250516000042, 14.828708379000034 ], [ 122.13660208500005, 14.82856061200016 ], [ 122.136721022000188, 14.828263563000178 ], [ 122.137174144000028, 14.828697488000103 ], [ 122.137380069000073, 14.828237302000048 ], [ 122.137364338000111, 14.828824624000163 ], [ 122.138654729000223, 14.829003131000093 ], [ 122.139849642000058, 14.828708984000173 ], [ 122.140831935000051, 14.829025915000045 ], [ 122.142491946000064, 14.828665197000191 ], [ 122.143425516000207, 14.829352859999972 ], [ 122.143392794000306, 14.829883766000023 ], [ 122.143529, 14.82969120600012 ], [ 122.143922799000052, 14.829982142000176 ], [ 122.144196261000047, 14.829713872000184 ], [ 122.144419164000169, 14.829897878000168 ], [ 122.14452605300005, 14.829417991000128 ], [ 122.145324429000198, 14.828889996000044 ], [ 122.145665169000154, 14.829460852000068 ], [ 122.14610175200005, 14.829338368000037 ], [ 122.146545605000142, 14.829704816000174 ], [ 122.147365771000182, 14.829255074000059 ], [ 122.14719695000008, 14.830053914000075 ], [ 122.148581374000059, 14.830588704000093 ], [ 122.147593429000153, 14.831322636999971 ], [ 122.147852087000047, 14.833422657000028 ], [ 122.148397295000223, 14.834108367000113 ], [ 122.148331731000098, 14.834562255000151 ], [ 122.148017649000053, 14.834553922999987 ], [ 122.147996912000053, 14.835467992000076 ], [ 122.148172457000101, 14.835743146000084 ], [ 122.148450987000047, 14.835384065000142 ], [ 122.14905640500001, 14.836022065000179 ], [ 122.1497414050001, 14.835750375000032 ], [ 122.150151537000056, 14.835948994000034 ], [ 122.150162563000094, 14.835696486000131 ], [ 122.151014261000228, 14.836101160000055 ], [ 122.152836584000056, 14.835975846000167 ], [ 122.153238029000022, 14.83638789000014 ], [ 122.154053587000021, 14.835824658999968 ], [ 122.154224273000068, 14.836472564000019 ], [ 122.154560980000156, 14.83646522000015 ], [ 122.154662312000028, 14.835978281000109 ], [ 122.156089830000155, 14.837712905000103 ], [ 122.156896877, 14.837615609000011 ], [ 122.157367603000125, 14.837154110000142 ], [ 122.158445061000066, 14.838304484999981 ], [ 122.158928924000065, 14.838113677000024 ], [ 122.159117404000199, 14.838398496000025 ], [ 122.159639326000047, 14.83835932 ], [ 122.160078065000221, 14.837628982000126 ], [ 122.160450828000194, 14.837898461000179 ], [ 122.160723954000105, 14.837233760000117 ], [ 122.161008997000067, 14.837524181000106 ], [ 122.161482193000211, 14.836742790000187 ], [ 122.161821522000082, 14.836858682000184 ], [ 122.161978403000035, 14.836513717000173 ], [ 122.162206096000091, 14.836727020000126 ], [ 122.162587948000123, 14.835954563000087 ], [ 122.162716901000067, 14.836315092000177 ], [ 122.162689844000056, 14.835303234000094 ], [ 122.163337620000107, 14.835209565000071 ], [ 122.163240715000029, 14.834593117000054 ], [ 122.164139685, 14.834787702000085 ], [ 122.164965708000068, 14.833871239000189 ], [ 122.165300723000087, 14.834191058999977 ], [ 122.164726133000045, 14.83524584200012 ], [ 122.164834156000325, 14.83556892200005 ], [ 122.165073882000115, 14.835362885000166 ], [ 122.16522457200017, 14.835592662000067 ], [ 122.165537057000165, 14.835155477000058 ], [ 122.165658749000045, 14.835498623000035 ], [ 122.164910486000053, 14.836181852000152 ], [ 122.164959096000189, 14.836455758000056 ], [ 122.165995801000122, 14.835750912000037 ], [ 122.166972144000169, 14.836182853000139 ], [ 122.165795675000027, 14.837349484000129 ], [ 122.165772962, 14.837861282000176 ], [ 122.166106457000183, 14.838672128000155 ], [ 122.167412099000217, 14.839122847000056 ], [ 122.167813532000082, 14.839637239000126 ], [ 122.170107347000112, 14.839889975000062 ], [ 122.170911404000094, 14.840357535000066 ], [ 122.172534887000211, 14.840296716000068 ], [ 122.172642067000197, 14.839929467000161 ], [ 122.17299433300002, 14.84010801800008 ], [ 122.17341710300002, 14.839889901000106 ], [ 122.173328473000197, 14.839676982000128 ], [ 122.174058969000043, 14.839618825000059 ], [ 122.174235955000086, 14.838997554000059 ], [ 122.174758662000272, 14.838867347000019 ], [ 122.17498796100017, 14.837626283000191 ], [ 122.175298126000143, 14.837648899000101 ], [ 122.175498173000051, 14.838142211000047 ], [ 122.176212542000144, 14.838046560000066 ], [ 122.176739983000175, 14.838723 ], [ 122.177581805000045, 14.839329174000113 ], [ 122.178226546000019, 14.839332593000165 ], [ 122.178426518000038, 14.839740947 ], [ 122.179994238000063, 14.839831578000144 ], [ 122.18006264600001, 14.840173992000075 ], [ 122.179770450000206, 14.840222789000109 ], [ 122.180142941000213, 14.840318433 ], [ 122.181355005000114, 14.841916162000132 ], [ 122.181070522000141, 14.843026343000076 ], [ 122.18160345900003, 14.843909798000084 ], [ 122.18204995200017, 14.843888668000091 ], [ 122.183564107000052, 14.845209532000126 ], [ 122.185101603000135, 14.844444433000149 ], [ 122.184757285000046, 14.84305191600015 ], [ 122.185411762000285, 14.843225722000113 ], [ 122.185973600000011, 14.842805623000118 ], [ 122.185852131000047, 14.842322890000048 ], [ 122.186865109000223, 14.841451714000073 ], [ 122.186691105000023, 14.840772104000166 ], [ 122.186991305000106, 14.840627182000048 ], [ 122.187023900000099, 14.839728108000088 ], [ 122.187411828000222, 14.839883798000187 ], [ 122.18743497100013, 14.839554485000065 ], [ 122.187662983000109, 14.839702763000048 ], [ 122.188019111000131, 14.839309714000137 ], [ 122.187613218000024, 14.837144918000092 ], [ 122.188141753000082, 14.837019751000128 ], [ 122.188186451000092, 14.837561318000041 ], [ 122.18903307800008, 14.838021076000075 ], [ 122.189633731000072, 14.837620890000039 ], [ 122.189331871000036, 14.838396892999981 ], [ 122.1896709250002, 14.838850339000032 ], [ 122.190466989000129, 14.838758574000167 ], [ 122.19071493100023, 14.839026918000172 ], [ 122.191322422000098, 14.84139280900007 ], [ 122.191921771000239, 14.841093898000111 ], [ 122.192001217000097, 14.840313344000037 ], [ 122.192325358000176, 14.840103556000088 ], [ 122.19240865900008, 14.840644848000125 ], [ 122.193768471000112, 14.840249597000025 ], [ 122.193900240000062, 14.839181939000127 ], [ 122.194543482000199, 14.839730541000051 ], [ 122.195187470000178, 14.838468342000169 ], [ 122.195842635000076, 14.837992900000074 ], [ 122.195320068000115, 14.836496168000053 ], [ 122.195651706000035, 14.836211402000117 ], [ 122.195698220000168, 14.836629234000043 ], [ 122.196007799000085, 14.836221015000092 ], [ 122.195426180000027, 14.836081420000028 ], [ 122.194925441000123, 14.835046876000035 ], [ 122.194192097000155, 14.83453839200007 ], [ 122.194442641000137, 14.834396038000023 ], [ 122.193228111000167, 14.832991721000042 ], [ 122.193614331000163, 14.832799561000172 ], [ 122.193535883000209, 14.832419875000028 ], [ 122.19287328900009, 14.831882021000069 ], [ 122.194087959000058, 14.83210721100005 ], [ 122.194177702000161, 14.831500003000087 ], [ 122.194685957000161, 14.831758935000039 ], [ 122.194965776000117, 14.831264888000078 ], [ 122.195839707000232, 14.831044006000127 ], [ 122.195826472000135, 14.830352779 ], [ 122.196087808000243, 14.830184312000029 ], [ 122.19684658500023, 14.830880863 ], [ 122.197644107000315, 14.830936290000068 ], [ 122.197887177000212, 14.83061029400011 ], [ 122.197839884000132, 14.830950035000058 ], [ 122.198286066000037, 14.830189436000126 ], [ 122.199009097000271, 14.830943605000073 ], [ 122.198893132000194, 14.832079051000051 ], [ 122.199664693000159, 14.831771462000063 ], [ 122.19981772500023, 14.832647591000182 ], [ 122.199900360000015, 14.832419594000044 ], [ 122.200906554000198, 14.832636526999977 ], [ 122.200912871000014, 14.833731228000033 ], [ 122.201407991000337, 14.834485359000041 ], [ 122.201956036000297, 14.833916643 ], [ 122.201453572000105, 14.835066377000146 ], [ 122.201735682000049, 14.835191658000099 ], [ 122.201577895000014, 14.83679603000013 ], [ 122.201883157000225, 14.836856314000158 ], [ 122.201508660000059, 14.837447219000126 ], [ 122.201949599000045, 14.838143474000105 ], [ 122.202310438000154, 14.837987089000023 ], [ 122.202139173000091, 14.838364355000181 ], [ 122.20247899500032, 14.838883474000056 ], [ 122.204387095000129, 14.839816406000125 ], [ 122.205018679000091, 14.839177735000135 ], [ 122.20578894800019, 14.839804752000077 ], [ 122.206394827000167, 14.839760623000018 ], [ 122.20890048300032, 14.842182760000185 ] ] ], [ [ [ 122.000170674000174, 14.83527921100017 ], [ 122.000293420000162, 14.83423698900009 ], [ 121.99920295000004, 14.833757695000031 ], [ 121.997793581000224, 14.833480909000059 ], [ 121.996976993000089, 14.834189676000165 ], [ 121.997217547000105, 14.836268113000074 ], [ 121.99781901900019, 14.837097584000048 ], [ 121.997961247000035, 14.838435280000056 ], [ 121.999102167000274, 14.84149953400015 ], [ 122.000225110000201, 14.842559560000097 ], [ 122.002593257000285, 14.843355648000056 ], [ 122.00357404500005, 14.844643066000174 ], [ 122.004540973000189, 14.84472463200018 ], [ 122.004940937000015, 14.844228933000068 ], [ 122.005123728000171, 14.842688990000113 ], [ 122.006134380000276, 14.841692926000121 ], [ 122.005216253000071, 14.839861046000067 ], [ 122.005467271000043, 14.837385676999986 ], [ 122.005146314000058, 14.836461266000185 ], [ 122.003359956000054, 14.836446667000132 ], [ 122.0015669940002, 14.835790036000049 ], [ 121.999236241000176, 14.835778389000041 ], [ 122.000170674000174, 14.83527921100017 ] ] ], [ [ [ 122.212734170000203, 14.844538256000021 ], [ 122.21273433600004, 14.843932414000164 ], [ 122.212237378000282, 14.843262709000101 ], [ 122.212372463000179, 14.843080499000109 ], [ 122.211868032000098, 14.842969544000084 ], [ 122.211469672000021, 14.843397961999983 ], [ 122.211069682000129, 14.84335599100018 ], [ 122.211689579000222, 14.842808708000064 ], [ 122.21157243600021, 14.84260919400009 ], [ 122.210321238, 14.843175526000039 ], [ 122.210043327000221, 14.842971896999984 ], [ 122.210219020000068, 14.843663431000039 ], [ 122.210672545000079, 14.843601983000099 ], [ 122.211218700000018, 14.844481337 ], [ 122.211498986000151, 14.844377973000178 ], [ 122.211295614000164, 14.84394474100003 ], [ 122.21206771300001, 14.843528734000131 ], [ 122.212734170000203, 14.844538256000021 ] ] ], [ [ [ 122.15183135600023, 14.843878289000031 ], [ 122.152236380000204, 14.844435190000183 ], [ 122.15237550300003, 14.843843259000153 ], [ 122.15152901700003, 14.843520347000094 ], [ 122.151421099000117, 14.844081580000079 ], [ 122.15183135600023, 14.843878289000031 ] ] ], [ [ [ 122.15053532200011, 14.842743517000088 ], [ 122.15114219800023, 14.842338695000024 ], [ 122.15089307400001, 14.841664302000083 ], [ 122.152130972, 14.841237685000067 ], [ 122.151749657000096, 14.840310723000073 ], [ 122.148631523000063, 14.839829254000108 ], [ 122.147381009000014, 14.839972589000183 ], [ 122.147926338000048, 14.840954965000094 ], [ 122.148499065000124, 14.840672941000037 ], [ 122.148476181000206, 14.841975874000127 ], [ 122.14891570500015, 14.842515156000161 ], [ 122.149343126000076, 14.842344316000037 ], [ 122.149904195000204, 14.842721518000133 ], [ 122.150557108000157, 14.842381284000055 ], [ 122.15053532200011, 14.842743517000088 ] ] ], [ [ [ 122.014903759000163, 14.841365244000031 ], [ 122.014990620000162, 14.841833506000057 ], [ 122.015698939000231, 14.841529298000125 ], [ 122.015479402000096, 14.841163263999988 ], [ 122.014903759000163, 14.841365244000031 ] ] ], [ [ [ 122.152756957000179, 14.840693888000089 ], [ 122.153210383000214, 14.840882544000067 ], [ 122.154151749000107, 14.840180922000116 ], [ 122.154430956000056, 14.840351411000086 ], [ 122.154442313000345, 14.839881752000053 ], [ 122.154019344000062, 14.839822519 ], [ 122.15404933300033, 14.840111505000095 ], [ 122.152756957000179, 14.840693888000089 ] ] ], [ [ [ 122.247321661000342, 14.824369436000154 ], [ 122.246533481000142, 14.825710359000141 ], [ 122.247152368000116, 14.825361982000175 ], [ 122.250885680000124, 14.821184019999976 ], [ 122.252444173000185, 14.818931524000163 ], [ 122.253873302000216, 14.815483464000124 ], [ 122.256258000000116, 14.811381405000077 ], [ 122.258444609000321, 14.809026554000013 ], [ 122.257529944000225, 14.808718242000111 ], [ 122.257221480000112, 14.808127 ], [ 122.257395040000119, 14.807660976000022 ], [ 122.255893108, 14.807692642000177 ], [ 122.253200096000114, 14.805592710000155 ], [ 122.252552290000153, 14.805794215000049 ], [ 122.252025046000085, 14.806876119000037 ], [ 122.250687710000079, 14.811918322000054 ], [ 122.25021224000011, 14.812226884000154 ], [ 122.249301189000221, 14.814278759000047 ], [ 122.248496679000027, 14.819819288000076 ], [ 122.24766131600029, 14.820323674000065 ], [ 122.247361967000302, 14.819923022000125 ], [ 122.246934076000116, 14.819982246000052 ], [ 122.247526941000274, 14.822117238000146 ], [ 122.247554180000179, 14.823494491000133 ], [ 122.247321661000342, 14.824369436000154 ] ] ], [ [ [ 122.028749102, 14.800691146000133 ], [ 122.024284261000048, 14.800499054000056 ], [ 122.023955434000072, 14.801315449000185 ], [ 122.023626143000115, 14.800886672000161 ], [ 122.022967928000071, 14.801025253000148 ], [ 122.022238735000087, 14.802737562000175 ], [ 122.020693688000051, 14.804080111000133 ], [ 122.020393513000158, 14.805076362000023 ], [ 122.022497423000118, 14.805767407000133 ], [ 122.022725718000061, 14.80633471200008 ], [ 122.023485, 14.806182125000134 ], [ 122.023871654000232, 14.806915271000037 ], [ 122.025345691000098, 14.807054496000092 ], [ 122.026247018000163, 14.806445421999967 ], [ 122.027419320000149, 14.803417205000187 ], [ 122.029622386000028, 14.801534787000037 ], [ 122.029650845000106, 14.801133548000109 ], [ 122.028749102, 14.800691146000133 ] ] ], [ [ [ 122.262457625000025, 14.805555003000109 ], [ 122.262850536000087, 14.805641668000078 ], [ 122.263605176000056, 14.805021652000164 ], [ 122.264084448000062, 14.805148933999988 ], [ 122.264481383000088, 14.804868929 ], [ 122.264532211000073, 14.804379864000168 ], [ 122.26402729400013, 14.804001923000044 ], [ 122.26451795700018, 14.802881381000077 ], [ 122.264261709000039, 14.802348079000183 ], [ 122.263767375000043, 14.802494282999987 ], [ 122.263775179000163, 14.802955530000077 ], [ 122.262330285000303, 14.803410479000149 ], [ 122.262457625000025, 14.805555003000109 ] ] ], [ [ [ 121.658159524000098, 14.777086150000116 ], [ 121.656895753000072, 14.77865983200013 ], [ 121.656349601000329, 14.778786527000079 ], [ 121.65464248100011, 14.778078341000082 ], [ 121.654271094000023, 14.778200351000066 ], [ 121.654176389000099, 14.77861576100014 ], [ 121.655806122000058, 14.779682596000043 ], [ 121.656809934000194, 14.779674877 ], [ 121.657694939000066, 14.778695347000166 ], [ 121.658159524000098, 14.777086150000116 ] ] ], [ [ [ 122.403554350000149, 14.73375607600002 ], [ 122.405382574000214, 14.733412289000114 ], [ 122.407711295000013, 14.732332169000074 ], [ 122.411497204000057, 14.728425536000032 ], [ 122.413163931000213, 14.723189951000052 ], [ 122.414660974000185, 14.720233501 ], [ 122.419050874000163, 14.717377020000185 ], [ 122.423413390000292, 14.716260619000082 ], [ 122.429556478000222, 14.713420409000094 ], [ 122.434449166000036, 14.709688177000032 ], [ 122.436256910000225, 14.707177125000101 ], [ 122.436887395000213, 14.705085477000068 ], [ 122.438189849000196, 14.703095897000082 ], [ 122.438512972000012, 14.70174297799997 ], [ 122.438082050000048, 14.69860276300011 ], [ 122.436168145000011, 14.69524449700009 ], [ 122.43481897900017, 14.695088539000153 ], [ 122.434426533000192, 14.695382850999977 ], [ 122.431220234000193, 14.692729671000052 ], [ 122.426346863000049, 14.690123381000035 ], [ 122.423921678000056, 14.688290376000168 ], [ 122.421180118000052, 14.687132906000159 ], [ 122.416244018000043, 14.685765546000141 ], [ 122.412989646000028, 14.685296155000117 ], [ 122.410511645000156, 14.685327370000152 ], [ 122.405323345000056, 14.684215105000021 ], [ 122.4031097310002, 14.68429313900009 ], [ 122.397644244000162, 14.683384233000027 ], [ 122.397036414000127, 14.683589330000018 ], [ 122.394614577000198, 14.683389165999984 ], [ 122.39281935200006, 14.6829532430001 ], [ 122.38707179000005, 14.680441200000132 ], [ 122.386779583000134, 14.681149531000074 ], [ 122.386272173000066, 14.681290908000108 ], [ 122.380591670000172, 14.679978773000187 ], [ 122.375098560000083, 14.679604488 ], [ 122.37155592500028, 14.680910810000114 ], [ 122.368076234000227, 14.681588563000162 ], [ 122.362354498000059, 14.681728123000141 ], [ 122.353145667000035, 14.68113191000009 ], [ 122.350178780000192, 14.681508049000058 ], [ 122.339879716000155, 14.679198892000045 ], [ 122.338884933000031, 14.679142038000123 ], [ 122.337385097000038, 14.679609182000036 ], [ 122.335574034000047, 14.679396342000018 ], [ 122.329367957000045, 14.675076345000093 ], [ 122.328214321000132, 14.67503115400018 ], [ 122.327471382000226, 14.675436365000053 ], [ 122.326989702000105, 14.674687308000159 ], [ 122.321189501000276, 14.674739667000097 ], [ 122.316012306000289, 14.676943989000051 ], [ 122.313555558000076, 14.677643212000078 ], [ 122.311638008000045, 14.67743107900003 ], [ 122.307783571000073, 14.67637908100005 ], [ 122.306586479000089, 14.676466754000103 ], [ 122.306421014000193, 14.677896825000062 ], [ 122.308095934000221, 14.68080827700004 ], [ 122.308486613000127, 14.68204455700004 ], [ 122.308399841000096, 14.685962897000024 ], [ 122.309663999, 14.689086417000055 ], [ 122.311224302000255, 14.690550847000054 ], [ 122.312038064000262, 14.691933803999973 ], [ 122.314171783, 14.692582171000083 ], [ 122.314425910000296, 14.692477992000079 ], [ 122.314406474000293, 14.691925155999968 ], [ 122.314726747000236, 14.692086353000093 ], [ 122.314662903000112, 14.692650222000111 ], [ 122.314003161000073, 14.692812736000064 ], [ 122.313773288000107, 14.693408078000118 ], [ 122.313317232000031, 14.693622530000084 ], [ 122.313317245, 14.693939023999974 ], [ 122.313811230000056, 14.693591479000077 ], [ 122.31415127300022, 14.693923472000108 ], [ 122.313785629000222, 14.694873721000135 ], [ 122.314324545000204, 14.694935754000028 ], [ 122.314546591000067, 14.695252445000051 ], [ 122.314306019000242, 14.695544128000108 ], [ 122.314928358000088, 14.695910239000114 ], [ 122.316052015000082, 14.696070765000059 ], [ 122.316273407000153, 14.69687129700003 ], [ 122.3191941580003, 14.697997988000111 ], [ 122.324830578000046, 14.700954716000126 ], [ 122.325166864000153, 14.701294397000083 ], [ 122.324946322000187, 14.702134603000161 ], [ 122.325449901000184, 14.701810925000188 ], [ 122.325901783000063, 14.702596628000094 ], [ 122.325406730000054, 14.703227578000053 ], [ 122.325708728000222, 14.704192241000044 ], [ 122.326637444000085, 14.704926205000049 ], [ 122.326628374000052, 14.705511787000148 ], [ 122.327240825000217, 14.706381637 ], [ 122.331745232000117, 14.708522443000049 ], [ 122.332351667000012, 14.709326277000116 ], [ 122.332211833000088, 14.709986216000118 ], [ 122.333697867000183, 14.711425330000168 ], [ 122.334012831000109, 14.711235160000058 ], [ 122.334506691000115, 14.711634457000116 ], [ 122.334665327000039, 14.711338936000118 ], [ 122.335379992000185, 14.711884382000108 ], [ 122.335808808000138, 14.711626530000103 ], [ 122.336288778000039, 14.712171930000125 ], [ 122.336950833000174, 14.71229380200009 ], [ 122.337143448, 14.712029511000139 ], [ 122.338359355000193, 14.712028418000159 ], [ 122.338659951000068, 14.711171028000081 ], [ 122.339241447000177, 14.711336951000021 ], [ 122.339065738000158, 14.710842335000166 ], [ 122.33935536800027, 14.710535449000133 ], [ 122.340990621000174, 14.710394283000028 ], [ 122.345372242000053, 14.710963600000127 ], [ 122.347195892000059, 14.711741739000104 ], [ 122.349314447000324, 14.711581840000122 ], [ 122.354487897000126, 14.712212129000136 ], [ 122.358351854000148, 14.712010830000111 ], [ 122.360013151000203, 14.712290087000042 ], [ 122.365182588000266, 14.714591936000147 ], [ 122.371697595000114, 14.716908661000048 ], [ 122.372613435000062, 14.717525128000034 ], [ 122.372617944000012, 14.71916085800018 ], [ 122.377992629000119, 14.722444614999972 ], [ 122.377830929000083, 14.72311348400018 ], [ 122.378753007000341, 14.723889099000132 ], [ 122.378629965000073, 14.724664861 ], [ 122.379247665000094, 14.725944160000097 ], [ 122.380392722000011, 14.726867885000047 ], [ 122.380212048000203, 14.72749218600012 ], [ 122.381912228000033, 14.728375947000131 ], [ 122.381744973000082, 14.729649053000117 ], [ 122.386314639000034, 14.729768595000053 ], [ 122.392386134000276, 14.731588552000119 ], [ 122.396515688000022, 14.732281265000154 ], [ 122.401756021000097, 14.733680449000076 ], [ 122.403554350000149, 14.73375607600002 ] ] ], [ [ [ 122.033067719000087, 14.443303122000032 ], [ 122.033936030000064, 14.441999844000179 ], [ 122.03694551500007, 14.439883922000092 ], [ 122.037376676, 14.439785684000128 ], [ 122.037748406000219, 14.440488345000063 ], [ 122.038292914000067, 14.440510429000142 ], [ 122.038722534000158, 14.440292796000165 ], [ 122.038510997000117, 14.439747659999966 ], [ 122.038868288000117, 14.439696727000126 ], [ 122.038965412000152, 14.440040938000095 ], [ 122.039454288000115, 14.439865655000062 ], [ 122.039254655000036, 14.43964225700006 ], [ 122.039725073000227, 14.439310538000086 ], [ 122.039292693000107, 14.438911528000062 ], [ 122.039174883000328, 14.438195051000037 ], [ 122.040001518000054, 14.437091434000138 ], [ 122.040286632000061, 14.435537163000049 ], [ 122.040611584000089, 14.435221262000084 ], [ 122.041087693, 14.435385171000064 ], [ 122.04195668300008, 14.434551014000078 ], [ 122.041816522000317, 14.434135414000139 ], [ 122.040934105000019, 14.433794929000157 ], [ 122.0407217300002, 14.431455185000175 ], [ 122.040740181000047, 14.429651386000046 ], [ 122.041265009000085, 14.428982083000164 ], [ 122.041548915000135, 14.426931801000023 ], [ 122.04350758600026, 14.424596485000052 ], [ 122.044604842000126, 14.424277082000174 ], [ 122.044581865000055, 14.424776472000076 ], [ 122.045632270000056, 14.425123002000191 ], [ 122.045939708000105, 14.423994328000049 ], [ 122.045481099000085, 14.423677198000121 ], [ 122.045904168000106, 14.423176561000162 ], [ 122.045810592000066, 14.422579712000072 ], [ 122.04491435500006, 14.42185751400018 ], [ 122.043193640000027, 14.421225920000154 ], [ 122.042841182000188, 14.420524907000129 ], [ 122.042019993000054, 14.419972624000025 ], [ 122.040400968000085, 14.416240156000072 ], [ 122.040129806000209, 14.416192581000132 ], [ 122.039157854000109, 14.412505669000097 ], [ 122.038310989000138, 14.410504183000057 ], [ 122.037314178000088, 14.409172978000129 ], [ 122.037574347000032, 14.407816764000188 ], [ 122.03714286100012, 14.40672933400009 ], [ 122.037452630000075, 14.406543890000023 ], [ 122.036913303000119, 14.406064125 ], [ 122.036981163000064, 14.404191264000019 ], [ 122.037598157000048, 14.402886820000106 ], [ 122.037136307000083, 14.401961791000076 ], [ 122.037329969000098, 14.401345373000026 ], [ 122.035697235000043, 14.400900349000153 ], [ 122.034557836000317, 14.400004535000107 ], [ 122.034205644000167, 14.398369702000139 ], [ 122.034527095000044, 14.397454207000123 ], [ 122.034230819000186, 14.397438976000046 ], [ 122.03437657500001, 14.396532347000061 ], [ 122.033909991000087, 14.39622007700018 ], [ 122.033560168, 14.394004495000161 ], [ 122.033799940000108, 14.396447545000171 ], [ 122.034220443000208, 14.397272052000062 ], [ 122.033856907000199, 14.398635668000111 ], [ 122.03448365600002, 14.408004105000146 ], [ 122.034213694000073, 14.417217086999983 ], [ 122.03374241500012, 14.420400768000093 ], [ 122.030208765000111, 14.428801112000031 ], [ 122.028250297000113, 14.432573153000135 ], [ 122.026598204000038, 14.438131279000118 ], [ 122.027164504000211, 14.438192826000147 ], [ 122.027509061000046, 14.438739199000111 ], [ 122.028729570000223, 14.442973509000183 ], [ 122.028388800000243, 14.444182985000054 ], [ 122.029253543000095, 14.444513101000041 ], [ 122.029629225000122, 14.445063907000133 ], [ 122.030085286000144, 14.444800452999971 ], [ 122.030652987000053, 14.44536962400008 ], [ 122.031775928000229, 14.44535612500016 ], [ 122.033374484000092, 14.444577880000168 ], [ 122.033184015000074, 14.444429912000146 ], [ 122.033829486000059, 14.443847971000082 ], [ 122.033067719000087, 14.443303122000032 ] ] ], [ [ [ 122.045753601000229, 14.439535866000028 ], [ 122.046669750000092, 14.44033614 ], [ 122.047267847000057, 14.440354009000146 ], [ 122.047459026000183, 14.440057600000046 ], [ 122.047194797000088, 14.439820324000152 ], [ 122.047649510000156, 14.439111131000175 ], [ 122.047079798000027, 14.438790508000011 ], [ 122.047004710000124, 14.438380252000172 ], [ 122.045832928000095, 14.439078800000061 ], [ 122.045753601000229, 14.439535866000028 ] ] ], [ [ [ 122.044903586000146, 14.438188483000033 ], [ 122.044231011000193, 14.43894857500004 ], [ 122.043308907000096, 14.438388535000058 ], [ 122.043306850000022, 14.439348424000173 ], [ 122.043851636000113, 14.439539605000107 ], [ 122.044981105000033, 14.438976891999971 ], [ 122.045251246000134, 14.438643828000124 ], [ 122.044903586000146, 14.438188483000033 ] ] ], [ [ [ 122.038548540000079, 14.399771870000109 ], [ 122.038134342000149, 14.399152767000146 ], [ 122.038015790000259, 14.400523055 ], [ 122.037619403000235, 14.401193166000155 ], [ 122.038061088000063, 14.401645415000189 ], [ 122.03808209400006, 14.402336712000078 ], [ 122.038693866000017, 14.401633951000122 ], [ 122.03826500800028, 14.400884393000069 ], [ 122.038548540000079, 14.399771870000109 ] ] ], [ [ [ 121.826309325000011, 14.306325829000059 ], [ 121.827803262000089, 14.305752057000177 ], [ 121.827880450000066, 14.303600985 ], [ 121.828728100000035, 14.302496193000081 ], [ 121.830438185000048, 14.301989067000079 ], [ 121.83132774600017, 14.302116423000086 ], [ 121.832223185000089, 14.302744412000095 ], [ 121.83354242200005, 14.301785567000081 ], [ 121.834319879000191, 14.300508461000106 ], [ 121.835604015000058, 14.300169874000062 ], [ 121.8372366130003, 14.299114545000066 ], [ 121.838144502000205, 14.299126940000122 ], [ 121.841181727000048, 14.298256124000034 ], [ 121.845041968000146, 14.299270538000087 ], [ 121.847793444000104, 14.299160385000107 ], [ 121.850110929000039, 14.299512437000146 ], [ 121.850985716000082, 14.29994094500006 ], [ 121.851434069000106, 14.299760783000067 ], [ 121.851451686000246, 14.298514331000149 ], [ 121.850620516000049, 14.29774269800015 ], [ 121.850515390000055, 14.294730561000051 ], [ 121.850112909000018, 14.29371355 ], [ 121.848698208000201, 14.293188689000033 ], [ 121.848394439000117, 14.292467092000095 ], [ 121.848354549000078, 14.287674758000094 ], [ 121.848613133000299, 14.28685214900014 ], [ 121.847141983000256, 14.286111647000155 ], [ 121.844702029000018, 14.284139887000094 ], [ 121.844086485000048, 14.28412991600004 ], [ 121.843443043000093, 14.283114617000138 ], [ 121.841937401000223, 14.283500041000082 ], [ 121.841879040000094, 14.282713335000153 ], [ 121.841444951000199, 14.282713815000022 ], [ 121.841435015000229, 14.281645385000104 ], [ 121.840324321000026, 14.28126077800016 ], [ 121.839063543000293, 14.280167358000085 ], [ 121.839210159000345, 14.279837172000157 ], [ 121.83849714400003, 14.279032642000175 ], [ 121.838743093000062, 14.276855898 ], [ 121.839722129000052, 14.274850427999979 ], [ 121.838993787000049, 14.274525993000054 ], [ 121.838825262000228, 14.273815134000131 ], [ 121.83836275800013, 14.273572570000113 ], [ 121.838185817000181, 14.273777958000096 ], [ 121.836059827000099, 14.271749597000053 ], [ 121.835093599000061, 14.271602937000125 ], [ 121.835156271000301, 14.270999687000142 ], [ 121.834786160000135, 14.270517542000164 ], [ 121.834277607000104, 14.270626125000149 ], [ 121.834293487000195, 14.271124544000088 ], [ 121.833770217000051, 14.270775811000078 ], [ 121.833416504000184, 14.269982644000095 ], [ 121.83385859100008, 14.269816526000056 ], [ 121.83379024400017, 14.269522306000056 ], [ 121.831788048000021, 14.26821848700007 ], [ 121.832301256000051, 14.267213247000029 ], [ 121.832772156000146, 14.26279518900003 ], [ 121.832546045000186, 14.261135058000093 ], [ 121.83200270500015, 14.260109820000025 ], [ 121.824050167000109, 14.250264801000128 ], [ 121.822436562000121, 14.249162445000081 ], [ 121.820793190000018, 14.248830264000048 ], [ 121.818613167000194, 14.249549414 ], [ 121.817115538000053, 14.2506421 ], [ 121.817115537000063, 14.252021933000037 ], [ 121.817751982000118, 14.253876356000092 ], [ 121.81991679500004, 14.256789225000148 ], [ 121.820295485000088, 14.259471376000135 ], [ 121.817776545000129, 14.265454502000068 ], [ 121.816401617000224, 14.266179513000111 ], [ 121.816691603000208, 14.267269166000119 ], [ 121.816514527000095, 14.268028481000158 ], [ 121.815937176000034, 14.268486346000145 ], [ 121.81515282700002, 14.268129274000046 ], [ 121.814087444000279, 14.269292579000137 ], [ 121.812387386000182, 14.268763418000106 ], [ 121.811189078000098, 14.268857217000175 ], [ 121.809166376000121, 14.26982737000003 ], [ 121.808611672000211, 14.270544122000047 ], [ 121.807423769000025, 14.270969065000088 ], [ 121.807029423000131, 14.271505028000149 ], [ 121.807327608000037, 14.277662526000142 ], [ 121.806723728000293, 14.278790874000094 ], [ 121.806598623000014, 14.281936042000041 ], [ 121.806053724000094, 14.283074348000127 ], [ 121.806346607000137, 14.283475556000099 ], [ 121.806873311000118, 14.287402286000088 ], [ 121.807756816000165, 14.287992010000039 ], [ 121.808009405, 14.288725490000161 ], [ 121.806385674000012, 14.289058401999966 ], [ 121.80452105300003, 14.291210051000121 ], [ 121.803938405000167, 14.29268184700004 ], [ 121.804395057000079, 14.293766451000067 ], [ 121.805674526000189, 14.294072350000079 ], [ 121.805640067000127, 14.295511030000057 ], [ 121.808346532000087, 14.296938978000071 ], [ 121.810711317000141, 14.297740532000148 ], [ 121.812184423000303, 14.299190447000115 ], [ 121.813886003000221, 14.299998490000121 ], [ 121.815290595000079, 14.301393028 ], [ 121.815648500000179, 14.30346287500015 ], [ 121.822306833000084, 14.303629382000167 ], [ 121.823049168000011, 14.303972498000121 ], [ 121.823504929000137, 14.305056326000113 ], [ 121.825472854000168, 14.306193738000047 ], [ 121.826309325000011, 14.306325829000059 ] ] ], [ [ [ 121.900451154000166, 14.243321913000159 ], [ 121.902357602000166, 14.242985213 ], [ 121.902715128000068, 14.242515327000035 ], [ 121.90102865200015, 14.2428906560001 ], [ 121.899888266000062, 14.242492994000031 ], [ 121.900451154000166, 14.243321913000159 ] ] ], [ [ [ 121.929485403000172, 14.235902975000045 ], [ 121.931725905000121, 14.235417300999984 ], [ 121.934647709000046, 14.233331036000152 ], [ 121.940399923000314, 14.226809147000097 ], [ 121.942270119000341, 14.225300968999989 ], [ 121.945799573000158, 14.220808774000034 ], [ 121.947390219000113, 14.22019948600007 ], [ 121.949032102000047, 14.218238173000032 ], [ 121.950585548000163, 14.217427563000115 ], [ 121.954998273000115, 14.213959559000045 ], [ 121.955846510000015, 14.212792333000095 ], [ 121.955668719000187, 14.211407610000037 ], [ 121.955992020000167, 14.210258601000078 ], [ 121.956532061000189, 14.210086612000168 ], [ 121.957676587000037, 14.210476227000129 ], [ 121.958385722000116, 14.210193726000114 ], [ 121.959411920000321, 14.208971004000034 ], [ 121.95983982700011, 14.207381395000027 ], [ 121.96223954900006, 14.206612648000146 ], [ 121.964461111000219, 14.204993810000133 ], [ 121.964980181000215, 14.20240896100006 ], [ 121.968079971000179, 14.201637898000115 ], [ 121.972216824000043, 14.198480851000113 ], [ 121.975168649000125, 14.195589946999974 ], [ 121.976702071000204, 14.193344763000027 ], [ 121.977414907000025, 14.19314470300003 ], [ 121.983818923000172, 14.187879999000131 ], [ 121.984696126000017, 14.18626939100011 ], [ 121.985783099000173, 14.185902402000011 ], [ 121.988662455000167, 14.183949069000164 ], [ 121.989043721000257, 14.183072811000102 ], [ 121.990112259000057, 14.182022878 ], [ 121.992788551000103, 14.181490581000105 ], [ 121.99385972600021, 14.18053756200004 ], [ 121.995853732000342, 14.179629623000153 ], [ 121.997737350000079, 14.176565966000055 ], [ 121.999550793000139, 14.1756123830001 ], [ 122.002354852000053, 14.17248673500012 ], [ 122.005645862000051, 14.171047746 ], [ 122.006852074000108, 14.17211549100017 ], [ 122.008599892, 14.17136942500008 ], [ 122.009661791000212, 14.169100047000086 ], [ 122.010048192000113, 14.166203615000029 ], [ 122.01139424500002, 14.165295648000154 ], [ 122.012469656000121, 14.163639824000086 ], [ 122.012617465000176, 14.162887333000072 ], [ 122.013198302000319, 14.162535252 ], [ 122.013632552000217, 14.162726210000187 ], [ 122.014453758000286, 14.1608970690001 ], [ 122.015003072000127, 14.160864797999977 ], [ 122.014903968000226, 14.160168024000086 ], [ 122.015349747000073, 14.160108637000064 ], [ 122.019364308000149, 14.156366493000064 ], [ 122.019817700000203, 14.155028926000114 ], [ 122.020723702000055, 14.154240358000095 ], [ 122.021404560000065, 14.1530371610001 ], [ 122.022064712000088, 14.153515473000027 ], [ 122.022199696000143, 14.153271969000173 ], [ 122.022574773000315, 14.153846540000188 ], [ 122.022851471000081, 14.152661822000027 ], [ 122.023335739000231, 14.153172558 ], [ 122.023625318000086, 14.152720867000028 ], [ 122.023393676000296, 14.1521734640001 ], [ 122.024173629000074, 14.151558086000023 ], [ 122.025848182000345, 14.150824077000095 ], [ 122.031054142000016, 14.149536381000132 ], [ 122.037534472000061, 14.144318235000071 ], [ 122.039417417000323, 14.143523852000158 ], [ 122.039490965000027, 14.143106720999981 ], [ 122.040590457, 14.142038337000088 ], [ 122.043826923000097, 14.140833613000041 ], [ 122.045401658000173, 14.139377386000092 ], [ 122.044965496000145, 14.138805230000173 ], [ 122.045479554000053, 14.137657908000108 ], [ 122.04849923300003, 14.134295344000066 ], [ 122.050170254000022, 14.133854317000043 ], [ 122.050685288000182, 14.133432796000079 ], [ 122.052070264, 14.133471312000097 ], [ 122.055854036000028, 14.132249702000081 ], [ 122.057323809000081, 14.132114517000161 ], [ 122.057990811000195, 14.131565435000027 ], [ 122.058373839000069, 14.13167509800013 ], [ 122.061183385000049, 14.129352898000036 ], [ 122.061422457000049, 14.129497419000188 ], [ 122.062552987000231, 14.128158320000125 ], [ 122.066360380000219, 14.125590795000051 ], [ 122.067100801000038, 14.124210106000135 ], [ 122.06823593300021, 14.123846122000032 ], [ 122.068820356000174, 14.123110104000034 ], [ 122.070437641000126, 14.122062989000028 ], [ 122.070975012000076, 14.121044892000043 ], [ 122.072463572000174, 14.1208561360001 ], [ 122.072074194000038, 14.119826577000083 ], [ 122.07138942600011, 14.119175366000093 ], [ 122.071480243000224, 14.118573985000182 ], [ 122.073468477000119, 14.116402627000127 ], [ 122.075686162000011, 14.114598207000029 ], [ 122.076975643000196, 14.114830659000063 ], [ 122.07740833600019, 14.114216436000163 ], [ 122.078690937000033, 14.114853536000112 ], [ 122.079579932000115, 14.114565317000142 ], [ 122.080824741000015, 14.113740666000012 ], [ 122.082465231000015, 14.111507272000154 ], [ 122.08372140400013, 14.110928661000173 ], [ 122.084305615000062, 14.110152639999967 ], [ 122.087203112000225, 14.108916837000152 ], [ 122.088546612000187, 14.107857182000146 ], [ 122.092023142000244, 14.106184846000133 ], [ 122.092434494000031, 14.105328012000143 ], [ 122.09615019100022, 14.103513059000136 ], [ 122.099270457000102, 14.100830595000048 ], [ 122.100794956000072, 14.100738995000142 ], [ 122.103935249000074, 14.098501969000097 ], [ 122.105259551000017, 14.098271049 ], [ 122.105709727000203, 14.097924890000058 ], [ 122.105546429000015, 14.097711250000145 ], [ 122.108910156000206, 14.097063712000022 ], [ 122.109124707000092, 14.096584132000146 ], [ 122.113301415000024, 14.095019160000163 ], [ 122.113637394000193, 14.09436749200006 ], [ 122.114664067000149, 14.093803399000024 ], [ 122.116676134000045, 14.091563405000159 ], [ 122.118356032000179, 14.090620784000066 ], [ 122.119943689000024, 14.090432888000123 ], [ 122.120125934000043, 14.089998759000025 ], [ 122.12226277100001, 14.088981835000084 ], [ 122.124805493000054, 14.088933415000156 ], [ 122.127906086000053, 14.087178908 ], [ 122.130311742000117, 14.084812277000026 ], [ 122.131246399000133, 14.08144864500008 ], [ 122.133296466000047, 14.080092565000143 ], [ 122.134516587, 14.074362522000058 ], [ 122.139388920000101, 14.067521443000089 ], [ 122.140559068000016, 14.066632465000055 ], [ 122.142656866000038, 14.065714033000063 ], [ 122.145924280000145, 14.065657447000035 ], [ 122.149384578000081, 14.065038283000149 ], [ 122.150481129000013, 14.064518172000021 ], [ 122.152703352000117, 14.061786396000116 ], [ 122.15403080800013, 14.060765002000153 ], [ 122.156224953000219, 14.057516097000189 ], [ 122.159038732000113, 14.055800207000118 ], [ 122.160657670000091, 14.054092789000094 ], [ 122.162045844000204, 14.05197722500003 ], [ 122.163687046000064, 14.051155122000125 ], [ 122.165728879000199, 14.049579920000156 ], [ 122.167132959000014, 14.047103595000181 ], [ 122.168457785000214, 14.046454387000097 ], [ 122.170661450000011, 14.046292767000068 ], [ 122.171427349000055, 14.045604130000186 ], [ 122.173411163000083, 14.042245421000189 ], [ 122.174414711000168, 14.038404306000075 ], [ 122.176542481000183, 14.03596535700018 ], [ 122.178739116000088, 14.034947364000061 ], [ 122.17825740700016, 14.034672906000083 ], [ 122.178216256000042, 14.034064873000148 ], [ 122.179314867000016, 14.032373825000036 ], [ 122.179949773000203, 14.03058586100002 ], [ 122.182749251000018, 14.02843689600013 ], [ 122.183642232000238, 14.026739500000019 ], [ 122.184564189000071, 14.025761589000012 ], [ 122.185450739000089, 14.02532385000012 ], [ 122.186709786000051, 14.022931969000012 ], [ 122.186564418000103, 14.020203798000182 ], [ 122.187586033000116, 14.017718972000068 ], [ 122.187923295000019, 14.013842611000086 ], [ 122.189775826000073, 14.010542461000057 ], [ 122.188912514000208, 14.008225593000191 ], [ 122.187325266000016, 14.005848111000148 ], [ 122.186477899000124, 14.005094364 ], [ 122.185542459000203, 14.004871584000057 ], [ 122.18512206000014, 14.004016836000062 ], [ 122.184348347000309, 14.00445828900007 ], [ 122.183841832000098, 14.004135935000022 ], [ 122.182741413000031, 14.004574162000154 ], [ 122.180856915000049, 14.004375742999969 ], [ 122.181241025000077, 14.00471208800019 ], [ 122.180801371000143, 14.004746994000072 ], [ 122.180691920000072, 14.004333107000036 ], [ 122.180010560000142, 14.004173241000103 ], [ 122.180073514000014, 14.003751090000094 ], [ 122.179833496000015, 14.003994459000069 ], [ 122.179561616000115, 14.003584998 ], [ 122.17924243400023, 14.00387142000011 ], [ 122.179274574000033, 14.003409139000098 ], [ 122.178802015000088, 14.00347382800004 ], [ 122.178674516000115, 14.003080587000113 ], [ 122.177790933000097, 14.002915810000047 ], [ 122.17758531000004, 14.002507262 ], [ 122.176766093000197, 14.002367789000118 ], [ 122.175931460000015, 14.001636236000081 ], [ 122.175119837000011, 14.001455506000013 ], [ 122.175108149000152, 14.001819719000082 ], [ 122.174749110000221, 14.001317862 ], [ 122.174427277000291, 14.001664166000069 ], [ 122.174287490000211, 14.001226434000102 ], [ 122.173949252000057, 14.001670999 ], [ 122.173889323000026, 14.001181128999974 ], [ 122.17237735200024, 14.000968662999981 ], [ 122.172064556000123, 14.000672351000162 ], [ 122.171708607000028, 14.000968181000133 ], [ 122.171805950000021, 14.00052828400004 ], [ 122.170900510000251, 14.000205479999977 ], [ 122.169167210000069, 14.000556841000048 ], [ 122.169245605000015, 14.001154563999989 ], [ 122.169022715000096, 14.00102918500005 ], [ 122.168882660000122, 14.001327993000075 ], [ 122.168965485000285, 14.000444549000122 ], [ 122.16749267500029, 14.00005532800003 ], [ 122.16672359100005, 14.000200937000045 ], [ 122.166597972000091, 14.001891071000102 ], [ 122.166218604000164, 14.002214807000087 ], [ 122.166197877000059, 14.002861339999981 ], [ 122.165513136000186, 14.002234390000183 ], [ 122.164834242000325, 14.002730438000185 ], [ 122.164575599000159, 14.002288370000031 ], [ 122.164285986000095, 14.002493990000175 ], [ 122.164213216000121, 14.002150449000055 ], [ 122.163812445000076, 14.002636287000144 ], [ 122.164102973000126, 14.001731801000062 ], [ 122.163165854000113, 14.00077289900014 ], [ 122.159541961000059, 14.001420552000184 ], [ 122.158710643000063, 14.001312026000051 ], [ 122.157381870000108, 14.002515392000134 ], [ 122.157203704000153, 14.004267042000151 ], [ 122.155829409000035, 14.005351831000098 ], [ 122.155911462000176, 14.006021299000054 ], [ 122.15651175500011, 14.006720111000163 ], [ 122.156151044000239, 14.007626890000154 ], [ 122.154379797000161, 14.008830897 ], [ 122.154415123000035, 14.00839346500004 ], [ 122.153583128000037, 14.008538166000051 ], [ 122.153404969, 14.009304284 ], [ 122.153734044000089, 14.01024314100016 ], [ 122.152518449000013, 14.008254939000153 ], [ 122.152581529000031, 14.008986161000053 ], [ 122.152093738000076, 14.009175275000075 ], [ 122.151811735000138, 14.008416340999986 ], [ 122.150823239000033, 14.00865663400009 ], [ 122.151070576000166, 14.009301416000142 ], [ 122.150543774000084, 14.008630376000042 ], [ 122.149408424000171, 14.008854384000074 ], [ 122.149386513000195, 14.007982670000104 ], [ 122.146420476000344, 14.008666098000162 ], [ 122.146100007000086, 14.009058057000175 ], [ 122.146309416, 14.009559529000057 ], [ 122.145747699000026, 14.009245531000033 ], [ 122.144819382000037, 14.009455840000101 ], [ 122.143115278000096, 14.010612981 ], [ 122.141674711000178, 14.012699402000067 ], [ 122.141322991000038, 14.01250511600017 ], [ 122.140724922000231, 14.012904318000153 ], [ 122.140389830000345, 14.012760335000053 ], [ 122.139759220000087, 14.014476028 ], [ 122.139974355000163, 14.015276776000178 ], [ 122.139572626000017, 14.014863630000093 ], [ 122.139515625000058, 14.015434772000106 ], [ 122.139190071000144, 14.015004339000086 ], [ 122.138451679000127, 14.015549039000064 ], [ 122.137510866000184, 14.015626838000173 ], [ 122.137650272000201, 14.016361268000026 ], [ 122.136892783000121, 14.015999216000068 ], [ 122.136115452000013, 14.017104515000142 ], [ 122.136620845000039, 14.017762527000059 ], [ 122.13601107500017, 14.017412697000054 ], [ 122.135670883000103, 14.018186175000096 ], [ 122.135262877000059, 14.018317814000056 ], [ 122.135544684000024, 14.018894180000188 ], [ 122.134936063000055, 14.018255095000143 ], [ 122.133818569000141, 14.018835435000028 ], [ 122.133268509000118, 14.019529711000075 ], [ 122.13334175500006, 14.020244214000115 ], [ 122.131626354000218, 14.019524531000172 ], [ 122.129403076000131, 14.019581452000182 ], [ 122.1282990630001, 14.019919447000177 ], [ 122.126565935000258, 14.019580163000171 ], [ 122.12627189900013, 14.019810508000148 ], [ 122.126360390000059, 14.020394007 ], [ 122.125691997000104, 14.019942663000165 ], [ 122.125194231000137, 14.020606757 ], [ 122.125373063000325, 14.022001547000116 ], [ 122.122740457000077, 14.02426558500008 ], [ 122.122322680000138, 14.024224002000096 ], [ 122.122262825, 14.024579609000114 ], [ 122.121055129000069, 14.025013270000045 ], [ 122.120950487000187, 14.025731062999967 ], [ 122.119799618000229, 14.026607819000048 ], [ 122.119777634000229, 14.027498224000112 ], [ 122.119401676000166, 14.027091071000086 ], [ 122.118597818000126, 14.02756564900011 ], [ 122.118563387000222, 14.027295758000037 ], [ 122.117304100000183, 14.027018902000066 ], [ 122.11747734100004, 14.027020917000129 ], [ 122.117534012000192, 14.026911168000026 ], [ 122.115229943000031, 14.026644775000079 ], [ 122.113597420000247, 14.026760213000045 ], [ 122.113216266000336, 14.027148716000113 ], [ 122.113502084000174, 14.027417649000085 ], [ 122.112671849000321, 14.027374927000096 ], [ 122.112354951000043, 14.028167318000044 ], [ 122.112634731000071, 14.028769290000128 ], [ 122.112015620000079, 14.028947323000182 ], [ 122.112372686000185, 14.029084217000161 ], [ 122.112006797000049, 14.029882811000164 ], [ 122.110645703000046, 14.03019487600011 ], [ 122.109638689, 14.030917683000155 ], [ 122.109802701000035, 14.031149320000054 ], [ 122.109185291000017, 14.031118203000062 ], [ 122.108880636000094, 14.031376194000131 ], [ 122.109046512000077, 14.031512069000144 ], [ 122.108406760000094, 14.03166793500003 ], [ 122.108311383000114, 14.032255089000159 ], [ 122.107962588000191, 14.031996224000125 ], [ 122.107302647000211, 14.032414325000161 ], [ 122.107799793000254, 14.032957362000047 ], [ 122.107419897000113, 14.033522356999981 ], [ 122.107072753000011, 14.033377995000137 ], [ 122.10740320500031, 14.033562596000024 ], [ 122.107242938000127, 14.033897155000091 ], [ 122.106899029000033, 14.033618278000063 ], [ 122.106671677, 14.033994850000113 ], [ 122.107211653000263, 14.03485792500004 ], [ 122.106720839000332, 14.03531205400003 ], [ 122.106971922000071, 14.03579457800015 ], [ 122.10612372300011, 14.037607430000037 ], [ 122.105408914000236, 14.038279662000093 ], [ 122.104981948000045, 14.038201441000069 ], [ 122.105162603000053, 14.038547988000062 ], [ 122.104156623000108, 14.039603549000105 ], [ 122.103649118000135, 14.039776062000101 ], [ 122.103200054000126, 14.039544908000153 ], [ 122.103359775000058, 14.040325282000026 ], [ 122.10299786600001, 14.040055398000106 ], [ 122.102754417000028, 14.040369414000168 ], [ 122.102020874000232, 14.040195507000078 ], [ 122.101598802000126, 14.040525854000123 ], [ 122.101606783000193, 14.041399796000121 ], [ 122.101341981000132, 14.041280485000129 ], [ 122.100721741000143, 14.041998442000079 ], [ 122.100528724000014, 14.041766843000062 ], [ 122.100236123000059, 14.04196059200018 ], [ 122.100189141000101, 14.042679537000083 ], [ 122.099693705000163, 14.042524627000034 ], [ 122.0990045530001, 14.04287963400003 ], [ 122.09903247900013, 14.043360673000109 ], [ 122.09748328000012, 14.044128987000079 ], [ 122.09736387800001, 14.044667034000099 ], [ 122.096730396000225, 14.044525001000181 ], [ 122.096572612000045, 14.044847879000031 ], [ 122.096200206000049, 14.044784777000189 ], [ 122.096365549000097, 14.044411815000046 ], [ 122.095651280000084, 14.044165853000095 ], [ 122.095275780000065, 14.044704550000176 ], [ 122.094951036000225, 14.04432286500014 ], [ 122.094112340000265, 14.045064283000045 ], [ 122.09465032300011, 14.046165896000105 ], [ 122.094275946000153, 14.046120866000138 ], [ 122.093867489000218, 14.045339649000084 ], [ 122.094201526, 14.046254307000083 ], [ 122.093760711000073, 14.0456698160001 ], [ 122.092775402000143, 14.046057539000117 ], [ 122.093115104000049, 14.046769441000038 ], [ 122.093432243000052, 14.046827931000109 ], [ 122.092728302000182, 14.047845737000102 ], [ 122.092742651000208, 14.048674899000162 ], [ 122.092444226000111, 14.049204798000062 ], [ 122.091768643000023, 14.049281846000042 ], [ 122.091349504000164, 14.050498608000169 ], [ 122.091534664000164, 14.050738658000114 ], [ 122.089952520000338, 14.052149310000118 ], [ 122.089871549000122, 14.051801829000055 ], [ 122.088990153000054, 14.051483659000041 ], [ 122.087827347000143, 14.052006205999987 ], [ 122.087800147000166, 14.052429354000026 ], [ 122.087322058000154, 14.051694142000144 ], [ 122.087258711000118, 14.05202519900007 ], [ 122.086721132000321, 14.051652301000104 ], [ 122.085527386000308, 14.051833937000083 ], [ 122.084825100000103, 14.052227419000133 ], [ 122.084745921000035, 14.052600129000041 ], [ 122.084307126000112, 14.052484295000056 ], [ 122.084381635000113, 14.052857035000159 ], [ 122.083613533000175, 14.054031437000162 ], [ 122.082422397000187, 14.054184682000141 ], [ 122.08202717000006, 14.054796130000113 ], [ 122.081388118000177, 14.055036715000028 ], [ 122.081356491000065, 14.056031510000025 ], [ 122.081075575000114, 14.05551204 ], [ 122.081189085000119, 14.055951234000133 ], [ 122.08050193300005, 14.055445642 ], [ 122.079881736000061, 14.055571730000167 ], [ 122.079943528000172, 14.056103146000055 ], [ 122.079442485000186, 14.055752739000127 ], [ 122.078428434000216, 14.055936818000134 ], [ 122.077664577000178, 14.055581680000103 ], [ 122.077042918000188, 14.056030606000093 ], [ 122.076239036000061, 14.05558300500013 ], [ 122.075140694000311, 14.055577688000085 ], [ 122.074783240000102, 14.056331519000025 ], [ 122.07451255400008, 14.056080749000103 ], [ 122.073950180000224, 14.056327160000137 ], [ 122.074484961000167, 14.057703545000038 ], [ 122.074129321000214, 14.057903922000037 ], [ 122.074440073000346, 14.058824553000079 ], [ 122.073941536, 14.059609927000054 ], [ 122.073802630000273, 14.059215600000186 ], [ 122.073565182000038, 14.059395315000074 ], [ 122.074034947000087, 14.060133418000134 ], [ 122.073302075000015, 14.059624929000051 ], [ 122.073379536000061, 14.060421758000189 ], [ 122.07313762900003, 14.060608018000096 ], [ 122.073092207000059, 14.059600143000125 ], [ 122.073741244000189, 14.058678564000161 ], [ 122.072904159000132, 14.057400174000065 ], [ 122.072523467000224, 14.058443849000014 ], [ 122.072107738000227, 14.058032755000113 ], [ 122.070858993000343, 14.060100513000123 ], [ 122.068085416000145, 14.061325711999984 ], [ 122.06794612200008, 14.061649651000039 ], [ 122.066902436000078, 14.06167138100011 ], [ 122.066720822000207, 14.062074436000103 ], [ 122.066347006000115, 14.061819733000107 ], [ 122.064515390000111, 14.062181193000185 ], [ 122.063984138000023, 14.062019407000093 ], [ 122.064136194000184, 14.061599121000143 ], [ 122.062938151000139, 14.062002562000032 ], [ 122.063036874000204, 14.062806998000156 ], [ 122.062330342000337, 14.063345361000017 ], [ 122.062412944000243, 14.063617959000055 ], [ 122.062012744000185, 14.063510754000106 ], [ 122.061989119000259, 14.063913588000048 ], [ 122.061811766000233, 14.063637170000106 ], [ 122.061568333000082, 14.063801511000122 ], [ 122.061711607, 14.064314031000094 ], [ 122.060892827000316, 14.06455865200013 ], [ 122.058320854000044, 14.063717206000149 ], [ 122.056777810000085, 14.064154596000094 ], [ 122.056709569000077, 14.064900229999978 ], [ 122.057021337000265, 14.065386434000061 ], [ 122.056691588000035, 14.065389617000051 ], [ 122.056671970000025, 14.065879435000113 ], [ 122.056353547000072, 14.065951716000143 ], [ 122.056552302000114, 14.066131596000105 ], [ 122.056182045000128, 14.06680506400005 ], [ 122.056656359000272, 14.067269049000117 ], [ 122.056104153000092, 14.066895943000191 ], [ 122.055148978000034, 14.067508763000092 ], [ 122.055387893000102, 14.068525382000075 ], [ 122.054896740000117, 14.068848426000159 ], [ 122.054657031000033, 14.069942798000113 ], [ 122.054358323000201, 14.069870566000191 ], [ 122.053995878000137, 14.070321688000035 ], [ 122.053741515000183, 14.071026037000138 ], [ 122.054124227000216, 14.071890296000163 ], [ 122.053797794000275, 14.072066515000074 ], [ 122.054264415000034, 14.072339205000048 ], [ 122.054160985000067, 14.072607797000103 ], [ 122.053710162000129, 14.072554790000083 ], [ 122.053954326000053, 14.072823914000139 ], [ 122.053035320000049, 14.073448348999989 ], [ 122.053226523000035, 14.074327612 ], [ 122.051929930000142, 14.075040269000112 ], [ 122.05068223700016, 14.074360695000166 ], [ 122.050564117000022, 14.074768531000188 ], [ 122.050287940000089, 14.074762106000094 ], [ 122.050748244000033, 14.075296577000188 ], [ 122.049906029000226, 14.074889793000068 ], [ 122.050123531000281, 14.075576586000125 ], [ 122.049687576000224, 14.075787474000037 ], [ 122.04971213400006, 14.076101363000134 ], [ 122.049079246000133, 14.075918796000053 ], [ 122.048551039000017, 14.076330511000094 ], [ 122.048094178000156, 14.076002740000035 ], [ 122.046636184000135, 14.077039974000058 ], [ 122.045897275000016, 14.079596656000035 ], [ 122.046223929, 14.079991666000069 ], [ 122.045823364000057, 14.079999918000055 ], [ 122.045384111000203, 14.081070250000153 ], [ 122.04552883700012, 14.081349424000109 ], [ 122.044816699000307, 14.082004324000138 ], [ 122.045334400000115, 14.082791426000085 ], [ 122.044834920000312, 14.08266429400004 ], [ 122.044461099000046, 14.083129981000127 ], [ 122.044229939000047, 14.082951363000063 ], [ 122.043793519000019, 14.083595639000066 ], [ 122.041785448000041, 14.084699724000075 ], [ 122.04074225300019, 14.085796681000147 ], [ 122.038813266000034, 14.086528868000073 ], [ 122.039098884000168, 14.086625329000128 ], [ 122.038910417000125, 14.087306017000117 ], [ 122.039611161000039, 14.088424261000114 ], [ 122.039175295000064, 14.088459377000163 ], [ 122.038599763000207, 14.089457123000102 ], [ 122.037825105000024, 14.089878025000132 ], [ 122.037892705000104, 14.09015308000005 ], [ 122.036727340000084, 14.090448149000053 ], [ 122.036410162000152, 14.090122615000098 ], [ 122.034084015000076, 14.090255772000035 ], [ 122.034380182000064, 14.090482610000151 ], [ 122.033828410000183, 14.091274555000041 ], [ 122.033481370000118, 14.090982431000043 ], [ 122.032944907000228, 14.091151878000119 ], [ 122.032745570000088, 14.091626522000126 ], [ 122.032376628000179, 14.091623224000045 ], [ 122.032645591000119, 14.091932008000185 ], [ 122.032288300000118, 14.092228775000137 ], [ 122.032394758, 14.092529498000033 ], [ 122.031528642000012, 14.092769809000117 ], [ 122.02939655900002, 14.094618298000057 ], [ 122.028430030000095, 14.094679688000156 ], [ 122.028368805000127, 14.095309036000174 ], [ 122.027450392000219, 14.095101657000157 ], [ 122.027393574000143, 14.095459545000097 ], [ 122.026462769000091, 14.095585504000155 ], [ 122.025578499000176, 14.095093529 ], [ 122.024638170000117, 14.095278576000112 ], [ 122.023021237000307, 14.094707732000131 ], [ 122.022287566000045, 14.095411066000111 ], [ 122.0220759460002, 14.094981654000094 ], [ 122.021606224000038, 14.094901707000133 ], [ 122.021183288000202, 14.095483511000111 ], [ 122.02071928600003, 14.095391998000082 ], [ 122.020094318000019, 14.095775481000146 ], [ 122.01962878900008, 14.095571838000069 ], [ 122.018404842000223, 14.096841336000125 ], [ 122.01723680900011, 14.097217747000116 ], [ 122.017206714000167, 14.097674128000108 ], [ 122.016916170000059, 14.096944828000176 ], [ 122.016585921000228, 14.097247451000044 ], [ 122.016218782000124, 14.096854304000146 ], [ 122.016192206000028, 14.097157584000172 ], [ 122.015103184000054, 14.09722487300013 ], [ 122.015024594000124, 14.097836303000122 ], [ 122.014757411000119, 14.097231116000046 ], [ 122.014404053000021, 14.097355286000038 ], [ 122.014642660000277, 14.096905851000031 ], [ 122.01409646500008, 14.097120978000191 ], [ 122.013709260000155, 14.096010119000027 ], [ 122.01291289600033, 14.095150512000032 ], [ 122.011767535000331, 14.095049239000105 ], [ 122.010692530000142, 14.095738985000139 ], [ 122.01059590300008, 14.096233177000158 ], [ 122.010819616000163, 14.096784595000145 ], [ 122.011842500000057, 14.097269885000117 ], [ 122.011523194000119, 14.098913195000023 ], [ 122.010882156000207, 14.100072868000154 ], [ 122.010283193000078, 14.100053890000027 ], [ 122.011079884000196, 14.098658337000074 ], [ 122.010066387000052, 14.100336017000188 ], [ 122.008911957, 14.099691634000067 ], [ 122.009087353000268, 14.099249972000109 ], [ 122.008763092000208, 14.099067076000097 ], [ 122.008534595000015, 14.099445620000154 ], [ 122.00660087000017, 14.098497902000076 ], [ 122.01003723000008, 14.10039824800009 ], [ 122.009188610000024, 14.101857521000113 ], [ 122.009888849000163, 14.100735593000024 ], [ 122.010190828000191, 14.10074273000015 ], [ 122.01030642, 14.101320298000189 ], [ 122.00982897900019, 14.10192519900005 ], [ 122.00938579700005, 14.101922046000027 ], [ 122.009432782000204, 14.102844887000117 ], [ 122.008984997000198, 14.102777387 ], [ 122.008817062000048, 14.10213789900007 ], [ 122.008637902000146, 14.103158280000173 ], [ 122.007677566000098, 14.103876343000024 ], [ 122.006920438000293, 14.103887539000027 ], [ 122.00611197700016, 14.104407087000027 ], [ 122.005916600000205, 14.104108621000023 ], [ 122.005698244000087, 14.104561681000064 ], [ 122.005304278000153, 14.104441323 ], [ 122.00516197200011, 14.104762380000011 ], [ 122.005825472000083, 14.105332657000076 ], [ 122.005517811000118, 14.10560629400004 ], [ 122.004851979000136, 14.105133860000024 ], [ 122.004379382000025, 14.105211285000166 ], [ 122.003986734000023, 14.105850391999979 ], [ 122.004311908000091, 14.106325412000047 ], [ 122.003978482000093, 14.106177385000137 ], [ 122.003187013000229, 14.107288467000046 ], [ 122.002604701000223, 14.107178222000073 ], [ 122.002150733000121, 14.107773532000124 ], [ 122.002283509000108, 14.108073034000029 ], [ 122.002024677, 14.107840709000072 ], [ 122.001615997000044, 14.108008059999975 ], [ 122.00149694900017, 14.10845667000018 ], [ 122.000599169000111, 14.108181472000126 ], [ 121.999888282000029, 14.10862550000013 ], [ 121.999049824000167, 14.108361841000033 ], [ 121.998811285000215, 14.109058072000039 ], [ 121.998600053000132, 14.108575679000182 ], [ 121.998249071000032, 14.108797212000127 ], [ 121.997478222000154, 14.10879825100011 ], [ 121.997076499000173, 14.108452319999969 ], [ 121.996764508000069, 14.108645465000052 ], [ 121.996809425000151, 14.107833551000056 ], [ 121.996410079000157, 14.107214586000055 ], [ 121.99607728, 14.107337443 ], [ 121.996336795000047, 14.107078580000177 ], [ 121.996408005000148, 14.105407636000109 ], [ 121.995178080000073, 14.105212711999968 ], [ 121.994066298000121, 14.105817645000059 ], [ 121.993713199000126, 14.106711024000163 ], [ 121.99268421100021, 14.107336805000159 ], [ 121.99273350600015, 14.107871951 ], [ 121.992440202000012, 14.107672313000023 ], [ 121.991191275, 14.108537228000102 ], [ 121.990992886000186, 14.108873328000186 ], [ 121.991422268000179, 14.10936021800012 ], [ 121.990710080000213, 14.109134271000187 ], [ 121.990335830000163, 14.109817867000061 ], [ 121.98991844000011, 14.109341235999977 ], [ 121.989318349000087, 14.109476828000027 ], [ 121.989478390000045, 14.109966352000015 ], [ 121.989035625000156, 14.109883836000108 ], [ 121.988885341000127, 14.110649926000121 ], [ 121.988217944000098, 14.109957575000124 ], [ 121.988109204000125, 14.110514192000039 ], [ 121.987397839000323, 14.110508665000054 ], [ 121.985292176000144, 14.111868205000064 ], [ 121.984530627000026, 14.112723928000094 ], [ 121.984284170000024, 14.113612334000095 ], [ 121.980923500000131, 14.116375683000172 ], [ 121.978384176000191, 14.119219533000091 ], [ 121.975508012000205, 14.121438229000034 ], [ 121.974632539000027, 14.122640965000073 ], [ 121.974724752000043, 14.123608404000095 ], [ 121.974155348000068, 14.125919843000077 ], [ 121.972885079000207, 14.125482631000182 ], [ 121.971247289000189, 14.12601930500017 ], [ 121.970643183000107, 14.126442987000019 ], [ 121.970175329000313, 14.127364395000086 ], [ 121.966236338000272, 14.130939597000122 ], [ 121.963286907000224, 14.137023017000047 ], [ 121.961358370000085, 14.138906070000132 ], [ 121.962127563000081, 14.139691526000149 ], [ 121.961542486000212, 14.14022409100005 ], [ 121.961360990000117, 14.141319138000142 ], [ 121.959950549000041, 14.142965795000066 ], [ 121.95830462400022, 14.142967401000021 ], [ 121.957189553000035, 14.143794937999985 ], [ 121.956925144000138, 14.14424504800013 ], [ 121.957176877000052, 14.145198879000077 ], [ 121.956397253000205, 14.146723173999987 ], [ 121.955278164000106, 14.147780123000132 ], [ 121.953908092, 14.148161235000032 ], [ 121.953486984000051, 14.150865434000082 ], [ 121.952357233000043, 14.151437265000027 ], [ 121.950980600000094, 14.150698255000179 ], [ 121.949962503000165, 14.151023414000178 ], [ 121.949348356000087, 14.152708940000025 ], [ 121.94974903800005, 14.153640964000033 ], [ 121.949212634000219, 14.156122467000102 ], [ 121.947903016000055, 14.157035652000047 ], [ 121.94643764500006, 14.158775632000129 ], [ 121.945704077000073, 14.158956980000085 ], [ 121.944780702000116, 14.15858169500018 ], [ 121.944660706000036, 14.159637786000076 ], [ 121.943930063000039, 14.160585619000074 ], [ 121.943563548000157, 14.162518594000062 ], [ 121.942728648000184, 14.164458765000063 ], [ 121.940215395000109, 14.166693193000071 ], [ 121.939053422000029, 14.168985998000153 ], [ 121.937463237000202, 14.17062617400012 ], [ 121.937069310000197, 14.173117153000078 ], [ 121.935854588000211, 14.175632757000017 ], [ 121.934294497000224, 14.177907739000148 ], [ 121.933137426000144, 14.181225254000083 ], [ 121.930158774, 14.18515941000004 ], [ 121.929421100000127, 14.187818016000051 ], [ 121.926423828000111, 14.191190359000132 ], [ 121.924995154000044, 14.192218573000105 ], [ 121.924349285000289, 14.191913377000105 ], [ 121.923320431000093, 14.192098755000131 ], [ 121.922004899000285, 14.193666562000089 ], [ 121.92119038400017, 14.19299332300011 ], [ 121.919980054, 14.193152670000018 ], [ 121.919435823000185, 14.193686727000113 ], [ 121.919388925000021, 14.195106076 ], [ 121.917906539000114, 14.195346224000161 ], [ 121.916219764000061, 14.194639648000134 ], [ 121.91543785600004, 14.193633365000096 ], [ 121.915736256000059, 14.192692274000137 ], [ 121.916715084000089, 14.192034488000047 ], [ 121.917550217000098, 14.189712363000069 ], [ 121.918238750000341, 14.189510152000082 ], [ 121.918167867000079, 14.188739781000038 ], [ 121.917311436000205, 14.187816870000177 ], [ 121.915984090000165, 14.187230408000119 ], [ 121.91517315700014, 14.187385356000163 ], [ 121.914137637000067, 14.188181898000153 ], [ 121.913905674000148, 14.189784601000156 ], [ 121.912775306000071, 14.191471433000117 ], [ 121.912843628000019, 14.19372805200004 ], [ 121.913668703000099, 14.196293873000172 ], [ 121.916535568000086, 14.200717641999972 ], [ 121.917506202000141, 14.203240623000113 ], [ 121.917632527000023, 14.204463143000169 ], [ 121.917073768000023, 14.206169906000071 ], [ 121.917095605000213, 14.207197949000147 ], [ 121.919633641000019, 14.21108226900003 ], [ 121.920834273000082, 14.214577527000017 ], [ 121.9210493180002, 14.217021407000061 ], [ 121.921889164000049, 14.218878755000105 ], [ 121.924611215000141, 14.222362450000162 ], [ 121.926381365000225, 14.231021883000153 ], [ 121.927763134000088, 14.232368871 ], [ 121.928882476000126, 14.235675481000044 ], [ 121.929485403000172, 14.235902975000045 ] ] ], [ [ [ 122.148081853000235, 14.17697707200017 ], [ 122.149785338000015, 14.176905174000069 ], [ 122.148445805000165, 14.174373948000039 ], [ 122.149293774000057, 14.172764893000078 ], [ 122.150099711000053, 14.172431743000061 ], [ 122.150251962000084, 14.171478476000118 ], [ 122.149997233000136, 14.171444669000095 ], [ 122.149905036000177, 14.17061938300003 ], [ 122.150416984000117, 14.170621724000114 ], [ 122.15053424000007, 14.170070566000163 ], [ 122.150232775000063, 14.170153624000079 ], [ 122.150623626000311, 14.169170620000102 ], [ 122.148639128000241, 14.170778377000033 ], [ 122.147060948000103, 14.173160503000133 ], [ 122.147607008000136, 14.174175169000023 ], [ 122.147759955000083, 14.176603218000139 ], [ 122.148081853000235, 14.17697707200017 ] ] ], [ [ [ 122.107344866000062, 14.032968698000104 ], [ 122.107308293000074, 14.032747726000139 ], [ 122.107167706000268, 14.032927789000041 ], [ 122.107344866000062, 14.032968698000104 ] ] ], [ [ [ 122.193991162000316, 13.961216654000111 ], [ 122.19531419100008, 13.961655939000082 ], [ 122.194800724000174, 13.961246616999972 ], [ 122.193991162000316, 13.961216654000111 ] ] ], [ [ [ 122.197892768000202, 13.959411758000158 ], [ 122.197380035000151, 13.959948065 ], [ 122.197439841000119, 13.960108917000184 ], [ 122.198151608000103, 13.959798395000064 ], [ 122.197892768000202, 13.959411758000158 ] ] ], [ [ [ 121.717701174000013, 13.944851294000102 ], [ 121.716413813000031, 13.945397735000142 ], [ 121.716342870000062, 13.946875930000147 ], [ 121.717054696000218, 13.949505271000191 ], [ 121.715902360000086, 13.951893277000067 ], [ 121.717219284000294, 13.951567702000034 ], [ 121.719275703000221, 13.950328877000118 ], [ 121.720280748000164, 13.948719954000126 ], [ 121.719754862000173, 13.946181338000031 ], [ 121.719124612000201, 13.945183454000073 ], [ 121.717701174000013, 13.944851294000102 ] ] ], [ [ [ 122.21631190800008, 13.945087338000121 ], [ 122.216757943000175, 13.944596916000023 ], [ 122.216365401000189, 13.942866675000118 ], [ 122.215340202000334, 13.943778789000135 ], [ 122.214394633000211, 13.943941756000186 ], [ 122.214967619000163, 13.944779698000048 ], [ 122.21631190800008, 13.945087338000121 ] ] ], [ [ [ 121.754072154000028, 13.943664085000023 ], [ 121.753634144000216, 13.943619097000067 ], [ 121.753469493000011, 13.943871988000126 ], [ 121.753963454000086, 13.943996100000049 ], [ 121.754072154000028, 13.943664085000023 ] ] ], [ [ [ 121.781784341000161, 13.879221151000081 ], [ 121.780700731000024, 13.879301482000074 ], [ 121.780618503000142, 13.87974887900009 ], [ 121.781109652000168, 13.879824083000074 ], [ 121.781488489000026, 13.880389945000161 ], [ 121.782223594000016, 13.880247506000046 ], [ 121.782873307000045, 13.880699467 ], [ 121.783664852000015, 13.880506949999983 ], [ 121.784091369000066, 13.881472177000035 ], [ 121.784364584000059, 13.883469095 ], [ 121.784110341000201, 13.886054590000185 ], [ 121.7845680060002, 13.889226437000161 ], [ 121.784351160000142, 13.890169422000099 ], [ 121.784718616000191, 13.890541373000076 ], [ 121.7848345660002, 13.892309975000046 ], [ 121.785193924000055, 13.892362561000141 ], [ 121.787136399000133, 13.894421427000111 ], [ 121.787475315000052, 13.895299009000098 ], [ 121.788488930000199, 13.896389401000079 ], [ 121.788793585000121, 13.898610398000073 ], [ 121.790096635000054, 13.89974573100011 ], [ 121.790520455000205, 13.901227029000097 ], [ 121.790275098000052, 13.902738773000124 ], [ 121.789636859000098, 13.904164959000184 ], [ 121.789814864000164, 13.905999676000022 ], [ 121.78926100700005, 13.906895973000189 ], [ 121.787193763000118, 13.908793131000152 ], [ 121.785990217000176, 13.909322225000039 ], [ 121.78370312200002, 13.909541626000191 ], [ 121.783101492000128, 13.909097215000088 ], [ 121.783363258000122, 13.908639776000143 ], [ 121.782780361000164, 13.908818265000093 ], [ 121.783048498000198, 13.908311215000083 ], [ 121.782573075000073, 13.907978342000149 ], [ 121.781800361000023, 13.908135352000158 ], [ 121.781180745000142, 13.908690918000104 ], [ 121.780237006000107, 13.907891504000077 ], [ 121.779553544, 13.908030568000186 ], [ 121.778808080000204, 13.906569604000083 ], [ 121.777932346000057, 13.906394020000164 ], [ 121.778214860000162, 13.905294016000084 ], [ 121.777904862000014, 13.905151151000098 ], [ 121.778081266000072, 13.904413739000177 ], [ 121.77772040100001, 13.904086809000091 ], [ 121.777513094000142, 13.903071508000039 ], [ 121.776743807000344, 13.902758588999973 ], [ 121.775327665000077, 13.901384999000015 ], [ 121.775167984000063, 13.902290236000056 ], [ 121.77358063600002, 13.902118748000078 ], [ 121.773230292000335, 13.90108127000002 ], [ 121.77256262700007, 13.900455146000127 ], [ 121.772542647000023, 13.899875915000052 ], [ 121.772033901000214, 13.899680417000013 ], [ 121.771724085000187, 13.89839080600018 ], [ 121.77275112700022, 13.8968651940001 ], [ 121.770569291000015, 13.896542542000191 ], [ 121.770290065000154, 13.896325275000095 ], [ 121.770396956000013, 13.895357703000116 ], [ 121.770038845000158, 13.895060860000171 ], [ 121.768644127000016, 13.895197674000144 ], [ 121.767802046000043, 13.89436834900016 ], [ 121.765820509000037, 13.894255092000094 ], [ 121.765594267000097, 13.893526939000026 ], [ 121.764980712000238, 13.893286831000012 ], [ 121.764724844000057, 13.893635969000115 ], [ 121.763881903000197, 13.893558219000113 ], [ 121.762574765000068, 13.893209678000119 ], [ 121.762032298, 13.892502563000164 ], [ 121.76153256200007, 13.892935984000019 ], [ 121.760339628000111, 13.892544526000165 ], [ 121.760171080000191, 13.891958589000069 ], [ 121.758510549000221, 13.890484090000029 ], [ 121.759226061000049, 13.889357652000115 ], [ 121.758155389000081, 13.888019327000109 ], [ 121.756429216000015, 13.890918101000125 ], [ 121.75579975100004, 13.891361974 ], [ 121.755593108000085, 13.891205898000067 ], [ 121.75563420200001, 13.891455416000099 ], [ 121.754762160000155, 13.891542976999972 ], [ 121.75477619000003, 13.890764520000118 ], [ 121.755850978000012, 13.889345929000115 ], [ 121.756124117000127, 13.887952486000188 ], [ 121.756123753000111, 13.886978394000039 ], [ 121.755622813000059, 13.886757140000043 ], [ 121.755551214000207, 13.886147134 ], [ 121.75631069800022, 13.885760738000045 ], [ 121.756396782000024, 13.885306846000105 ], [ 121.755059472000198, 13.88459684500009 ], [ 121.754753324000148, 13.883656438000173 ], [ 121.753936312000178, 13.883523352000168 ], [ 121.752988678000065, 13.884814970000093 ], [ 121.751751154000203, 13.884566991000099 ], [ 121.751749453000116, 13.883916385000077 ], [ 121.750938463000011, 13.884475703000021 ], [ 121.750075210000091, 13.884571872000038 ], [ 121.748688050000055, 13.88586245099998 ], [ 121.748519231000046, 13.888062640000044 ], [ 121.747535896000159, 13.888507212000093 ], [ 121.746129613000221, 13.88791217500011 ], [ 121.745418838000091, 13.888094172000024 ], [ 121.745331878000229, 13.888918467000053 ], [ 121.743898323000167, 13.889633645000117 ], [ 121.743847425000013, 13.890641299000151 ], [ 121.743010779000087, 13.890904164000176 ], [ 121.742914719000169, 13.891476403000183 ], [ 121.741830151000158, 13.891861501000051 ], [ 121.741815661000146, 13.892195890000096 ], [ 121.742246772000044, 13.892074140000148 ], [ 121.742156264000187, 13.892923035000138 ], [ 121.740537546000041, 13.895372038000176 ], [ 121.741727148000223, 13.89300918400005 ], [ 121.741511364000075, 13.892900578000138 ], [ 121.740178255000046, 13.895308920000105 ], [ 121.740465443000176, 13.895484083000099 ], [ 121.739591142000222, 13.896793558000184 ], [ 121.739435238000283, 13.899189192000165 ], [ 121.738676330000203, 13.900150689000043 ], [ 121.742214275000265, 13.900527263000129 ], [ 121.742429625000113, 13.901570965000133 ], [ 121.743549365000035, 13.901754311000047 ], [ 121.744061661000046, 13.902436536999971 ], [ 121.743829179000159, 13.90328471700019 ], [ 121.739895032000163, 13.901730603000033 ], [ 121.739592616000209, 13.901808989000131 ], [ 121.739586283000108, 13.902228579 ], [ 121.743168816000093, 13.90319845900018 ], [ 121.744976026000245, 13.904079859000092 ], [ 121.744755941000108, 13.904128044000061 ], [ 121.744820885000081, 13.905201630000079 ], [ 121.743880759000149, 13.906130770000061 ], [ 121.74264383600007, 13.905864898000061 ], [ 121.742327168000088, 13.906118500000105 ], [ 121.742483935000223, 13.906964403000188 ], [ 121.743995503000065, 13.906755350000026 ], [ 121.744264690000023, 13.907325799000034 ], [ 121.744139617000087, 13.907922143 ], [ 121.742617644, 13.90915305599998 ], [ 121.742560650000087, 13.909647957000175 ], [ 121.744401375000052, 13.909324458000128 ], [ 121.745970487000022, 13.908271598000056 ], [ 121.746068532000095, 13.909066150000058 ], [ 121.746243051000192, 13.908747382000172 ], [ 121.746347753, 13.909027656000092 ], [ 121.746765, 13.908762791000129 ], [ 121.747029933000135, 13.909382644000175 ], [ 121.746660280000015, 13.909470415000044 ], [ 121.746904844000142, 13.910303528000156 ], [ 121.746357498000179, 13.910686967000174 ], [ 121.746650985000201, 13.910843321000129 ], [ 121.746099948000165, 13.910944659000165 ], [ 121.746514930000217, 13.911308079000037 ], [ 121.745122665000054, 13.910961881000162 ], [ 121.745051956000111, 13.912058311000123 ], [ 121.744137385000045, 13.912519433000057 ], [ 121.742377267000052, 13.9121871050001 ], [ 121.742585086000304, 13.912550543000179 ], [ 121.744149828000104, 13.912764097999968 ], [ 121.744505195000102, 13.913098279 ], [ 121.743988652000098, 13.915069951000078 ], [ 121.741994896000165, 13.916453947000036 ], [ 121.741291114000205, 13.916412789000162 ], [ 121.738700727000037, 13.917717539000137 ], [ 121.738294751000012, 13.918205531000183 ], [ 121.738285478000194, 13.919171616000085 ], [ 121.738560059000065, 13.919569889000059 ], [ 121.739232996000055, 13.919155116000127 ], [ 121.74028571600013, 13.919308852000086 ], [ 121.741333011000052, 13.919925657000022 ], [ 121.742091874000039, 13.921016210000118 ], [ 121.742867815000182, 13.920512602000031 ], [ 121.743590225000048, 13.920489380000049 ], [ 121.744372519000194, 13.920958948000191 ], [ 121.745149213000104, 13.920831610000107 ], [ 121.745617286000197, 13.92108522500007 ], [ 121.746083229000078, 13.920378842000162 ], [ 121.7461377300001, 13.920735147000016 ], [ 121.746921596000107, 13.92083317099997 ], [ 121.748781215000236, 13.919917176000126 ], [ 121.749301034000041, 13.920453602000123 ], [ 121.750073679000025, 13.920528278000063 ], [ 121.750279772000113, 13.921133263000115 ], [ 121.750911157000246, 13.921308568000143 ], [ 121.750848825000048, 13.921635933000118 ], [ 121.751195322000058, 13.921595439000157 ], [ 121.751703643000269, 13.922167928000022 ], [ 121.751580159000014, 13.923250822000114 ], [ 121.75201813700005, 13.923284943000169 ], [ 121.752153998000153, 13.922990158 ], [ 121.75211085300009, 13.92348818500011 ], [ 121.752843812000037, 13.923238499000036 ], [ 121.753224269000157, 13.924046813000132 ], [ 121.752927650000061, 13.925008792000085 ], [ 121.751993022000192, 13.925093083000036 ], [ 121.751997827000082, 13.925429755000152 ], [ 121.751639766000039, 13.9252668580001 ], [ 121.75100038800008, 13.925633024000035 ], [ 121.751032103000171, 13.925930764000157 ], [ 121.752627799000038, 13.926382506000039 ], [ 121.752855845000227, 13.926719174000027 ], [ 121.753279794000036, 13.926628758000163 ], [ 121.753185064000036, 13.927155593000123 ], [ 121.752934547000336, 13.927169628000172 ], [ 121.753260178000232, 13.927446109000186 ], [ 121.753069096000218, 13.928008797000018 ], [ 121.75361349100001, 13.927916818000142 ], [ 121.753753189, 13.927488178000033 ], [ 121.75467543000002, 13.928660198000046 ], [ 121.753822219000085, 13.929791991000116 ], [ 121.753244161000225, 13.931808058000058 ], [ 121.753731528000117, 13.932588682000187 ], [ 121.754152281000188, 13.932615165000129 ], [ 121.753970820000063, 13.932834944000092 ], [ 121.754361449000271, 13.933300602000088 ], [ 121.754033963000211, 13.934033299000077 ], [ 121.75423632400009, 13.934391789000074 ], [ 121.753472641000144, 13.934618831000023 ], [ 121.753631645000155, 13.93505681400012 ], [ 121.752443811000035, 13.934712382000043 ], [ 121.748641367000232, 13.936705326000094 ], [ 121.747440791000031, 13.935588976000076 ], [ 121.747191301000157, 13.935941187000026 ], [ 121.747994392000237, 13.936487036000131 ], [ 121.747686760000192, 13.936966212000186 ], [ 121.7466024470001, 13.936300637000102 ], [ 121.746100689000173, 13.936858563000044 ], [ 121.74656959500021, 13.937387308000041 ], [ 121.746116983000093, 13.938201337000123 ], [ 121.746256493000033, 13.938519640000095 ], [ 121.747652185000106, 13.938426039000092 ], [ 121.747796515000118, 13.938824236000073 ], [ 121.747783843000093, 13.939548219000187 ], [ 121.747175821000269, 13.940180744000031 ], [ 121.746872902000177, 13.941586788000052 ], [ 121.747320215000173, 13.942244707000043 ], [ 121.747818700000266, 13.942334834000121 ], [ 121.748568508000176, 13.940961806000189 ], [ 121.749007658000096, 13.94090882800009 ], [ 121.749661633000073, 13.941093809 ], [ 121.749628783000048, 13.942101251000054 ], [ 121.749946229000216, 13.942511857999989 ], [ 121.752284459000066, 13.941962255000078 ], [ 121.752927239000087, 13.942226565000112 ], [ 121.753352136000331, 13.942914034000069 ], [ 121.753215309000097, 13.942172379000056 ], [ 121.75443008700006, 13.941588774000024 ], [ 121.754462242000045, 13.94195030100019 ], [ 121.754531104000193, 13.941704505000075 ], [ 121.755305378000116, 13.942228559000114 ], [ 121.755443163000109, 13.941998304000151 ], [ 121.75546737600007, 13.942406599000094 ], [ 121.755715744000327, 13.942134317000125 ], [ 121.755084501000056, 13.943221805000064 ], [ 121.755591005000042, 13.943297913000094 ], [ 121.756211181000026, 13.942852879000043 ], [ 121.758088586000213, 13.94257659900012 ], [ 121.758267081000099, 13.941639843000075 ], [ 121.758920935000219, 13.941989264000085 ], [ 121.76068814700011, 13.941412200000173 ], [ 121.760538115000145, 13.940740303000041 ], [ 121.761249191000161, 13.94064497800008 ], [ 121.761396104000141, 13.94129554400007 ], [ 121.762096661000101, 13.941257731000064 ], [ 121.763111673000026, 13.940076582000131 ], [ 121.763489384000081, 13.940984785000069 ], [ 121.765164202000165, 13.940809568000191 ], [ 121.765852461, 13.939797671000065 ], [ 121.767454971000234, 13.939507684000148 ], [ 121.769804979000014, 13.939631700000064 ], [ 121.770220112000175, 13.939100035000081 ], [ 121.771201351000059, 13.938834899000142 ], [ 121.771720456000139, 13.939124372000038 ], [ 121.772373732, 13.938633632000119 ], [ 121.774635271000193, 13.938781611000024 ], [ 121.774797907000107, 13.938444615000037 ], [ 121.775244444, 13.93880075800007 ], [ 121.775858694000021, 13.938670182000124 ], [ 121.776208196000198, 13.938229999000043 ], [ 121.776590198, 13.938533567000093 ], [ 121.776653237000119, 13.938306606000026 ], [ 121.777658482000106, 13.938493799000184 ], [ 121.780544431000067, 13.937660817000165 ], [ 121.780619224000134, 13.937367120000147 ], [ 121.781256025000289, 13.937660550000089 ], [ 121.781420438000168, 13.937423842000044 ], [ 121.78171735900014, 13.937966875000086 ], [ 121.785081675000129, 13.937036712000122 ], [ 121.786675304000028, 13.93788587500012 ], [ 121.787533144, 13.937998154000127 ], [ 121.78821930200013, 13.93879195500017 ], [ 121.789030107000144, 13.938712851 ], [ 121.789378208000244, 13.939213054999982 ], [ 121.79037713300022, 13.938766612999984 ], [ 121.789296597000202, 13.938612078000119 ], [ 121.788788851000049, 13.937967782999976 ], [ 121.788716860000022, 13.937479878000033 ], [ 121.789456729000108, 13.936141857999985 ], [ 121.788513304000048, 13.935534971000152 ], [ 121.788681963000272, 13.935044650000179 ], [ 121.79004821400008, 13.934356500999968 ], [ 121.790248858000155, 13.933123254000179 ], [ 121.791057603000013, 13.932040240999982 ], [ 121.788853110000105, 13.931324153999981 ], [ 121.788705514000185, 13.930637317999981 ], [ 121.788043031000029, 13.9301263750001 ], [ 121.788961724000046, 13.92800308 ], [ 121.790386369000089, 13.927389518000041 ], [ 121.791325816000267, 13.926058081000122 ], [ 121.791776402000096, 13.92455150700016 ], [ 121.791078858000105, 13.923502787000075 ], [ 121.791361802000097, 13.922140797000168 ], [ 121.790483118000225, 13.921105266000041 ], [ 121.789559177000228, 13.921373954000046 ], [ 121.789549370000032, 13.921116471000175 ], [ 121.788981395000178, 13.921163948000071 ], [ 121.7897169700002, 13.919595502000163 ], [ 121.789641361000122, 13.91912966700005 ], [ 121.788878816000306, 13.918697285000178 ], [ 121.788181752000014, 13.918863873000134 ], [ 121.78768288300023, 13.918078508000065 ], [ 121.787805530000014, 13.91750878199997 ], [ 121.788849122000215, 13.917030311000076 ], [ 121.787797540000042, 13.916606240000078 ], [ 121.786910374000172, 13.914045625000085 ], [ 121.786239581000018, 13.914004750000117 ], [ 121.786049251, 13.913474649000079 ], [ 121.785374636000142, 13.91305725899997 ], [ 121.786112407000132, 13.91169974100012 ], [ 121.785343761000149, 13.910618640000109 ], [ 121.785850722000077, 13.910853021000037 ], [ 121.78644383000028, 13.910223041000165 ], [ 121.787035534000211, 13.910098832000074 ], [ 121.787619619000111, 13.91031567400006 ], [ 121.787592456000084, 13.910834148000163 ], [ 121.788357867000286, 13.911024860000168 ], [ 121.790780588000075, 13.910133218999988 ], [ 121.79313963300001, 13.911363449000191 ], [ 121.793822490000252, 13.911236113000143 ], [ 121.795685105000075, 13.909416158999989 ], [ 121.796239900000046, 13.90821395800009 ], [ 121.797808377000138, 13.906369870000105 ], [ 121.798723650000056, 13.905836043000079 ], [ 121.798054298000125, 13.904314906000081 ], [ 121.798910144000047, 13.903193253000097 ], [ 121.79882757900009, 13.902781796000056 ], [ 121.799542587000019, 13.901883308000151 ], [ 121.800118665000127, 13.900354326000127 ], [ 121.801787747000049, 13.899526943000126 ], [ 121.802162995000117, 13.898940806000041 ], [ 121.801541893000149, 13.898171339000044 ], [ 121.801560563000066, 13.897382331000131 ], [ 121.800855627000033, 13.895849980000094 ], [ 121.801289275000158, 13.894763166000075 ], [ 121.7977272090003, 13.889894684000126 ], [ 121.797470258000089, 13.888992927 ], [ 121.796141681000222, 13.887502268000048 ], [ 121.795376121000118, 13.886040089000119 ], [ 121.795388564000177, 13.885472487000072 ], [ 121.79576230400005, 13.885089378999965 ], [ 121.793042404000062, 13.882072660000063 ], [ 121.79303743000014, 13.881517440000096 ], [ 121.792205956000089, 13.880078440999966 ], [ 121.791382006000163, 13.87975422500017 ], [ 121.786424187000193, 13.880374281000115 ], [ 121.785730124000224, 13.879971562000094 ], [ 121.783318076000114, 13.880001605000189 ], [ 121.781952397000055, 13.879571762000069 ], [ 121.781784341000161, 13.879221151000081 ] ] ], [ [ [ 121.751486567000256, 13.942751098000087 ], [ 121.751332659000127, 13.942575350000084 ], [ 121.751295824000067, 13.942712248000078 ], [ 121.751486567000256, 13.942751098000087 ] ] ], [ [ [ 121.803058623000197, 13.941850359000057 ], [ 121.802958396, 13.941423322 ], [ 121.802888543000108, 13.94145444600008 ], [ 121.803058623000197, 13.941850359000057 ] ] ], [ [ [ 121.803652986000088, 13.941232791000118 ], [ 121.804050535000215, 13.940869016000136 ], [ 121.803787990000046, 13.940619974000128 ], [ 121.803521955000178, 13.940793364000115 ], [ 121.803652986000088, 13.941232791000118 ] ] ], [ [ [ 121.799429192000048, 13.920998732000101 ], [ 121.801939295000125, 13.922062591000099 ], [ 121.80308260400011, 13.921666750000099 ], [ 121.802592788000084, 13.921307648000095 ], [ 121.800685313000145, 13.921446905000153 ], [ 121.799429192000048, 13.920998732000101 ] ] ], [ [ [ 121.778655386000196, 13.900057728000093 ], [ 121.777789177000159, 13.900913904000049 ], [ 121.778570167000112, 13.901821198000164 ], [ 121.779364699000098, 13.900589977000152 ], [ 121.779073547000053, 13.900048333000086 ], [ 121.778655386000196, 13.900057728000093 ] ] ], [ [ [ 121.776871411000116, 13.899979204000147 ], [ 121.777255851000064, 13.899540967000064 ], [ 121.777076189000127, 13.899292653000089 ], [ 121.776562979000119, 13.899596719000044 ], [ 121.776871411000116, 13.899979204000147 ] ] ], [ [ [ 122.718220030000111, 13.364192793000029 ], [ 122.720513128000107, 13.36510640500012 ], [ 122.721937329000298, 13.364673147000133 ], [ 122.724156837000123, 13.36135306500006 ], [ 122.7239844180001, 13.358644592000076 ], [ 122.722673622000229, 13.356062506000114 ], [ 122.722891305000189, 13.355622104000076 ], [ 122.72256913800004, 13.35521697300004 ], [ 122.722910073000094, 13.354627056000027 ], [ 122.722649557000068, 13.353128808 ], [ 122.723181193000187, 13.350248889000056 ], [ 122.722794535000162, 13.349682271000063 ], [ 122.72344350700007, 13.347747256000105 ], [ 122.72374192000018, 13.344763835000037 ], [ 122.723456639000233, 13.344694804000142 ], [ 122.723635657000159, 13.342531020000138 ], [ 122.723101323000151, 13.342240622000077 ], [ 122.723518129000013, 13.341893307000078 ], [ 122.723066228000221, 13.341193523000072 ], [ 122.723359114000118, 13.34099671700011 ], [ 122.722858722000069, 13.340525323 ], [ 122.723205896000195, 13.340156118000095 ], [ 122.723210498000071, 13.339483092000023 ], [ 122.722909486000049, 13.339425178000056 ], [ 122.723164011000222, 13.339194920000182 ], [ 122.722787096000047, 13.338742534000062 ], [ 122.723284176000107, 13.337599887000067 ], [ 122.722895676000121, 13.337168659000099 ], [ 122.722650950000116, 13.337778465000099 ], [ 122.722610993000103, 13.337219720000178 ], [ 122.722267153000075, 13.337569989000087 ], [ 122.722171704000061, 13.33702514100014 ], [ 122.722945805000109, 13.335321287 ], [ 122.724101389000111, 13.334073150000052 ], [ 122.725409897000077, 13.33101533700011 ], [ 122.725068224000097, 13.330569128000036 ], [ 122.725070526000081, 13.327541939000128 ], [ 122.724210223000114, 13.324627023000176 ], [ 122.722925964000297, 13.323947584000166 ], [ 122.722514855000099, 13.323925612000096 ], [ 122.722016950000011, 13.324405498000033 ], [ 122.720397384000194, 13.323670680000191 ], [ 122.719198117000133, 13.323537565000095 ], [ 122.717314025000064, 13.323933736000072 ], [ 122.713795854000182, 13.325428225 ], [ 122.712576201000047, 13.327404485000102 ], [ 122.71380909700008, 13.334357461000025 ], [ 122.713787636, 13.334661706000077 ], [ 122.713578161000214, 13.334387207000191 ], [ 122.713360394, 13.334710447000134 ], [ 122.713857242000131, 13.337617114000182 ], [ 122.713342776000218, 13.34003543100016 ], [ 122.713763628000038, 13.341335328000184 ], [ 122.713129969000079, 13.342680030000054 ], [ 122.713169121000078, 13.344623256999967 ], [ 122.713909852000029, 13.350379841000063 ], [ 122.714784378000104, 13.353900763000013 ], [ 122.714382069000067, 13.354871802 ], [ 122.714499855000099, 13.35625940400007 ], [ 122.715566914000192, 13.359572752000133 ], [ 122.717303070000071, 13.36317350000013 ], [ 122.718220030000111, 13.364192793000029 ] ] ] ] } },
{ "type": "Feature", "properties": { "psgc_code": "04058", "name": "Rizal", "region": "Region IV-A (Calabarzon)", "province": "Rizal", "level": "province" }, "geometry": { "type": "MultiPolygon", "coordinates": [ [ [ [ 121.451050535000036, 14.595215478000171 ], [ 121.44111363900015, 14.587291411000081 ], [ 121.441192701000091, 14.585186049000129 ], [ 121.442379909000124, 14.585447237999972 ], [ 121.443286633000184, 14.582887395 ], [ 121.442933898000206, 14.581390083000088 ], [ 121.441562291000309, 14.578489869000123 ], [ 121.444473558000027, 14.577115749000143 ], [ 121.445157677000111, 14.57486385500016 ], [ 121.446663563000016, 14.574292712000045 ], [ 121.446988858000168, 14.572691292000059 ], [ 121.44785, 14.572024048000117 ], [ 121.448199636000027, 14.57097829900016 ], [ 121.449726397000063, 14.570188268999971 ], [ 121.446038057000123, 14.56249691700009 ], [ 121.444962306000207, 14.562539947000062 ], [ 121.444824611000058, 14.563339810000116 ], [ 121.442492570000127, 14.562492502000168 ], [ 121.440549202000057, 14.561606326 ], [ 121.44124737900006, 14.561076926000112 ], [ 121.439253654000026, 14.560201982000024 ], [ 121.4389381000002, 14.55951350100014 ], [ 121.439454461000196, 14.55826563 ], [ 121.439339714000198, 14.557175536000045 ], [ 121.447556384000222, 14.547628286000077 ], [ 121.447396391000211, 14.547411153000098 ], [ 121.44778494500008, 14.546885462000034 ], [ 121.447556384000222, 14.546108352999966 ], [ 121.448231592000184, 14.545461524000189 ], [ 121.447989783000139, 14.544977906000156 ], [ 121.425290970000106, 14.542062247000047 ], [ 121.42420227200023, 14.542287311 ], [ 121.422384401000045, 14.541752341000176 ], [ 121.420447595000155, 14.541761899000051 ], [ 121.417540648000227, 14.542315280000082 ], [ 121.415810955000211, 14.543168700000024 ], [ 121.414488232000053, 14.543192753000142 ], [ 121.411512348000088, 14.544305132999966 ], [ 121.407008245000043, 14.544558496999969 ], [ 121.404281901000218, 14.545414043999983 ], [ 121.404577450000033, 14.54437976600002 ], [ 121.404145494000204, 14.544016667000108 ], [ 121.403463457000157, 14.544720858 ], [ 121.402349465000043, 14.544819885000152 ], [ 121.402292628000168, 14.544423778000123 ], [ 121.403327050000144, 14.543290467000077 ], [ 121.403270214000031, 14.542751317000011 ], [ 121.401849305000042, 14.542696302000024 ], [ 121.401451450000081, 14.543202443000041 ], [ 121.400166948000333, 14.542355206000025 ], [ 121.400417028000106, 14.540869784000051 ], [ 121.399212097000145, 14.541034831000104 ], [ 121.398314083000059, 14.541662010000039 ], [ 121.398098105000145, 14.542344203000084 ], [ 121.398279981000087, 14.543323476000012 ], [ 121.397643414000072, 14.5436205580001 ], [ 121.397075050000126, 14.542509249000091 ], [ 121.395585937000078, 14.542124140999988 ], [ 121.395358592000207, 14.541001822000169 ], [ 121.393650698000101, 14.540491915000132 ], [ 121.393975417000092, 14.539816711000071 ], [ 121.392856940000343, 14.538303315000064 ], [ 121.391870756000117, 14.538571070000103 ], [ 121.389946494000014, 14.540084464000074 ], [ 121.388948283000332, 14.539129863000085 ], [ 121.389200842000037, 14.537756162 ], [ 121.39019905300006, 14.536673493000023 ], [ 121.389705961000118, 14.53527649199998 ], [ 121.388888149000195, 14.534927241000162 ], [ 121.388082365000059, 14.535392909000109 ], [ 121.387276580000162, 14.534822465 ], [ 121.386939834000145, 14.535125150000113 ], [ 121.386663221000049, 14.53424037800005 ], [ 121.385821357000054, 14.533844558 ], [ 121.38501557200027, 14.534286945000133 ], [ 121.385147865000135, 14.533052916000031 ], [ 121.38473895900006, 14.531760670000097 ], [ 121.38110691500026, 14.531527832000165 ], [ 121.379471292000062, 14.528035233000139 ], [ 121.379783984000142, 14.526719674000049 ], [ 121.376248153000233, 14.524600794000094 ], [ 121.376494639000043, 14.523409627000035 ], [ 121.377701796000338, 14.522774653000056 ], [ 121.378282509000201, 14.52173144600016 ], [ 121.3783619310002, 14.520565767000107 ], [ 121.376796491000164, 14.519310128000029 ], [ 121.377664980000304, 14.514468503999979 ], [ 121.376829938000014, 14.512270708000017 ], [ 121.37619337000001, 14.512028606000058 ], [ 121.376784469000199, 14.510950153000124 ], [ 121.375670476000096, 14.510708050000062 ], [ 121.376102432000039, 14.509563562000039 ], [ 121.376829938000014, 14.509717628000033 ], [ 121.376898141000197, 14.50938748700014 ], [ 121.37544313, 14.507824809000169 ], [ 121.37544313, 14.507428636000157 ], [ 121.370510311000089, 14.504429723000101 ], [ 121.366715602000113, 14.498207372000138 ], [ 121.362258100000076, 14.486432838000042 ], [ 121.361753477000207, 14.47718141900009 ], [ 121.37619811400009, 14.464224662 ], [ 121.376262749000034, 14.457144719000155 ], [ 121.375433001000147, 14.451434985000049 ], [ 121.371595938000155, 14.451691908999976 ], [ 121.36774626200031, 14.453398836000076 ], [ 121.362431902000026, 14.454193887000031 ], [ 121.363342147000026, 14.431370212000161 ], [ 121.364658742000074, 14.424128940000173 ], [ 121.366633634000095, 14.407342356000186 ], [ 121.366798209000081, 14.391378643000166 ], [ 121.369198316000052, 14.375142206000078 ], [ 121.368041375000303, 14.373091266000074 ], [ 121.363932495000199, 14.363358943000094 ], [ 121.365349949, 14.355935850000094 ], [ 121.379925145000016, 14.344324137000058 ], [ 121.380494558000123, 14.337943743000096 ], [ 121.37935673100003, 14.337859864000166 ], [ 121.378288795000117, 14.338255725000124 ], [ 121.377141282000139, 14.339261884000166 ], [ 121.375456334000205, 14.34007499300003 ], [ 121.373747056000184, 14.339916675999973 ], [ 121.371756077000214, 14.338858471000094 ], [ 121.370893242000079, 14.337746915000139 ], [ 121.36924857200006, 14.338187640000115 ], [ 121.368486464000057, 14.337876978000168 ], [ 121.367111494000028, 14.335680692000153 ], [ 121.365667110000231, 14.3352859150001 ], [ 121.364160500000139, 14.335697014000118 ], [ 121.36283915700028, 14.335614598 ], [ 121.359948457000201, 14.333371165000131 ], [ 121.358038430000192, 14.33239893300015 ], [ 121.357597461000182, 14.331870557000116 ], [ 121.356917740000199, 14.329715686999975 ], [ 121.355833604000168, 14.329757046000111 ], [ 121.354602726000167, 14.329302602000041 ], [ 121.35203286400008, 14.327757669000164 ], [ 121.351534225000023, 14.326550850000046 ], [ 121.35246732600001, 14.324883623000062 ], [ 121.352402831000063, 14.324278443000082 ], [ 121.351329207000049, 14.322884380000119 ], [ 121.349023357000078, 14.322086481999975 ], [ 121.348513011000136, 14.319914450000056 ], [ 121.345584801000086, 14.318562438000072 ], [ 121.343258506000097, 14.31543705100006 ], [ 121.342254591000142, 14.314800883000146 ], [ 121.339787342000022, 14.313818529000059 ], [ 121.337172940000187, 14.313256599000113 ], [ 121.334594603000141, 14.312053516000105 ], [ 121.33330938600011, 14.309643916000084 ], [ 121.331520015000137, 14.307646141000077 ], [ 121.33175801300024, 14.303408606000175 ], [ 121.33111104000011, 14.302799336000021 ], [ 121.328763396000227, 14.301762749000147 ], [ 121.328589378000174, 14.300729214000171 ], [ 121.327649383000107, 14.299934626000152 ], [ 121.326868264000041, 14.297986674000072 ], [ 121.326263945000051, 14.297542620000115 ], [ 121.325920325000084, 14.296575081000071 ], [ 121.325042087000043, 14.295903087999989 ], [ 121.32457383700023, 14.294849153000087 ], [ 121.321086522000087, 14.292937086999984 ], [ 121.319877895000104, 14.29289801200008 ], [ 121.319112525000037, 14.292214580000177 ], [ 121.318062987000076, 14.291840663000073 ], [ 121.317136685000037, 14.290899536999973 ], [ 121.317614208, 14.289858389000187 ], [ 121.317412012000091, 14.289252234 ], [ 121.316261232000102, 14.289018086 ], [ 121.314759872000081, 14.287077226000179 ], [ 121.31271281900024, 14.28692223000013 ], [ 121.312066310000091, 14.286264055000117 ], [ 121.310356059000128, 14.287980573000084 ], [ 121.308838785000034, 14.288177477000033 ], [ 121.308144981000169, 14.288820026000167 ], [ 121.304614512000171, 14.295208610000088 ], [ 121.30372590800016, 14.29592916200005 ], [ 121.303913103000127, 14.297695793000116 ], [ 121.303543877000152, 14.300154802000066 ], [ 121.30289076300005, 14.300376148000112 ], [ 121.303352835000283, 14.301405637000073 ], [ 121.303390201000184, 14.303104009000094 ], [ 121.304127212000139, 14.303390249000188 ], [ 121.303923825000084, 14.304616564000128 ], [ 121.304221324000082, 14.305040158000168 ], [ 121.304395032000116, 14.306934967000188 ], [ 121.304061710000042, 14.312118525000074 ], [ 121.304515663000075, 14.313398397000128 ], [ 121.304411754000057, 14.314723154000035 ], [ 121.304847882000104, 14.315874624000116 ], [ 121.305341399000326, 14.319396519000065 ], [ 121.306371571000113, 14.321529552000072 ], [ 121.306381657000088, 14.322690199000135 ], [ 121.305872203000035, 14.324629 ], [ 121.304956149000077, 14.32648548700007 ], [ 121.304950414000018, 14.327248981000025 ], [ 121.305672222000112, 14.327901613 ], [ 121.308901769000045, 14.329146302000026 ], [ 121.310086660000138, 14.330706249000059 ], [ 121.310953630000085, 14.331219409000084 ], [ 121.311202931000025, 14.332229053000106 ], [ 121.312449032000018, 14.333148054000048 ], [ 121.313575674000163, 14.335800959000096 ], [ 121.315694481000037, 14.337312547000067 ], [ 121.317906310000012, 14.338116213000148 ], [ 121.318596138000089, 14.338866318000157 ], [ 121.319199566000066, 14.340281615000094 ], [ 121.320109173000105, 14.340966083000069 ], [ 121.320503705000078, 14.344352886000081 ], [ 121.320181581000043, 14.345541726000022 ], [ 121.321289265000019, 14.347394283000085 ], [ 121.321450640000194, 14.348439948000191 ], [ 121.320571360000031, 14.350406705000125 ], [ 121.319630300000199, 14.351414015000159 ], [ 121.319690332000164, 14.352605562000065 ], [ 121.32064751300004, 14.353638543000159 ], [ 121.32071613700009, 14.354518626000072 ], [ 121.319868190000307, 14.358159276000038 ], [ 121.320554002000222, 14.360295938999968 ], [ 121.32174481200002, 14.361092352000071 ], [ 121.322249969000154, 14.36225040100004 ], [ 121.323251011000025, 14.363289796000174 ], [ 121.323252726000078, 14.363900640000054 ], [ 121.322373358000164, 14.365030558000115 ], [ 121.32389405400022, 14.365285659 ], [ 121.324690673000077, 14.366012078000153 ], [ 121.324673528000176, 14.368314792999968 ], [ 121.32505935800009, 14.36867180500002 ], [ 121.325072652000017, 14.369411005000075 ], [ 121.326400960000115, 14.370263349000084 ], [ 121.327884964000191, 14.374616853000077 ], [ 121.327473461000295, 14.376024968000138 ], [ 121.328165924000132, 14.376439119000054 ], [ 121.328135866000139, 14.377110822000077 ], [ 121.329028931000039, 14.377514172000076 ], [ 121.329805948000285, 14.37835649800013 ], [ 121.330813276000185, 14.380251081000154 ], [ 121.330624765000266, 14.382008949000067 ], [ 121.332482379000112, 14.38332312600005 ], [ 121.33303671800013, 14.384622 ], [ 121.33318226900019, 14.386119567000037 ], [ 121.332793487000117, 14.388688434000017 ], [ 121.331505166000056, 14.390872236000064 ], [ 121.332087571000329, 14.39176816000014 ], [ 121.331809462000024, 14.394376333000025 ], [ 121.333983492000129, 14.39408617700019 ], [ 121.333944631, 14.394471884000041 ], [ 121.330699370000161, 14.395194631000038 ], [ 121.330736215000115, 14.396291425000186 ], [ 121.331306172000041, 14.397102500000074 ], [ 121.333362446000024, 14.396520495000118 ], [ 121.334793856000033, 14.39646040700012 ], [ 121.33482777100005, 14.396741359000146 ], [ 121.333341061000169, 14.396976503000019 ], [ 121.333244556000068, 14.397853051000084 ], [ 121.334413645000041, 14.399185910000142 ], [ 121.334701320000022, 14.400442375000125 ], [ 121.335546969, 14.401702771000089 ], [ 121.335814246000041, 14.403283666999982 ], [ 121.337204924000048, 14.405083008000133 ], [ 121.337536477000185, 14.407708259000174 ], [ 121.338695539000014, 14.411620088000063 ], [ 121.33914710400029, 14.41627258200009 ], [ 121.339105352000047, 14.418263599000056 ], [ 121.338074177000067, 14.421379275000106 ], [ 121.337716635000106, 14.424683908000077 ], [ 121.33623956200006, 14.429656148000106 ], [ 121.335623738000095, 14.430160595000189 ], [ 121.333633351000117, 14.430313212999977 ], [ 121.33173471900011, 14.431440182000074 ], [ 121.331419089000065, 14.432727471000078 ], [ 121.330674096000052, 14.433652055000039 ], [ 121.330971884000178, 14.434759468000095 ], [ 121.330205414000147, 14.436148827000011 ], [ 121.328100873000039, 14.437116401000139 ], [ 121.32771549500012, 14.438096158000121 ], [ 121.328439529000093, 14.438776757000028 ], [ 121.329342966000013, 14.438335777000134 ], [ 121.330076988000201, 14.438884859000098 ], [ 121.330440206000048, 14.439668161999975 ], [ 121.330213449000212, 14.44110520300012 ], [ 121.329734614000245, 14.442582084000037 ], [ 121.327948848000119, 14.443478137 ], [ 121.327353777000212, 14.444298933000084 ], [ 121.326738564000152, 14.446171783000125 ], [ 121.325195095000254, 14.447476062000135 ], [ 121.32479446800005, 14.450916617000132 ], [ 121.325746279000214, 14.45344598700018 ], [ 121.328342648000216, 14.452418879000106 ], [ 121.329721301000177, 14.451391406000084 ], [ 121.330068553000046, 14.451642811 ], [ 121.32592279500011, 14.453754269000115 ], [ 121.326758886000107, 14.454681293000078 ], [ 121.326740435000033, 14.456008847000135 ], [ 121.326247625000178, 14.45813793700006 ], [ 121.325104705000058, 14.460857079000164 ], [ 121.324062883000011, 14.461806212999988 ], [ 121.322574898000084, 14.462105844 ], [ 121.322066178000114, 14.462722681000173 ], [ 121.321603523000135, 14.464270541000133 ], [ 121.320157890000132, 14.465992352000058 ], [ 121.318432662000191, 14.466083438000169 ], [ 121.313737627000137, 14.469462374000102 ], [ 121.31217429000003, 14.469192637000106 ], [ 121.309110087000022, 14.467412663000061 ], [ 121.308243392, 14.467290166000168 ], [ 121.306775504000029, 14.468252620000044 ], [ 121.302960667000207, 14.469154577000154 ], [ 121.302149376000102, 14.470005553000021 ], [ 121.302190112000062, 14.47052866000007 ], [ 121.303346557000168, 14.470348210000054 ], [ 121.304608383000073, 14.471010824000189 ], [ 121.305664943000124, 14.472209288000045 ], [ 121.306000798000127, 14.47410690300012 ], [ 121.305660507000084, 14.474757968000063 ], [ 121.305479923000121, 14.476949575000106 ], [ 121.303474204000167, 14.479048143 ], [ 121.304007605000152, 14.480446157000074 ], [ 121.303890582000122, 14.481135134000112 ], [ 121.302451002000225, 14.483259556000064 ], [ 121.301326332000031, 14.484151828000165 ], [ 121.298813636000318, 14.484307923000188 ], [ 121.295549809000022, 14.48328222300006 ], [ 121.2938946700001, 14.483371872000077 ], [ 121.292167571000164, 14.484099975000049 ], [ 121.290811067000163, 14.484119158000112 ], [ 121.290053847000195, 14.483736066 ], [ 121.288917902000094, 14.484148950000076 ], [ 121.287361225000041, 14.483061497999984 ], [ 121.286615249000079, 14.481603818000167 ], [ 121.28411966200008, 14.482834542000035 ], [ 121.283081430000038, 14.482170546000191 ], [ 121.281621624000195, 14.483606311000017 ], [ 121.280718284000045, 14.484006331000103 ], [ 121.280361578000225, 14.48464851600005 ], [ 121.280506239000033, 14.485991443000046 ], [ 121.279209115000185, 14.487609083000109 ], [ 121.278646503000118, 14.489196347000188 ], [ 121.277376708000133, 14.490397875000099 ], [ 121.277421951000065, 14.491436065000016 ], [ 121.276595746000226, 14.493817079000053 ], [ 121.274875324000163, 14.495888812000146 ], [ 121.275198004000345, 14.496634979000135 ], [ 121.274900924000121, 14.497169024000186 ], [ 121.27531297500002, 14.49783800900002 ], [ 121.274760144000197, 14.498153953000042 ], [ 121.274274410000316, 14.500122311000041 ], [ 121.27473477, 14.501431664000108 ], [ 121.27467799600015, 14.503031275000012 ], [ 121.27293918700002, 14.505172038000126 ], [ 121.270844761000149, 14.505087427000149 ], [ 121.26992573300015, 14.505686070000024 ], [ 121.269113576000336, 14.505712299000152 ], [ 121.268314941000085, 14.505351971000039 ], [ 121.267516830000204, 14.504246814000169 ], [ 121.265665868000042, 14.504284512000083 ], [ 121.264864374000126, 14.503615945999968 ], [ 121.263716657000145, 14.504074905000039 ], [ 121.262298704000159, 14.504028454000036 ], [ 121.260948270000085, 14.504788965000159 ], [ 121.259515863000161, 14.504567740000027 ], [ 121.258329476000199, 14.503901438000184 ], [ 121.257269099000041, 14.502629930000126 ], [ 121.257648953000057, 14.498554178000063 ], [ 121.256923571000129, 14.498271408999983 ], [ 121.256934004000186, 14.496263021000118 ], [ 121.255957915000295, 14.495043011000064 ], [ 121.255548497000177, 14.495446264000122 ], [ 121.255315534000033, 14.496918778000065 ], [ 121.252709110000183, 14.501193705000048 ], [ 121.251680680000163, 14.501232278000145 ], [ 121.249344545000099, 14.497932505000051 ], [ 121.248897105000196, 14.497841844000106 ], [ 121.247759235000331, 14.499061031000167 ], [ 121.245132461000026, 14.49987356000014 ], [ 121.242503715000339, 14.502530977 ], [ 121.242038424000157, 14.502582748000123 ], [ 121.24064726600011, 14.501585141000078 ], [ 121.239470787000073, 14.499976991000096 ], [ 121.239724822000198, 14.497271368000156 ], [ 121.239236911000035, 14.496039878000033 ], [ 121.237855706000119, 14.494990583000174 ], [ 121.238219844000014, 14.493891415000178 ], [ 121.237998190000098, 14.493316763000053 ], [ 121.238469297000165, 14.492583598000067 ], [ 121.237670111000057, 14.492306851000137 ], [ 121.237219003000064, 14.4913274970001 ], [ 121.235978261000128, 14.490499628000123 ], [ 121.235985034, 14.489643347000026 ], [ 121.234515106000117, 14.488379287999976 ], [ 121.234160104000011, 14.487507694000158 ], [ 121.234255525000208, 14.486066498000127 ], [ 121.233882336000079, 14.485043650000023 ], [ 121.234397275000219, 14.484487125000101 ], [ 121.234681157000068, 14.484545926000067 ], [ 121.234718299000065, 14.483935438000174 ], [ 121.235647798000173, 14.48325609200009 ], [ 121.235670371000197, 14.482853279999972 ], [ 121.234614174000058, 14.483210551000184 ], [ 121.234577629000228, 14.48374548400011 ], [ 121.232909384000095, 14.485495984000181 ], [ 121.231818017000137, 14.484581071000036 ], [ 121.232254213000147, 14.482544266 ], [ 121.233757217000175, 14.482889284000123 ], [ 121.235551825000016, 14.482317182000031 ], [ 121.237289666000152, 14.479931225000087 ], [ 121.237456736000127, 14.478415002000133 ], [ 121.236372740000093, 14.476568273000169 ], [ 121.23637438600008, 14.475541943000167 ], [ 121.235498673000052, 14.474326431000122 ], [ 121.235082002000127, 14.473082879000117 ], [ 121.23379245700005, 14.471902035000085 ], [ 121.23168993500019, 14.471382512 ], [ 121.231432387000041, 14.470448684000189 ], [ 121.230202804000101, 14.469860151999967 ], [ 121.229149183000118, 14.470714851000082 ], [ 121.229290760000026, 14.471603732 ], [ 121.230281591000221, 14.47296495 ], [ 121.228831127000035, 14.47578118399997 ], [ 121.226516276000098, 14.477583438000067 ], [ 121.224479649000273, 14.477712888000099 ], [ 121.223965107000026, 14.478219020999973 ], [ 121.222553067000035, 14.478630217000102 ], [ 121.222198568000067, 14.478514199000074 ], [ 121.221398824000175, 14.47669474900016 ], [ 121.221723519000307, 14.476495716000102 ], [ 121.223246896000319, 14.47670872100008 ], [ 121.223315373000219, 14.476224406000085 ], [ 121.222303687000021, 14.475051900000039 ], [ 121.220387223000102, 14.473891436000144 ], [ 121.219376073000035, 14.469413247000034 ], [ 121.220585425000081, 14.46604745500008 ], [ 121.220164845000113, 14.464495327000122 ], [ 121.220709340000326, 14.460224096000104 ], [ 121.220429980000176, 14.455543656000089 ], [ 121.220939866000094, 14.452367756000058 ], [ 121.221888489000094, 14.45089523200005 ], [ 121.222710513000266, 14.447463521000088 ], [ 121.222258834000286, 14.445760045000156 ], [ 121.222420582000041, 14.443293017000144 ], [ 121.22191032, 14.442458022999972 ], [ 121.221603691000041, 14.440390441000147 ], [ 121.221865177000154, 14.435940752000135 ], [ 121.221128302000011, 14.434354757000108 ], [ 121.222496602000092, 14.432092021000074 ], [ 121.222326917000146, 14.431492569000056 ], [ 121.220240269000328, 14.429839725000079 ], [ 121.222379561000025, 14.426487202999965 ], [ 121.222091963000025, 14.424463840000158 ], [ 121.222334773000057, 14.423174874000097 ], [ 121.22079917200017, 14.418850157000122 ], [ 121.219882175000066, 14.417986910000025 ], [ 121.217460244000108, 14.41708081600018 ], [ 121.217366447000018, 14.416689721000068 ], [ 121.217989659000068, 14.415498083000045 ], [ 121.217534598000043, 14.414229040000123 ], [ 121.217967060000092, 14.413464126000065 ], [ 121.217532238000217, 14.412900450000166 ], [ 121.218030147000036, 14.412028987999975 ], [ 121.217143485000065, 14.411417825000115 ], [ 121.216181312000117, 14.41136648100013 ], [ 121.215643389000093, 14.411582796 ], [ 121.215149778000068, 14.412725035000108 ], [ 121.216099586000155, 14.412707029000046 ], [ 121.216820396000116, 14.41386474300009 ], [ 121.216507013000182, 14.414277947000187 ], [ 121.21410259400011, 14.415235733000031 ], [ 121.214610811000171, 14.417128539000146 ], [ 121.214391411000065, 14.417907651000121 ], [ 121.210440524000319, 14.42078042300011 ], [ 121.208119390000093, 14.421814325000071 ], [ 121.208057086000281, 14.423142418000054 ], [ 121.206757339000092, 14.424095909000187 ], [ 121.206093410000221, 14.425176605000104 ], [ 121.206686362000028, 14.426197386000069 ], [ 121.206571556000085, 14.426746496000021 ], [ 121.206898078000108, 14.42691299300003 ], [ 121.207484977000149, 14.426336764000041 ], [ 121.207828613000174, 14.427392536000184 ], [ 121.207581370000185, 14.428565528999968 ], [ 121.205873255000029, 14.428923181000073 ], [ 121.205685607000078, 14.429376086 ], [ 121.205950795000035, 14.429963955000062 ], [ 121.208463492000192, 14.430246093000108 ], [ 121.20990383700007, 14.429623355000103 ], [ 121.21182625300014, 14.429890098000101 ], [ 121.212783082000215, 14.429698734000056 ], [ 121.213130723000063, 14.431676973000037 ], [ 121.20817398600002, 14.436347289000082 ], [ 121.207326009000099, 14.438679112000045 ], [ 121.205943490000209, 14.440394831000162 ], [ 121.204694243000176, 14.440550095000049 ], [ 121.203868259000046, 14.439131425000085 ], [ 121.203154032000157, 14.439840015000073 ], [ 121.202170474000127, 14.439997290000065 ], [ 121.20131012100012, 14.440853843000127 ], [ 121.200454303000015, 14.441145477000077 ], [ 121.200432838000097, 14.441812267000046 ], [ 121.199897044000181, 14.442357430000072 ], [ 121.199972633000129, 14.442970036000133 ], [ 121.201596769000048, 14.443257066000115 ], [ 121.202695123000126, 14.44384608900009 ], [ 121.203316695000012, 14.444651175999979 ], [ 121.203728860000069, 14.446466866000094 ], [ 121.203005972000028, 14.448250361000134 ], [ 121.202097908000155, 14.44902808300003 ], [ 121.200523588000124, 14.449549623 ], [ 121.198571727000171, 14.449958413000104 ], [ 121.197294078000027, 14.449634778000018 ], [ 121.196433919000015, 14.450459921 ], [ 121.194417509000345, 14.450883874 ], [ 121.195955922000053, 14.451821550000147 ], [ 121.196046527000135, 14.45256766100016 ], [ 121.194857835000221, 14.45518712500018 ], [ 121.192619102000322, 14.456213532000106 ], [ 121.193997520000153, 14.457024452000041 ], [ 121.194063775000018, 14.458790419000081 ], [ 121.193386471000167, 14.460895924000113 ], [ 121.191460411000094, 14.463078143000075 ], [ 121.187774403000162, 14.463334952000082 ], [ 121.185041635000175, 14.464365267000176 ], [ 121.183334642000091, 14.463642416000141 ], [ 121.182776467000167, 14.464282073000049 ], [ 121.183461384000225, 14.464642201000174 ], [ 121.183550660000151, 14.465273715000023 ], [ 121.182500343000015, 14.466724386000067 ], [ 121.182710566000083, 14.467409402999976 ], [ 121.185203861000105, 14.467638925000131 ], [ 121.185334917000091, 14.469768971000178 ], [ 121.185844634000091, 14.470114600000102 ], [ 121.186828949000073, 14.470148474000041 ], [ 121.187619485000141, 14.472454453000125 ], [ 121.1874964860001, 14.475975616000085 ], [ 121.184768335000058, 14.483051347000128 ], [ 121.181832878000137, 14.485749082000154 ], [ 121.181013550000216, 14.486978103000126 ], [ 121.17860072800022, 14.488431331000129 ], [ 121.178977816000156, 14.490155874000095 ], [ 121.178467280000064, 14.491558123 ], [ 121.177209418000075, 14.493624821000139 ], [ 121.175058408000041, 14.496039405999966 ], [ 121.170339721000119, 14.499025365000023 ], [ 121.168882336000138, 14.499092856 ], [ 121.167792700000177, 14.498729519000051 ], [ 121.167558753000094, 14.49929280200007 ], [ 121.167994253000074, 14.500465844000132 ], [ 121.167611067000166, 14.501133098000082 ], [ 121.167765796000253, 14.502001680000035 ], [ 121.167313867000075, 14.502826101000096 ], [ 121.167481868000209, 14.503721072000189 ], [ 121.165389111000195, 14.507226788000139 ], [ 121.165449953, 14.508028927000169 ], [ 121.164944911000021, 14.508747790000029 ], [ 121.164954069000032, 14.509273542000017 ], [ 121.163141619000044, 14.511493501000132 ], [ 121.16216444500003, 14.512208659000123 ], [ 121.161098051000067, 14.512292296000055 ], [ 121.160919328000091, 14.512698297000156 ], [ 121.160243354000158, 14.512876985000048 ], [ 121.159279638000157, 14.511962628000106 ], [ 121.159564428000067, 14.511780874000181 ], [ 121.158332571000187, 14.510667281000167 ], [ 121.157884283000044, 14.51104487900011 ], [ 121.158925990000171, 14.512314686000138 ], [ 121.158959612000103, 14.513142894999987 ], [ 121.159399970000095, 14.513724598000067 ], [ 121.159190571000181, 14.514577183000029 ], [ 121.157628984000326, 14.515813409000145 ], [ 121.156352624000078, 14.515185708 ], [ 121.15611906200013, 14.515696409000043 ], [ 121.156368173000033, 14.516565736000132 ], [ 121.155386506000241, 14.516190042000119 ], [ 121.155148585, 14.517226385000185 ], [ 121.153678688000014, 14.517162250000126 ], [ 121.153485041000067, 14.517738971000142 ], [ 121.152584093000087, 14.517390184000135 ], [ 121.15158108300011, 14.517960526000081 ], [ 121.149630677000118, 14.517238959000167 ], [ 121.146470796000131, 14.514337694000176 ], [ 121.145638520000148, 14.514171146000081 ], [ 121.145432947000131, 14.514587904000109 ], [ 121.145648815000072, 14.515967813000145 ], [ 121.144999445000167, 14.518103813000153 ], [ 121.142453587000205, 14.523473408000029 ], [ 121.142981104000228, 14.525348001000168 ], [ 121.143898756000112, 14.525884401000155 ], [ 121.143690497000193, 14.526621072000069 ], [ 121.142732381000087, 14.526391986000135 ], [ 121.142424611000024, 14.526943287 ], [ 121.143822559000114, 14.527446577999967 ], [ 121.143007281000109, 14.528264578000176 ], [ 121.143438998000079, 14.529510839000181 ], [ 121.142099451000036, 14.531087613000068 ], [ 121.141915928000344, 14.531886004000114 ], [ 121.140952442000071, 14.532296743000131 ], [ 121.140057536000086, 14.533569395000086 ], [ 121.138942155000223, 14.534015834000172 ], [ 121.138840032000076, 14.535651631000064 ], [ 121.138068370000155, 14.535780857000077 ], [ 121.137761397000077, 14.536233714000161 ], [ 121.136753858000134, 14.535868847000074 ], [ 121.136206160000029, 14.536405923000132 ], [ 121.135275961000161, 14.535857087000181 ], [ 121.134803120000015, 14.536505503000171 ], [ 121.13480842000024, 14.537379220999981 ], [ 121.134442411000236, 14.537339391000046 ], [ 121.13393649700015, 14.535907947000112 ], [ 121.132543404000103, 14.536327530000108 ], [ 121.132013912000161, 14.536200255000153 ], [ 121.131829919000097, 14.535546608000175 ], [ 121.131136633000096, 14.535368804000029 ], [ 121.130896521000182, 14.53387795000009 ], [ 121.129887158000201, 14.533246253000129 ], [ 121.128555479000056, 14.528932630000043 ], [ 121.128312271000027, 14.529188984000086 ], [ 121.128939997000089, 14.53121927900014 ], [ 121.126609907000216, 14.534546773000102 ], [ 121.125493154000083, 14.535482970000032 ], [ 121.123129887000232, 14.534877010000173 ], [ 121.123075795000204, 14.533432469000104 ], [ 121.123604925000109, 14.532145225000022 ], [ 121.123233418000154, 14.531179511000062 ], [ 121.121818673000121, 14.531009674000131 ], [ 121.121452930000146, 14.532216036000079 ], [ 121.121089639000161, 14.532418587000052 ], [ 121.120531886000094, 14.53138680100011 ], [ 121.119803499000113, 14.531292902000075 ], [ 121.119434610000098, 14.530732257000182 ], [ 121.11844054200003, 14.530700796000133 ], [ 121.118385085000227, 14.529420613000184 ], [ 121.117998339000337, 14.529546655000104 ], [ 121.117706079000186, 14.529218023999988 ], [ 121.119024250000052, 14.528421863000119 ], [ 121.118740866000053, 14.527480836000166 ], [ 121.118924389000085, 14.526980184000138 ], [ 121.118319980000024, 14.526898922000157 ], [ 121.117399094000234, 14.528463393000038 ], [ 121.11628393, 14.527638483000146 ], [ 121.116950674000122, 14.522339502000023 ], [ 121.117558691000227, 14.521829947000072 ], [ 121.11754717000008, 14.521004044 ], [ 121.118167863000167, 14.519833418000132 ], [ 121.119041924000271, 14.519342781000148 ], [ 121.119657654000093, 14.518319962000135 ], [ 121.119675492000283, 14.51752314200013 ], [ 121.118667912000092, 14.518045167000082 ], [ 121.11732368100013, 14.519348093000076 ], [ 121.117755877000036, 14.515881997000122 ], [ 121.117288874000224, 14.515406029000189 ], [ 121.110833873000161, 14.515149083000097 ], [ 121.106035875000202, 14.515361097000039 ], [ 121.102258886000072, 14.517205001000036 ], [ 121.101599913000314, 14.52170471800008 ], [ 121.102104408000059, 14.524414682000156 ], [ 121.102475706000064, 14.524309028000118 ], [ 121.102648568000177, 14.527728515000149 ], [ 121.103845708000108, 14.53076885500019 ], [ 121.103337841000098, 14.531997657000034 ], [ 121.104189038000072, 14.534086971000079 ], [ 121.1038191990001, 14.534075537000035 ], [ 121.104733708000026, 14.536107409000124 ], [ 121.105703584000139, 14.535778660000176 ], [ 121.10571950800022, 14.540441413000053 ], [ 121.107001683000021, 14.545701014000088 ], [ 121.107329179000089, 14.545944830000053 ], [ 121.109337573000175, 14.545909921999964 ], [ 121.109722076000253, 14.546624930000178 ], [ 121.105640452000102, 14.55043253000008 ], [ 121.101818754000078, 14.552660610000032 ], [ 121.101014751000207, 14.553572467000095 ], [ 121.099122402000035, 14.553317539000147 ], [ 121.098093472000187, 14.554774911000095 ], [ 121.098256581000101, 14.555582871000183 ], [ 121.097827945000176, 14.556846020000137 ], [ 121.098180716000115, 14.558598497000105 ], [ 121.096371166000154, 14.55998440400009 ], [ 121.097179301000097, 14.561625504000176 ], [ 121.098084768000035, 14.562368499000115 ], [ 121.095891447000326, 14.564003354000135 ], [ 121.096285357000056, 14.565129079000087 ], [ 121.09661020100009, 14.565067988000067 ], [ 121.096896551000214, 14.569254547000185 ], [ 121.098344534000034, 14.570055250999985 ], [ 121.101763417000029, 14.573731944000031 ], [ 121.100974534000215, 14.574820267000064 ], [ 121.105081404000202, 14.577645414000187 ], [ 121.105744853000033, 14.577693569000132 ], [ 121.106545276000134, 14.578669642000023 ], [ 121.108022032000122, 14.578993337000043 ], [ 121.109057533000055, 14.580946777 ], [ 121.108962518000112, 14.582508885000152 ], [ 121.108131541000034, 14.583863249000103 ], [ 121.108339119000107, 14.587164396000105 ], [ 121.108642718000169, 14.587715427000148 ], [ 121.103456731000165, 14.588897737000082 ], [ 121.103695172000016, 14.593668617000162 ], [ 121.104845804000206, 14.593488223000122 ], [ 121.10475710500009, 14.592228198000043 ], [ 121.10668952900005, 14.592275763000032 ], [ 121.106774268000095, 14.591662054000096 ], [ 121.10757307900019, 14.591596938000066 ], [ 121.107940367000197, 14.592313055000091 ], [ 121.110454500000287, 14.592334529000084 ], [ 121.110180846000048, 14.594523767 ], [ 121.109444809000138, 14.595538176000048 ], [ 121.109440863000032, 14.597255581000127 ], [ 121.105719494000027, 14.603391834000035 ], [ 121.102191463000054, 14.614759528000036 ], [ 121.101650555000106, 14.617076987000189 ], [ 121.101878665000072, 14.620657343000119 ], [ 121.104959842000085, 14.621358134000104 ], [ 121.104399437000097, 14.622481875000119 ], [ 121.104816117000155, 14.623242317000177 ], [ 121.104711947000055, 14.624106929000106 ], [ 121.103990208000141, 14.624620055000094 ], [ 121.103836625000099, 14.626708193000013 ], [ 121.104645228000095, 14.62745353300005 ], [ 121.105051901000138, 14.629953140000055 ], [ 121.105444805000161, 14.630185310000059 ], [ 121.105815385000028, 14.63202928000004 ], [ 121.105498383000281, 14.632654354000067 ], [ 121.107149863000018, 14.635184274000153 ], [ 121.108536082000228, 14.636495850000131 ], [ 121.111105114000111, 14.635857104000024 ], [ 121.112372720000053, 14.636349011000164 ], [ 121.113583567000092, 14.637900409000054 ], [ 121.115596905000075, 14.638335464000079 ], [ 121.117057113000101, 14.636975960000029 ], [ 121.118588783000178, 14.636745531000088 ], [ 121.118622670000036, 14.635803486000043 ], [ 121.11944950100019, 14.635491730000183 ], [ 121.120658467000226, 14.635643092000066 ], [ 121.12127259500005, 14.636413444000027 ], [ 121.122381654000037, 14.636422483 ], [ 121.122783934000267, 14.636806527000147 ], [ 121.12280834600017, 14.637744844000053 ], [ 121.12376552000012, 14.637800583000171 ], [ 121.124353663000079, 14.636695412000108 ], [ 121.12522794500012, 14.636074748999988 ], [ 121.12544927600004, 14.636267788000055 ], [ 121.126049690000286, 14.63591229400015 ], [ 121.12718665400007, 14.635966894000035 ], [ 121.129479854000238, 14.634226118000072 ], [ 121.13001300700023, 14.634344953000038 ], [ 121.130469467000012, 14.63512509200001 ], [ 121.130113077000146, 14.635690105000151 ], [ 121.128477563000047, 14.643444360000046 ], [ 121.131333005000215, 14.653465219000054 ], [ 121.133007503000044, 14.6535347250001 ], [ 121.134609874000148, 14.654541611000127 ], [ 121.135036414000069, 14.657663518000049 ], [ 121.134868521000158, 14.658852383000124 ], [ 121.130648501000223, 14.664855701000135 ], [ 121.131079579000016, 14.667950382000129 ], [ 121.12950955000008, 14.668694558000084 ], [ 121.127236184000026, 14.669180087000029 ], [ 121.125743296000337, 14.670101231000046 ], [ 121.125153401000148, 14.669638389999989 ], [ 121.124704173000055, 14.668567503000133 ], [ 121.125012733000062, 14.666852270000049 ], [ 121.124114278000206, 14.666484720000028 ], [ 121.121525681000207, 14.666480991000128 ], [ 121.120021287000213, 14.669060063000018 ], [ 121.120533107000142, 14.670488563000106 ], [ 121.119420061000028, 14.671407917000124 ], [ 121.119279734000088, 14.672324185000093 ], [ 121.117130184000189, 14.67177504100016 ], [ 121.116725150000093, 14.673410133000061 ], [ 121.11595873400006, 14.674033886000075 ], [ 121.114582311000163, 14.673643236000089 ], [ 121.115347789000111, 14.672407999000086 ], [ 121.114084976000072, 14.671699956000054 ], [ 121.113248463000104, 14.671692176000136 ], [ 121.112360984000134, 14.672821908000174 ], [ 121.111768478000158, 14.672789253000019 ], [ 121.111422612000069, 14.672244604000184 ], [ 121.111840868000058, 14.670579537000151 ], [ 121.111165223000057, 14.669980424000073 ], [ 121.110433274000115, 14.669902617000105 ], [ 121.110017531000153, 14.670144213000015 ], [ 121.109805205000157, 14.67093154700018 ], [ 121.110578055000133, 14.672975989 ], [ 121.106702343000052, 14.675499389000095 ], [ 121.10882057300023, 14.677750007000157 ], [ 121.112168701000087, 14.684747919000074 ], [ 121.111183116, 14.689331279000044 ], [ 121.111611863, 14.695953082000187 ], [ 121.114675891000047, 14.697843459000183 ], [ 121.116055881000079, 14.697927290000109 ], [ 121.118870261000211, 14.697485915000073 ], [ 121.120101874000056, 14.698593123000023 ], [ 121.120437769000205, 14.701429566000172 ], [ 121.119367883000109, 14.702673619000166 ], [ 121.118139140000039, 14.703424914000038 ], [ 121.116405837000229, 14.705626875000064 ], [ 121.115992428000027, 14.709234545000186 ], [ 121.117912549000039, 14.71218583000018 ], [ 121.11977186300021, 14.711820449000072 ], [ 121.121552018000102, 14.710533670000075 ], [ 121.121607179000193, 14.709491034000166 ], [ 121.122266528000068, 14.709627880000085 ], [ 121.122813912000083, 14.709291985000107 ], [ 121.122403374000214, 14.707811561000028 ], [ 121.122577541000169, 14.707488107000074 ], [ 121.123759392000011, 14.707338821000178 ], [ 121.124617789000013, 14.708744602000024 ], [ 121.124841719000074, 14.710125501000164 ], [ 121.125159498000016, 14.715554877000159 ], [ 121.124676036000324, 14.716833780000172 ], [ 121.125052885000173, 14.717664995000121 ], [ 121.125625942000056, 14.717823816000021 ], [ 121.125063575000013, 14.719831102 ], [ 121.125343789000112, 14.720708356000159 ], [ 121.126667572000088, 14.721929496000087 ], [ 121.127952405000087, 14.721880154000075 ], [ 121.128828969000097, 14.722416098000053 ], [ 121.130229325000187, 14.722638601000085 ], [ 121.130987955000023, 14.722917543000051 ], [ 121.131469000000152, 14.723613300000125 ], [ 121.131243181000059, 14.725514235000162 ], [ 121.129858449000039, 14.727829334000091 ], [ 121.129493866000189, 14.729312865 ], [ 121.129267053000149, 14.728125032000037 ], [ 121.126666452000336, 14.726618124000083 ], [ 121.125156386000072, 14.72689776600015 ], [ 121.124339831000157, 14.727401122 ], [ 121.123796695000124, 14.728356507000115 ], [ 121.121547342000099, 14.725103087000036 ], [ 121.121041210000158, 14.725795842000082 ], [ 121.12145707600007, 14.726492812 ], [ 121.120320095000238, 14.726522029000023 ], [ 121.118989210000223, 14.729549507000058 ], [ 121.118057577000059, 14.729549361000068 ], [ 121.118613423000056, 14.732800538000049 ], [ 121.120972363000078, 14.734728619000123 ], [ 121.121820391000028, 14.73493861999998 ], [ 121.121784225000056, 14.736276133000104 ], [ 121.122444482000105, 14.737935082000149 ], [ 121.119461314000205, 14.739755534000096 ], [ 121.118139412000232, 14.739335796000034 ], [ 121.117636555000104, 14.740768134000064 ], [ 121.118377700000224, 14.744024601000092 ], [ 121.117764240000042, 14.746158470000182 ], [ 121.118740107000121, 14.747603487000106 ], [ 121.118250466000177, 14.749586381000029 ], [ 121.120826323000074, 14.752152299000102 ], [ 121.121281295000017, 14.753713312000173 ], [ 121.120931076000261, 14.755190303000063 ], [ 121.121516109000254, 14.756186059000072 ], [ 121.121219024000084, 14.756821594000144 ], [ 121.121441799000195, 14.757590123000057 ], [ 121.12314378300016, 14.757847832000152 ], [ 121.123412274000202, 14.759713458000135 ], [ 121.124184365000019, 14.759764301000189 ], [ 121.125375548000079, 14.760804571999984 ], [ 121.125327371000139, 14.761357092000083 ], [ 121.126102190000211, 14.762687529000118 ], [ 121.125512992000154, 14.763458653000157 ], [ 121.1255521490001, 14.764895532000082 ], [ 121.124914274000162, 14.765389599000059 ], [ 121.12465190100022, 14.766150471000117 ], [ 121.126690708000069, 14.767448771000034 ], [ 121.127737331000048, 14.769021584000086 ], [ 121.127652685000157, 14.769891168000072 ], [ 121.12821550600006, 14.77037101999997 ], [ 121.128764151000269, 14.770298254000181 ], [ 121.128829117, 14.771027056000094 ], [ 121.1299807500003, 14.772627813000099 ], [ 121.133240043000228, 14.773120168000105 ], [ 121.133288351000147, 14.774261170000159 ], [ 121.134971792000101, 14.776730445000112 ], [ 121.133749077000061, 14.777696177000053 ], [ 121.132187941000097, 14.776423115000057 ], [ 121.131408002000057, 14.776348895000183 ], [ 121.129946551000216, 14.777485055 ], [ 121.128834975000132, 14.777562997000075 ], [ 121.125135749000037, 14.775459382000179 ], [ 121.12456953800006, 14.774520612000117 ], [ 121.123692791000053, 14.775541844000088 ], [ 121.121199222000087, 14.776029560000097 ], [ 121.119890276000092, 14.775129153000137 ], [ 121.118425639000179, 14.77338284700005 ], [ 121.114652653000121, 14.772163486000181 ], [ 121.113244574000078, 14.768538131000128 ], [ 121.110298955000076, 14.76548601200011 ], [ 121.109682245000045, 14.763837527000021 ], [ 121.10491462400023, 14.762656063000179 ], [ 121.101977884000235, 14.765484873000105 ], [ 121.099729179000065, 14.765222305000066 ], [ 121.099879118000104, 14.767112952000048 ], [ 121.099467300000015, 14.768251215000191 ], [ 121.099505134000083, 14.769211051000013 ], [ 121.10041214000023, 14.768900951000148 ], [ 121.10074606000012, 14.769828884000106 ], [ 121.101989051000032, 14.770276824 ], [ 121.103328604000126, 14.769670834000124 ], [ 121.104259085000081, 14.770672446000049 ], [ 121.105552889000023, 14.770040539000092 ], [ 121.106570545000181, 14.770127148000086 ], [ 121.106519162000154, 14.771458256000074 ], [ 121.107052482000199, 14.771649121000166 ], [ 121.107632930000022, 14.771264811000151 ], [ 121.108365561000028, 14.772159416000022 ], [ 121.108357339, 14.772580409000113 ], [ 121.110096796000221, 14.774030258000096 ], [ 121.10992073500006, 14.77452597000007 ], [ 121.108868334000135, 14.774750746000166 ], [ 121.108792045000314, 14.775031621000039 ], [ 121.109787244000017, 14.776487298000177 ], [ 121.110320081000054, 14.777006111 ], [ 121.11238117500011, 14.777847991000044 ], [ 121.112959010000054, 14.778705510000179 ], [ 121.113837668000087, 14.778398229000061 ], [ 121.114565748000132, 14.778712700000085 ], [ 121.116417475000276, 14.780911945000071 ], [ 121.116957328000126, 14.783735925000144 ], [ 121.117774800000234, 14.785540999000091 ], [ 121.117685079000012, 14.787190742000064 ], [ 121.119537517000026, 14.787033618 ], [ 121.119893043000047, 14.785855126000058 ], [ 121.120608115000095, 14.785482605000027 ], [ 121.121265036000182, 14.784510515000079 ], [ 121.12193304400023, 14.785511285000098 ], [ 121.122639529000139, 14.785883365000188 ], [ 121.122870903000262, 14.786780906999979 ], [ 121.124733513000024, 14.787225184000079 ], [ 121.124982528000146, 14.787605040000074 ], [ 121.124836873000049, 14.788446461000149 ], [ 121.125674629000059, 14.78705925100013 ], [ 121.126965505000157, 14.787478795000027 ], [ 121.127495098000168, 14.788642172000095 ], [ 121.127410254000097, 14.78924196000014 ], [ 121.126176513000019, 14.790079610000191 ], [ 121.125872549000292, 14.79150640600011 ], [ 121.124860779000073, 14.792960555999969 ], [ 121.12600723800017, 14.793599825 ], [ 121.127608640000176, 14.791336192000074 ], [ 121.128057039000055, 14.792233302 ], [ 121.127659268000116, 14.79314026600008 ], [ 121.126970483000036, 14.793629526000075 ], [ 121.127402693000022, 14.794361650999974 ], [ 121.128192367000224, 14.794402703 ], [ 121.128354977000185, 14.793604911000102 ], [ 121.128840147, 14.793097315000182 ], [ 121.130179739000027, 14.793413317000045 ], [ 121.130348803000288, 14.794005259000187 ], [ 121.129405923000036, 14.79481878200005 ], [ 121.129381293000165, 14.79676678900006 ], [ 121.130168745000105, 14.797038808000082 ], [ 121.130213835000177, 14.796452709000164 ], [ 121.130571866000196, 14.796333056000151 ], [ 121.131170877000272, 14.797227056000054 ], [ 121.132120818000089, 14.797749528000111 ], [ 121.131769098000291, 14.799349451000069 ], [ 121.132768091000116, 14.799013767000133 ], [ 121.133969224000111, 14.79976668900008 ], [ 121.134744807000061, 14.801414775000069 ], [ 121.136772128000189, 14.801354218000085 ], [ 121.137394287000234, 14.802600927000128 ], [ 121.136933070000168, 14.803202666000118 ], [ 121.137332362000166, 14.803775250000058 ], [ 121.138089494000155, 14.803731814000173 ], [ 121.138887854000131, 14.803144925000026 ], [ 121.140216919000181, 14.803875672000174 ], [ 121.143188300000133, 14.804041920000088 ], [ 121.147818649000328, 14.801415686000041 ], [ 121.150529629000062, 14.801784266000141 ], [ 121.151881489000061, 14.803293339000049 ], [ 121.154676830000312, 14.805253077000032 ], [ 121.155958125000211, 14.807303648000129 ], [ 121.160278660000017, 14.810089310000023 ], [ 121.160995060000118, 14.811201772000061 ], [ 121.162883603000182, 14.812275578000083 ], [ 121.163450564000073, 14.813187220000032 ], [ 121.16351970900007, 14.818938153999966 ], [ 121.164330497000151, 14.819785698000146 ], [ 121.165284636000138, 14.823417534000043 ], [ 121.175298883000096, 14.823949699000138 ], [ 121.177397662000203, 14.823596705000057 ], [ 121.187988293000103, 14.823554115999968 ], [ 121.192519780000111, 14.82091428800004 ], [ 121.194810027000017, 14.820584310000129 ], [ 121.196652680000284, 14.821126651000156 ], [ 121.196528530000137, 14.819698922000043 ], [ 121.197338774000059, 14.819568237000169 ], [ 121.197247295000011, 14.818441083000153 ], [ 121.200566683000034, 14.818882143000053 ], [ 121.203350264000051, 14.817830132000154 ], [ 121.205156978000105, 14.818486822000125 ], [ 121.206486694000205, 14.819685853000124 ], [ 121.207172788000094, 14.818797198000027 ], [ 121.207751067000117, 14.818869075000066 ], [ 121.207688992000044, 14.818199316000118 ], [ 121.208355483000219, 14.817918344000134 ], [ 121.210240608000163, 14.818287528000155 ], [ 121.210730675000036, 14.818663246000142 ], [ 121.211057387000096, 14.819738127 ], [ 121.21232502700002, 14.820175920000054 ], [ 121.213710283000069, 14.819666251000115 ], [ 121.217140753000081, 14.820228194000151 ], [ 121.218094751000081, 14.819208855000113 ], [ 121.219061816000135, 14.819310135000137 ], [ 121.219254576000026, 14.820211859000096 ], [ 121.220123629000113, 14.819123910000087 ], [ 121.221064557000318, 14.819711990000087 ], [ 121.221482748000199, 14.821417424000117 ], [ 121.222417143000143, 14.822577249000062 ], [ 121.220814302, 14.825712833000182 ], [ 121.219792836000011, 14.829528635000031 ], [ 121.219251844000041, 14.833223191000059 ], [ 121.220316814000057, 14.833937502000083 ], [ 121.221695546000092, 14.834210990000145 ], [ 121.22941203400012, 14.832133559000113 ], [ 121.230483648000131, 14.831287375999977 ], [ 121.233950056000026, 14.832401462000178 ], [ 121.237743176000208, 14.831039075000149 ], [ 121.24321654400012, 14.831573923000178 ], [ 121.252996860000167, 14.829226647000098 ], [ 121.33035662500015, 14.834802543000137 ], [ 121.331500302000109, 14.828925229000049 ], [ 121.331989190000058, 14.819628624000075 ], [ 121.3336208730002, 14.815631016999987 ], [ 121.33499960100005, 14.814183425000124 ], [ 121.335500400000228, 14.800851961000035 ], [ 121.33174470400013, 14.793854650000071 ], [ 121.330710167000234, 14.789730174000056 ], [ 121.328978269000118, 14.788200564000135 ], [ 121.329180794000081, 14.784632316000113 ], [ 121.333563438000169, 14.776580837000154 ], [ 121.333971112000086, 14.774134826000022 ], [ 121.333869157000095, 14.770363897000038 ], [ 121.334378760000277, 14.768529387000115 ], [ 121.336213366000038, 14.766491032000147 ], [ 121.337436041000046, 14.764555217000122 ], [ 121.336926802000107, 14.763025848000098 ], [ 121.337781462000066, 14.761601208 ], [ 121.338502036000023, 14.756433253000068 ], [ 121.340455074000147, 14.750042663000158 ], [ 121.341797421000138, 14.747120400000028 ], [ 121.339067026000066, 14.742438594000078 ], [ 121.335907370000086, 14.73927919200014 ], [ 121.335397736000232, 14.737342772000147 ], [ 121.334174311000197, 14.73520325800007 ], [ 121.334276526000167, 14.731125843000086 ], [ 121.337436129000025, 14.727966391000166 ], [ 121.353875833000075, 14.722557836000021 ], [ 121.355124442000147, 14.721292240000139 ], [ 121.362717850000081, 14.708406480000122 ], [ 121.373458557000163, 14.701058392 ], [ 121.37652719800019, 14.699695709000139 ], [ 121.380628662000049, 14.695232352000062 ], [ 121.383161919000145, 14.695594246000155 ], [ 121.388349064000067, 14.694629196000051 ], [ 121.389917270000296, 14.693543514000112 ], [ 121.391726739000205, 14.69306098900006 ], [ 121.393898103000083, 14.691010257000073 ], [ 121.39836146000016, 14.691975308000053 ], [ 121.400170929000069, 14.69064836300015 ], [ 121.404806799000085, 14.690213882000137 ], [ 121.402879271000302, 14.6872280770001 ], [ 121.40285063000033, 14.686078448000103 ], [ 121.403424221000137, 14.685398781000117 ], [ 121.406773403000102, 14.685432501000037 ], [ 121.407351051000092, 14.684536561000186 ], [ 121.407298788000162, 14.680511166000088 ], [ 121.405317253000021, 14.679049072000055 ], [ 121.405027127000039, 14.678158624000105 ], [ 121.405890453000097, 14.677619514000071 ], [ 121.407199896000179, 14.677422374000116 ], [ 121.408089388, 14.676785648000191 ], [ 121.410348425000166, 14.672328489999984 ], [ 121.410864058000129, 14.668896700000118 ], [ 121.410820759000103, 14.667812216000073 ], [ 121.410028577000162, 14.666828045000102 ], [ 121.406758087000071, 14.66755528300007 ], [ 121.406382392000182, 14.666866992000053 ], [ 121.407720225000276, 14.664874927000142 ], [ 121.40612887400016, 14.662364281000066 ], [ 121.404886968000028, 14.661738347000153 ], [ 121.404202292000264, 14.660925983000084 ], [ 121.405117236000137, 14.659758989000125 ], [ 121.406219727000121, 14.659138693000159 ], [ 121.406096699000045, 14.657769814000119 ], [ 121.405251576000069, 14.657263267000076 ], [ 121.403609225000309, 14.657328729000142 ], [ 121.402845184000057, 14.656630550000045 ], [ 121.402697798000304, 14.653200957000024 ], [ 121.403535539000245, 14.652005088000124 ], [ 121.40361628800008, 14.650958913000181 ], [ 121.402817114000072, 14.649795466000057 ], [ 121.403342003000034, 14.648771741000189 ], [ 121.403900660000204, 14.648546712000154 ], [ 121.404222121000089, 14.647574570000188 ], [ 121.404212210000196, 14.646932894000031 ], [ 121.40303348700013, 14.645952265000176 ], [ 121.403054091000058, 14.645571817000132 ], [ 121.404749711000022, 14.644270507999977 ], [ 121.404461308, 14.641022264000185 ], [ 121.404866518000176, 14.639266049000071 ], [ 121.406365496000035, 14.638268880000112 ], [ 121.408075032000056, 14.637939024000161 ], [ 121.41071023800032, 14.636143292000099 ], [ 121.411515885000085, 14.633436231000189 ], [ 121.412442229000021, 14.632790595000074 ], [ 121.416274257000168, 14.632162233000088 ], [ 121.416432221000264, 14.630872120000049 ], [ 121.415330140000151, 14.629900489000022 ], [ 121.415159352000046, 14.629053810000073 ], [ 121.415797135000162, 14.627965106000033 ], [ 121.441737023000201, 14.622482465000189 ], [ 121.439535694000028, 14.603987708000147 ], [ 121.441152143000181, 14.604785113000105 ], [ 121.443986147000146, 14.602748851000058 ], [ 121.444020450000039, 14.601351178000129 ], [ 121.445322134000094, 14.598793670000077 ], [ 121.44838657400021, 14.598416774000157 ], [ 121.448949829000185, 14.597870974000102 ], [ 121.448667150000119, 14.596575716000075 ], [ 121.449053954000192, 14.595552739000084 ], [ 121.451050535000036, 14.595215478000171 ] ] ], [ [ [ 121.236326380000037, 14.487756976000185 ], [ 121.235742209000136, 14.488456515000053 ], [ 121.235838287000092, 14.488708864999978 ], [ 121.236665690000223, 14.488256412000112 ], [ 121.236326380000037, 14.487756976000185 ] ] ], [ [ [ 121.246367895000162, 14.487389036000138 ], [ 121.244690747000277, 14.486024333999978 ], [ 121.244073669000045, 14.486134581000158 ], [ 121.243894101000137, 14.486483030000102 ], [ 121.24400304400001, 14.486938051000038 ], [ 121.244638281000221, 14.486903642000129 ], [ 121.245721423000077, 14.487507002000086 ], [ 121.246367895000162, 14.487389036000138 ] ] ], [ [ [ 121.238198731000125, 14.480972892000011 ], [ 121.237868080000226, 14.48130127100012 ], [ 121.237860156000124, 14.481575991000113 ], [ 121.23817965100011, 14.481202666 ], [ 121.238198731000125, 14.480972892000011 ] ] ], [ [ [ 121.237633410000171, 14.480407879000097 ], [ 121.237141752000184, 14.480718227000182 ], [ 121.237207844000295, 14.481094441000039 ], [ 121.237820714, 14.480740140000137 ], [ 121.237633410000171, 14.480407879000097 ] ] ], [ [ [ 121.323340415000075, 14.441540971000109 ], [ 121.322873568000091, 14.442160694000165 ], [ 121.323038850000103, 14.443003384000065 ], [ 121.323507474000166, 14.442515835000165 ], [ 121.323340415000075, 14.441540971000109 ] ] ], [ [ [ 121.202709162000133, 14.431274812000083 ], [ 121.202390248000029, 14.431480386000032 ], [ 121.202825511000015, 14.431871604000094 ], [ 121.203517773000158, 14.431865635 ], [ 121.202709162000133, 14.431274812000083 ] ] ], [ [ [ 121.23109121500022, 14.401883034000036 ], [ 121.231784617000017, 14.400626676000172 ], [ 121.233159908000061, 14.399573860000089 ], [ 121.235317813000165, 14.397010182000088 ], [ 121.235834987000089, 14.392265502000043 ], [ 121.23622140700013, 14.391205279000189 ], [ 121.234666942000217, 14.387309794000032 ], [ 121.235235526000224, 14.385272873000133 ], [ 121.235241911000116, 14.382608065999989 ], [ 121.235918009000102, 14.38169174900014 ], [ 121.236308964000045, 14.380050391000054 ], [ 121.236333401000024, 14.37878901800002 ], [ 121.235737276000123, 14.376927678000015 ], [ 121.235928798000032, 14.372903470000153 ], [ 121.236698002000026, 14.369379681000169 ], [ 121.238005805000171, 14.36763174400005 ], [ 121.23832877700022, 14.363523456000109 ], [ 121.238843977000215, 14.362719323000135 ], [ 121.239488639000115, 14.356515547000186 ], [ 121.240017468000019, 14.355824910000138 ], [ 121.240739397000198, 14.349026353000113 ], [ 121.241370415, 14.348279768000054 ], [ 121.242549465000025, 14.348104239 ], [ 121.244319216, 14.346756567000057 ], [ 121.245450558000016, 14.347105139000121 ], [ 121.246098607000022, 14.347903728000063 ], [ 121.246729935000076, 14.347114605000058 ], [ 121.247325679000028, 14.347161535 ], [ 121.248364295000101, 14.346347067000124 ], [ 121.249033059000226, 14.34635200800011 ], [ 121.249923319000118, 14.347790246000045 ], [ 121.251127591000113, 14.348110982000151 ], [ 121.253255045000174, 14.34750297100004 ], [ 121.25353863600003, 14.34655534 ], [ 121.254269949000104, 14.345993729000043 ], [ 121.256519998000044, 14.346449710000172 ], [ 121.258817534000059, 14.344524626000066 ], [ 121.258876282000074, 14.340683642000045 ], [ 121.259910357000081, 14.338564986000051 ], [ 121.261644088000139, 14.338095749000047 ], [ 121.263286218000076, 14.338192827000114 ], [ 121.264371845000142, 14.336925023 ], [ 121.265399345000105, 14.337542064000161 ], [ 121.266283276000081, 14.336757668000075 ], [ 121.264404480000053, 14.335674127000061 ], [ 121.263373225000123, 14.333971654000152 ], [ 121.263237621000258, 14.333126419000109 ], [ 121.259723435000069, 14.331190814000081 ], [ 121.258396456000014, 14.331490055000074 ], [ 121.257626249000168, 14.332372973000133 ], [ 121.255725643000119, 14.333573738000098 ], [ 121.254773519000196, 14.333577191000131 ], [ 121.254033043000049, 14.333109686000057 ], [ 121.252891863000059, 14.333435807000114 ], [ 121.249784473000204, 14.333187104000103 ], [ 121.248943589000078, 14.332672849000062 ], [ 121.248072126000011, 14.3333354560001 ], [ 121.247181377000175, 14.333443868000188 ], [ 121.245788103000109, 14.33282098300009 ], [ 121.24561482300021, 14.331986746000041 ], [ 121.245143224000117, 14.331626438000114 ], [ 121.243716568000082, 14.331199593 ], [ 121.243336519000195, 14.33039723800016 ], [ 121.243435456000043, 14.329875955000091 ], [ 121.242013429000053, 14.329726662000098 ], [ 121.241633336000177, 14.328930913000079 ], [ 121.24161067700004, 14.32749024900005 ], [ 121.24112376100004, 14.326488867000023 ], [ 121.240988580000135, 14.324703766000027 ], [ 121.241265511000051, 14.323952530000042 ], [ 121.24074003200019, 14.323552170000085 ], [ 121.240518077000047, 14.322466849000079 ], [ 121.240720763000127, 14.319937571000082 ], [ 121.241124225000021, 14.319471407000037 ], [ 121.241761559000224, 14.316819797000051 ], [ 121.242477145000066, 14.315430849000052 ], [ 121.244117009000092, 14.314570748000051 ], [ 121.244189598000162, 14.313950152000189 ], [ 121.245149411000057, 14.312523350999982 ], [ 121.24537887300005, 14.310899527000117 ], [ 121.24499843100034, 14.309277807000058 ], [ 121.244139922000272, 14.308134924000058 ], [ 121.242330663000075, 14.308128158000045 ], [ 121.241784579000182, 14.307767297000112 ], [ 121.241586748000032, 14.307065408000028 ], [ 121.241248255000073, 14.307023257000026 ], [ 121.240864504000115, 14.305831015000138 ], [ 121.24122641800011, 14.304604644 ], [ 121.24106925600006, 14.3030308270001 ], [ 121.237502348000021, 14.29988553700008 ], [ 121.237387697000031, 14.298946382000111 ], [ 121.238128521000021, 14.298661130000141 ], [ 121.237902728000108, 14.29807136400018 ], [ 121.238188254000079, 14.297082312000043 ], [ 121.238487928000154, 14.296886298000175 ], [ 121.239454489000082, 14.297197413000049 ], [ 121.240360235000139, 14.296616023000126 ], [ 121.240150713000162, 14.295676167000124 ], [ 121.240518767000026, 14.294529134000186 ], [ 121.238590020000061, 14.291607432000035 ], [ 121.237813509000034, 14.29125807700018 ], [ 121.238010530000111, 14.290321230000188 ], [ 121.237305536, 14.289490035000085 ], [ 121.237209294000081, 14.287057657000105 ], [ 121.236715494000237, 14.287820501000112 ], [ 121.236712393000062, 14.290827020000108 ], [ 121.235994525000024, 14.291647672000181 ], [ 121.235509801000035, 14.293851075000134 ], [ 121.233827217000112, 14.295860566000044 ], [ 121.233916916000112, 14.296522010000047 ], [ 121.233399657000064, 14.297681135000119 ], [ 121.231358051000029, 14.297936879000133 ], [ 121.231319114000144, 14.299449767000112 ], [ 121.232109198000103, 14.300664863000065 ], [ 121.231465555000113, 14.301519086000155 ], [ 121.231122427000287, 14.303802818000122 ], [ 121.231586200000038, 14.306885484000077 ], [ 121.23129043900019, 14.308310560000052 ], [ 121.229623994, 14.309969912000042 ], [ 121.226282291000075, 14.310949369000184 ], [ 121.224914538000121, 14.313397232000113 ], [ 121.224342070000034, 14.319842100000074 ], [ 121.225879885000154, 14.321631074000152 ], [ 121.226051399000085, 14.323951671000032 ], [ 121.225509201000023, 14.324819839000099 ], [ 121.224593491000064, 14.324925324000048 ], [ 121.223655283000085, 14.326167166000118 ], [ 121.224151495000115, 14.326838258000066 ], [ 121.224065600000017, 14.327419096000142 ], [ 121.222597709000183, 14.328795730000024 ], [ 121.220883286000117, 14.32963528 ], [ 121.221287648000043, 14.330781446000174 ], [ 121.221471985000107, 14.333188035000092 ], [ 121.218313093, 14.333283274000053 ], [ 121.216852727000173, 14.335413199000129 ], [ 121.215028132000157, 14.336463316000106 ], [ 121.21517981500017, 14.336993072000041 ], [ 121.217054592000068, 14.337311126000088 ], [ 121.218017936000024, 14.338045212000054 ], [ 121.218334495000022, 14.340010076999988 ], [ 121.217740762000062, 14.341386624000108 ], [ 121.217808974000036, 14.343045669000162 ], [ 121.216948537000121, 14.343865162000043 ], [ 121.21708921600009, 14.344930060000024 ], [ 121.216811651000171, 14.345747326000151 ], [ 121.215142316000197, 14.346864679000134 ], [ 121.214600536000262, 14.347666737000054 ], [ 121.21458038500009, 14.348499154000081 ], [ 121.214049797000257, 14.349598640000124 ], [ 121.21454997100011, 14.350626598000076 ], [ 121.215783661000046, 14.349750459000177 ], [ 121.216608807000057, 14.349968115000081 ], [ 121.217353266000146, 14.351817261000122 ], [ 121.216926642000203, 14.352626798000017 ], [ 121.217241022000053, 14.354010171000027 ], [ 121.218583076000073, 14.354859441000087 ], [ 121.21878679800011, 14.355667111000173 ], [ 121.219581098000049, 14.356360282000026 ], [ 121.219607985000039, 14.357245915000021 ], [ 121.220115654000097, 14.358188022000093 ], [ 121.219968232000156, 14.360545862000151 ], [ 121.220265228000017, 14.361559072000148 ], [ 121.219805732000168, 14.363095212000019 ], [ 121.22030236500018, 14.363720067000145 ], [ 121.220341344000076, 14.364790807000077 ], [ 121.221369635000201, 14.367613412000139 ], [ 121.220864885000196, 14.371442082000044 ], [ 121.221421202000101, 14.373950579 ], [ 121.220857047000209, 14.375003569000114 ], [ 121.220410726000182, 14.380008841000176 ], [ 121.220594007000159, 14.381688573000076 ], [ 121.22023118200002, 14.382994165000071 ], [ 121.221068583000147, 14.385960709000017 ], [ 121.220664819000149, 14.387299030000179 ], [ 121.22161291000009, 14.387913027000081 ], [ 121.220573222000098, 14.388593448000165 ], [ 121.219846597000128, 14.389612168000099 ], [ 121.2201651270002, 14.391332563000049 ], [ 121.220697539000184, 14.391726425000115 ], [ 121.221903849000114, 14.391768540000157 ], [ 121.222105413000122, 14.394565107000176 ], [ 121.221226004000073, 14.395186220000141 ], [ 121.221066353000083, 14.396513163000066 ], [ 121.219972657000085, 14.397654663000026 ], [ 121.220034912000301, 14.399207936000039 ], [ 121.221724827000116, 14.399821959000121 ], [ 121.221617204000154, 14.401426816000082 ], [ 121.22200035000003, 14.401839376000112 ], [ 121.225823491000256, 14.401881334000052 ], [ 121.226207063000061, 14.402241030000141 ], [ 121.226013600000101, 14.402702117000047 ], [ 121.226556160000086, 14.403532152000025 ], [ 121.226240405000112, 14.404884358 ], [ 121.225153376000321, 14.405180146000134 ], [ 121.224564900000132, 14.405869531000064 ], [ 121.224858869000059, 14.407272570000089 ], [ 121.223698179000053, 14.408307857000011 ], [ 121.223182873000269, 14.410028584000031 ], [ 121.223125736000043, 14.411250576000043 ], [ 121.223922819000222, 14.41247238699998 ], [ 121.22483554300004, 14.412789813000131 ], [ 121.225788580000085, 14.415724183000123 ], [ 121.225711185000023, 14.416080415000124 ], [ 121.223426109000116, 14.417834085000095 ], [ 121.223294365000129, 14.419914512000162 ], [ 121.22387799, 14.420698611000091 ], [ 121.224166224000214, 14.42242685500014 ], [ 121.224601281000218, 14.422586051000167 ], [ 121.22554950100016, 14.422224643999982 ], [ 121.225615978000064, 14.421176219000188 ], [ 121.228352458000018, 14.417213698000182 ], [ 121.228364106000072, 14.415739619000135 ], [ 121.227819775000057, 14.414686606000146 ], [ 121.227888027000063, 14.413411397000061 ], [ 121.228619856000137, 14.412821553000128 ], [ 121.229582572000027, 14.410617522000109 ], [ 121.23100536600009, 14.409083144000135 ], [ 121.231126272000211, 14.406660174000024 ], [ 121.229962450000016, 14.404865442000073 ], [ 121.23031794100018, 14.404045973 ], [ 121.230316253000069, 14.402415870000027 ], [ 121.23109121500022, 14.401883034000036 ] ] ], [ [ [ 121.258241758000167, 14.309808147000069 ], [ 121.257635901000071, 14.310040670000035 ], [ 121.257970360000058, 14.311688331000028 ], [ 121.259663131000138, 14.311869996000041 ], [ 121.259469401000047, 14.310880097000108 ], [ 121.258241758000167, 14.309808147000069 ] ] ], [ [ [ 121.252295041000139, 14.303178236000122 ], [ 121.25203488600016, 14.303523063000171 ], [ 121.253150122000079, 14.30518126100003 ], [ 121.252903179000327, 14.303816402000166 ], [ 121.252295041000139, 14.303178236000122 ] ] ], [ [ [ 121.249420679000309, 14.300682091000112 ], [ 121.25098919900006, 14.300801243000024 ], [ 121.24781337200011, 14.297657215000129 ], [ 121.246949676000099, 14.298356283000032 ], [ 121.245405328000174, 14.298285110999984 ], [ 121.244678159000159, 14.298769960000072 ], [ 121.244251465000048, 14.30003419600007 ], [ 121.244575351000321, 14.300957236000045 ], [ 121.24446556800001, 14.302462942000091 ], [ 121.24509773800014, 14.303161085000056 ], [ 121.246616577000282, 14.303363596 ], [ 121.247692247000145, 14.302211747000172 ], [ 121.24763882100001, 14.301195051999969 ], [ 121.249420679000309, 14.300682091000112 ] ] ], [ [ [ 121.308183150000218, 14.278380759000129 ], [ 121.307791887, 14.278266958000074 ], [ 121.307581166000091, 14.27853684400003 ], [ 121.306825583000204, 14.282318518000068 ], [ 121.307804455000223, 14.283355504000099 ], [ 121.308605762000184, 14.285304065000105 ], [ 121.309016009000061, 14.285418001000153 ], [ 121.309323029000097, 14.284957594000161 ], [ 121.309309910000025, 14.281633040000031 ], [ 121.309856212000227, 14.280465033000098 ], [ 121.308183150000218, 14.278380759000129 ] ] ], [ [ [ 121.311105689000101, 14.285101509000071 ], [ 121.312761554000076, 14.284681732000024 ], [ 121.313038781000046, 14.284320348000165 ], [ 121.311380474000089, 14.283180299000094 ], [ 121.310634356000151, 14.283308872000134 ], [ 121.310452171000065, 14.284072519000176 ], [ 121.310720555000103, 14.284896736000064 ], [ 121.311105689000101, 14.285101509000071 ] ] ] ] } }
]
}
