Crop,Geolocation,2010 Quarter1,2010 Quarter2,2010 Semester1,2010 Quarter3,2010 Quarter4,2010 Semester2,2010 Annual,2011 Quarter1,2011 Quarter2,2011 Semester1,2011 Quarter3,2011 Quarter4,2011 Semester2,2011 Annual,2012 Quarter1,2012 Quarter2,2012 Semester1,2012 Quarter3,2012 Quarter4,2012 Semester2,2012 Annual,2013 Quarter1,2013 Quarter2,2013 Semester1,2013 Quarter3,2013 Quarter4,2013 Semester2,2013 Annual,2014 Quarter1,2014 Quarter2,2014 Semester1,2014 Quarter3,2014 Quarter4,2014 Semester2,2014 Annual,2015 Quarter1,2015 Quarter2,2015 Semester1,2015 Quarter3,2015 Quarter4,2015 Semester2,2015 Annual,2016 Quarter1,2016 Quarter2,2016 Semester1,2016 Quarter3,2016 Quarter4,2016 Semester2,2016 Annual,2017 Quarter1,2017 Quarter2,2017 Semester1,2017 Quarter3,2017 Quarter4,2017 Semester2,2017 Annual,2018 Quarter1,2018 Quarter2,2018 Semester1,2018 Quarter3,2018 Quarter4,2018 Semester2,2018 Annual,2019 Quarter1,2019 Quarter2,2019 Semester1,2019 Quarter3,2019 Quarter4,2019 Semester2,2019 Annual,2020 Quarter1,2020 Quarter2,2020 Semester1,2020 Quarter3,2020 Quarter4,2020 Semester2,2020 Annual,2021 Quarter1,2021 Quarter2,2021 Semester1,2021 Quarter3,2021 Quarter4,2021 Semester2,2021 Annual,2022 Quarter1,2022 Quarter2,2022 Semester1,2022 Quarter3,2022 Quarter4,2022 Semester2,2022 Annual,2023 Quarter1,2023 Quarter2,2023 Semester1,2023 Quarter3,2023 Quarter4,2023 Semester2,2023 Annual,2024 Quarter1,2024 Quarter2,2024 Semester1,2024 Quarter3,2024 Quarter4,2024 Semester2,2024 Annual,2025 Quarter1,2025 Quarter2,2025 Semester1,2025 Quarter3,2025 Quarter4,2025 Semester2,2025 Annual,2026 Quarter1,2026 Quarter2,2026 Semester1,2026 Quarter3,2026 Quarter4,2026 Semester2,2026 Annual
Coconut,PHILIPPINES,..,..,339616381,..,..,340982403,341020368,..,..,339752441,..,..,339098393,339795215,..,..,343318885,..,..,340212159,344437571,..,..,337182499,..,..,325424537,338400148,..,..,325792656,..,..,327957350,330518369,..,..,328475794,..,..,328841150,329908718,..,..,338583096,..,..,337905064,338669777,..,..,341740171,..,..,341692945,343048674,..,..,346108852,..,..,346339805,347009015,..,..,346973698,..,..,345361132,347952192,..,..,345081086,..,..,344895112,345623310,..,..,346184702,..,..,341827263,346834329,..,..,340099775,..,..,340424952,340595730,..,..,342206182,..,..,342689265,345056354,..,..,340543253,..,..,338655530,341619502,339568241,339732530,345903389,341479131,341509025,341702059,347874435,342822057,331702922,342916895,..,..,..,..
Coconut,..CORDILLERA ADMINISTRATIVE REGION (CAR),..,..,33490,..,..,33452,33497,..,..,33102,..,..,33002,33102,..,..,33277,..,..,34072,34172,..,..,37442,..,..,37480,37480,..,..,37828,..,..,41218,41218,..,..,41318,..,..,41168,41318,..,..,41168,..,..,35009,41168,..,..,35009,..,..,35329,35329,..,..,35627,..,..,32506,35627,..,..,31906,..,..,32330,32330,..,..,32310,..,..,32464,32464,..,..,32616,..,..,32624,32624,..,..,32623,..,..,32679,32679,..,..,32746,..,..,31434,32963,..,..,39854,..,..,39854,39854,39714,39714,39714,39714,39714,39714,39714,39714,39714,39714,..,..,..,..
Coconut,..REGION I (ILOCOS REGION),..,..,895856,..,..,895525,896727,..,..,898577,..,..,898683,898683,..,..,905107,..,..,901419,905107,..,..,908013,..,..,910593,910593,..,..,910593,..,..,911135,911180,..,..,905096,..,..,909944,912109,..,..,911108,..,..,893517,911108,..,..,895598,..,..,896808,896808,..,..,896487,..,..,898462,898946,..,..,896212,..,..,896462,896462,..,..,897866,..,..,899192,899689,..,..,899698,..,..,899881,900186,..,..,901505,..,..,901505,901505,..,..,880410,..,..,903105,903726,..,..,902211,..,..,897257,902306,915076,915138,915138,891369,920151,920151,920329,920151,914960,920151,..,..,..,..
Coconut,..REGION II (CAGAYAN VALLEY),..,..,1372760,..,..,1362980,1372790,..,..,1365300,..,..,1366126,1367300,..,..,1411566,..,..,1426184,1426184,..,..,1430121,..,..,1427343,1433165,..,..,1416747,..,..,1421683,1421747,..,..,1433309,..,..,1432808,1433309,..,..,1432074,..,..,1406325,1432074,..,..,1404127,..,..,1409325,1409325,..,..,1409610,..,..,1409004,1409954,..,..,1409317,..,..,1409665,1409665,..,..,1410346,..,..,1410508,1410508,..,..,1411071,..,..,1429366,1429366,..,..,1429130,..,..,1429437,1429437,..,..,1430580,..,..,1430549,1430580,..,..,1431189,..,..,1430722,1431212,1429121,1429121,1429121,1429131,1429151,1429151,1429151,1429158,1429158,1429158,..,..,..,..
Coconut,..REGION III (CENTRAL LUZON),..,..,3008747,..,..,3008747,3008747,..,..,3008747,..,..,3006697,3008747,..,..,3005705,..,..,2977275,3005705,..,..,2894850,..,..,2818680,2894870,..,..,2817400,..,..,2819050,2819050,..,..,2836300,..,..,2585275,2836300,..,..,3317057,..,..,3005023,3317057,..,..,3170144,..,..,3145820,3170144,..,..,3144680,..,..,2847373,3144680,..,..,3171703,..,..,3171765,3172753,..,..,3172263,..,..,3171141,3172263,..,..,3171651,..,..,3171168,3171818,..,..,3172764,..,..,3172900,3172964,..,..,3172172,..,..,3172191,3172191,..,..,3171943,..,..,3171899,3171943,2463813,2610148,2610148,2610148,2610080,2610148,2610148,2610053,2610053,2610053,..,..,..,..
Coconut,..REGION IV-A (CALABARZON),..,..,41746328,..,..,41744542,41746328,..,..,41694340,..,..,41699340,41699340,..,..,46852040,..,..,46917240,46922240,..,..,46583263,..,..,46569763,46583763,..,..,46519898,..,..,46074649,46519938,..,..,46073546,..,..,46152961,46153446,..,..,54326273,..,..,54254694,54327973,..,..,54254694,..,..,54255254,54255254,..,..,57209113,..,..,57316563,57316563,..,..,57316062,..,..,55498942,57316062,..,..,55452942,..,..,55088376,55452994,..,..,55335048,..,..,55339848,55339848,..,..,55340594,..,..,55336354,55341354,..,..,55336354,..,..,55481507,55481507,..,..,55481552,..,..,55501552,55501552,55379178,55374158,55379178,55379072,55387108,55387108,55392128,55391158,55391158,55391158,..,..,..,..
Coconut,..MIMAROPA REGION,..,..,17372344,..,..,17525486,17530994,..,..,17525539,..,..,17525214,17525539,..,..,17522044,..,..,17620873,17621198,..,..,17576164,..,..,17571552,17576164,..,..,17452660,..,..,17531960,17836960,..,..,17531800,..,..,17773589,18004478,..,..,17631688,..,..,17639005,17640513,..,..,17630147,..,..,17158096,17641397,..,..,17162146,..,..,17455556,17455556,..,..,17453875,..,..,17332596,17454125,..,..,17461601,..,..,17216550,17542547,..,..,17193640,..,..,16878430,17219077,..,..,16889163,..,..,17281095,17284563,..,..,17286515,..,..,15621624,17299095,..,..,16663447,..,..,15534661,16682088,15516671,15516076,15516671,15515976,15515476,15515976,15516671,15515476,15515476,15515476,..,..,..,..
Coconut,..REGION V (BICOL REGION),..,..,35015663,..,..,35015713,35015713,..,..,35015313,..,..,35015913,35015913,..,..,35470228,..,..,35594858,35651678,..,..,35595228,..,..,35596273,35596273,..,..,36126794,..,..,34914080,36126794,..,..,34973508,..,..,35018151,35018151,..,..,35075971,..,..,35151485,35151495,..,..,35620003,..,..,35131246,35755759,..,..,35131266,..,..,35131356,35131356,..,..,35131082,..,..,35042241,35131082,..,..,35053071,..,..,35041937,35053161,..,..,35040735,..,..,35036685,35042519,..,..,35049085,..,..,35045653,35049195,..,..,34949085,..,..,35368189,35374271,..,..,31793714,..,..,30201207,31793824,30186797,30222523,30222523,30221226,30029072,30221226,30222523,30100514,30100514,30100514,..,..,..,..
Coconut,..REGION VI (WESTERN VISAYAS),..,..,9542000,..,..,9542000,9542000,..,..,9662144,..,..,9662190,9662190,..,..,9693100,..,..,9693100,9693100,..,..,9791026,..,..,8506429,9791521,..,..,8775729,..,..,8775729,8775729,..,..,8840310,..,..,8840310,8840310,..,..,8645137,..,..,8645137,8645137,..,..,8696190,..,..,8971080,8971080,..,..,9265441,..,..,9265441,9265441,..,..,9495167,..,..,9619477,9619477,..,..,9547760,..,..,9547526,9547760,..,..,9682142,..,..,9685566,9691742,..,..,9831260,..,..,9838115,9838115,..,..,9916450,..,..,10007078,10007078,..,..,7498979,..,..,7431999,7498999,9050295,9050245,9050295,9050295,9050295,9050295,9050295,10332511,10332511,10332511,..,..,..,..
Coconut,..NEGROS ISLAND REGION (NIR) 2/,..,..,..,..,..,..,..,..,..,..,..,..,..,..,..,..,..,..,..,..,..,..,..,..,..,..,..,..,..,..,..,..,..,..,..,..,..,..,..,..,..,..,..,..,..,..,..,..,..,..,..,..,..,..,..,..,..,..,..,..,..,..,..,..,..,..,..,..,..,..,..,..,..,..,..,..,..,..,..,..,..,..,..,..,..,..,..,..,..,..,..,..,..,..,..,..,..,..,..,..,6129708,..,..,6129708,6129708,6128708,6128708,6128708,6128708,6128708,6128708,6128708,6128834,6129144,6129144,..,..,..,..
Coconut,..REGION VII (CENTRAL VISAYAS),..,..,12817958,..,..,12817958,12817958,..,..,12799359,..,..,12798234,12799359,..,..,12802274,..,..,12799964,12802274,..,..,12845574,..,..,12604667,12845574,..,..,12561811,..,..,12422111,12561811,..,..,12421964,..,..,12422464,12422464,..,..,12420964,..,..,12420964,12420964,..,..,12420964,..,..,12419927,12420964,..,..,12324427,..,..,12326929,12327087,..,..,12326929,..,..,12326509,12326929,..,..,12326509,..,..,12326454,12326509,..,..,12326504,..,..,11317759,12326504,..,..,9617090,..,..,9617090,9617090,..,..,10187211,..,..,10738246,10738246,..,..,6914705,..,..,6914705,6914705,6914705,6914705,6914705,6918700,7029140,7029440,7029440,7029140,7029155,7029155,..,..,..,..
Coconut,..REGION VIII (EASTERN VISAYAS),..,..,46197530,..,..,46209530,46209530,..,..,46130929,..,..,46072711,46130929,..,..,46061686,..,..,46263621,46263621,..,..,46275760,..,..,34927558,46275760,..,..,34927558,..,..,34480315,34927631,..,..,34483700,..,..,34290055,34483700,..,..,33969231,..,..,33968410,33969231,..,..,34409415,..,..,35218087,35218387,..,..,35217759,..,..,35453359,35453359,..,..,35421420,..,..,35396699,35516095,..,..,35204010,..,..,35477788,35477788,..,..,35809830,..,..,34589391,35911830,..,..,34828995,..,..,34833095,34833095,..,..,35824302,..,..,36649252,37000252,..,..,36080202,..,..,37042337,37042337,37038296,37067528,37067528,37067528,37126242,37126254,37126254,37081176,26345782,37090356,..,..,..,..
Coconut,..REGION IX (ZAMBOANGA PENINSULA) 3/,..,..,31032964,..,..,31032964,31032964,..,..,31165498,..,..,31187074,31187074,..,..,30552417,..,..,30758652,30758752,..,..,30758252,..,..,31040097,31040237,..,..,31040167,..,..,35080454,35080844,..,..,35239367,..,..,35339177,35339367,..,..,35452454,..,..,35329954,35452454,..,..,38309693,..,..,38309693,38309693,..,..,39109511,..,..,39109511,39109511,..,..,38952314,..,..,39113614,39113614,..,..,38950140,..,..,38950140,38950140,..,..,39056130,..,..,39056349,39056349,..,..,39056087,..,..,39062733,39062733,..,..,39063597,..,..,39317455,39318319,..,..,40255360,..,..,40255360,40255360,40255360,40544555,43169680,40544555,40544555,40544555,43169680,48954555,48853077,48954555,..,..,..,..
Coconut,..REGION X (NORTHERN MINDANAO),..,..,31869349,..,..,31869349,31869349,..,..,31892744,..,..,31888702,31892744,..,..,31888702,..,..,31887252,31888702,..,..,31824534,..,..,31824534,31824534,..,..,31824534,..,..,31825848,31826034,..,..,31828848,..,..,31828848,31828848,..,..,31828598,..,..,31828598,31828598,..,..,31828598,..,..,31828573,31828598,..,..,32026811,..,..,31962785,32160996,..,..,32160623,..,..,32160623,32160623,..,..,32161123,..,..,32178154,32179279,..,..,32554636,..,..,32178572,32554796,..,..,32177709,..,..,32255316,32255321,..,..,32417291,..,..,32471848,32471848,..,..,32061541,..,..,32061704,32061704,32061704,32060804,32061704,32060804,32060804,32060804,32061704,32060804,32060804,32060804,..,..,..,..
Coconut,..REGION XI (DAVAO REGION),..,..,39843291,..,..,39827575,39843291,..,..,39811212,..,..,39810474,39811212,..,..,39810009,..,..,36486760,39810009,..,..,33818912,..,..,33818908,33818912,..,..,33814203,..,..,33814088,33814203,..,..,33788522,..,..,33400398,33788522,..,..,34090519,..,..,33949920,34090519,..,..,34092713,..,..,33918484,34092713,..,..,33918404,..,..,33919991,33920533,..,..,33864540,..,..,33868743,33963500,..,..,33920969,..,..,34076613,34076618,..,..,34075093,..,..,34074243,34075343,..,..,34074419,..,..,34073919,34074419,..,..,34070613,..,..,33923219,34071292,..,..,33920304,..,..,33922460,33923410,33917412,33918801,37126885,35681481,35696603,35696603,38904687,35696602,35678739,35696603,..,..,..,..
Coconut,..REGION XII (SOCCSKSARGEN),..,..,14623391,..,..,15850720,15850720,..,..,15241136,..,..,15204227,15248227,..,..,15263982,..,..,15400629,15400699,..,..,15644781,..,..,15784644,15784644,..,..,15797682,..,..,15797732,15797732,..,..,15825083,..,..,16552879,16553273,..,..,16563079,..,..,16563479,16563479,..,..,16608591,..,..,16678818,16678818,..,..,16899373,..,..,17021209,17021209,..,..,17079379,..,..,17568806,17576306,..,..,17561746,..,..,17573159,17573159,..,..,17680485,..,..,18166904,18166904,..,..,18292496,..,..,18295536,18296405,..,..,18273357,..,..,18389207,18389207,..,..,18208764,..,..,18148745,18209264,18231038,18230038,18231038,18230043,18231546,18231546,18232538,18231831,18231831,18231831,..,..,..,..
Coconut,..REGION XIII (CARAGA),..,..,20831195,..,..,20832362,20836195,..,..,20130798,..,..,19552148,20137148,..,..,18531275,..,..,18370252,18675575,..,..,18453481,..,..,18452839,18453481,..,..,18233039,..,..,18232869,18233069,..,..,18232640,..,..,18232640,18232640,..,..,18429037,..,..,18429219,18429219,..,..,17918719,..,..,17918789,17918789,..,..,17918789,..,..,17918789,17918789,..,..,17918789,..,..,17917969,17918789,..,..,17918739,..,..,17910439,17918739,..,..,17918402,..,..,17825748,17918402,..,..,17128826,..,..,17128826,17128826,..,..,17134830,..,..,17073412,17134830,..,..,17302156,..,..,17303686,17303686,17323352,17323352,17323352,17323465,17323465,17323465,17323465,17323465,17321960,17323575,..,..,..,..
Coconut,..BANGSAMORO AUTONOMOUS REGION IN MUSLIM MINDANAO (BARMM) 1/,..,..,33413515,..,..,33413500,33413565,..,..,33377703,..,..,33377658,33377708,..,..,33515473,..,..,33080008,33578555,..,..,32745098,..,..,33533176,33533176,..,..,33536013,..,..,33814429,33824429,..,..,34020483,..,..,34020483,34020483,..,..,34448738,..,..,34384325,34448788,..,..,34445566,..,..,34397616,34445616,..,..,34439408,..,..,34270971,34439408,..,..,34344380,..,..,34004691,34344380,..,..,34009691,..,..,33994671,34009691,..,..,33997021,..,..,32144729,33997021,..,..,32278029,..,..,32120699,32278029,..,..,32230669,..,..,32110949,32230949,..,..,32687624,..,..,32667674,32757550,32717001,32386916,32717001,32386916,32386916,32386916,32717001,23976916,23718887,24062138,..,..,..,..
Coffee,PHILIPPINES,..,..,84215448,..,..,83844683,84544625,..,..,83146606,..,..,80546544,83168310,..,..,83169805,..,..,79688204,83513674,..,..,79991252,..,..,80082061,80275507,..,..,79538134,..,..,78699563,79654042,..,..,76321024,..,..,77260966,77440525,..,..,76778973,..,..,77345686,77739340,..,..,76133187,..,..,76036594,76244003,..,..,75251791,..,..,74964032,75323614,..,..,74420071,..,..,74366984,74507692,..,..,74477051,..,..,74855526,75048412,..,..,76708369,..,..,76873026,77608502,..,..,75924619,..,..,76355018,77172930,..,..,76440787,..,..,77543271,77673009,..,..,79401262,..,..,79306995,79403825,80353864,79478710,84378186,79556557,79542185,79585551,84839827,79537583,79693225,79713370,..,..,..,..
Coffee,..CORDILLERA ADMINISTRATIVE REGION (CAR),..,..,4477063,..,..,4496310,4499950,..,..,4467016,..,..,4467016,4467016,..,..,4467133,..,..,4477377,4483005,..,..,4464600,..,..,4460920,4464600,..,..,4471492,..,..,4480977,4486098,..,..,4455089,..,..,4282377,4455089,..,..,4283122,..,..,4233558,4283122,..,..,4232725,..,..,4172420,4234590,..,..,3774011,..,..,3561737,3774714,..,..,3123271,..,..,3181263,3188263,..,..,3156233,..,..,3437208,3437208,..,..,3113404,..,..,3438480,3440479,..,..,3194195,..,..,3438809,3440519,..,..,3438720,..,..,3441694,3445194,..,..,3439300,..,..,3435594,3439300,3088234,3088234,3088234,2677834,2677834,2677834,3088234,2677834,2657834,2677834,..,..,..,..
Coffee,..REGION I (ILOCOS REGION),..,..,69333,..,..,69901,70015,..,..,69656,..,..,69656,69657,..,..,76783,..,..,76309,76783,..,..,76299,..,..,76299,76299,..,..,76110,..,..,76110,76110,..,..,76110,..,..,121965,121965,..,..,223671,..,..,223671,223671,..,..,228981,..,..,228981,228981,..,..,229463,..,..,228915,229463,..,..,228781,..,..,228853,228853,..,..,231623,..,..,231649,231667,..,..,234038,..,..,234044,234044,..,..,221099,..,..,221099,221099,..,..,229002,..,..,222537,229002,..,..,222779,..,..,222781,222781,210699,222489,224699,222489,222489,222489,224699,224556,227570,227570,..,..,..,..
Coffee,..REGION II (CAGAYAN VALLEY),..,..,1846320,..,..,1845648,1846320,..,..,1658550,..,..,1657850,1658550,..,..,1602862,..,..,1605705,1605705,..,..,1613916,..,..,1614034,1614034,..,..,1610352,..,..,1610352,1610352,..,..,1594099,..,..,1594099,1594099,..,..,1589490,..,..,1577025,1589490,..,..,1574058,..,..,1584916,1585034,..,..,1596800,..,..,1595278,1598500,..,..,1715383,..,..,1715777,1715777,..,..,2141524,..,..,2142134,2142134,..,..,2187186,..,..,2187251,2187251,..,..,2200533,..,..,2200533,2200533,..,..,2220595,..,..,2225178,2225198,..,..,2225161,..,..,2224508,2225161,2210429,2481807,2481807,2481297,2481297,2481297,2481807,2481299,2481435,2481435,..,..,..,..
Coffee,..REGION III (CENTRAL LUZON),..,..,1262385,..,..,1280022,1280022,..,..,1261661,..,..,1261661,1261661,..,..,1265606,..,..,1264243,1265606,..,..,1097783,..,..,1269715,1269775,..,..,1113275,..,..,1113275,1113275,..,..,1123365,..,..,1123365,1123365,..,..,793531,..,..,1094224,1094224,..,..,769361,..,..,842974,843024,..,..,843024,..,..,844062,848683,..,..,833144,..,..,830647,833647,..,..,837117,..,..,830617,837117,..,..,853849,..,..,853860,853860,..,..,853859,..,..,869217,869217,..,..,852609,..,..,869217,869217,..,..,858967,..,..,858967,858967,858967,858967,858967,858967,858967,858967,858967,858967,858867,858967,..,..,..,..
Coffee,..REGION IV-A (CALABARZON),..,..,10734462,..,..,10724840,10735362,..,..,10497412,..,..,10467410,10497412,..,..,10448416,..,..,10448416,10448416,..,..,10442316,..,..,10437074,10442326,..,..,10391891,..,..,10388931,10391891,..,..,10339801,..,..,10345601,10345601,..,..,10339301,..,..,10339801,10343501,..,..,10332103,..,..,10330323,10332103,..,..,10338317,..,..,10338317,10338317,..,..,10336630,..,..,10336630,10336630,..,..,10262528,..,..,10194600,10264495,..,..,10171737,..,..,10171677,10171737,..,..,10171189,..,..,10171550,10171570,..,..,10173334,..,..,10171550,10173334,..,..,10142832,..,..,10142832,10142832,9741572,8996022,9741572,8996022,8996022,8996022,9741572,8997552,8997552,8997552,..,..,..,..
Coffee,..MIMAROPA REGION,..,..,338155,..,..,332005,339355,..,..,323802,..,..,318875,323802,..,..,317768,..,..,313103,320066,..,..,302487,..,..,290255,302487,..,..,277184,..,..,272981,278284,..,..,269228,..,..,266675,269228,..,..,266096,..,..,264221,266196,..,..,264954,..,..,262802,264985,..,..,262802,..,..,262037,262958,..,..,261406,..,..,261406,261406,..,..,265376,..,..,264511,265376,..,..,265061,..,..,263296,265061,..,..,263341,..,..,263070,263341,..,..,261575,..,..,259431,261575,..,..,250389,..,..,248573,250389,248675,248625,248675,248625,248495,248625,248675,248475,248475,248475,..,..,..,..
Coffee,..REGION V (BICOL REGION),..,..,594707,..,..,594707,594707,..,..,581332,..,..,580698,581731,..,..,580757,..,..,580739,580757,..,..,571225,..,..,571788,571883,..,..,570969,..,..,531310,571073,..,..,531153,..,..,531243,531243,..,..,507924,..,..,507924,507924,..,..,449409,..,..,449409,449409,..,..,287089,..,..,306157,309889,..,..,272537,..,..,263870,280037,..,..,257011,..,..,248835,257044,..,..,233470,..,..,223382,235485,..,..,217537,..,..,191041,218401,..,..,166729,..,..,152015,181244,..,..,137703,..,..,137500,137703,135388,135388,135388,135388,135388,135388,135388,135388,135388,135388,..,..,..,..
Coffee,..REGION VI (WESTERN VISAYAS),..,..,5960966,..,..,5955661,5960966,..,..,5955631,..,..,5954908,5955631,..,..,5953767,..,..,5953767,5953767,..,..,5950462,..,..,5888027,5950462,..,..,5883535,..,..,5869578,5883535,..,..,5866854,..,..,5866854,5866854,..,..,5893493,..,..,5890653,5893493,..,..,5890153,..,..,5888613,5891353,..,..,5888613,..,..,5888313,5888613,..,..,5875313,..,..,5878656,5878656,..,..,5879156,..,..,5879656,5879656,..,..,5880186,..,..,5873406,5881746,..,..,5873406,..,..,5873018,5875266,..,..,5872703,..,..,5873718,5874718,..,..,4178083,..,..,4174058,4179058,4181135,4178919,4181135,4178176,4179127,4181864,4186296,4176462,4176462,4176462,..,..,..,..
Coffee,..NEGROS ISLAND REGION (NIR) 2/,..,..,..,..,..,..,..,..,..,..,..,..,..,..,..,..,..,..,..,..,..,..,..,..,..,..,..,..,..,..,..,..,..,..,..,..,..,..,..,..,..,..,..,..,..,..,..,..,..,..,..,..,..,..,..,..,..,..,..,..,..,..,..,..,..,..,..,..,..,..,..,..,..,..,..,..,..,..,..,..,..,..,..,..,..,..,..,..,..,..,..,..,..,..,..,..,..,..,..,..,2566672,..,..,2566065,2566672,2566065,2566065,2566065,2566065,2566080,2566080,2566080,2566080,2566080,2566080,..,..,..,..
Coffee,..REGION VII (CENTRAL VISAYAS),..,..,1048018,..,..,1045712,1048056,..,..,1042318,..,..,1044012,1046685,..,..,1045432,..,..,1033974,1045432,..,..,1042720,..,..,1046150,1046615,..,..,1045800,..,..,1047765,1047855,..,..,1047745,..,..,1046611,1047765,..,..,1082605,..,..,1082605,1082605,..,..,1064000,..,..,1064105,1064105,..,..,1085516,..,..,1085507,1085516,..,..,1081996,..,..,1082511,1082566,..,..,1082511,..,..,1082544,1082631,..,..,1082544,..,..,1082466,1082544,..,..,1050354,..,..,1050324,1050354,..,..,1050316,..,..,1107189,1107796,..,..,200454,..,..,200454,200454,200454,200454,200454,200454,200244,200744,200744,200914,200914,200914,..,..,..,..
Coffee,..REGION VIII (EASTERN VISAYAS),..,..,188102,..,..,188044,188102,..,..,183757,..,..,179976,183757,..,..,171278,..,..,158611,171301,..,..,158311,..,..,79342,158311,..,..,76374,..,..,74736,76374,..,..,60151,..,..,74809,75439,..,..,74435,..,..,73815,74495,..,..,72707,..,..,72907,72907,..,..,74469,..,..,73349,74555,..,..,77596,..,..,76931,77596,..,..,76637,..,..,75606,76886,..,..,77169,..,..,63146,78101,..,..,63546,..,..,63625,64057,..,..,64811,..,..,64057,68081,..,..,60771,..,..,60911,60911,60911,60894,60984,60907,58002,60907,60997,60332,64031,64067,..,..,..,..
Coffee,..REGION IX (ZAMBOANGA PENINSULA) 3/,..,..,810729,..,..,805786,811279,..,..,649836,..,..,635076,649836,..,..,634626,..,..,618814,634909,..,..,615228,..,..,612590,615930,..,..,608177,..,..,650065,650065,..,..,649788,..,..,648775,649788,..,..,622436,..,..,622091,622916,..,..,539058,..,..,545155,548375,..,..,532308,..,..,534340,534345,..,..,524027,..,..,524204,524917,..,..,512771,..,..,516102,516125,..,..,513519,..,..,513473,513586,..,..,514510,..,..,505497,514539,..,..,505497,..,..,453903,505501,..,..,449303,..,..,449303,449303,418345,433889,453449,433889,433889,433889,453449,3447889,3447889,3447889,..,..,..,..
Coffee,..REGION X (NORTHERN MINDANAO),..,..,5973193,..,..,5973193,5973193,..,..,5972629,..,..,5971706,5972629,..,..,5972724,..,..,5972469,5972724,..,..,5972999,..,..,5972516,5972999,..,..,5972423,..,..,5897772,5973388,..,..,5896738,..,..,5895242,5896738,..,..,5898976,..,..,5842911,5901911,..,..,5861676,..,..,5868442,5871612,..,..,5877237,..,..,5872120,5883810,..,..,5878725,..,..,5879486,5882225,..,..,5882895,..,..,5870130,5884669,..,..,5889955,..,..,5862368,5898073,..,..,5881248,..,..,5876818,5881848,..,..,5890855,..,..,5889295,5890996,..,..,5890941,..,..,5878941,5890941,5883751,5883751,5883751,5883751,5883751,5883751,5883751,5883751,5883751,5883751,..,..,..,..
Coffee,..REGION XI (DAVAO REGION),..,..,21836321,..,..,21217627,21836331,..,..,21148996,..,..,18598138,21148996,..,..,20723895,..,..,16994898,20723895,..,..,16980656,..,..,16978404,16980656,..,..,16784791,..,..,16062165,16808249,..,..,13608316,..,..,13608316,13608316,..,..,13537768,..,..,13518225,13537768,..,..,12787503,..,..,12726321,12789022,..,..,12729336,..,..,12705055,12734209,..,..,12655287,..,..,12573957,12655291,..,..,12577819,..,..,12573360,12577819,..,..,12614047,..,..,12598864,12614047,..,..,12596096,..,..,12594741,12598699,..,..,12592116,..,..,12586573,12595016,..,..,12496439,..,..,12495769,12496439,12490744,12491557,16128176,12495773,12459808,12495773,16135953,12453876,12453876,12453876,..,..,..,..
Coffee,..REGION XII (SOCCSKSARGEN),..,..,17788900,..,..,18030440,18071950,..,..,18040073,..,..,18050985,18057010,..,..,18040551,..,..,18092761,18092761,..,..,18093303,..,..,18200183,18200183,..,..,18022502,..,..,18047307,18047307,..,..,18067207,..,..,19114155,19114155,..,..,19051883,..,..,19276517,19519579,..,..,19268529,..,..,19200987,19270254,..,..,18942480,..,..,18868548,18959480,..,..,18771383,..,..,18743583,18771383,..,..,18515063,..,..,18746189,18776399,..,..,20791219,..,..,20712029,21344430,..,..,20085753,..,..,20309574,21055464,..,..,20371730,..,..,21136839,21154902,..,..,23533724,..,..,23463005,23535170,25268713,25268077,25268958,25270764,25269727,25270765,25271759,25267142,25434588,25434597,..,..,..,..
Coffee,..REGION XIII (CARAGA),..,..,2565845,..,..,2561975,2566125,..,..,2578050,..,..,2572755,2578050,..,..,3149390,..,..,3419730,3419730,..,..,3421602,..,..,3418127,3421602,..,..,3418412,..,..,3419312,3419312,..,..,3418007,..,..,3420507,3420507,..,..,3296855,..,..,3478058,3478058,..,..,3477658,..,..,3477678,3477678,..,..,3477200,..,..,3477195,3477200,..,..,3477195,..,..,3477197,3477197,..,..,3480503,..,..,3498503,3500503,..,..,3532603,..,..,3528880,3532674,..,..,3487249,..,..,3487249,3487249,..,..,3509842,..,..,3509182,3509842,..,..,3509801,..,..,3509791,3509801,3600540,3600540,3600540,3633124,3633124,3633124,3633124,3633124,3634571,3634571,..,..,..,..
Coffee,..BANGSAMORO AUTONOMOUS REGION IN MUSLIM MINDANAO (BARMM) 1/,..,..,8720949,..,..,8722812,8722892,..,..,8715887,..,..,8715822,8715887,..,..,8718817,..,..,8677288,8718817,..,..,9187344,..,..,9166637,9187344,..,..,9214847,..,..,9156927,9220874,..,..,9317372,..,..,9320372,9320372,..,..,9317387,..,..,9320387,9320387,..,..,9320312,..,..,9320561,9320571,..,..,9313127,..,..,9323103,9323363,..,..,9307398,..,..,9312013,9313248,..,..,9318283,..,..,9263882,9318682,..,..,9268382,..,..,9266404,9275384,..,..,9250704,..,..,9238853,9260774,..,..,9240353,..,..,9580893,9581393,..,..,9237943,..,..,9237943,9237943,9189242,8763032,9255332,9213032,9237942,9238032,9668332,6223942,6223942,6223942,..,..,..,..
Coffee Arabica,PHILIPPINES,..,..,13859681,..,..,13877759,13999774,..,..,13728160,..,..,13663490,13728806,..,..,13666959,..,..,13471214,13684182,..,..,13309283,..,..,13488794,13519678,..,..,13215270,..,..,12893137,13255380,..,..,12777901,..,..,13034527,13038354,..,..,13082327,..,..,12766887,13090680,..,..,12644934,..,..,12581712,12653635,..,..,12474207,..,..,12428788,12498749,..,..,12367480,..,..,12401780,12424764,..,..,12358406,..,..,12471758,12533777,..,..,11327418,..,..,11912559,11961076,..,..,10904724,..,..,11799613,11876278,..,..,10785822,..,..,10738103,10798426,..,..,10131078,..,..,10106868,10131707,10029192,10063029,10634196,10050873,10049662,10051185,10634508,10049085,10051645,10051660,..,..,..,..
Coffee Arabica,..CORDILLERA ADMINISTRATIVE REGION (CAR),..,..,403630,..,..,424171,424261,..,..,427906,..,..,427906,427906,..,..,430906,..,..,443063,446778,..,..,447187,..,..,444257,447187,..,..,453051,..,..,459507,462657,..,..,459714,..,..,458753,459714,..,..,459552,..,..,451602,459552,..,..,450998,..,..,451957,452056,..,..,417426,..,..,375815,418129,..,..,359988,..,..,416416,416916,..,..,399376,..,..,573051,573051,..,..,494564,..,..,571765,573589,..,..,573704,..,..,572870,573704,..,..,572870,..,..,577449,577549,..,..,572874,..,..,571459,572874,544149,544149,544149,533749,533749,533749,544149,533749,533749,533749,..,..,..,..
Coffee Arabica,..REGION I (ILOCOS REGION),..,..,18607,..,..,18954,19044,..,..,19099,..,..,19099,19099,..,..,19177,..,..,19177,19177,..,..,19167,..,..,19167,19167,..,..,19025,..,..,19025,19025,..,..,19025,..,..,26319,26319,..,..,112013,..,..,112013,112013,..,..,112197,..,..,112197,112197,..,..,112477,..,..,112189,112477,..,..,112097,..,..,112169,112169,..,..,113754,..,..,113762,113762,..,..,115116,..,..,115117,115117,..,..,102167,..,..,102167,102167,..,..,108730,..,..,102265,108730,..,..,102265,..,..,102265,102265,102973,102818,102973,102818,102818,102818,102973,102818,105392,105392,..,..,..,..
Coffee Arabica,..REGION II (CAGAYAN VALLEY),..,..,368555,..,..,368291,368555,..,..,338791,..,..,338591,338791,..,..,335811,..,..,337044,337044,..,..,337494,..,..,337494,337494,..,..,336224,..,..,336224,336224,..,..,327858,..,..,327858,327858,..,..,328055,..,..,321082,328055,..,..,318826,..,..,324722,324722,..,..,327883,..,..,326483,327883,..,..,327601,..,..,327749,327749,..,..,328670,..,..,328771,328771,..,..,328539,..,..,328549,328549,..,..,328248,..,..,328248,328248,..,..,338332,..,..,342240,342240,..,..,342225,..,..,341770,342225,336804,336804,336804,336804,336804,336804,336804,336809,336809,336809,..,..,..,..
Coffee Arabica,..REGION III (CENTRAL LUZON),..,..,160049,..,..,160049,160049,..,..,159966,..,..,159966,159966,..,..,159979,..,..,159966,159979,..,..,2666,..,..,160055,160055,..,..,2755,..,..,2755,2755,..,..,2755,..,..,2755,2755,..,..,0,..,..,2998,2998,..,..,243,..,..,243,243,..,..,243,..,..,243,243,..,..,216,..,..,216,216,..,..,216,..,..,216,216,..,..,216,..,..,216,216,..,..,215,..,..,215,215,..,..,215,..,..,215,215,..,..,215,..,..,215,215,215,215,215,215,215,215,215,215,215,215,..,..,..,..
Coffee Arabica,..REGION IV-A (CALABARZON),..,..,76173,..,..,76173,76173,..,..,71805,..,..,71805,71805,..,..,68641,..,..,68641,68641,..,..,66541,..,..,66541,66541,..,..,52245,..,..,52245,52245,..,..,18800,..,..,18800,18800,..,..,18300,..,..,18800,18800,..,..,14800,..,..,14800,14800,..,..,4545,..,..,4545,4545,..,..,4545,..,..,4545,4545,..,..,4545,..,..,4545,4545,..,..,4545,..,..,4545,4545,..,..,4545,..,..,4545,4545,..,..,4545,..,..,4545,4545,..,..,17195,..,..,17195,17195,17195,17195,17195,17195,17195,17195,17195,18725,18725,18725,..,..,..,..
Coffee Arabica,..MIMAROPA REGION,..,..,18645,..,..,17695,18645,..,..,15370,..,..,14465,15370,..,..,13906,..,..,12360,13906,..,..,10957,..,..,9257,10957,..,..,9314,..,..,7341,9314,..,..,7238,..,..,6972,7238,..,..,6939,..,..,6664,6939,..,..,6757,..,..,6503,6757,..,..,6503,..,..,6499,6503,..,..,6499,..,..,6499,6499,..,..,6432,..,..,6385,6432,..,..,6387,..,..,6264,6387,..,..,6304,..,..,6266,6304,..,..,6116,..,..,5904,6116,..,..,5407,..,..,5007,5407,5094,5084,5094,5084,5074,5084,5094,5054,5054,5054,..,..,..,..
Coffee Arabica,..REGION V (BICOL REGION),..,..,198180,..,..,198180,198180,..,..,197142,..,..,196109,197142,..,..,196159,..,..,196141,196159,..,..,196789,..,..,197225,197225,..,..,197315,..,..,174858,197315,..,..,174819,..,..,174866,174866,..,..,172406,..,..,172406,172406,..,..,166491,..,..,166491,166491,..,..,101330,..,..,122130,124130,..,..,92278,..,..,88599,92278,..,..,89940,..,..,85466,89940,..,..,78900,..,..,67000,78900,..,..,74983,..,..,60500,74983,..,..,56500,..,..,56500,56500,..,..,56500,..,..,56500,56500,55450,55450,55450,55450,55450,55450,55450,55450,55450,55450,..,..,..,..
Coffee Arabica,..REGION VI (WESTERN VISAYAS),..,..,841615,..,..,841537,841615,..,..,841528,..,..,841468,841528,..,..,841468,..,..,841468,841468,..,..,841404,..,..,839619,841404,..,..,839289,..,..,831675,839289,..,..,831505,..,..,831505,831505,..,..,831485,..,..,831355,831485,..,..,831355,..,..,830580,831355,..,..,830580,..,..,830580,830580,..,..,830580,..,..,830581,830581,..,..,830581,..,..,830581,830581,..,..,830581,..,..,830601,830601,..,..,830601,..,..,830055,830621,..,..,830145,..,..,830160,830160,..,..,833115,..,..,828660,833660,838222,838222,838222,838222,838229,838229,838229,838229,838229,838229,..,..,..,..
Coffee Arabica,..NEGROS ISLAND REGION (NIR) 2/,..,..,..,..,..,..,..,..,..,..,..,..,..,..,..,..,..,..,..,..,..,..,..,..,..,..,..,..,..,..,..,..,..,..,..,..,..,..,..,..,..,..,..,..,..,..,..,..,..,..,..,..,..,..,..,..,..,..,..,..,..,..,..,..,..,..,..,..,..,..,..,..,..,..,..,..,..,..,..,..,..,..,..,..,..,..,..,..,..,..,..,..,..,..,..,..,..,..,..,..,269805,..,..,269805,269805,269805,269805,269805,269805,269820,269820,269820,269820,269820,269820,..,..,..,..
Coffee Arabica,..REGION VII (CENTRAL VISAYAS),..,..,381644,..,..,381144,381644,..,..,379847,..,..,380493,380493,..,..,380393,..,..,380334,380393,..,..,381029,..,..,381029,381029,..,..,381039,..,..,381059,381059,..,..,381044,..,..,380204,381054,..,..,380090,..,..,380090,380090,..,..,380090,..,..,380145,380145,..,..,380145,..,..,380136,380145,..,..,376736,..,..,376866,376866,..,..,376866,..,..,376801,376866,..,..,376801,..,..,376751,376801,..,..,348532,..,..,348502,348532,..,..,348502,..,..,348532,348532,..,..,78397,..,..,78397,78397,78397,78397,78397,78397,78687,78687,78687,79157,79157,79157,..,..,..,..
Coffee Arabica,..REGION VIII (EASTERN VISAYAS),..,..,53086,..,..,53061,53086,..,..,51265,..,..,48949,51265,..,..,47362,..,..,44840,47362,..,..,44687,..,..,31043,44687,..,..,30926,..,..,29769,30926,..,..,15161,..,..,14935,15161,..,..,14592,..,..,14652,14652,..,..,14410,..,..,14610,14610,..,..,15153,..,..,15039,15239,..,..,15639,..,..,15339,15639,..,..,13524,..,..,13401,13701,..,..,13464,..,..,10130,14045,..,..,9827,..,..,10223,10223,..,..,11012,..,..,10359,11464,..,..,12316,..,..,12400,12400,12400,12415,12415,12415,11985,12415,12415,11985,11972,11985,..,..,..,..
Coffee Arabica,..REGION IX (ZAMBOANGA PENINSULA) 3/,..,..,344961,..,..,344061,345401,..,..,239973,..,..,235098,239973,..,..,234398,..,..,230650,234426,..,..,230340,..,..,229320,230760,..,..,227770,..,..,230844,230844,..,..,230794,..,..,230356,230794,..,..,212610,..,..,212495,212970,..,..,144000,..,..,142815,144010,..,..,137725,..,..,137725,137725,..,..,127289,..,..,126676,127289,..,..,117484,..,..,118039,118039,..,..,113415,..,..,113415,113415,..,..,113385,..,..,109416,113414,..,..,109416,..,..,63081,109416,..,..,62831,..,..,62831,62831,44874,44874,44874,44874,44874,44874,44874,668874,668874,668874,..,..,..,..
Coffee Arabica,..REGION X (NORTHERN MINDANAO),..,..,302496,..,..,302496,302496,..,..,303957,..,..,303874,303957,..,..,303757,..,..,303757,303757,..,..,303757,..,..,303624,303757,..,..,303531,..,..,228465,303531,..,..,227501,..,..,226415,227501,..,..,226365,..,..,174200,227800,..,..,174725,..,..,173215,175715,..,..,173090,..,..,168020,173090,..,..,167225,..,..,165700,167225,..,..,163675,..,..,164144,164225,..,..,159105,..,..,155000,159655,..,..,154400,..,..,149385,154400,..,..,153685,..,..,152034,153685,..,..,153680,..,..,143680,153680,143690,143690,143690,143690,143690,143690,143690,143690,143690,143690,..,..,..,..
Coffee Arabica,..REGION XI (DAVAO REGION),..,..,3091192,..,..,2978944,3091192,..,..,2966600,..,..,2912826,2966600,..,..,2927821,..,..,2733517,2927821,..,..,2731489,..,..,2729237,2731489,..,..,2727656,..,..,2501557,2737383,..,..,2429574,..,..,2429574,2429574,..,..,2423683,..,..,2412305,2423683,..,..,2375502,..,..,2347942,2375592,..,..,2352678,..,..,2344870,2353285,..,..,2326430,..,..,2316293,2326434,..,..,2297450,..,..,2293748,2297450,..,..,2273867,..,..,2269117,2273867,..,..,2269597,..,..,2270965,2270965,..,..,2269465,..,..,2268481,2270965,..,..,2266611,..,..,2266491,2266611,2264869,2265684,2835808,2263945,2263945,2263945,2835808,2261800,2261800,2261800,..,..,..,..
Coffee Arabica,..REGION XII (SOCCSKSARGEN),..,..,6104547,..,..,6215877,6222257,..,..,6231125,..,..,6229600,6231125,..,..,6223935,..,..,6224025,6224025,..,..,6224025,..,..,6276175,6276175,..,..,6164603,..,..,6178072,6178072,..,..,6180072,..,..,6430174,6430174,..,..,6424191,..,..,6181179,6424191,..,..,6179479,..,..,6140379,6179829,..,..,6139033,..,..,6129033,6139033,..,..,6143541,..,..,6138541,6143541,..,..,6139041,..,..,6129041,6139041,..,..,5096531,..,..,5629742,5649742,..,..,4654569,..,..,5583780,5624280,..,..,4553803,..,..,4551842,4553803,..,..,3931136,..,..,3923697,3931136,3922560,3921682,3922560,3921665,3920632,3921665,3922560,3920215,3920214,3920216,..,..,..,..
Coffee Arabica,..REGION XIII (CARAGA),..,..,1800,..,..,1800,1800,..,..,1500,..,..,1000,1500,..,..,0,..,..,0,0,..,..,0,..,..,0,0,..,..,0,..,..,0,0,..,..,0,..,..,0,0,..,..,0,..,..,0,0,..,..,0,..,..,0,0,..,..,0,..,..,0,0,..,..,0,..,..,0,0,..,..,0,..,..,0,0,..,..,0,..,..,0,0,..,..,0,..,..,0,0,..,..,10,..,..,0,10,..,..,10,..,..,0,10,0,0,0,0,0,0,0,0,0,0,..,..,..,..
Coffee Arabica,..BANGSAMORO AUTONOMOUS REGION IN MUSLIM MINDANAO (BARMM) 1/,..,..,1494501,..,..,1495326,1495376,..,..,1482286,..,..,1482241,1482286,..,..,1483246,..,..,1476231,1483246,..,..,1471751,..,..,1464751,1471751,..,..,1470527,..,..,1459741,1474741,..,..,1472041,..,..,1475041,1475041,..,..,1472046,..,..,1475046,1475046,..,..,1475061,..,..,1475113,1475113,..,..,1475396,..,..,1475482,1475742,..,..,1476817,..,..,1475592,1476817,..,..,1476852,..,..,1433807,1477157,..,..,1435387,..,..,1434347,1435647,..,..,1433647,..,..,1422476,1433677,..,..,1422476,..,..,1424496,1424496,..,..,1426496,..,..,1426496,1426496,1392495,1426545,1426545,1426545,1426495,1426545,1426545,802495,802495,802495,..,..,..,..
Coffee Excelsa,PHILIPPINES,..,..,5895551,..,..,5786639,5897929,..,..,5623206,..,..,5509245,5631268,..,..,5394386,..,..,5141739,5394460,..,..,5123055,..,..,5087369,5123544,..,..,5059234,..,..,4877086,5066977,..,..,4742248,..,..,4751520,4753651,..,..,4709629,..,..,4691639,4710509,..,..,4663700,..,..,4601698,4664323,..,..,4584842,..,..,4477467,4586532,..,..,4415425,..,..,4382423,4416792,..,..,4289123,..,..,4244567,4289846,..,..,4221220,..,..,4185930,4221936,..,..,4115856,..,..,4081709,4116802,..,..,4046813,..,..,4038485,4061013,..,..,4024675,..,..,4015384,4026165,3957956,4005244,4255846,4003324,3980077,4003324,4255851,3980298,4150746,4150761,..,..,..,..
Coffee Excelsa,..CORDILLERA ADMINISTRATIVE REGION (CAR),..,..,87546,..,..,87580,87580,..,..,98346,..,..,98346,98346,..,..,98173,..,..,96473,98173,..,..,95660,..,..,95340,95660,..,..,91278,..,..,89307,91278,..,..,89357,..,..,88500,89357,..,..,89307,..,..,84980,89307,..,..,85837,..,..,85137,85994,..,..,80292,..,..,78971,80292,..,..,77546,..,..,71970,78470,..,..,71080,..,..,71280,71280,..,..,70755,..,..,70580,70755,..,..,70180,..,..,69304,70180,..,..,69304,..,..,70580,70580,..,..,68080,..,..,67692,68080,66692,66692,66692,66692,66692,66692,66692,66692,66692,66692,..,..,..,..
Coffee Excelsa,..REGION I (ILOCOS REGION),..,..,12078,..,..,12202,12202,..,..,12337,..,..,12337,12337,..,..,14337,..,..,14337,14337,..,..,14337,..,..,14337,14337,..,..,14337,..,..,14337,14337,..,..,14337,..,..,14337,14337,..,..,16625,..,..,16625,16625,..,..,16625,..,..,16625,16625,..,..,16826,..,..,16625,16826,..,..,16625,..,..,16625,16625,..,..,17086,..,..,17122,17122,..,..,17482,..,..,17486,17486,..,..,17486,..,..,17486,17486,..,..,18826,..,..,18826,18826,..,..,18826,..,..,18828,18828,18101,17979,18101,17979,17979,17979,18101,17991,17991,17991,..,..,..,..
Coffee Excelsa,..REGION II (CAGAYAN VALLEY),..,..,237915,..,..,237881,237915,..,..,174311,..,..,174111,174311,..,..,165851,..,..,165881,165881,..,..,167542,..,..,167552,167552,..,..,167502,..,..,167502,167502,..,..,165692,..,..,165692,165692,..,..,162634,..,..,162029,162634,..,..,162656,..,..,162547,162665,..,..,163600,..,..,163458,163600,..,..,167038,..,..,167081,167081,..,..,168748,..,..,168758,168758,..,..,170238,..,..,170263,170263,..,..,170095,..,..,170095,170095,..,..,163611,..,..,163591,163611,..,..,163591,..,..,163591,163591,160655,160655,160655,160648,160648,160648,160655,160646,160646,160646,..,..,..,..
Coffee Excelsa,..REGION III (CENTRAL LUZON),..,..,37686,..,..,38186,38186,..,..,38118,..,..,38118,38118,..,..,35476,..,..,35476,35476,..,..,34646,..,..,34770,34830,..,..,34770,..,..,34770,34770,..,..,33210,..,..,33210,33210,..,..,27333,..,..,28143,28143,..,..,22960,..,..,22960,22960,..,..,22960,..,..,18560,22960,..,..,8050,..,..,5050,8050,..,..,7035,..,..,535,7035,..,..,535,..,..,535,535,..,..,535,..,..,535,535,..,..,535,..,..,535,535,..,..,535,..,..,535,535,535,535,535,535,535,535,535,535,535,535,..,..,..,..
Coffee Excelsa,..REGION IV-A (CALABARZON),..,..,943899,..,..,933387,943899,..,..,862892,..,..,833830,862892,..,..,823450,..,..,823450,823450,..,..,819450,..,..,819448,819450,..,..,793261,..,..,793261,793261,..,..,781848,..,..,783548,783548,..,..,781848,..,..,778948,781848,..,..,778348,..,..,778348,778348,..,..,777698,..,..,777698,777698,..,..,777588,..,..,777588,777588,..,..,777588,..,..,758193,777588,..,..,775150,..,..,775090,775150,..,..,775025,..,..,775386,775406,..,..,775386,..,..,775386,775386,..,..,775005,..,..,775005,775005,773745,773195,773745,773195,773195,773195,773745,773195,773195,773195,..,..,..,..
Coffee Excelsa,..MIMAROPA REGION,..,..,62618,..,..,60218,62618,..,..,55185,..,..,54380,55185,..,..,52395,..,..,48928,52395,..,..,45761,..,..,42479,45761,..,..,39685,..,..,36955,39685,..,..,36005,..,..,35239,36005,..,..,35202,..,..,34402,35202,..,..,34754,..,..,33785,34785,..,..,33785,..,..,32868,33785,..,..,32237,..,..,32237,32237,..,..,31329,..,..,31329,31329,..,..,31329,..,..,31304,31329,..,..,31304,..,..,31304,31304,..,..,31304,..,..,31304,31304,..,..,30037,..,..,29931,30037,29931,29931,29931,29931,29931,29931,29931,29931,29931,29931,..,..,..,..
Coffee Excelsa,..REGION V (BICOL REGION),..,..,444,..,..,444,444,..,..,444,..,..,444,444,..,..,444,..,..,444,444,..,..,444,..,..,444,444,..,..,439,..,..,439,439,..,..,439,..,..,439,439,..,..,395,..,..,395,395,..,..,395,..,..,395,395,..,..,395,..,..,395,395,..,..,395,..,..,330,395,..,..,330,..,..,326,330,..,..,0,..,..,0,0,..,..,0,..,..,0,0,..,..,0,..,..,0,0,..,..,0,..,..,0,0,0,0,0,0,0,0,0,0,0,0,..,..,..,..
Coffee Excelsa,..REGION VI (WESTERN VISAYAS),..,..,3039,..,..,3039,3039,..,..,3018,..,..,2918,3018,..,..,2918,..,..,2918,2918,..,..,2870,..,..,2820,2870,..,..,2790,..,..,2790,2790,..,..,2790,..,..,2790,2790,..,..,2790,..,..,2790,2790,..,..,2790,..,..,2790,2790,..,..,2790,..,..,2790,2790,..,..,2790,..,..,2790,2790,..,..,2790,..,..,2790,2790,..,..,2790,..,..,2790,2790,..,..,2790,..,..,3200,3200,..,..,2790,..,..,4790,4790,..,..,1850,..,..,1850,1850,0,0,0,0,0,0,0,0,0,0,..,..,..,..
Coffee Excelsa,..NEGROS ISLAND REGION (NIR) 2/,..,..,..,..,..,..,..,..,..,..,..,..,..,..,..,..,..,..,..,..,..,..,..,..,..,..,..,..,..,..,..,..,..,..,..,..,..,..,..,..,..,..,..,..,..,..,..,..,..,..,..,..,..,..,..,..,..,..,..,..,..,..,..,..,..,..,..,..,..,..,..,..,..,..,..,..,..,..,..,..,..,..,..,..,..,..,..,..,..,..,..,..,..,..,..,..,..,..,..,..,87,..,..,0,87,0,0,0,0,0,0,0,0,0,0,..,..,..,..
Coffee Excelsa,..REGION VII (CENTRAL VISAYAS),..,..,424,..,..,342,424,..,..,342,..,..,169,342,..,..,169,..,..,160,169,..,..,160,..,..,160,160,..,..,160,..,..,160,160,..,..,155,..,..,155,155,..,..,100,..,..,100,100,..,..,100,..,..,100,100,..,..,100,..,..,100,100,..,..,100,..,..,95,100,..,..,95,..,..,93,95,..,..,93,..,..,90,93,..,..,90,..,..,90,90,..,..,87,..,..,0,87,..,..,0,..,..,0,0,0,0,0,0,0,0,0,0,0,0,..,..,..,..
Coffee Excelsa,..REGION VIII (EASTERN VISAYAS),..,..,45081,..,..,45078,45081,..,..,43222,..,..,41791,43222,..,..,40904,..,..,35834,40923,..,..,35755,..,..,16183,35755,..,..,15343,..,..,15163,15343,..,..,15173,..,..,24723,24851,..,..,24753,..,..,24746,24753,..,..,24625,..,..,24625,24625,..,..,24629,..,..,24628,24629,..,..,24633,..,..,24618,24633,..,..,24259,..,..,24331,24331,..,..,24246,..,..,20324,24372,..,..,20245,..,..,20360,20360,..,..,21766,..,..,20529,22129,..,..,20838,..,..,20880,20880,20880,20920,20920,20925,19388,20925,20925,20888,22718,22728,..,..,..,..
Coffee Excelsa,..REGION IX (ZAMBOANGA PENINSULA) 3/,..,..,81404,..,..,80255,81514,..,..,73510,..,..,69305,73510,..,..,71105,..,..,65286,71105,..,..,65890,..,..,65100,65980,..,..,64400,..,..,68676,68676,..,..,68634,..,..,68534,68634,..,..,62476,..,..,62426,62476,..,..,47025,..,..,45020,47025,..,..,36925,..,..,36920,36925,..,..,36820,..,..,36820,36820,..,..,34526,..,..,34508,34531,..,..,34507,..,..,34425,34508,..,..,30917,..,..,30592,30917,..,..,30592,..,..,25592,30592,..,..,21242,..,..,21242,21242,9438,25322,25322,25322,25322,25322,25322,1037322,1037322,1037322,..,..,..,..
Coffee Excelsa,..REGION X (NORTHERN MINDANAO),..,..,411610,..,..,411610,411610,..,..,411610,..,..,411610,411610,..,..,411610,..,..,411610,411610,..,..,412140,..,..,412140,412140,..,..,412140,..,..,411840,412140,..,..,411840,..,..,411560,411840,..,..,411560,..,..,406210,411560,..,..,414920,..,..,414250,414920,..,..,414250,..,..,413650,414250,..,..,413650,..,..,413436,413650,..,..,413070,..,..,412470,413470,..,..,417150,..,..,406520,417570,..,..,406500,..,..,406485,406500,..,..,406350,..,..,406491,406491,..,..,406491,..,..,406491,406491,401291,401291,401291,401291,401291,401291,401291,401291,401291,401291,..,..,..,..
Coffee Excelsa,..REGION XI (DAVAO REGION),..,..,1846790,..,..,1777671,1846790,..,..,1762018,..,..,1678846,1762018,..,..,1684069,..,..,1455499,1684069,..,..,1448566,..,..,1448566,1448566,..,..,1412977,..,..,1257556,1414031,..,..,1097898,..,..,1097898,1097898,..,..,1090381,..,..,1085600,1090381,..,..,1071303,..,..,1036645,1071303,..,..,1033657,..,..,1013116,1033657,..,..,980928,..,..,979168,980928,..,..,967062,..,..,966307,967062,..,..,957780,..,..,956293,957780,..,..,954700,..,..,951563,954700,..,..,950163,..,..,947494,951563,..,..,945474,..,..,945274,945474,944468,944467,1194394,942645,920980,942645,1194394,919131,919131,919131,..,..,..,..
Coffee Excelsa,..REGION XII (SOCCSKSARGEN),..,..,772832,..,..,748122,773872,..,..,739978,..,..,748040,748040,..,..,740795,..,..,740820,740820,..,..,740820,..,..,741025,741025,..,..,761435,..,..,762035,762035,..,..,774035,..,..,774060,774060,..,..,755950,..,..,755900,755950,..,..,753112,..,..,730195,753512,..,..,730205,..,..,649273,730205,..,..,629150,..,..,606350,629150,..,..,526350,..,..,516150,526350,..,..,476150,..,..,460969,476150,..,..,400249,..,..,370249,400249,..,..,344039,..,..,332937,344039,..,..,329489,..,..,320935,330935,320148,320145,320148,320049,320044,320049,320148,320604,488052,488057,..,..,..,..
Coffee Excelsa,..REGION XIII (CARAGA),..,..,173545,..,..,171445,173545,..,..,166500,..,..,163645,166500,..,..,71345,..,..,71345,71345,..,..,66345,..,..,64570,66345,..,..,64855,..,..,64855,64855,..,..,64850,..,..,64850,64850,..,..,62280,..,..,62350,62350,..,..,62250,..,..,62270,62270,..,..,62270,..,..,62265,62270,..,..,62265,..,..,62265,62265,..,..,61765,..,..,59765,61765,..,..,61765,..,..,57971,61765,..,..,57950,..,..,57950,57950,..,..,53950,..,..,53300,53950,..,..,53950,..,..,53950,53950,54892,54892,54892,54892,54892,54892,54892,54892,56062,56062,..,..,..,..
Coffee Excelsa,..BANGSAMORO AUTONOMOUS REGION IN MUSLIM MINDANAO (BARMM) 1/,..,..,1178640,..,..,1179180,1179210,..,..,1181375,..,..,1181355,1181375,..,..,1181345,..,..,1173279,1181345,..,..,1172669,..,..,1162435,1172669,..,..,1183862,..,..,1157440,1185675,..,..,1185985,..,..,1185985,1185985,..,..,1185995,..,..,1185995,1185995,..,..,1186000,..,..,1186006,1186006,..,..,1184460,..,..,1186150,1186150,..,..,1185610,..,..,1186000,1186010,..,..,1186010,..,..,1180610,1186010,..,..,1181250,..,..,1181290,1181390,..,..,1177790,..,..,1177110,1177830,..,..,1178110,..,..,1187130,1187130,..,..,1189180,..,..,1189180,1189180,1157180,1189220,1189220,1189220,1189180,1189220,1189220,177180,177180,177180,..,..,..,..
Coffee Liberica,PHILIPPINES,..,..,932386,..,..,926601,933034,..,..,910892,..,..,904237,911290,..,..,900769,..,..,873386,902697,..,..,866143,..,..,855242,866241,..,..,853260,..,..,841974,853418,..,..,846397,..,..,847637,848556,..,..,845178,..,..,840813,845428,..,..,838865,..,..,838919,840412,..,..,832417,..,..,833439,834417,..,..,821785,..,..,821233,821843,..,..,822337,..,..,815774,822357,..,..,821520,..,..,813344,821540,..,..,812792,..,..,810090,821797,..,..,809105,..,..,1126296,1129819,..,..,779590,..,..,777413,779660,753360,322041,754557,322917,323643,326598,761825,319221,319838,319938,..,..,..,..
Coffee Liberica,..CORDILLERA ADMINISTRATIVE REGION (CAR),..,..,12930,..,..,12938,12938,..,..,12950,..,..,12950,12950,..,..,12950,..,..,12950,12950,..,..,10875,..,..,10875,10875,..,..,9800,..,..,9800,9800,..,..,9950,..,..,9950,9950,..,..,10450,..,..,10420,10450,..,..,10420,..,..,10420,10420,..,..,10420,..,..,9820,10420,..,..,9820,..,..,9820,9820,..,..,9820,..,..,9820,9820,..,..,9820,..,..,9820,9820,..,..,9820,..,..,9820,9820,..,..,9731,..,..,9750,9750,..,..,11481,..,..,9952,11481,8952,8952,8952,8952,8952,8952,8952,8952,8952,8952,..,..,..,..
Coffee Liberica,..REGION I (ILOCOS REGION),..,..,0,..,..,0,0,..,..,0,..,..,0,0,..,..,0,..,..,0,0,..,..,0,..,..,0,0,..,..,0,..,..,0,0,..,..,0,..,..,0,0,..,..,0,..,..,0,0,..,..,0,..,..,0,0,..,..,0,..,..,0,0,..,..,0,..,..,0,0,..,..,0,..,..,0,0,..,..,44,..,..,44,44,..,..,44,..,..,44,44,..,..,44,..,..,44,44,..,..,44,..,..,44,44,56,56,56,56,56,56,56,72,512,512,..,..,..,..
Coffee Liberica,..REGION II (CAGAYAN VALLEY),..,..,23615,..,..,23582,23615,..,..,18611,..,..,18511,18611,..,..,18511,..,..,18978,18978,..,..,18978,..,..,18986,18986,..,..,18695,..,..,18695,18695,..,..,18782,..,..,18782,18782,..,..,18992,..,..,16427,18992,..,..,15222,..,..,16722,16722,..,..,15722,..,..,15542,15722,..,..,15569,..,..,15627,15627,..,..,15825,..,..,15845,15845,..,..,15766,..,..,15776,15776,..,..,15746,..,..,15746,15746,..,..,13956,..,..,14651,14651,..,..,14649,..,..,14451,14649,13852,13852,13852,13357,13357,13357,13852,13357,13357,13357,..,..,..,..
Coffee Liberica,..REGION III (CENTRAL LUZON),..,..,1693,..,..,1693,1693,..,..,1658,..,..,1658,1658,..,..,1665,..,..,1665,1665,..,..,1665,..,..,1750,1750,..,..,1750,..,..,1750,1750,..,..,1750,..,..,1750,1750,..,..,1500,..,..,1750,1750,..,..,875,..,..,875,875,..,..,875,..,..,875,875,..,..,550,..,..,550,550,..,..,535,..,..,535,535,..,..,535,..,..,535,535,..,..,535,..,..,9535,9535,..,..,9535,..,..,9535,9535,..,..,9535,..,..,9535,9535,9535,9535,9535,9535,9535,9535,9535,9535,9435,9535,..,..,..,..
Coffee Liberica,..REGION IV-A (CALABARZON),..,..,81190,..,..,81540,81550,..,..,75535,..,..,74595,75535,..,..,73044,..,..,73044,73044,..,..,73044,..,..,72949,73049,..,..,69845,..,..,69715,69845,..,..,70466,..,..,70466,70466,..,..,70466,..,..,69666,70466,..,..,70568,..,..,70568,70568,..,..,67844,..,..,67844,67844,..,..,67538,..,..,67538,67538,..,..,63436,..,..,62936,63436,..,..,62834,..,..,62834,62834,..,..,62337,..,..,62337,62337,..,..,62636,..,..,62337,62636,..,..,62337,..,..,62337,62337,62337,62337,62337,62337,62337,62337,62337,62337,62337,62337,..,..,..,..
Coffee Liberica,..MIMAROPA REGION,..,..,53252,..,..,49252,53252,..,..,48565,..,..,45355,48565,..,..,42705,..,..,42066,44016,..,..,37320,..,..,33574,37320,..,..,29220,..,..,28620,29220,..,..,27120,..,..,26330,27120,..,..,26130,..,..,25230,26130,..,..,25630,..,..,24830,25630,..,..,24830,..,..,24830,24830,..,..,24830,..,..,24830,24830,..,..,24830,..,..,24830,24830,..,..,24837,..,..,24811,24837,..,..,24816,..,..,24816,24816,..,..,24816,..,..,24630,24816,..,..,24740,..,..,24740,24740,24830,24830,24830,24830,24830,24830,24830,24830,24830,24830,..,..,..,..
Coffee Liberica,..REGION V (BICOL REGION),..,..,3976,..,..,3976,3976,..,..,3578,..,..,3976,3976,..,..,3970,..,..,3970,3970,..,..,3970,..,..,3970,3970,..,..,4009,..,..,4009,4009,..,..,4009,..,..,4009,4009,..,..,3408,..,..,3408,3408,..,..,3408,..,..,3408,3408,..,..,3067,..,..,3067,3067,..,..,3067,..,..,2607,3067,..,..,2607,..,..,2554,2607,..,..,0,..,..,0,0,..,..,0,..,..,0,0,..,..,0,..,..,0,0,..,..,0,..,..,0,0,0,0,0,0,0,0,0,0,0,0,..,..,..,..
Coffee Liberica,..REGION VI (WESTERN VISAYAS),..,..,150806,..,..,150806,150806,..,..,150806,..,..,150806,150806,..,..,150806,..,..,150806,150806,..,..,150806,..,..,150056,150806,..,..,150056,..,..,144463,150056,..,..,144463,..,..,144463,144463,..,..,144453,..,..,144433,144453,..,..,144433,..,..,144133,144433,..,..,144133,..,..,144133,144133,..,..,144133,..,..,144133,144133,..,..,144133,..,..,144133,144133,..,..,144133,..,..,144143,144143,..,..,144143,..,..,143592,144148,..,..,143592,..,..,143592,143592,..,..,144527,..,..,144597,144597,143907,141691,143907,139475,140429,143156,147588,137704,137704,137704,..,..,..,..
Coffee Liberica,..NEGROS ISLAND REGION (NIR) 2/,..,..,..,..,..,..,..,..,..,..,..,..,..,..,..,..,..,..,..,..,..,..,..,..,..,..,..,..,..,..,..,..,..,..,..,..,..,..,..,..,..,..,..,..,..,..,..,..,..,..,..,..,..,..,..,..,..,..,..,..,..,..,..,..,..,..,..,..,..,..,..,..,..,..,..,..,..,..,..,..,..,..,..,..,..,..,..,..,..,..,..,..,..,..,..,..,..,..,..,..,520,..,..,0,520,0,0,0,0,0,0,0,0,0,0,..,..,..,..
Coffee Liberica,..REGION VII (CENTRAL VISAYAS),..,..,18980,..,..,18980,18980,..,..,15000,..,..,12500,15000,..,..,12500,..,..,1160,12500,..,..,1161,..,..,696,1161,..,..,696,..,..,696,696,..,..,696,..,..,692,696,..,..,600,..,..,600,600,..,..,600,..,..,600,600,..,..,600,..,..,600,600,..,..,600,..,..,550,600,..,..,550,..,..,530,550,..,..,530,..,..,525,530,..,..,525,..,..,525,525,..,..,520,..,..,0,520,..,..,0,..,..,0,0,0,0,0,0,0,0,0,0,0,0,..,..,..,..
Coffee Liberica,..REGION VIII (EASTERN VISAYAS),..,..,5580,..,..,5580,5580,..,..,5231,..,..,5208,5231,..,..,4750,..,..,4695,4750,..,..,4672,..,..,1371,4672,..,..,1371,..,..,1350,1371,..,..,1360,..,..,3519,3519,..,..,3600,..,..,3600,3600,..,..,3600,..,..,3600,3600,..,..,3600,..,..,3600,3600,..,..,3600,..,..,3600,3600,..,..,3600,..,..,3600,3600,..,..,3600,..,..,3595,3600,..,..,3595,..,..,3595,3595,..,..,3695,..,..,3595,3695,..,..,3595,..,..,3595,3595,3595,3595,3595,3598,3370,3598,3598,3595,3595,3595,..,..,..,..
Coffee Liberica,..REGION IX (ZAMBOANGA PENINSULA) 3/,..,..,4930,..,..,4740,4930,..,..,5040,..,..,5000,5040,..,..,4700,..,..,4250,4850,..,..,3850,..,..,3530,3850,..,..,2687,..,..,2845,2845,..,..,2870,..,..,2745,2870,..,..,2750,..,..,2450,2750,..,..,1600,..,..,1600,1600,..,..,1567,..,..,1567,1567,..,..,1667,..,..,1567,1667,..,..,1610,..,..,1610,1610,..,..,1610,..,..,1580,1610,..,..,1610,..,..,1460,1610,..,..,1460,..,..,1197,1460,..,..,1197,..,..,1197,1197,0,1197,1197,1197,1197,1197,1197,1197,1197,1197,..,..,..,..
Coffee Liberica,..REGION X (NORTHERN MINDANAO),..,..,0,..,..,0,0,..,..,0,..,..,0,0,..,..,0,..,..,0,0,..,..,0,..,..,0,0,..,..,0,..,..,0,0,..,..,0,..,..,0,0,..,..,0,..,..,0,0,..,..,0,..,..,0,0,..,..,0,..,..,0,0,..,..,0,..,..,0,0,..,..,0,..,..,0,0,..,..,0,..,..,0,0,..,..,0,..,..,0,0,..,..,0,..,..,0,0,..,..,0,..,..,0,0,0,0,0,0,0,0,0,0,0,0,..,..,..,..
Coffee Liberica,..REGION XI (DAVAO REGION),..,..,70750,..,..,68630,70750,..,..,68518,..,..,68518,68518,..,..,68518,..,..,63250,68518,..,..,63250,..,..,63250,63250,..,..,63881,..,..,63881,63881,..,..,62731,..,..,62731,62731,..,..,60779,..,..,60779,60779,..,..,60659,..,..,60266,60659,..,..,59859,..,..,59661,59859,..,..,59661,..,..,59661,59661,..,..,59661,..,..,59661,59661,..,..,59661,..,..,59041,59661,..,..,59041,..,..,58220,59041,..,..,58220,..,..,56565,58220,..,..,56565,..,..,56565,56565,55596,55596,55596,55596,55596,55596,55596,53658,53658,53658,..,..,..,..
Coffee Liberica,..REGION XII (SOCCSKSARGEN),..,..,1530,..,..,1450,1530,..,..,1350,..,..,1350,1350,..,..,1200,..,..,1200,1200,..,..,1200,..,..,1200,1200,..,..,1150,..,..,1150,1150,..,..,1150,..,..,1150,1150,..,..,1000,..,..,1000,1000,..,..,800,..,..,800,800,..,..,800,..,..,800,800,..,..,750,..,..,750,750,..,..,730,..,..,720,730,..,..,650,..,..,640,650,..,..,580,..,..,400,580,..,..,400,..,..,400,400,..,..,400,..,..,400,400,400,400,400,400,400,400,400,400,400,400,..,..,..,..
Coffee Liberica,..REGION XIII (CARAGA),..,..,1000,..,..,1280,1280,..,..,600,..,..,360,600,..,..,0,..,..,0,0,..,..,0,..,..,0,0,..,..,0,..,..,0,0,..,..,0,..,..,0,0,..,..,0,..,..,0,0,..,..,0,..,..,0,0,..,..,0,..,..,0,0,..,..,0,..,..,0,0,..,..,0,..,..,0,0,..,..,0,..,..,0,0,..,..,0,..,..,0,0,..,..,0,..,..,0,0,..,..,0,..,..,0,0,0,0,0,3584,3584,3584,3584,3584,3861,3861,..,..,..,..
Coffee Liberica,..BANGSAMORO AUTONOMOUS REGION IN MUSLIM MINDANAO (BARMM) 1/,..,..,502154,..,..,502154,502154,..,..,503450,..,..,503450,503450,..,..,505450,..,..,495352,505450,..,..,495352,..,..,493035,495352,..,..,500100,..,..,495000,500100,..,..,501050,..,..,501050,501050,..,..,501050,..,..,501050,501050,..,..,501050,..,..,501097,501097,..,..,499100,..,..,501100,501100,..,..,490000,..,..,490000,490000,..,..,495000,..,..,489000,495000,..,..,497500,..,..,490000,497500,..,..,490000,..,..,480000,490000,..,..,480500,..,..,800000,800500,..,..,450000,..,..,450000,450000,430300,0,430300,0,0,0,430300,0,0,0,..,..,..,..
Coffee Robusta,PHILIPPINES,..,..,63302910,..,..,63031713,63488968,..,..,62884348,..,..,60469572,62896945,..,..,63207691,..,..,60201864,63532335,..,..,60692771,..,..,60650656,60766044,..,..,60410370,..,..,60087366,60478267,..,..,57954477,..,..,58627282,58799963,..,..,58141839,..,..,59046347,59092723,..,..,57985689,..,..,58014266,58085634,..,..,57360325,..,..,57224338,57403916,..,..,56815381,..,..,56761548,56844293,..,..,57007185,..,..,57323428,57402433,..,..,60338211,..,..,59961193,60603950,..,..,60091247,..,..,59663606,60358053,..,..,60799047,..,..,61640387,61683751,..,..,64465919,..,..,64407330,64466293,65613356,65088396,68733587,65179443,65188803,65204444,69187643,65188979,65170995,65191010,..,..,..,..
Coffee Robusta,..CORDILLERA ADMINISTRATIVE REGION (CAR),..,..,3782807,..,..,3784421,3785021,..,..,3927814,..,..,3927814,3927814,..,..,3925104,..,..,3924891,3925104,..,..,3910878,..,..,3910448,3910878,..,..,3917363,..,..,3922363,3922363,..,..,3896068,..,..,3725174,3896068,..,..,3723813,..,..,3686556,3723813,..,..,3685470,..,..,3624906,3686120,..,..,3265873,..,..,3097131,3265873,..,..,2675917,..,..,2683057,2683057,..,..,2675957,..,..,2783057,2783057,..,..,2538265,..,..,2786315,2786315,..,..,2540491,..,..,2786815,2786815,..,..,2786815,..,..,2783915,2787315,..,..,2786865,..,..,2786491,2786865,2468441,2468441,2468441,2068441,2068441,2068441,2468441,2068441,2048441,2068441,..,..,..,..
Coffee Robusta,..REGION I (ILOCOS REGION),..,..,38648,..,..,38745,38769,..,..,38220,..,..,38220,38220,..,..,43269,..,..,42795,43269,..,..,42795,..,..,42795,42795,..,..,42748,..,..,42748,42748,..,..,42748,..,..,81309,81309,..,..,95033,..,..,95033,95033,..,..,100160,..,..,100160,100160,..,..,100160,..,..,100102,100160,..,..,100060,..,..,100060,100060,..,..,100784,..,..,100766,100784,..,..,101396,..,..,101397,101397,..,..,101402,..,..,101402,101402,..,..,101402,..,..,101402,101402,..,..,101644,..,..,101644,101644,89569,101636,103569,101636,101636,101636,103569,103675,103675,103675,..,..,..,..
Coffee Robusta,..REGION II (CAGAYAN VALLEY),..,..,1216235,..,..,1215894,1216235,..,..,1126837,..,..,1126637,1126837,..,..,1082689,..,..,1083802,1083802,..,..,1089902,..,..,1090002,1090002,..,..,1087931,..,..,1087931,1087931,..,..,1081767,..,..,1081767,1081767,..,..,1079809,..,..,1077487,1079809,..,..,1077354,..,..,1080925,1080925,..,..,1089595,..,..,1089795,1091295,..,..,1205175,..,..,1205320,1205320,..,..,1628281,..,..,1628760,1628760,..,..,1672643,..,..,1672663,1672663,..,..,1686444,..,..,1686444,1686444,..,..,1704696,..,..,1704696,1704696,..,..,1704696,..,..,1704696,1704696,1699118,1970496,1970496,1970488,1970488,1970488,1970496,1970487,1970623,1970623,..,..,..,..
Coffee Robusta,..REGION III (CENTRAL LUZON),..,..,1062957,..,..,1080094,1080094,..,..,1061919,..,..,1061919,1061919,..,..,1068486,..,..,1067136,1068486,..,..,1058806,..,..,1073140,1073140,..,..,1074000,..,..,1074000,1074000,..,..,1085650,..,..,1085650,1085650,..,..,764698,..,..,1061333,1061333,..,..,745283,..,..,818896,818946,..,..,818946,..,..,824384,824605,..,..,824328,..,..,824831,824831,..,..,829331,..,..,829331,829331,..,..,852563,..,..,852574,852574,..,..,852574,..,..,858932,858932,..,..,842324,..,..,858932,858932,..,..,848682,..,..,848682,848682,848682,848682,848682,848682,848682,848682,848682,848682,848682,848682,..,..,..,..
Coffee Robusta,..REGION IV-A (CALABARZON),..,..,9633200,..,..,9633740,9633740,..,..,9487180,..,..,9487180,9487180,..,..,9483281,..,..,9483281,9483281,..,..,9483281,..,..,9478136,9483286,..,..,9476540,..,..,9473710,9476540,..,..,9468687,..,..,9472787,9472787,..,..,9468687,..,..,9472387,9472387,..,..,9468387,..,..,9466607,9468387,..,..,9488230,..,..,9488230,9488230,..,..,9486959,..,..,9486959,9486959,..,..,9416959,..,..,9368926,9418926,..,..,9329208,..,..,9329208,9329208,..,..,9329282,..,..,9329282,9329282,..,..,9330767,..,..,9329282,9330767,..,..,9288295,..,..,9288295,9288295,8888295,8143295,8888295,8143295,8143295,8143295,8888295,8143295,8143295,8143295,..,..,..,..
Coffee Robusta,..MIMAROPA REGION,..,..,201990,..,..,203190,203190,..,..,204682,..,..,204675,204682,..,..,208762,..,..,209749,209749,..,..,208449,..,..,204945,208449,..,..,198965,..,..,200065,200065,..,..,198865,..,..,198134,198865,..,..,197825,..,..,197925,197925,..,..,197813,..,..,197684,197813,..,..,197684,..,..,197840,197840,..,..,197840,..,..,197840,197840,..,..,202785,..,..,201967,202785,..,..,202508,..,..,200917,202508,..,..,200917,..,..,200684,200917,..,..,199339,..,..,197593,199339,..,..,190205,..,..,188895,190205,188820,188780,188820,188780,188660,188780,188820,188660,188660,188660,..,..,..,..
Coffee Robusta,..REGION V (BICOL REGION),..,..,392107,..,..,392107,392107,..,..,380168,..,..,380169,380169,..,..,380184,..,..,380184,380184,..,..,370022,..,..,370149,370244,..,..,369206,..,..,352004,369310,..,..,351886,..,..,351929,351929,..,..,331715,..,..,331715,331715,..,..,279115,..,..,279115,279115,..,..,182297,..,..,180565,182297,..,..,176797,..,..,172334,184297,..,..,164134,..,..,160488,164167,..,..,154570,..,..,156382,156585,..,..,142554,..,..,130541,143418,..,..,110229,..,..,95515,124744,..,..,81203,..,..,81000,81203,79938,79938,79938,79938,79938,79938,79938,79938,79938,79938,..,..,..,..
Coffee Robusta,..REGION VI (WESTERN VISAYAS),..,..,4965506,..,..,4960279,4965506,..,..,4960279,..,..,4959716,4960279,..,..,4958575,..,..,4958575,4958575,..,..,4955382,..,..,4895532,4955382,..,..,4891400,..,..,4890650,4891400,..,..,4888096,..,..,4888096,4888096,..,..,4914765,..,..,4912075,4914765,..,..,4911575,..,..,4911110,4912775,..,..,4911110,..,..,4910810,4911110,..,..,4897810,..,..,4901152,4901152,..,..,4901652,..,..,4902152,4902152,..,..,4902682,..,..,4895872,4904212,..,..,4895872,..,..,4896171,4897297,..,..,4896176,..,..,4895176,4896176,..,..,3198591,..,..,3198951,3198951,3199006,3199006,3199006,3200479,3200469,3200479,3200479,3200529,3200529,3200529,..,..,..,..
Coffee Robusta,..NEGROS ISLAND REGION (NIR) 2/,..,..,..,..,..,..,..,..,..,..,..,..,..,..,..,..,..,..,..,..,..,..,..,..,..,..,..,..,..,..,..,..,..,..,..,..,..,..,..,..,..,..,..,..,..,..,..,..,..,..,..,..,..,..,..,..,..,..,..,..,..,..,..,..,..,..,..,..,..,..,..,..,..,..,..,..,..,..,..,..,..,..,..,..,..,..,..,..,..,..,..,..,..,..,..,..,..,..,..,..,2296260,..,..,2296260,2296260,2296260,2296260,2296260,2296260,2296260,2296260,2296260,2296260,2296260,2296260,..,..,..,..
Coffee Robusta,..REGION VII (CENTRAL VISAYAS),..,..,646970,..,..,645246,647008,..,..,647129,..,..,650850,650850,..,..,652370,..,..,652320,652370,..,..,660370,..,..,664265,664265,..,..,663905,..,..,665850,665940,..,..,665850,..,..,665560,665860,..,..,701815,..,..,701815,701815,..,..,683210,..,..,683260,683260,..,..,704671,..,..,704671,704671,..,..,704560,..,..,705000,705000,..,..,705000,..,..,705120,705120,..,..,705120,..,..,705100,705120,..,..,701207,..,..,701207,701207,..,..,701207,..,..,758657,758657,..,..,122057,..,..,122057,122057,122057,122057,122057,122057,121557,122057,122057,121757,121757,121757,..,..,..,..
Coffee Robusta,..REGION VIII (EASTERN VISAYAS),..,..,52915,..,..,52885,52915,..,..,84039,..,..,84028,84039,..,..,78262,..,..,73242,78266,..,..,73197,..,..,30745,73197,..,..,28734,..,..,28454,28734,..,..,28457,..,..,31632,31908,..,..,31490,..,..,30817,31490,..,..,30072,..,..,30072,30072,..,..,31087,..,..,30082,31087,..,..,33724,..,..,33374,33724,..,..,35254,..,..,34274,35254,..,..,35859,..,..,29097,36084,..,..,29879,..,..,29447,29879,..,..,28338,..,..,29574,30793,..,..,24022,..,..,24036,24036,24036,23964,24054,23969,23259,23969,24059,23864,25746,25759,..,..,..,..
Coffee Robusta,..REGION IX (ZAMBOANGA PENINSULA) 3/,..,..,379434,..,..,376730,379434,..,..,331313,..,..,325673,331313,..,..,324423,..,..,318628,324528,..,..,315148,..,..,314640,315340,..,..,313320,..,..,347700,347700,..,..,347490,..,..,347140,347490,..,..,344600,..,..,344720,344720,..,..,346433,..,..,355720,355740,..,..,356091,..,..,358128,358128,..,..,358251,..,..,359141,359141,..,..,359151,..,..,361945,361945,..,..,363987,..,..,364053,364053,..,..,368598,..,..,364029,368598,..,..,364029,..,..,364033,364033,..,..,364033,..,..,364033,364033,364033,362496,382056,362496,362496,362496,382056,1740496,1740496,1740496,..,..,..,..
Coffee Robusta,..REGION X (NORTHERN MINDANAO),..,..,5257407,..,..,5257407,5257407,..,..,5257062,..,..,5256222,5257062,..,..,5257357,..,..,5257102,5257357,..,..,5257102,..,..,5256752,5257102,..,..,5256752,..,..,5257467,5257717,..,..,5257397,..,..,5257267,5257397,..,..,5261051,..,..,5262501,5262551,..,..,5272031,..,..,5280977,5280977,..,..,5289897,..,..,5290450,5296470,..,..,5297850,..,..,5300350,5301350,..,..,5306150,..,..,5293516,5306974,..,..,5313700,..,..,5300848,5320848,..,..,5320348,..,..,5320948,5320948,..,..,5330820,..,..,5330770,5330820,..,..,5330770,..,..,5328770,5330770,5338770,5338770,5338770,5338770,5338770,5338770,5338770,5338770,5338770,5338770,..,..,..,..
Coffee Robusta,..REGION XI (DAVAO REGION),..,..,16827589,..,..,16392382,16827599,..,..,16351860,..,..,13937948,16351860,..,..,16043487,..,..,12742632,16043487,..,..,12737351,..,..,12737351,12737351,..,..,12580277,..,..,12239171,12592954,..,..,10018113,..,..,10018113,10018113,..,..,9962925,..,..,9959541,9962925,..,..,9280039,..,..,9281468,9281468,..,..,9283142,..,..,9287408,9287408,..,..,9288268,..,..,9218835,9288268,..,..,9253646,..,..,9253644,9253646,..,..,9322739,..,..,9314413,9322739,..,..,9312758,..,..,9313993,9313993,..,..,9314268,..,..,9314033,9314268,..,..,9227789,..,..,9227439,9227789,9225811,9225810,12042378,9233587,9219287,9233587,12050155,9219287,9219287,9219287,..,..,..,..
Coffee Robusta,..REGION XII (SOCCSKSARGEN),..,..,10909991,..,..,11064991,11074291,..,..,11067620,..,..,11071995,11076495,..,..,11074621,..,..,11126716,11126716,..,..,11127258,..,..,11181783,11181783,..,..,11095314,..,..,11106050,11106050,..,..,11111950,..,..,11908771,11908771,..,..,11870742,..,..,12338438,12338438,..,..,12335138,..,..,12329613,12336113,..,..,12072442,..,..,12089442,12089442,..,..,11997942,..,..,11997942,11997942,..,..,11848942,..,..,12100278,12110278,..,..,15217888,..,..,14620678,15217888,..,..,15030355,..,..,14355145,15030355,..,..,15473488,..,..,16251660,16256660,..,..,19272699,..,..,19217973,19272699,21025605,21025850,21025850,21028650,21028651,21028651,21028651,21025923,21025922,21025924,..,..,..,..
Coffee Robusta,..REGION XIII (CARAGA),..,..,2389500,..,..,2387450,2389500,..,..,2409450,..,..,2407750,2409450,..,..,3078045,..,..,3348385,3348385,..,..,3355257,..,..,3353557,3355257,..,..,3353557,..,..,3354457,3354457,..,..,3353157,..,..,3355657,3355657,..,..,3234575,..,..,3415708,3415708,..,..,3415408,..,..,3415408,3415408,..,..,3414930,..,..,3414930,3414930,..,..,3414930,..,..,3414932,3414932,..,..,3418738,..,..,3438738,3438738,..,..,3470838,..,..,3470909,3470909,..,..,3429299,..,..,3429299,3429299,..,..,3455882,..,..,3455882,3455882,..,..,3455841,..,..,3455841,3455841,3545648,3545648,3545648,3574648,3574648,3574648,3574648,3574648,3574648,3574648,..,..,..,..
Coffee Robusta,..BANGSAMORO AUTONOMOUS REGION IN MUSLIM MINDANAO (BARMM) 1/,..,..,5545654,..,..,5546152,5546152,..,..,5548776,..,..,5548776,5548776,..,..,5548776,..,..,5532426,5548776,..,..,6047572,..,..,6046416,6047572,..,..,6060358,..,..,6044746,6060358,..,..,6158296,..,..,6158296,6158296,..,..,6158296,..,..,6158296,6158296,..,..,6158201,..,..,6158345,6158355,..,..,6154171,..,..,6160371,6160371,..,..,6154971,..,..,6160421,6160421,..,..,6160421,..,..,6160465,6160515,..,..,6154245,..,..,6160767,6160847,..,..,6149267,..,..,6159267,6159267,..,..,6159267,..,..,6169267,6169267,..,..,6172267,..,..,6172267,6172267,6209267,6147267,6209267,6597267,6622267,6622267,6622267,5244267,5244267,5244267,..,..,..,..
Coffee Others,PHILIPPINES,..,..,224920,..,..,221970,224920,..,..,0,..,..,0,0,..,..,0,..,..,0,0,..,..,0,..,..,0,0,..,..,0,..,..,0,0,..,..,0,..,..,0,0,..,..,0,..,..,0,0,..,..,0,..,..,0,0,..,..,0,..,..,0,0,..,..,0,..,..,0,0,..,..,0,..,..,0,0,..,..,0,..,..,0,0,..,..,0,..,..,0,0,..,..,0,..,..,0,0,..,..,0,..,..,0,0,0,..,..,..,..,..,..,..,..,..,..,..,..,..
Coffee Others,..CORDILLERA ADMINISTRATIVE REGION (CAR),..,..,190150,..,..,187200,190150,..,..,0,..,..,0,0,..,..,0,..,..,0,0,..,..,0,..,..,0,0,..,..,0,..,..,0,0,..,..,0,..,..,0,0,..,..,0,..,..,0,0,..,..,0,..,..,0,0,..,..,0,..,..,0,0,..,..,0,..,..,0,0,..,..,0,..,..,0,0,..,..,0,..,..,0,0,..,..,0,..,..,0,0,..,..,0,..,..,0,0,..,..,0,..,..,0,0,0,..,..,..,..,..,..,..,..,..,..,..,..,..
Coffee Others,..REGION I (ILOCOS REGION),..,..,0,..,..,0,0,..,..,0,..,..,0,0,..,..,0,..,..,0,0,..,..,0,..,..,0,0,..,..,0,..,..,0,0,..,..,0,..,..,0,0,..,..,0,..,..,0,0,..,..,0,..,..,0,0,..,..,0,..,..,0,0,..,..,0,..,..,0,0,..,..,0,..,..,0,0,..,..,0,..,..,0,0,..,..,0,..,..,0,0,..,..,0,..,..,0,0,..,..,0,..,..,0,0,0,..,..,..,..,..,..,..,..,..,..,..,..,..
Coffee Others,..REGION II (CAGAYAN VALLEY),..,..,0,..,..,0,0,..,..,0,..,..,0,0,..,..,0,..,..,0,0,..,..,0,..,..,0,0,..,..,0,..,..,0,0,..,..,0,..,..,0,0,..,..,0,..,..,0,0,..,..,0,..,..,0,0,..,..,0,..,..,0,0,..,..,0,..,..,0,0,..,..,0,..,..,0,0,..,..,0,..,..,0,0,..,..,0,..,..,0,0,..,..,0,..,..,0,0,..,..,0,..,..,0,0,0,..,..,..,..,..,..,..,..,..,..,..,..,..
Coffee Others,..REGION III (CENTRAL LUZON),..,..,0,..,..,0,0,..,..,0,..,..,0,0,..,..,0,..,..,0,0,..,..,0,..,..,0,0,..,..,0,..,..,0,0,..,..,0,..,..,0,0,..,..,0,..,..,0,0,..,..,0,..,..,0,0,..,..,0,..,..,0,0,..,..,0,..,..,0,0,..,..,0,..,..,0,0,..,..,0,..,..,0,0,..,..,0,..,..,0,0,..,..,0,..,..,0,0,..,..,0,..,..,0,0,0,..,..,..,..,..,..,..,..,..,..,..,..,..
Coffee Others,..REGION IV-A (CALABARZON),..,..,0,..,..,0,0,..,..,0,..,..,0,0,..,..,0,..,..,0,0,..,..,0,..,..,0,0,..,..,0,..,..,0,0,..,..,0,..,..,0,0,..,..,0,..,..,0,0,..,..,0,..,..,0,0,..,..,0,..,..,0,0,..,..,0,..,..,0,0,..,..,0,..,..,0,0,..,..,0,..,..,0,0,..,..,0,..,..,0,0,..,..,0,..,..,0,0,..,..,0,..,..,0,0,0,..,..,..,..,..,..,..,..,..,..,..,..,..
Coffee Others,..MIMAROPA REGION,..,..,1650,..,..,1650,1650,..,..,0,..,..,0,0,..,..,0,..,..,0,0,..,..,0,..,..,0,0,..,..,0,..,..,0,0,..,..,0,..,..,0,0,..,..,0,..,..,0,0,..,..,0,..,..,0,0,..,..,0,..,..,0,0,..,..,0,..,..,0,0,..,..,0,..,..,0,0,..,..,0,..,..,0,0,..,..,0,..,..,0,0,..,..,0,..,..,0,0,..,..,0,..,..,0,0,0,..,..,..,..,..,..,..,..,..,..,..,..,..
Coffee Others,..REGION V (BICOL REGION),..,..,0,..,..,0,0,..,..,0,..,..,0,0,..,..,0,..,..,0,0,..,..,0,..,..,0,0,..,..,0,..,..,0,0,..,..,0,..,..,0,0,..,..,0,..,..,0,0,..,..,0,..,..,0,0,..,..,0,..,..,0,0,..,..,0,..,..,0,0,..,..,0,..,..,0,0,..,..,0,..,..,0,0,..,..,0,..,..,0,0,..,..,0,..,..,0,0,..,..,0,..,..,0,0,0,..,..,..,..,..,..,..,..,..,..,..,..,..
Coffee Others,..REGION VI (WESTERN VISAYAS),..,..,0,..,..,0,0,..,..,0,..,..,0,0,..,..,0,..,..,0,0,..,..,0,..,..,0,0,..,..,0,..,..,0,0,..,..,0,..,..,0,0,..,..,0,..,..,0,0,..,..,0,..,..,0,0,..,..,0,..,..,0,0,..,..,0,..,..,0,0,..,..,0,..,..,0,0,..,..,0,..,..,0,0,..,..,0,..,..,0,0,..,..,0,..,..,0,0,..,..,0,..,..,0,0,0,..,..,..,..,..,..,..,..,..,..,..,..,..
Coffee Others,..NEGROS ISLAND REGION (NIR) 2/,..,..,..,..,..,..,..,..,..,..,..,..,..,..,..,..,..,..,..,..,..,..,..,..,..,..,..,..,..,..,..,..,..,..,..,..,..,..,..,..,..,..,..,..,..,..,..,..,..,..,..,..,..,..,..,..,..,..,..,..,..,..,..,..,..,..,..,..,..,..,..,..,..,..,..,..,..,..,..,..,..,..,..,..,..,..,..,..,..,..,..,..,..,..,..,..,..,..,..,..,0,..,..,0,0,0,..,..,..,..,..,..,..,..,..,..,..,..,..
Coffee Others,..REGION VII (CENTRAL VISAYAS),..,..,0,..,..,0,0,..,..,0,..,..,0,0,..,..,0,..,..,0,0,..,..,0,..,..,0,0,..,..,0,..,..,0,0,..,..,0,..,..,0,0,..,..,0,..,..,0,0,..,..,0,..,..,0,0,..,..,0,..,..,0,0,..,..,0,..,..,0,0,..,..,0,..,..,0,0,..,..,0,..,..,0,0,..,..,0,..,..,0,0,..,..,0,..,..,0,0,..,..,0,..,..,0,0,0,..,..,..,..,..,..,..,..,..,..,..,..,..
Coffee Others,..REGION VIII (EASTERN VISAYAS),..,..,31440,..,..,31440,31440,..,..,0,..,..,0,0,..,..,0,..,..,0,0,..,..,0,..,..,0,0,..,..,0,..,..,0,0,..,..,0,..,..,0,0,..,..,0,..,..,0,0,..,..,0,..,..,0,0,..,..,0,..,..,0,0,..,..,0,..,..,0,0,..,..,0,..,..,0,0,..,..,0,..,..,0,0,..,..,0,..,..,0,0,..,..,0,..,..,0,0,..,..,0,..,..,0,0,0,..,..,..,..,..,..,..,..,..,..,..,..,..
Coffee Others,..REGION IX (ZAMBOANGA PENINSULA) 3/,..,..,0,..,..,0,0,..,..,0,..,..,0,0,..,..,0,..,..,0,0,..,..,0,..,..,0,0,..,..,0,..,..,0,0,..,..,0,..,..,0,0,..,..,0,..,..,0,0,..,..,0,..,..,0,0,..,..,0,..,..,0,0,..,..,0,..,..,0,0,..,..,0,..,..,0,0,..,..,0,..,..,0,0,..,..,0,..,..,0,0,..,..,0,..,..,0,0,..,..,0,..,..,0,0,0,..,..,..,..,..,..,..,..,..,..,..,..,..
Coffee Others,..REGION X (NORTHERN MINDANAO),..,..,1680,..,..,1680,1680,..,..,0,..,..,0,0,..,..,0,..,..,0,0,..,..,0,..,..,0,0,..,..,0,..,..,0,0,..,..,0,..,..,0,0,..,..,0,..,..,0,0,..,..,0,..,..,0,0,..,..,0,..,..,0,0,..,..,0,..,..,0,0,..,..,0,..,..,0,0,..,..,0,..,..,0,0,..,..,0,..,..,0,0,..,..,0,..,..,0,0,..,..,0,..,..,0,0,0,..,..,..,..,..,..,..,..,..,..,..,..,..
Coffee Others,..REGION XI (DAVAO REGION),..,..,0,..,..,0,0,..,..,0,..,..,0,0,..,..,0,..,..,0,0,..,..,0,..,..,0,0,..,..,0,..,..,0,0,..,..,0,..,..,0,0,..,..,0,..,..,0,0,..,..,0,..,..,0,0,..,..,0,..,..,0,0,..,..,0,..,..,0,0,..,..,0,..,..,0,0,..,..,0,..,..,0,0,..,..,0,..,..,0,0,..,..,0,..,..,0,0,..,..,0,..,..,0,0,0,..,..,..,..,..,..,..,..,..,..,..,..,..
Coffee Others,..REGION XII (SOCCSKSARGEN),..,..,0,..,..,0,0,..,..,0,..,..,0,0,..,..,0,..,..,0,0,..,..,0,..,..,0,0,..,..,0,..,..,0,0,..,..,0,..,..,0,0,..,..,0,..,..,0,0,..,..,0,..,..,0,0,..,..,0,..,..,0,0,..,..,0,..,..,0,0,..,..,0,..,..,0,0,..,..,0,..,..,0,0,..,..,0,..,..,0,0,..,..,0,..,..,0,0,..,..,0,..,..,0,0,0,..,..,..,..,..,..,..,..,..,..,..,..,..
Coffee Others,..REGION XIII (CARAGA),..,..,0,..,..,0,0,..,..,0,..,..,0,0,..,..,0,..,..,0,0,..,..,0,..,..,0,0,..,..,0,..,..,0,0,..,..,0,..,..,0,0,..,..,0,..,..,0,0,..,..,0,..,..,0,0,..,..,0,..,..,0,0,..,..,0,..,..,0,0,..,..,0,..,..,0,0,..,..,0,..,..,0,0,..,..,0,..,..,0,0,..,..,0,..,..,0,0,..,..,0,..,..,0,0,0,..,..,..,..,..,..,..,..,..,..,..,..,..
Coffee Others,..BANGSAMORO AUTONOMOUS REGION IN MUSLIM MINDANAO (BARMM) 1/,..,..,0,..,..,0,0,..,..,0,..,..,0,0,..,..,0,..,..,0,0,..,..,0,..,..,0,0,..,..,0,..,..,0,0,..,..,0,..,..,0,0,..,..,0,..,..,0,0,..,..,0,..,..,0,0,..,..,0,..,..,0,0,..,..,0,..,..,0,0,..,..,0,..,..,0,0,..,..,0,..,..,0,0,..,..,0,..,..,0,0,..,..,0,..,..,0,0,..,..,..,..,..,..,0,0,..,..,..,..,..,..,..,..,..,..,..,..,..
Rubber,PHILIPPINES,..,..,37675025,..,..,39366822,39369228,..,..,39903917,..,..,42052621,42063221,..,..,43159406,..,..,42803022,43550204,..,..,44797674,..,..,47375819,47377468,..,..,48358530,..,..,52236449,52457749,..,..,54699348,..,..,56252252,56257678,..,..,56524378,..,..,56557236,56605728,..,..,56634022,..,..,56915293,56917639,..,..,57252246,..,..,57635166,57640047,..,..,57685517,..,..,57805394,57805744,..,..,58069867,..,..,58031465,58222059,..,..,60248529,..,..,61120892,61380562,..,..,61319797,..,..,61119664,61335137,..,..,61124667,..,..,59568506,61133759,..,..,59361499,..,..,59225158,59374418,58551097,58085352,59062570,58080073,58196934,58202608,59178450,58192171,56106404,58192216,..,..,..,..
Rubber,..CORDILLERA ADMINISTRATIVE REGION (CAR),..,..,0,..,..,0,0,..,..,0,..,..,0,0,..,..,0,..,..,0,0,..,..,0,..,..,0,0,..,..,0,..,..,0,0,..,..,0,..,..,0,0,..,..,0,..,..,0,0,..,..,0,..,..,0,0,..,..,0,..,..,0,0,..,..,0,..,..,0,0,..,..,0,..,..,0,0,..,..,0,..,..,0,0,..,..,0,..,..,0,0,..,..,0,..,..,0,0,..,..,0,..,..,0,0,0,0,0,0,0,0,0,0,0,0,..,..,..,..
Rubber,..REGION I (ILOCOS REGION),..,..,0,..,..,0,0,..,..,0,..,..,0,0,..,..,0,..,..,0,0,..,..,0,..,..,0,0,..,..,0,..,..,0,0,..,..,0,..,..,0,0,..,..,0,..,..,0,0,..,..,0,..,..,0,0,..,..,0,..,..,0,0,..,..,0,..,..,0,0,..,..,0,..,..,0,0,..,..,0,..,..,0,0,..,..,0,..,..,0,0,..,..,0,..,..,0,0,..,..,0,..,..,0,0,0,0,0,0,0,0,0,0,0,0,..,..,..,..
Rubber,..REGION II (CAGAYAN VALLEY),..,..,0,..,..,0,0,..,..,0,..,..,0,0,..,..,0,..,..,0,0,..,..,0,..,..,0,0,..,..,0,..,..,0,0,..,..,0,..,..,0,0,..,..,0,..,..,0,0,..,..,0,..,..,0,0,..,..,0,..,..,0,0,..,..,0,..,..,0,0,..,..,0,..,..,0,0,..,..,0,..,..,0,0,..,..,0,..,..,0,0,..,..,0,..,..,0,0,..,..,0,..,..,0,0,3000,3000,3000,3000,15400,15400,15400,15400,15400,15400,..,..,..,..
Rubber,..REGION III (CENTRAL LUZON),..,..,0,..,..,0,0,..,..,0,..,..,0,0,..,..,0,..,..,0,0,..,..,0,..,..,0,0,..,..,0,..,..,0,0,..,..,0,..,..,0,0,..,..,0,..,..,0,0,..,..,0,..,..,0,0,..,..,0,..,..,0,0,..,..,0,..,..,0,0,..,..,0,..,..,0,0,..,..,0,..,..,0,0,..,..,0,..,..,0,0,..,..,0,..,..,0,0,..,..,0,..,..,0,0,0,0,0,0,0,0,0,0,0,0,..,..,..,..
Rubber,..REGION IV-A (CALABARZON),..,..,51380,..,..,51300,51380,..,..,51200,..,..,51200,51200,..,..,51200,..,..,51300,51300,..,..,51400,..,..,51400,51400,..,..,56747,..,..,56347,56747,..,..,56247,..,..,56247,56247,..,..,56247,..,..,56247,56247,..,..,56247,..,..,56247,56247,..,..,56247,..,..,56247,56247,..,..,56247,..,..,56247,56247,..,..,56247,..,..,56247,56247,..,..,56247,..,..,56247,56247,..,..,56247,..,..,56247,56247,..,..,56247,..,..,56247,56247,..,..,56247,..,..,56247,56247,56247,56247,56247,56247,56247,56247,56247,56247,56247,56247,..,..,..,..
Rubber,..MIMAROPA REGION,..,..,33100,..,..,35300,35300,..,..,43300,..,..,43800,43800,..,..,44525,..,..,45120,45120,..,..,47525,..,..,49025,49025,..,..,49025,..,..,73725,73725,..,..,73725,..,..,73599,74025,..,..,73599,..,..,73949,73949,..,..,73949,..,..,73999,73999,..,..,73999,..,..,75299,75299,..,..,75299,..,..,76199,76199,..,..,82728,..,..,83728,83728,..,..,83728,..,..,68606,83728,..,..,68597,..,..,68597,68597,..,..,68597,..,..,66687,68717,..,..,60783,..,..,69221,69221,63800,63500,63800,63500,63500,63500,63800,63133,63133,63133,..,..,..,..
Rubber,..REGION V (BICOL REGION),..,..,0,..,..,0,0,..,..,0,..,..,0,0,..,..,0,..,..,0,0,..,..,0,..,..,0,0,..,..,0,..,..,0,0,..,..,0,..,..,0,0,..,..,0,..,..,0,0,..,..,0,..,..,0,0,..,..,0,..,..,0,0,..,..,0,..,..,0,0,..,..,0,..,..,0,0,..,..,0,..,..,0,0,..,..,0,..,..,0,0,..,..,0,..,..,0,0,..,..,0,..,..,0,0,0,0,0,0,0,0,0,0,44,44,..,..,..,..
Rubber,..REGION VI (WESTERN VISAYAS),..,..,0,..,..,0,0,..,..,0,..,..,0,0,..,..,0,..,..,0,0,..,..,0,..,..,0,0,..,..,0,..,..,0,0,..,..,0,..,..,0,0,..,..,0,..,..,0,0,..,..,0,..,..,0,0,..,..,0,..,..,0,0,..,..,0,..,..,0,0,..,..,0,..,..,0,0,..,..,0,..,..,0,0,..,..,0,..,..,0,0,..,..,0,..,..,0,0,..,..,0,..,..,0,0,0,0,0,0,0,0,0,0,0,0,..,..,..,..
Rubber,..NEGROS ISLAND REGION (NIR) 2/,..,..,..,..,..,..,..,..,..,..,..,..,..,..,..,..,..,..,..,..,..,..,..,..,..,..,..,..,..,..,..,..,..,..,..,..,..,..,..,..,..,..,..,..,..,..,..,..,..,..,..,..,..,..,..,..,..,..,..,..,..,..,..,..,..,..,..,..,..,..,..,..,..,..,..,..,..,..,..,..,..,..,..,..,..,..,..,..,..,..,..,..,..,..,..,..,..,..,..,..,6400,..,..,6400,6400,6400,6400,6400,6400,6400,6400,6400,6400,6400,6400,..,..,..,..
Rubber,..REGION VII (CENTRAL VISAYAS),..,..,0,..,..,0,0,..,..,0,..,..,0,0,..,..,0,..,..,0,0,..,..,3200,..,..,4060,4060,..,..,4060,..,..,4210,4210,..,..,4307,..,..,4307,4307,..,..,4900,..,..,4900,4900,..,..,4900,..,..,4950,4950,..,..,4950,..,..,5550,5550,..,..,6250,..,..,6250,6250,..,..,6250,..,..,6255,6255,..,..,6255,..,..,6350,6350,..,..,6350,..,..,6400,6400,..,..,6400,..,..,6400,6400,..,..,0,..,..,0,0,0,0,0,0,0,0,0,0,0,0,..,..,..,..
Rubber,..REGION VIII (EASTERN VISAYAS),..,..,0,..,..,0,0,..,..,0,..,..,0,0,..,..,0,..,..,0,0,..,..,0,..,..,0,0,..,..,0,..,..,0,0,..,..,0,..,..,0,0,..,..,0,..,..,0,0,..,..,3000,..,..,3000,3000,..,..,3000,..,..,3000,3000,..,..,3100,..,..,3100,3100,..,..,3100,..,..,3100,3100,..,..,3100,..,..,1705,3100,..,..,11705,..,..,1705,11705,..,..,12350,..,..,11710,12350,..,..,11705,..,..,11710,11710,11705,11705,11705,11705,11705,11705,11705,11705,11700,11705,..,..,..,..
Rubber,..REGION IX (ZAMBOANGA PENINSULA) 3/,..,..,17638870,..,..,18667792,18667792,..,..,18781305,..,..,20665305,20673805,..,..,20723502,..,..,20720785,20723502,..,..,20943230,..,..,21091178,21091178,..,..,21152808,..,..,20969630,21190130,..,..,23172209,..,..,23167209,23172209,..,..,23372864,..,..,23326984,23372864,..,..,23392017,..,..,23393450,23393600,..,..,23399615,..,..,23433415,23434415,..,..,23435096,..,..,23471385,23471435,..,..,23471385,..,..,23493810,23493820,..,..,25394506,..,..,25397503,25397506,..,..,25603482,..,..,25398177,25603482,..,..,25398177,..,..,23841150,25400479,..,..,23741142,..,..,23640942,23741142,23640942,23705316,23960199,23705316,23705316,23705316,23960199,23705316,23705316,23705316,..,..,..,..
Rubber,..REGION X (NORTHERN MINDANAO),..,..,765200,..,..,765350,765350,..,..,765350,..,..,888525,888525,..,..,888615,..,..,913590,913615,..,..,921590,..,..,926795,926795,..,..,928320,..,..,949595,949595,..,..,947765,..,..,971065,971065,..,..,972985,..,..,987613,987613,..,..,987613,..,..,996613,996613,..,..,1015191,..,..,1018196,1018196,..,..,1049025,..,..,1050085,1050085,..,..,1049890,..,..,1049199,1050038,..,..,1050087,..,..,1049225,1050087,..,..,1049477,..,..,1049309,1049477,..,..,1051359,..,..,1053959,1053959,..,..,1053959,..,..,1051959,1053959,1052596,1052596,1052596,1053843,1053843,1053843,1054508,1053843,1053843,1053843,..,..,..,..
Rubber,..REGION XI (DAVAO REGION),..,..,1296138,..,..,1295912,1296138,..,..,1300308,..,..,1307139,1307139,..,..,1316231,..,..,575797,1320237,..,..,678392,..,..,676743,678392,..,..,685622,..,..,685922,685922,..,..,943875,..,..,944145,944145,..,..,923449,..,..,959976,959976,..,..,965943,..,..,965519,965943,..,..,970232,..,..,966723,970604,..,..,967789,..,..,967789,967789,..,..,969311,..,..,969290,969311,..,..,996135,..,..,996135,996135,..,..,995650,..,..,995650,995650,..,..,997804,..,..,995700,997804,..,..,995335,..,..,996293,996293,996293,993411,1185219,985965,996000,996000,1185927,994334,994334,994334,..,..,..,..
Rubber,..REGION XII (SOCCSKSARGEN),..,..,12817112,..,..,13362677,13362677,..,..,13420782,..,..,13554430,13556530,..,..,13594935,..,..,13652194,13652194,..,..,15157214,..,..,15209288,15209288,..,..,16109368,..,..,19570430,19570430,..,..,19570930,..,..,19577640,19577640,..,..,19577890,..,..,19583735,19583735,..,..,19584665,..,..,19607595,19607595,..,..,19774606,..,..,19798103,19798103,..,..,19813093,..,..,19823031,19823331,..,..,19825531,..,..,19954135,19954135,..,..,19966472,..,..,21094802,21095102,..,..,21099674,..,..,21099674,21099674,..,..,21089828,..,..,21092898,21093898,..,..,21094423,..,..,21081665,21095691,21081027,21080867,21081027,21081787,21076113,21081787,21081787,21073383,21073383,21073383,..,..,..,..
Rubber,..REGION XIII (CARAGA),..,..,2466525,..,..,2485075,2487175,..,..,2485075,..,..,2485625,2485625,..,..,2691959,..,..,2912359,2912359,..,..,2929078,..,..,2929078,2929078,..,..,2934228,..,..,2934628,2934628,..,..,2937928,..,..,2943178,2943178,..,..,2951457,..,..,2948845,2951457,..,..,2950700,..,..,2948928,2950700,..,..,2953785,..,..,2953785,2953785,..,..,2953785,..,..,3025475,3025475,..,..,3026918,..,..,3026918,3026918,..,..,3051973,..,..,3052281,3052281,..,..,3030577,..,..,3030577,3030577,..,..,3030577,..,..,3030427,3030577,..,..,3028177,..,..,3030427,3030427,2851551,2851551,2851551,2851551,2951651,2951651,2951651,2951651,2951651,2951651,..,..,..,..
Rubber,..BANGSAMORO AUTONOMOUS REGION IN MUSLIM MINDANAO (BARMM) 1/,..,..,2606700,..,..,2703416,2703416,..,..,3056597,..,..,3056597,3056597,..,..,3848439,..,..,3931877,3931877,..,..,4066045,..,..,6438252,6438252,..,..,6438352,..,..,6991962,6992362,..,..,6992362,..,..,8514862,8514862,..,..,8590987,..,..,8614987,8614987,..,..,8614988,..,..,8864992,8864992,..,..,9000621,..,..,9324848,9324848,..,..,9325833,..,..,9325833,9325833,..,..,9578507,..,..,9388784,9578507,..,..,9640026,..,..,9398038,9640026,..,..,9398038,..,..,9413328,9413328,..,..,9413328,..,..,9413328,9413328,..,..,9313328,..,..,9280294,9313328,8787536,8260759,8790826,8260759,8260759,8260759,8790826,8260759,6174952,8260759,..,..,..,..
Cacao,PHILIPPINES,..,..,3902200,..,..,3881039,3908457,..,..,3856244,..,..,3855850,3863221,..,..,3799534,..,..,3575089,3826701,..,..,3558711,..,..,3559492,3588134,..,..,3544640,..,..,3674275,3699114,..,..,4478255,..,..,4482581,4490180,..,..,4530157,..,..,4572968,4591960,..,..,4713533,..,..,4988987,4996312,..,..,5061481,..,..,5671198,5676647,..,..,5636621,..,..,5735981,5750332,..,..,6114805,..,..,6237121,6239874,..,..,6335508,..,..,6456566,6467372,..,..,6455954,..,..,6483940,6485016,..,..,6501682,..,..,6672922,6681860,..,..,6749637,..,..,6830769,6838206,6832015,7087850,9018531,7098539,7101115,7101905,9032679,7100041,7127046,7127112,..,..,..,..
Cacao,..CORDILLERA ADMINISTRATIVE REGION (CAR),..,..,12393,..,..,12860,12860,..,..,12860,..,..,12865,12865,..,..,12860,..,..,17875,18500,..,..,18175,..,..,18575,18575,..,..,23075,..,..,24388,25075,..,..,25200,..,..,25200,25200,..,..,26222,..,..,19440,26222,..,..,20032,..,..,19662,20254,..,..,22305,..,..,18440,22305,..,..,19266,..,..,20676,20676,..,..,21145,..,..,21195,21195,..,..,21715,..,..,21730,21730,..,..,21830,..,..,21830,21830,..,..,22090,..,..,22112,22127,..,..,25038,..,..,25208,25238,25262,25262,25262,25509,25509,25509,25509,25509,25559,25609,..,..,..,..
Cacao,..REGION I (ILOCOS REGION),..,..,17865,..,..,17827,17865,..,..,17429,..,..,17429,17429,..,..,17385,..,..,17385,17385,..,..,17385,..,..,17385,17385,..,..,17385,..,..,17375,17398,..,..,17361,..,..,17360,17361,..,..,17531,..,..,17564,17564,..,..,18123,..,..,17564,18123,..,..,18271,..,..,17540,18271,..,..,17960,..,..,18079,18090,..,..,18104,..,..,18238,18238,..,..,18245,..,..,18305,18305,..,..,18546,..,..,18546,18546,..,..,18521,..,..,18761,18761,..,..,18761,..,..,18761,18761,18761,18761,18761,18761,18793,18793,18793,18793,18793,18793,..,..,..,..
Cacao,..REGION II (CAGAYAN VALLEY),..,..,73730,..,..,71930,73730,..,..,71930,..,..,71560,72130,..,..,72397,..,..,71705,72397,..,..,73123,..,..,73118,73123,..,..,83585,..,..,83585,83585,..,..,93010,..,..,93010,93010,..,..,96981,..,..,90389,97045,..,..,88429,..,..,97501,97501,..,..,97727,..,..,97233,97947,..,..,96185,..,..,96385,96385,..,..,96965,..,..,97195,97195,..,..,98228,..,..,96268,98268,..,..,96503,..,..,96760,96760,..,..,96493,..,..,96838,96838,..,..,96831,..,..,96506,96831,95574,313815,313815,313815,313335,313815,313815,313335,313335,313335,..,..,..,..
Cacao,..REGION III (CENTRAL LUZON),..,..,19170,..,..,20470,20470,..,..,20760,..,..,21260,21260,..,..,21350,..,..,21820,21820,..,..,22880,..,..,22880,22880,..,..,23485,..,..,23510,23510,..,..,23750,..,..,23750,23750,..,..,45135,..,..,50992,50992,..,..,50548,..,..,51092,51092,..,..,57413,..,..,57413,57413,..,..,67714,..,..,67739,67739,..,..,69817,..,..,69823,69823,..,..,69823,..,..,69825,69825,..,..,69950,..,..,69994,69994,..,..,70146,..,..,70146,70146,..,..,69392,..,..,69392,69392,60816,79824,79824,79824,79824,79824,79824,79824,79839,79839,..,..,..,..
Cacao,..REGION IV-A (CALABARZON),..,..,44476,..,..,44486,44486,..,..,43906,..,..,43906,43906,..,..,43906,..,..,43926,43926,..,..,43926,..,..,43766,43946,..,..,43746,..,..,43226,43746,..,..,43096,..,..,43196,43196,..,..,43046,..,..,43280,43280,..,..,45050,..,..,45261,45261,..,..,56562,..,..,56752,56752,..,..,58499,..,..,58788,58799,..,..,58997,..,..,75519,75519,..,..,75329,..,..,75873,75873,..,..,76399,..,..,76479,76479,..,..,77824,..,..,90120,90120,..,..,94242,..,..,157265,157265,157215,161154,161154,161730,162330,162330,162330,162700,183544,183544,..,..,..,..
Cacao,..MIMAROPA REGION,..,..,28611,..,..,31601,31811,..,..,30526,..,..,31720,31726,..,..,31579,..,..,31579,31579,..,..,30286,..,..,30827,30886,..,..,30738,..,..,33938,33938,..,..,33633,..,..,32653,33643,..,..,31810,..,..,32210,32210,..,..,32134,..,..,32179,32179,..,..,33074,..,..,34420,34420,..,..,34388,..,..,34679,34788,..,..,35405,..,..,35236,35405,..,..,33865,..,..,35320,35365,..,..,35320,..,..,35434,35434,..,..,35438,..,..,33233,35473,..,..,38667,..,..,39082,39082,37385,38047,38047,38047,38447,38447,38447,38447,44447,44447,..,..,..,..
Cacao,..REGION V (BICOL REGION),..,..,56837,..,..,56837,56837,..,..,56825,..,..,56825,56825,..,..,56800,..,..,57100,57100,..,..,57120,..,..,57120,57120,..,..,57183,..,..,54902,57202,..,..,54908,..,..,54926,54926,..,..,54926,..,..,54946,54946,..,..,55223,..,..,55546,55546,..,..,55579,..,..,62539,62579,..,..,57613,..,..,61209,62613,..,..,56417,..,..,61251,61617,..,..,62298,..,..,62407,62720,..,..,62407,..,..,62411,62411,..,..,63343,..,..,139775,139957,..,..,149295,..,..,150727,150745,149306,149456,149456,149456,150656,150656,150656,149372,149366,149372,..,..,..,..
Cacao,..REGION VI (WESTERN VISAYAS),..,..,51835,..,..,51749,51835,..,..,51529,..,..,50629,51529,..,..,50578,..,..,50400,50578,..,..,50200,..,..,40618,50400,..,..,40618,..,..,45840,45840,..,..,45890,..,..,45810,45890,..,..,45960,..,..,46085,46085,..,..,46505,..,..,47957,47957,..,..,52679,..,..,55122,55122,..,..,55122,..,..,58200,58200,..,..,58560,..,..,59260,59260,..,..,59300,..,..,58536,59300,..,..,59426,..,..,59461,59526,..,..,62110,..,..,65480,65480,..,..,54020,..,..,54900,54900,67430,72430,72430,73730,74830,74830,74830,75970,76080,76080,..,..,..,..
Cacao,..NEGROS ISLAND REGION (NIR) 2/,..,..,..,..,..,..,..,..,..,..,..,..,..,..,..,..,..,..,..,..,..,..,..,..,..,..,..,..,..,..,..,..,..,..,..,..,..,..,..,..,..,..,..,..,..,..,..,..,..,..,..,..,..,..,..,..,..,..,..,..,..,..,..,..,..,..,..,..,..,..,..,..,..,..,..,..,..,..,..,..,..,..,..,..,..,..,..,..,..,..,..,..,..,..,..,..,..,..,..,..,31911,..,..,31911,31911,31911,31911,31911,31911,31911,31911,31911,31911,31911,31911,..,..,..,..
Cacao,..REGION VII (CENTRAL VISAYAS),..,..,60811,..,..,60013,60811,..,..,59639,..,..,59639,59639,..,..,59163,..,..,59230,59230,..,..,61326,..,..,61311,61326,..,..,61283,..,..,61313,61383,..,..,61611,..,..,61911,61911,..,..,86532,..,..,86430,86532,..,..,86430,..,..,86430,86430,..,..,87680,..,..,88180,88180,..,..,89980,..,..,90130,90130,..,..,92420,..,..,92470,92490,..,..,97470,..,..,97500,97500,..,..,54293,..,..,54293,54293,..,..,74734,..,..,75293,75293,..,..,50800,..,..,51800,51800,51800,51800,51800,51800,51700,51800,51800,51700,51702,51702,..,..,..,..
Cacao,..REGION VIII (EASTERN VISAYAS),..,..,144281,..,..,144175,144281,..,..,137358,..,..,136723,137358,..,..,133548,..,..,128563,133548,..,..,128553,..,..,113256,128553,..,..,108316,..,..,107867,108316,..,..,107013,..,..,103786,107013,..,..,104033,..,..,101632,104033,..,..,101277,..,..,101277,101277,..,..,101073,..,..,101004,101103,..,..,101469,..,..,100634,101634,..,..,102057,..,..,101394,102411,..,..,101566,..,..,95804,101893,..,..,96279,..,..,96003,96479,..,..,98742,..,..,101998,103200,..,..,101003,..,..,96932,101067,95888,95894,95894,95894,95684,95894,95894,95894,95894,95894,..,..,..,..
Cacao,..REGION IX (ZAMBOANGA PENINSULA) 3/,..,..,77764,..,..,75264,77764,..,..,88700,..,..,87400,88700,..,..,88060,..,..,88170,88170,..,..,88005,..,..,85095,88005,..,..,85785,..,..,85785,85785,..,..,85715,..,..,85715,85715,..,..,85645,..,..,86686,86686,..,..,86686,..,..,87396,87716,..,..,93077,..,..,93077,93077,..,..,100504,..,..,113971,114056,..,..,172117,..,..,173871,173871,..,..,268514,..,..,349009,349014,..,..,388111,..,..,414031,414036,..,..,386044,..,..,413405,414405,..,..,413405,..,..,432098,432240,432098,431365,437264,431365,431365,431365,437264,451365,451365,451365,..,..,..,..
Cacao,..REGION X (NORTHERN MINDANAO),..,..,482752,..,..,472665,482752,..,..,426752,..,..,426752,426752,..,..,426752,..,..,214632,426752,..,..,203425,..,..,203425,203425,..,..,202925,..,..,182870,203090,..,..,181120,..,..,181440,181440,..,..,190580,..,..,190580,190580,..,..,191680,..,..,192270,192270,..,..,197180,..,..,204070,204070,..,..,205010,..,..,205748,205748,..,..,207268,..,..,210434,210434,..,..,208134,..,..,214077,214077,..,..,215282,..,..,215596,215596,..,..,217850,..,..,269453,269453,..,..,269453,..,..,269453,269453,269453,269453,269453,269453,269453,269453,269453,269453,269453,269453,..,..,..,..
Cacao,..REGION XI (DAVAO REGION),..,..,2460046,..,..,2452380,2460348,..,..,2474593,..,..,2479465,2479465,..,..,2452585,..,..,2423664,2456645,..,..,2421740,..,..,2449943,2449943,..,..,2415494,..,..,2557174,2557174,..,..,3353586,..,..,3361883,3361883,..,..,3348450,..,..,3397408,3397408,..,..,3533930,..,..,3776457,3782311,..,..,3796951,..,..,4379568,4379568,..,..,4324881,..,..,4400138,4410649,..,..,4501159,..,..,4572042,4572042,..,..,4554241,..,..,4555226,4555226,..,..,4556238,..,..,4557262,4557262,..,..,4560420,..,..,4557835,4561984,..,..,4551736,..,..,4553348,4553398,4549505,4552766,6477519,4552766,4552793,4552793,6477519,4551405,4551395,4551405,..,..,..,..
Cacao,..REGION XII (SOCCSKSARGEN),..,..,51923,..,..,52251,52901,..,..,51841,..,..,51941,52041,..,..,52630,..,..,53125,53130,..,..,55245,..,..,55195,55245,..,..,61125,..,..,63125,63125,..,..,63755,..,..,65425,65425,..,..,62801,..,..,65101,65101,..,..,68076,..,..,84707,84707,..,..,98282,..,..,111092,111092,..,..,111282,..,..,114032,114032,..,..,115482,..,..,140582,140582,..,..,151526,..,..,192026,192026,..,..,192903,..,..,193903,193903,..,..,195500,..,..,195996,196146,..,..,199377,..,..,198050,200377,204050,210380,210380,210381,210383,210383,210383,210262,210262,210262,..,..,..,..
Cacao,..REGION XIII (CARAGA),..,..,232505,..,..,229905,232505,..,..,226705,..,..,222905,226705,..,..,198220,..,..,213220,213220,..,..,206161,..,..,206161,206161,..,..,209661,..,..,209661,209661,..,..,209516,..,..,210666,210666,..,..,212204,..,..,214425,214425,..,..,214150,..,..,218408,218408,..,..,218408,..,..,219473,219473,..,..,221408,..,..,221408,221408,..,..,434517,..,..,435417,435417,..,..,441484,..,..,442385,442385,..,..,439622,..,..,439622,439622,..,..,450112,..,..,450112,450112,..,..,516676,..,..,516676,516676,517061,517061,517061,525746,525751,525751,525751,525751,525751,525751,..,..,..,..
Cacao,..BANGSAMORO AUTONOMOUS REGION IN MUSLIM MINDANAO (BARMM) 1/,..,..,87201,..,..,86626,87201,..,..,84891,..,..,84831,84891,..,..,81721,..,..,82695,82721,..,..,81161,..,..,80817,81161,..,..,80236,..,..,79716,80286,..,..,79091,..,..,75850,79151,..,..,78301,..,..,75800,78851,..,..,75260,..,..,75280,75280,..,..,75220,..,..,75275,75275,..,..,75340,..,..,74165,75385,..,..,74375,..,..,73195,74375,..,..,73770,..,..,72275,73865,..,..,72845,..,..,72315,72845,..,..,72315,..,..,72365,72365,..,..,69030,..,..,68660,69070,68500,68470,68500,68350,68350,68350,68500,48350,48350,48350,..,..,..,..
Banana,PHILIPPINES,..,..,270508025,..,..,273258747,276405963,..,..,274088862,..,..,276518772,279512164,..,..,277794184,..,..,259641984,280961103,..,..,274236050,..,..,271607540,280073988,..,..,280975809,..,..,280834903,283692665,..,..,283872931,..,..,279714409,286867675,..,..,279588158,..,..,281658554,284421622,..,..,281306373,..,..,285006507,285918228,..,..,284978692,..,..,285240879,288639018,..,..,281886574,..,..,278735031,285335123,..,..,278591027,..,..,279569397,285381092,..,..,278338838,..,..,273425914,280913225,..,..,276014632,..,..,274863920,277633468,..,..,275681112,..,..,276469958,279132665,..,..,272593288,..,..,272903857,274939848,267782013,264959464,275410649,262572037,260460803,263209996,276248267,260498899,260991643,261425885,..,..,..,..
Banana,..CORDILLERA ADMINISTRATIVE REGION (CAR),..,..,1347107,..,..,1245550,1360967,..,..,1515993,..,..,1209119,1526514,..,..,1508131,..,..,1232508,1516684,..,..,1746377,..,..,1195290,1779092,..,..,1760441,..,..,1477694,1772291,..,..,1805454,..,..,1417499,1805994,..,..,1772778,..,..,905478,1774882,..,..,1006201,..,..,1021655,1084515,..,..,1136794,..,..,945639,1144105,..,..,890865,..,..,900159,966246,..,..,941318,..,..,910932,966583,..,..,953257,..,..,910537,970807,..,..,979608,..,..,928543,996671,..,..,963648,..,..,783931,973679,..,..,1211271,..,..,1209323,1260961,1130188,1144075,1144075,1110771,1036597,1110771,1182027,1080921,1084070,1091402,..,..,..,..
Banana,..REGION I (ILOCOS REGION),..,..,3013931,..,..,3052312,3059573,..,..,3057673,..,..,2997316,3059706,..,..,3089781,..,..,3034770,3096808,..,..,3030454,..,..,3040210,3040210,..,..,3065733,..,..,3027960,3078454,..,..,3041581,..,..,3008450,3064953,..,..,3008847,..,..,2937370,3009473,..,..,2988885,..,..,2996060,2996523,..,..,2996614,..,..,2861378,2996614,..,..,2922854,..,..,2929643,2949393,..,..,2952468,..,..,2944523,2953508,..,..,2947964,..,..,2923640,2954666,..,..,2961663,..,..,2944788,2963463,..,..,3038506,..,..,2893416,3039420,..,..,3001808,..,..,2993852,3002624,2821105,2812378,2823267,2903529,2778137,2903529,2926506,2784083,2787426,2787863,..,..,..,..
Banana,..REGION II (CAGAYAN VALLEY),..,..,14279750,..,..,12854779,14287350,..,..,13245237,..,..,11744304,13245237,..,..,13150777,..,..,13174202,13174202,..,..,13403873,..,..,13044527,13403873,..,..,13622501,..,..,13501565,13635673,..,..,14515449,..,..,13211803,14534095,..,..,13316569,..,..,12780516,13896057,..,..,12451790,..,..,13018892,13018919,..,..,12807646,..,..,12132518,12812627,..,..,10772037,..,..,11333800,11333854,..,..,11927338,..,..,12016129,12016129,..,..,12030560,..,..,12038465,12041149,..,..,12060546,..,..,12066968,12067027,..,..,12312746,..,..,12305524,12314019,..,..,12317810,..,..,12317778,12318010,9433937,9444112,9444112,9740879,8775912,9741538,9741538,8776938,9053356,9053356,..,..,..,..
Banana,..REGION III (CENTRAL LUZON),..,..,2013346,..,..,1947559,2086501,..,..,2039522,..,..,2051906,2192526,..,..,2145336,..,..,2019124,2180419,..,..,2263192,..,..,1991807,2278756,..,..,2142640,..,..,2137694,2222774,..,..,2207980,..,..,1871976,2207980,..,..,1920689,..,..,1885100,1939028,..,..,1931184,..,..,1912948,1949185,..,..,2028728,..,..,1888066,2031314,..,..,1886399,..,..,1785029,1899955,..,..,1991573,..,..,1878516,2005496,..,..,1761947,..,..,1936825,1943566,..,..,1919109,..,..,1928160,1944756,..,..,1927602,..,..,1948013,1956021,..,..,1993866,..,..,2033711,2058474,1836827,2016394,2016990,2016734,2016884,2016884,2017330,2013853,2018216,2018356,..,..,..,..
Banana,..REGION IV-A (CALABARZON),..,..,9082571,..,..,9089171,9089171,..,..,9370929,..,..,9838839,9839430,..,..,9150485,..,..,9520039,9619434,..,..,9112551,..,..,9446220,9530174,..,..,9566391,..,..,8885131,9710487,..,..,8566681,..,..,8929126,8930681,..,..,9030838,..,..,9324616,9348169,..,..,9330606,..,..,9441245,9485954,..,..,9368883,..,..,9515854,9562762,..,..,9472937,..,..,9361908,9473537,..,..,9365190,..,..,9167898,9365190,..,..,9140938,..,..,9173573,9223973,..,..,9143772,..,..,9115769,9151363,..,..,8925403,..,..,8983308,8983308,..,..,8396000,..,..,8078053,8397270,7885949,7854823,7905823,7848387,7804652,7848387,7908823,7822371,8087439,8089989,..,..,..,..
Banana,..MIMAROPA REGION,..,..,10990873,..,..,10974814,11030711,..,..,11057257,..,..,11102376,11121999,..,..,11112250,..,..,8446120,11158130,..,..,10081452,..,..,10091386,10153029,..,..,10189436,..,..,10201874,10229536,..,..,10345159,..,..,6372821,10345359,..,..,6331089,..,..,5939403,6397218,..,..,5957392,..,..,6086379,6090556,..,..,6101906,..,..,6659991,6674866,..,..,6301262,..,..,6275057,6321474,..,..,5269729,..,..,4530828,5388020,..,..,4407066,..,..,3381391,4533888,..,..,3289024,..,..,3363032,3382789,..,..,3376094,..,..,3439451,3710175,..,..,3756094,..,..,3724193,3760960,3729659,4860861,4861771,4860658,3820654,4860658,4861771,3824896,3824896,3824896,..,..,..,..
Banana,..REGION V (BICOL REGION),..,..,5797855,..,..,5601896,5935514,..,..,5781062,..,..,5588931,5918135,..,..,5784394,..,..,5596784,5921771,..,..,5792075,..,..,5517860,5899411,..,..,5764193,..,..,5274071,5815951,..,..,5663272,..,..,5653206,5713438,..,..,5321379,..,..,5615724,5677341,..,..,5535605,..,..,5973634,6051494,..,..,5635086,..,..,6161672,6236495,..,..,5832075,..,..,6278289,6405634,..,..,5696101,..,..,6271202,6305486,..,..,5689004,..,..,6405303,6435278,..,..,5697054,..,..,6320435,6348058,..,..,6314068,..,..,6403306,6403306,..,..,5419712,..,..,5429500,5541659,5272886,5310750,5310750,5269394,5183290,5269394,5336073,5248751,5248751,5248751,..,..,..,..
Banana,..REGION VI (WESTERN VISAYAS),..,..,14839164,..,..,14851679,14901113,..,..,15067041,..,..,15070814,15192508,..,..,14996094,..,..,15079947,15093721,..,..,15136384,..,..,14269665,15136384,..,..,14240500,..,..,14260140,14260140,..,..,14166368,..,..,14201388,14201658,..,..,14127823,..,..,14146748,14149354,..,..,14148629,..,..,14162336,14162943,..,..,14235928,..,..,14246216,14246588,..,..,14284093,..,..,14326957,14338920,..,..,13654624,..,..,14051792,14051792,..,..,14057673,..,..,13970916,14058335,..,..,13975657,..,..,13976124,13981709,..,..,14030610,..,..,14006893,14033406,..,..,9456444,..,..,9432394,9458431,9319446,9316585,9319586,9316585,9314785,9316585,9319586,9355606,9355766,9355956,..,..,..,..
Banana,..NEGROS ISLAND REGION (NIR) 2/,..,..,..,..,..,..,..,..,..,..,..,..,..,..,..,..,..,..,..,..,..,..,..,..,..,..,..,..,..,..,..,..,..,..,..,..,..,..,..,..,..,..,..,..,..,..,..,..,..,..,..,..,..,..,..,..,..,..,..,..,..,..,..,..,..,..,..,..,..,..,..,..,..,..,..,..,..,..,..,..,..,..,..,..,..,..,..,..,..,..,..,..,..,..,..,..,..,..,..,..,8386413,..,..,8678229,8706149,8676077,8671423,8681070,8634160,8634158,8634160,8772306,8634589,8634264,8634592,..,..,..,..
Banana,..REGION VII (CENTRAL VISAYAS),..,..,9220427,..,..,9257594,9270742,..,..,9389866,..,..,9379830,9392325,..,..,9430753,..,..,9195298,9478253,..,..,9238791,..,..,7924321,9264919,..,..,7734891,..,..,7736257,7781045,..,..,7708969,..,..,7983795,7983795,..,..,7921994,..,..,7896632,7921994,..,..,7897992,..,..,7892158,7898711,..,..,7741119,..,..,7741769,7741769,..,..,7646647,..,..,7647980,7648033,..,..,7544741,..,..,7654089,7654089,..,..,7909929,..,..,7968849,8030449,..,..,7503066,..,..,7503066,7503066,..,..,7910187,..,..,8092016,8214534,..,..,3453471,..,..,3453471,3453471,3410121,3408621,3418521,3382421,3383421,3383421,3418621,3383421,3395864,3395864,..,..,..,..
Banana,..REGION VIII (EASTERN VISAYAS),..,..,9431036,..,..,9579644,9597416,..,..,9489946,..,..,9515218,9533797,..,..,9698327,..,..,9497961,9712320,..,..,9710154,..,..,8602149,9710154,..,..,8133709,..,..,8065514,8346053,..,..,8136089,..,..,8331575,8429479,..,..,7913842,..,..,8023328,8026258,..,..,7928037,..,..,7927708,8014647,..,..,7873870,..,..,7812140,7876472,..,..,7705623,..,..,7365410,7734019,..,..,7146840,..,..,7278692,7278692,..,..,7339369,..,..,5592797,7413092,..,..,6013167,..,..,6065803,6089684,..,..,6850290,..,..,5913555,6951453,..,..,6662769,..,..,6814600,6815296,6641752,6641722,6641752,6611435,6554017,6612175,6642525,6609611,6610091,6610859,..,..,..,..
Banana,..REGION IX (ZAMBOANGA PENINSULA) 3/,..,..,6967784,..,..,7188239,7195658,..,..,7111343,..,..,7304285,7340259,..,..,7125837,..,..,7238922,7278402,..,..,7584933,..,..,7271268,7616968,..,..,7316499,..,..,7286949,7383559,..,..,7167411,..,..,7293346,7382376,..,..,6971705,..,..,7304536,7307351,..,..,7107173,..,..,7268417,7268467,..,..,7530359,..,..,7513577,7578636,..,..,7529541,..,..,7528945,7595745,..,..,7524474,..,..,7334298,7615603,..,..,7597646,..,..,7607960,7608960,..,..,7618287,..,..,7608905,7629858,..,..,7965078,..,..,7964176,7965276,..,..,7352514,..,..,7349883,7352514,7331356,7295035,8560562,7295035,7295935,7295935,8561462,8390135,8367751,8390135,..,..,..,..
Banana,..REGION X (NORTHERN MINDANAO),..,..,42582565,..,..,42788676,42801764,..,..,43124199,..,..,43972609,44105817,..,..,44597171,..,..,44976968,44987453,..,..,45061968,..,..,46096248,46099428,..,..,46137205,..,..,46536926,46612485,..,..,46979576,..,..,47176686,47382449,..,..,47931680,..,..,49544526,49545696,..,..,49693586,..,..,50006748,50307038,..,..,49959786,..,..,50195542,50678037,..,..,49846112,..,..,50311099,50704444,..,..,49439080,..,..,50523904,50545955,..,..,49783704,..,..,50761450,50800331,..,..,51080303,..,..,51118375,51208749,..,..,50102202,..,..,51651239,51696632,..,..,51350417,..,..,51310970,51376662,51384472,51207152,51384472,49910130,49635255,49910255,51408225,49625372,49601979,49625522,..,..,..,..
Banana,..REGION XI (DAVAO REGION),..,..,92401057,..,..,96543887,96635731,..,..,94976852,..,..,97292599,97413254,..,..,94819123,..,..,79245865,95847952,..,..,90439264,..,..,89863885,92342976,..,..,95723118,..,..,96912402,97006552,..,..,97772594,..,..,98354106,98421223,..,..,98023168,..,..,98607170,98654378,..,..,97072738,..,..,97947184,98204243,..,..,98741885,..,..,97965344,98998785,..,..,98288672,..,..,93300151,98477872,..,..,96410563,..,..,92607731,96540263,..,..,92675153,..,..,92633199,92776295,..,..,92563989,..,..,93079285,93082451,..,..,92457753,..,..,92924334,92926907,..,..,88123130,..,..,87179649,88202482,87121749,86400040,91710123,85932760,86522431,86522487,91841716,86464763,86392630,86464763,..,..,..,..
Banana,..REGION XII (SOCCSKSARGEN),..,..,27138401,..,..,27267291,27454426,..,..,27662273,..,..,27708568,27727083,..,..,28458395,..,..,28835045,28864025,..,..,29162625,..,..,29606454,29962519,..,..,30494571,..,..,30437700,30639089,..,..,30485599,..,..,30299951,30841202,..,..,30533542,..,..,30789654,30816614,..,..,32730536,..,..,33320472,33320672,..,..,33070470,..,..,33870606,33907718,..,..,32727902,..,..,32962500,33040828,..,..,32696946,..,..,35754101,36021009,..,..,35401550,..,..,33994243,35424670,..,..,35668088,..,..,35155207,35675679,..,..,34989737,..,..,34451035,35224182,..,..,36905712,..,..,38150284,38272183,37245926,33807236,37329478,32911761,32891313,32920599,37351695,32737624,32974649,32974764,..,..,..,..
Banana,..REGION XIII (CARAGA),..,..,9386220,..,..,9153910,9462289,..,..,9164705,..,..,9170386,9212590,..,..,9712094,..,..,9556741,9999929,..,..,9345561,..,..,9462565,9606145,..,..,10839265,..,..,10753980,10859530,..,..,10932373,..,..,10921342,10934834,..,..,11055349,..,..,11082958,11082974,..,..,11091548,..,..,11156596,11178536,..,..,11219538,..,..,10859131,11265640,..,..,11251782,..,..,11560158,11560198,..,..,11703643,..,..,11796110,11797434,..,..,11803293,..,..,9271494,11829387,..,..,10698834,..,..,8785359,10698834,..,..,9779951,..,..,9965373,9991989,..,..,10101557,..,..,10092053,10181981,9875851,10171080,10191025,10270825,10222013,10271459,10290621,10216102,10024357,10328629,..,..,..,..
Banana,..BANGSAMORO AUTONOMOUS REGION IN MUSLIM MINDANAO (BARMM) 1/,..,..,12015938,..,..,11861745,12237037,..,..,12034964,..,..,12571672,12690984,..,..,13015236,..,..,12991690,13031600,..,..,13126396,..,..,14183685,14249950,..,..,14244716,..,..,14339046,14339046,..,..,14378376,..,..,14687339,14688159,..,..,14406866,..,..,14874796,14874836,..,..,14434471,..,..,14874076,14885826,..,..,14530081,..,..,14871436,14886591,..,..,14527772,..,..,14867946,14884971,..,..,14326398,..,..,14848653,14875842,..,..,14839785,..,..,14855272,14868379,..,..,14842465,..,..,14904101,14909311,..,..,14737237,..,..,14744388,14748358,..,..,14704300,..,..,14655913,14780720,14664712,14597177,14667272,14556573,14591349,14591759,14667442,13529863,13530138,13530188,..,..,..,..
Banana Bungulan,PHILIPPINES,..,..,8595820,..,..,8399592,8643160,..,..,8424146,..,..,8417239,8517973,..,..,8359533,..,..,8238207,8408304,..,..,8288609,..,..,7888071,8318407,..,..,7906066,..,..,7773145,7933046,..,..,7736161,..,..,7681530,7828759,..,..,7566994,..,..,7542593,7689098,..,..,7586487,..,..,7549994,7629462,..,..,7588469,..,..,7499829,7611813,..,..,7371728,..,..,7328902,7417595,..,..,7110290,..,..,7068308,7146566,..,..,7038058,..,..,6854064,7083974,..,..,6851192,..,..,6848661,6880571,..,..,6979084,..,..,6782566,6993986,..,..,6838356,..,..,6801744,6877403,6410292,6400897,6641643,6429776,6276698,6430340,6753724,6401424,6387883,6403564,..,..,..,..
Banana Bungulan,..CORDILLERA ADMINISTRATIVE REGION (CAR),..,..,391296,..,..,377510,392822,..,..,384285,..,..,367180,385937,..,..,371560,..,..,365836,372725,..,..,370574,..,..,351723,372434,..,..,359862,..,..,354503,360912,..,..,361312,..,..,337167,361312,..,..,358303,..,..,306114,358303,..,..,326243,..,..,313555,335243,..,..,336097,..,..,285317,336097,..,..,255299,..,..,241309,262312,..,..,260892,..,..,242343,261041,..,..,258869,..,..,240627,259045,..,..,257508,..,..,242223,257908,..,..,246824,..,..,173210,246909,..,..,232509,..,..,194994,235759,212663,212863,212863,162875,108974,162875,215463,177974,177974,177974,..,..,..,..
Banana Bungulan,..REGION I (ILOCOS REGION),..,..,123720,..,..,116818,124079,..,..,113105,..,..,112429,113105,..,..,112760,..,..,111410,112760,..,..,110997,..,..,112080,112080,..,..,112101,..,..,111411,112116,..,..,108760,..,..,107641,108760,..,..,110080,..,..,109699,110085,..,..,109437,..,..,112837,112837,..,..,112882,..,..,104918,112882,..,..,105143,..,..,105217,105436,..,..,105534,..,..,105649,105649,..,..,105700,..,..,105933,106400,..,..,106731,..,..,105627,107022,..,..,110297,..,..,103680,110297,..,..,111659,..,..,112091,112091,101681,99566,101681,105496,96352,105496,108202,97250,98738,99175,..,..,..,..
Banana Bungulan,..REGION II (CAGAYAN VALLEY),..,..,461848,..,..,425889,461948,..,..,453761,..,..,448566,453761,..,..,459536,..,..,459686,459686,..,..,454546,..,..,447489,454546,..,..,449390,..,..,444098,449740,..,..,429425,..,..,439080,443498,..,..,421040,..,..,412383,422861,..,..,403053,..,..,405103,405108,..,..,405528,..,..,393378,406128,..,..,391790,..,..,393354,393408,..,..,394361,..,..,394543,394543,..,..,394749,..,..,394749,395109,..,..,395377,..,..,401300,401349,..,..,426474,..,..,426832,427484,..,..,426608,..,..,426585,426608,248708,249441,249441,329886,323305,329886,329886,323393,323548,323548,..,..,..,..
Banana Bungulan,..REGION III (CENTRAL LUZON),..,..,142546,..,..,132900,147166,..,..,140259,..,..,140130,154451,..,..,148214,..,..,142235,153156,..,..,156410,..,..,144458,158778,..,..,153908,..,..,157946,169046,..,..,168446,..,..,125403,168446,..,..,130347,..,..,121727,131077,..,..,125978,..,..,122745,129173,..,..,130807,..,..,124153,130807,..,..,125974,..,..,123249,126769,..,..,124597,..,..,122632,125879,..,..,115619,..,..,122068,124480,..,..,115023,..,..,114792,115124,..,..,114295,..,..,111243,114824,..,..,109403,..,..,107652,110867,75748,76692,76753,77032,77032,77032,77093,75085,75049,75090,..,..,..,..
Banana Bungulan,..REGION IV-A (CALABARZON),..,..,422931,..,..,422981,422981,..,..,419059,..,..,438867,439059,..,..,436143,..,..,431346,436143,..,..,436496,..,..,431666,436496,..,..,435771,..,..,394106,435771,..,..,393456,..,..,411906,413456,..,..,413964,..,..,414064,414064,..,..,414310,..,..,417100,417400,..,..,405666,..,..,400990,405666,..,..,404607,..,..,401659,404607,..,..,401659,..,..,398171,401659,..,..,385031,..,..,385321,385821,..,..,385961,..,..,381484,386634,..,..,382161,..,..,384631,384631,..,..,384104,..,..,382888,384104,381974,381974,381974,379901,378396,379901,381974,377459,377459,377459,..,..,..,..
Banana Bungulan,..MIMAROPA REGION,..,..,324706,..,..,320612,324706,..,..,321162,..,..,307839,321262,..,..,303999,..,..,235779,304125,..,..,250700,..,..,221523,250809,..,..,222045,..,..,216715,222045,..,..,218002,..,..,162486,218002,..,..,163302,..,..,156363,163545,..,..,156158,..,..,157101,159246,..,..,158777,..,..,160154,162774,..,..,159721,..,..,143124,161368,..,..,142531,..,..,101475,143116,..,..,101510,..,..,89817,102052,..,..,89592,..,..,88429,90266,..,..,96347,..,..,90744,97753,..,..,118797,..,..,101907,119730,116074,116074,116074,116074,115821,116074,116074,115821,115821,115821,..,..,..,..
Banana Bungulan,..REGION V (BICOL REGION),..,..,616590,..,..,633780,636870,..,..,614410,..,..,631250,633690,..,..,614564,..,..,633338,633904,..,..,616910,..,..,620793,632368,..,..,611240,..,..,587257,614693,..,..,609308,..,..,610917,610917,..,..,601611,..,..,588151,601651,..,..,624864,..,..,587759,629695,..,..,604647,..,..,589490,606601,..,..,614760,..,..,614203,626585,..,..,590965,..,..,612029,612051,..,..,590110,..,..,612558,613116,..,..,589528,..,..,600181,602179,..,..,596798,..,..,597405,597405,..,..,494802,..,..,521360,521361,479270,479305,479305,497970,423410,497970,500090,477861,477861,477861,..,..,..,..
Banana Bungulan,..REGION VI (WESTERN VISAYAS),..,..,1938820,..,..,1943685,1943712,..,..,1945542,..,..,1970287,1970287,..,..,1957332,..,..,1967947,1970347,..,..,1947708,..,..,1875778,1947708,..,..,1877078,..,..,1878178,1878178,..,..,1837729,..,..,1839039,1839039,..,..,1829364,..,..,1827262,1829848,..,..,1827903,..,..,1827641,1827953,..,..,1827691,..,..,1827678,1827880,..,..,1827678,..,..,1837559,1837559,..,..,1641707,..,..,1642078,1642078,..,..,1642257,..,..,1627721,1642257,..,..,1627501,..,..,1627171,1627504,..,..,1627173,..,..,1625573,1627173,..,..,628080,..,..,625090,628090,626585,623585,626585,623585,622185,623585,626585,622185,622155,622185,..,..,..,..
Banana Bungulan,..NEGROS ISLAND REGION (NIR) 2/,..,..,..,..,..,..,..,..,..,..,..,..,..,..,..,..,..,..,..,..,..,..,..,..,..,..,..,..,..,..,..,..,..,..,..,..,..,..,..,..,..,..,..,..,..,..,..,..,..,..,..,..,..,..,..,..,..,..,..,..,..,..,..,..,..,..,..,..,..,..,..,..,..,..,..,..,..,..,..,..,..,..,..,..,..,..,..,..,..,..,..,..,..,..,..,..,..,..,..,..,1241102,..,..,1241102,1241102,1238950,1238950,1238950,1238950,1238950,1238950,1238950,1238950,1238950,1238950,..,..,..,..
Banana Bungulan,..REGION VII (CENTRAL VISAYAS),..,..,535550,..,..,536205,539805,..,..,542506,..,..,533679,542506,..,..,537024,..,..,506351,537024,..,..,552978,..,..,462574,553146,..,..,474820,..,..,473481,474991,..,..,464204,..,..,464204,464204,..,..,459882,..,..,459882,459882,..,..,460082,..,..,460600,460600,..,..,453702,..,..,454352,454352,..,..,445681,..,..,446181,446181,..,..,446202,..,..,447299,447299,..,..,444400,..,..,430400,444400,..,..,415759,..,..,415759,415759,..,..,425864,..,..,412095,425864,..,..,212200,..,..,212200,212200,166100,161100,166100,136100,136100,136100,166100,136100,136151,136151,..,..,..,..
Banana Bungulan,..REGION VIII (EASTERN VISAYAS),..,..,884407,..,..,884259,884407,..,..,882961,..,..,884739,884883,..,..,861894,..,..,849061,863076,..,..,863121,..,..,736028,863121,..,..,666704,..,..,629665,666704,..,..,649134,..,..,658571,658824,..,..,628883,..,..,668897,668897,..,..,628995,..,..,627447,632987,..,..,626947,..,..,624462,626962,..,..,515525,..,..,493976,515534,..,..,466702,..,..,469380,469380,..,..,459914,..,..,302051,460319,..,..,322824,..,..,322464,324282,..,..,377802,..,..,283360,382569,..,..,350253,..,..,356542,356602,248820,248820,248820,248032,244650,248032,248838,247883,247869,247887,..,..,..,..
Banana Bungulan,..REGION IX (ZAMBOANGA PENINSULA) 3/,..,..,372330,..,..,376769,379089,..,..,370119,..,..,377140,377660,..,..,354210,..,..,345860,354660,..,..,346410,..,..,319100,347900,..,..,314820,..,..,300170,317170,..,..,275560,..,..,292070,308560,..,..,226072,..,..,290132,290952,..,..,286392,..,..,290404,290404,..,..,294399,..,..,298422,302039,..,..,303521,..,..,298914,304720,..,..,303881,..,..,299439,305052,..,..,305047,..,..,305105,305105,..,..,305167,..,..,305241,305241,..,..,306351,..,..,306351,306351,..,..,305041,..,..,305041,305041,305041,305153,508960,305153,305153,305153,508960,665553,650446,665553,..,..,..,..
Banana Bungulan,..REGION X (NORTHERN MINDANAO),..,..,511286,..,..,513416,513416,..,..,510982,..,..,491805,511433,..,..,491573,..,..,491388,491573,..,..,491388,..,..,489368,491398,..,..,494290,..,..,493387,494301,..,..,492787,..,..,492681,493016,..,..,487695,..,..,486525,487695,..,..,486400,..,..,485835,486750,..,..,487080,..,..,486370,487180,..,..,484294,..,..,484383,484403,..,..,482002,..,..,482664,482713,..,..,482468,..,..,479656,482616,..,..,479241,..,..,478848,479241,..,..,473594,..,..,472454,475594,..,..,475008,..,..,469988,475008,457139,457139,457139,457139,457164,457164,457164,457124,457124,457124,..,..,..,..
Banana Bungulan,..REGION XI (DAVAO REGION),..,..,95531,..,..,96387,96931,..,..,91663,..,..,92001,93113,..,..,89621,..,..,81257,90721,..,..,79083,..,..,76746,79443,..,..,76882,..,..,74161,77142,..,..,58859,..,..,59221,59221,..,..,58626,..,..,36758,58626,..,..,36273,..,..,36601,36601,..,..,31575,..,..,32134,32134,..,..,29638,..,..,29913,29913,..,..,28985,..,..,29634,29810,..,..,28397,..,..,28694,28694,..,..,28693,..,..,28628,28693,..,..,28667,..,..,28628,28667,..,..,28628,..,..,28628,28628,28628,28073,44696,28073,28017,28073,44696,28017,28017,28017,..,..,..,..
Banana Bungulan,..REGION XII (SOCCSKSARGEN),..,..,281549,..,..,268885,281549,..,..,281507,..,..,269160,281825,..,..,281602,..,..,281602,281602,..,..,278716,..,..,282735,282820,..,..,283375,..,..,286057,286457,..,..,295807,..,..,308132,308132,..,..,306940,..,..,286480,313440,..,..,325293,..,..,325710,325910,..,..,337002,..,..,340892,341192,..,..,332988,..,..,338681,339111,..,..,341125,..,..,342408,342803,..,..,343890,..,..,351025,351938,..,..,352465,..,..,357291,357846,..,..,357886,..,..,359349,359584,..,..,386304,..,..,385354,386354,381318,390289,390289,390317,390836,390856,390856,390716,390708,390716,..,..,..,..
Banana Bungulan,..REGION XIII (CARAGA),..,..,288740,..,..,147796,288740,..,..,150725,..,..,148571,150725,..,..,131070,..,..,134445,136445,..,..,134422,..,..,130395,134445,..,..,133410,..,..,131640,133410,..,..,131242,..,..,131042,131242,..,..,129835,..,..,132836,132852,..,..,132036,..,..,132046,132046,..,..,131549,..,..,131549,131549,..,..,131529,..,..,132629,132629,..,..,131569,..,..,132634,132894,..,..,131519,..,..,132584,132844,..,..,130494,..,..,130494,130494,..,..,130589,..,..,130909,130909,..,..,130909,..,..,127573,130909,129044,128914,129454,130234,127394,130234,130234,127494,127464,127494,..,..,..,..
Banana Bungulan,..BANGSAMORO AUTONOMOUS REGION IN MUSLIM MINDANAO (BARMM) 1/,..,..,1203970,..,..,1201699,1204939,..,..,1202100,..,..,1203596,1204276,..,..,1208430,..,..,1200666,1210356,..,..,1198150,..,..,1185615,1200915,..,..,1240370,..,..,1240370,1240370,..,..,1242130,..,..,1241970,1242130,..,..,1241050,..,..,1245320,1245320,..,..,1243070,..,..,1247510,1247510,..,..,1244120,..,..,1245570,1247570,..,..,1243580,..,..,1244550,1247060,..,..,1247578,..,..,1245930,1250598,..,..,1248578,..,..,1245755,1249778,..,..,1249328,..,..,1248729,1251029,..,..,1277962,..,..,1276102,1277972,..,..,1202949,..,..,1202749,1202949,1212549,1202959,1212559,1202959,1202959,1202959,1212559,842559,842549,842559,..,..,..,..
Banana Cavendish,PHILIPPINES,..,..,110555417,..,..,112497072,112902991,..,..,112979497,..,..,114046995,114192836,..,..,114256548,..,..,101794495,114764159,..,..,113672817,..,..,113028906,115825919,..,..,118439176,..,..,118451566,118782649,..,..,119528452,..,..,119744806,120097905,..,..,120957164,..,..,121435166,121495494,..,..,120768677,..,..,121623860,122172057,..,..,122992664,..,..,121901236,123768908,..,..,122189960,..,..,117392246,122837408,..,..,120181717,..,..,116852018,120924541,..,..,116413378,..,..,112630784,116688299,..,..,116235403,..,..,114423993,116747127,..,..,114558839,..,..,114409308,115220854,..,..,111031339,..,..,111995807,112194731,111070102,107365256,114598188,104734617,105264189,105316494,114756339,104997471,105008057,105323986,..,..,..,..
Banana Cavendish,..CORDILLERA ADMINISTRATIVE REGION (CAR),..,..,0,..,..,0,0,..,..,0,..,..,0,0,..,..,0,..,..,0,0,..,..,0,..,..,0,0,..,..,0,..,..,0,0,..,..,0,..,..,0,0,..,..,0,..,..,0,0,..,..,0,..,..,0,0,..,..,0,..,..,0,0,..,..,0,..,..,0,0,..,..,0,..,..,0,0,..,..,0,..,..,0,0,..,..,0,..,..,0,0,..,..,0,..,..,1521,1521,..,..,1521,..,..,1521,1521,1521,1521,1521,1152,960,1152,1521,960,960,960,..,..,..,..
Banana Cavendish,..REGION I (ILOCOS REGION),..,..,0,..,..,0,0,..,..,0,..,..,0,0,..,..,0,..,..,0,0,..,..,0,..,..,0,0,..,..,0,..,..,0,0,..,..,0,..,..,0,0,..,..,0,..,..,0,0,..,..,0,..,..,0,0,..,..,0,..,..,0,0,..,..,0,..,..,0,0,..,..,0,..,..,0,0,..,..,0,..,..,0,0,..,..,0,..,..,0,0,..,..,0,..,..,380,380,..,..,0,..,..,384,384,30,30,30,30,30,30,30,30,30,30,..,..,..,..
Banana Cavendish,..REGION II (CAGAYAN VALLEY),..,..,4000,..,..,4000,4000,..,..,4800,..,..,4800,4800,..,..,5300,..,..,5300,5300,..,..,5300,..,..,4975,5300,..,..,5212,..,..,4852,5212,..,..,5952,..,..,5570,5952,..,..,6659,..,..,6672,6672,..,..,6750,..,..,7520,7520,..,..,6750,..,..,7420,7420,..,..,7420,..,..,7470,7470,..,..,7530,..,..,7538,7538,..,..,7568,..,..,7579,7579,..,..,7630,..,..,7680,7680,..,..,7735,..,..,7680,7735,..,..,8020,..,..,8020,8020,4388,4388,4388,6187,5774,6187,6187,5784,5784,5784,..,..,..,..
Banana Cavendish,..REGION III (CENTRAL LUZON),..,..,0,..,..,0,0,..,..,0,..,..,0,0,..,..,0,..,..,0,0,..,..,0,..,..,0,0,..,..,0,..,..,0,0,..,..,0,..,..,0,0,..,..,0,..,..,0,0,..,..,0,..,..,0,0,..,..,0,..,..,0,0,..,..,0,..,..,0,0,..,..,0,..,..,0,0,..,..,0,..,..,0,0,..,..,0,..,..,0,0,..,..,0,..,..,0,0,..,..,0,..,..,0,0,0,407,407,407,407,407,407,407,390,407,..,..,..,..
Banana Cavendish,..REGION IV-A (CALABARZON),..,..,19000,..,..,19000,19000,..,..,34696,..,..,34700,34700,..,..,37500,..,..,37500,37500,..,..,36600,..,..,37600,37600,..,..,80500,..,..,35900,81500,..,..,50500,..,..,51500,51500,..,..,51500,..,..,31500,51500,..,..,31500,..,..,51500,51500,..,..,51400,..,..,51400,51400,..,..,51400,..,..,51400,51400,..,..,56400,..,..,56400,56400,..,..,56300,..,..,56300,56300,..,..,56300,..,..,51300,56300,..,..,51250,..,..,51250,51250,..,..,52250,..,..,51214,52250,51195,1195,51195,1150,1100,1150,51195,1100,1100,1100,..,..,..,..
Banana Cavendish,..MIMAROPA REGION,..,..,0,..,..,0,0,..,..,0,..,..,0,0,..,..,0,..,..,0,0,..,..,0,..,..,0,0,..,..,0,..,..,0,0,..,..,0,..,..,0,0,..,..,0,..,..,0,0,..,..,0,..,..,16400,16400,..,..,17500,..,..,17500,17500,..,..,16200,..,..,18000,18000,..,..,15650,..,..,15650,15650,..,..,13545,..,..,8550,13545,..,..,0,..,..,8581,8581,..,..,0,..,..,200,200,..,..,1108,..,..,1108,1108,910,0,910,0,0,0,910,4242,4242,4242,..,..,..,..
Banana Cavendish,..REGION V (BICOL REGION),..,..,0,..,..,0,0,..,..,0,..,..,0,0,..,..,0,..,..,0,0,..,..,0,..,..,0,0,..,..,0,..,..,0,0,..,..,0,..,..,0,0,..,..,0,..,..,0,0,..,..,0,..,..,0,0,..,..,0,..,..,0,0,..,..,0,..,..,0,0,..,..,0,..,..,0,0,..,..,0,..,..,0,0,..,..,0,..,..,0,0,..,..,0,..,..,7603,7603,..,..,937,..,..,7247,7247,8100,8100,8100,8100,8100,8100,8100,8100,8100,8100,..,..,..,..
Banana Cavendish,..REGION VI (WESTERN VISAYAS),..,..,64050,..,..,64192,64498,..,..,64639,..,..,64733,64939,..,..,64930,..,..,65430,65430,..,..,64194,..,..,64127,64194,..,..,63392,..,..,64892,64892,..,..,65067,..,..,65042,65067,..,..,65547,..,..,66467,66487,..,..,66377,..,..,66791,66841,..,..,140633,..,..,144964,144984,..,..,181762,..,..,179362,181767,..,..,177345,..,..,177435,177435,..,..,177410,..,..,177013,177485,..,..,178304,..,..,178279,178324,..,..,165834,..,..,140921,165834,..,..,63648,..,..,63647,63653,63726,63726,63726,63726,63726,63726,63726,63726,63706,63726,..,..,..,..
Banana Cavendish,..NEGROS ISLAND REGION (NIR) 2/,..,..,..,..,..,..,..,..,..,..,..,..,..,..,..,..,..,..,..,..,..,..,..,..,..,..,..,..,..,..,..,..,..,..,..,..,..,..,..,..,..,..,..,..,..,..,..,..,..,..,..,..,..,..,..,..,..,..,..,..,..,..,..,..,..,..,..,..,..,..,..,..,..,..,..,..,..,..,..,..,..,..,..,..,..,..,..,..,..,..,..,..,..,..,..,..,..,..,..,..,91520,..,..,63600,91520,63600,56862,66509,56863,56862,56863,66510,56862,56862,56862,..,..,..,..
Banana Cavendish,..REGION VII (CENTRAL VISAYAS),..,..,34839,..,..,35178,35178,..,..,35300,..,..,35878,35878,..,..,36066,..,..,35656,36066,..,..,40185,..,..,38685,40185,..,..,58173,..,..,58150,58298,..,..,63650,..,..,63650,63650,..,..,58411,..,..,33049,58411,..,..,32999,..,..,28638,33138,..,..,28406,..,..,28406,28406,..,..,28006,..,..,28009,28009,..,..,28209,..,..,28229,28229,..,..,26858,..,..,22748,26858,..,..,21848,..,..,21848,21848,..,..,21955,..,..,33054,33054,..,..,8200,..,..,8200,8200,8200,10000,10000,10000,10000,10000,10000,10000,10094,10094,..,..,..,..
Banana Cavendish,..REGION VIII (EASTERN VISAYAS),..,..,18175,..,..,18150,18175,..,..,17086,..,..,18180,18180,..,..,18700,..,..,18747,18747,..,..,18747,..,..,11210,18747,..,..,10355,..,..,10245,10355,..,..,10275,..,..,10290,10290,..,..,10415,..,..,10460,10460,..,..,10410,..,..,10200,10410,..,..,10150,..,..,9900,10150,..,..,10220,..,..,8335,10280,..,..,8434,..,..,8434,8434,..,..,8434,..,..,8434,8434,..,..,8380,..,..,8434,8434,..,..,8580,..,..,10600,10746,..,..,12803,..,..,14201,14309,14161,14131,14161,14001,13381,14001,14175,13968,13978,13978,..,..,..,..
Banana Cavendish,..REGION IX (ZAMBOANGA PENINSULA) 3/,..,..,7079,..,..,6180,7079,..,..,6609,..,..,5910,6609,..,..,6030,..,..,5600,6030,..,..,21600,..,..,25180,27280,..,..,20460,..,..,19800,20460,..,..,6010,..,..,5970,6010,..,..,3660,..,..,4084,4084,..,..,3872,..,..,4084,4084,..,..,3875,..,..,4035,4160,..,..,3750,..,..,4035,4035,..,..,3859,..,..,4075,4075,..,..,4075,..,..,4100,4100,..,..,4077,..,..,4099,4099,..,..,3999,..,..,4099,4099,..,..,6677,..,..,6677,6677,6677,6677,6677,6677,7577,7577,7577,7577,7577,7577,..,..,..,..
Banana Cavendish,..REGION X (NORTHERN MINDANAO),..,..,24523000,..,..,24525788,24526000,..,..,24624602,..,..,24638602,24638602,..,..,24605650,..,..,24626650,24626650,..,..,24711650,..,..,25745650,25745650,..,..,25736055,..,..,25846850,25846855,..,..,26096850,..,..,26096880,26096880,..,..,26597740,..,..,26597740,26597740,..,..,27104300,..,..,26814300,27104300,..,..,27380300,..,..,26914643,27388103,..,..,27396996,..,..,27019715,27412990,..,..,27011344,..,..,27159633,27159633,..,..,27014150,..,..,27230898,27230898,..,..,27625407,..,..,27625407,27625407,..,..,27637230,..,..,27628259,27637248,..,..,27628372,..,..,27586972,27628372,27630617,27630617,27630617,26310567,26310667,26310667,27630717,26310517,26310517,26310517,..,..,..,..
Banana Cavendish,..REGION XI (DAVAO REGION),..,..,70976720,..,..,73062536,73062536,..,..,72465655,..,..,73610899,73662978,..,..,72136990,..,..,59368711,72337465,..,..,70567055,..,..,68230699,70678653,..,..,71975909,..,..,71975991,71975991,..,..,72538196,..,..,72889854,72889854,..,..,73085508,..,..,73349068,73364014,..,..,70490293,..,..,71181893,71435330,..,..,72117816,..,..,71166924,72183866,..,..,71596997,..,..,66570240,71617737,..,..,69745328,..,..,65880918,69773301,..,..,65863637,..,..,65800178,65921599,..,..,65757773,..,..,66260768,66260768,..,..,65647770,..,..,66096690,66096690,..,..,61599544,..,..,61605627,61676452,61537702,61367429,65010260,60911516,61492248,61492248,65132857,61441784,61369651,61441784,..,..,..,..
Banana Cavendish,..REGION XII (SOCCSKSARGEN),..,..,12159844,..,..,12347550,12417775,..,..,12629600,..,..,12629350,12629600,..,..,13463276,..,..,13488865,13488865,..,..,13850200,..,..,14048080,14384560,..,..,14395920,..,..,14348836,14532936,..,..,14486100,..,..,14357840,14701100,..,..,14887624,..,..,15028274,15028274,..,..,16812034,..,..,17073432,17073432,..,..,16933274,..,..,17551999,17551999,..,..,16563999,..,..,16824960,16824960,..,..,16545758,..,..,16622398,16802498,..,..,16353732,..,..,14979951,16353732,..,..,16667172,..,..,16262558,16667172,..,..,16052116,..,..,15301289,16052116,..,..,16307418,..,..,17305273,17305273,16400087,12940391,16450499,12051043,12041167,12051188,16450644,11839096,12055566,12055611,..,..,..,..
Banana Cavendish,..REGION XIII (CARAGA),..,..,491100,..,..,445900,491100,..,..,838900,..,..,838750,838900,..,..,1295370,..,..,1555300,1555370,..,..,1702500,..,..,1951450,1952500,..,..,3221950,..,..,3122350,3222450,..,..,3238602,..,..,3229210,3238602,..,..,3229350,..,..,3248102,3248102,..,..,3249302,..,..,3309352,3309352,..,..,3308960,..,..,2944295,3321170,..,..,3339610,..,..,3620970,3621010,..,..,3790610,..,..,3857270,3857310,..,..,3853631,..,..,1300995,3853731,..,..,2874474,..,..,960999,2874474,..,..,1928330,..,..,2089722,2116338,..,..,2213281,..,..,2236077,2293705,2243149,2223744,2243149,2257159,2216151,2257159,2275744,2197279,2063461,2307175,..,..,..,..
Banana Cavendish,..BANGSAMORO AUTONOMOUS REGION IN MUSLIM MINDANAO (BARMM) 1/,..,..,2257610,..,..,1968598,2257650,..,..,2257610,..,..,2165193,2257650,..,..,2586736,..,..,2586736,2586736,..,..,2654786,..,..,2871250,2871250,..,..,2871250,..,..,2963700,2963700,..,..,2967250,..,..,2969000,2969000,..,..,2960750,..,..,3059750,3059750,..,..,2960840,..,..,3059750,3059750,..,..,2993600,..,..,3059750,3059750,..,..,2993600,..,..,3059750,3059750,..,..,2791250,..,..,3034038,3034038,..,..,3034038,..,..,3034038,3034038,..,..,3034038,..,..,3034040,3034040,..,..,3034040,..,..,3036040,3036040,..,..,3036040,..,..,3036039,3036040,3036039,3036039,3036039,3036039,3036039,3036039,3036039,3036039,3036039,3036039,..,..,..,..
Banana Lakatan,PHILIPPINES,..,..,30422598,..,..,31286665,31804423,..,..,31383941,..,..,31751977,32216833,..,..,32014038,..,..,30083685,32448020,..,..,31383657,..,..,31456359,32233123,..,..,32340351,..,..,32037884,32542347,..,..,32663878,..,..,31182313,33094562,..,..,31157730,..,..,31651950,32060424,..,..,31627090,..,..,32314349,32373514,..,..,31754986,..,..,32310903,32541262,..,..,31593487,..,..,31952256,32250190,..,..,31447007,..,..,34438524,34854685,..,..,34321880,..,..,34641735,34920908,..,..,34833247,..,..,34864561,34928915,..,..,34081779,..,..,35010698,35136156,..,..,36581535,..,..,36724810,36982080,36381637,36407862,37077559,36417267,36202026,36419600,37147652,36331566,36357715,36366075,..,..,..,..
Banana Lakatan,..CORDILLERA ADMINISTRATIVE REGION (CAR),..,..,204435,..,..,174341,205592,..,..,256958,..,..,171686,256958,..,..,265465,..,..,172428,265465,..,..,358138,..,..,164124,358459,..,..,356810,..,..,243112,358310,..,..,363323,..,..,234860,363863,..,..,359995,..,..,124956,360954,..,..,121950,..,..,116451,129602,..,..,140581,..,..,105964,142066,..,..,111165,..,..,110845,121335,..,..,111215,..,..,110781,121186,..,..,114024,..,..,108871,119963,..,..,115705,..,..,107970,120868,..,..,124311,..,..,107917,124314,..,..,116923,..,..,118948,118948,112641,115668,115668,114800,114550,114800,116550,114250,113400,114428,..,..,..,..
Banana Lakatan,..REGION I (ILOCOS REGION),..,..,78821,..,..,79990,79990,..,..,77856,..,..,79889,79889,..,..,78350,..,..,80845,81080,..,..,80560,..,..,81190,81190,..,..,77451,..,..,78301,79526,..,..,75196,..,..,77547,77547,..,..,73650,..,..,71558,73650,..,..,73048,..,..,72585,73048,..,..,73233,..,..,60690,73233,..,..,68008,..,..,60020,68355,..,..,66845,..,..,60152,66847,..,..,60238,..,..,59944,60804,..,..,59407,..,..,60668,60916,..,..,59543,..,..,59368,60077,..,..,59368,..,..,58407,59368,57808,56888,58008,56574,55018,56574,58036,55757,55757,55757,..,..,..,..
Banana Lakatan,..REGION II (CAGAYAN VALLEY),..,..,2081701,..,..,1931940,2084201,..,..,1928039,..,..,1769829,1928039,..,..,1933399,..,..,1936524,1936524,..,..,1937006,..,..,1894355,1937006,..,..,1896230,..,..,1861460,1896643,..,..,1861966,..,..,1721599,1862474,..,..,1632804,..,..,1662375,1772979,..,..,1567679,..,..,1663563,1663567,..,..,1594629,..,..,1512173,1595808,..,..,1288333,..,..,1452075,1452075,..,..,1490476,..,..,1495607,1495607,..,..,1496394,..,..,1496869,1497014,..,..,1506136,..,..,1506218,1506218,..,..,1554769,..,..,1554890,1554890,..,..,1565041,..,..,1564961,1565046,1339041,1340646,1340646,1369818,1217465,1369871,1369871,1217662,1237008,1237008,..,..,..,..
Banana Lakatan,..REGION III (CENTRAL LUZON),..,..,475450,..,..,463599,477650,..,..,477460,..,..,472555,489265,..,..,487460,..,..,471645,489315,..,..,501320,..,..,469378,501320,..,..,488353,..,..,496653,508603,..,..,508150,..,..,463161,508150,..,..,464262,..,..,462861,466583,..,..,462523,..,..,463829,467331,..,..,469442,..,..,453152,469442,..,..,424987,..,..,338662,428387,..,..,380024,..,..,318117,383683,..,..,308057,..,..,318330,318794,..,..,294062,..,..,318425,318903,..,..,290446,..,..,309931,309931,..,..,279181,..,..,290489,292549,244901,261143,261143,261143,261143,261143,261143,260843,261192,261232,..,..,..,..
Banana Lakatan,..REGION IV-A (CALABARZON),..,..,873700,..,..,873700,873700,..,..,867146,..,..,878796,878796,..,..,869600,..,..,860944,869600,..,..,870604,..,..,861400,870604,..,..,877060,..,..,826500,877060,..,..,825500,..,..,828000,828000,..,..,827625,..,..,827468,827775,..,..,827568,..,..,841510,845610,..,..,823526,..,..,845765,848280,..,..,829334,..,..,826819,829334,..,..,826819,..,..,822503,826819,..,..,821203,..,..,823205,823755,..,..,822776,..,..,819598,823337,..,..,811216,..,..,811416,811416,..,..,599657,..,..,599196,599657,590097,590597,590597,588696,585392,588696,591597,585937,585937,585937,..,..,..,..
Banana Lakatan,..MIMAROPA REGION,..,..,2074306,..,..,2089684,2090449,..,..,2089429,..,..,2112639,2113643,..,..,2115214,..,..,1552748,2129596,..,..,1949140,..,..,1988086,1990787,..,..,1983270,..,..,2003061,2005570,..,..,2006765,..,..,888639,2006765,..,..,888544,..,..,849334,890668,..,..,850468,..,..,868008,868681,..,..,869775,..,..,1000354,1002338,..,..,914114,..,..,914260,917124,..,..,724153,..,..,585386,728552,..,..,580805,..,..,445151,585316,..,..,443311,..,..,443537,445489,..,..,455541,..,..,402946,464616,..,..,405646,..,..,404725,405646,402478,402478,402478,402478,366182,402478,402478,366182,366182,366182,..,..,..,..
Banana Lakatan,..REGION V (BICOL REGION),..,..,317302,..,..,317867,326033,..,..,317160,..,..,318043,325705,..,..,317523,..,..,318510,325755,..,..,318216,..,..,314477,321037,..,..,318272,..,..,305301,319715,..,..,319772,..,..,313463,319772,..,..,312551,..,..,307093,312571,..,..,327498,..,..,307969,327923,..,..,329719,..,..,307956,329719,..,..,330351,..,..,315010,330401,..,..,322526,..,..,313777,326410,..,..,322260,..,..,317146,326144,..,..,322645,..,..,313262,322745,..,..,313262,..,..,313262,313262,..,..,317014,..,..,293255,317014,312700,312705,312705,287172,285295,287172,312705,311729,311729,311729,..,..,..,..
Banana Lakatan,..REGION VI (WESTERN VISAYAS),..,..,891718,..,..,892267,894096,..,..,895638,..,..,900677,902835,..,..,897160,..,..,902827,902827,..,..,905082,..,..,899288,905082,..,..,898288,..,..,900188,900188,..,..,902028,..,..,903893,904138,..,..,902928,..,..,904883,904883,..,..,904763,..,..,905173,905418,..,..,904893,..,..,906042,906192,..,..,906042,..,..,927059,927059,..,..,904511,..,..,924078,924078,..,..,924611,..,..,921868,924661,..,..,923305,..,..,924108,924108,..,..,924455,..,..,924555,924555,..,..,682081,..,..,681156,682126,684546,684546,684546,684546,684546,684546,684546,685544,685514,685544,..,..,..,..
Banana Lakatan,..NEGROS ISLAND REGION (NIR) 2/,..,..,..,..,..,..,..,..,..,..,..,..,..,..,..,..,..,..,..,..,..,..,..,..,..,..,..,..,..,..,..,..,..,..,..,..,..,..,..,..,..,..,..,..,..,..,..,..,..,..,..,..,..,..,..,..,..,..,..,..,..,..,..,..,..,..,..,..,..,..,..,..,..,..,..,..,..,..,..,..,..,..,..,..,..,..,..,..,..,..,..,..,..,..,..,..,..,..,..,..,594003,..,..,594003,594003,594003,594003,594003,594003,594003,594003,594003,594003,594003,594003,..,..,..,..
Banana Lakatan,..REGION VII (CENTRAL VISAYAS),..,..,1072729,..,..,1073224,1081859,..,..,1097184,..,..,1096556,1097184,..,..,1032007,..,..,1004027,1032007,..,..,1004027,..,..,871258,1004473,..,..,796085,..,..,792701,800319,..,..,790310,..,..,791580,791580,..,..,789990,..,..,789990,789990,..,..,790235,..,..,789946,790261,..,..,770666,..,..,770666,770666,..,..,758255,..,..,758255,758255,..,..,758280,..,..,758281,758281,..,..,758720,..,..,756448,766860,..,..,715453,..,..,715453,715453,..,..,743628,..,..,802300,813106,..,..,347794,..,..,347794,347794,347794,346894,347794,346894,347894,347894,347894,347894,348389,348389,..,..,..,..
Banana Lakatan,..REGION VIII (EASTERN VISAYAS),..,..,513079,..,..,518624,535904,..,..,495574,..,..,503115,519827,..,..,505215,..,..,499927,505344,..,..,499955,..,..,385358,499955,..,..,398355,..,..,367029,398355,..,..,366833,..,..,366492,368183,..,..,357196,..,..,368936,368936,..,..,364985,..,..,352808,367088,..,..,345158,..,..,344843,345343,..,..,345826,..,..,332059,345996,..,..,321502,..,..,323850,323850,..,..,320366,..,..,278741,323741,..,..,288882,..,..,300972,301898,..,..,329495,..,..,308460,340798,..,..,326963,..,..,344127,344137,344096,344096,344096,343288,340778,343288,344096,342121,343151,343151,..,..,..,..
Banana Lakatan,..REGION IX (ZAMBOANGA PENINSULA) 3/,..,..,1233620,..,..,1263815,1263815,..,..,1278815,..,..,1303015,1303015,..,..,1343877,..,..,1375172,1375172,..,..,1592535,..,..,1379000,1593800,..,..,1568630,..,..,1518700,1597650,..,..,1624781,..,..,1575881,1644781,..,..,1549420,..,..,1600201,1600201,..,..,1575311,..,..,1575311,1575311,..,..,1575505,..,..,1583767,1583917,..,..,1575397,..,..,1583939,1583939,..,..,1574207,..,..,1491490,1574349,..,..,1575364,..,..,1574451,1575451,..,..,1575489,..,..,1574619,1575489,..,..,1593010,..,..,1591910,1593010,..,..,1574619,..,..,1574015,1574619,1574015,1576226,1686393,1576226,1576226,1576226,1686393,1625526,1625526,1625526,..,..,..,..
Banana Lakatan,..REGION X (NORTHERN MINDANAO),..,..,4889672,..,..,5044565,5048552,..,..,4993050,..,..,5310720,5410720,..,..,5684820,..,..,5774100,5775000,..,..,5774100,..,..,5774180,5774330,..,..,5809240,..,..,5863558,5916998,..,..,6061908,..,..,5929092,6133892,..,..,6190492,..,..,6565992,6565992,..,..,6201517,..,..,6598292,6598317,..,..,6207092,..,..,6634420,6634420,..,..,6242264,..,..,6640665,6640665,..,..,6244309,..,..,6606282,6612371,..,..,6277582,..,..,6803660,6803660,..,..,6804103,..,..,6835129,6835129,..,..,6047336,..,..,6834378,6835716,..,..,6752383,..,..,6740200,6752983,6734035,6734035,6734035,6752560,6752560,6752560,6753160,6752800,6745728,6752950,..,..,..,..
Banana Lakatan,..REGION XI (DAVAO REGION),..,..,6021118,..,..,7062094,7144594,..,..,6954771,..,..,7127369,7183869,..,..,6932942,..,..,5571391,7069008,..,..,6045279,..,..,6582256,6582256,..,..,6911006,..,..,6835678,6918029,..,..,6922524,..,..,7173415,7173415,..,..,6972344,..,..,7191794,7200733,..,..,7641436,..,..,7690646,7693098,..,..,7633322,..,..,7714842,7716657,..,..,7713952,..,..,7682818,7759196,..,..,7618794,..,..,7651725,7651845,..,..,7706842,..,..,7738009,7738009,..,..,7731605,..,..,7744574,7744574,..,..,7733346,..,..,7745249,7745249,..,..,7655681,..,..,7652903,7656843,7654403,7568628,8110415,7566360,7567570,7567570,8111625,7563838,7563838,7563838,..,..,..,..
Banana Lakatan,..REGION XII (SOCCSKSARGEN),..,..,6156306,..,..,6058508,6156306,..,..,6142409,..,..,6141109,6142409,..,..,6002155,..,..,6128088,6128088,..,..,6058100,..,..,6039850,6059350,..,..,6193710,..,..,6176821,6193710,..,..,6103858,..,..,5983617,6180858,..,..,5894259,..,..,5926809,5926809,..,..,5973883,..,..,6070633,6070633,..,..,6013269,..,..,6079898,6116710,..,..,6079898,..,..,6003800,6080598,..,..,6096373,..,..,8969632,9051960,..,..,9012920,..,..,8957187,9012920,..,..,9203570,..,..,9172398,9204898,..,..,9200960,..,..,9336760,9336760,..,..,11282160,..,..,11566456,11645926,11571905,11566698,11573285,11541645,11522440,11541685,11573325,11612224,11625085,11625095,..,..,..,..
Banana Lakatan,..REGION XIII (CARAGA),..,..,1461400,..,..,1446200,1463800,..,..,1435350,..,..,1430650,1435350,..,..,1401850,..,..,1285850,1413850,..,..,1285850,..,..,1285325,1285900,..,..,1305250,..,..,1306400,1309250,..,..,1338673,..,..,1338673,1338673,..,..,1357989,..,..,1360479,1360479,..,..,1360485,..,..,1364395,1364395,..,..,1372675,..,..,1357180,1373180,..,..,1373080,..,..,1373080,1373080,..,..,1373380,..,..,1373015,1373380,..,..,1406977,..,..,1406602,1406999,..,..,1391071,..,..,1391071,1391071,..,..,1385511,..,..,1392201,1392201,..,..,1392201,..,..,1385550,1392201,1308550,1413033,1413033,1431436,1431386,1431466,1431466,1431386,1431436,1431436,..,..,..,..
Banana Lakatan,..BANGSAMORO AUTONOMOUS REGION IN MUSLIM MINDANAO (BARMM) 1/,..,..,2077241,..,..,1996247,2077882,..,..,2077102,..,..,2135329,2149329,..,..,2147001,..,..,2148659,2149389,..,..,2203745,..,..,2466834,2467574,..,..,2462341,..,..,2462421,2462421,..,..,2592291,..,..,2592401,2592471,..,..,2583681,..,..,2637221,2637221,..,..,2583741,..,..,2633231,2633231,..,..,2631501,..,..,2633191,2633291,..,..,2632481,..,..,2632891,2634391,..,..,2633593,..,..,2633848,2635467,..,..,2635517,..,..,2635253,2636817,..,..,2635727,..,..,2636559,2637819,..,..,2514950,..,..,2515155,2516255,..,..,2630820,..,..,2508625,2633220,2508624,2499578,2508714,2499628,2499578,2499628,2508764,2463870,2463840,2463870,..,..,..,..
Banana Latundan,PHILIPPINES,..,..,33790351,..,..,33714913,34120807,..,..,34099694,..,..,34148572,34754541,..,..,34313239,..,..,33898243,35126984,..,..,33993850,..,..,33350939,34580205,..,..,33542551,..,..,33573875,33990320,..,..,33796072,..,..,32889705,34100846,..,..,32969613,..,..,32918489,33649243,..,..,32959180,..,..,33607133,33651060,..,..,33099472,..,..,33373372,33688903,..,..,32496146,..,..,32954250,33148931,..,..,32330978,..,..,32571775,32974065,..,..,32381885,..,..,31853012,32637466,..,..,31499465,..,..,31635551,31723018,..,..,31591594,..,..,31786024,32050410,..,..,31742955,..,..,31498476,31907677,30451852,30607157,31319364,30638832,30138353,30644665,31513915,30129421,30161071,30171734,..,..,..,..
Banana Latundan,..CORDILLERA ADMINISTRATIVE REGION (CAR),..,..,275498,..,..,248290,278166,..,..,363700,..,..,238067,365399,..,..,367442,..,..,251403,369110,..,..,482750,..,..,253968,483100,..,..,480761,..,..,364804,483261,..,..,490511,..,..,353622,490511,..,..,497130,..,..,156129,497130,..,..,203604,..,..,218522,223703,..,..,264702,..,..,208399,264702,..,..,193888,..,..,199559,213388,..,..,213708,..,..,208973,214008,..,..,213519,..,..,209900,222475,..,..,219044,..,..,207555,220044,..,..,202225,..,..,193581,203505,..,..,360698,..,..,360507,368225,334254,334654,334654,319830,317552,319830,335029,315312,316625,317362,..,..,..,..
Banana Latundan,..REGION I (ILOCOS REGION),..,..,1261704,..,..,1262724,1262724,..,..,1279602,..,..,1225256,1279602,..,..,1315532,..,..,1255518,1315970,..,..,1255599,..,..,1257061,1257061,..,..,1256756,..,..,1261559,1264359,..,..,1273481,..,..,1256001,1273481,..,..,1275621,..,..,1219036,1275621,..,..,1268626,..,..,1270351,1270351,..,..,1269932,..,..,1202921,1269932,..,..,1248819,..,..,1250511,1260765,..,..,1262304,..,..,1261463,1262763,..,..,1263120,..,..,1254986,1267337,..,..,1271722,..,..,1265513,1271722,..,..,1344894,..,..,1259865,1344894,..,..,1360658,..,..,1356717,1360658,1226733,1221217,1226733,1274689,1223751,1274689,1283465,1210095,1210095,1210095,..,..,..,..
Banana Latundan,..REGION II (CAGAYAN VALLEY),..,..,3007711,..,..,2801027,3007711,..,..,2844376,..,..,2653840,2844376,..,..,2844033,..,..,2856433,2856433,..,..,2863342,..,..,2781130,2863342,..,..,2863233,..,..,2849698,2864296,..,..,3006021,..,..,2771879,3006296,..,..,2808645,..,..,2691104,2909792,..,..,2628406,..,..,2727631,2727636,..,..,2694592,..,..,2595667,2695010,..,..,2260016,..,..,2350010,2350010,..,..,2580807,..,..,2587131,2587131,..,..,2588432,..,..,2590539,2590748,..,..,2591430,..,..,2591470,2591470,..,..,2665418,..,..,2664140,2665418,..,..,2664436,..,..,2664471,2664483,1992310,1994377,1994377,2091810,1959672,2091890,2091890,1959942,1994759,1994759,..,..,..,..
Banana Latundan,..REGION III (CENTRAL LUZON),..,..,529273,..,..,478320,534800,..,..,531847,..,..,507525,564554,..,..,558540,..,..,474934,559590,..,..,583190,..,..,465839,583190,..,..,523679,..,..,494704,532454,..,..,534000,..,..,463825,534000,..,..,481273,..,..,465961,482943,..,..,483492,..,..,483337,490886,..,..,487057,..,..,476013,487057,..,..,476346,..,..,477644,479004,..,..,521371,..,..,476804,522299,..,..,449381,..,..,518080,518744,..,..,532347,..,..,518274,532744,..,..,535095,..,..,534499,535713,..,..,537301,..,..,526368,537301,501119,643882,644267,643882,643882,643882,644267,643882,643870,643882,..,..,..,..
Banana Latundan,..REGION IV-A (CALABARZON),..,..,2317152,..,..,2317152,2317152,..,..,2382492,..,..,2614452,2614452,..,..,2203042,..,..,2499147,2499147,..,..,2158724,..,..,2398900,2398900,..,..,2184144,..,..,2269800,2326900,..,..,2101000,..,..,2231500,2231500,..,..,2286876,..,..,2499620,2500020,..,..,2538440,..,..,2540100,2542390,..,..,2544480,..,..,2591494,2599110,..,..,2593618,..,..,2586002,2593618,..,..,2587013,..,..,2540868,2587013,..,..,2535868,..,..,2498108,2540408,..,..,2498108,..,..,2502322,2503722,..,..,2391606,..,..,2429651,2429651,..,..,2244508,..,..,1947890,2244508,1942956,1943756,1943756,1943959,1943931,1943959,1944756,1955344,1952794,1955344,..,..,..,..
Banana Latundan,..MIMAROPA REGION,..,..,2201368,..,..,2154878,2201368,..,..,2227616,..,..,2231026,2231856,..,..,2234708,..,..,1822830,2240154,..,..,2137256,..,..,2144955,2150627,..,..,2177675,..,..,2189052,2193275,..,..,2193517,..,..,1477029,2193617,..,..,1468820,..,..,1404545,1481915,..,..,1404113,..,..,1422948,1422948,..,..,1424749,..,..,1511805,1514667,..,..,1462979,..,..,1461451,1468159,..,..,1172425,..,..,994538,1205342,..,..,956541,..,..,761484,993982,..,..,738724,..,..,759334,761814,..,..,753260,..,..,848910,850590,..,..,891922,..,..,875228,891922,876364,876364,876364,876364,843972,876364,876364,843972,843972,843972,..,..,..,..
Banana Latundan,..REGION V (BICOL REGION),..,..,1501083,..,..,1491024,1523651,..,..,1499219,..,..,1487930,1519557,..,..,1499472,..,..,1488661,1520082,..,..,1500177,..,..,1470499,1514872,..,..,1487562,..,..,1396318,1487562,..,..,1449577,..,..,1421897,1451288,..,..,1436167,..,..,1419841,1437908,..,..,1413302,..,..,1512570,1512570,..,..,1427606,..,..,1534820,1534820,..,..,1461607,..,..,1503539,1528413,..,..,1428073,..,..,1502219,1502241,..,..,1425667,..,..,1501622,1501622,..,..,1426952,..,..,1486421,1491346,..,..,1486018,..,..,1489510,1489510,..,..,1390954,..,..,1370895,1394314,1346253,1376713,1376713,1368925,1367577,1368925,1376713,1345130,1345130,1345130,..,..,..,..
Banana Latundan,..REGION VI (WESTERN VISAYAS),..,..,3226717,..,..,3238596,3239159,..,..,3354964,..,..,3292924,3385194,..,..,3271124,..,..,3296304,3296304,..,..,3323609,..,..,3176810,3323609,..,..,3169410,..,..,3174920,3174920,..,..,3175687,..,..,3179577,3179577,..,..,3165617,..,..,3170815,3170815,..,..,3170815,..,..,3171840,3171840,..,..,3171770,..,..,3173431,3173431,..,..,3173431,..,..,3170122,3173504,..,..,3108071,..,..,3108121,3108121,..,..,3109516,..,..,3096366,3109516,..,..,3096646,..,..,3093985,3097003,..,..,3103523,..,..,3106119,3106119,..,..,2185285,..,..,2178308,2185300,2145396,2145495,2145496,2145495,2145195,2145495,2145496,2148771,2148811,2148871,..,..,..,..
Banana Latundan,..NEGROS ISLAND REGION (NIR) 2/,..,..,..,..,..,..,..,..,..,..,..,..,..,..,..,..,..,..,..,..,..,..,..,..,..,..,..,..,..,..,..,..,..,..,..,..,..,..,..,..,..,..,..,..,..,..,..,..,..,..,..,..,..,..,..,..,..,..,..,..,..,..,..,..,..,..,..,..,..,..,..,..,..,..,..,..,..,..,..,..,..,..,..,..,..,..,..,..,..,..,..,..,..,..,..,..,..,..,..,..,2274020,..,..,2335210,2335210,2335210,2335210,2335210,2206711,2206711,2206711,2335210,2206757,2206760,2206760,..,..,..,..
Banana Latundan,..REGION VII (CENTRAL VISAYAS),..,..,2303460,..,..,2338319,2338590,..,..,2362150,..,..,2360894,2362150,..,..,2364495,..,..,2311456,2411995,..,..,2311456,..,..,1929669,2313487,..,..,1944009,..,..,1933397,1945209,..,..,1927515,..,..,1927865,1927865,..,..,1920400,..,..,1920400,1920400,..,..,1920989,..,..,1920353,1921025,..,..,1893870,..,..,1893870,1893870,..,..,1941003,..,..,1941600,1941653,..,..,1941383,..,..,1943533,1943533,..,..,2069897,..,..,2049504,2069897,..,..,2003106,..,..,2003106,2003106,..,..,2093168,..,..,2104010,2130252,..,..,742536,..,..,742536,742536,743836,750436,750436,750436,750436,750436,750436,750436,753656,753656,..,..,..,..
Banana Latundan,..REGION VIII (EASTERN VISAYAS),..,..,1919498,..,..,1971335,1971654,..,..,1918893,..,..,1921527,1922120,..,..,1943145,..,..,1899249,1943372,..,..,1943577,..,..,1821472,1943577,..,..,1435603,..,..,1590686,1638357,..,..,1623993,..,..,1620152,1624523,..,..,1628516,..,..,1631620,1633280,..,..,1631960,..,..,1626695,1633955,..,..,1601474,..,..,1567430,1602474,..,..,1567318,..,..,1469154,1569013,..,..,1354868,..,..,1369818,1369818,..,..,1344096,..,..,916696,1345132,..,..,928370,..,..,946019,946019,..,..,1059373,..,..,961383,1079306,..,..,965803,..,..,1023159,1023166,1023159,1023159,1023159,1018901,1008370,1018901,1023159,1017826,1017905,1017915,..,..,..,..
Banana Latundan,..REGION IX (ZAMBOANGA PENINSULA) 3/,..,..,1291155,..,..,1307940,1310940,..,..,1406675,..,..,1402350,1426100,..,..,1418020,..,..,1419170,1448170,..,..,1434238,..,..,1404338,1454338,..,..,1404550,..,..,1431940,1431940,..,..,1375064,..,..,1420064,1420064,..,..,1352142,..,..,1408142,1408142,..,..,1300635,..,..,1411105,1411155,..,..,1396065,..,..,1425857,1425907,..,..,1395575,..,..,1428519,1428519,..,..,1396299,..,..,1322104,1399556,..,..,1395766,..,..,1399554,1399554,..,..,1395814,..,..,1399536,1399659,..,..,1399513,..,..,1399611,1399611,..,..,1399979,..,..,1398945,1399979,1421816,1422068,1594901,1422068,1422068,1422068,1594901,1489868,1482590,1489868,..,..,..,..
Banana Latundan,..REGION X (NORTHERN MINDANAO),..,..,5630950,..,..,5638041,5638530,..,..,5605710,..,..,5795650,5799280,..,..,5856650,..,..,6056110,6059910,..,..,6056110,..,..,6056880,6057130,..,..,6076830,..,..,6068201,6089401,..,..,6066051,..,..,6113781,6113781,..,..,6111051,..,..,6307199,6307199,..,..,6313599,..,..,6516711,6524711,..,..,6155754,..,..,6374834,6377834,..,..,5940612,..,..,6332540,6332540,..,..,5920731,..,..,6352729,6352729,..,..,6152124,..,..,6160627,6180800,..,..,6055084,..,..,6151234,6151504,..,..,5773097,..,..,6014949,6014949,..,..,5974479,..,..,5974026,5976124,5989301,5811981,5989301,5816484,5541484,5816484,5993804,5535620,5535620,5535620,..,..,..,..
Banana Latundan,..REGION XI (DAVAO REGION),..,..,2345540,..,..,2484635,2484635,..,..,2382959,..,..,2494675,2494675,..,..,2407226,..,..,2258696,2493096,..,..,2171186,..,..,2435363,2435363,..,..,2631082,..,..,2634964,2643782,..,..,2657166,..,..,2699304,2699304,..,..,2624743,..,..,2672454,2672454,..,..,2672534,..,..,2699614,2700784,..,..,2682667,..,..,2699664,2706832,..,..,2693283,..,..,2698251,2712481,..,..,2799755,..,..,2811119,2811246,..,..,2864669,..,..,2875920,2876385,..,..,2876616,..,..,2876974,2876974,..,..,2876945,..,..,2885276,2885276,..,..,2875284,..,..,2875985,2875985,2875985,2852692,3205757,2852692,2857617,2857617,3210682,2854210,2854210,2854210,..,..,..,..
Banana Latundan,..REGION XII (SOCCSKSARGEN),..,..,1892575,..,..,1907708,1907708,..,..,1922516,..,..,1927128,1927128,..,..,1970860,..,..,2053578,2053578,..,..,2081850,..,..,2102150,2102150,..,..,2178865,..,..,2180312,2180312,..,..,2179998,..,..,2196598,2196598,..,..,2114105,..,..,2136535,2136535,..,..,2180630,..,..,2252468,2252468,..,..,2239049,..,..,2294022,2294022,..,..,2242217,..,..,2249159,2249159,..,..,2197165,..,..,2255679,2258159,..,..,2178950,..,..,2181306,2181306,..,..,2070831,..,..,2028748,2070831,..,..,2034524,..,..,2015428,2036524,..,..,2044917,..,..,2005193,2044917,2005003,2010696,2013283,2022308,2022328,2022328,2022328,2011174,2011157,2011174,..,..,..,..
Banana Latundan,..REGION XIII (CARAGA),..,..,3407510,..,..,3389300,3417500,..,..,3320505,..,..,3309505,3320505,..,..,3359450,..,..,3259322,3359450,..,..,2990826,..,..,2948482,2990826,..,..,3024872,..,..,3029100,3029872,..,..,3052051,..,..,3051501,3053301,..,..,3108647,..,..,3109689,3109689,..,..,3114515,..,..,3127328,3127328,..,..,3131429,..,..,3117795,3131429,..,..,3131429,..,..,3131429,3131429,..,..,3131739,..,..,3131294,3131739,..,..,3132537,..,..,3132074,3132878,..,..,3092599,..,..,3092599,3092599,..,..,3094322,..,..,3096169,3096169,..,..,3096169,..,..,3096169,3096169,2926288,3099088,3099088,3119288,3118247,3119526,3119526,3124500,3126510,3126510,..,..,..,..
Banana Latundan,..BANGSAMORO AUTONOMOUS REGION IN MUSLIM MINDANAO (BARMM) 1/,..,..,679157,..,..,685624,686519,..,..,696470,..,..,685823,697593,..,..,699500,..,..,695433,700623,..,..,699960,..,..,703423,708633,..,..,703520,..,..,704420,704420,..,..,690440,..,..,705110,705140,..,..,689860,..,..,705400,705400,..,..,713520,..,..,705560,717310,..,..,714275,..,..,705350,717805,..,..,714005,..,..,704760,717275,..,..,715266,..,..,705382,718367,..,..,701802,..,..,706246,706682,..,..,702072,..,..,712461,712461,..,..,778613,..,..,782923,782923,..,..,734006,..,..,766869,766880,765869,765369,765869,764990,765560,765560,765889,716582,716607,716607,..,..,..,..
Banana Saba,PHILIPPINES,..,..,77103142,..,..,77148890,78584660,..,..,77195287,..,..,78052012,79570508,..,..,78832761,..,..,76009059,80028012,..,..,77366186,..,..,76478779,79242502,..,..,79255326,..,..,79556461,80852346,..,..,80799874,..,..,78911308,82242952,..,..,77988679,..,..,79077310,80404410,..,..,79086479,..,..,80522979,80664297,..,..,80205365,..,..,80795932,81585184,..,..,78928288,..,..,79838801,80275323,..,..,78392163,..,..,79351435,80169837,..,..,78938681,..,..,78397938,80214708,..,..,77575974,..,..,78041241,78277122,..,..,79179087,..,..,79526351,80286792,..,..,77257241,..,..,77668075,77755534,75472649,76542880,77608804,76744730,74999800,76791173,77899040,75060141,75553083,75575033,..,..,..,..
Banana Saba,..CORDILLERA ADMINISTRATIVE REGION (CAR),..,..,426274,..,..,401660,427858,..,..,464148,..,..,382539,465188,..,..,456966,..,..,393694,457886,..,..,482943,..,..,383701,513127,..,..,511513,..,..,460581,511513,..,..,531813,..,..,434384,531813,..,..,499954,..,..,282266,499954,..,..,315226,..,..,327523,350262,..,..,348878,..,..,303917,354679,..,..,296251,..,..,308907,329349,..,..,315476,..,..,309575,330221,..,..,325701,..,..,311048,328142,..,..,341002,..,..,325945,351502,..,..,343408,..,..,255720,345448,..,..,422852,..,..,459690,459690,415759,425959,425959,459954,447289,459954,459954,421991,424574,430141,..,..,..,..
Banana Saba,..REGION I (ILOCOS REGION),..,..,1210577,..,..,1231081,1231081,..,..,1225966,..,..,1225966,1225966,..,..,1227541,..,..,1228802,1228803,..,..,1227902,..,..,1230971,1230971,..,..,1258712,..,..,1222903,1261025,..,..,1234713,..,..,1215962,1250734,..,..,1203399,..,..,1201284,1203749,..,..,1201736,..,..,1203191,1203191,..,..,1204261,..,..,1167646,1204261,..,..,1174960,..,..,1186708,1186878,..,..,1188341,..,..,1188316,1188752,..,..,1189107,..,..,1183378,1190326,..,..,1199973,..,..,1194352,1199973,..,..,1187244,..,..,1149164,1187244,..,..,1149164,..,..,1145294,1149164,1122815,1124777,1124777,1161331,1097577,1161331,1164735,1117677,1119532,1119532,..,..,..,..
Banana Saba,..REGION II (CAGAYAN VALLEY),..,..,8568843,..,..,7559566,8573843,..,..,7871149,..,..,6746914,7871149,..,..,7718860,..,..,7725110,7725110,..,..,7952057,..,..,7735564,7952057,..,..,8235400,..,..,8164796,8243121,..,..,9031254,..,..,8098573,9031284,..,..,8273489,..,..,7868241,8607506,..,..,7711441,..,..,8069903,8069916,..,..,7961566,..,..,7487193,7962355,..,..,6699874,..,..,7003164,7003164,..,..,7325308,..,..,7401870,7401870,..,..,7413918,..,..,7419720,7420418,..,..,7430939,..,..,7430968,7430968,..,..,7531502,..,..,7527272,7531502,..,..,7528010,..,..,7528088,7528088,5740545,5744857,5744857,5829085,5164029,5829211,5829211,5164319,5382856,5382856,..,..,..,..
Banana Saba,..REGION III (CENTRAL LUZON),..,..,671544,..,..,715436,730236,..,..,695846,..,..,775546,787846,..,..,760474,..,..,774340,784340,..,..,832474,..,..,761052,844240,..,..,812330,..,..,836241,846656,..,..,833119,..,..,673136,833119,..,..,688662,..,..,689349,701823,..,..,691057,..,..,685400,692958,..,..,771224,..,..,665965,773533,..,..,688917,..,..,675495,695120,..,..,804006,..,..,792102,804213,..,..,724069,..,..,809412,812063,..,..,809556,..,..,809518,809844,..,..,818275,..,..,825476,825476,..,..,888583,..,..,931366,931366,831034,849611,849611,849611,849611,849611,849611,849611,853675,853705,..,..,..,..
Banana Saba,..REGION IV-A (CALABARZON),..,..,4882630,..,..,4889180,4889180,..,..,5100373,..,..,5304760,5304760,..,..,5036660,..,..,5122408,5207504,..,..,5042097,..,..,5147504,5216544,..,..,5409901,..,..,4839000,5410241,..,..,4677400,..,..,4862400,4862400,..,..,4906313,..,..,5006694,5009250,..,..,4973518,..,..,5044255,5080274,..,..,4990075,..,..,5087385,5102135,..,..,5047260,..,..,4959860,5047660,..,..,4957381,..,..,4815539,4957381,..,..,4811039,..,..,4877392,4884442,..,..,4847556,..,..,4827394,4847654,..,..,4755443,..,..,4772133,4772133,..,..,4579640,..,..,4569878,4579640,4402870,4421444,4421444,4422444,4383996,4422444,4422444,4390642,4658141,4658141,..,..,..,..
Banana Saba,..MIMAROPA REGION,..,..,6103977,..,..,6121929,6126477,..,..,6131794,..,..,6163109,6166289,..,..,6172092,..,..,4575842,6195561,..,..,5475840,..,..,5470631,5492290,..,..,5543627,..,..,5530309,5545827,..,..,5666816,..,..,3623816,5666916,..,..,3593616,..,..,3317114,3643938,..,..,3336464,..,..,3411768,3411922,..,..,3419338,..,..,3758014,3764034,..,..,3536834,..,..,3527167,3543634,..,..,3031198,..,..,2666377,3110498,..,..,2585124,..,..,1964022,2668412,..,..,1905290,..,..,1953063,1964206,..,..,1912540,..,..,2065076,2138610,..,..,2187928,..,..,2191861,2191861,2186842,3318954,3318954,3318954,2348993,3318954,3318954,2348993,2348993,2348993,..,..,..,..
Banana Saba,..REGION V (BICOL REGION),..,..,2741308,..,..,2492210,2762924,..,..,2730505,..,..,2487727,2757021,..,..,2732020,..,..,2491015,2758595,..,..,2734814,..,..,2456684,2747246,..,..,2732656,..,..,2384869,2732788,..,..,2698267,..,..,2673735,2698267,..,..,2404405,..,..,2667485,2692017,..,..,2593339,..,..,2911076,2926986,..,..,2686799,..,..,3112465,3128375,..,..,2826916,..,..,3215300,3272869,..,..,2775232,..,..,3213430,3235030,..,..,2772284,..,..,3328428,3348847,..,..,2775483,..,..,3324195,3333947,..,..,3322763,..,..,3324163,3324163,..,..,2658138,..,..,2676284,2687506,2645683,2653044,2653044,2647511,2639979,2647511,2657582,2644988,2644988,2644988,..,..,..,..
Banana Saba,..REGION VI (WESTERN VISAYAS),..,..,7600237,..,..,7568508,7614511,..,..,7660764,..,..,7704453,7704453,..,..,7676963,..,..,7710989,7719863,..,..,7767326,..,..,7163054,7767326,..,..,7142604,..,..,7149354,7149354,..,..,7157864,..,..,7184764,7184764,..,..,7151126,..,..,7161032,7161032,..,..,7162632,..,..,7174302,7174302,..,..,7174302,..,..,7177000,7177000,..,..,7176889,..,..,7194532,7200708,..,..,6817322,..,..,7193680,7193680,..,..,7196911,..,..,7145892,7197173,..,..,7145892,..,..,7149632,7150692,..,..,7204692,..,..,7204692,7204692,..,..,5232205,..,..,5220998,5234115,5133988,5133988,5133988,5133988,5133888,5133988,5133988,5170135,5170285,5170335,..,..,..,..
Banana Saba,..NEGROS ISLAND REGION (NIR) 2/,..,..,..,..,..,..,..,..,..,..,..,..,..,..,..,..,..,..,..,..,..,..,..,..,..,..,..,..,..,..,..,..,..,..,..,..,..,..,..,..,..,..,..,..,..,..,..,..,..,..,..,..,..,..,..,..,..,..,..,..,..,..,..,..,..,..,..,..,..,..,..,..,..,..,..,..,..,..,..,..,..,..,..,..,..,..,..,..,..,..,..,..,..,..,..,..,..,..,..,..,3792118,..,..,4050664,4050664,4050664,4050664,4050664,4141898,4141898,4141898,4141898,4142283,4141955,4142283,..,..,..,..
Banana Saba,..REGION VII (CENTRAL VISAYAS),..,..,4953548,..,..,4952906,4953548,..,..,5036553,..,..,5034769,5036553,..,..,5145181,..,..,5023820,5145181,..,..,5030870,..,..,4378026,5053893,..,..,4216557,..,..,4221980,4243631,..,..,4208744,..,..,4481300,4481300,..,..,4438668,..,..,4438668,4438668,..,..,4439044,..,..,4437978,4439044,..,..,4341403,..,..,4341403,4341403,..,..,4228537,..,..,4228770,4228770,..,..,4124502,..,..,4230579,4230579,..,..,4363860,..,..,4466238,4476240,..,..,4124051,..,..,4124051,4124051,..,..,4386392,..,..,4443539,4515240,..,..,1972332,..,..,1972332,1972332,1973132,1969132,1973132,1967932,1967932,1967932,1973132,1967932,1976337,1976337,..,..,..,..
Banana Saba,..REGION VIII (EASTERN VISAYAS),..,..,4217230,..,..,4303847,4303847,..,..,4297359,..,..,4304070,4304960,..,..,4462730,..,..,4324119,4474898,..,..,4477588,..,..,3946978,4477588,..,..,3948325,..,..,3786563,3948325,..,..,3805243,..,..,4085791,4086598,..,..,3802304,..,..,3857587,3857587,..,..,3804509,..,..,3824020,3880879,..,..,3804353,..,..,3785235,3805353,..,..,3785816,..,..,3674558,3811826,..,..,3610932,..,..,3716962,3716962,..,..,3761494,..,..,2879015,3828971,..,..,3179546,..,..,3203457,3221720,..,..,3650827,..,..,3261915,3711111,..,..,3603272,..,..,3661175,3661175,3677005,3677005,3677005,3653426,3622822,3654166,3677745,3654052,3653412,3654152,..,..,..,..
Banana Saba,..REGION IX (ZAMBOANGA PENINSULA) 3/,..,..,3310570,..,..,3367180,3367180,..,..,3303980,..,..,3367170,3367170,..,..,3274085,..,..,3300235,3300235,..,..,3392900,..,..,3396300,3396300,..,..,3387569,..,..,3394269,3394269,..,..,3268430,..,..,3383100,3383100,..,..,3241964,..,..,3372295,3372295,..,..,3328465,..,..,3372249,3372249,..,..,3645276,..,..,3593239,3645276,..,..,3637633,..,..,3600131,3652058,..,..,3635663,..,..,3535479,3650860,..,..,3642440,..,..,3642440,3642440,..,..,3662591,..,..,3642790,3662750,..,..,3974406,..,..,3974406,3974406,..,..,3392976,..,..,3391983,3392976,3350585,3326864,3966731,3326864,3326864,3326864,3966731,3807564,3807564,3807564,..,..,..,..
Banana Saba,..REGION X (NORTHERN MINDANAO),..,..,6600892,..,..,6634482,6642882,..,..,6953126,..,..,7307712,7307912,..,..,7529012,..,..,7599272,7603722,..,..,7599272,..,..,7599322,7599972,..,..,7587377,..,..,7826482,7826482,..,..,7822982,..,..,8105482,8105482,..,..,8101482,..,..,9115750,9115750,..,..,9116250,..,..,9120150,9121150,..,..,9258100,..,..,9313290,9318490,..,..,9310290,..,..,9361290,9361340,..,..,9313138,..,..,9450587,9466428,..,..,9412209,..,..,9625872,9641449,..,..,9655481,..,..,9567056,9656481,..,..,9710305,..,..,10239887,10271813,..,..,10068887,..,..,10090748,10092887,10123844,10123844,10123844,10123844,10123844,10123844,10123844,10119835,10104625,10119835,..,..,..,..
Banana Saba,..REGION XI (DAVAO REGION),..,..,11308142,..,..,12184214,12188314,..,..,11432059,..,..,12324060,12325024,..,..,11604597,..,..,10736258,12201110,..,..,10354132,..,..,11054697,11083137,..,..,12375609,..,..,13634879,13634879,..,..,13791991,..,..,13757858,13793718,..,..,13637492,..,..,13705802,13707058,..,..,14267950,..,..,14365591,14365591,..,..,14297323,..,..,14357365,14362475,..,..,14260889,..,..,14325228,14364257,..,..,14223028,..,..,14240093,14279188,..,..,14216937,..,..,14195739,14216937,..,..,14181356,..,..,14180992,14183356,..,..,14182938,..,..,14180992,14182938,..,..,14055308,..,..,14032148,14055736,14050553,13955816,14327214,13955817,13958678,13958678,14330076,13958677,13958677,13958677,..,..,..,..
Banana Saba,..REGION XII (SOCCSKSARGEN),..,..,6179778,..,..,6208330,6209278,..,..,6220469,..,..,6277149,6280149,..,..,6300140,..,..,6471530,6471530,..,..,6490515,..,..,6730395,6730395,..,..,7048841,..,..,7051715,7051715,..,..,7033333,..,..,7067711,7067711,..,..,6956585,..,..,7032089,7032089,..,..,7052554,..,..,7203779,7203779,..,..,7156124,..,..,7206555,7206555,..,..,7111560,..,..,7145723,7145723,..,..,7114647,..,..,7162811,7162811,..,..,7106577,..,..,7114367,7114367,..,..,6966534,..,..,6935154,6966754,..,..,6943754,..,..,7036116,7036116,..,..,6463331,..,..,6467676,6468131,6467631,6480860,6480860,6476931,6484965,6484965,6484965,6468039,6473876,6473891,..,..,..,..
Banana Saba,..REGION XIII (CARAGA),..,..,3217725,..,..,3234900,3280040,..,..,2957175,..,..,2985060,3005060,..,..,3081916,..,..,2890366,3091916,..,..,2840686,..,..,2757500,2850516,..,..,2763925,..,..,2771240,2771240,..,..,2779205,..,..,2778016,2780016,..,..,2835880,..,..,2838204,2838204,..,..,2837328,..,..,2847504,2847504,..,..,2881503,..,..,2914890,2914890,..,..,2882712,..,..,2908628,2908628,..,..,2882962,..,..,2908517,2908728,..,..,2883975,..,..,2905783,2908205,..,..,2817438,..,..,2817438,2817438,..,..,2817908,..,..,2825939,2825939,..,..,2842231,..,..,2819918,2842231,2841727,2878658,2878658,2905942,2903772,2906008,2906008,2910339,2910539,2910539,..,..,..,..
Banana Saba,..BANGSAMORO AUTONOMOUS REGION IN MUSLIM MINDANAO (BARMM) 1/,..,..,5109867,..,..,5283461,5283461,..,..,5114022,..,..,5661008,5661008,..,..,5653524,..,..,5641258,5661758,..,..,5664770,..,..,6266400,6286900,..,..,6280380,..,..,6281280,6281280,..,..,6258700,..,..,6485280,6485730,..,..,6253340,..,..,6523450,6523490,..,..,6254965,..,..,6524290,6524290,..,..,6264840,..,..,6524370,6524370,..,..,6262951,..,..,6523340,6523340,..,..,6273027,..,..,6525518,6532636,..,..,6533036,..,..,6529192,6536276,..,..,6533286,..,..,6555236,6555786,..,..,6436690,..,..,6439861,6439961,..,..,6420266,..,..,6457972,6457972,6457972,6407403,6458062,6369198,6403664,6403814,6458162,5923064,5923054,5923064,..,..,..,..
Banana Others,PHILIPPINES,..,..,10040697,..,..,10211615,10349922,..,..,10006296,..,..,10101977,10259473,..,..,10018065,..,..,9618295,10185625,..,..,9530931,..,..,9404485,9873832,..,..,9492340,..,..,9441972,9591957,..,..,9348494,..,..,9304748,9502651,..,..,8947978,..,..,9033046,9122955,..,..,9278461,..,..,9388192,9427838,..,..,9337736,..,..,9359607,9442948,..,..,9306964,..,..,9268576,9405676,..,..,9128872,..,..,9287338,9311398,..,..,9244956,..,..,9048381,9367870,..,..,9019351,..,..,9049913,9076715,..,..,9290729,..,..,8955011,9444467,..,..,9141863,..,..,8214945,9222424,7995482,7635412,8165092,7606815,7579737,7607725,8177597,7578877,7523834,7585493,..,..,..,..
Banana Others,..CORDILLERA ADMINISTRATIVE REGION (CAR),..,..,49604,..,..,43749,56529,..,..,46902,..,..,49647,53032,..,..,46698,..,..,49147,51498,..,..,51972,..,..,41774,51972,..,..,51495,..,..,54694,58295,..,..,58495,..,..,57466,58495,..,..,57396,..,..,36013,58541,..,..,39178,..,..,45604,45705,..,..,46536,..,..,42042,46561,..,..,34262,..,..,39539,39862,..,..,40027,..,..,39260,40127,..,..,41144,..,..,40091,41182,..,..,46349,..,..,44850,46349,..,..,46880,..,..,51982,51982,..,..,76768,..,..,73663,76818,53350,53410,53410,52160,47272,52160,53510,50434,50537,50537,..,..,..,..
Banana Others,..REGION I (ILOCOS REGION),..,..,339109,..,..,361699,361699,..,..,361144,..,..,353776,361144,..,..,355597,..,..,358195,358195,..,..,355396,..,..,358908,358908,..,..,360714,..,..,353786,361428,..,..,349431,..,..,351299,354431,..,..,346097,..,..,335793,346368,..,..,336038,..,..,337096,337096,..,..,336306,..,..,325203,336306,..,..,325924,..,..,327187,327959,..,..,329444,..,..,328943,329497,..,..,329799,..,..,319399,329799,..,..,323830,..,..,318628,323830,..,..,336528,..,..,320959,336528,..,..,320959,..,..,320959,320959,312038,309900,312038,305409,305409,305409,312038,303274,303274,303274,..,..,..,..
Banana Others,..REGION II (CAGAYAN VALLEY),..,..,155647,..,..,132357,155647,..,..,143112,..,..,120355,143112,..,..,189649,..,..,191149,191149,..,..,191622,..,..,181014,191622,..,..,173036,..,..,176661,176661,..,..,180831,..,..,175102,184591,..,..,173932,..,..,139742,176248,..,..,134461,..,..,145172,145172,..,..,144581,..,..,136687,145906,..,..,124604,..,..,127727,127727,..,..,128856,..,..,129440,129440,..,..,129499,..,..,129009,130281,..,..,129034,..,..,129332,129342,..,..,126848,..,..,124710,126990,..,..,125695,..,..,125653,125765,108945,110403,110403,114093,105667,114493,114493,105838,109401,109401,..,..,..,..
Banana Others,..REGION III (CENTRAL LUZON),..,..,194533,..,..,157304,196649,..,..,194110,..,..,156150,196410,..,..,190648,..,..,155970,194018,..,..,189798,..,..,151080,191228,..,..,164370,..,..,152150,166015,..,..,164265,..,..,146452,164265,..,..,156145,..,..,145202,156602,..,..,168134,..,..,157637,168837,..,..,170198,..,..,168783,170475,..,..,170175,..,..,169978,170675,..,..,161575,..,..,168861,169422,..,..,164821,..,..,168935,169485,..,..,168121,..,..,167151,168141,..,..,169491,..,..,166864,170077,..,..,179398,..,..,177836,186391,184025,184659,184809,184659,184809,184809,184809,184025,184040,184040,..,..,..,..
Banana Others,..REGION IV-A (CALABARZON),..,..,567158,..,..,567158,567158,..,..,567163,..,..,567264,567663,..,..,567540,..,..,568694,569540,..,..,568030,..,..,569150,570030,..,..,579015,..,..,519825,579015,..,..,518825,..,..,543820,543825,..,..,544560,..,..,545270,545560,..,..,545270,..,..,546780,548780,..,..,553736,..,..,538820,556171,..,..,546719,..,..,536168,546919,..,..,535918,..,..,534417,535918,..,..,531497,..,..,533247,533247,..,..,533071,..,..,533671,533716,..,..,533727,..,..,534227,534227,..,..,535841,..,..,526987,537111,516857,515857,516857,512237,511837,512237,516857,511889,512008,512008,..,..,..,..
Banana Others,..MIMAROPA REGION,..,..,286516,..,..,287711,287711,..,..,287256,..,..,287763,288949,..,..,286237,..,..,258921,288694,..,..,268516,..,..,266191,268516,..,..,262819,..,..,262737,262819,..,..,260059,..,..,220851,260059,..,..,216807,..,..,212047,217152,..,..,210189,..,..,210154,211359,..,..,211767,..,..,212164,213553,..,..,211414,..,..,211055,213189,..,..,183773,..,..,167402,184863,..,..,169541,..,..,112367,170581,..,..,112107,..,..,110088,112433,..,..,158406,..,..,31575,158406,..,..,150693,..,..,149364,150693,146991,146991,146991,146788,145686,146788,146991,145686,145686,145686,..,..,..,..
Banana Others,..REGION V (BICOL REGION),..,..,621572,..,..,667015,686036,..,..,619768,..,..,663981,682162,..,..,620815,..,..,665260,683435,..,..,621958,..,..,655406,683888,..,..,614463,..,..,600326,661193,..,..,586348,..,..,633194,633194,..,..,566645,..,..,633154,633194,..,..,576602,..,..,654261,654321,..,..,586314,..,..,616941,636979,..,..,598441,..,..,630237,647365,..,..,579305,..,..,629747,629754,..,..,578683,..,..,645549,645549,..,..,582446,..,..,596376,597841,..,..,595227,..,..,671363,671363,..,..,557868,..,..,560459,614218,480880,480883,480883,459716,458929,459716,480883,460943,460943,460943,..,..,..,..
Banana Others,..REGION VI (WESTERN VISAYAS),..,..,1117622,..,..,1144431,1145137,..,..,1145494,..,..,1137740,1164800,..,..,1128585,..,..,1136450,1138950,..,..,1128465,..,..,1090608,1128465,..,..,1089728,..,..,1092608,1092608,..,..,1027993,..,..,1029073,1029073,..,..,1013241,..,..,1016289,1016289,..,..,1016139,..,..,1016589,1016589,..,..,1016639,..,..,1017101,1017101,..,..,1018291,..,..,1018323,1018323,..,..,1005668,..,..,1006400,1006400,..,..,1006968,..,..,1002056,1007243,..,..,1004009,..,..,1002949,1004078,..,..,1004933,..,..,1005033,1005033,..,..,665145,..,..,663195,665147,665205,665245,665245,665245,665245,665245,665245,665245,665295,665295,..,..,..,..
Banana Others,..NEGROS ISLAND REGION (NIR) 2/,..,..,..,..,..,..,..,..,..,..,..,..,..,..,..,..,..,..,..,..,..,..,..,..,..,..,..,..,..,..,..,..,..,..,..,..,..,..,..,..,..,..,..,..,..,..,..,..,..,..,..,..,..,..,..,..,..,..,..,..,..,..,..,..,..,..,..,..,..,..,..,..,..,..,..,..,..,..,..,..,..,..,..,..,..,..,..,..,..,..,..,..,..,..,..,..,..,..,..,..,393650,..,..,393650,393650,393650,395734,395734,395735,395734,395735,395735,395734,395734,395734,..,..,..,..
Banana Others,..REGION VII (CENTRAL VISAYAS),..,..,320301,..,..,321762,321762,..,..,316173,..,..,318054,318054,..,..,315980,..,..,313988,315980,..,..,299275,..,..,244109,299735,..,..,245247,..,..,256548,258597,..,..,254546,..,..,255196,255196,..,..,254643,..,..,254643,254643,..,..,254643,..,..,254643,254643,..,..,253072,..,..,253072,253072,..,..,245165,..,..,245165,245165,..,..,246165,..,..,246168,246168,..,..,246194,..,..,243511,246194,..,..,222849,..,..,222849,222849,..,..,239180,..,..,297018,297018,..,..,170409,..,..,170409,170409,171059,171059,171059,171059,171059,171059,171059,171059,171237,171237,..,..,..,..
Banana Others,..REGION VIII (EASTERN VISAYAS),..,..,1878647,..,..,1883429,1883429,..,..,1878073,..,..,1883587,1883827,..,..,1906643,..,..,1906858,1906883,..,..,1907166,..,..,1701103,1907166,..,..,1674367,..,..,1681326,1683957,..,..,1680611,..,..,1590279,1681061,..,..,1486528,..,..,1485828,1487098,..,..,1487178,..,..,1486538,1489328,..,..,1485788,..,..,1480270,1486190,..,..,1480918,..,..,1387329,1481370,..,..,1384402,..,..,1390248,1390248,..,..,1445065,..,..,1207860,1446495,..,..,1285165,..,..,1284457,1287331,..,..,1424213,..,..,1087837,1426923,..,..,1403675,..,..,1415397,1415908,1334512,1334512,1334512,1333787,1324016,1333787,1334512,1333761,1333776,1333776,..,..,..,..
Banana Others,..REGION IX (ZAMBOANGA PENINSULA) 3/,..,..,753030,..,..,866355,867555,..,..,745145,..,..,848700,859705,..,..,729615,..,..,792885,794135,..,..,797250,..,..,747350,797350,..,..,620470,..,..,622070,622070,..,..,617566,..,..,616261,619861,..,..,598447,..,..,629682,631677,..,..,612498,..,..,615264,615264,..,..,615239,..,..,608257,617337,..,..,613665,..,..,613407,622474,..,..,610565,..,..,681710,681710,..,..,674954,..,..,682310,682310,..,..,675149,..,..,682620,682620,..,..,687799,..,..,687799,687799,..,..,673222,..,..,673222,673222,673222,658047,796900,658047,658047,658047,796900,794047,794047,794047,..,..,..,..
Banana Others,..REGION X (NORTHERN MINDANAO),..,..,426765,..,..,432384,432384,..,..,436729,..,..,428120,437870,..,..,429466,..,..,429448,430598,..,..,429448,..,..,430848,430948,..,..,433413,..,..,438448,438448,..,..,438998,..,..,438770,439398,..,..,443220,..,..,471320,471320,..,..,471520,..,..,471460,471810,..,..,471460,..,..,471985,472010,..,..,471656,..,..,472506,472506,..,..,467556,..,..,472010,472081,..,..,445171,..,..,460737,460908,..,..,460987,..,..,460701,460987,..,..,460640,..,..,461312,461312,..,..,451288,..,..,449036,451288,449536,449536,449536,449536,449536,449536,449536,449476,448365,449476,..,..,..,..
Banana Others,..REGION XI (DAVAO REGION),..,..,1654006,..,..,1654021,1658721,..,..,1649745,..,..,1643595,1653595,..,..,1647747,..,..,1229552,1656552,..,..,1222529,..,..,1484124,1484124,..,..,1752630,..,..,1756729,1756729,..,..,1803858,..,..,1774454,1805711,..,..,1644455,..,..,1651294,1651493,..,..,1964252,..,..,1972839,1972839,..,..,1979182,..,..,1994415,1996821,..,..,1993913,..,..,1993701,1994288,..,..,1994672,..,..,1994242,1994872,..,..,1994671,..,..,1994659,1994671,..,..,1987946,..,..,1987349,1988086,..,..,1988087,..,..,1987499,1988087,..,..,1908685,..,..,984358,1908838,974478,627402,1011781,618302,618302,618302,1011781,618237,618237,618237,..,..,..,..
Banana Others,..REGION XII (SOCCSKSARGEN),..,..,468349,..,..,476310,481810,..,..,465772,..,..,464672,465972,..,..,440362,..,..,411382,440362,..,..,403244,..,..,403244,403244,..,..,393860,..,..,393959,393959,..,..,386503,..,..,386053,386803,..,..,374029,..,..,379467,379467,..,..,386142,..,..,394450,394450,..,..,391752,..,..,397240,397240,..,..,397240,..,..,400177,401277,..,..,401878,..,..,401173,402778,..,..,405481,..,..,410407,410407,..,..,407516,..,..,399058,408178,..,..,400497,..,..,402093,403082,..,..,421582,..,..,420332,421582,419982,418302,421262,429517,429577,429577,429577,416375,418257,418277,..,..,..,..
Banana Others,..REGION XIII (CARAGA),..,..,519745,..,..,489814,521109,..,..,462050,..,..,457850,462050,..,..,442438,..,..,431458,442898,..,..,391277,..,..,389413,391958,..,..,389858,..,..,393250,393308,..,..,392600,..,..,392900,393000,..,..,393648,..,..,393648,393648,..,..,397882,..,..,375971,397911,..,..,393422,..,..,393422,393422,..,..,393422,..,..,393422,393422,..,..,393383,..,..,393380,393383,..,..,394654,..,..,393456,394730,..,..,392758,..,..,392758,392758,..,..,423291,..,..,430433,430433,..,..,426766,..,..,426766,426766,427093,427643,427643,426766,425063,427066,427643,425105,364948,425476,..,..,..,..
Banana Others,..BANGSAMORO AUTONOMOUS REGION IN MUSLIM MINDANAO (BARMM) 1/,..,..,688093,..,..,726116,726586,..,..,687660,..,..,720723,721128,..,..,720045,..,..,718938,722738,..,..,704985,..,..,690163,714678,..,..,686855,..,..,686855,686855,..,..,627565,..,..,693578,693688,..,..,678185,..,..,703655,703655,..,..,678335,..,..,703735,703735,..,..,681745,..,..,703205,703805,..,..,681155,..,..,702655,703155,..,..,665684,..,..,703936,704736,..,..,686814,..,..,704788,704788,..,..,688014,..,..,717076,718176,..,..,694982,..,..,694307,695207,..,..,680219,..,..,683659,683659,683659,685829,686029,683759,683549,683759,686029,547749,548049,548049,..,..,..,..
Calamansi,PHILIPPINES,..,..,9078859,..,..,9099187,9163050,..,..,9240012,..,..,9173043,9402373,..,..,9045882,..,..,9110998,9256118,..,..,8797106,..,..,8831637,8925945,..,..,8639876,..,..,8660263,8744131,..,..,8491867,..,..,8496554,8526972,..,..,8459893,..,..,8442105,8506183,..,..,8349041,..,..,8354012,8401960,..,..,8304031,..,..,8347319,8355922,..,..,8304138,..,..,8251764,8329453,..,..,8245428,..,..,8238964,8253997,..,..,8253476,..,..,8226203,8267908,..,..,8153060,..,..,8120308,8162481,..,..,8184019,..,..,8198906,8243052,..,..,8210710,..,..,8130082,8231223,8147787,8191891,8244178,8196295,8165480,8200546,8252862,8173561,8217227,8229650,..,..,..,..
Calamansi,..CORDILLERA ADMINISTRATIVE REGION (CAR),..,..,32912,..,..,32951,33009,..,..,32844,..,..,32966,32966,..,..,32844,..,..,33116,33116,..,..,33836,..,..,33810,34210,..,..,33717,..,..,34759,34759,..,..,34360,..,..,34595,34890,..,..,34439,..,..,32962,34565,..,..,32218,..,..,31964,32318,..,..,32870,..,..,31038,32870,..,..,33451,..,..,31410,33517,..,..,33451,..,..,33527,33527,..,..,33427,..,..,33573,33573,..,..,33552,..,..,33667,33667,..,..,34338,..,..,31428,34559,..,..,32260,..,..,34371,34371,34606,34522,34606,34522,34522,34522,34606,34522,34606,34606,..,..,..,..
Calamansi,..REGION I (ILOCOS REGION),..,..,400872,..,..,403617,403617,..,..,404362,..,..,404362,404362,..,..,405398,..,..,405972,405972,..,..,405746,..,..,405746,405746,..,..,405714,..,..,404915,405714,..,..,402731,..,..,404482,405206,..,..,404448,..,..,402761,404448,..,..,400437,..,..,399783,401068,..,..,400043,..,..,398256,400528,..,..,389320,..,..,389320,389320,..,..,388362,..,..,389727,389727,..,..,388487,..,..,393930,393930,..,..,393930,..,..,395460,395460,..,..,395830,..,..,396180,397195,..,..,396180,..,..,395880,396180,400279,399779,400279,399779,376037,399779,400279,376037,403200,403200,..,..,..,..
Calamansi,..REGION II (CAGAYAN VALLEY),..,..,660082,..,..,648496,660124,..,..,655565,..,..,638273,655827,..,..,660374,..,..,660374,660374,..,..,662434,..,..,654000,662434,..,..,658260,..,..,660303,660303,..,..,661161,..,..,673624,673719,..,..,672685,..,..,650358,672685,..,..,644965,..,..,648520,650525,..,..,647032,..,..,643715,647165,..,..,643510,..,..,644334,644344,..,..,644354,..,..,644385,644385,..,..,643882,..,..,644574,644592,..,..,643023,..,..,643609,643609,..,..,644858,..,..,644744,644858,..,..,644723,..,..,644744,644744,639242,639242,639242,639242,632956,639247,639247,632546,638703,638703,..,..,..,..
Calamansi,..REGION III (CENTRAL LUZON),..,..,476729,..,..,505250,526515,..,..,477332,..,..,502350,526682,..,..,478400,..,..,500264,528044,..,..,479555,..,..,498217,526724,..,..,469408,..,..,502657,517167,..,..,473195,..,..,466950,481695,..,..,473414,..,..,465371,481914,..,..,473006,..,..,484577,484577,..,..,471751,..,..,473812,473956,..,..,470053,..,..,467201,472733,..,..,473088,..,..,466395,474454,..,..,471954,..,..,466414,472454,..,..,471685,..,..,470769,471685,..,..,464427,..,..,465455,465455,..,..,470157,..,..,470255,470255,467849,495175,495746,495175,495225,495225,495746,499369,499329,499369,..,..,..,..
Calamansi,..REGION IV-A (CALABARZON),..,..,739013,..,..,739013,739013,..,..,908713,..,..,770433,908713,..,..,908723,..,..,936848,936848,..,..,909223,..,..,938753,938753,..,..,883749,..,..,865759,883749,..,..,863363,..,..,868363,868363,..,..,878168,..,..,872302,878368,..,..,872302,..,..,875736,878510,..,..,876814,..,..,876814,876814,..,..,876437,..,..,814437,876437,..,..,814586,..,..,815295,815646,..,..,813940,..,..,813940,813940,..,..,804520,..,..,804520,804520,..,..,804570,..,..,804870,804870,..,..,851571,..,..,852521,852521,814134,814134,814134,814125,812625,814125,814134,812575,834223,834223,..,..,..,..
Calamansi,..MIMAROPA REGION,..,..,3309787,..,..,3313647,3313647,..,..,3316267,..,..,3314962,3319657,..,..,3166007,..,..,3144641,3166516,..,..,2727080,..,..,2726957,2727229,..,..,2610378,..,..,2610606,2610778,..,..,2500521,..,..,2490097,2500722,..,..,2491475,..,..,2480498,2492038,..,..,2482774,..,..,2484061,2484061,..,..,2484048,..,..,2484244,2484244,..,..,2512937,..,..,2511207,2512937,..,..,2511020,..,..,2508674,2511020,..,..,2508873,..,..,2494747,2508944,..,..,2496957,..,..,2495632,2497875,..,..,2500873,..,..,2509514,2511796,..,..,2517970,..,..,2519033,2519033,2517823,2517823,2517823,2517823,2517814,2517823,2517823,2517814,2517814,2517814,..,..,..,..
Calamansi,..REGION V (BICOL REGION),..,..,222610,..,..,213190,224097,..,..,221855,..,..,211815,223097,..,..,214387,..,..,203660,215471,..,..,210155,..,..,200440,212651,..,..,209769,..,..,179056,211798,..,..,180336,..,..,179371,180336,..,..,158549,..,..,174416,174709,..,..,157319,..,..,166356,166422,..,..,166356,..,..,173871,173871,..,..,171265,..,..,170112,172672,..,..,168126,..,..,170094,170136,..,..,167997,..,..,169985,170023,..,..,168096,..,..,164606,169806,..,..,164614,..,..,159224,164621,..,..,142149,..,..,147316,147918,141188,140648,141188,142610,142427,142610,143150,141082,141082,141082,..,..,..,..
Calamansi,..REGION VI (WESTERN VISAYAS),..,..,646146,..,..,637834,646156,..,..,631416,..,..,620530,631430,..,..,620570,..,..,600120,620570,..,..,601359,..,..,593485,601359,..,..,542794,..,..,526794,542794,..,..,483924,..,..,484465,484465,..,..,483495,..,..,483610,483610,..,..,443560,..,..,444025,444025,..,..,444175,..,..,444747,444747,..,..,442247,..,..,442972,443172,..,..,442522,..,..,442657,442657,..,..,442542,..,..,442192,443152,..,..,442217,..,..,442169,442217,..,..,471266,..,..,471331,471331,..,..,465004,..,..,465025,465025,465055,465055,465055,465055,464955,465055,465055,464985,465085,465085,..,..,..,..
Calamansi,..NEGROS ISLAND REGION (NIR) 2/,..,..,..,..,..,..,..,..,..,..,..,..,..,..,..,..,..,..,..,..,..,..,..,..,..,..,..,..,..,..,..,..,..,..,..,..,..,..,..,..,..,..,..,..,..,..,..,..,..,..,..,..,..,..,..,..,..,..,..,..,..,..,..,..,..,..,..,..,..,..,..,..,..,..,..,..,..,..,..,..,..,..,..,..,..,..,..,..,..,..,..,..,..,..,..,..,..,..,..,..,53740,..,..,53740,53740,53740,53740,53740,53740,53740,53740,53740,53810,53840,53840,..,..,..,..
Calamansi,..REGION VII (CENTRAL VISAYAS),..,..,111375,..,..,113795,113795,..,..,112120,..,..,93802,114245,..,..,93870,..,..,102577,103849,..,..,102073,..,..,99093,102073,..,..,99512,..,..,100312,100312,..,..,100297,..,..,100280,100297,..,..,99385,..,..,99385,99385,..,..,99810,..,..,99535,99960,..,..,101935,..,..,101935,101935,..,..,102235,..,..,102085,102235,..,..,102585,..,..,102588,102588,..,..,105985,..,..,100756,106685,..,..,97664,..,..,97664,97664,..,..,99099,..,..,97684,99099,..,..,61595,..,..,61595,61595,61595,61595,61595,61595,61595,61595,61595,61595,61997,61997,..,..,..,..
Calamansi,..REGION VIII (EASTERN VISAYAS),..,..,61026,..,..,58647,61026,..,..,59031,..,..,58793,59055,..,..,61023,..,..,61148,61148,..,..,62009,..,..,51805,62009,..,..,49211,..,..,47768,49223,..,..,48391,..,..,48324,48391,..,..,50648,..,..,49805,50735,..,..,51049,..,..,50166,51059,..,..,50206,..,..,50491,50491,..,..,50478,..,..,50789,50809,..,..,51033,..,..,51531,51531,..,..,51388,..,..,48773,51868,..,..,48499,..,..,49854,49854,..,..,50611,..,..,58333,59064,..,..,57969,..,..,68157,68157,64087,64099,64099,64108,63033,65023,65024,64988,64078,65003,..,..,..,..
Calamansi,..REGION IX (ZAMBOANGA PENINSULA) 3/,..,..,423160,..,..,423340,423640,..,..,430240,..,..,519740,520240,..,..,429840,..,..,519820,519860,..,..,520200,..,..,500500,520200,..,..,516750,..,..,516550,516750,..,..,516410,..,..,516410,516410,..,..,516279,..,..,515079,516279,..,..,515099,..,..,475179,515099,..,..,475176,..,..,475685,476385,..,..,476947,..,..,475685,477806,..,..,477645,..,..,476103,478224,..,..,482836,..,..,483547,483547,..,..,482872,..,..,483760,483760,..,..,483760,..,..,499741,499741,..,..,500741,..,..,499741,500741,499741,498023,526013,499047,499047,499047,527037,513097,513097,513097,..,..,..,..
Calamansi,..REGION X (NORTHERN MINDANAO),..,..,132235,..,..,133198,134947,..,..,133444,..,..,138244,138244,..,..,138244,..,..,138412,138512,..,..,138612,..,..,138712,138712,..,..,161712,..,..,211712,211712,..,..,211762,..,..,216512,216512,..,..,210012,..,..,211042,211042,..,..,211042,..,..,211112,211112,..,..,211300,..,..,211140,211300,..,..,210705,..,..,210665,210705,..,..,212235,..,..,212121,213131,..,..,224724,..,..,215260,225810,..,..,215253,..,..,215180,215353,..,..,215210,..,..,220190,220190,..,..,219593,..,..,219540,219593,219060,218754,219060,218754,218764,218764,219070,218764,218764,218764,..,..,..,..
Calamansi,..REGION XI (DAVAO REGION),..,..,999317,..,..,1000351,1000671,..,..,974005,..,..,974403,974405,..,..,955025,..,..,910228,971720,..,..,863221,..,..,908083,909719,..,..,905250,..,..,905390,905390,..,..,903388,..,..,903408,903408,..,..,878586,..,..,893243,895125,..,..,855428,..,..,866720,866720,..,..,828960,..,..,855910,855910,..,..,828512,..,..,845124,845140,..,..,828014,..,..,828014,828014,..,..,820817,..,..,820828,820828,..,..,821321,..,..,790728,821321,..,..,821329,..,..,791280,821329,..,..,788568,..,..,788568,788568,788513,788513,810679,788492,788872,788872,811038,788108,787485,788108,..,..,..,..
Calamansi,..REGION XII (SOCCSKSARGEN),..,..,436495,..,..,454198,454198,..,..,462998,..,..,470800,470800,..,..,465044,..,..,473024,473024,..,..,490101,..,..,490137,490437,..,..,499983,..,..,499983,499983,..,..,502073,..,..,499386,502073,..,..,498273,..,..,499240,499240,..,..,498732,..,..,503106,503106,..,..,502186,..,..,512080,512120,..,..,484780,..,..,484584,485784,..,..,486400,..,..,485300,486400,..,..,484470,..,..,484186,485064,..,..,422376,..,..,419960,422960,..,..,422102,..,..,435932,435932,..,..,395390,..,..,299592,395532,346042,350517,350517,351237,354127,354127,354127,358519,358519,358519,..,..,..,..
Calamansi,..REGION XIII (CARAGA),..,..,385055,..,..,378900,385700,..,..,377655,..,..,378710,379655,..,..,372858,..,..,377799,377799,..,..,548327,..,..,547514,549004,..,..,547514,..,..,547514,547514,..,..,547800,..,..,548102,548300,..,..,548632,..,..,549770,549770,..,..,549790,..,..,550714,550934,..,..,549570,..,..,551302,551302,..,..,549600,..,..,549600,549600,..,..,550265,..,..,550265,550265,..,..,550265,..,..,550268,550268,..,..,549366,..,..,549366,549366,..,..,549366,..,..,549366,549366,..,..,549366,..,..,546142,549366,570992,574267,574267,575006,575006,575006,575006,575005,564421,575255,..,..,..,..
Calamansi,..BANGSAMORO AUTONOMOUS REGION IN MUSLIM MINDANAO (BARMM) 1/,..,..,42045,..,..,42760,42895,..,..,42165,..,..,42860,42995,..,..,43275,..,..,42995,43295,..,..,43175,..,..,44385,44685,..,..,46155,..,..,46185,46185,..,..,62155,..,..,62185,62185,..,..,61405,..,..,62264,62270,..,..,61510,..,..,62459,62465,..,..,61610,..,..,62279,62285,..,..,61662,..,..,62239,62242,..,..,61742,..,..,62289,62292,..,..,61889,..,..,63230,63230,..,..,61729,..,..,63364,63364,..,..,61766,..,..,63634,63646,..,..,63734,..,..,63862,63884,63841,76005,76135,75985,74735,75985,76185,60745,60985,60985,..,..,..,..
Mango,PHILIPPINES,..,..,8458698,..,..,8398029,8526816,..,..,8570177,..,..,8242351,8606709,..,..,8646029,..,..,8448537,8800420,..,..,8654023,..,..,8607875,8798779,..,..,9155638,..,..,9047473,9188864,..,..,9920074,..,..,9572289,9948415,..,..,9621690,..,..,9594044,9630864,..,..,9453198,..,..,9443450,9463103,..,..,9460132,..,..,9427494,9472422,..,..,9533795,..,..,9485795,9560248,..,..,9558548,..,..,9477676,9584477,..,..,9512417,..,..,9430401,9527099,..,..,9412841,..,..,9407712,9425612,..,..,9408866,..,..,9414167,9964321,..,..,9495547,..,..,9481690,9544556,9373881,9477294,9602028,9465498,9496763,9508517,9666120,9463388,9471978,9472826,..,..,..,..
Mango,..CORDILLERA ADMINISTRATIVE REGION (CAR),..,..,34100,..,..,33942,34530,..,..,34885,..,..,34724,35351,..,..,33730,..,..,34186,34186,..,..,34888,..,..,34572,35378,..,..,35591,..,..,35630,36211,..,..,35640,..,..,35907,35932,..,..,34850,..,..,34717,36582,..,..,33815,..,..,35647,35647,..,..,33063,..,..,32861,33300,..,..,32683,..,..,32870,32920,..,..,32564,..,..,32950,32950,..,..,32733,..,..,32800,33100,..,..,32887,..,..,32980,33121,..,..,32843,..,..,31258,36728,..,..,36183,..,..,35662,37008,34990,45175,48213,45175,45175,45175,48213,44895,46399,46989,..,..,..,..
Mango,..REGION I (ILOCOS REGION),..,..,784610,..,..,780045,786388,..,..,784201,..,..,784621,784621,..,..,785625,..,..,785744,785745,..,..,785034,..,..,786454,786454,..,..,793616,..,..,788911,794056,..,..,794506,..,..,771307,794506,..,..,772450,..,..,768920,772450,..,..,757945,..,..,758002,758002,..,..,756644,..,..,749433,757193,..,..,783097,..,..,782431,783097,..,..,782745,..,..,782745,782745,..,..,781809,..,..,781560,781809,..,..,775305,..,..,775305,775305,..,..,773485,..,..,769403,800273,..,..,775450,..,..,774369,775450,759305,772736,773329,738954,733338,738954,773329,702403,704501,704501,..,..,..,..
Mango,..REGION II (CAGAYAN VALLEY),..,..,895722,..,..,877437,895722,..,..,961794,..,..,956594,961794,..,..,965249,..,..,966045,966045,..,..,966001,..,..,964544,966183,..,..,965669,..,..,965669,965669,..,..,968241,..,..,967479,968283,..,..,963869,..,..,948648,963869,..,..,937690,..,..,939742,940055,..,..,940043,..,..,938966,940126,..,..,937161,..,..,938561,938561,..,..,940801,..,..,940829,940829,..,..,940547,..,..,940932,941330,..,..,939541,..,..,939541,939541,..,..,939759,..,..,940036,1235013,..,..,940593,..,..,940585,940602,937981,937981,937981,937981,935758,937981,937981,935773,935773,935773,..,..,..,..
Mango,..REGION III (CENTRAL LUZON),..,..,1622897,..,..,1556478,1641018,..,..,1661099,..,..,1597433,1679048,..,..,1697448,..,..,1748966,1828166,..,..,1733613,..,..,1706072,1854813,..,..,1847348,..,..,1735705,1851168,..,..,1855267,..,..,1851748,1858952,..,..,1855855,..,..,1852391,1859574,..,..,1859160,..,..,1859265,1859265,..,..,1856930,..,..,1856930,1856930,..,..,1857931,..,..,1857019,1858757,..,..,1875027,..,..,1867507,1878183,..,..,1873006,..,..,1867356,1874607,..,..,1867377,..,..,1863536,1867456,..,..,1848710,..,..,1862373,1885754,..,..,1880932,..,..,1877903,1882502,1879567,1878043,1879696,1878043,1878685,1878919,1879696,1878684,1879233,1879233,..,..,..,..
Mango,..REGION IV-A (CALABARZON),..,..,875630,..,..,889503,889503,..,..,890619,..,..,697183,890733,..,..,865189,..,..,687703,865603,..,..,792709,..,..,792123,793123,..,..,988819,..,..,975583,988933,..,..,985204,..,..,927304,985204,..,..,983367,..,..,983367,983367,..,..,926354,..,..,928509,928509,..,..,906909,..,..,906909,906909,..,..,908349,..,..,906949,908349,..,..,906949,..,..,906779,906949,..,..,905499,..,..,905499,905499,..,..,905555,..,..,905555,905555,..,..,907584,..,..,907838,971919,..,..,932261,..,..,907628,932331,912471,913096,913096,914596,913976,914596,914596,913976,913976,913976,..,..,..,..
Mango,..MIMAROPA REGION,..,..,212187,..,..,208388,213084,..,..,211981,..,..,210626,212306,..,..,211875,..,..,210652,212147,..,..,212047,..,..,211295,212107,..,..,211850,..,..,210450,211855,..,..,207970,..,..,205591,208320,..,..,197817,..,..,198877,198877,..,..,196931,..,..,197878,198156,..,..,196842,..,..,198006,198006,..,..,194401,..,..,197311,197457,..,..,193757,..,..,193051,194244,..,..,192878,..,..,175138,194036,..,..,175594,..,..,175434,175692,..,..,171490,..,..,170011,186968,..,..,173965,..,..,169312,173965,177707,177707,177707,177707,177608,177707,177707,177004,177004,177004,..,..,..,..
Mango,..REGION V (BICOL REGION),..,..,63331,..,..,60259,64176,..,..,63211,..,..,60451,64042,..,..,63573,..,..,60846,64313,..,..,63820,..,..,63284,65953,..,..,64550,..,..,63135,66531,..,..,63996,..,..,63748,64039,..,..,63948,..,..,63893,64211,..,..,64478,..,..,64618,64618,..,..,64748,..,..,64764,64764,..,..,66084,..,..,63881,66084,..,..,64639,..,..,63545,64877,..,..,64489,..,..,63424,64727,..,..,64234,..,..,61452,64234,..,..,61452,..,..,90444,112466,..,..,50033,..,..,48791,53372,44385,44874,44874,48478,48362,48478,48480,48474,48474,48474,..,..,..,..
Mango,..REGION VI (WESTERN VISAYAS),..,..,502313,..,..,502422,502513,..,..,478569,..,..,413848,478669,..,..,478112,..,..,415197,478112,..,..,416735,..,..,406896,416735,..,..,407046,..,..,409396,409396,..,..,410401,..,..,410576,410576,..,..,410481,..,..,411281,411281,..,..,430936,..,..,431036,431036,..,..,431646,..,..,431868,431868,..,..,434751,..,..,434602,434751,..,..,434707,..,..,434702,434707,..,..,434607,..,..,434330,434627,..,..,434370,..,..,434110,434510,..,..,437660,..,..,439233,459943,..,..,298114,..,..,299090,311102,303370,303540,303540,303590,303594,303594,303594,303652,303702,303752,..,..,..,..
Mango,..NEGROS ISLAND REGION (NIR) 2/,..,..,..,..,..,..,..,..,..,..,..,..,..,..,..,..,..,..,..,..,..,..,..,..,..,..,..,..,..,..,..,..,..,..,..,..,..,..,..,..,..,..,..,..,..,..,..,..,..,..,..,..,..,..,..,..,..,..,..,..,..,..,..,..,..,..,..,..,..,..,..,..,..,..,..,..,..,..,..,..,..,..,..,..,..,..,..,..,..,..,..,..,..,..,..,..,..,..,..,..,370855,..,..,371123,373261,345917,345955,345955,345955,345955,345955,345955,345955,346436,346436,..,..,..,..
Mango,..REGION VII (CENTRAL VISAYAS),..,..,570851,..,..,570853,570854,..,..,570856,..,..,572441,572501,..,..,574725,..,..,573994,574825,..,..,574364,..,..,571493,575164,..,..,571813,..,..,571716,571816,..,..,571610,..,..,571971,572115,..,..,571943,..,..,573243,573243,..,..,573563,..,..,573185,573563,..,..,573148,..,..,573139,573148,..,..,573159,..,..,573134,573174,..,..,573154,..,..,572914,573174,..,..,572904,..,..,570504,572904,..,..,555039,..,..,555039,555039,..,..,569133,..,..,574254,574687,..,..,354117,..,..,354300,354300,354300,354300,354300,354300,353893,354300,354300,353893,354257,354257,..,..,..,..
Mango,..REGION VIII (EASTERN VISAYAS),..,..,21459,..,..,21594,21599,..,..,22445,..,..,22332,22512,..,..,22848,..,..,22734,22899,..,..,23022,..,..,19973,23022,..,..,18607,..,..,18191,18616,..,..,18488,..,..,18422,18492,..,..,18704,..,..,18692,18774,..,..,18668,..,..,18700,18843,..,..,18529,..,..,18522,18571,..,..,18824,..,..,18664,18854,..,..,19158,..,..,18822,19202,..,..,19419,..,..,14154,19451,..,..,14773,..,..,13981,14800,..,..,14546,..,..,16527,17151,..,..,19465,..,..,21467,22473,18973,18973,18973,18997,18875,18997,18997,18973,19000,19018,..,..,..,..
Mango,..REGION IX (ZAMBOANGA PENINSULA) 3/,..,..,901491,..,..,906367,912521,..,..,914597,..,..,909610,915190,..,..,915946,..,..,918529,919289,..,..,922634,..,..,920934,922934,..,..,924357,..,..,924357,924357,..,..,1006835,..,..,1005366,1006835,..,..,1009739,..,..,1002542,1009739,..,..,897543,..,..,897962,897962,..,..,897855,..,..,902958,904342,..,..,940742,..,..,906510,954565,..,..,941282,..,..,906404,955090,..,..,932953,..,..,898628,938953,..,..,932948,..,..,939060,939061,..,..,953655,..,..,957565,957565,..,..,941459,..,..,962450,962659,912195,936405,1009226,936833,936833,936833,1009655,979096,979096,979096,..,..,..,..
Mango,..REGION X (NORTHERN MINDANAO),..,..,420456,..,..,423799,424839,..,..,423615,..,..,425655,425655,..,..,436751,..,..,436751,436751,..,..,439882,..,..,439851,439882,..,..,447593,..,..,451622,451653,..,..,468596,..,..,465486,468596,..,..,472851,..,..,472750,472851,..,..,473830,..,..,469670,473830,..,..,485072,..,..,480525,485077,..,..,495788,..,..,495838,495838,..,..,500549,..,..,500560,500640,..,..,502646,..,..,482770,502733,..,..,482945,..,..,481619,482945,..,..,476737,..,..,489203,489203,..,..,481174,..,..,480437,481637,480995,480995,480995,480995,480495,480995,480995,480495,480495,480495,..,..,..,..
Mango,..REGION XI (DAVAO REGION),..,..,327361,..,..,329623,329929,..,..,314630,..,..,313963,314637,..,..,311318,..,..,289639,311318,..,..,293713,..,..,291192,294050,..,..,447060,..,..,446213,447233,..,..,720293,..,..,444872,720298,..,..,455136,..,..,454821,455241,..,..,455935,..,..,454770,456084,..,..,457139,..,..,454693,457351,..,..,450716,..,..,454879,457328,..,..,453356,..,..,459007,460278,..,..,459557,..,..,460698,460700,..,..,460703,..,..,457475,460703,..,..,460525,..,..,457480,460554,..,..,456700,..,..,455913,456711,455100,455050,500780,455017,454984,455056,500786,454970,454970,454970,..,..,..,..
Mango,..REGION XII (SOCCSKSARGEN),..,..,906470,..,..,906074,908620,..,..,920590,..,..,914195,920845,..,..,938644,..,..,936294,938744,..,..,961017,..,..,961027,973527,..,..,978171,..,..,997252,997727,..,..,979166,..,..,998511,1002266,..,..,974594,..,..,973994,974594,..,..,988383,..,..,978189,989453,..,..,990550,..,..,981818,993743,..,..,988998,..,..,987499,989292,..,..,988389,..,..,961697,989097,..,..,962850,..,..,964250,964250,..,..,954193,..,..,949283,954293,..,..,949473,..,..,895863,963383,..,..,966540,..,..,968925,968930,958920,975397,976286,987793,997115,998755,999614,995205,998822,998822,..,..,..,..
Mango,..REGION XIII (CARAGA),..,..,100320,..,..,100195,100330,..,..,97620,..,..,97640,97640,..,..,113850,..,..,131111,131111,..,..,203488,..,..,203400,203588,..,..,203400,..,..,203425,203425,..,..,203365,..,..,203365,203365,..,..,204125,..,..,204125,204125,..,..,204436,..,..,204449,204449,..,..,204254,..,..,204254,204254,..,..,204257,..,..,204254,204257,..,..,204557,..,..,204254,204557,..,..,204607,..,..,204697,204697,..,..,184409,..,..,189629,189629,..,..,189629,..,..,189698,189698,..,..,190045,..,..,190203,190203,170630,190529,190539,193840,193840,193840,193840,193836,193666,193856,..,..,..,..
Mango,..BANGSAMORO AUTONOMOUS REGION IN MUSLIM MINDANAO (BARMM) 1/,..,..,219501,..,..,231051,231191,..,..,219466,..,..,231036,231166,..,..,231146,..,..,230146,231166,..,..,231056,..,..,234765,235865,..,..,250148,..,..,250218,250218,..,..,630496,..,..,630636,630636,..,..,631961,..,..,631783,632086,..,..,633531,..,..,631828,633631,..,..,646760,..,..,631848,646840,..,..,646854,..,..,631393,646964,..,..,646914,..,..,631909,646955,..,..,631913,..,..,633661,633676,..,..,632968,..,..,633713,633728,..,..,622185,..,..,622981,623016,..,..,627661,..,..,623532,628050,627075,646538,646538,647244,678277,678382,678382,636104,636174,636174,..,..,..,..
Mango Carabao,PHILIPPINES,..,..,6170036,..,..,6137599,6228015,..,..,6306180,..,..,6039834,6333898,..,..,6398601,..,..,6230678,6531308,..,..,6367773,..,..,6346156,6499493,..,..,6857783,..,..,6767408,6884636,..,..,7539078,..,..,7211523,7563066,..,..,7254437,..,..,7236379,7257263,..,..,7112351,..,..,7100391,7116409,..,..,7111430,..,..,7092817,7117463,..,..,7184491,..,..,7152875,7208799,..,..,7210207,..,..,7146860,7231743,..,..,7187130,..,..,7110238,7191868,..,..,7114829,..,..,7106286,7115342,..,..,7128384,..,..,7070943,7161460,..,..,7176216,..,..,7158260,7180402,7099002,7163907,7252121,7145108,7153960,7155897,7277893,7126804,7131524,7131524,..,..,..,..
Mango Carabao,..CORDILLERA ADMINISTRATIVE REGION (CAR),..,..,29883,..,..,29786,30291,..,..,29660,..,..,29519,30116,..,..,28400,..,..,28856,28856,..,..,29106,..,..,29086,29486,..,..,29562,..,..,29917,30102,..,..,29752,..,..,29914,29914,..,..,28132,..,..,29029,29864,..,..,28092,..,..,29924,29924,..,..,27135,..,..,27284,27372,..,..,27080,..,..,27292,27317,..,..,26910,..,..,27292,27292,..,..,27055,..,..,27012,27292,..,..,27148,..,..,27312,27382,..,..,27218,..,..,21993,27462,..,..,26612,..,..,26612,26612,26512,32412,32412,32412,32412,32412,32412,32412,33286,33286,..,..,..,..
Mango Carabao,..REGION I (ILOCOS REGION),..,..,540109,..,..,539189,541887,..,..,543345,..,..,543765,543765,..,..,544858,..,..,544977,544978,..,..,546027,..,..,547447,547447,..,..,554631,..,..,553761,555071,..,..,556481,..,..,536335,556481,..,..,537885,..,..,535534,537885,..,..,524675,..,..,524675,524675,..,..,524512,..,..,522297,524659,..,..,552797,..,..,552797,552797,..,..,553111,..,..,553111,553111,..,..,553146,..,..,553146,553146,..,..,548646,..,..,548646,548646,..,..,546896,..,..,547523,548977,..,..,548961,..,..,547961,548961,537568,547721,547721,513939,513939,513939,547721,487022,487022,487022,..,..,..,..
Mango Carabao,..REGION II (CAGAYAN VALLEY),..,..,508914,..,..,499944,508914,..,..,584015,..,..,581015,584015,..,..,583885,..,..,584111,584111,..,..,584149,..,..,583790,584149,..,..,588089,..,..,588089,588089,..,..,589718,..,..,588951,589718,..,..,588083,..,..,579437,588083,..,..,573432,..,..,573695,573697,..,..,573960,..,..,573665,573960,..,..,573335,..,..,573995,573995,..,..,575349,..,..,575364,575364,..,..,575308,..,..,575706,575751,..,..,575436,..,..,575436,575436,..,..,576092,..,..,576092,576092,..,..,576092,..,..,576092,576092,574431,574431,574431,574431,573409,574431,574431,573414,573414,573414,..,..,..,..
Mango Carabao,..REGION III (CENTRAL LUZON),..,..,1129770,..,..,1076650,1145970,..,..,1171585,..,..,1120258,1187828,..,..,1206231,..,..,1267704,1334224,..,..,1233365,..,..,1216182,1345551,..,..,1330844,..,..,1227022,1330969,..,..,1336773,..,..,1332427,1336773,..,..,1337492,..,..,1333159,1337492,..,..,1340251,..,..,1340251,1340251,..,..,1340251,..,..,1340251,1340251,..,..,1341561,..,..,1340662,1342336,..,..,1360925,..,..,1351251,1360925,..,..,1356776,..,..,1351151,1358302,..,..,1351205,..,..,1347285,1351205,..,..,1347285,..,..,1358451,1358451,..,..,1358542,..,..,1357895,1358542,1357548,1357639,1357639,1357639,1357480,1357639,1357639,1357480,1357480,1357480,..,..,..,..
Mango Carabao,..REGION IV-A (CALABARZON),..,..,645714,..,..,659473,659473,..,..,660323,..,..,507823,660323,..,..,660323,..,..,508123,660623,..,..,594793,..,..,595093,595093,..,..,790463,..,..,784309,790463,..,..,785746,..,..,740546,785746,..,..,784531,..,..,784531,784531,..,..,740046,..,..,740675,740675,..,..,721975,..,..,721975,721975,..,..,721975,..,..,721975,721975,..,..,721975,..,..,721975,721975,..,..,721475,..,..,721475,721475,..,..,721525,..,..,721525,721525,..,..,722130,..,..,722130,722130,..,..,743480,..,..,723900,743550,723860,724310,724310,725210,724760,725210,725210,724760,724760,724760,..,..,..,..
Mango Carabao,..MIMAROPA REGION,..,..,104277,..,..,100567,104583,..,..,104476,..,..,103986,104526,..,..,104902,..,..,104650,104952,..,..,105552,..,..,105544,105597,..,..,106148,..,..,105043,106148,..,..,105382,..,..,105282,105382,..,..,106440,..,..,106580,106580,..,..,106537,..,..,106822,106822,..,..,106986,..,..,107116,107116,..,..,107515,..,..,109765,109801,..,..,107970,..,..,108054,108174,..,..,107908,..,..,98594,107936,..,..,98716,..,..,98697,98724,..,..,94213,..,..,82311,94470,..,..,82314,..,..,82314,82314,83745,83745,83745,83745,83660,83745,83745,83486,83486,83486,..,..,..,..
Mango Carabao,..REGION V (BICOL REGION),..,..,9860,..,..,7489,9874,..,..,9910,..,..,7485,9910,..,..,10034,..,..,7528,10037,..,..,10037,..,..,7528,10037,..,..,10127,..,..,7360,10127,..,..,7384,..,..,7384,7384,..,..,7450,..,..,7484,7484,..,..,7692,..,..,7724,7724,..,..,7724,..,..,7730,7730,..,..,8185,..,..,7560,8185,..,..,7748,..,..,7387,7820,..,..,7712,..,..,7318,7784,..,..,7646,..,..,6924,7646,..,..,6924,..,..,7694,8427,..,..,5770,..,..,7706,7706,5770,5780,5780,6007,5974,6007,6007,5966,5966,5966,..,..,..,..
Mango Carabao,..REGION VI (WESTERN VISAYAS),..,..,453742,..,..,453792,453842,..,..,428162,..,..,366360,428162,..,..,429429,..,..,367907,429429,..,..,368675,..,..,362133,368675,..,..,362133,..,..,364183,364183,..,..,364203,..,..,364303,364303,..,..,364221,..,..,364921,364921,..,..,384426,..,..,384486,384486,..,..,385146,..,..,385146,385146,..,..,386866,..,..,386766,386866,..,..,386758,..,..,386758,386758,..,..,386758,..,..,386675,386758,..,..,386715,..,..,386341,386715,..,..,389303,..,..,389313,389313,..,..,264461,..,..,264510,264510,266401,266401,266401,266451,266455,266455,266455,266405,266435,266435,..,..,..,..
Mango Carabao,..NEGROS ISLAND REGION (NIR) 2/,..,..,..,..,..,..,..,..,..,..,..,..,..,..,..,..,..,..,..,..,..,..,..,..,..,..,..,..,..,..,..,..,..,..,..,..,..,..,..,..,..,..,..,..,..,..,..,..,..,..,..,..,..,..,..,..,..,..,..,..,..,..,..,..,..,..,..,..,..,..,..,..,..,..,..,..,..,..,..,..,..,..,..,..,..,..,..,..,..,..,..,..,..,..,..,..,..,..,..,..,281435,..,..,281435,281435,281435,281435,281435,281435,281435,281435,281435,281435,281435,281435,..,..,..,..
Mango Carabao,..REGION VII (CENTRAL VISAYAS),..,..,475755,..,..,475754,475755,..,..,475760,..,..,477402,477402,..,..,477808,..,..,477405,477808,..,..,477405,..,..,475505,478205,..,..,475832,..,..,475752,475835,..,..,475659,..,..,476164,476164,..,..,476150,..,..,476150,476150,..,..,476653,..,..,476275,476653,..,..,476275,..,..,476275,476275,..,..,476275,..,..,476290,476290,..,..,476290,..,..,476295,476295,..,..,476305,..,..,474994,476305,..,..,464130,..,..,464130,464130,..,..,478330,..,..,478330,478330,..,..,321636,..,..,321636,321636,321636,321636,321636,321636,321636,321636,321636,321636,321805,321805,..,..,..,..
Mango Carabao,..REGION VIII (EASTERN VISAYAS),..,..,10363,..,..,10483,10488,..,..,11299,..,..,11196,11336,..,..,11661,..,..,11676,11679,..,..,11853,..,..,11035,11853,..,..,10072,..,..,9899,10081,..,..,10150,..,..,10101,10151,..,..,10225,..,..,10220,10245,..,..,10155,..,..,10020,10155,..,..,9892,..,..,9904,9906,..,..,10239,..,..,10084,10239,..,..,10294,..,..,10016,10298,..,..,10484,..,..,7274,10489,..,..,7718,..,..,7233,7727,..,..,7334,..,..,7236,7380,..,..,8824,..,..,8435,9230,7098,7098,7098,7098,7060,7098,7098,7100,7100,7100,..,..,..,..
Mango Carabao,..REGION IX (ZAMBOANGA PENINSULA) 3/,..,..,709400,..,..,720410,720410,..,..,723940,..,..,720050,724450,..,..,729650,..,..,731570,732310,..,..,731575,..,..,729870,731870,..,..,732965,..,..,732965,732965,..,..,793245,..,..,792426,793245,..,..,795515,..,..,791510,795515,..,..,686511,..,..,686521,686521,..,..,686516,..,..,688965,689901,..,..,726301,..,..,692298,739901,..,..,726662,..,..,692314,740262,..,..,718271,..,..,677946,718271,..,..,718266,..,..,718278,718278,..,..,729692,..,..,729692,729692,..,..,744733,..,..,744733,744733,718278,740274,803334,740274,740274,740274,803334,740274,740274,740274,..,..,..,..
Mango Carabao,..REGION X (NORTHERN MINDANAO),..,..,362162,..,..,366545,366545,..,..,366321,..,..,368361,368361,..,..,378151,..,..,378151,378151,..,..,380651,..,..,380651,380651,..,..,388651,..,..,392711,392711,..,..,407921,..,..,405461,407921,..,..,411861,..,..,411810,411861,..,..,412930,..,..,408950,412930,..,..,423835,..,..,419435,423835,..,..,434168,..,..,434218,434218,..,..,438749,..,..,438688,438749,..,..,440747,..,..,421335,440747,..,..,421520,..,..,421210,421520,..,..,416569,..,..,421210,421210,..,..,413860,..,..,413810,413860,413810,413810,413810,413810,413810,413810,413810,413810,413810,413810,..,..,..,..
Mango Carabao,..REGION XI (DAVAO REGION),..,..,238837,..,..,241173,241279,..,..,232026,..,..,232026,232026,..,..,232360,..,..,216230,232360,..,..,218345,..,..,217398,218485,..,..,368190,..,..,367170,368190,..,..,643131,..,..,368226,643131,..,..,374736,..,..,374704,374841,..,..,375025,..,..,374749,375141,..,..,376772,..,..,374944,376976,..,..,370459,..,..,375856,377055,..,..,370484,..,..,376997,376997,..,..,377546,..,..,378686,378686,..,..,378694,..,..,375555,378694,..,..,378604,..,..,375566,378604,..,..,374900,..,..,374900,374900,374087,374087,398426,374054,374093,374093,398432,374102,374102,374102,..,..,..,..
Mango Carabao,..REGION XII (SOCCSKSARGEN),..,..,766210,..,..,765114,767374,..,..,779938,..,..,778938,779938,..,..,797509,..,..,797509,797509,..,..,822012,..,..,826816,834316,..,..,841804,..,..,860885,861360,..,..,844955,..,..,865305,868055,..,..,841915,..,..,841415,841915,..,..,856049,..,..,845679,856809,..,..,857900,..,..,847970,859750,..,..,855150,..,..,853407,855150,..,..,854207,..,..,831407,854907,..,..,837591,..,..,838626,838626,..,..,832200,..,..,832300,832300,..,..,832480,..,..,777948,845468,..,..,849132,..,..,850857,850857,850857,857206,858021,867952,878648,878698,879513,878488,882085,882085,..,..,..,..
Mango Carabao,..REGION XIII (CARAGA),..,..,58370,..,..,58360,58370,..,..,58735,..,..,58755,58755,..,..,70415,..,..,71276,71276,..,..,121213,..,..,121213,121213,..,..,121213,..,..,121213,121213,..,..,121213,..,..,121213,121213,..,..,121376,..,..,121376,121376,..,..,121372,..,..,121376,121376,..,..,121266,..,..,121266,121266,..,..,121269,..,..,121266,121269,..,..,121369,..,..,121266,121369,..,..,121369,..,..,121459,121459,..,..,106530,..,..,106530,106530,..,..,106530,..,..,106530,106530,..,..,106530,..,..,106530,106530,87032,106646,106646,109731,109731,109731,109731,109730,109730,109730,..,..,..,..
Mango Carabao,..BANGSAMORO AUTONOMOUS REGION IN MUSLIM MINDANAO (BARMM) 1/,..,..,126670,..,..,132870,132960,..,..,126685,..,..,132895,132985,..,..,132985,..,..,133005,133005,..,..,133015,..,..,136865,136865,..,..,147059,..,..,147129,147129,..,..,467365,..,..,467485,467485,..,..,468425,..,..,468519,468520,..,..,468505,..,..,468569,468570,..,..,471285,..,..,468594,471345,..,..,471316,..,..,468644,471406,..,..,471406,..,..,468685,471447,..,..,468679,..,..,468841,468841,..,..,468734,..,..,468884,468884,..,..,468784,..,..,468924,468924,..,..,468934,..,..,468934,468934,468934,469276,469276,469284,469184,469284,469284,469284,469334,469334,..,..,..,..
Mango Piko,PHILIPPINES,..,..,678059,..,..,669859,681051,..,..,664253,..,..,634909,666127,..,..,648234,..,..,633480,651078,..,..,647552,..,..,644980,657172,..,..,652673,..,..,649827,656489,..,..,653060,..,..,648810,656703,..,..,653655,..,..,651749,657440,..,..,644394,..,..,645937,646810,..,..,643450,..,..,644151,645225,..,..,645179,..,..,644073,646128,..,..,640751,..,..,638969,644206,..,..,633704,..,..,628432,634363,..,..,624415,..,..,620966,624421,..,..,619659,..,..,617332,621457,..,..,597198,..,..,608110,608959,595771,600488,606411,602047,632671,633095,639062,630281,631253,631271,..,..,..,..
Mango Piko,..CORDILLERA ADMINISTRATIVE REGION (CAR),..,..,828,..,..,745,828,..,..,830,..,..,800,830,..,..,830,..,..,830,830,..,..,725,..,..,830,830,..,..,725,..,..,800,800,..,..,560,..,..,560,560,..,..,500,..,..,500,500,..,..,450,..,..,450,450,..,..,450,..,..,350,450,..,..,350,..,..,350,350,..,..,350,..,..,350,350,..,..,350,..,..,350,350,..,..,350,..,..,350,350,..,..,290,..,..,290,290,..,..,290,..,..,290,290,290,290,290,290,290,290,290,290,1230,1230,..,..,..,..
Mango Piko,..REGION I (ILOCOS REGION),..,..,20724,..,..,18254,20724,..,..,18254,..,..,18254,18254,..,..,18095,..,..,18095,18095,..,..,18095,..,..,18095,18095,..,..,18095,..,..,18095,18095,..,..,18095,..,..,18095,18095,..,..,17688,..,..,17688,17688,..,..,17508,..,..,17508,17508,..,..,17443,..,..,17470,17470,..,..,18179,..,..,18179,18179,..,..,18179,..,..,18179,18179,..,..,18179,..,..,18179,18179,..,..,18140,..,..,18140,18140,..,..,18120,..,..,18159,18159,..,..,18045,..,..,18004,18045,16844,17804,17804,17804,17804,17804,17804,15365,15365,15365,..,..,..,..
Mango Piko,..REGION II (CAGAYAN VALLEY),..,..,15535,..,..,14220,15535,..,..,14237,..,..,14037,14237,..,..,17082,..,..,17252,17252,..,..,17012,..,..,16997,17194,..,..,15006,..,..,15006,15006,..,..,14614,..,..,14624,14656,..,..,14160,..,..,12045,14160,..,..,11954,..,..,11748,12054,..,..,11648,..,..,11681,11731,..,..,11547,..,..,11687,11687,..,..,11486,..,..,11489,11489,..,..,11387,..,..,11290,11392,..,..,11282,..,..,11282,11282,..,..,11270,..,..,10407,11275,..,..,10407,..,..,10390,10407,10158,10158,10158,10158,10086,10158,10158,10088,10088,10088,..,..,..,..
Mango Piko,..REGION III (CENTRAL LUZON),..,..,259676,..,..,260197,261347,..,..,256083,..,..,256804,257754,..,..,253733,..,..,256156,256256,..,..,253730,..,..,257838,262664,..,..,260459,..,..,262393,264059,..,..,261884,..,..,264084,265484,..,..,261793,..,..,264027,265427,..,..,262339,..,..,262339,262339,..,..,260089,..,..,260089,260089,..,..,259716,..,..,259751,259751,..,..,256566,..,..,259616,259716,..,..,259616,..,..,259666,259666,..,..,259706,..,..,259706,259706,..,..,256912,..,..,255931,257071,..,..,255931,..,..,255772,255931,255324,255324,255324,255324,255249,255324,255324,255249,255249,255249,..,..,..,..
Mango Piko,..REGION IV-A (CALABARZON),..,..,135860,..,..,135860,135860,..,..,136110,..,..,111110,136110,..,..,123230,..,..,107130,123230,..,..,118280,..,..,117280,118280,..,..,118320,..,..,113894,118320,..,..,119064,..,..,114164,119064,..,..,118769,..,..,118769,118769,..,..,113764,..,..,115150,115150,..,..,115150,..,..,115150,115150,..,..,115550,..,..,115150,115550,..,..,115150,..,..,115150,115150,..,..,114550,..,..,114550,114550,..,..,114550,..,..,114550,114550,..,..,115804,..,..,115804,115804,..,..,115974,..,..,115804,115974,115804,115974,115974,115974,115804,115974,115974,115804,115804,115804,..,..,..,..
Mango Piko,..MIMAROPA REGION,..,..,30508,..,..,30803,30803,..,..,30983,..,..,31011,31033,..,..,31253,..,..,31248,31253,..,..,31663,..,..,31576,31663,..,..,32419,..,..,32119,32419,..,..,32707,..,..,32257,32707,..,..,32194,..,..,32224,32224,..,..,32185,..,..,32707,32707,..,..,32448,..,..,33042,33042,..,..,32519,..,..,33055,33055,..,..,31727,..,..,31930,31960,..,..,31722,..,..,28621,31927,..,..,29043,..,..,28930,29045,..,..,29442,..,..,27676,29442,..,..,27676,..,..,27676,27676,28255,28255,28255,28255,28255,28255,28255,28255,28255,28255,..,..,..,..
Mango Piko,..REGION V (BICOL REGION),..,..,2767,..,..,2845,2845,..,..,2767,..,..,2830,2845,..,..,2792,..,..,2847,2847,..,..,2794,..,..,2847,2847,..,..,2894,..,..,2782,2947,..,..,2801,..,..,2801,2801,..,..,2770,..,..,2826,2826,..,..,2876,..,..,2930,2930,..,..,2930,..,..,2934,2934,..,..,3007,..,..,2861,3007,..,..,2842,..,..,2818,2872,..,..,2840,..,..,2788,2870,..,..,2808,..,..,2604,2808,..,..,2604,..,..,2596,2721,..,..,2141,..,..,2741,2741,1646,2125,2125,2125,2104,2125,2125,2224,2224,2224,..,..,..,..
Mango Piko,..REGION VI (WESTERN VISAYAS),..,..,2932,..,..,3032,3032,..,..,3180,..,..,3032,3180,..,..,3032,..,..,3032,3032,..,..,3380,..,..,2121,3380,..,..,2121,..,..,2121,2121,..,..,2006,..,..,2006,2006,..,..,2016,..,..,2016,2016,..,..,1716,..,..,1756,1756,..,..,1756,..,..,1766,1766,..,..,1886,..,..,1886,1886,..,..,1856,..,..,1851,1856,..,..,1856,..,..,1866,1866,..,..,1866,..,..,1866,1866,..,..,1866,..,..,1868,1868,..,..,1872,..,..,1889,1889,1952,2052,2052,2052,2052,2052,2052,2020,2040,2040,..,..,..,..
Mango Piko,..NEGROS ISLAND REGION (NIR) 2/,..,..,..,..,..,..,..,..,..,..,..,..,..,..,..,..,..,..,..,..,..,..,..,..,..,..,..,..,..,..,..,..,..,..,..,..,..,..,..,..,..,..,..,..,..,..,..,..,..,..,..,..,..,..,..,..,..,..,..,..,..,..,..,..,..,..,..,..,..,..,..,..,..,..,..,..,..,..,..,..,..,..,..,..,..,..,..,..,..,..,..,..,..,..,..,..,..,..,..,..,28146,..,..,28244,28244,28238,28238,28238,28238,28238,28238,28238,28238,28238,28238,..,..,..,..
Mango Piko,..REGION VII (CENTRAL VISAYAS),..,..,34204,..,..,34204,34204,..,..,34208,..,..,34208,34208,..,..,34201,..,..,34198,34208,..,..,34198,..,..,34179,34198,..,..,34174,..,..,34172,34177,..,..,34168,..,..,34168,34168,..,..,34154,..,..,34154,34154,..,..,34057,..,..,34057,34057,..,..,34020,..,..,34020,34020,..,..,34020,..,..,34000,34020,..,..,34000,..,..,34005,34005,..,..,33965,..,..,33115,33965,..,..,31670,..,..,31670,31670,..,..,31655,..,..,31881,32036,..,..,816,..,..,816,816,816,816,816,816,816,816,816,816,836,836,..,..,..,..
Mango Piko,..REGION VIII (EASTERN VISAYAS),..,..,5865,..,..,5875,5875,..,..,5870,..,..,5876,5894,..,..,5843,..,..,5700,5862,..,..,5753,..,..,4250,5753,..,..,4224,..,..,4124,4224,..,..,4162,..,..,4151,4163,..,..,4123,..,..,4158,4173,..,..,4113,..,..,4108,4113,..,..,4055,..,..,4021,4058,..,..,3948,..,..,3934,3948,..,..,4027,..,..,3994,4027,..,..,3928,..,..,2605,3953,..,..,2595,..,..,2539,2599,..,..,2643,..,..,2574,2645,..,..,2278,..,..,2553,2603,2510,2510,2510,2528,2524,2528,2528,2524,2506,2524,..,..,..,..
Mango Piko,..REGION IX (ZAMBOANGA PENINSULA) 3/,..,..,30416,..,..,24412,30416,..,..,24232,..,..,23383,24283,..,..,20419,..,..,20489,20489,..,..,25089,..,..,25089,25089,..,..,22594,..,..,22594,22594,..,..,22758,..,..,22208,22758,..,..,23292,..,..,21388,23292,..,..,21388,..,..,21388,21388,..,..,21254,..,..,20923,21279,..,..,21279,..,..,20923,21279,..,..,21243,..,..,20783,21243,..,..,21106,..,..,21106,21106,..,..,21106,..,..,21105,21106,..,..,21105,..,..,21105,21105,..,..,5106,..,..,15106,15106,5106,6815,8194,7178,7178,7178,8557,7178,7178,7178,..,..,..,..
Mango Piko,..REGION X (NORTHERN MINDANAO),..,..,16452,..,..,16452,16452,..,..,16452,..,..,16452,16452,..,..,16135,..,..,16135,16135,..,..,15935,..,..,15935,15935,..,..,15735,..,..,15735,15735,..,..,16064,..,..,15935,16064,..,..,16180,..,..,16180,16180,..,..,16180,..,..,16100,16180,..,..,16202,..,..,16155,16207,..,..,16155,..,..,16155,16155,..,..,16151,..,..,16146,16155,..,..,16175,..,..,15944,16175,..,..,15944,..,..,15944,15944,..,..,15703,..,..,15889,15889,..,..,15889,..,..,15836,15889,15839,15839,15839,15839,15839,15839,15839,15839,15839,15839,..,..,..,..
Mango Piko,..REGION XI (DAVAO REGION),..,..,31167,..,..,31119,31219,..,..,29327,..,..,29142,29327,..,..,29319,..,..,28098,29319,..,..,28674,..,..,28388,28689,..,..,33152,..,..,33237,33237,..,..,32920,..,..,32500,32920,..,..,34806,..,..,34651,34806,..,..,35137,..,..,34698,35162,..,..,34946,..,..,34550,34948,..,..,34942,..,..,33960,34948,..,..,34916,..,..,33883,34938,..,..,33883,..,..,33881,33883,..,..,33883,..,..,33818,33883,..,..,33783,..,..,33812,33812,..,..,33791,..,..,33498,33802,33498,33448,37992,33448,33376,33448,37992,33376,33376,33376,..,..,..,..
Mango Piko,..REGION XII (SOCCSKSARGEN),..,..,88770,..,..,89486,89556,..,..,89365,..,..,85615,89365,..,..,89915,..,..,89915,89915,..,..,89979,..,..,87185,90185,..,..,89092,..,..,89092,89092,..,..,87202,..,..,87202,87202,..,..,87150,..,..,87050,87150,..,..,86667,..,..,86925,86941,..,..,86905,..,..,87927,87927,..,..,87927,..,..,88109,88159,..,..,88104,..,..,84712,88112,..,..,80074,..,..,80408,80408,..,..,77399,..,..,74389,77399,..,..,74389,..,..,75229,75229,..,..,74732,..,..,75212,75212,75212,75231,75231,76516,76506,76516,76560,76466,76476,76476,..,..,..,..
Mango Piko,..REGION XIII (CARAGA),..,..,0,..,..,0,0,..,..,0,..,..,0,0,..,..,0,..,..,0,0,..,..,0,..,..,0,0,..,..,0,..,..,0,0,..,..,0,..,..,0,0,..,..,0,..,..,0,0,..,..,0,..,..,0,0,..,..,0,..,..,0,0,..,..,0,..,..,0,0,..,..,0,..,..,0,0,..,..,0,..,..,0,0,..,..,0,..,..,0,0,..,..,0,..,..,38,38,..,..,0,..,..,121,121,121,121,121,124,124,124,124,123,123,123,..,..,..,..
Mango Piko,..BANGSAMORO AUTONOMOUS REGION IN MUSLIM MINDANAO (BARMM) 1/,..,..,2355,..,..,2355,2355,..,..,2355,..,..,2355,2355,..,..,2355,..,..,2355,2355,..,..,2245,..,..,2370,2370,..,..,3663,..,..,3663,3663,..,..,4055,..,..,4055,4055,..,..,4060,..,..,4073,4075,..,..,4060,..,..,4073,4075,..,..,4154,..,..,4073,4154,..,..,4154,..,..,4073,4154,..,..,4154,..,..,4063,4154,..,..,4073,..,..,4063,4073,..,..,4073,..,..,4073,4073,..,..,4073,..,..,4073,4073,..,..,4104,..,..,4158,4213,4158,5488,5488,5378,36426,36426,36426,36426,36426,36426,..,..,..,..
Mango Indian,PHILIPPINES,..,..,1610602,..,..,1590570,1617749,..,..,1599743,..,..,1567607,1606683,..,..,1599186,..,..,1584378,1618033,..,..,1638698,..,..,1616739,1642113,..,..,1645179,..,..,1630238,1647739,..,..,1727936,..,..,1711956,1728646,..,..,1713598,..,..,1705916,1716161,..,..,1696453,..,..,1697122,1699884,..,..,1705252,..,..,1690526,1709734,..,..,1704125,..,..,1688847,1705320,..,..,1707590,..,..,1691847,1708528,..,..,0,..,..,0,0,..,..,0,..,..,0,0,..,..,0,..,..,520026,520026,..,..,608450,..,..,588300,623992,592896,605526,605536,610662,608787,610759,610761,607104,610519,610709,..,..,..,..
Mango Indian,..CORDILLERA ADMINISTRATIVE REGION (CAR),..,..,0,..,..,0,0,..,..,0,..,..,0,0,..,..,0,..,..,0,0,..,..,0,..,..,0,0,..,..,0,..,..,0,0,..,..,0,..,..,0,0,..,..,0,..,..,0,0,..,..,0,..,..,0,0,..,..,0,..,..,0,0,..,..,0,..,..,0,0,..,..,0,..,..,0,0,..,..,0,..,..,0,0,..,..,0,..,..,0,0,..,..,0,..,..,3627,3627,..,..,3416,..,..,3545,4241,3109,9061,9061,9061,9061,9061,9061,8781,9061,9061,..,..,..,..
Mango Indian,..REGION I (ILOCOS REGION),..,..,0,..,..,0,0,..,..,0,..,..,0,0,..,..,0,..,..,0,0,..,..,0,..,..,0,0,..,..,0,..,..,0,0,..,..,0,..,..,0,0,..,..,0,..,..,0,0,..,..,0,..,..,0,0,..,..,0,..,..,0,0,..,..,0,..,..,0,0,..,..,0,..,..,0,0,..,..,0,..,..,0,0,..,..,0,..,..,0,0,..,..,0,..,..,24668,24668,..,..,28702,..,..,28702,28702,27732,28502,28502,28502,28502,28502,28502,27187,29285,29285,..,..,..,..
Mango Indian,..REGION II (CAGAYAN VALLEY),..,..,0,..,..,0,0,..,..,0,..,..,0,0,..,..,0,..,..,0,0,..,..,0,..,..,0,0,..,..,0,..,..,0,0,..,..,0,..,..,0,0,..,..,0,..,..,0,0,..,..,0,..,..,0,0,..,..,0,..,..,0,0,..,..,0,..,..,0,0,..,..,0,..,..,0,0,..,..,0,..,..,0,0,..,..,0,..,..,0,0,..,..,0,..,..,295152,295152,..,..,295152,..,..,295161,295161,294671,294671,294671,294671,293686,294671,294671,293686,293686,293686,..,..,..,..
Mango Indian,..REGION III (CENTRAL LUZON),..,..,0,..,..,0,0,..,..,0,..,..,0,0,..,..,0,..,..,0,0,..,..,0,..,..,0,0,..,..,0,..,..,0,0,..,..,0,..,..,0,0,..,..,0,..,..,0,0,..,..,0,..,..,0,0,..,..,0,..,..,0,0,..,..,0,..,..,0,0,..,..,0,..,..,0,0,..,..,0,..,..,0,0,..,..,0,..,..,0,0,..,..,0,..,..,25719,25719,..,..,44963,..,..,42349,45756,44808,44845,44845,44845,44845,44845,44845,44845,45394,45394,..,..,..,..
Mango Indian,..REGION IV-A (CALABARZON),..,..,0,..,..,0,0,..,..,0,..,..,0,0,..,..,0,..,..,0,0,..,..,0,..,..,0,0,..,..,0,..,..,0,0,..,..,0,..,..,0,0,..,..,0,..,..,0,0,..,..,0,..,..,0,0,..,..,0,..,..,0,0,..,..,0,..,..,0,0,..,..,0,..,..,0,0,..,..,0,..,..,0,0,..,..,0,..,..,0,0,..,..,0,..,..,64335,64335,..,..,70699,..,..,65816,70699,70699,70699,70699,71299,71299,71299,71299,71299,71299,71299,..,..,..,..
Mango Indian,..MIMAROPA REGION,..,..,0,..,..,0,0,..,..,0,..,..,0,0,..,..,0,..,..,0,0,..,..,0,..,..,0,0,..,..,0,..,..,0,0,..,..,0,..,..,0,0,..,..,0,..,..,0,0,..,..,0,..,..,0,0,..,..,0,..,..,0,0,..,..,0,..,..,0,0,..,..,0,..,..,0,0,..,..,0,..,..,0,0,..,..,0,..,..,0,0,..,..,0,..,..,15221,15221,..,..,37148,..,..,32542,37148,37325,37325,37325,37325,37315,37325,37325,37113,37113,37113,..,..,..,..
Mango Indian,..REGION V (BICOL REGION),..,..,0,..,..,0,0,..,..,0,..,..,0,0,..,..,0,..,..,0,0,..,..,0,..,..,0,0,..,..,0,..,..,0,0,..,..,0,..,..,0,0,..,..,0,..,..,0,0,..,..,0,..,..,0,0,..,..,0,..,..,0,0,..,..,0,..,..,0,0,..,..,0,..,..,0,0,..,..,0,..,..,0,0,..,..,0,..,..,0,0,..,..,0,..,..,49391,49391,..,..,39106,..,..,35666,39906,35036,35036,35036,38413,38363,38413,38415,38363,38363,38363,..,..,..,..
Mango Indian,..REGION VI (WESTERN VISAYAS),..,..,0,..,..,0,0,..,..,0,..,..,0,0,..,..,0,..,..,0,0,..,..,0,..,..,0,0,..,..,0,..,..,0,0,..,..,0,..,..,0,0,..,..,0,..,..,0,0,..,..,0,..,..,0,0,..,..,0,..,..,0,0,..,..,0,..,..,0,0,..,..,0,..,..,0,0,..,..,0,..,..,0,0,..,..,0,..,..,0,0,..,..,0,..,..,22271,22271,..,..,29909,..,..,17927,29939,20166,20216,20216,20216,20216,20216,20216,20356,20406,20406,..,..,..,..
Mango Indian,..NEGROS ISLAND REGION (NIR) 2/,..,..,..,..,..,..,..,..,..,..,..,..,..,..,..,..,..,..,..,..,..,..,..,..,..,..,..,..,..,..,..,..,..,..,..,..,..,..,..,..,..,..,..,..,..,..,..,..,..,..,..,..,..,..,..,..,..,..,..,..,..,..,..,..,..,..,..,..,..,..,..,..,..,..,..,..,..,..,..,..,..,..,..,..,..,..,..,..,..,..,..,..,..,..,..,..,..,..,..,..,31772,..,..,29634,31772,29634,29672,29672,29672,29672,29672,29672,29672,30153,30153,..,..,..,..
Mango Indian,..REGION VII (CENTRAL VISAYAS),..,..,0,..,..,0,0,..,..,0,..,..,0,0,..,..,0,..,..,0,0,..,..,0,..,..,0,0,..,..,0,..,..,0,0,..,..,0,..,..,0,0,..,..,0,..,..,0,0,..,..,0,..,..,0,0,..,..,0,..,..,0,0,..,..,0,..,..,0,0,..,..,0,..,..,0,0,..,..,0,..,..,0,0,..,..,0,..,..,0,0,..,..,0,..,..,5082,5082,..,..,4257,..,..,4440,4440,4440,4440,4440,4440,4033,4440,4440,4033,4135,4135,..,..,..,..
Mango Indian,..REGION VIII (EASTERN VISAYAS),..,..,0,..,..,0,0,..,..,0,..,..,0,0,..,..,0,..,..,0,0,..,..,0,..,..,0,0,..,..,0,..,..,0,0,..,..,0,..,..,0,0,..,..,0,..,..,0,0,..,..,0,..,..,0,0,..,..,0,..,..,0,0,..,..,0,..,..,0,0,..,..,0,..,..,0,0,..,..,0,..,..,0,0,..,..,0,..,..,0,0,..,..,0,..,..,2549,2549,..,..,6078,..,..,7243,7243,7243,7243,7243,7243,7223,7243,7243,7238,7283,7283,..,..,..,..
Mango Indian,..REGION IX (ZAMBOANGA PENINSULA) 3/,..,..,0,..,..,0,0,..,..,0,..,..,0,0,..,..,0,..,..,0,0,..,..,0,..,..,0,0,..,..,0,..,..,0,0,..,..,0,..,..,0,0,..,..,0,..,..,0,0,..,..,0,..,..,0,0,..,..,0,..,..,0,0,..,..,0,..,..,0,0,..,..,0,..,..,0,0,..,..,0,..,..,0,0,..,..,0,..,..,0,0,..,..,0,..,..,3910,3910,..,..,5851,..,..,16851,16851,5851,11441,11441,11507,11507,11507,11507,11770,11770,11770,..,..,..,..
Mango Indian,..REGION X (NORTHERN MINDANAO),..,..,0,..,..,0,0,..,..,0,..,..,0,0,..,..,0,..,..,0,0,..,..,0,..,..,0,0,..,..,0,..,..,0,0,..,..,0,..,..,0,0,..,..,0,..,..,0,0,..,..,0,..,..,0,0,..,..,0,..,..,0,0,..,..,0,..,..,0,0,..,..,0,..,..,0,0,..,..,0,..,..,0,0,..,..,0,..,..,0,0,..,..,0,..,..,7499,7499,..,..,6820,..,..,7115,7283,7135,7135,7135,7135,6635,7135,7135,6635,6635,6635,..,..,..,..
Mango Indian,..REGION XI (DAVAO REGION),..,..,0,..,..,0,0,..,..,0,..,..,0,0,..,..,0,..,..,0,0,..,..,0,..,..,0,0,..,..,0,..,..,0,0,..,..,0,..,..,0,0,..,..,0,..,..,0,0,..,..,0,..,..,0,0,..,..,0,..,..,0,0,..,..,0,..,..,0,0,..,..,0,..,..,0,0,..,..,0,..,..,0,0,..,..,0,..,..,0,0,..,..,0,..,..,0,0,..,..,0,..,..,0,0,0,0,0,0,0,0,0,0,0,0,..,..,..,..
Mango Indian,..REGION XII (SOCCSKSARGEN),..,..,0,..,..,0,0,..,..,0,..,..,0,0,..,..,0,..,..,0,0,..,..,0,..,..,0,0,..,..,0,..,..,0,0,..,..,0,..,..,0,0,..,..,0,..,..,0,0,..,..,0,..,..,0,0,..,..,0,..,..,0,0,..,..,0,..,..,0,0,..,..,0,..,..,0,0,..,..,0,..,..,0,0,..,..,0,..,..,0,0,..,..,0,..,..,80,80,..,..,80,..,..,265,265,265,453,453,453,550,550,550,550,550,550,..,..,..,..
Mango Indian,..REGION XIII (CARAGA),..,..,0,..,..,0,0,..,..,0,..,..,0,0,..,..,0,..,..,0,0,..,..,0,..,..,0,0,..,..,0,..,..,0,0,..,..,0,..,..,0,0,..,..,0,..,..,0,0,..,..,0,..,..,0,0,..,..,0,..,..,0,0,..,..,0,..,..,0,0,..,..,0,..,..,0,0,..,..,0,..,..,0,0,..,..,0,..,..,0,0,..,..,0,..,..,31,31,..,..,416,..,..,453,453,648,638,648,861,861,861,861,860,670,860,..,..,..,..
Mango Indian,..BANGSAMORO AUTONOMOUS REGION IN MUSLIM MINDANAO (BARMM) 1/,..,..,0,..,..,0,0,..,..,0,..,..,0,0,..,..,0,..,..,0,0,..,..,0,..,..,0,0,..,..,0,..,..,0,0,..,..,0,..,..,0,0,..,..,0,..,..,0,0,..,..,0,..,..,0,0,..,..,0,..,..,0,0,..,..,0,..,..,0,0,..,..,0,..,..,0,0,..,..,0,..,..,0,0,..,..,0,..,..,0,0,..,..,0,..,..,491,491,..,..,4081,..,..,591,4133,4134,4149,4149,5019,5019,5019,5019,4716,4716,4716,..,..,..,..
Mango Others,PHILIPPINES,..,..,1610602,..,..,1590570,1617749,..,..,1599743,..,..,1567607,1606683,..,..,1599186,..,..,1584378,1618033,..,..,1638698,..,..,1616739,1642113,..,..,1645179,..,..,1630238,1647739,..,..,1727936,..,..,1711956,1728646,..,..,1713598,..,..,1705916,1716161,..,..,1696453,..,..,1697122,1699884,..,..,1705252,..,..,1690526,1709734,..,..,1704125,..,..,1688847,1705320,..,..,1707590,..,..,1691847,1708528,..,..,1691583,..,..,1691731,1700868,..,..,1673597,..,..,1680460,1685849,..,..,1660823,..,..,1205866,1661378,..,..,1113683,..,..,1127020,1131203,1086212,1107373,1137960,1107681,1101345,1108766,1138404,1099199,1098682,1099322,..,..,..,..
Mango Others,..CORDILLERA ADMINISTRATIVE REGION (CAR),..,..,3389,..,..,3411,3411,..,..,4395,..,..,4405,4405,..,..,4500,..,..,4500,4500,..,..,5057,..,..,4656,5062,..,..,5304,..,..,4913,5309,..,..,5328,..,..,5433,5458,..,..,6218,..,..,5188,6218,..,..,5273,..,..,5273,5273,..,..,5478,..,..,5227,5478,..,..,5253,..,..,5228,5253,..,..,5304,..,..,5308,5308,..,..,5328,..,..,5438,5458,..,..,5389,..,..,5318,5389,..,..,5335,..,..,5348,5349,..,..,5865,..,..,5215,5865,5079,3412,6450,3412,3412,3412,6450,3412,2822,3412,..,..,..,..
Mango Others,..REGION I (ILOCOS REGION),..,..,223776,..,..,222601,223776,..,..,222601,..,..,222601,222601,..,..,222672,..,..,222672,222672,..,..,220912,..,..,220912,220912,..,..,220890,..,..,217055,220890,..,..,219930,..,..,216877,219930,..,..,216877,..,..,215698,216877,..,..,215762,..,..,215819,215819,..,..,214689,..,..,209666,215064,..,..,212121,..,..,211455,212121,..,..,211455,..,..,211455,211455,..,..,210484,..,..,210235,210484,..,..,208519,..,..,208519,208519,..,..,208469,..,..,179053,208469,..,..,179742,..,..,179702,179742,177161,178709,179302,178709,173093,178709,179302,172829,172829,172829,..,..,..,..
Mango Others,..REGION II (CAGAYAN VALLEY),..,..,371273,..,..,363273,371273,..,..,363542,..,..,361542,363542,..,..,364282,..,..,364682,364682,..,..,364840,..,..,363757,364840,..,..,362574,..,..,362574,362574,..,..,363909,..,..,363904,363909,..,..,361626,..,..,357166,361626,..,..,352304,..,..,354299,354304,..,..,354435,..,..,353620,354435,..,..,352279,..,..,352879,352879,..,..,353966,..,..,353976,353976,..,..,353852,..,..,353936,354187,..,..,352823,..,..,352823,352823,..,..,352397,..,..,58385,352494,..,..,58942,..,..,58942,58942,58721,58721,58721,58721,58577,58721,58721,58585,58585,58585,..,..,..,..
Mango Others,..REGION III (CENTRAL LUZON),..,..,233451,..,..,219631,233701,..,..,233431,..,..,220371,233466,..,..,237484,..,..,225106,237686,..,..,246518,..,..,232052,246598,..,..,256045,..,..,246290,256140,..,..,256610,..,..,255237,256695,..,..,256570,..,..,255205,256655,..,..,256570,..,..,256675,256675,..,..,256590,..,..,256590,256590,..,..,256654,..,..,256606,256670,..,..,257536,..,..,256640,257542,..,..,256614,..,..,256539,256639,..,..,256466,..,..,256545,256545,..,..,244513,..,..,222272,244513,..,..,221496,..,..,221887,222273,221887,220235,221888,220235,221111,221111,221888,221110,221110,221110,..,..,..,..
Mango Others,..REGION IV-A (CALABARZON),..,..,94056,..,..,94170,94170,..,..,94186,..,..,78250,94300,..,..,81636,..,..,72450,81750,..,..,79636,..,..,79750,79750,..,..,80036,..,..,77380,80150,..,..,80394,..,..,72594,80394,..,..,80067,..,..,80067,80067,..,..,72544,..,..,72684,72684,..,..,69784,..,..,69784,69784,..,..,70824,..,..,69824,70824,..,..,69824,..,..,69654,69824,..,..,69474,..,..,69474,69474,..,..,69480,..,..,69480,69480,..,..,69650,..,..,5569,69650,..,..,2108,..,..,2108,2108,2108,2113,2113,2113,2113,2113,2113,2113,2113,2113,..,..,..,..
Mango Others,..MIMAROPA REGION,..,..,77402,..,..,77018,77698,..,..,76522,..,..,75629,76747,..,..,75720,..,..,74754,75942,..,..,74832,..,..,74175,74847,..,..,73283,..,..,73288,73288,..,..,69881,..,..,68052,70231,..,..,59183,..,..,60073,60073,..,..,58209,..,..,58349,58627,..,..,57408,..,..,57848,57848,..,..,54367,..,..,54491,54601,..,..,54060,..,..,53067,54110,..,..,53248,..,..,47923,54173,..,..,47835,..,..,47807,47923,..,..,47835,..,..,44803,47835,..,..,26827,..,..,26780,26827,28382,28382,28382,28382,28378,28382,28382,28150,28150,28150,..,..,..,..
Mango Others,..REGION V (BICOL REGION),..,..,50704,..,..,49925,51457,..,..,50534,..,..,50136,51287,..,..,50747,..,..,50471,51429,..,..,50989,..,..,52909,53069,..,..,51529,..,..,52993,53457,..,..,53811,..,..,53563,53854,..,..,53728,..,..,53583,53901,..,..,53910,..,..,53964,53964,..,..,54094,..,..,54100,54100,..,..,54892,..,..,53460,54892,..,..,54049,..,..,53340,54185,..,..,53937,..,..,53318,54073,..,..,53780,..,..,51924,53780,..,..,51924,..,..,30763,51927,..,..,3016,..,..,2678,3019,1933,1933,1933,1933,1921,1933,1933,1921,1921,1921,..,..,..,..
Mango Others,..REGION VI (WESTERN VISAYAS),..,..,45639,..,..,45598,45639,..,..,47227,..,..,44456,47327,..,..,45651,..,..,44258,45651,..,..,44680,..,..,42642,44680,..,..,42792,..,..,43092,43092,..,..,44192,..,..,44267,44267,..,..,44244,..,..,44344,44344,..,..,44794,..,..,44794,44794,..,..,44744,..,..,44956,44956,..,..,45999,..,..,45950,45999,..,..,46093,..,..,46093,46093,..,..,45993,..,..,45789,46003,..,..,45789,..,..,45903,45929,..,..,46491,..,..,25781,46491,..,..,1872,..,..,14764,14764,14851,14871,14871,14871,14871,14871,14871,14871,14821,14871,..,..,..,..
Mango Others,..NEGROS ISLAND REGION (NIR) 2/,..,..,..,..,..,..,..,..,..,..,..,..,..,..,..,..,..,..,..,..,..,..,..,..,..,..,..,..,..,..,..,..,..,..,..,..,..,..,..,..,..,..,..,..,..,..,..,..,..,..,..,..,..,..,..,..,..,..,..,..,..,..,..,..,..,..,..,..,..,..,..,..,..,..,..,..,..,..,..,..,..,..,..,..,..,..,..,..,..,..,..,..,..,..,..,..,..,..,..,..,29502,..,..,31810,31810,6610,6610,6610,6610,6610,6610,6610,6610,6610,6610,..,..,..,..
Mango Others,..REGION VII (CENTRAL VISAYAS),..,..,60892,..,..,60895,60895,..,..,60888,..,..,60831,60891,..,..,62709,..,..,62391,62809,..,..,62761,..,..,61809,62761,..,..,61804,..,..,61792,61804,..,..,61783,..,..,61639,61783,..,..,61639,..,..,62939,62939,..,..,62853,..,..,62853,62853,..,..,62853,..,..,62844,62853,..,..,62864,..,..,62844,62864,..,..,62864,..,..,62614,62874,..,..,62634,..,..,62395,62634,..,..,59239,..,..,59239,59239,..,..,59148,..,..,58961,59239,..,..,27408,..,..,27408,27408,27408,27408,27408,27408,27408,27408,27408,27408,27481,27481,..,..,..,..
Mango Others,..REGION VIII (EASTERN VISAYAS),..,..,5231,..,..,5236,5236,..,..,5276,..,..,5260,5282,..,..,5344,..,..,5358,5358,..,..,5416,..,..,4688,5416,..,..,4311,..,..,4168,4311,..,..,4176,..,..,4170,4178,..,..,4356,..,..,4314,4356,..,..,4400,..,..,4572,4575,..,..,4582,..,..,4597,4607,..,..,4637,..,..,4646,4667,..,..,4837,..,..,4812,4877,..,..,5007,..,..,4275,5009,..,..,4460,..,..,4209,4474,..,..,4569,..,..,4168,4577,..,..,2285,..,..,3236,3397,2122,2122,2122,2128,2068,2128,2128,2111,2111,2111,..,..,..,..
Mango Others,..REGION IX (ZAMBOANGA PENINSULA) 3/,..,..,161675,..,..,161545,161695,..,..,166425,..,..,166177,166457,..,..,165877,..,..,166470,166490,..,..,165970,..,..,165975,165975,..,..,168798,..,..,168798,168798,..,..,190832,..,..,190732,190832,..,..,190932,..,..,189644,190932,..,..,189644,..,..,190053,190053,..,..,190085,..,..,193070,193162,..,..,193162,..,..,193289,193385,..,..,193377,..,..,193307,193585,..,..,193576,..,..,199576,199576,..,..,193576,..,..,199677,199677,..,..,202858,..,..,202858,202858,..,..,185769,..,..,185760,185969,182960,177875,186257,177874,177874,177874,186257,219874,219874,219874,..,..,..,..
Mango Others,..REGION X (NORTHERN MINDANAO),..,..,41842,..,..,40802,41842,..,..,40842,..,..,40842,40842,..,..,42465,..,..,42465,42465,..,..,43296,..,..,43265,43296,..,..,43207,..,..,43176,43207,..,..,44611,..,..,44090,44611,..,..,44810,..,..,44760,44810,..,..,44720,..,..,44620,44720,..,..,45035,..,..,44935,45035,..,..,45465,..,..,45465,45465,..,..,45649,..,..,45726,45736,..,..,45724,..,..,45491,45811,..,..,45481,..,..,44465,45481,..,..,44465,..,..,44605,44605,..,..,44605,..,..,43676,44605,44211,44211,44211,44211,44211,44211,44211,44211,44211,44211,..,..,..,..
Mango Others,..REGION XI (DAVAO REGION),..,..,57357,..,..,57331,57431,..,..,53277,..,..,52795,53284,..,..,49639,..,..,45311,49639,..,..,46694,..,..,45406,46876,..,..,45718,..,..,45806,45806,..,..,44242,..,..,44146,44247,..,..,45594,..,..,45466,45594,..,..,45773,..,..,45323,45781,..,..,45421,..,..,45199,45427,..,..,45315,..,..,45063,45325,..,..,47956,..,..,48128,48343,..,..,48128,..,..,48131,48131,..,..,48126,..,..,48102,48126,..,..,48138,..,..,48102,48138,..,..,48009,..,..,47515,48009,47515,47515,64362,47515,47515,47515,64362,47492,47492,47492,..,..,..,..
Mango Others,..REGION XII (SOCCSKSARGEN),..,..,51490,..,..,51474,51690,..,..,51287,..,..,49642,51542,..,..,51220,..,..,48870,51320,..,..,49026,..,..,47026,49026,..,..,47275,..,..,47275,47275,..,..,47009,..,..,46004,47009,..,..,45529,..,..,45529,45529,..,..,45667,..,..,45585,45703,..,..,45745,..,..,45921,46066,..,..,45921,..,..,45983,45983,..,..,46078,..,..,45578,46078,..,..,45185,..,..,45216,45216,..,..,44594,..,..,42594,44594,..,..,42604,..,..,42606,42606,..,..,42596,..,..,42591,42596,32586,42507,42581,42872,41411,42991,42991,39701,39711,39711,..,..,..,..
Mango Others,..REGION XIII (CARAGA),..,..,41950,..,..,41835,41960,..,..,38885,..,..,38885,38885,..,..,43435,..,..,59835,59835,..,..,82275,..,..,82187,82375,..,..,82187,..,..,82212,82212,..,..,82152,..,..,82152,82152,..,..,82749,..,..,82749,82749,..,..,83064,..,..,83073,83073,..,..,82988,..,..,82988,82988,..,..,82988,..,..,82988,82988,..,..,83188,..,..,82988,83188,..,..,83238,..,..,83238,83238,..,..,77879,..,..,83099,83099,..,..,83099,..,..,83099,83099,..,..,83099,..,..,83099,83099,82829,83124,83124,83124,83124,83124,83124,83123,83143,83143,..,..,..,..
Mango Others,..BANGSAMORO AUTONOMOUS REGION IN MUSLIM MINDANAO (BARMM) 1/,..,..,90476,..,..,95826,95876,..,..,90426,..,..,95786,95826,..,..,95806,..,..,94786,95806,..,..,95796,..,..,95530,96630,..,..,99426,..,..,99426,99426,..,..,159076,..,..,159096,159096,..,..,159476,..,..,159191,159491,..,..,160966,..,..,159186,160986,..,..,171321,..,..,159181,171341,..,..,171384,..,..,158676,171404,..,..,171354,..,..,159161,171354,..,..,159161,..,..,160757,160762,..,..,160161,..,..,160756,160771,..,..,149328,..,..,149493,149528,..,..,150542,..,..,149849,150770,149849,167625,167625,167563,167648,167653,167653,125678,125698,125698,..,..,..,..
