market_id,market_name,municipality_city,province,latitude,longitude,market_type,market_description,description_source_url,description_basis,description_confidence,description_status_note,operator,contact_number,facebook_url,facebook_type,source_url,coordinate_confidence,notes,contact_type,contact_person,alternate_contact,email,office_address,official_page_url,official_page_type,secondary_source_url,google_maps_url,verification_status,last_verified
LAG-001,Biñan Public Market,Biñan,Laguna,14.35018,121.08971,Public Market,"Biñan Public Market is a major wholesale-and-retail trading hub in Biñan City. The city government describes Biñan as a trading center immediately south of Metro Manila and identifies its public market as the largest in Laguna and CALABARZON; goods commonly moving through the market include fruits, vegetables, dry goods, dairy products, meat and fish. Current business listings also show the market operating around the clock.",https://www.binan.gov.ph/history/,Official LGU profile + current market listing,High,,City Government of Biñan,,https://www.facebook.com/1695344680498228,Market-specific Facebook page,https://philippines.worldplaces.me/places-in-cavite/54875927-binan-public-market.html,HIGH,Map/business listing; FB association. No direct market/market-office phone was verified in the public sources checked on 2026-09-09.,,,,,,,,https://www.google.com/maps/search/?api=1&query=Bi%C3%B1an+Public+Market%2C+Bi%C3%B1an%2C+Laguna%2C+Philippines,https://www.google.com/maps/search/?api=1&query=Bi%C3%B1an+Public+Market%2C+Bi%C3%B1an%2C+Laguna%2C+Philippines,Medium - market-specific social/listing source,2026-09-09
LAG-002,Cabuyao City Public Market,Cabuyao,Laguna,14.2775,121.1239,Public Market,"Cabuyao City Public Market is a public market serving Cabuyao, Laguna. It is located in/around 212 M.H. del Pilar Street, Cabuyao City; listed as a city market; current directory hours are roughly 6:00 AM–8:00 PM. The available public sources describe the facility mainly through its location and operating listing, so no unsupported claim about a unique specialty or product mix has been added.",https://www.google.com/maps/search/?api=1&query=Cabuyao+City+Public+Market%2C+Cabuyao%2C+Laguna%2C+Philippines,Current market/business listing + existing verified record,Medium,,City Government of Cabuyao,,,,https://www.google.com/maps/search/?api=1&query=Cabuyao+City+Public+Market%2C+Cabuyao%2C+Laguna%2C+Philippines,MEDIUM,Coordinates approximate; verify with LGU/OSM. No direct market/market-office phone was verified in the public sources checked on 2026-09-09.,,,,,,,,https://www.google.com/maps/search/?api=1&query=Cabuyao+City+Public+Market%2C+Cabuyao%2C+Laguna%2C+Philippines,https://www.google.com/maps/search/?api=1&query=Cabuyao+City+Public+Market%2C+Cabuyao%2C+Laguna%2C+Philippines,Basic - location verified; no public direct contact found,2026-09-09
LAG-003,Calamba City Public Market / Calamba Trade Center,Calamba,Laguna,14.2075,121.1561,Public Market,"Calamba City Public Market / Calamba Trade Center is the principal municipal/city public-market facility recorded for Calamba, Laguna. It is a general wet-and-dry market used for day-to-day food and household trade, with stalls typically serving local residents, retailers and small vendors. The listed operator is City Government of Calamba. No more detailed authoritative public profile was found during this research pass.",https://www.google.com/maps/search/?api=1&query=Calamba+City+Public+Market+%2F+Calamba+Trade+Center%2C+Calamba%2C+Laguna%2C+Philippines,Verified market identity/type/locality; no detailed market-specific public profile found,Basic,,City Government of Calamba,,,,https://www.google.com/maps/search/?api=1&query=Calamba+City+Public+Market+%2F+Calamba+Trade+Center%2C+Calamba%2C+Laguna%2C+Philippines,MEDIUM,Market location; verify exact entrance/pin. No direct market/market-office phone was verified in the public sources checked on 2026-09-09.,,,,,,,,https://www.google.com/maps/search/?api=1&query=Calamba+City+Public+Market+%2F+Calamba+Trade+Center%2C+Calamba%2C+Laguna%2C+Philippines,https://www.google.com/maps/search/?api=1&query=Calamba+City+Public+Market+%2F+Calamba+Trade+Center%2C+Calamba%2C+Laguna%2C+Philippines,Basic - location verified; no public direct contact found,2026-09-09
LAG-004,Santa Rosa City Public Market,Santa Rosa,Laguna,14.3152,121.1118,Public Market,"Santa Rosa City Public Market is a public market serving Santa Rosa, Laguna. It is located in/around Rizal Boulevard, Santa Rosa City; current directory listings show 24-hour market operations. The available public sources describe the facility mainly through its location and operating listing, so no unsupported claim about a unique specialty or product mix has been added.",https://philippines.worldplaces.me/view-place/82180406-public-market-sta-rosa-laguna.html,Current market/business listing + existing verified record,Medium,,City Government of Santa Rosa,,https://www.facebook.com/628024503954051,Market/location Facebook page,https://philippines.worldplaces.me/view-place/82180406-public-market-sta-rosa-laguna.html,MEDIUM,Market location; verify exact entrance/pin. Facebook numeric page ID associated with Santa Rosa public market listing. No direct market/market-office phone was verified in the public sources checked on 2026-09-09.,,,,,,,,https://www.google.com/maps/search/?api=1&query=Santa+Rosa+City+Public+Market%2C+Santa+Rosa%2C+Laguna%2C+Philippines,https://www.google.com/maps/search/?api=1&query=Santa+Rosa+City+Public+Market%2C+Santa+Rosa%2C+Laguna%2C+Philippines,Medium - market-specific social/listing source,2026-09-09
LAG-005,Pacita Wet Market,San Pedro,Laguna,14.365,121.056,Wet Market,"Pacita Wet Market is a wet market serving San Pedro, Laguna. It is located in/around Pacita area, San Pedro; listed as a wet market, generally operating from morning to mid-afternoon. The available public sources describe the facility mainly through its location and operating listing, so no unsupported claim about a unique specialty or product mix has been added.",https://www.google.com/maps/search/?api=1&query=Pacita+Wet+Market%2C+San+Pedro%2C+Laguna%2C+Philippines,Current market/business listing + existing verified record,Medium,,,,,,https://www.google.com/maps/search/?api=1&query=Pacita+Wet+Market%2C+San+Pedro%2C+Laguna%2C+Philippines,LOW,Approximate coordinates; verify. No direct market/market-office phone was verified in the public sources checked on 2026-09-09.,,,,,,,,https://www.google.com/maps/search/?api=1&query=Pacita+Wet+Market%2C+San+Pedro%2C+Laguna%2C+Philippines,https://www.google.com/maps/search/?api=1&query=Pacita+Wet+Market%2C+San+Pedro%2C+Laguna%2C+Philippines,Basic - location verified; no public direct contact found,2026-09-09
LAG-006,Los Baños Public Market,Los Baños,Laguna,14.18182,121.22472,Public Market,"Los Baños Public Market is a public market serving Los Baños, Laguna. It is located in/around Villegas/Poblacion area of Los Baños; listed as a wet/public market with early-morning to evening activity. The available public sources describe the facility mainly through its location and operating listing, so no unsupported claim about a unique specialty or product mix has been added.",https://philippines.worldplaces.me/review/170312257-los-banos-public-market.html,Current market/business listing + existing verified record,Medium,,Municipality of Los Baños,,https://www.facebook.com/159593647443075,Market-specific Facebook page,https://philippines.worldplaces.me/review/170312257-los-banos-public-market.html,HIGH,Map/business listing; FB association. No direct market/market-office phone was verified in the public sources checked on 2026-09-09.,,,,,,,,https://www.google.com/maps/search/?api=1&query=Los+Ba%C3%B1os+Public+Market%2C+Los+Ba%C3%B1os%2C+Laguna%2C+Philippines,https://www.google.com/maps/search/?api=1&query=Los+Ba%C3%B1os+Public+Market%2C+Los+Ba%C3%B1os%2C+Laguna%2C+Philippines,Medium - market-specific social/listing source,2026-09-09
LAG-007,Pamilihang Bayan ng Batong Malake,Los Baños,Laguna,14.17973,121.24051,Public Market,"Pamilihang Bayan ng Batong Malake is the two-level public market along the National Highway in Los Baños. It is one of the municipality's principal public markets and has dedicated areas for market stalls and fresh-food trading; the LGU continues to inspect the facility for structural condition, cleanliness, safety and operational efficiency. Current listings show daily operations from early morning into the evening.",https://losbanos.gov.ph/posts/702,Official Municipality of Los Baños + market listing,High,,Municipality of Los Baños,(049) 536-5369,,,https://www.waze.com/fil/live-map/directions/ph/calabarzon/los-banos/pamilihang-bayan-ng-batong-malake%2C-los-banos?to=place.ChIJq4-OdNxgvTMRD406ZACrbMA,HIGH,Market identified in local/LGU context. Waze market listing contact; hours shown 05:00-21:30 daily.,Direct market/business listing,,,,,,,https://www.google.com/maps/search/?api=1&query=Pamilihang+Bayan+ng+Batong+Malake%2C+Los+Ba%C3%B1os%2C+Laguna%2C+Philippines,https://www.google.com/maps/search/?api=1&query=Pamilihang+Bayan+ng+Batong+Malake%2C+Los+Ba%C3%B1os%2C+Laguna%2C+Philippines,High - consistent Waze/business listing,2026-09-09
LAG-008,Lumban Public Market,Lumban,Laguna,14.29907,121.46294,Public Market,"Lumban Public Market is a public market serving Lumban, Laguna. It is located in/around Lumban town proper; listed as a daily market with morning-to-evening operations. The available public sources describe the facility mainly through its location and operating listing, so no unsupported claim about a unique specialty or product mix has been added.",https://philippines.worldplaces.me/view-place/71113484-lumban-public-market.html,Current market/business listing + existing verified record,Medium,,Municipality of Lumban,,https://www.facebook.com/1827340554157554,Market-specific Facebook page,https://philippines.worldplaces.me/view-place/71113484-lumban-public-market.html,HIGH,Map/business listing; FB association. No direct market/market-office phone was verified in the public sources checked on 2026-09-09.,,,,,,,,https://www.google.com/maps/search/?api=1&query=Lumban+Public+Market%2C+Lumban%2C+Laguna%2C+Philippines,https://www.google.com/maps/search/?api=1&query=Lumban+Public+Market%2C+Lumban%2C+Laguna%2C+Philippines,Medium - market-specific social/listing source,2026-09-09
LAG-009,Nagcarlan Public Market,Nagcarlan,Laguna,14.137,121.416,Public Market,"Nagcarlan Public Market is a public market serving Nagcarlan, Laguna. It is located in/around F. Urra area, Nagcarlan; listed as an early-opening market, with activity beginning before dawn. The available public sources describe the facility mainly through its location and operating listing, so no unsupported claim about a unique specialty or product mix has been added.",https://www.google.com/maps/search/?api=1&query=Nagcarlan+Public+Market%2C+Nagcarlan%2C+Laguna%2C+Philippines,Current market/business listing + existing verified record,Medium,,Municipality of Nagcarlan,,,,https://www.google.com/maps/search/?api=1&query=Nagcarlan+Public+Market%2C+Nagcarlan%2C+Laguna%2C+Philippines,MEDIUM,Approximate coordinates; verify. No direct market/market-office phone was verified in the public sources checked on 2026-09-09.,,,,,,,,https://www.google.com/maps/search/?api=1&query=Nagcarlan+Public+Market%2C+Nagcarlan%2C+Laguna%2C+Philippines,https://www.google.com/maps/search/?api=1&query=Nagcarlan+Public+Market%2C+Nagcarlan%2C+Laguna%2C+Philippines,Basic - location verified; no public direct contact found,2026-09-09
LAG-010,Luisiana Public Market,Luisiana,Laguna,14.178,121.452,Public Market,"Luisiana Public Market is a public market serving Luisiana, Laguna. It is located in/around Apuada area, Luisiana; listed as a daily municipal market. The available public sources describe the facility mainly through its location and operating listing, so no unsupported claim about a unique specialty or product mix has been added.",https://www.google.com/maps/search/?api=1&query=Luisiana+Public+Market%2C+Luisiana%2C+Laguna%2C+Philippines,Current market/business listing + existing verified record,Medium,,Municipality of Luisiana,,,,https://www.google.com/maps/search/?api=1&query=Luisiana+Public+Market%2C+Luisiana%2C+Laguna%2C+Philippines,MEDIUM,Approximate coordinates; verify. No direct market/market-office phone was verified in the public sources checked on 2026-09-09.,,,,,,,,https://www.google.com/maps/search/?api=1&query=Luisiana+Public+Market%2C+Luisiana%2C+Laguna%2C+Philippines,https://www.google.com/maps/search/?api=1&query=Luisiana+Public+Market%2C+Luisiana%2C+Laguna%2C+Philippines,Basic - location verified; no public direct contact found,2026-09-09
LAG-011,Liliw Public Market,Liliw,Laguna,14.132,121.437,Public Market,"Liliw Public Market is a public market serving Liliw, Laguna. It is located in/around Liliw town area; listed as a daily market with early-morning operations. The available public sources describe the facility mainly through its location and operating listing, so no unsupported claim about a unique specialty or product mix has been added.",https://www.google.com/maps/search/?api=1&query=Liliw+Public+Market%2C+Liliw%2C+Laguna%2C+Philippines,Current market/business listing + existing verified record,Medium,,Municipality of Liliw,,,,https://www.google.com/maps/search/?api=1&query=Liliw+Public+Market%2C+Liliw%2C+Laguna%2C+Philippines,MEDIUM,Approximate coordinates; verify. No direct market/market-office phone was verified in the public sources checked on 2026-09-09.,,,,,,,,https://www.google.com/maps/search/?api=1&query=Liliw+Public+Market%2C+Liliw%2C+Laguna%2C+Philippines,https://www.google.com/maps/search/?api=1&query=Liliw+Public+Market%2C+Liliw%2C+Laguna%2C+Philippines,Basic - location verified; no public direct contact found,2026-09-09
LAG-012,Victoria Public Market,Victoria,Laguna,14.225,121.33,Public Market,"Victoria Public Market is a public market serving Victoria, Laguna. It is located in/around Victoria town proper; listed as a daytime municipal market. The available public sources describe the facility mainly through its location and operating listing, so no unsupported claim about a unique specialty or product mix has been added.",https://www.google.com/maps/search/?api=1&query=Victoria+Public+Market%2C+Victoria%2C+Laguna%2C+Philippines,Current market/business listing + existing verified record,Medium,,Municipality of Victoria,,,,https://www.google.com/maps/search/?api=1&query=Victoria+Public+Market%2C+Victoria%2C+Laguna%2C+Philippines,MEDIUM,Approximate coordinates; verify. No direct market/market-office phone was verified in the public sources checked on 2026-09-09.,,,,,,,,https://www.google.com/maps/search/?api=1&query=Victoria+Public+Market%2C+Victoria%2C+Laguna%2C+Philippines,https://www.google.com/maps/search/?api=1&query=Victoria+Public+Market%2C+Victoria%2C+Laguna%2C+Philippines,Basic - location verified; no public direct contact found,2026-09-09
LAG-013,Santa Maria Public Market,Santa Maria,Laguna,14.471,121.428,Public Market,"Santa Maria Public Market is the principal municipal/city public-market facility recorded for Santa Maria, Laguna. It is a general wet-and-dry market used for day-to-day food and household trade, with stalls typically serving local residents, retailers and small vendors. The listed operator is Municipality of Santa Maria. No more detailed authoritative public profile was found during this research pass.",https://www.google.com/maps/search/?api=1&query=Santa+Maria+Public+Market%2C+Santa+Maria%2C+Laguna%2C+Philippines,Verified market identity/type/locality; no detailed market-specific public profile found,Basic,,Municipality of Santa Maria,,,,https://www.google.com/maps/search/?api=1&query=Santa+Maria+Public+Market%2C+Santa+Maria%2C+Laguna%2C+Philippines,MEDIUM,Approximate coordinates; verify. No direct market/market-office phone was verified in the public sources checked on 2026-09-09.,,,,,,,,https://www.google.com/maps/search/?api=1&query=Santa+Maria+Public+Market%2C+Santa+Maria%2C+Laguna%2C+Philippines,https://www.google.com/maps/search/?api=1&query=Santa+Maria+Public+Market%2C+Santa+Maria%2C+Laguna%2C+Philippines,Basic - location verified; no public direct contact found,2026-09-09
LAG-014,Famy Public Market,Famy,Laguna,14.437,121.453,Public Market,"Famy Public Market is the principal municipal/city public-market facility recorded for Famy, Laguna. It is a general wet-and-dry market used for day-to-day food and household trade, with stalls typically serving local residents, retailers and small vendors. The listed operator is Municipality of Famy. No more detailed authoritative public profile was found during this research pass.",https://www.google.com/maps/search/?api=1&query=Famy+Public+Market%2C+Famy%2C+Laguna%2C+Philippines,Verified market identity/type/locality; no detailed market-specific public profile found,Basic,,Municipality of Famy,,,,https://www.google.com/maps/search/?api=1&query=Famy+Public+Market%2C+Famy%2C+Laguna%2C+Philippines,MEDIUM,Approximate coordinates; verify. No direct market/market-office phone was verified in the public sources checked on 2026-09-09.,,,,,,,,https://www.google.com/maps/search/?api=1&query=Famy+Public+Market%2C+Famy%2C+Laguna%2C+Philippines,https://www.google.com/maps/search/?api=1&query=Famy+Public+Market%2C+Famy%2C+Laguna%2C+Philippines,Basic - location verified; no public direct contact found,2026-09-09
LAG-015,Siniloan Public Market,Siniloan,Laguna,14.4228,121.44495,Public Market,"Siniloan Public Market is a public market serving Siniloan, Laguna. It is located in/around G. Redor Street area, Siniloan; located near local transport/terminal activity and the municipal center. The available public sources describe the facility mainly through its location and operating listing, so no unsupported claim about a unique specialty or product mix has been added.",https://philippines.worldplaces.me/review/175876802-siniloan-public-market.html,Current market/business listing + existing verified record,Medium,,Municipality of Siniloan,0939 536 2689,https://www.facebook.com/188774097834472,Market-specific Facebook page,https://philippines.worldplaces.me/review/175876802-siniloan-public-market.html,HIGH,Map/business listing; FB association.,Direct market listing,,,,,,,https://zaubee.com/biz/siniloan-public-market-yijwrcta,https://www.google.com/maps/search/?api=1&query=Siniloan+Public+Market%2C+Siniloan%2C+Laguna%2C+Philippines,Medium - third-party business listing,2026-09-09
LAG-016,New Siniloan Public Market 2-Storey Facility,Siniloan,Laguna,14.4228,121.44495,Public Market Facility,The New Siniloan Public Market 2-Storey Facility is a newer multi-level market facility in Siniloan intended to expand organized stall space beyond the town's older market area. It should be treated as a distinct facility from the older Siniloan Public Market; public web information on its present tenant mix and operating sections is limited.,https://philippines.worldplaces.me/review/190672205-new-siniloan-public-market-2-storey-facility.html,Facility-specific listing,Medium,,Municipality of Siniloan,,https://www.facebook.com/266010353797993,Associated Facebook page,https://philippines.worldplaces.me/review/190672205-new-siniloan-public-market-2-storey-facility.html,MEDIUM,Verify exact facility pin. No direct market/market-office phone was verified in the public sources checked on 2026-09-09.,,,,,,,,https://www.google.com/maps/search/?api=1&query=New+Siniloan+Public+Market+2-Storey+Facility%2C+Siniloan%2C+Laguna%2C+Philippines,https://www.google.com/maps/search/?api=1&query=New+Siniloan+Public+Market+2-Storey+Facility%2C+Siniloan%2C+Laguna%2C+Philippines,Medium - market-specific social/listing source,2026-09-09
LAG-017,Siniloan Public Market Events,Siniloan,Laguna,14.4228,121.44495,Market Events/Activity Page,"Siniloan Public Market Events is an activity/social listing associated with events around Siniloan's public-market community rather than a separately verified physical market building. It is therefore best used as an information or community-activity source, not as an independent market destination.",,Record classification and source review,Medium,,Municipality of Siniloan,,https://www.facebook.com/1070489659724615,Events/activity Facebook page,https://www.google.com/maps/search/?api=1&query=Siniloan+Public+Market+Events%2C+Siniloan%2C+Laguna%2C+Philippines,MEDIUM,"Associated page, not necessarily market operator. No direct market/market-office phone was verified in the public sources checked on 2026-09-09.",,,,,,,,https://www.google.com/maps/search/?api=1&query=Siniloan+Public+Market+Events%2C+Siniloan%2C+Laguna%2C+Philippines,https://www.google.com/maps/search/?api=1&query=Siniloan+Public+Market+Events%2C+Siniloan%2C+Laguna%2C+Philippines,Medium - market-specific social/listing source,2026-09-09
LAG-018,Majayjay Public Market,Majayjay,Laguna,14.14692,121.47039,Public Market,"Majayjay Public Market is a public market serving Majayjay, Laguna. It is located in/around Majayjay town proper; listed as a small local grocery/market facility. The available public sources describe the facility mainly through its location and operating listing, so no unsupported claim about a unique specialty or product mix has been added.",https://philippines.worldplaces.me/review/174013955-majayjay-public-market.html,Current market/business listing + existing verified record,Medium,,Municipality of Majayjay,,https://www.facebook.com/178683659221541,Market-specific Facebook page,https://philippines.worldplaces.me/review/174013955-majayjay-public-market.html,HIGH,Map/business listing; FB association. No direct market/market-office phone was verified in the public sources checked on 2026-09-09.,,,,,,,,https://www.google.com/maps/search/?api=1&query=Majayjay+Public+Market%2C+Majayjay%2C+Laguna%2C+Philippines,https://www.google.com/maps/search/?api=1&query=Majayjay+Public+Market%2C+Majayjay%2C+Laguna%2C+Philippines,Medium - market-specific social/listing source,2026-09-09
LAG-019,Bay Public Market,Bay,Laguna,14.183,121.286,Public Market,"Bay Public Market is a public market serving Bay, Laguna. It is located in/around Barangay Dila, Bay; the market listing places the facility in Dila. The available public sources describe the facility mainly through its location and operating listing, so no unsupported claim about a unique specialty or product mix has been added.",https://www.google.com/maps/search/?api=1&query=Bay+Public+Market%2C+Bay%2C+Laguna%2C+Philippines,Current market/business listing + existing verified record,Medium,,Municipality of Bay,,,,https://www.google.com/maps/search/?api=1&query=Bay+Public+Market%2C+Bay%2C+Laguna%2C+Philippines,MEDIUM,Barangay Dila; coordinates approximate. No direct market/market-office phone was verified in the public sources checked on 2026-09-09.,,,,,,,,https://www.google.com/maps/search/?api=1&query=Bay+Public+Market%2C+Bay%2C+Laguna%2C+Philippines,https://www.google.com/maps/search/?api=1&query=Bay+Public+Market%2C+Bay%2C+Laguna%2C+Philippines,Basic - location verified; no public direct contact found,2026-09-09
LAG-020,Pila Public Market,Pila,Laguna,14.233,121.365,Public Market,"Pila Public Market is the principal municipal/city public-market facility recorded for Pila, Laguna. It is a general wet-and-dry market used for day-to-day food and household trade, with stalls typically serving local residents, retailers and small vendors. The listed operator is Municipality of Pila. No more detailed authoritative public profile was found during this research pass.",https://www.google.com/maps/search/?api=1&query=Pila+Public+Market%2C+Pila%2C+Laguna%2C+Philippines,Verified market identity/type/locality; no detailed market-specific public profile found,Basic,,Municipality of Pila,,,,https://www.google.com/maps/search/?api=1&query=Pila+Public+Market%2C+Pila%2C+Laguna%2C+Philippines,MEDIUM,New market facility; verify exact coordinates. No direct market/market-office phone was verified in the public sources checked on 2026-09-09.,,,,,,,,https://www.google.com/maps/search/?api=1&query=Pila+Public+Market%2C+Pila%2C+Laguna%2C+Philippines,https://www.google.com/maps/search/?api=1&query=Pila+Public+Market%2C+Pila%2C+Laguna%2C+Philippines,Basic - location verified; no public direct contact found,2026-09-09
LAG-021,Calauan Public Market,Calauan,Laguna,14.15,121.315,Public Market,"Calauan Public Market is a public market serving Calauan, Laguna. It is located in/around A. Marfori Road area, Calauan; older/current listings identify a municipal public-market site here. The available public sources describe the facility mainly through its location and operating listing, so no unsupported claim about a unique specialty or product mix has been added.",https://www.google.com/maps/search/?api=1&query=Calauan+Public+Market%2C+Calauan%2C+Laguna%2C+Philippines,Current market/business listing + existing verified record,Medium,,Municipality of Calauan,,,,https://www.google.com/maps/search/?api=1&query=Calauan+Public+Market%2C+Calauan%2C+Laguna%2C+Philippines,MEDIUM,Approximate coordinates; verify. No direct market/market-office phone was verified in the public sources checked on 2026-09-09.,,,,,,,,https://www.google.com/maps/search/?api=1&query=Calauan+Public+Market%2C+Calauan%2C+Laguna%2C+Philippines,https://www.google.com/maps/search/?api=1&query=Calauan+Public+Market%2C+Calauan%2C+Laguna%2C+Philippines,Basic - location verified; no public direct contact found,2026-09-09
LAG-022,Santa Cruz Public Market,Santa Cruz,Laguna,14.282,121.416,Public Market,"Santa Cruz Public Market is the principal municipal/city public-market facility recorded for Santa Cruz, Laguna. It is a general wet-and-dry market used for day-to-day food and household trade, with stalls typically serving local residents, retailers and small vendors. The listed operator is Municipality of Santa Cruz. No more detailed authoritative public profile was found during this research pass.",https://www.bizippines.com/sta-cruz-public-market-049-932-0111,Verified market identity/type/locality; no detailed market-specific public profile found,Basic,,Municipality of Santa Cruz,(049) 932-0111,,,https://www.bizippines.com/sta-cruz-public-market-049-932-0111,MEDIUM,Market location; verify exact entrance/pin.,Direct market listing,,,,,,,https://www.google.com/maps/search/?api=1&query=Santa+Cruz+Public+Market%2C+Santa+Cruz%2C+Laguna%2C+Philippines,https://www.google.com/maps/search/?api=1&query=Santa+Cruz+Public+Market%2C+Santa+Cruz%2C+Laguna%2C+Philippines,Medium - business directory listing,2026-09-09
LAG-023,Pagsanjan Public Market,Pagsanjan,Laguna,14.273,121.456,Public Market,"Pagsanjan Public Market is a public market serving Pagsanjan, Laguna. It is located in/around National Highway, Pagsanjan; classified in current listings as a produce market, generally open during daytime hours. The available public sources describe the facility mainly through its location and operating listing, so no unsupported claim about a unique specialty or product mix has been added.",https://www.google.com/maps/search/?api=1&query=Pagsanjan+Public+Market%2C+Pagsanjan%2C+Laguna%2C+Philippines,Current market/business listing + existing verified record,Medium,,Municipality of Pagsanjan,,,,https://www.google.com/maps/search/?api=1&query=Pagsanjan+Public+Market%2C+Pagsanjan%2C+Laguna%2C+Philippines,MEDIUM,Municipal market; verify exact coordinates. No direct market/market-office phone was verified in the public sources checked on 2026-09-09.,,,,,,,,https://www.google.com/maps/search/?api=1&query=Pagsanjan+Public+Market%2C+Pagsanjan%2C+Laguna%2C+Philippines,https://www.google.com/maps/search/?api=1&query=Pagsanjan+Public+Market%2C+Pagsanjan%2C+Laguna%2C+Philippines,Basic - location verified; no public direct contact found,2026-09-09
LAG-024,Cavinti Public Market,Cavinti,Laguna,14.245,121.508,Public Market,"Cavinti Public Market is a public market serving Cavinti, Laguna. It is located in/around Poblacion, Cavinti; listed as a municipal market in the town center. The available public sources describe the facility mainly through its location and operating listing, so no unsupported claim about a unique specialty or product mix has been added.",https://www.google.com/maps/search/?api=1&query=Cavinti+Public+Market%2C+Cavinti%2C+Laguna%2C+Philippines,Current market/business listing + existing verified record,Medium,,Municipality of Cavinti,,,,https://www.google.com/maps/search/?api=1&query=Cavinti+Public+Market%2C+Cavinti%2C+Laguna%2C+Philippines,MEDIUM,Municipal market; verify exact coordinates. No direct market/market-office phone was verified in the public sources checked on 2026-09-09.,,,,,,,,https://www.google.com/maps/search/?api=1&query=Cavinti+Public+Market%2C+Cavinti%2C+Laguna%2C+Philippines,https://www.google.com/maps/search/?api=1&query=Cavinti+Public+Market%2C+Cavinti%2C+Laguna%2C+Philippines,Basic - location verified; no public direct contact found,2026-09-09
CAV-001,Cavite City Public Market,Cavite City,Cavite,14.47776,120.89890,Public Market,"Cavite City Public Market is the city-managed public market at Molina Street in San Roque. The Public Market Office manages stalls and market services as a city economic enterprise, including stall legalization and promotional activities. The facility operates as Cavite City's principal organized wet-and-dry market for residents and local vendors.",https://cavitecity.gov.ph/index.php/residents/services/public-market,Official Cavite City Public Market page,High,,City Government of Cavite City,(046) 416-5033,https://www.facebook.com/111530158396331/,Official Cavite City Public Market Office page (Mercado del Ciudad de Cavite),https://www.cavitecity.gov.ph/index.php/service-2/citizen-s-charter-new-website,HIGH,Mapped/public market inventory.,LGU Public Market Office,Rejienaldo Bustero Dela Cruz (Market Administrator),,,"494 Molina, San Roque, Cavite City, Cavite",https://www.cavitecity.gov.ph/index.php/service-2/citizen-s-charter-new-website,Official LGU department/citizen charter,https://www.findglocal.com/PH/Cavite/111530158396331/Mercado-del-Ciudad-de-Cavite,https://www.google.com/maps/search/?api=1&query=Cavite+City+Public+Market%2C+Cavite+City%2C+Cavite%2C+Philippines,High - official LGU market office,2026-09-09
CAV-002,Binakayan Public Market,Kawit,Cavite,,,Public Market,"Binakayan Public Market is a public market serving Kawit, Cavite. It is located in/around Binakayan, Kawit; a high-activity public market with current listings showing very early opening and late-evening trade. The available public sources describe the facility mainly through its location and operating listing, so no unsupported claim about a unique specialty or product mix has been added.",https://www.waze.com/live-map/directions/ph/calabarzon/kawit/binakayan-public-market?to=place.ChIJV7zmeH7TlzMRKeHHA74e17g,Current market/business listing + existing verified record,Medium,,Municipality of Kawit,0954 411 2342,,,https://www.waze.com/live-map/directions/ph/calabarzon/kawit/binakayan-public-market?to=place.ChIJV7zmeH7TlzMRKeHHA74e17g,NEEDS_VERIFICATION,Provincial market inventory. Direct market listing contact; Waze lists daily 03:00-22:00.,Direct market listing,,,,,,,https://www.google.com/maps/search/?api=1&query=Binakayan+Public+Market%2C+Kawit%2C+Cavite%2C+Philippines,https://www.google.com/maps/search/?api=1&query=Binakayan+Public+Market%2C+Kawit%2C+Cavite%2C+Philippines,High - Waze/business listing,2026-09-09
CAV-003,Rosario Public Market,Rosario,Cavite,,,Public Market,"Rosario Public Market is integrated with the Primark Center development along General Trias Drive. The former market site was redeveloped through a public-private partnership into a more modern market environment beside the commercial center, combining traditional public-market activity with supermarket and retail tenants.",https://www.primark.com.ph/primark-cordon-isabela-honda-philippines-grand-opening-2-5/,Primark/LKY project profile,High,,Municipality of Rosario,0966 082 4252 / 0908 818 8999 / (046) 417 5790,,,https://www.primark.com.ph/location-rosario/,NEEDS_VERIFICATION,Provincial market inventory. Contacts are for the Primark Center integrated with Rosario Public Market location.,Market complex/commercial-center contact,,,,,,,https://www.google.com/maps/search/?api=1&query=Rosario+Public+Market%2C+Rosario%2C+Cavite%2C+Philippines,https://www.google.com/maps/search/?api=1&query=Rosario+Public+Market%2C+Rosario%2C+Cavite%2C+Philippines,Medium - Primark market-complex source,2026-09-09
CAV-004,Bacoor Public Market,Bacoor,Cavite,14.46260,120.96431,Public Market,"Bacoor Public Market is a public market serving Bacoor, Cavite. It is located in/around Quirino Avenue, Bacoor; current directory listings show round-the-clock market activity. The available public sources describe the facility mainly through its location and operating listing, so no unsupported claim about a unique specialty or product mix has been added.",https://www.google.com/maps/search/?api=1&query=Bacoor+Public+Market%2C+Bacoor%2C+Cavite%2C+Philippines,Current market/business listing + existing verified record,Medium,,City Government of Bacoor,,,,https://www.google.com/maps/search/?api=1&query=Bacoor+Public+Market%2C+Bacoor%2C+Cavite%2C+Philippines,MEDIUM,Mapped; verify entrance. No direct market/market-office phone was verified in the public sources checked on 2026-09-09.,,,,,,,,https://www.google.com/maps/search/?api=1&query=Bacoor+Public+Market%2C+Bacoor%2C+Cavite%2C+Philippines,https://www.google.com/maps/search/?api=1&query=Bacoor+Public+Market%2C+Bacoor%2C+Cavite%2C+Philippines,Basic - location verified; no public direct contact found,2026-09-09
CAV-005,Anayo Public Market,Bacoor,Cavite,,,Public Market,"Anayo Public Market is the principal municipal/city public-market facility recorded for Bacoor, Cavite. It is a general wet-and-dry market used for day-to-day food and household trade, with stalls typically serving local residents, retailers and small vendors. The listed operator is City Government of Bacoor. No more detailed authoritative public profile was found during this research pass.",https://www.google.com/maps/search/?api=1&query=Anayo+Public+Market%2C+Bacoor%2C+Cavite%2C+Philippines,Verified market identity/type/locality; no detailed market-specific public profile found,Basic,,City Government of Bacoor,,,,https://www.google.com/maps/search/?api=1&query=Anayo+Public+Market%2C+Bacoor%2C+Cavite%2C+Philippines,NEEDS_VERIFICATION,Provincial market inventory. No direct market/market-office phone was verified in the public sources checked on 2026-09-09.,,,,,,,,https://www.google.com/maps/search/?api=1&query=Anayo+Public+Market%2C+Bacoor%2C+Cavite%2C+Philippines,https://www.google.com/maps/search/?api=1&query=Anayo+Public+Market%2C+Bacoor%2C+Cavite%2C+Philippines,Basic - location verified; no public direct contact found,2026-09-09
CAV-006,678 Wet and Dry Market,Bacoor,Cavite,,,Wet/Dry Market,"678 Wet and Dry Market is a wet/dry market serving Bacoor, Cavite. It is located in/around Palico Daanan, Bacoor; identified as the 678 wet-and-dry market building. The available public sources describe the facility mainly through its location and operating listing, so no unsupported claim about a unique specialty or product mix has been added.",https://www.google.com/maps/search/?api=1&query=678+Wet+and+Dry+Market%2C+Bacoor%2C+Cavite%2C+Philippines,Current market/business listing + existing verified record,Medium,,,,,,https://www.google.com/maps/search/?api=1&query=678+Wet+and+Dry+Market%2C+Bacoor%2C+Cavite%2C+Philippines,NEEDS_VERIFICATION,Verify ownership/public-private classification. No direct market/market-office phone was verified in the public sources checked on 2026-09-09.,,,,,,,,https://www.google.com/maps/search/?api=1&query=678+Wet+and+Dry+Market%2C+Bacoor%2C+Cavite%2C+Philippines,https://www.google.com/maps/search/?api=1&query=678+Wet+and+Dry+Market%2C+Bacoor%2C+Cavite%2C+Philippines,Basic - location verified; no public direct contact found,2026-09-09
CAV-007,Kostal Wet & Dry Market,Imus,Cavite,,,Wet/Dry Market,"Kostal Wet & Dry Market is a wet/dry market serving Imus, Cavite. It is located in/around Emilio Aguinaldo Highway, Anabu/Imus; listed as a traditional wet-and-dry market with daily operations. The available public sources describe the facility mainly through its location and operating listing, so no unsupported claim about a unique specialty or product mix has been added.",https://www.google.com/maps/search/?api=1&query=Kostal+Wet+%26+Dry+Market%2C+Imus%2C+Cavite%2C+Philippines,Current market/business listing + existing verified record,Medium,,,0967 358 5455,,,https://www.google.com/maps/search/?api=1&query=Kostal+Wet+%26+Dry+Market%2C+Imus%2C+Cavite%2C+Philippines,NEEDS_VERIFICATION,Verify ownership/public-private classification.,Direct market listing,,,,,,,https://www.google.com/maps/search/?api=1&query=Kostal+Wet+%26+Dry+Market%2C+Imus%2C+Cavite%2C+Philippines,https://www.google.com/maps/search/?api=1&query=Kostal+Wet+%26+Dry+Market%2C+Imus%2C+Cavite%2C+Philippines,Medium - business listing,2026-09-09
CAV-008,Buhay na Tubig Mini Market,Imus,Cavite,,,Mini Market,"Buhay na Tubig Mini Market is a mini market serving Imus, Cavite. It is located in/around Buhay na Tubig, Imus; a neighborhood mini-market with daily morning-to-evening operations. The available public sources describe the facility mainly through its location and operating listing, so no unsupported claim about a unique specialty or product mix has been added.",https://www.google.com/maps/search/?api=1&query=Buhay+na+Tubig+Mini+Market%2C+Imus%2C+Cavite%2C+Philippines,Current market/business listing + existing verified record,Medium,,,0905 354 2164,,,https://www.google.com/maps/search/?api=1&query=Buhay+na+Tubig+Mini+Market%2C+Imus%2C+Cavite%2C+Philippines,NEEDS_VERIFICATION,Provincial market inventory.,Direct market listing,,,,,,,https://www.google.com/maps/search/?api=1&query=Buhay+na+Tubig+Mini+Market%2C+Imus%2C+Cavite%2C+Philippines,https://www.google.com/maps/search/?api=1&query=Buhay+na+Tubig+Mini+Market%2C+Imus%2C+Cavite%2C+Philippines,Medium - business listing,2026-09-09
CAV-009,Harvest Market Place,Imus,Cavite,,,Market,"Harvest Market Place is a local market/trading facility in Imus, Cavite. It serves the surrounding community through small-scale retail and vendor activity. No more detailed authoritative public profile was found during this research pass.",https://www.google.com/maps/search/?api=1&query=Harvest+Market+Place%2C+Imus%2C+Cavite%2C+Philippines,Verified market identity/type/locality; no detailed market-specific public profile found,Basic,,,(046) 471-6836,,,https://www.google.com/maps/search/?api=1&query=Harvest+Market+Place%2C+Imus%2C+Cavite%2C+Philippines,NEEDS_VERIFICATION,Provincial market inventory.,Direct market listing,,,,,,,https://www.google.com/maps/search/?api=1&query=Harvest+Market+Place%2C+Imus%2C+Cavite%2C+Philippines,https://www.google.com/maps/search/?api=1&query=Harvest+Market+Place%2C+Imus%2C+Cavite%2C+Philippines,Medium - business listing,2026-09-09
CAV-010,City Market Mall,Imus,Cavite,,,Market,"City Market Mall is a local market/trading facility in Imus, Cavite. It serves the surrounding community through small-scale retail and vendor activity. No more detailed authoritative public profile was found during this research pass.",https://www.google.com/maps/search/?api=1&query=City+Market+Mall%2C+Imus%2C+Cavite%2C+Philippines,Verified market identity/type/locality; no detailed market-specific public profile found,Basic,,,,,,https://www.google.com/maps/search/?api=1&query=City+Market+Mall%2C+Imus%2C+Cavite%2C+Philippines,NEEDS_VERIFICATION,Verify ownership/public-market status. No direct market/market-office phone was verified in the public sources checked on 2026-09-09.,,,,,,,,https://www.google.com/maps/search/?api=1&query=City+Market+Mall%2C+Imus%2C+Cavite%2C+Philippines,https://www.google.com/maps/search/?api=1&query=City+Market+Mall%2C+Imus%2C+Cavite%2C+Philippines,Basic - location verified; no public direct contact found,2026-09-09
CAV-011,Imus Public Market,Imus,Cavite,14.42304,120.94087,Public Market,"Imus Public Market is the principal municipal/city public-market facility recorded for Imus, Cavite. It is a general wet-and-dry market used for day-to-day food and household trade, with stalls typically serving local residents, retailers and small vendors. The listed operator is City Government of Imus. No more detailed authoritative public profile was found during this research pass.",https://www.google.com/maps/search/Imus%2BPublic%2BMarket,Verified market identity/type/locality; no detailed market-specific public profile found,Basic,,City Government of Imus,(046) 471 4156,,,https://www.google.com/maps/search/Imus%2BPublic%2BMarket,MEDIUM,Mapped; verify entrance. Google Maps market listing contact; secondary listings also show other numbers.,Existing direct/market listing contact,,,,,,,https://www.google.com/maps/search/?api=1&query=Imus+Public+Market%2C+Imus%2C+Cavite%2C+Philippines,https://www.google.com/maps/search/?api=1&query=Imus+Public+Market%2C+Imus%2C+Cavite%2C+Philippines,Medium - retained from supplied source,2026-09-09
CAV-012,Carmona Public Market,Carmona,Cavite,,,Public Market,"Carmona Public Market is a public market serving Carmona, Cavite. It is located in/around Maduya, Carmona; identified in current mapping as the Carmona public-market location. The available public sources describe the facility mainly through its location and operating listing, so no unsupported claim about a unique specialty or product mix has been added.",https://www.google.com/maps/search/?api=1&query=Carmona+Public+Market%2C+Carmona%2C+Cavite%2C+Philippines,Current market/business listing + existing verified record,Medium,,City Government of Carmona,,,,https://www.google.com/maps/search/?api=1&query=Carmona+Public+Market%2C+Carmona%2C+Cavite%2C+Philippines,NEEDS_VERIFICATION,Provincial market inventory. No direct market/market-office phone was verified in the public sources checked on 2026-09-09.,,,,,,,,https://www.google.com/maps/search/?api=1&query=Carmona+Public+Market%2C+Carmona%2C+Cavite%2C+Philippines,https://www.google.com/maps/search/?api=1&query=Carmona+Public+Market%2C+Carmona%2C+Cavite%2C+Philippines,Basic - location verified; no public direct contact found,2026-09-09
CAV-013,Metro San Jose Public Market,General Mariano Alvarez,Cavite,,,Public Market,"Metro San Jose Public Market is a public market serving General Mariano Alvarez, Cavite. It is located in/around Pink Street, General Mariano Alvarez; a community public market with regular daytime operations. The available public sources describe the facility mainly through its location and operating listing, so no unsupported claim about a unique specialty or product mix has been added.",https://www.google.com/maps/search/?api=1&query=Metro+San+Jose+Public+Market%2C+General+Mariano+Alvarez%2C+Cavite%2C+Philippines,Current market/business listing + existing verified record,Medium,,Municipality of General Mariano Alvarez,,,,https://www.google.com/maps/search/?api=1&query=Metro+San+Jose+Public+Market%2C+General+Mariano+Alvarez%2C+Cavite%2C+Philippines,NEEDS_VERIFICATION,Provincial market inventory. No direct market/market-office phone was verified in the public sources checked on 2026-09-09.,,,,,,,,https://www.google.com/maps/search/?api=1&query=Metro+San+Jose+Public+Market%2C+General+Mariano+Alvarez%2C+Cavite%2C+Philippines,https://www.google.com/maps/search/?api=1&query=Metro+San+Jose+Public+Market%2C+General+Mariano+Alvarez%2C+Cavite%2C+Philippines,Basic - location verified; no public direct contact found,2026-09-09
CAV-014,GMA Central Market,General Mariano Alvarez,Cavite,,,Market,"GMA Central Market is a market serving General Mariano Alvarez, Cavite. It is located in/around Congressional Road/Poblacion 1, General Mariano Alvarez; home to the GMA Central Market Development Cooperative and commercial stalls. The available public sources describe the facility mainly through its location and operating listing, so no unsupported claim about a unique specialty or product mix has been added.",https://www.google.com/maps/search/?api=1&query=GMA+Central+Market%2C+General+Mariano+Alvarez%2C+Cavite%2C+Philippines,Current market/business listing + existing verified record,Medium,,GMA Central Market Development Cooperative,0927 566 4940,,,https://www.google.com/maps/search/?api=1&query=GMA+Central+Market%2C+General+Mariano+Alvarez%2C+Cavite%2C+Philippines,NEEDS_VERIFICATION,Verify facility ownership/status.,GMA Central Market Development Cooperative listing,GMA Central Market Development Cooperative,,,,,,https://www.google.com/maps/search/?api=1&query=GMA+Central+Market%2C+General+Mariano+Alvarez%2C+Cavite%2C+Philippines,https://www.google.com/maps/search/?api=1&query=GMA+Central+Market%2C+General+Mariano+Alvarez%2C+Cavite%2C+Philippines,Medium - business listing,2026-09-09
CAV-015,Silang Public Market,Silang,Cavite,14.23000,120.97000,Public Market,"Silang Public Market is the principal municipal/city public-market facility recorded for Silang, Cavite. It is a general wet-and-dry market used for day-to-day food and household trade, with stalls typically serving local residents, retailers and small vendors. The listed operator is Municipality of Silang. No more detailed authoritative public profile was found during this research pass.",https://www.google.com/maps/search/?api=1&query=Silang+Public+Market%2C+Silang%2C+Cavite%2C+Philippines,Verified market identity/type/locality; no detailed market-specific public profile found,Basic,,Municipality of Silang,,,,https://www.google.com/maps/search/?api=1&query=Silang+Public+Market%2C+Silang%2C+Cavite%2C+Philippines,LOW,Approximate point. No direct market/market-office phone was verified in the public sources checked on 2026-09-09.,,,,,,,,https://www.google.com/maps/search/?api=1&query=Silang+Public+Market%2C+Silang%2C+Cavite%2C+Philippines,https://www.google.com/maps/search/?api=1&query=Silang+Public+Market%2C+Silang%2C+Cavite%2C+Philippines,Basic - location verified; no public direct contact found,2026-09-09
CAV-016,Bulihan Public Market,Silang,Cavite,,,Public Market,"Bulihan Public Market is a public market serving Silang, Cavite. It is located in/around Ipil Drive, Bulihan, Silang; a public market with very early morning through evening trade. The available public sources describe the facility mainly through its location and operating listing, so no unsupported claim about a unique specialty or product mix has been added.",https://www.google.com/maps/search/?api=1&query=Bulihan+Public+Market%2C+Silang%2C+Cavite%2C+Philippines,Current market/business listing + existing verified record,Medium,,Municipality of Silang,,,,https://www.google.com/maps/search/?api=1&query=Bulihan+Public+Market%2C+Silang%2C+Cavite%2C+Philippines,NEEDS_VERIFICATION,Provincial market inventory. No direct market/market-office phone was verified in the public sources checked on 2026-09-09.,,,,,,,,https://www.google.com/maps/search/?api=1&query=Bulihan+Public+Market%2C+Silang%2C+Cavite%2C+Philippines,https://www.google.com/maps/search/?api=1&query=Bulihan+Public+Market%2C+Silang%2C+Cavite%2C+Philippines,Basic - location verified; no public direct contact found,2026-09-09
CAV-017,Amadeo Public Market,Amadeo,Cavite,,,Public Market,"Amadeo Public Market is a public market serving Amadeo, Cavite. It is located in/around Amadeo town proper; a small municipal public market serving the town center. The available public sources describe the facility mainly through its location and operating listing, so no unsupported claim about a unique specialty or product mix has been added.",https://www.google.com/maps/search/?api=1&query=Amadeo+Public+Market%2C+Amadeo%2C+Cavite%2C+Philippines,Current market/business listing + existing verified record,Medium,,Municipality of Amadeo,,,,https://www.google.com/maps/search/?api=1&query=Amadeo+Public+Market%2C+Amadeo%2C+Cavite%2C+Philippines,NEEDS_VERIFICATION,Provincial market inventory. No direct market/market-office phone was verified in the public sources checked on 2026-09-09.,,,,,,,,https://www.google.com/maps/search/?api=1&query=Amadeo+Public+Market%2C+Amadeo%2C+Cavite%2C+Philippines,https://www.google.com/maps/search/?api=1&query=Amadeo+Public+Market%2C+Amadeo%2C+Cavite%2C+Philippines,Basic - location verified; no public direct contact found,2026-09-09
CAV-018,Trece Martires City Public Market,Trece Martires,Cavite,,,Public Market,"Trece Martires City Public Market is a public market serving Trece Martires, Cavite. It is located in/around Trece Martires City; the facility is administered through the city's Public Market Office. The available public sources describe the facility mainly through its location and operating listing, so no unsupported claim about a unique specialty or product mix has been added.",https://trecemartirescity.gov.ph/san-agustin-2/,Current market/business listing + existing verified record,Medium,,City Government of Trece Martires,(046) 419-0912,,,https://trecemartirescity.gov.ph/san-agustin-2/,NEEDS_VERIFICATION,Provincial market inventory. LGU fallback contact because a direct market-office number was not verified.,Trece Martires City Public Market Office,,(046) 419-1313 / +63 917 131 1313 / 0999 990 1313 (legacy supplied listing),,,,,https://www.google.com/maps/search/?api=1&query=Trece+Martires+City+Public+Market%2C+Trece+Martires%2C+Cavite%2C+Philippines,https://www.google.com/maps/search/?api=1&query=Trece+Martires+City+Public+Market%2C+Trece+Martires%2C+Cavite%2C+Philippines,Medium-High - market-office business listing / LGU source,2026-09-09
CAV-019,Indang Public Market / Slaughter House,Indang,Cavite,,,Public Market,"Indang Public Market / Slaughter House is a public market serving Indang, Cavite. It is located in/around J. Dimabiling Street, Indang; a municipal market site associated with the town's market/slaughterhouse services. The available public sources describe the facility mainly through its location and operating listing, so no unsupported claim about a unique specialty or product mix has been added.",https://www.google.com/maps/search/?api=1&query=Indang+Public+Market+%2F+Slaughter+House%2C+Indang%2C+Cavite%2C+Philippines,Current market/business listing + existing verified record,Medium,,Municipality of Indang,,,,https://www.google.com/maps/search/?api=1&query=Indang+Public+Market+%2F+Slaughter+House%2C+Indang%2C+Cavite%2C+Philippines,NEEDS_VERIFICATION,Provincial market inventory. No direct market/market-office phone was verified in the public sources checked on 2026-09-09.,,,,,,,,https://www.google.com/maps/search/?api=1&query=Indang+Public+Market+%2F+Slaughter+House%2C+Indang%2C+Cavite%2C+Philippines,https://www.google.com/maps/search/?api=1&query=Indang+Public+Market+%2F+Slaughter+House%2C+Indang%2C+Cavite%2C+Philippines,Basic - location verified; no public direct contact found,2026-09-09
CAV-020,General Emilio Aguinaldo Public Market,General Emilio Aguinaldo,Cavite,,,Public Market,"General Emilio Aguinaldo Public Market is the principal municipal/city public-market facility recorded for General Emilio Aguinaldo, Cavite. It is a general wet-and-dry market used for day-to-day food and household trade, with stalls typically serving local residents, retailers and small vendors. The listed operator is Municipality of General Emilio Aguinaldo. No more detailed authoritative public profile was found during this research pass.",https://www.google.com/maps/search/?api=1&query=General+Emilio+Aguinaldo+Public+Market%2C+General+Emilio+Aguinaldo%2C+Cavite%2C+Philippines,Verified market identity/type/locality; no detailed market-specific public profile found,Basic,,Municipality of General Emilio Aguinaldo,,,,https://www.google.com/maps/search/?api=1&query=General+Emilio+Aguinaldo+Public+Market%2C+General+Emilio+Aguinaldo%2C+Cavite%2C+Philippines,NEEDS_VERIFICATION,Provincial market inventory. No direct market/market-office phone was verified in the public sources checked on 2026-09-09.,,,,,,,,https://www.google.com/maps/search/?api=1&query=General+Emilio+Aguinaldo+Public+Market%2C+General+Emilio+Aguinaldo%2C+Cavite%2C+Philippines,https://www.google.com/maps/search/?api=1&query=General+Emilio+Aguinaldo+Public+Market%2C+General+Emilio+Aguinaldo%2C+Cavite%2C+Philippines,Basic - location verified; no public direct contact found,2026-09-09
CAV-021,Tanza Public Market,Tanza,Cavite,,,Public Market,"Tanza Public Market is the principal municipal/city public-market facility recorded for Tanza, Cavite. It is a general wet-and-dry market used for day-to-day food and household trade, with stalls typically serving local residents, retailers and small vendors. The listed operator is Municipality of Tanza. No more detailed authoritative public profile was found during this research pass.",https://www.google.com/maps/search/?api=1&query=Tanza+Public+Market%2C+Tanza%2C+Cavite%2C+Philippines,Verified market identity/type/locality; no detailed market-specific public profile found,Basic,,Municipality of Tanza,,,,https://www.google.com/maps/search/?api=1&query=Tanza+Public+Market%2C+Tanza%2C+Cavite%2C+Philippines,NEEDS_VERIFICATION,DA CALABARZON agricultural-market reference. No direct market/market-office phone was verified in the public sources checked on 2026-09-09.,,,,,,,,https://www.google.com/maps/search/?api=1&query=Tanza+Public+Market%2C+Tanza%2C+Cavite%2C+Philippines,https://www.google.com/maps/search/?api=1&query=Tanza+Public+Market%2C+Tanza%2C+Cavite%2C+Philippines,Basic - location verified; no public direct contact found,2026-09-09
CAV-022,Tagaytay Mahogany Market,Tagaytay City,Cavite,14.12801,120.98026,Agricultural / Livestock Market,"Tagaytay Mahogany Market is best known as Tagaytay's beef market and bulalo destination. Fresh beef cuts, fruits and vegetables are sold on the lower market level, while an upper-floor strip of eateries serves bulalo and other Filipino dishes. Separate stalls also carry coffee, native delicacies, dry goods and Tagaytay souvenirs, making it both a working food market and a visitor destination.",https://primer.com.ph/food/cuisines/filipino/mahogany-market/,Market-specific feature article,High,,City Government of Tagaytay,,,,https://www.lakadpilipinas.com/2013/08/tagaytay-travel-guide-itinerary.html?hl=en,MEDIUM,Specialized agricultural/livestock market. Secondary travel-directory contact; verify before operational use. No direct market/market-office phone was verified in the public sources checked on 2026-09-09.,,,0921 460 0097 (legacy third-party travel listing; not re-verified as market office),,,,,https://www.google.com/maps/search/?api=1&query=Tagaytay+Mahogany+Market%2C+Tagaytay+City%2C+Cavite%2C+Philippines,https://www.google.com/maps/search/?api=1&query=Tagaytay+Mahogany+Market%2C+Tagaytay+City%2C+Cavite%2C+Philippines,Basic - location/source verified; direct market contact not re-verified,2026-09-09
BAT-001,Agoncillo Public Market,Agoncillo,Batangas,,,Public Market,"Agoncillo Public Market is a public market serving Agoncillo, Batangas. It is located in/around Agoncillo town proper; managed by the municipality's Market Department and listed as a daily public market. The available public sources describe the facility mainly through its location and operating listing, so no unsupported claim about a unique specialty or product mix has been added.",https://www.agoncillo.gov.ph/government/municipal-departments/market,Current market/business listing + existing verified record,Medium,,Municipality of Agoncillo,(043) 773-6880,,,https://www.agoncillo.gov.ph/government/municipal-departments/market,NEEDS_VERIFICATION,Provincial/city public-market inventory.,LGU Market Department,Mercy M. Punzalan (Market Supervisor),,,"Poblacion, Agoncillo, Batangas",https://www.agoncillo.gov.ph/government/municipal-departments/market,Official LGU Market Department page,https://www.google.com/maps/search/?api=1&query=Agoncillo+Public+Market%2C+Agoncillo%2C+Batangas%2C+Philippines,https://www.google.com/maps/search/?api=1&query=Agoncillo+Public+Market%2C+Agoncillo%2C+Batangas%2C+Philippines,High - official LGU market department,2026-09-09
BAT-002,Alitagtag Public Market,Alitagtag,Batangas,,,Public Market,"Alitagtag Public Market is a public market serving Alitagtag, Batangas. It is located in/around Poblacion West, Alitagtag; a daily municipal market with early-morning trade. The available public sources describe the facility mainly through its location and operating listing, so no unsupported claim about a unique specialty or product mix has been added.",https://www.google.com/maps/search/?api=1&query=Alitagtag+Public+Market%2C+Alitagtag%2C+Batangas%2C+Philippines,Current market/business listing + existing verified record,Medium,,Municipality of Alitagtag,,,,https://www.google.com/maps/search/?api=1&query=Alitagtag+Public+Market%2C+Alitagtag%2C+Batangas%2C+Philippines,NEEDS_VERIFICATION,Provincial/city public-market inventory. No direct market/market-office phone was verified in the public sources checked on 2026-09-09.,,,,,,,,https://www.google.com/maps/search/?api=1&query=Alitagtag+Public+Market%2C+Alitagtag%2C+Batangas%2C+Philippines,https://www.google.com/maps/search/?api=1&query=Alitagtag+Public+Market%2C+Alitagtag%2C+Batangas%2C+Philippines,Basic - location verified; no public direct contact found,2026-09-09
BAT-003,Balayan Public Market,Balayan,Batangas,,,Public Market,"Balayan Public Market is a public market serving Balayan, Batangas. It is located in/around Damballelos Street, Balayan; a central municipal market with early-morning to afternoon operations. The available public sources describe the facility mainly through its location and operating listing, so no unsupported claim about a unique specialty or product mix has been added.",https://www.google.com/maps/search/?api=1&query=Balayan+Public+Market%2C+Balayan%2C+Batangas%2C+Philippines,Current market/business listing + existing verified record,Medium,,Municipality of Balayan,0916 545 8806,,,https://www.google.com/maps/search/?api=1&query=Balayan+Public+Market%2C+Balayan%2C+Batangas%2C+Philippines,NEEDS_VERIFICATION,Provincial/city public-market inventory.,Direct market listing,,,,,,,https://www.google.com/maps/search/?api=1&query=Balayan+Public+Market%2C+Balayan%2C+Batangas%2C+Philippines,https://www.google.com/maps/search/?api=1&query=Balayan+Public+Market%2C+Balayan%2C+Batangas%2C+Philippines,Medium - business listing,2026-09-09
BAT-004,Bauan Public Market,Bauan,Batangas,,,Public Market,"Bauan Public Market is a public market serving Bauan, Batangas. It is located in/around Bauan town center; a large local market with heavy daily foot traffic and early-morning operations. The available public sources describe the facility mainly through its location and operating listing, so no unsupported claim about a unique specialty or product mix has been added.",https://www.google.com/maps/search/?api=1&query=Bauan+Public+Market%2C+Bauan%2C+Batangas%2C+Philippines,Current market/business listing + existing verified record,Medium,,Municipality of Bauan,,,,https://www.google.com/maps/search/?api=1&query=Bauan+Public+Market%2C+Bauan%2C+Batangas%2C+Philippines,NEEDS_VERIFICATION,Provincial/city public-market inventory. No direct market/market-office phone was verified in the public sources checked on 2026-09-09.,,,,,,,,https://www.google.com/maps/search/?api=1&query=Bauan+Public+Market%2C+Bauan%2C+Batangas%2C+Philippines,https://www.google.com/maps/search/?api=1&query=Bauan+Public+Market%2C+Bauan%2C+Batangas%2C+Philippines,Basic - location verified; no public direct contact found,2026-09-09
BAT-005,Calaca Public Market,Calaca,Batangas,,,Public Market,"Calaca Public Market is the principal municipal/city public-market facility recorded for Calaca, Batangas. It is a general wet-and-dry market used for day-to-day food and household trade, with stalls typically serving local residents, retailers and small vendors. The listed operator is Municipality of Calaca. No more detailed authoritative public profile was found during this research pass.",https://cityofcalaca.gov.ph/market-development-administration-office/,Verified market identity/type/locality; no detailed market-specific public profile found,Basic,A current business listing for an older Calaca Public Market location marks it permanently closed; verify the active city market site.,Municipality of Calaca,(043) 223-7399,https://www.facebook.com/350040011778323,Market/location Facebook page,https://cityofcalaca.gov.ph/market-development-administration-office/,NEEDS_VERIFICATION,Provincial/city public-market inventory. Official Market Development & Administration Office contact; calacapublicmarket@gmail.com.,LGU Market Development Administration Office,,0966 455 6298 (market building business listing),,,https://cityofcalaca.gov.ph/market-development-administration-office/,Official city market office page,https://www.google.com/maps/search/?api=1&query=Calaca+Public+Market%2C+Calaca%2C+Batangas%2C+Philippines,https://www.google.com/maps/search/?api=1&query=Calaca+Public+Market%2C+Calaca%2C+Batangas%2C+Philippines,High - official city market office,2026-09-09
BAT-006,Calatagan Public Market,Calatagan,Batangas,,,Public Market,"Calatagan Public Market is a public market serving Calatagan, Batangas. It is located in/around Calatagan town proper; a municipal market serving the coastal municipality. The available public sources describe the facility mainly through its location and operating listing, so no unsupported claim about a unique specialty or product mix has been added.",https://www.google.com/maps/search/?api=1&query=Calatagan+Public+Market%2C+Calatagan%2C+Batangas%2C+Philippines,Current market/business listing + existing verified record,Medium,,Municipality of Calatagan,,,,https://www.google.com/maps/search/?api=1&query=Calatagan+Public+Market%2C+Calatagan%2C+Batangas%2C+Philippines,NEEDS_VERIFICATION,Provincial/city public-market inventory. No direct market/market-office phone was verified in the public sources checked on 2026-09-09.,,,,,,,,https://www.google.com/maps/search/?api=1&query=Calatagan+Public+Market%2C+Calatagan%2C+Batangas%2C+Philippines,https://www.google.com/maps/search/?api=1&query=Calatagan+Public+Market%2C+Calatagan%2C+Batangas%2C+Philippines,Basic - location verified; no public direct contact found,2026-09-09
BAT-007,Lucsuhin Public Market,Calatagan,Batangas,,,Public Market,"Lucsuhin Public Market is the principal municipal/city public-market facility recorded for Calatagan, Batangas. It is a general wet-and-dry market used for day-to-day food and household trade, with stalls typically serving local residents, retailers and small vendors. The listed operator is Municipality of Calatagan. No more detailed authoritative public profile was found during this research pass.",https://www.google.com/maps/search/?api=1&query=Lucsuhin+Public+Market%2C+Calatagan%2C+Batangas%2C+Philippines,Verified market identity/type/locality; no detailed market-specific public profile found,Basic,,Municipality of Calatagan,,,,https://www.google.com/maps/search/?api=1&query=Lucsuhin+Public+Market%2C+Calatagan%2C+Batangas%2C+Philippines,NEEDS_VERIFICATION,Provincial/city public-market inventory. No direct market/market-office phone was verified in the public sources checked on 2026-09-09.,,,,,,,,https://www.google.com/maps/search/?api=1&query=Lucsuhin+Public+Market%2C+Calatagan%2C+Batangas%2C+Philippines,https://www.google.com/maps/search/?api=1&query=Lucsuhin+Public+Market%2C+Calatagan%2C+Batangas%2C+Philippines,Basic - location verified; no public direct contact found,2026-09-09
BAT-008,Cuenca Public Market,Cuenca,Batangas,,,Public Market,"Cuenca Public Market is a public market serving Cuenca, Batangas. It is located in/around Cuenca town proper; identified as the municipality's central public-market facility. The available public sources describe the facility mainly through its location and operating listing, so no unsupported claim about a unique specialty or product mix has been added.",https://www.google.com/maps/search/?api=1&query=Cuenca+Public+Market%2C+Cuenca%2C+Batangas%2C+Philippines,Current market/business listing + existing verified record,Medium,,Municipality of Cuenca,,,,https://www.google.com/maps/search/?api=1&query=Cuenca+Public+Market%2C+Cuenca%2C+Batangas%2C+Philippines,NEEDS_VERIFICATION,Provincial/city public-market inventory. No direct market/market-office phone was verified in the public sources checked on 2026-09-09.,,,,,,,,https://www.google.com/maps/search/?api=1&query=Cuenca+Public+Market%2C+Cuenca%2C+Batangas%2C+Philippines,https://www.google.com/maps/search/?api=1&query=Cuenca+Public+Market%2C+Cuenca%2C+Batangas%2C+Philippines,Basic - location verified; no public direct contact found,2026-09-09
BAT-009,Ibaan Public Market,Ibaan,Batangas,,,Public Market,"Ibaan Public Market is a public market serving Ibaan, Batangas. It is located in/around Lipa–Ibaan Road, Ibaan; a municipal market positioned along a principal local road. The available public sources describe the facility mainly through its location and operating listing, so no unsupported claim about a unique specialty or product mix has been added.",https://www.google.com/maps/search/?api=1&query=Ibaan+Public+Market%2C+Ibaan%2C+Batangas%2C+Philippines,Current market/business listing + existing verified record,Medium,,Municipality of Ibaan,,,,https://www.google.com/maps/search/?api=1&query=Ibaan+Public+Market%2C+Ibaan%2C+Batangas%2C+Philippines,NEEDS_VERIFICATION,Provincial/city public-market inventory. No direct market/market-office phone was verified in the public sources checked on 2026-09-09.,,,,,,,,https://www.google.com/maps/search/?api=1&query=Ibaan+Public+Market%2C+Ibaan%2C+Batangas%2C+Philippines,https://www.google.com/maps/search/?api=1&query=Ibaan+Public+Market%2C+Ibaan%2C+Batangas%2C+Philippines,Basic - location verified; no public direct contact found,2026-09-09
BAT-010,Doña Marikita Villavicencio Agoncillo Public Market,Laurel,Batangas,,,Public Market,"Doña Marikita Villavicencio Agoncillo Public Market is the principal municipal/city public-market facility recorded for Laurel, Batangas. It is a general wet-and-dry market used for day-to-day food and household trade, with stalls typically serving local residents, retailers and small vendors. The listed operator is Municipality of Laurel. No more detailed authoritative public profile was found during this research pass.",https://www.google.com/maps/search/?api=1&query=Do%C3%B1a+Marikita+Villavicencio+Agoncillo+Public+Market%2C+Laurel%2C+Batangas%2C+Philippines,Verified market identity/type/locality; no detailed market-specific public profile found,Basic,,Municipality of Laurel,,,,https://www.google.com/maps/search/?api=1&query=Do%C3%B1a+Marikita+Villavicencio+Agoncillo+Public+Market%2C+Laurel%2C+Batangas%2C+Philippines,NEEDS_VERIFICATION,Provincial/city public-market inventory. No direct market/market-office phone was verified in the public sources checked on 2026-09-09.,,,,,,,,https://www.google.com/maps/search/?api=1&query=Do%C3%B1a+Marikita+Villavicencio+Agoncillo+Public+Market%2C+Laurel%2C+Batangas%2C+Philippines,https://www.google.com/maps/search/?api=1&query=Do%C3%B1a+Marikita+Villavicencio+Agoncillo+Public+Market%2C+Laurel%2C+Batangas%2C+Philippines,Basic - location verified; no public direct contact found,2026-09-09
BAT-011,Lemery New Public Market,Lemery,Batangas,,,Public Market,"Lemery New Public Market is the principal municipal/city public-market facility recorded for Lemery, Batangas. It is a general wet-and-dry market used for day-to-day food and household trade, with stalls typically serving local residents, retailers and small vendors. The listed operator is Municipality of Lemery. No more detailed authoritative public profile was found during this research pass.",https://philippines.worldplaces.me/view-place/67969490-new-lemery-public-market.html,Verified market identity/type/locality; no detailed market-specific public profile found,Basic,,Municipality of Lemery,0908 818 8999,https://www.facebook.com/188406665011353,Market/location Facebook page,https://philippines.worldplaces.me/view-place/67969490-new-lemery-public-market.html,NEEDS_VERIFICATION,Provincial/city public-market inventory. Facebook numeric page ID associated with New Lemery Public Market listing.,Direct market listing,,,,,,,https://www.google.com/maps/search/?api=1&query=Lemery+New+Public+Market%2C+Lemery%2C+Batangas%2C+Philippines,https://www.google.com/maps/search/?api=1&query=Lemery+New+Public+Market%2C+Lemery%2C+Batangas%2C+Philippines,Medium - business listing,2026-09-09
BAT-012,Lemery Satellite Market,Lemery,Batangas,,,Satellite Market,"Lemery Satellite Market is a smaller satellite market in Lemery, Batangas, established to serve a specific barangay/community outside the locality's main public-market complex. The listed operator is Municipality of Lemery. No more detailed authoritative public profile was found during this research pass.",https://www.google.com/maps/search/?api=1&query=Lemery+Satellite+Market%2C+Lemery%2C+Batangas%2C+Philippines,Verified market identity/type/locality; no detailed market-specific public profile found,Basic,Satellite-market details are limited; verify current operating days/site locally.,Municipality of Lemery,,,,https://www.google.com/maps/search/?api=1&query=Lemery+Satellite+Market%2C+Lemery%2C+Batangas%2C+Philippines,NEEDS_VERIFICATION,Provincial/city public-market inventory. No direct market/market-office phone was verified in the public sources checked on 2026-09-09.,,,,,,,,https://www.google.com/maps/search/?api=1&query=Lemery+Satellite+Market%2C+Lemery%2C+Batangas%2C+Philippines,https://www.google.com/maps/search/?api=1&query=Lemery+Satellite+Market%2C+Lemery%2C+Batangas%2C+Philippines,Basic - location verified; no public direct contact found,2026-09-09
BAT-013,Lian Public Market,Lian,Batangas,,,Public Market,"Lian Public Market is a public market serving Lian, Batangas. It is located in/around Kapitan Isko Street, Lian; the established municipal public-market site. The available public sources describe the facility mainly through its location and operating listing, so no unsupported claim about a unique specialty or product mix has been added.",https://www.google.com/maps/search/?api=1&query=Lian+Public+Market%2C+Lian%2C+Batangas%2C+Philippines,Current market/business listing + existing verified record,Medium,,Municipality of Lian,,,,https://www.google.com/maps/search/?api=1&query=Lian+Public+Market%2C+Lian%2C+Batangas%2C+Philippines,NEEDS_VERIFICATION,Provincial/city public-market inventory. No direct market/market-office phone was verified in the public sources checked on 2026-09-09.,,,,,,,,https://www.google.com/maps/search/?api=1&query=Lian+Public+Market%2C+Lian%2C+Batangas%2C+Philippines,https://www.google.com/maps/search/?api=1&query=Lian+Public+Market%2C+Lian%2C+Batangas%2C+Philippines,Basic - location verified; no public direct contact found,2026-09-09
BAT-014,Lobo New Public Market,Lobo,Batangas,,,Public Market,"Lobo New Public Market is the principal municipal/city public-market facility recorded for Lobo, Batangas. It is a general wet-and-dry market used for day-to-day food and household trade, with stalls typically serving local residents, retailers and small vendors. The listed operator is Municipality of Lobo. No more detailed authoritative public profile was found during this research pass.",https://www.google.com/maps/search/?api=1&query=Lobo+New+Public+Market%2C+Lobo%2C+Batangas%2C+Philippines,Verified market identity/type/locality; no detailed market-specific public profile found,Basic,,Municipality of Lobo,,,,https://www.google.com/maps/search/?api=1&query=Lobo+New+Public+Market%2C+Lobo%2C+Batangas%2C+Philippines,NEEDS_VERIFICATION,Provincial/city public-market inventory. No direct market/market-office phone was verified in the public sources checked on 2026-09-09.,,,,,,,,https://www.google.com/maps/search/?api=1&query=Lobo+New+Public+Market%2C+Lobo%2C+Batangas%2C+Philippines,https://www.google.com/maps/search/?api=1&query=Lobo+New+Public+Market%2C+Lobo%2C+Batangas%2C+Philippines,Basic - location verified; no public direct contact found,2026-09-09
BAT-015,Anilao Public Market,Mabini,Batangas,,,Public Market,"Anilao Public Market is the principal municipal/city public-market facility recorded for Mabini, Batangas. It is a general wet-and-dry market used for day-to-day food and household trade, with stalls typically serving local residents, retailers and small vendors. The listed operator is Municipality of Mabini. No more detailed authoritative public profile was found during this research pass.",https://www.google.com/maps/search/?api=1&query=Anilao+Public+Market%2C+Mabini%2C+Batangas%2C+Philippines,Verified market identity/type/locality; no detailed market-specific public profile found,Basic,,Municipality of Mabini,,,,https://www.google.com/maps/search/?api=1&query=Anilao+Public+Market%2C+Mabini%2C+Batangas%2C+Philippines,NEEDS_VERIFICATION,Provincial/city public-market inventory. No direct market/market-office phone was verified in the public sources checked on 2026-09-09.,,,,,,,,https://www.google.com/maps/search/?api=1&query=Anilao+Public+Market%2C+Mabini%2C+Batangas%2C+Philippines,https://www.google.com/maps/search/?api=1&query=Anilao+Public+Market%2C+Mabini%2C+Batangas%2C+Philippines,Basic - location verified; no public direct contact found,2026-09-09
BAT-016,Poblacion Public Market,Mabini,Batangas,,,Public Market,"Poblacion Public Market is the principal municipal/city public-market facility recorded for Mabini, Batangas. It is a general wet-and-dry market used for day-to-day food and household trade, with stalls typically serving local residents, retailers and small vendors. The listed operator is Municipality of Mabini. No more detailed authoritative public profile was found during this research pass.",https://www.google.com/maps/search/?api=1&query=Poblacion+Public+Market%2C+Mabini%2C+Batangas%2C+Philippines,Verified market identity/type/locality; no detailed market-specific public profile found,Basic,,Municipality of Mabini,,,,https://www.google.com/maps/search/?api=1&query=Poblacion+Public+Market%2C+Mabini%2C+Batangas%2C+Philippines,NEEDS_VERIFICATION,Provincial/city public-market inventory. No direct market/market-office phone was verified in the public sources checked on 2026-09-09.,,,,,,,,https://www.google.com/maps/search/?api=1&query=Poblacion+Public+Market%2C+Mabini%2C+Batangas%2C+Philippines,https://www.google.com/maps/search/?api=1&query=Poblacion+Public+Market%2C+Mabini%2C+Batangas%2C+Philippines,Basic - location verified; no public direct contact found,2026-09-09
BAT-017,Anilao Flea Market,Mabini,Batangas,,,Flea Market,"Anilao Flea Market is a small trading/flea-market area in Mabini, Batangas, characterized by independent vendors rather than a formal large public-market building. No more detailed authoritative public profile was found during this research pass.",https://www.google.com/maps/search/?api=1&query=Anilao+Flea+Market%2C+Mabini%2C+Batangas%2C+Philippines,Verified market identity/type/locality; no detailed market-specific public profile found,Basic,,,,,,https://www.google.com/maps/search/?api=1&query=Anilao+Flea+Market%2C+Mabini%2C+Batangas%2C+Philippines,NEEDS_VERIFICATION,Provincial/city public-market inventory. No direct market/market-office phone was verified in the public sources checked on 2026-09-09.,,,,,,,,https://www.google.com/maps/search/?api=1&query=Anilao+Flea+Market%2C+Mabini%2C+Batangas%2C+Philippines,https://www.google.com/maps/search/?api=1&query=Anilao+Flea+Market%2C+Mabini%2C+Batangas%2C+Philippines,Basic - location verified; no public direct contact found,2026-09-09
BAT-018,Talaga Flea Market,Mabini,Batangas,,,Flea Market / Trading Area,"Talaga Flea Market is a small trading/flea-market area in Mabini, Batangas, characterized by independent vendors rather than a formal large public-market building. No more detailed authoritative public profile was found during this research pass.",https://www.google.com/maps/search/?api=1&query=Talaga+Flea+Market%2C+Mabini%2C+Batangas%2C+Philippines,Verified market identity/type/locality; no detailed market-specific public profile found,Basic,A current listing for Talaga Flea Market marks the listed site permanently closed; verify before routing users there.,,,,,https://www.google.com/maps/search/?api=1&query=Talaga+Flea+Market%2C+Mabini%2C+Batangas%2C+Philippines,NEEDS_VERIFICATION,Provincial/city public-market inventory. No direct market/market-office phone was verified in the public sources checked on 2026-09-09.,,,,,,,,https://www.google.com/maps/search/?api=1&query=Talaga+Flea+Market%2C+Mabini%2C+Batangas%2C+Philippines,https://www.google.com/maps/search/?api=1&query=Talaga+Flea+Market%2C+Mabini%2C+Batangas%2C+Philippines,Basic - location verified; no public direct contact found,2026-09-09
BAT-019,Malvar Public Market,Malvar,Batangas,,,Public Market,"Malvar Public Market is a public market serving Malvar, Batangas. It is located in/around J. Lantin area, Malvar; a daily public market generally active from early morning to early evening. The available public sources describe the facility mainly through its location and operating listing, so no unsupported claim about a unique specialty or product mix has been added.",https://www.google.com/maps/search/?api=1&query=Malvar+Public+Market%2C+Malvar%2C+Batangas%2C+Philippines,Current market/business listing + existing verified record,Medium,,Municipality of Malvar,,,,https://www.google.com/maps/search/?api=1&query=Malvar+Public+Market%2C+Malvar%2C+Batangas%2C+Philippines,NEEDS_VERIFICATION,Provincial/city public-market inventory. No direct market/market-office phone was verified in the public sources checked on 2026-09-09.,,,,,,,,https://www.google.com/maps/search/?api=1&query=Malvar+Public+Market%2C+Malvar%2C+Batangas%2C+Philippines,https://www.google.com/maps/search/?api=1&query=Malvar+Public+Market%2C+Malvar%2C+Batangas%2C+Philippines,Basic - location verified; no public direct contact found,2026-09-09
BAT-020,Mataasnakahoy Talipapa,Mataasnakahoy,Batangas,,,Talipapa / Satellite Market,"Mataasnakahoy Talipapa is a neighborhood talipapa in Mataasnakahoy, Batangas. It is a smaller, community-scale market rather than a full municipal market complex and is intended for convenient local buying and selling. No more detailed authoritative public profile was found during this research pass.",https://www.google.com/maps/search/?api=1&query=Mataasnakahoy+Talipapa%2C+Mataasnakahoy%2C+Batangas%2C+Philippines,Verified market identity/type/locality; no detailed market-specific public profile found,Basic,,,,,,https://www.google.com/maps/search/?api=1&query=Mataasnakahoy+Talipapa%2C+Mataasnakahoy%2C+Batangas%2C+Philippines,NEEDS_VERIFICATION,Provincial/city public-market inventory. No direct market/market-office phone was verified in the public sources checked on 2026-09-09.,,,,,,,,https://www.google.com/maps/search/?api=1&query=Mataasnakahoy+Talipapa%2C+Mataasnakahoy%2C+Batangas%2C+Philippines,https://www.google.com/maps/search/?api=1&query=Mataasnakahoy+Talipapa%2C+Mataasnakahoy%2C+Batangas%2C+Philippines,Basic - location verified; no public direct contact found,2026-09-09
BAT-021,Nasugbu Public Market,Nasugbu,Batangas,14.07068,120.63089,Public Market,"Nasugbu Public Market is a public market serving Nasugbu, Batangas. It is located in/around F. Castro Street area, Nasugbu; a daily public market with morning-to-evening trading. The available public sources describe the facility mainly through its location and operating listing, so no unsupported claim about a unique specialty or product mix has been added.",https://www.google.com/maps/search/?api=1&query=Nasugbu+Public+Market%2C+Nasugbu%2C+Batangas%2C+Philippines,Current market/business listing + existing verified record,Medium,,Municipality of Nasugbu,,,,https://www.google.com/maps/search/?api=1&query=Nasugbu+Public+Market%2C+Nasugbu%2C+Batangas%2C+Philippines,MEDIUM,Provincial/city public-market inventory. No direct market/market-office phone was verified in the public sources checked on 2026-09-09.,,,,,,,,https://www.google.com/maps/search/?api=1&query=Nasugbu+Public+Market%2C+Nasugbu%2C+Batangas%2C+Philippines,https://www.google.com/maps/search/?api=1&query=Nasugbu+Public+Market%2C+Nasugbu%2C+Batangas%2C+Philippines,Basic - location verified; no public direct contact found,2026-09-09
BAT-022,Padre Garcia Public Market,Padre Garcia,Batangas,,,Public Market,"Padre Garcia Public Market is a public market serving Padre Garcia, Batangas. It is located in/around Jose P. Rizal Street, Poblacion, Padre Garcia; the town's general public market, separate from the specialized livestock auction market. The available public sources describe the facility mainly through its location and operating listing, so no unsupported claim about a unique specialty or product mix has been added.",https://philippines.worldplaces.me/review/228134392-padre-garcia-public-market.html,Current market/business listing + existing verified record,Medium,,Municipality of Padre Garcia,,https://www.facebook.com/942153382657618,Market/location Facebook page,https://philippines.worldplaces.me/review/228134392-padre-garcia-public-market.html,NEEDS_VERIFICATION,Provincial/city public-market inventory. Facebook numeric page ID associated with market listing. No direct market/market-office phone was verified in the public sources checked on 2026-09-09.,,,,,,,,https://www.google.com/maps/search/?api=1&query=Padre+Garcia+Public+Market%2C+Padre+Garcia%2C+Batangas%2C+Philippines,https://www.google.com/maps/search/?api=1&query=Padre+Garcia+Public+Market%2C+Padre+Garcia%2C+Batangas%2C+Philippines,Medium - market-specific social/listing source,2026-09-09
BAT-023,PJ/RJ Talipapa,Padre Garcia,Batangas,,,Talipapa,"PJ/RJ Talipapa is a neighborhood talipapa in Padre Garcia, Batangas. It is a smaller, community-scale market rather than a full municipal market complex and is intended for convenient local buying and selling. No more detailed authoritative public profile was found during this research pass.",https://www.google.com/maps/search/?api=1&query=PJ%2FRJ+Talipapa%2C+Padre+Garcia%2C+Batangas%2C+Philippines,Verified market identity/type/locality; no detailed market-specific public profile found,Basic,,,,,,https://www.google.com/maps/search/?api=1&query=PJ%2FRJ+Talipapa%2C+Padre+Garcia%2C+Batangas%2C+Philippines,NEEDS_VERIFICATION,Provincial/city public-market inventory. No direct market/market-office phone was verified in the public sources checked on 2026-09-09.,,,,,,,,https://www.google.com/maps/search/?api=1&query=PJ%2FRJ+Talipapa%2C+Padre+Garcia%2C+Batangas%2C+Philippines,https://www.google.com/maps/search/?api=1&query=PJ%2FRJ+Talipapa%2C+Padre+Garcia%2C+Batangas%2C+Philippines,Basic - location verified; no public direct contact found,2026-09-09
BAT-024,MGM Talipapa,Padre Garcia,Batangas,,,Talipapa,"MGM Talipapa is a neighborhood talipapa in Padre Garcia, Batangas. It is a smaller, community-scale market rather than a full municipal market complex and is intended for convenient local buying and selling. No more detailed authoritative public profile was found during this research pass.",https://www.google.com/maps/search/?api=1&query=MGM+Talipapa%2C+Padre+Garcia%2C+Batangas%2C+Philippines,Verified market identity/type/locality; no detailed market-specific public profile found,Basic,,,,,,https://www.google.com/maps/search/?api=1&query=MGM+Talipapa%2C+Padre+Garcia%2C+Batangas%2C+Philippines,NEEDS_VERIFICATION,Provincial/city public-market inventory. No direct market/market-office phone was verified in the public sources checked on 2026-09-09.,,,,,,,,https://www.google.com/maps/search/?api=1&query=MGM+Talipapa%2C+Padre+Garcia%2C+Batangas%2C+Philippines,https://www.google.com/maps/search/?api=1&query=MGM+Talipapa%2C+Padre+Garcia%2C+Batangas%2C+Philippines,Basic - location verified; no public direct contact found,2026-09-09
BAT-025,Padre Garcia Livestock Auction Market,Padre Garcia,Batangas,,,Livestock Auction Market,"Padre Garcia Livestock Auction Market is a major livestock-trading center in Padre Garcia, the town widely known as the Cattle Trading Capital of the Philippines. The market handles cattle as well as carabaos, horses, pigs and goats, and provides organized auction/trading services, veterinary inspection, holding pens, shipping permits and ownership certification. It draws livestock traders from CALABARZON and other regions.",https://sites.google.com/view/pglivestockauctionmarket/home,Dedicated livestock-market site + LGU tourism information,High,,Municipality of Padre Garcia,,,,https://www.google.com/maps/search/?api=1&query=Padre+Garcia+Livestock+Auction+Market%2C+Padre+Garcia%2C+Batangas%2C+Philippines,NEEDS_VERIFICATION,Provincial/city public-market inventory. No direct market/market-office phone was verified in the public sources checked on 2026-09-09.,,,,,,,,https://www.google.com/maps/search/?api=1&query=Padre+Garcia+Livestock+Auction+Market%2C+Padre+Garcia%2C+Batangas%2C+Philippines,https://www.google.com/maps/search/?api=1&query=Padre+Garcia+Livestock+Auction+Market%2C+Padre+Garcia%2C+Batangas%2C+Philippines,Basic - location verified; no public direct contact found,2026-09-09
BAT-026,Rosario Public Market,Rosario,Batangas,,,Public Market,"Rosario Public Market is the principal municipal/city public-market facility recorded for Rosario, Batangas. It is a general wet-and-dry market used for day-to-day food and household trade, with stalls typically serving local residents, retailers and small vendors. The listed operator is Municipality of Rosario. No more detailed authoritative public profile was found during this research pass.",https://rosariobatangasaccesspointdatabase.blogspot.com/,Verified market identity/type/locality; no detailed market-specific public profile found,Basic,,Municipality of Rosario,(043) 414-0098 / (043) 740-2524,,,https://rosariobatangasaccesspointdatabase.blogspot.com/,NEEDS_VERIFICATION,Provincial/city public-market inventory. Contacts are for the Primark Center integrated with Rosario Public Market location.,LGU Public Market Office,,,pmorosario@gmail.com,"Public Market, Market Site, Barangay Poblacion E, Rosario, Batangas",https://rosariobatangasaccesspointdatabase.blogspot.com/,Municipal access-point/public office directory,https://www.google.com/maps/search/?api=1&query=Rosario+Public+Market%2C+Rosario%2C+Batangas%2C+Philippines,https://www.google.com/maps/search/?api=1&query=Rosario+Public+Market%2C+Rosario%2C+Batangas%2C+Philippines,High - dedicated public market office directory,2026-09-09
BAT-027,Taysan Public Market,San Jose,Batangas,,,Public Market,"Taysan Public Market is a public market serving San Jose, Batangas. It is located in/around Rosario Road/Taysan area; a public-market facility serving the Taysan/San Jose-side trading corridor in the source dataset. The available public sources describe the facility mainly through its location and operating listing, so no unsupported claim about a unique specialty or product mix has been added.",https://www.google.com/maps/search/?api=1&query=Taysan+Public+Market%2C+San+Jose%2C+Batangas%2C+Philippines,Current market/business listing + existing verified record,Medium,,Municipality of San Jose,,,,https://www.google.com/maps/search/?api=1&query=Taysan+Public+Market%2C+San+Jose%2C+Batangas%2C+Philippines,NEEDS_VERIFICATION,Provincial/city public-market inventory. No direct market/market-office phone was verified in the public sources checked on 2026-09-09.,,,,,,,,https://www.google.com/maps/search/?api=1&query=Taysan+Public+Market%2C+San+Jose%2C+Batangas%2C+Philippines,https://www.google.com/maps/search/?api=1&query=Taysan+Public+Market%2C+San+Jose%2C+Batangas%2C+Philippines,Basic - location verified; no public direct contact found,2026-09-09
BAT-028,Natunuan Public Market,San Jose,Batangas,,,Public Market,"Natunuan Public Market is a public market serving San Jose, Batangas. It is located in/around Batangas–Balete Road, San Jose; a small market/grocery facility at Natunuan. The available public sources describe the facility mainly through its location and operating listing, so no unsupported claim about a unique specialty or product mix has been added.",https://www.google.com/maps/search/?api=1&query=Natunuan+Public+Market%2C+San+Jose%2C+Batangas%2C+Philippines,Current market/business listing + existing verified record,Medium,,Municipality of San Jose,,,,https://www.google.com/maps/search/?api=1&query=Natunuan+Public+Market%2C+San+Jose%2C+Batangas%2C+Philippines,NEEDS_VERIFICATION,Provincial/city public-market inventory. No direct market/market-office phone was verified in the public sources checked on 2026-09-09.,,,,,,,,https://www.google.com/maps/search/?api=1&query=Natunuan+Public+Market%2C+San+Jose%2C+Batangas%2C+Philippines,https://www.google.com/maps/search/?api=1&query=Natunuan+Public+Market%2C+San+Jose%2C+Batangas%2C+Philippines,Basic - location verified; no public direct contact found,2026-09-09
BAT-029,San Juan Public Market,San Juan,Batangas,,,Public Market,"San Juan Public Market is a public market serving San Juan, Batangas. It is located in/around Kalayaan Street, Poblacion, San Juan; listed as a traditional market in the municipal center. The available public sources describe the facility mainly through its location and operating listing, so no unsupported claim about a unique specialty or product mix has been added.",https://www.google.com/maps/search/?api=1&query=San+Juan+Public+Market%2C+San+Juan%2C+Batangas%2C+Philippines,Current market/business listing + existing verified record,Medium,,Municipality of San Juan,0948 116 4879,,,https://www.google.com/maps/search/?api=1&query=San+Juan+Public+Market%2C+San+Juan%2C+Batangas%2C+Philippines,NEEDS_VERIFICATION,Provincial/city public-market inventory.,Direct market listing,,,,,,,https://www.google.com/maps/search/?api=1&query=San+Juan+Public+Market%2C+San+Juan%2C+Batangas%2C+Philippines,https://www.google.com/maps/search/?api=1&query=San+Juan+Public+Market%2C+San+Juan%2C+Batangas%2C+Philippines,Medium - business listing,2026-09-09
BAT-030,San Luis Public Market,San Luis,Batangas,,,Public Market,"San Luis Public Market is a public market serving San Luis, Batangas. It is located in/around San Luis Coastal Road, Poblacion, San Luis; a small coastal-town public market. The available public sources describe the facility mainly through its location and operating listing, so no unsupported claim about a unique specialty or product mix has been added.",https://www.google.com/maps/search/?api=1&query=San+Luis+Public+Market%2C+San+Luis%2C+Batangas%2C+Philippines,Current market/business listing + existing verified record,Medium,,Municipality of San Luis,,,,https://www.google.com/maps/search/?api=1&query=San+Luis+Public+Market%2C+San+Luis%2C+Batangas%2C+Philippines,NEEDS_VERIFICATION,Provincial/city public-market inventory. No direct market/market-office phone was verified in the public sources checked on 2026-09-09.,,,,,,,,https://www.google.com/maps/search/?api=1&query=San+Luis+Public+Market%2C+San+Luis%2C+Batangas%2C+Philippines,https://www.google.com/maps/search/?api=1&query=San+Luis+Public+Market%2C+San+Luis%2C+Batangas%2C+Philippines,Basic - location verified; no public direct contact found,2026-09-09
BAT-031,San Nicolas Public Market,San Nicolas,Batangas,,,Public Market,"San Nicolas Public Market is a public market serving San Nicolas, Batangas. It is located in/around San Nicolas town proper; the municipality's local public-market facility. The available public sources describe the facility mainly through its location and operating listing, so no unsupported claim about a unique specialty or product mix has been added.",https://www.google.com/maps/search/?api=1&query=San+Nicolas+Public+Market%2C+San+Nicolas%2C+Batangas%2C+Philippines,Current market/business listing + existing verified record,Medium,,Municipality of San Nicolas,,,,https://www.google.com/maps/search/?api=1&query=San+Nicolas+Public+Market%2C+San+Nicolas%2C+Batangas%2C+Philippines,NEEDS_VERIFICATION,Provincial/city public-market inventory. No direct market/market-office phone was verified in the public sources checked on 2026-09-09.,,,,,,,,https://www.google.com/maps/search/?api=1&query=San+Nicolas+Public+Market%2C+San+Nicolas%2C+Batangas%2C+Philippines,https://www.google.com/maps/search/?api=1&query=San+Nicolas+Public+Market%2C+San+Nicolas%2C+Batangas%2C+Philippines,Basic - location verified; no public direct contact found,2026-09-09
BAT-032,San Pascual Public Market,San Pascual,Batangas,,,Public Market,"San Pascual Public Market is a public market serving San Pascual, Batangas. It is located in/around San Pascual town center; a busy daily public market with very early opening through evening. The available public sources describe the facility mainly through its location and operating listing, so no unsupported claim about a unique specialty or product mix has been added.",https://www.google.com/maps/search/?api=1&query=San+Pascual+Public+Market%2C+San+Pascual%2C+Batangas%2C+Philippines,Current market/business listing + existing verified record,Medium,,Municipality of San Pascual,0939 494 1582,,,https://www.google.com/maps/search/?api=1&query=San+Pascual+Public+Market%2C+San+Pascual%2C+Batangas%2C+Philippines,NEEDS_VERIFICATION,Provincial/city public-market inventory.,Direct market listing,,,,,,,https://www.google.com/maps/search/?api=1&query=San+Pascual+Public+Market%2C+San+Pascual%2C+Batangas%2C+Philippines,https://www.google.com/maps/search/?api=1&query=San+Pascual+Public+Market%2C+San+Pascual%2C+Batangas%2C+Philippines,Medium - business listing,2026-09-09
BAT-033,Sambat Flea Market,San Pascual,Batangas,,,Flea Market,"Sambat Flea Market is a small trading/flea-market area in San Pascual, Batangas, characterized by independent vendors rather than a formal large public-market building. No more detailed authoritative public profile was found during this research pass.",https://www.google.com/maps/search/?api=1&query=Sambat+Flea+Market%2C+San+Pascual%2C+Batangas%2C+Philippines,Verified market identity/type/locality; no detailed market-specific public profile found,Basic,,,,,,https://www.google.com/maps/search/?api=1&query=Sambat+Flea+Market%2C+San+Pascual%2C+Batangas%2C+Philippines,NEEDS_VERIFICATION,Provincial/city public-market inventory. No direct market/market-office phone was verified in the public sources checked on 2026-09-09.,,,,,,,,https://www.google.com/maps/search/?api=1&query=Sambat+Flea+Market%2C+San+Pascual%2C+Batangas%2C+Philippines,https://www.google.com/maps/search/?api=1&query=Sambat+Flea+Market%2C+San+Pascual%2C+Batangas%2C+Philippines,Basic - location verified; no public direct contact found,2026-09-09
BAT-034,Crossroad Mini Market,San Pascual,Batangas,,,Mini Market,"Crossroad Mini Market is a neighborhood mini-market in San Pascual, Batangas, providing a compact local retail alternative to the larger municipal public market. No more detailed authoritative public profile was found during this research pass.",https://www.google.com/maps/search/?api=1&query=Crossroad+Mini+Market%2C+San+Pascual%2C+Batangas%2C+Philippines,Verified market identity/type/locality; no detailed market-specific public profile found,Basic,,,,,,https://www.google.com/maps/search/?api=1&query=Crossroad+Mini+Market%2C+San+Pascual%2C+Batangas%2C+Philippines,NEEDS_VERIFICATION,Provincial/city public-market inventory. No direct market/market-office phone was verified in the public sources checked on 2026-09-09.,,,,,,,,https://www.google.com/maps/search/?api=1&query=Crossroad+Mini+Market%2C+San+Pascual%2C+Batangas%2C+Philippines,https://www.google.com/maps/search/?api=1&query=Crossroad+Mini+Market%2C+San+Pascual%2C+Batangas%2C+Philippines,Basic - location verified; no public direct contact found,2026-09-09
BAT-035,Tawilisan Public Market,Santa Teresita,Batangas,,,Public Market,"Tawilisan Public Market is the principal municipal/city public-market facility recorded for Santa Teresita, Batangas. It is a general wet-and-dry market used for day-to-day food and household trade, with stalls typically serving local residents, retailers and small vendors. The listed operator is Municipality of Santa Teresita. No more detailed authoritative public profile was found during this research pass.",https://www.google.com/maps/search/?api=1&query=Tawilisan+Public+Market%2C+Santa+Teresita%2C+Batangas%2C+Philippines,Verified market identity/type/locality; no detailed market-specific public profile found,Basic,,Municipality of Santa Teresita,,,,https://www.google.com/maps/search/?api=1&query=Tawilisan+Public+Market%2C+Santa+Teresita%2C+Batangas%2C+Philippines,NEEDS_VERIFICATION,Provincial/city public-market inventory. No direct market/market-office phone was verified in the public sources checked on 2026-09-09.,,,,,,,,https://www.google.com/maps/search/?api=1&query=Tawilisan+Public+Market%2C+Santa+Teresita%2C+Batangas%2C+Philippines,https://www.google.com/maps/search/?api=1&query=Tawilisan+Public+Market%2C+Santa+Teresita%2C+Batangas%2C+Philippines,Basic - location verified; no public direct contact found,2026-09-09
BAT-036,Taal Public Market,Taal,Batangas,,,Public Market,"Taal Public Market is a compact local market near Taal's heritage center. It carries everyday fresh-market goods such as fish, meat, vegetables, fruits, coffee and seasonings, while nearby and in-market stalls also sell products associated with Taal such as tapa/longganisa, local delicacies and embroidered or formal-wear items. Its location makes it both a resident market and a convenient stop for visitors to the heritage town.",https://www.tripadvisor.com.ph/Attraction_Review-g1587917-d24131222-Reviews-Taal_Public_Market-Taal_Batangas_Province_Calabarzon_Region_Luzon.html,Market-specific visitor descriptions,Medium-High,,Municipality of Taal,,https://www.facebook.com/190101191500262,Market/location Facebook page,https://philippines.worldplaces.me/view-place/83058101-taal-public-market.html,NEEDS_VERIFICATION,Provincial/city public-market inventory. Facebook numeric page ID associated with market listing. No direct market/market-office phone was verified in the public sources checked on 2026-09-09.,,,,,,,,https://www.google.com/maps/search/?api=1&query=Taal+Public+Market%2C+Taal%2C+Batangas%2C+Philippines,https://www.google.com/maps/search/?api=1&query=Taal+Public+Market%2C+Taal%2C+Batangas%2C+Philippines,Medium - market-specific social/listing source,2026-09-09
BAT-037,Talisay Public Market,Talisay,Batangas,,,Public Market,"Talisay Public Market is the municipality's central commercial market and a modernized wet-and-dry market serving the Taal Lake-side town. The current market concept combines fresh seafood, meat and produce with prepared foods, specialty vendors and local MSME stalls. Municipal planning documents identify the public market as the center of local commerce, while fisheries remain an important part of Talisay's economy.",https://publicmarket.com.ph/about/,Market operator + Talisay municipal profile,High,,Municipality of Talisay,,,,https://www.google.com/maps/search/?api=1&query=Talisay+Public+Market%2C+Talisay%2C+Batangas%2C+Philippines,NEEDS_VERIFICATION,Provincial/city public-market inventory. No direct market/market-office phone was verified in the public sources checked on 2026-09-09.,,,,,,,,https://www.google.com/maps/search/?api=1&query=Talisay+Public+Market%2C+Talisay%2C+Batangas%2C+Philippines,https://www.google.com/maps/search/?api=1&query=Talisay+Public+Market%2C+Talisay%2C+Batangas%2C+Philippines,Basic - location verified; no public direct contact found,2026-09-09
BAT-038,Taysan Public Market,Taysan,Batangas,,,Public Market,"Taysan Public Market is a public market serving Taysan, Batangas. It is located in/around Rosario Road, Taysan; the municipality's public-market facility along the main local road. The available public sources describe the facility mainly through its location and operating listing, so no unsupported claim about a unique specialty or product mix has been added.",https://www.google.com/maps/search/?api=1&query=Taysan+Public+Market%2C+Taysan%2C+Batangas%2C+Philippines,Current market/business listing + existing verified record,Medium,,Municipality of Taysan,,,,https://www.google.com/maps/search/?api=1&query=Taysan+Public+Market%2C+Taysan%2C+Batangas%2C+Philippines,NEEDS_VERIFICATION,Provincial/city public-market inventory. No direct market/market-office phone was verified in the public sources checked on 2026-09-09.,,,,,,,,https://www.google.com/maps/search/?api=1&query=Taysan+Public+Market%2C+Taysan%2C+Batangas%2C+Philippines,https://www.google.com/maps/search/?api=1&query=Taysan+Public+Market%2C+Taysan%2C+Batangas%2C+Philippines,Basic - location verified; no public direct contact found,2026-09-09
BAT-039,Tuy Public Market,Tuy,Batangas,,,Public Market,"Tuy Public Market is a public market serving Tuy, Batangas. It is located in/around Tuy town center; a municipal market/commercial building with daily daytime operations. The available public sources describe the facility mainly through its location and operating listing, so no unsupported claim about a unique specialty or product mix has been added.",https://www.google.com/maps/search/?api=1&query=Tuy+Public+Market%2C+Tuy%2C+Batangas%2C+Philippines,Current market/business listing + existing verified record,Medium,,Municipality of Tuy,,,,https://www.google.com/maps/search/?api=1&query=Tuy+Public+Market%2C+Tuy%2C+Batangas%2C+Philippines,NEEDS_VERIFICATION,Provincial/city public-market inventory. No direct market/market-office phone was verified in the public sources checked on 2026-09-09.,,,,,,,,https://www.google.com/maps/search/?api=1&query=Tuy+Public+Market%2C+Tuy%2C+Batangas%2C+Philippines,https://www.google.com/maps/search/?api=1&query=Tuy+Public+Market%2C+Tuy%2C+Batangas%2C+Philippines,Basic - location verified; no public direct contact found,2026-09-09
BAT-040,Batangas City Old Public Market,Batangas City,Batangas,13.75694,121.05536,Public Market,"Batangas City Old Public Market, locally known as the Unang Palengke, is the city's long-established downtown market in the Poblacion. The city profile identifies wet and dry sections as its main components, with stalls for local meat, fish, produce, clothing and small services. The market was rehabilitated/redeveloped after the earlier facility was damaged by fire.",https://www.batangascity.gov.ph/web/images/SEPPP/SEPPP_CY2020.pdf,Official Batangas City socio-economic profile,High,,City Government of Batangas City,,,,https://www.google.com/maps/search/?api=1&query=Batangas+City+Old+Public+Market%2C+Batangas+City%2C+Batangas%2C+Philippines,MEDIUM,Provincial/city public-market inventory. No direct market/market-office phone was verified in the public sources checked on 2026-09-09.,,,,,,,,https://www.google.com/maps/search/?api=1&query=Batangas+City+Old+Public+Market%2C+Batangas+City%2C+Batangas%2C+Philippines,https://www.google.com/maps/search/?api=1&query=Batangas+City+Old+Public+Market%2C+Batangas+City%2C+Batangas%2C+Philippines,Basic - location verified; no public direct contact found,2026-09-09
BAT-041,Julian Pastor Memorial Market II,Batangas City,Batangas,13.74964,121.05568,Public Market / Bagsakan,"Julian Pastor Memorial Market II in Barangay Cuta is Batangas City's second major public market and the city's designated bagsakan area for locally produced fruits and vegetables. It also contains extensive dry-goods, grocery, food, footwear and other retail sections, so it functions as both a produce aggregation point and a large general market.",https://www.batangascity.gov.ph/web/images/SEPPP/SEPPP_CY2020.pdf,Official Batangas City socio-economic profile,High,,City Government of Batangas City,,,,https://www.google.com/maps/search/?api=1&query=Julian+Pastor+Memorial+Market+II%2C+Batangas+City%2C+Batangas%2C+Philippines,MEDIUM,Mapped market; agricultural produce bagsakan. No direct market/market-office phone was verified in the public sources checked on 2026-09-09.,,,,,,,,https://www.google.com/maps/search/?api=1&query=Julian+Pastor+Memorial+Market+II%2C+Batangas+City%2C+Batangas%2C+Philippines,https://www.google.com/maps/search/?api=1&query=Julian+Pastor+Memorial+Market+II%2C+Batangas+City%2C+Batangas%2C+Philippines,Basic - location verified; no public direct contact found,2026-09-09
BAT-042,Julian Pastor Memorial Market III,Batangas City,Batangas,,,Public Market,"Julian Pastor Memorial Market III is the newer reconstructed market building within Batangas City's Bagong Palengke complex in Barangay Cuta. It opened in 2020 with hundreds of stalls and was designed with separated sections for meat, fish, fruits and vegetables, and dry goods, providing a more spacious supermarket-like layout than older market buildings.",https://www.batangascity.gov.ph/web/current-news/1953-pagsasaayos-ng-mga-pangunahing-kalsada-sisimulang-ngayong-tag-araw,Official Batangas City project description,High,,City Government of Batangas City,,,,https://www.google.com/maps/search/?api=1&query=Julian+Pastor+Memorial+Market+III%2C+Batangas+City%2C+Batangas%2C+Philippines,NEEDS_VERIFICATION,Provincial/city public-market inventory. No direct market/market-office phone was verified in the public sources checked on 2026-09-09.,,,,,,,,https://www.google.com/maps/search/?api=1&query=Julian+Pastor+Memorial+Market+III%2C+Batangas+City%2C+Batangas%2C+Philippines,https://www.google.com/maps/search/?api=1&query=Julian+Pastor+Memorial+Market+III%2C+Batangas+City%2C+Batangas%2C+Philippines,Basic - location verified; no public direct contact found,2026-09-09
BAT-043,Batangas City Satellite Market – Tabangao Ambulong,Batangas City,Batangas,,,Satellite Market,The Tabangao Ambulong Satellite Market is one of Batangas City's three documented satellite markets/talipapa. It provides neighborhood-scale access to market goods for residents of Tabangao Ambulong and reduces the need to travel to the city's larger downtown markets.,https://www.batangascity.gov.ph/web/images/SEPPP/SEPPP_CY2020.pdf,Official Batangas City socio-economic profile,High,,City Government of Batangas City,,,,https://www.google.com/maps/search/?api=1&query=Batangas+City+Satellite+Market+%E2%80%93+Tabangao+Ambulong%2C+Batangas+City%2C+Batangas%2C+Philippines,NEEDS_VERIFICATION,Provincial/city public-market inventory. No direct market/market-office phone was verified in the public sources checked on 2026-09-09.,,,,,,,,https://www.google.com/maps/search/?api=1&query=Batangas+City+Satellite+Market+%E2%80%93+Tabangao+Ambulong%2C+Batangas+City%2C+Batangas%2C+Philippines,https://www.google.com/maps/search/?api=1&query=Batangas+City+Satellite+Market+%E2%80%93+Tabangao+Ambulong%2C+Batangas+City%2C+Batangas%2C+Philippines,Basic - location verified; no public direct contact found,2026-09-09
BAT-044,Batangas City Satellite Market – Balagtas,Batangas City,Batangas,,,Satellite Market,The Balagtas Satellite Market is one of Batangas City's documented satellite markets/talipapa. It serves the Balagtas area as a smaller community market complementing the Old Public Market and Julian Pastor Memorial Market complex.,https://www.batangascity.gov.ph/web/images/SEPPP/SEPPP_CY2020.pdf,Official Batangas City socio-economic profile,High,,City Government of Batangas City,,,,https://www.google.com/maps/search/?api=1&query=Batangas+City+Satellite+Market+%E2%80%93+Balagtas%2C+Batangas+City%2C+Batangas%2C+Philippines,NEEDS_VERIFICATION,Provincial/city public-market inventory. No direct market/market-office phone was verified in the public sources checked on 2026-09-09.,,,,,,,,https://www.google.com/maps/search/?api=1&query=Batangas+City+Satellite+Market+%E2%80%93+Balagtas%2C+Batangas+City%2C+Batangas%2C+Philippines,https://www.google.com/maps/search/?api=1&query=Batangas+City+Satellite+Market+%E2%80%93+Balagtas%2C+Batangas+City%2C+Batangas%2C+Philippines,Basic - location verified; no public direct contact found,2026-09-09
BAT-045,Batangas City Satellite Market – Libjo,Batangas City,Batangas,,,Satellite Market,The Libjo Satellite Market is one of Batangas City's documented satellite markets/talipapa. It provides a local market outlet for the Libjo area while complementing the city's larger public-market facilities in the Poblacion and Cuta.,https://www.batangascity.gov.ph/web/images/SEPPP/SEPPP_CY2020.pdf,Official Batangas City socio-economic profile,High,,City Government of Batangas City,,,,https://www.google.com/maps/search/?api=1&query=Batangas+City+Satellite+Market+%E2%80%93+Libjo%2C+Batangas+City%2C+Batangas%2C+Philippines,NEEDS_VERIFICATION,Provincial/city public-market inventory. No direct market/market-office phone was verified in the public sources checked on 2026-09-09.,,,,,,,,https://www.google.com/maps/search/?api=1&query=Batangas+City+Satellite+Market+%E2%80%93+Libjo%2C+Batangas+City%2C+Batangas%2C+Philippines,https://www.google.com/maps/search/?api=1&query=Batangas+City+Satellite+Market+%E2%80%93+Libjo%2C+Batangas+City%2C+Batangas%2C+Philippines,Basic - location verified; no public direct contact found,2026-09-09
BAT-046,Candido B. Lopez Memorial Public Market,Lipa City,Batangas,13.94366,121.16095,Public Market,"Candido B. Lopez Memorial Public Market is a public market serving Lipa City, Batangas. It is located in/around Malabanan Street, Lipa City; Lipa's city-managed memorial public market under the Economic Enterprise Division. The available public sources describe the facility mainly through its location and operating listing, so no unsupported claim about a unique specialty or product mix has been added.",https://maps.apple.com/place?place-id=I9EC6CB3B42518D41,Current market/business listing + existing verified record,Medium,,City Government of Lipa City,(043) 757-2109,,,https://maps.apple.com/place?place-id=I9EC6CB3B42518D41,MEDIUM,Provincial/city public-market inventory. Public listing contact retained; verify with Lipa City market administration for production use.,Direct public-market listing,,,,,https://lipa.gov.ph/institutional-development/,Official LGU page describing Lopez Memorial Public Market services,https://lipa.gov.ph/institutional-development/,https://www.google.com/maps/search/?api=1&query=Candido+B.+Lopez+Memorial+Public+Market%2C+Lipa+City%2C+Batangas%2C+Philippines,Medium-High - Apple/Foursquare phone + official LGU market service page,2026-09-09
BAT-047,Tanauan City Public Market,Tanauan City,Batangas,,,Public Market,"Tanauan City Public Market is a public market serving Tanauan City, Batangas. It is located in/around Tanauan City public-market area; managed by the city's Office of the Public Market. The available public sources describe the facility mainly through its location and operating listing, so no unsupported claim about a unique specialty or product mix has been added.",https://tanauancity.gov.ph/government/departments/opm,Current market/business listing + existing verified record,Medium,,City Government of Tanauan City,(043) 728-9800,https://www.facebook.com/201529596555065,Market/location Facebook page,https://tanauancity.gov.ph/government/departments/opm,NEEDS_VERIFICATION,Provincial/city public-market inventory.,LGU Office of the Public Market,Ruel M. Micosa (Executive Assistant IV / OPM Department Head),,opm@tanauancity.gov.ph,"Public Market, Tanauan City, Batangas",https://tanauancity.gov.ph/government/departments/opm,Official city Office of the Public Market page,https://philippines.worldplaces.me/shopping-and-retail-in-tanauan/46690791-tanauan-city-public-market.html,https://www.google.com/maps/search/?api=1&query=Tanauan+City+Public+Market%2C+Tanauan+City%2C+Batangas%2C+Philippines,High - official city Office of the Public Market,2026-09-09
BAT-048,Sto. Tomas City Public Market,Santo Tomas,Batangas,,,Public Market,"Sto. Tomas City Public Market is a public market serving Santo Tomas, Batangas. It is located in/around Pamilihang Bayan area, Santo Tomas City; the city's established public-market complex. The available public sources describe the facility mainly through its location and operating listing, so no unsupported claim about a unique specialty or product mix has been added.",https://philippines.worldplaces.me/view-place/84239504-sto-tomas-public-market.html,Current market/business listing + existing verified record,Medium,,City Government of Santo Tomas,(043) 778-2233,https://www.facebook.com/694116727278959,Market/location Facebook page,https://philippines.worldplaces.me/view-place/84239504-sto-tomas-public-market.html,NEEDS_VERIFICATION,Provincial/city public-market inventory. Facebook numeric page ID associated with market listing.,Direct public-market business listing,,,,,,,https://www.google.com/maps/search/?api=1&query=Sto.+Tomas+City+Public+Market%2C+Santo+Tomas%2C+Batangas%2C+Philippines,https://www.google.com/maps/search/?api=1&query=Sto.+Tomas+City+Public+Market%2C+Santo+Tomas%2C+Batangas%2C+Philippines,Medium - business listing,2026-09-09
RIZ-001,Angono Public Market,Angono,Rizal,14.52340,121.15393,Public Market,"Angono Public Market is the municipality's organized 'People's Market' and an important LGU economic enterprise. Angono expanded and improved the market through its amended market code and infrastructure upgrades; planning records document hundreds of stalls covering dry goods, fish, meat, poultry, fruits and vegetables. The market's redevelopment was cited as part of Angono's award-winning participatory governance program.",https://galingpook.org/what-we-do/awards/awardees/participatory-and-systemic-governance/,Galing Pook + Angono LGU records,High,,Municipality of Angono,651-0956 / 584-9165,,,https://angono.gov.ph/municipal-departments/,MEDIUM,Provincial market inventory / DA reference where applicable.,LGU Angono Public Market,Luis Hernandez (Market Master),,ofm@angono.gov.ph,"Angono Public Market, Quezon Avenue, Angono, Rizal",https://angono.gov.ph/municipal-departments/,Official municipal departments directory,https://angono.gov.ph/angono-public-market-payment-rentals-obligations/,https://www.google.com/maps/search/?api=1&query=Angono+Public+Market%2C+Angono%2C+Rizal%2C+Philippines,High - official LGU public market directory,2026-09-09
RIZ-002,Antipolo Public Market,Antipolo City,Rizal,,,Public Market,"Antipolo Public Market is a public market serving Antipolo City, Rizal. It is located in/around Sumulong Highway, Barangay Santa Cruz, Antipolo; the main Antipolo public-market facility, with very early daily opening. The available public sources describe the facility mainly through its location and operating listing, so no unsupported claim about a unique specialty or product mix has been added.",https://philippines.worldplaces.me/review/146846479-antipolo-public-market.html,Current market/business listing + existing verified record,Medium,,City Government of Antipolo,,https://www.facebook.com/249882128809661,Market/location Facebook page,https://philippines.worldplaces.me/review/146846479-antipolo-public-market.html,NEEDS_VERIFICATION,"Provincial market inventory / DA reference where applicable. Facebook numeric page ID associated with Antipolo Public Market listing; listed phone appeared inconsistent, so not copied. No direct market/market-office phone was verified in the public sources checked on 2026-09-09.",,,,,,,,https://www.google.com/maps/search/?api=1&query=Antipolo+Public+Market%2C+Antipolo+City%2C+Rizal%2C+Philippines,https://www.google.com/maps/search/?api=1&query=Antipolo+Public+Market%2C+Antipolo+City%2C+Rizal%2C+Philippines,Medium - market-specific social/listing source,2026-09-09
RIZ-003,Cogeo Public Market,Antipolo City,Rizal,,,Public Market,"Cogeo Public Market is the principal municipal/city public-market facility recorded for Antipolo City, Rizal. It is a general wet-and-dry market used for day-to-day food and household trade, with stalls typically serving local residents, retailers and small vendors. The listed operator is City Government of Antipolo. No more detailed authoritative public profile was found during this research pass.",https://www.google.com/maps/search/?api=1&query=Cogeo+Public+Market%2C+Antipolo+City%2C+Rizal%2C+Philippines,Verified market identity/type/locality; no detailed market-specific public profile found,Basic,A search result under the Cogeo Public Market name appears mismatched/closed; verify the active market location before using this record operationally.,City Government of Antipolo,(02) 8647-1533,,,https://www.google.com/maps/search/?api=1&query=Cogeo+Public+Market%2C+Antipolo+City%2C+Rizal%2C+Philippines,NEEDS_VERIFICATION,Provincial market inventory / DA reference where applicable.,Direct market listing,,,,,,,https://www.google.com/maps/search/?api=1&query=Cogeo+Public+Market%2C+Antipolo+City%2C+Rizal%2C+Philippines,https://www.google.com/maps/search/?api=1&query=Cogeo+Public+Market%2C+Antipolo+City%2C+Rizal%2C+Philippines,Medium - business listing,2026-09-09
RIZ-004,Masinag Market,Antipolo City,Rizal,,,Market,"Masinag Market is a local market/trading facility in Antipolo City, Rizal. It serves the surrounding community through small-scale retail and vendor activity. The listed operator is City Government of Antipolo. No more detailed authoritative public profile was found during this research pass.",https://www.google.com/maps/search/?api=1&query=Masinag+Market%2C+Antipolo+City%2C+Rizal%2C+Philippines,Verified market identity/type/locality; no detailed market-specific public profile found,Basic,,City Government of Antipolo,,,,https://www.google.com/maps/search/?api=1&query=Masinag+Market%2C+Antipolo+City%2C+Rizal%2C+Philippines,NEEDS_VERIFICATION,Provincial market inventory / DA reference where applicable. No direct market/market-office phone was verified in the public sources checked on 2026-09-09.,,,,,,,,https://www.google.com/maps/search/?api=1&query=Masinag+Market%2C+Antipolo+City%2C+Rizal%2C+Philippines,https://www.google.com/maps/search/?api=1&query=Masinag+Market%2C+Antipolo+City%2C+Rizal%2C+Philippines,Basic - location verified; no public direct contact found,2026-09-09
RIZ-005,Baras Public Market,Baras,Rizal,,,Public Market,"Baras Public Market is a public market serving Baras, Rizal. It is located in/around Katwiran Street, Baras; an older public-market listing; current status should be verified before relying on it as an active destination. The available public sources describe the facility mainly through its location and operating listing, so no unsupported claim about a unique specialty or product mix has been added.",https://philippines.worldplaces.me/review/172803865-baras-rizal-public-market.html,Current market/business listing + existing verified record,Medium,A current directory listing for the older Baras Public Market location marks it permanently closed; verify the active replacement/current market.,Municipality of Baras,,https://www.facebook.com/172546236726073,Market/location Facebook page,https://philippines.worldplaces.me/review/172803865-baras-rizal-public-market.html,NEEDS_VERIFICATION,Provincial market inventory / DA reference where applicable. Facebook numeric page ID associated with Baras Rizal Public Market listing. No direct market/market-office phone was verified in the public sources checked on 2026-09-09.,,,,,,,,https://www.google.com/maps/search/?api=1&query=Baras+Public+Market%2C+Baras%2C+Rizal%2C+Philippines,https://www.google.com/maps/search/?api=1&query=Baras+Public+Market%2C+Baras%2C+Rizal%2C+Philippines,Medium - market-specific social/listing source,2026-09-09
RIZ-006,Binangonan Public Market,Binangonan,Rizal,14.50917,121.16802,Public Market,"Binangonan Public Market is a public market serving Binangonan, Rizal. It is located in/around Liwanag Street, Binangonan; a large daily public market administered through the Binangonan Public Market office. The available public sources describe the facility mainly through its location and operating listing, so no unsupported claim about a unique specialty or product mix has been added.",https://www.google.com/maps/search/?api=1&query=Binangonan+Public+Market%2C+Binangonan%2C+Rizal%2C+Philippines,Current market/business listing + existing verified record,Medium,,Municipality of Binangonan,0927 524 8927,,,https://www.google.com/maps/search/?api=1&query=Binangonan+Public+Market%2C+Binangonan%2C+Rizal%2C+Philippines,MEDIUM,Provincial market inventory / DA reference where applicable.,Direct market listing,,,,,,,https://www.google.com/maps/search/?api=1&query=Binangonan+Public+Market%2C+Binangonan%2C+Rizal%2C+Philippines,https://www.google.com/maps/search/?api=1&query=Binangonan+Public+Market%2C+Binangonan%2C+Rizal%2C+Philippines,Medium - business listing,2026-09-09
RIZ-007,New Binangonan Public Market,Binangonan,Rizal,14.50917,121.16802,Public Market Facility,"New Binangonan Public Market is a purpose-built public-market facility in Binangonan, Rizal. The record identifies it as a newer or distinct market building rather than merely a neighborhood selling area. The listed operator is Municipality of Binangonan. No more detailed authoritative public profile was found during this research pass.",https://www.google.com/maps/search/?api=1&query=New+Binangonan+Public+Market%2C+Binangonan%2C+Rizal%2C+Philippines,Verified market identity/type/locality; no detailed market-specific public profile found,Basic,,Municipality of Binangonan,,,,https://www.google.com/maps/search/?api=1&query=New+Binangonan+Public+Market%2C+Binangonan%2C+Rizal%2C+Philippines,LOW,Provincial market inventory / DA reference where applicable. No direct market/market-office phone was verified in the public sources checked on 2026-09-09.,,,,,,,,https://www.google.com/maps/search/?api=1&query=New+Binangonan+Public+Market%2C+Binangonan%2C+Rizal%2C+Philippines,https://www.google.com/maps/search/?api=1&query=New+Binangonan+Public+Market%2C+Binangonan%2C+Rizal%2C+Philippines,Basic - location verified; no public direct contact found,2026-09-09
RIZ-008,Cainta Public Market,Cainta,Rizal,,,Public Market,"Cainta Public Market is a public market serving Cainta, Rizal. It is located in/around Cainta Public Market complex; current listings show continuous/24-hour market activity. The available public sources describe the facility mainly through its location and operating listing, so no unsupported claim about a unique specialty or product mix has been added.",https://www.google.com/maps/search/?api=1&query=Cainta+Public+Market%2C+Cainta%2C+Rizal%2C+Philippines,Current market/business listing + existing verified record,Medium,,Municipality of Cainta,,,,https://www.google.com/maps/search/?api=1&query=Cainta+Public+Market%2C+Cainta%2C+Rizal%2C+Philippines,NEEDS_VERIFICATION,Provincial market inventory / DA reference where applicable. No direct market/market-office phone was verified in the public sources checked on 2026-09-09.,,,,,,,,https://www.google.com/maps/search/?api=1&query=Cainta+Public+Market%2C+Cainta%2C+Rizal%2C+Philippines,https://www.google.com/maps/search/?api=1&query=Cainta+Public+Market%2C+Cainta%2C+Rizal%2C+Philippines,Basic - location verified; no public direct contact found,2026-09-09
RIZ-009,Cardona Public Market,Cardona,Rizal,,,Public Market,"Cardona Public Market is the principal municipal/city public-market facility recorded for Cardona, Rizal. It is a general wet-and-dry market used for day-to-day food and household trade, with stalls typically serving local residents, retailers and small vendors. The listed operator is Municipality of Cardona. No more detailed authoritative public profile was found during this research pass.",https://www.google.com/maps/search/?api=1&query=Cardona+Public+Market%2C+Cardona%2C+Rizal%2C+Philippines,Verified market identity/type/locality; no detailed market-specific public profile found,Basic,,Municipality of Cardona,,,,https://www.google.com/maps/search/?api=1&query=Cardona+Public+Market%2C+Cardona%2C+Rizal%2C+Philippines,NEEDS_VERIFICATION,Provincial market inventory / DA reference where applicable. No direct market/market-office phone was verified in the public sources checked on 2026-09-09.,,,,,,,,https://www.google.com/maps/search/?api=1&query=Cardona+Public+Market%2C+Cardona%2C+Rizal%2C+Philippines,https://www.google.com/maps/search/?api=1&query=Cardona+Public+Market%2C+Cardona%2C+Rizal%2C+Philippines,Basic - location verified; no public direct contact found,2026-09-09
RIZ-010,Jalajala Public Market,Jalajala,Rizal,,,Public Market,"Jalajala Public Market is a public market serving Jalajala, Rizal. It is located in/around Jalajala town proper; a small municipal public market with daily operations. The available public sources describe the facility mainly through its location and operating listing, so no unsupported claim about a unique specialty or product mix has been added.",https://www.google.com/maps/search/?api=1&query=Jalajala+Public+Market%2C+Jalajala%2C+Rizal%2C+Philippines,Current market/business listing + existing verified record,Medium,,Municipality of Jalajala,,,,https://www.google.com/maps/search/?api=1&query=Jalajala+Public+Market%2C+Jalajala%2C+Rizal%2C+Philippines,NEEDS_VERIFICATION,Provincial market inventory / DA reference where applicable. No direct market/market-office phone was verified in the public sources checked on 2026-09-09.,,,,,,,,https://www.google.com/maps/search/?api=1&query=Jalajala+Public+Market%2C+Jalajala%2C+Rizal%2C+Philippines,https://www.google.com/maps/search/?api=1&query=Jalajala+Public+Market%2C+Jalajala%2C+Rizal%2C+Philippines,Basic - location verified; no public direct contact found,2026-09-09
RIZ-011,Morong Public Market,Morong,Rizal,,,Public Market,"Morong Public Market is a public market serving Morong, Rizal. It is located in/around Manila East Road/San Pedro area, Morong; the municipality's public market along the main road corridor. The available public sources describe the facility mainly through its location and operating listing, so no unsupported claim about a unique specialty or product mix has been added.",https://www.google.com/maps/search/?api=1&query=Morong+Public+Market%2C+Morong%2C+Rizal%2C+Philippines,Current market/business listing + existing verified record,Medium,,Municipality of Morong,,,,https://www.google.com/maps/search/?api=1&query=Morong+Public+Market%2C+Morong%2C+Rizal%2C+Philippines,NEEDS_VERIFICATION,Provincial market inventory / DA reference where applicable. No direct market/market-office phone was verified in the public sources checked on 2026-09-09.,,,,,,,,https://www.google.com/maps/search/?api=1&query=Morong+Public+Market%2C+Morong%2C+Rizal%2C+Philippines,https://www.google.com/maps/search/?api=1&query=Morong+Public+Market%2C+Morong%2C+Rizal%2C+Philippines,Basic - location verified; no public direct contact found,2026-09-09
RIZ-012,Rodriguez/Montalban Public Market,Rodriguez,Rizal,,,Public Market,"Rodriguez/Montalban Public Market is the principal municipal/city public-market facility recorded for Rodriguez, Rizal. It is a general wet-and-dry market used for day-to-day food and household trade, with stalls typically serving local residents, retailers and small vendors. The listed operator is Municipality of Rodriguez. No more detailed authoritative public profile was found during this research pass.",https://www.google.com/maps/search/?api=1&query=Rodriguez%2FMontalban+Public+Market%2C+Rodriguez%2C+Rizal%2C+Philippines,Verified market identity/type/locality; no detailed market-specific public profile found,Basic,,Municipality of Rodriguez,,,,https://www.google.com/maps/search/?api=1&query=Rodriguez%2FMontalban+Public+Market%2C+Rodriguez%2C+Rizal%2C+Philippines,NEEDS_VERIFICATION,Provincial market inventory / DA reference where applicable. No direct market/market-office phone was verified in the public sources checked on 2026-09-09.,,,,,,,,https://www.google.com/maps/search/?api=1&query=Rodriguez%2FMontalban+Public+Market%2C+Rodriguez%2C+Rizal%2C+Philippines,https://www.google.com/maps/search/?api=1&query=Rodriguez%2FMontalban+Public+Market%2C+Rodriguez%2C+Rizal%2C+Philippines,Basic - location verified; no public direct contact found,2026-09-09
RIZ-013,Pililla Public Market,Pililla,Rizal,,,Public Market,"Pililla Public Market is a public market serving Pililla, Rizal. It is located in/around Pililla town proper; the town's central public-market facility. The available public sources describe the facility mainly through its location and operating listing, so no unsupported claim about a unique specialty or product mix has been added.",https://www.google.com/maps/search/?api=1&query=Pililla+Public+Market%2C+Pililla%2C+Rizal%2C+Philippines,Current market/business listing + existing verified record,Medium,,Municipality of Pililla,,,,https://www.google.com/maps/search/?api=1&query=Pililla+Public+Market%2C+Pililla%2C+Rizal%2C+Philippines,NEEDS_VERIFICATION,Provincial market inventory / DA reference where applicable. No direct market/market-office phone was verified in the public sources checked on 2026-09-09.,,,,,,,,https://www.google.com/maps/search/?api=1&query=Pililla+Public+Market%2C+Pililla%2C+Rizal%2C+Philippines,https://www.google.com/maps/search/?api=1&query=Pililla+Public+Market%2C+Pililla%2C+Rizal%2C+Philippines,Basic - location verified; no public direct contact found,2026-09-09
RIZ-014,San Mateo Public Market,San Mateo,Rizal,,,Public Market,"San Mateo Public Market is the principal municipal/city public-market facility recorded for San Mateo, Rizal. It is a general wet-and-dry market used for day-to-day food and household trade, with stalls typically serving local residents, retailers and small vendors. The listed operator is Municipality of San Mateo. No more detailed authoritative public profile was found during this research pass.",https://www.google.com/maps/search/?api=1&query=San+Mateo+Public+Market%2C+San+Mateo%2C+Rizal%2C+Philippines,Verified market identity/type/locality; no detailed market-specific public profile found,Basic,,Municipality of San Mateo,,,,https://www.google.com/maps/search/?api=1&query=San+Mateo+Public+Market%2C+San+Mateo%2C+Rizal%2C+Philippines,NEEDS_VERIFICATION,Provincial market inventory / DA reference where applicable. No direct market/market-office phone was verified in the public sources checked on 2026-09-09.,,,,,,,,https://www.google.com/maps/search/?api=1&query=San+Mateo+Public+Market%2C+San+Mateo%2C+Rizal%2C+Philippines,https://www.google.com/maps/search/?api=1&query=San+Mateo+Public+Market%2C+San+Mateo%2C+Rizal%2C+Philippines,Basic - location verified; no public direct contact found,2026-09-09
RIZ-015,Tanay Public Market,Tanay,Rizal,,,Public Market,"Tanay Public Market is a public market serving Tanay, Rizal. It is located in/around Plaza Aldea, Tanay; a large and active municipal market with very early opening. The available public sources describe the facility mainly through its location and operating listing, so no unsupported claim about a unique specialty or product mix has been added.",https://www.google.com/maps/search/?api=1&query=Tanay+Public+Market%2C+Tanay%2C+Rizal%2C+Philippines,Current market/business listing + existing verified record,Medium,,Municipality of Tanay,,,,https://www.google.com/maps/search/?api=1&query=Tanay+Public+Market%2C+Tanay%2C+Rizal%2C+Philippines,NEEDS_VERIFICATION,Provincial market inventory / DA reference where applicable. No direct market/market-office phone was verified in the public sources checked on 2026-09-09.,,,,,,,,https://www.google.com/maps/search/?api=1&query=Tanay+Public+Market%2C+Tanay%2C+Rizal%2C+Philippines,https://www.google.com/maps/search/?api=1&query=Tanay+Public+Market%2C+Tanay%2C+Rizal%2C+Philippines,Basic - location verified; no public direct contact found,2026-09-09
RIZ-016,Taytay Public Market,Taytay,Rizal,14.55882,121.13469,Public Market,"Taytay Public Market is the principal municipal/city public-market facility recorded for Taytay, Rizal. It is a general wet-and-dry market used for day-to-day food and household trade, with stalls typically serving local residents, retailers and small vendors. The listed operator is Municipality of Taytay. No more detailed authoritative public profile was found during this research pass.",https://www.google.com/maps/search/?api=1&query=Taytay+Public+Market%2C+Taytay%2C+Rizal%2C+Philippines,Verified market identity/type/locality; no detailed market-specific public profile found,Basic,,Municipality of Taytay,,,,https://www.google.com/maps/search/?api=1&query=Taytay+Public+Market%2C+Taytay%2C+Rizal%2C+Philippines,MEDIUM,Provincial market inventory / DA reference where applicable. No direct market/market-office phone was verified in the public sources checked on 2026-09-09.,,,,,,,,https://www.google.com/maps/search/?api=1&query=Taytay+Public+Market%2C+Taytay%2C+Rizal%2C+Philippines,https://www.google.com/maps/search/?api=1&query=Taytay+Public+Market%2C+Taytay%2C+Rizal%2C+Philippines,Basic - location verified; no public direct contact found,2026-09-09
RIZ-017,New Taytay Public Market,Taytay,Rizal,14.55868,121.13455,Public Market Facility,"New Taytay Public Market is Taytay's large public-market facility on Rizal Avenue. In addition to its regular grocery and market trade, its main aisle is used for LGU-supported community activities such as the Shop Taytay Weekend Night Market, where local garment MSMEs sell Taytay-made fashion products. This gives the facility both a food-market and local-enterprise role.",https://www.taytayrizal.gov.ph/single-post/shop-taytay-weekend-night-market,Official Taytay LGU market activity page,High,,Municipality of Taytay,(02) 8669-1710,,,https://www.google.com/maps/search/?api=1&query=New+Taytay+Public+Market%2C+Taytay%2C+Rizal%2C+Philippines,MEDIUM,Provincial market inventory / DA reference where applicable.,Direct New Taytay Public Market listing,,,,,,,https://www.google.com/maps/search/?api=1&query=New+Taytay+Public+Market%2C+Taytay%2C+Rizal%2C+Philippines,https://www.google.com/maps/search/?api=1&query=New+Taytay+Public+Market%2C+Taytay%2C+Rizal%2C+Philippines,Medium - business listing,2026-09-09
RIZ-018,Teresa Public Market,Teresa,Rizal,,,Public Market,"Teresa Public Market is a public market serving Teresa, Rizal. It is located in/around Teresa town proper; a busy daily municipal public market. The available public sources describe the facility mainly through its location and operating listing, so no unsupported claim about a unique specialty or product mix has been added.",https://www.google.com/maps/search/?api=1&query=Teresa+Public+Market%2C+Teresa%2C+Rizal%2C+Philippines,Current market/business listing + existing verified record,Medium,,Municipality of Teresa,,,,https://www.google.com/maps/search/?api=1&query=Teresa+Public+Market%2C+Teresa%2C+Rizal%2C+Philippines,NEEDS_VERIFICATION,Provincial market inventory / DA reference where applicable. No direct market/market-office phone was verified in the public sources checked on 2026-09-09.,,,,,,,,https://www.google.com/maps/search/?api=1&query=Teresa+Public+Market%2C+Teresa%2C+Rizal%2C+Philippines,https://www.google.com/maps/search/?api=1&query=Teresa+Public+Market%2C+Teresa%2C+Rizal%2C+Philippines,Basic - location verified; no public direct contact found,2026-09-09
QUE-001,Lucena City Public Market,Lucena City,Quezon,,,Public Market,"Lucena City Public Market is a public market serving Lucena City, Quezon. It is located in/around C.M. Recto Street, Lucena City; the newer city public market with regular daytime operations. The available public sources describe the facility mainly through its location and operating listing, so no unsupported claim about a unique specialty or product mix has been added.",https://www.waze.com/live-map/directions/new-lucena-city-public-market-c-m-recto?to=place.w.79691915.796984689.2485555,Current market/business listing + existing verified record,Medium,,City Government of Lucena City,0965 834 2624,https://www.facebook.com/147572655316335,Market-specific Facebook page/listing,https://www.waze.com/live-map/directions/new-lucena-city-public-market-c-m-recto?to=place.w.79691915.796984689.2485555,NEEDS_VERIFICATION,LGU/provincial/market inventory; verify coordinates where blank.,Direct market listing; LGU market office available as alternate,,(042) 710-6885 (City Government of Lucena - Public Market Office),,"C.M. Recto St, Lucena City, Quezon",https://www.lucenacity.gov.ph/,Official City Government website,https://www.cybo.com/PH-biz/city-government-of-lucena-public-market,https://www.google.com/maps/search/?api=1&query=Lucena+City+Public+Market%2C+Lucena+City%2C+Quezon%2C+Philippines,High - direct Waze listing + LGU public market office listing,2026-09-09
QUE-002,Lucena Fish Port Complex,Lucena City,Quezon,,,Fish / Agricultural Market,"Lucena Fish Port Complex in Barangay Dalahican is a 7.8-hectare government fish-port and seafood trading facility managed by the Philippine Fisheries Development Authority. It handles unloading and marketing from commercial and municipal fishing vessels as well as fish delivered by land, with facilities including a market hall, pier, cold storage, ice plant and wastewater treatment system. It is a major fish-distribution hub for Quezon and nearby provinces.",https://www.pfda.gov.ph/images/Annual_Report/AR_2022_v3.pdf,PFDA Annual Report,High,,City Government of Lucena City,(042) 373-4101,,,https://www.google.com/maps/search/?api=1&query=Lucena+Fish+Port+Complex%2C+Lucena+City%2C+Quezon%2C+Philippines,NEEDS_VERIFICATION,LGU/provincial/market inventory; verify coordinates where blank.,Direct fish-port complex listing,,,,,,,https://www.google.com/maps/search/?api=1&query=Lucena+Fish+Port+Complex%2C+Lucena+City%2C+Quezon%2C+Philippines,https://www.google.com/maps/search/?api=1&query=Lucena+Fish+Port+Complex%2C+Lucena+City%2C+Quezon%2C+Philippines,Medium - business listing,2026-09-09
QUE-003,Tayabas City Public Market,Tayabas City,Quezon,14.024,121.595,Public Market,"Tayabas City Public Market is a public market serving Tayabas City, Quezon. It is located in/around Tayabas City market area; a daily city market serving the urban center and surrounding agricultural communities. The available public sources describe the facility mainly through its location and operating listing, so no unsupported claim about a unique specialty or product mix has been added.",https://philippines.worldplaces.me/review/153280662-tayabas-public-market.html,Current market/business listing + existing verified record,Medium,,City Government of Tayabas City,(042) 713-3129,https://www.facebook.com/458053744733295,Market/location Facebook page,https://philippines.worldplaces.me/review/153280662-tayabas-public-market.html,LOW,LGU/provincial/market inventory; verify coordinates where blank. Market-specific directory listing gives both contact number and Facebook numeric page ID.,Direct market listing,,,,,,,https://www.google.com/maps/search/?api=1&query=Tayabas+City+Public+Market%2C+Tayabas+City%2C+Quezon%2C+Philippines,https://www.google.com/maps/search/?api=1&query=Tayabas+City+Public+Market%2C+Tayabas+City%2C+Quezon%2C+Philippines,Medium - business/WorldPlaces listing,2026-09-09
QUE-004,Sariaya Public Market,Sariaya,Quezon,13.96505,121.52815,Public Market,"Sariaya Public Market is a public market serving Sariaya, Quezon. It is located in/around Valderas Street, Sariaya; the town's general public market, distinct from the specialized agricultural trading post. The available public sources describe the facility mainly through its location and operating listing, so no unsupported claim about a unique specialty or product mix has been added.",https://www.google.com/maps/search/?api=1&query=Sariaya+Public+Market%2C+Sariaya%2C+Quezon%2C+Philippines,Current market/business listing + existing verified record,Medium,,Municipality of Sariaya,,,,https://www.google.com/maps/search/?api=1&query=Sariaya+Public+Market%2C+Sariaya%2C+Quezon%2C+Philippines,HIGH,LGU/provincial/market inventory; verify coordinates where blank. No direct market/market-office phone was verified in the public sources checked on 2026-09-09.,,,,,,,,https://www.google.com/maps/search/?api=1&query=Sariaya+Public+Market%2C+Sariaya%2C+Quezon%2C+Philippines,https://www.google.com/maps/search/?api=1&query=Sariaya+Public+Market%2C+Sariaya%2C+Quezon%2C+Philippines,Basic - location verified; no public direct contact found,2026-09-09
QUE-005,Candelaria Public Market,Candelaria,Quezon,,,Public Market,"Candelaria Public Market is the municipality's main food and general market, located near the town center. Its sections include fresh produce and other locally supplied agricultural goods. During construction of a newer modern market building, local market activity has continued through temporary stalls, so users should verify the exact active trading layout when visiting.",https://www.youtube.com/watch?v=mqmIc65BWIQ,Recent market walk-through + local-market listing,Medium,,Municipality of Candelaria,,https://www.facebook.com/545461642241307,Market/location Facebook page,https://philippines.worldplaces.me/places-in-candelaria/34144088-public-market-pahinga-norte-candelaria-quezon.html,NEEDS_VERIFICATION,LGU/provincial/market inventory; verify coordinates where blank. Facebook numeric page ID associated with Pahinga Norte public market location. No direct market/market-office phone was verified in the public sources checked on 2026-09-09.,,,,,,,,https://www.google.com/maps/search/?api=1&query=Candelaria+Public+Market%2C+Candelaria%2C+Quezon%2C+Philippines,https://www.google.com/maps/search/?api=1&query=Candelaria+Public+Market%2C+Candelaria%2C+Quezon%2C+Philippines,Medium - market-specific social/listing source,2026-09-09
QUE-006,Lucban Public Market,Lucban,Quezon,,,Public Market,"Lucban Public Market is a public market serving Lucban, Quezon. It is located in/around Gomburza Street, Lucban; the town's central market serving residents and visitors to Lucban. The available public sources describe the facility mainly through its location and operating listing, so no unsupported claim about a unique specialty or product mix has been added.",https://philippines.worldplaces.me/review/242472961-lucban-public-market.html,Current market/business listing + existing verified record,Medium,,Municipality of Lucban,,https://www.facebook.com/2088230601441723,Market/location Facebook page,https://philippines.worldplaces.me/review/242472961-lucban-public-market.html,NEEDS_VERIFICATION,LGU/provincial/market inventory; verify coordinates where blank. Facebook numeric page ID associated with Lucban Public Market listing. No direct market/market-office phone was verified in the public sources checked on 2026-09-09.,,,,,,,,https://www.google.com/maps/search/?api=1&query=Lucban+Public+Market%2C+Lucban%2C+Quezon%2C+Philippines,https://www.google.com/maps/search/?api=1&query=Lucban+Public+Market%2C+Lucban%2C+Quezon%2C+Philippines,Medium - market-specific social/listing source,2026-09-09
QUE-007,Tiaong New Public Market,Tiaong,Quezon,,,Public Market,Tiaong New Public Market is the municipality's newer market complex in Barangay Lalig. Planning records describe a roughly one-hectare site with about 130 stalls arranged in separate wet- and dry-goods buildings. The market was relocated from the Poblacion to improve traffic flow and serves as a commercial hub connected to the local public-transport terminal.,https://www.scribd.com/document/707292286/Volume-1-CLUP-of-Tiaong-Quezon,Tiaong Comprehensive Land Use Plan,Medium-High,,Municipality of Tiaong,,,,https://www.google.com/maps/search/?api=1&query=Tiaong+New+Public+Market%2C+Tiaong%2C+Quezon%2C+Philippines,NEEDS_VERIFICATION,LGU/provincial/market inventory; verify coordinates where blank. No direct market/market-office phone was verified in the public sources checked on 2026-09-09.,,,,,,,,https://www.google.com/maps/search/?api=1&query=Tiaong+New+Public+Market%2C+Tiaong%2C+Quezon%2C+Philippines,https://www.google.com/maps/search/?api=1&query=Tiaong+New+Public+Market%2C+Tiaong%2C+Quezon%2C+Philippines,Basic - location verified; no public direct contact found,2026-09-09
QUE-008,Tiaong Old Public Market,Tiaong,Quezon,,,Public Market,Tiaong Old Public Market is the older Poblacion market area along Doña Tating Street. It predates the newer market complex in Barangay Lalig and remains useful as a reference to the town's earlier commercial core; government agriculture records still identify agricultural-input retailers at the old public-market location.,https://fpa.da.gov.ph/wp-content/uploads/2024/05/FP-HANDLERS-DEC2022-1.pdf,Government agricultural-handler listing + Tiaong planning records,Medium-High,,Municipality of Tiaong,,,,https://www.google.com/maps/search/?api=1&query=Tiaong+Old+Public+Market%2C+Tiaong%2C+Quezon%2C+Philippines,NEEDS_VERIFICATION,LGU/provincial/market inventory; verify coordinates where blank. No direct market/market-office phone was verified in the public sources checked on 2026-09-09.,,,,,,,,https://www.google.com/maps/search/?api=1&query=Tiaong+Old+Public+Market%2C+Tiaong%2C+Quezon%2C+Philippines,https://www.google.com/maps/search/?api=1&query=Tiaong+Old+Public+Market%2C+Tiaong%2C+Quezon%2C+Philippines,Basic - location verified; no public direct contact found,2026-09-09
QUE-009,Tiaong Lalig Market,Tiaong,Quezon,,,Market,"Tiaong Lalig Market is a local market/trading facility in Tiaong, Quezon. It serves the surrounding community through small-scale retail and vendor activity. The listed operator is Municipality of Tiaong. No more detailed authoritative public profile was found during this research pass.",https://www.google.com/maps/search/?api=1&query=Tiaong+Lalig+Market%2C+Tiaong%2C+Quezon%2C+Philippines,Verified market identity/type/locality; no detailed market-specific public profile found,Basic,,Municipality of Tiaong,,,,https://www.google.com/maps/search/?api=1&query=Tiaong+Lalig+Market%2C+Tiaong%2C+Quezon%2C+Philippines,NEEDS_VERIFICATION,LGU/provincial/market inventory; verify coordinates where blank. No direct market/market-office phone was verified in the public sources checked on 2026-09-09.,,,,,,,,https://www.google.com/maps/search/?api=1&query=Tiaong+Lalig+Market%2C+Tiaong%2C+Quezon%2C+Philippines,https://www.google.com/maps/search/?api=1&query=Tiaong+Lalig+Market%2C+Tiaong%2C+Quezon%2C+Philippines,Basic - location verified; no public direct contact found,2026-09-09
QUE-010,Gumaca Public Market,Gumaca,Quezon,,,Public Market,"Gumaca Public Market is a public market serving Gumaca, Quezon. It is located in/around AH26/national-road area, Gumaca; a sizeable daily public market serving Gumaca's commercial center. The available public sources describe the facility mainly through its location and operating listing, so no unsupported claim about a unique specialty or product mix has been added.",https://www.google.com/maps/search/?api=1&query=Gumaca+Public+Market%2C+Gumaca%2C+Quezon%2C+Philippines,Current market/business listing + existing verified record,Medium,,Municipality of Gumaca,,,,https://www.google.com/maps/search/?api=1&query=Gumaca+Public+Market%2C+Gumaca%2C+Quezon%2C+Philippines,NEEDS_VERIFICATION,LGU/provincial/market inventory; verify coordinates where blank. No direct market/market-office phone was verified in the public sources checked on 2026-09-09.,,,,,,,,https://www.google.com/maps/search/?api=1&query=Gumaca+Public+Market%2C+Gumaca%2C+Quezon%2C+Philippines,https://www.google.com/maps/search/?api=1&query=Gumaca+Public+Market%2C+Gumaca%2C+Quezon%2C+Philippines,Basic - location verified; no public direct contact found,2026-09-09
QUE-011,New Gumaca Public Market,Gumaca,Quezon,,,Public Market Facility,"New Gumaca Public Market is a purpose-built public-market facility in Gumaca, Quezon. The record identifies it as a newer or distinct market building rather than merely a neighborhood selling area. The listed operator is Municipality of Gumaca. No more detailed authoritative public profile was found during this research pass.",https://www.google.com/maps/search/?api=1&query=New+Gumaca+Public+Market%2C+Gumaca%2C+Quezon%2C+Philippines,Verified market identity/type/locality; no detailed market-specific public profile found,Basic,,Municipality of Gumaca,,,,https://www.google.com/maps/search/?api=1&query=New+Gumaca+Public+Market%2C+Gumaca%2C+Quezon%2C+Philippines,NEEDS_VERIFICATION,LGU/provincial/market inventory; verify coordinates where blank. No direct market/market-office phone was verified in the public sources checked on 2026-09-09.,,,,,,,,https://www.google.com/maps/search/?api=1&query=New+Gumaca+Public+Market%2C+Gumaca%2C+Quezon%2C+Philippines,https://www.google.com/maps/search/?api=1&query=New+Gumaca+Public+Market%2C+Gumaca%2C+Quezon%2C+Philippines,Basic - location verified; no public direct contact found,2026-09-09
QUE-012,Agdangan Public Market,Agdangan,Quezon,,,Public Market,"Agdangan Public Market is a public market serving Agdangan, Quezon. It is located in/around Agdangan town proper; a small municipal public market. The available public sources describe the facility mainly through its location and operating listing, so no unsupported claim about a unique specialty or product mix has been added.",https://www.google.com/maps/search/?api=1&query=Agdangan+Public+Market%2C+Agdangan%2C+Quezon%2C+Philippines,Current market/business listing + existing verified record,Medium,,Municipality of Agdangan,,,,https://www.google.com/maps/search/?api=1&query=Agdangan+Public+Market%2C+Agdangan%2C+Quezon%2C+Philippines,NEEDS_VERIFICATION,LGU/provincial/market inventory; verify coordinates where blank. No direct market/market-office phone was verified in the public sources checked on 2026-09-09.,,,,,,,,https://www.google.com/maps/search/?api=1&query=Agdangan+Public+Market%2C+Agdangan%2C+Quezon%2C+Philippines,https://www.google.com/maps/search/?api=1&query=Agdangan+Public+Market%2C+Agdangan%2C+Quezon%2C+Philippines,Basic - location verified; no public direct contact found,2026-09-09
QUE-013,Guinayangan Public Market,Guinayangan,Quezon,,,Public Market,"Guinayangan Public Market is a public market serving Guinayangan, Quezon. It is located in/around Guinayangan town proper; the municipality's central public-market facility. The available public sources describe the facility mainly through its location and operating listing, so no unsupported claim about a unique specialty or product mix has been added.",https://www.google.com/maps/search/?api=1&query=Guinayangan+Public+Market%2C+Guinayangan%2C+Quezon%2C+Philippines,Current market/business listing + existing verified record,Medium,,Municipality of Guinayangan,,,,https://www.google.com/maps/search/?api=1&query=Guinayangan+Public+Market%2C+Guinayangan%2C+Quezon%2C+Philippines,NEEDS_VERIFICATION,LGU/provincial/market inventory; verify coordinates where blank. No direct market/market-office phone was verified in the public sources checked on 2026-09-09.,,,,,,,,https://www.google.com/maps/search/?api=1&query=Guinayangan+Public+Market%2C+Guinayangan%2C+Quezon%2C+Philippines,https://www.google.com/maps/search/?api=1&query=Guinayangan+Public+Market%2C+Guinayangan%2C+Quezon%2C+Philippines,Basic - location verified; no public direct contact found,2026-09-09
QUE-014,Tagkawayan Public Market,Tagkawayan,Quezon,,,Public Market,"Tagkawayan Public Market is a public market serving Tagkawayan, Quezon. It is located in/around Tagkawayan town proper; the municipality's central public-market facility. The available public sources describe the facility mainly through its location and operating listing, so no unsupported claim about a unique specialty or product mix has been added.",https://www.google.com/maps/search/?api=1&query=Tagkawayan+Public+Market%2C+Tagkawayan%2C+Quezon%2C+Philippines,Current market/business listing + existing verified record,Medium,,Municipality of Tagkawayan,,,,https://www.google.com/maps/search/?api=1&query=Tagkawayan+Public+Market%2C+Tagkawayan%2C+Quezon%2C+Philippines,NEEDS_VERIFICATION,LGU/provincial/market inventory; verify coordinates where blank. No direct market/market-office phone was verified in the public sources checked on 2026-09-09.,,,,,,,,https://www.google.com/maps/search/?api=1&query=Tagkawayan+Public+Market%2C+Tagkawayan%2C+Quezon%2C+Philippines,https://www.google.com/maps/search/?api=1&query=Tagkawayan+Public+Market%2C+Tagkawayan%2C+Quezon%2C+Philippines,Basic - location verified; no public direct contact found,2026-09-09
QUE-015,Atimonan Public Market,Atimonan,Quezon,,,Public Market,"Atimonan Public Market is a public market serving Atimonan, Quezon. It is located in/around Juez Andres Street, Atimonan; a daily municipal market with early-morning operations. The available public sources describe the facility mainly through its location and operating listing, so no unsupported claim about a unique specialty or product mix has been added.",https://www.google.com/maps/search/?api=1&query=Atimonan+Public+Market%2C+Atimonan%2C+Quezon%2C+Philippines,Current market/business listing + existing verified record,Medium,,Municipality of Atimonan,,,,https://www.google.com/maps/search/?api=1&query=Atimonan+Public+Market%2C+Atimonan%2C+Quezon%2C+Philippines,NEEDS_VERIFICATION,LGU/provincial/market inventory; verify coordinates where blank. No direct market/market-office phone was verified in the public sources checked on 2026-09-09.,,,,,,,,https://www.google.com/maps/search/?api=1&query=Atimonan+Public+Market%2C+Atimonan%2C+Quezon%2C+Philippines,https://www.google.com/maps/search/?api=1&query=Atimonan+Public+Market%2C+Atimonan%2C+Quezon%2C+Philippines,Basic - location verified; no public direct contact found,2026-09-09
QUE-016,Infanta Public Market,Infanta,Quezon,,,Public Market,"Infanta Public Market is the principal municipal/city public-market facility recorded for Infanta, Quezon. It is a general wet-and-dry market used for day-to-day food and household trade, with stalls typically serving local residents, retailers and small vendors. The listed operator is Municipality of Infanta. No more detailed authoritative public profile was found during this research pass.",https://www.google.com/maps/search/?api=1&query=Infanta+Public+Market%2C+Infanta%2C+Quezon%2C+Philippines,Verified market identity/type/locality; no detailed market-specific public profile found,Basic,,Municipality of Infanta,(042) 535-3291,,,https://www.google.com/maps/search/?api=1&query=Infanta+Public+Market%2C+Infanta%2C+Quezon%2C+Philippines,NEEDS_VERIFICATION,LGU/provincial/market inventory; verify coordinates where blank.,Infanta Commercial Center / public-market listing,,,,,,,https://www.google.com/maps/search/?api=1&query=Infanta+Public+Market%2C+Infanta%2C+Quezon%2C+Philippines,https://www.google.com/maps/search/?api=1&query=Infanta+Public+Market%2C+Infanta%2C+Quezon%2C+Philippines,Medium - business listing,2026-09-09
QUE-017,Lopez Public Market,Lopez,Quezon,,,Public Market,"Lopez Public Market is a public market serving Lopez, Quezon. It is located in/around Judge Olega Street, Lopez; the newer public-market site serving Lopez. The available public sources describe the facility mainly through its location and operating listing, so no unsupported claim about a unique specialty or product mix has been added.",https://philippines.worldplaces.me/review/174614485-lopez-quezon-public-market.html,Current market/business listing + existing verified record,Medium,,Municipality of Lopez,,https://www.facebook.com/181817905219630,Market/location Facebook page,https://philippines.worldplaces.me/review/174614485-lopez-quezon-public-market.html,NEEDS_VERIFICATION,LGU/provincial/market inventory; verify coordinates where blank. Facebook numeric page ID associated with Lopez Quezon Public Market listing. No direct market/market-office phone was verified in the public sources checked on 2026-09-09.,,,,,,,,https://www.google.com/maps/search/?api=1&query=Lopez+Public+Market%2C+Lopez%2C+Quezon%2C+Philippines,https://www.google.com/maps/search/?api=1&query=Lopez+Public+Market%2C+Lopez%2C+Quezon%2C+Philippines,Medium - market-specific social/listing source,2026-09-09
QUE-018,Sampaloc Public Market,Sampaloc,Quezon,,,Public Market,"Sampaloc Public Market is a public market serving Sampaloc, Quezon. It is located in/around San Roque, Sampaloc; an older public-market listing whose current operating status should be verified. The available public sources describe the facility mainly through its location and operating listing, so no unsupported claim about a unique specialty or product mix has been added.",https://www.google.com/maps/search/?api=1&query=Sampaloc+Public+Market%2C+Sampaloc%2C+Quezon%2C+Philippines,Current market/business listing + existing verified record,Medium,A current directory listing marks this Sampaloc Public Market location permanently closed; verify whether a replacement facility is operating.,Municipality of Sampaloc,,,,https://www.google.com/maps/search/?api=1&query=Sampaloc+Public+Market%2C+Sampaloc%2C+Quezon%2C+Philippines,NEEDS_VERIFICATION,LGU/provincial/market inventory; verify coordinates where blank. No direct market/market-office phone was verified in the public sources checked on 2026-09-09.,,,,,,,,https://www.google.com/maps/search/?api=1&query=Sampaloc+Public+Market%2C+Sampaloc%2C+Quezon%2C+Philippines,https://www.google.com/maps/search/?api=1&query=Sampaloc+Public+Market%2C+Sampaloc%2C+Quezon%2C+Philippines,Basic - location verified; no public direct contact found,2026-09-09
QUE-019,Sentrong Pamilihan ng Produktong Agrikultura sa Quezon,Sariaya,Quezon,,,Agricultural Trading Center,Sentrong Pamilihan ng Produktong Agrikultura sa Quezon in Sariaya is a dedicated agricultural trading post where farmers can sell vegetables and other farm products directly into a larger market chain. The Department of Agriculture identifies it as serving Sariaya and neighboring towns; it has developed into an important aggregation and distribution point for Quezon produce and has historically handled substantial daily trading volumes.,https://calabarzon.da.gov.ph/da-sec-tiu-laurel-bumisita-sa-sentrong-pamilihan-sa-quezon/,Department of Agriculture CALABARZON,High,,Municipality of Sariaya,,,,https://www.google.com/maps/search/?api=1&query=Sentrong+Pamilihan+ng+Produktong+Agrikultura+sa+Quezon%2C+Sariaya%2C+Quezon%2C+Philippines,NEEDS_VERIFICATION,LGU/provincial/market inventory; verify coordinates where blank. No direct market/market-office phone was verified in the public sources checked on 2026-09-09.,,,,,,,,https://www.google.com/maps/search/?api=1&query=Sentrong+Pamilihan+ng+Produktong+Agrikultura+sa+Quezon%2C+Sariaya%2C+Quezon%2C+Philippines,https://www.google.com/maps/search/?api=1&query=Sentrong+Pamilihan+ng+Produktong+Agrikultura+sa+Quezon%2C+Sariaya%2C+Quezon%2C+Philippines,Basic - location verified; no public direct contact found,2026-09-09
