year,quarter,PUFHHNUM,predicted_bread_expenditure
2025,3,1,20500.832
2025,3,2,30064.227
2025,3,3,21121.707
2025,3,4,19958.826
2025,3,5,22364.326
2025,3,6,20443.115
2025,3,7,24753.963
2025,3,8,18962.883
2025,3,9,18292.904
2025,3,10,17122.201
2025,3,11,23983.088
2025,3,12,30284.594
2025,3,13,22856.588
2025,3,14,35027.2
2025,3,15,18949.9
2025,3,16,17056.719
2025,3,17,28425.36
2025,3,18,33369.555
2025,3,19,25741.867
2025,3,20,34395.164
2025,3,21,11774.991
2025,3,22,15839.871
2025,3,23,13502.464
2025,3,24,26119.436
2025,3,25,26764.943
2025,3,26,17892.451
2025,3,27,29488.127
2025,3,28,26158.693
2025,3,29,10862.885
2025,3,30,32623.934
2025,3,31,22095.621
2025,3,32,20051.857
2025,3,33,15808.573
2025,3,34,27861.531
2025,3,35,33487.406
2025,3,36,12013.231
2025,3,37,31975.271
2025,3,38,21636.408
2025,3,39,18000.04
2025,3,40,22470.79
2025,3,41,30680.732
2025,3,42,26031.883
2025,3,43,15315.515
2025,3,44,14512.117
2025,3,45,34579.96
2025,3,46,14927.895
2025,3,47,35497.895
2025,3,48,26254.0
2025,3,49,40353.438
2025,3,50,26390.416
2025,3,51,25134.709
2025,3,52,30064.754
2025,3,53,36115.984
2025,3,54,17590.412
2025,3,55,31825.938
2025,3,56,16809.945
2025,3,57,27467.695
2025,3,58,41666.582
2025,3,59,16940.307
2025,3,60,22525.111
2025,3,61,21640.127
2025,3,62,41062.395
2025,3,63,21936.09
2025,3,64,24995.924
2025,3,65,34604.75
2025,3,66,23450.908
2025,3,67,24677.283
2025,3,68,19788.375
2025,3,69,31726.059
2025,3,70,23025.182
2025,3,71,15055.981
2025,3,72,28332.762
2025,3,73,21332.314
2025,3,74,26146.62
2025,3,75,31500.047
2025,3,76,21910.305
2025,3,77,12082.343
2025,3,78,28137.361
2025,3,79,25005.453
2025,3,80,30067.979
2025,3,81,27478.994
2025,3,82,23863.861
2025,3,83,11620.315
2025,3,84,15268.139
2025,3,85,27142.562
2025,3,86,19649.133
2025,3,87,12224.146
2025,3,88,28654.969
2025,3,89,15702.964
2025,3,90,11775.1045
2025,3,91,17084.8
2025,3,92,25501.129
2025,3,93,34303.86
2025,3,94,25537.277
2025,3,95,21134.182
2025,3,96,16499.176
2025,3,97,10652.873
2025,3,98,16650.07
2025,3,99,21005.375
2025,3,100,22541.053
2025,3,101,29983.547
2025,3,102,10690.512
2025,3,103,23795.967
2025,3,104,31264.398
2025,3,105,34600.9
2025,3,106,30406.086
2025,3,107,25907.592
2025,3,108,10928.24
2025,3,109,23560.213
2025,3,110,21315.943
2025,3,111,20117.094
2025,3,112,18600.047
2025,3,113,24892.625
2025,3,114,28041.555
2025,3,115,15058.771
2025,3,116,14871.558
2025,3,117,16162.157
2025,3,118,66736.61
2025,3,119,60407.566
2025,3,120,12550.216
2025,3,121,27932.355
2025,3,122,35385.03
2025,3,123,21409.465
2025,3,124,33948.414
2025,3,125,41308.797
2025,3,126,29029.77
2025,3,127,18077.871
2025,3,128,16499.004
2025,3,129,19761.828
2025,3,130,35049.215
2025,3,131,43966.85
2025,3,132,27399.719
2025,3,133,19547.598
2025,3,134,13408.742
2025,3,135,19665.906
2025,3,136,15370.705
2025,3,137,25584.945
2025,3,138,26195.791
2025,3,139,15967.612
2025,3,140,15330.831
2025,3,141,31076.018
2025,3,142,24812.262
2025,3,143,14230.173
2025,3,144,24468.379
2025,3,145,14663.985
2025,3,146,16499.004
2025,3,147,24109.314
2025,3,148,24373.537
2025,3,149,21491.3
2025,3,150,19794.184
2025,3,151,15192.328
2025,3,152,27730.387
2025,3,153,21986.502
2025,3,154,29748.61
2025,3,155,22776.193
2025,3,156,26527.602
2025,3,157,21682.375
2025,3,158,21802.08
2025,3,159,27638.773
2025,3,160,24346.45
2025,3,161,21418.117
2025,3,162,25784.123
2025,3,163,12392.992
2025,3,164,12826.943
2025,3,165,10957.381
2025,3,166,41087.293
2025,3,167,26956.986
2025,3,168,24967.262
2025,3,169,23497.904
2025,3,170,23647.707
2025,3,171,16824.486
2025,3,172,28109.965
2025,3,173,19241.188
2025,3,174,18959.645
2025,3,175,21103.562
2025,3,176,29723.967
2025,3,177,17859.81
2025,3,178,28131.049
2025,3,179,26648.283
2025,3,180,26864.502
2025,3,181,28691.545
2025,3,182,10509.934
2025,3,183,18761.824
2025,3,184,27777.053
2025,3,185,14312.762
2025,3,186,11326.543
2025,3,187,28369.816
2025,3,188,23372.8
2025,3,189,28396.514
2025,3,190,15859.031
2025,3,191,25702.719
2025,3,192,25574.754
2025,3,193,37552.152
2025,3,194,19140.203
2025,3,195,32039.49
2025,3,196,22212.88
2025,3,197,15112.003
2025,3,198,21311.488
2025,3,199,19340.492
2025,3,200,16022.133
2025,3,201,18958.59
2025,3,202,35499.42
2025,3,203,28491.688
2025,3,204,23495.04
2025,3,205,27910.037
2025,3,206,39518.703
2025,3,207,18452.832
2025,3,208,23719.283
2025,3,209,22522.836
2025,3,210,25512.135
2025,3,211,15515.598
2025,3,212,23705.117
2025,3,213,14144.486
2025,3,214,16839.777
2025,3,215,17548.207
2025,3,216,11732.469
2025,3,217,12006.011
2025,3,218,17128.912
2025,3,219,23635.74
2025,3,220,27279.969
2025,3,221,18082.781
2025,3,222,28578.69
2025,3,223,25469.604
2025,3,224,28824.8
2025,3,225,18470.52
2025,3,226,25406.688
2025,3,227,11424.498
2025,3,228,15251.119
2025,3,229,28807.436
2025,3,230,32847.72
2025,3,231,27095.676
2025,3,232,30574.111
2025,3,233,25632.387
2025,3,234,30259.787
2025,3,235,40479.48
2025,3,236,49807.348
2025,3,237,24298.22
2025,3,238,23566.074
2025,3,239,31554.95
2025,3,240,25648.621
2025,3,241,30991.01
2025,3,242,23204.062
2025,3,243,44218.54
2025,3,244,24322.023
2025,3,245,20613.445
2025,3,246,15315.515
2025,3,247,24812.496
2025,3,248,14811.365
2025,3,249,21612.744
2025,3,250,31745.486
2025,3,251,38555.21
2025,3,252,26958.832
2025,3,253,22756.764
2025,3,254,30613.387
2025,3,255,15546.375
2025,3,256,32600.152
2025,3,257,23025.477
2025,3,258,15055.1
2025,3,259,30183.383
2025,3,260,24831.746
2025,3,261,21190.234
2025,3,262,28743.643
2025,3,263,26686.623
2025,3,264,16616.365
2025,3,265,11917.46
2025,3,266,20012.713
2025,3,267,33727.836
2025,3,268,30791.738
2025,3,269,20989.588
2025,3,270,30082.883
2025,3,271,23894.352
2025,3,272,31618.693
2025,3,273,25113.785
2025,3,274,22435.623
2025,3,275,30855.19
2025,3,276,34804.023
2025,3,277,30966.71
2025,3,278,23203.537
2025,3,279,34786.562
2025,3,280,31023.23
2025,3,281,11096.805
2025,3,282,11814.339
2025,3,283,39858.76
2025,3,284,23832.836
2025,3,285,26462.309
2025,3,286,16616.365
2025,3,287,11767.319
2025,3,288,16233.384
2025,3,289,22993.523
2025,3,290,15546.932
2025,3,291,23648.863
2025,3,292,27570.713
2025,3,293,15446.268
2025,3,294,25926.943
2025,3,295,25211.121
2025,3,296,39950.527
2025,3,297,22785.566
2025,3,298,15526.593
2025,3,299,31060.805
2025,3,300,25386.732
2025,3,301,19114.127
2025,3,302,25282.592
2025,3,303,26086.752
2025,3,304,28345.084
2025,3,305,28279.428
2025,3,306,33388.234
2025,3,307,15383.99
2025,3,308,34160.605
2025,3,309,29743.777
2025,3,310,27011.885
2025,3,311,35147.27
2025,3,312,29820.31
2025,3,313,21047.361
2025,3,314,27937.447
2025,3,315,28696.252
2025,3,316,33335.805
2025,3,317,21576.428
2025,3,318,23372.725
2025,3,319,16928.195
2025,3,320,26249.238
2025,3,321,23308.61
2025,3,322,35794.145
2025,3,323,22815.295
2025,3,324,16339.787
2025,3,325,24586.021
2025,3,326,21999.389
2025,3,327,31415.074
2025,3,328,11896.612
2025,3,329,15575.046
2025,3,330,21727.906
2025,3,331,22001.844
2025,3,332,29620.064
2025,3,333,24627.6
2025,3,334,26541.57
2025,3,335,15730.311
2025,3,336,33256.617
2025,3,337,30449.664
2025,3,338,22768.463
2025,3,339,17432.11
2025,3,340,43681.5
2025,3,341,22512.605
2025,3,342,23421.377
2025,3,343,30887.156
2025,3,344,20766.076
2025,3,345,18758.39
2025,3,346,41331.69
2025,3,347,23811.916
2025,3,348,18713.812
2025,3,349,21029.39
2025,3,350,19916.172
2025,3,351,32100.121
2025,3,352,34367.24
2025,3,353,35850.934
2025,3,354,18028.838
2025,3,355,25013.445
2025,3,356,31073.354
2025,3,357,18683.736
2025,3,358,45208.94
2025,3,359,12020.098
2025,3,360,24498.238
2025,3,361,37424.43
2025,3,362,18161.877
2025,3,363,20258.37
2025,3,364,31581.105
2025,3,365,34217.04
2025,3,366,14712.913
2025,3,367,26029.098
2025,3,368,32355.508
2025,3,369,20902.902
2025,3,370,23880.28
2025,3,371,15158.974
2025,3,372,24308.383
2025,3,373,28163.422
2025,3,374,30954.965
2025,3,375,25076.84
2025,3,376,23060.914
2025,3,377,23914.47
2025,3,378,27983.164
2025,3,379,27762.885
2025,3,380,12328.426
2025,3,381,27111.248
2025,3,382,27351.662
2025,3,383,12390.547
2025,3,384,35540.58
2025,3,385,26761.447
2025,3,386,22946.53
2025,3,387,31933.846
2025,3,388,15878.108
2025,3,389,17218.707
2025,3,390,31876.584
2025,3,391,16651.98
2025,3,392,25065.283
2025,3,393,15955.375
2025,3,394,21067.043
2025,3,395,21874.54
2025,3,396,30339.686
2025,3,397,17709.67
2025,3,398,23959.168
2025,3,399,26685.197
2025,3,400,23190.105
2025,3,401,33930.316
2025,3,402,26571.865
2025,3,403,32046.2
2025,3,404,24880.125
2025,3,405,25913.275
2025,3,406,11958.991
2025,3,407,17459.959
2025,3,408,25656.986
2025,3,409,16486.564
2025,3,410,29755.764
2025,3,411,18156.285
2025,3,412,22123.484
2025,3,413,24323.53
2025,3,414,13123.657
2025,3,415,22709.156
2025,3,416,25617.494
2025,3,417,20826.393
2025,3,418,15389.364
2025,3,419,29338.355
2025,3,420,11929.07
2025,3,421,27711.377
2025,3,422,26562.46
2025,3,423,22397.7
2025,3,424,11921.445
2025,3,425,25837.168
2025,3,426,12927.958
2025,3,427,25000.176
2025,3,428,15057.875
2025,3,429,16810.678
2025,3,430,19088.922
2025,3,431,11635.167
2025,3,432,27576.889
2025,3,433,38868.973
2025,3,434,17197.44
2025,3,435,16723.234
2025,3,436,14811.365
2025,3,437,26978.99
2025,3,438,21714.852
2025,3,439,15236.415
2025,3,440,15367.898
2025,3,441,18407.732
2025,3,442,35696.28
2025,3,443,15754.524
2025,3,444,20433.209
2025,3,445,24779.438
2025,3,446,21734.629
2025,3,447,23790.973
2025,3,448,26816.584
2025,3,449,23108.701
2025,3,450,24631.148
2025,3,451,22650.1
2025,3,452,17719.805
2025,3,453,23602.656
2025,3,454,36041.95
2025,3,455,22638.977
2025,3,456,14871.558
2025,3,457,25495.166
2025,3,458,15071.027
2025,3,459,15055.1
2025,3,460,32035.693
2025,3,461,27355.947
2025,3,462,20109.7
2025,3,463,19762.572
2025,3,464,39720.4
2025,3,465,36596.438
2025,3,466,18361.51
2025,3,467,20599.533
2025,3,468,14372.388
2025,3,469,22187.13
2025,3,470,39408.027
2025,3,471,15546.932
2025,3,472,15315.515
2025,3,473,26716.402
2025,3,474,11585.272
2025,3,475,25025.611
2025,3,476,23208.94
2025,3,477,31442.31
2025,3,478,18346.443
2025,3,479,28778.885
2025,3,480,16345.435
2025,3,481,22398.512
2025,3,482,17040.7
2025,3,483,18896.96
2025,3,484,18708.104
2025,3,485,27852.291
2025,3,486,15092.821
2025,3,487,15208.256
2025,3,488,22322.762
2025,3,489,23102.42
2025,3,490,24774.748
2025,3,491,21688.686
2025,3,492,22844.645
2025,3,493,28136.844
2025,3,494,28922.84
2025,3,495,27501.56
2025,3,496,25293.484
2025,3,497,25151.941
2025,3,498,17281.473
2025,3,499,36080.445
2025,3,500,23076.828
2025,3,501,10998.832
2025,3,502,26175.393
2025,3,503,24641.314
2025,3,504,28771.855
2025,3,505,21805.014
2025,3,506,16982.367
2025,3,507,30063.87
2025,3,508,24913.959
2025,3,509,30765.066
2025,3,510,29521.625
2025,3,511,19295.883
2025,3,512,29056.814
2025,3,513,29942.598
2025,3,514,24190.055
2025,3,515,22821.076
2025,3,516,29278.912
2025,3,517,21057.55
2025,3,518,18306.264
2025,3,519,30119.533
2025,3,520,11186.313
2025,3,521,22415.832
2025,3,522,28208.25
2025,3,523,23203.705
2025,3,524,25044.695
2025,3,525,17653.648
2025,3,526,28738.51
2025,3,527,12547.036
2025,3,528,19952.273
2025,3,529,27330.984
2025,3,530,16651.98
2025,3,531,24953.553
2025,3,532,27998.236
2025,3,533,34143.473
2025,3,534,23797.055
2025,3,535,29071.34
2025,3,536,12372.373
2025,3,537,12388.602
2025,3,538,12372.373
2025,3,539,11817.092
2025,3,540,25830.695
2025,3,541,26888.94
2025,3,542,27963.457
2025,3,543,11115.57
2025,3,544,27467.957
2025,3,545,24669.717
2025,3,546,15113.39
2025,3,547,28474.2
2025,3,548,21677.438
2025,3,549,28119.715
2025,3,550,26215.346
2025,3,551,17102.566
2025,3,552,26105.89
2025,3,553,26706.387
2025,3,554,22529.611
2025,3,555,22982.373
2025,3,556,26232.102
2025,3,557,25261.36
2025,3,558,33308.777
2025,3,559,23487.762
2025,3,560,20528.973
2025,3,561,21110.602
2025,3,562,11110.495
2025,3,563,15473.055
2025,3,564,23950.102
2025,3,565,25974.094
2025,3,566,30980.04
2025,3,567,12972.574
2025,3,568,20354.727
2025,3,569,37856.367
2025,3,570,27387.24
2025,3,571,15763.626
2025,3,572,20217.564
2025,3,573,24373.797
2025,3,574,29928.465
2025,3,575,17301.213
2025,3,576,38231.16
2025,3,577,29463.44
2025,3,578,25739.703
2025,3,579,34454.266
2025,3,580,20086.14
2025,3,581,14687.45
2025,3,582,24676.938
2025,3,583,15725.64
2025,3,584,18736.213
2025,3,585,23101.066
2025,3,586,31329.582
2025,3,587,24469.65
2025,3,588,26079.229
2025,3,589,22561.867
2025,3,590,30190.924
2025,3,591,20295.002
2025,3,592,23697.293
2025,3,593,15709.878
2025,3,594,15154.718
2025,3,595,22918.318
2025,3,596,28128.85
2025,3,597,25789.248
2025,3,598,15055.1
2025,3,599,11470.462
2025,3,600,24370.79
2025,3,601,23685.678
2025,3,602,25580.969
2025,3,603,24874.533
2025,3,604,36127.688
2025,3,605,29785.41
2025,3,606,27229.143
2025,3,607,25760.818
2025,3,608,11141.442
2025,3,609,24858.352
2025,3,610,23423.822
2025,3,611,16989.318
2025,3,612,30431.125
2025,3,613,41619.375
2025,3,614,16955.906
2025,3,615,29856.922
2025,3,616,23610.059
2025,3,617,32287.854
2025,3,618,28301.44
2025,3,619,33166.867
2025,3,620,28813.299
2025,3,621,32358.844
2025,3,622,11207.83
2025,3,623,15152.786
2025,3,624,22585.94
2025,3,625,22659.703
2025,3,626,22841.502
2025,3,627,16192.935
2025,3,628,23404.262
2025,3,629,11202.915
2025,3,630,21033.553
2025,3,631,15789.399
2025,3,632,24708.29
2025,3,633,28651.17
2025,3,634,15873.511
2025,3,635,18807.598
2025,3,636,29776.05
2025,3,637,28519.338
2025,3,638,15909.522
2025,3,639,22210.84
2025,3,640,31406.777
2025,3,641,29464.914
2025,3,642,23473.336
2025,3,643,20437.998
2025,3,644,25701.26
2025,3,645,28564.734
2025,3,646,22793.346
2025,3,647,39329.883
2025,3,648,27455.326
2025,3,649,20881.271
2025,3,650,26483.877
2025,3,651,33777.863
2025,3,652,22416.648
2025,3,653,14840.292
2025,3,654,29199.674
2025,3,655,15800.574
2025,3,656,26480.896
2025,3,657,24357.469
2025,3,658,27920.875
2025,3,659,35826.664
2025,3,660,24464.59
2025,3,661,27143.104
2025,3,662,24467.92
2025,3,663,11901.886
2025,3,664,23024.71
2025,3,665,23549.426
2025,3,666,26356.451
2025,3,667,20646.188
2025,3,668,16525.312
2025,3,669,30009.84
2025,3,670,11757.146
2025,3,671,17402.049
2025,3,672,23239.371
2025,3,673,11457.038
2025,3,674,31277.324
2025,3,675,24042.656
2025,3,676,29025.908
2025,3,677,30344.25
2025,3,678,23882.15
2025,3,679,23393.229
2025,3,680,31091.062
2025,3,681,20769.783
2025,3,682,21625.992
2025,3,683,11956.347
2025,3,684,31261.48
2025,3,685,24429.23
2025,3,686,21747.283
2025,3,687,39669.812
2025,3,688,25708.203
2025,3,689,26348.197
2025,3,690,28250.148
2025,3,691,25202.252
2025,3,692,10004.148
2025,3,693,23502.707
2025,3,694,11806.694
2025,3,695,31628.818
2025,3,696,29920.074
2025,3,697,25815.023
2025,3,698,29358.066
2025,3,699,29308.547
2025,3,700,20410.002
2025,3,701,23615.748
2025,3,702,25705.586
2025,3,703,24307.984
2025,3,704,22428.045
2025,3,705,16444.396
2025,3,706,11757.146
2025,3,707,30583.031
2025,3,708,29935.012
2025,3,709,11635.871
2025,3,710,22888.93
2025,3,711,35732.984
2025,3,712,25787.518
2025,3,713,24542.393
2025,3,714,15746.477
2025,3,715,25045.344
2025,3,716,16512.645
2025,3,717,34562.312
2025,3,718,39732.168
2025,3,719,37937.996
2025,3,720,23645.303
2025,3,721,11611.84
2025,3,722,33050.188
2025,3,723,30446.18
2025,3,724,25521.809
2025,3,725,21934.088
2025,3,726,18807.598
2025,3,727,25688.617
2025,3,728,20915.97
2025,3,729,28164.27
2025,3,730,17277.35
2025,3,731,21716.658
2025,3,732,12458.061
2025,3,733,27628.443
2025,3,734,35766.12
2025,3,735,15809.799
2025,3,736,26177.201
2025,3,737,14972.437
2025,3,738,22045.178
2025,3,739,25046.037
2025,3,740,16394.973
2025,3,741,35765.36
2025,3,742,34587.715
2025,3,743,20998.12
2025,3,744,27283.812
2025,3,745,34347.95
2025,3,746,22079.111
2025,3,747,29783.178
2025,3,748,18530.29
2025,3,749,20930.39
2025,3,750,16258.899
2025,3,751,18586.338
2025,3,752,36107.195
2025,3,753,16254.114
2025,3,754,29688.508
2025,3,755,33019.492
2025,3,756,21216.648
2025,3,757,17305.797
2025,3,758,14033.969
2025,3,759,21821.408
2025,3,760,27371.236
2025,3,761,25835.787
2025,3,762,27782.744
2025,3,763,30721.254
2025,3,764,17005.963
2025,3,765,33006.64
2025,3,766,27014.336
2025,3,767,32228.846
2025,3,768,28127.496
2025,3,769,19127.225
2025,3,770,20656.676
2025,3,771,30737.996
2025,3,772,11379.171
2025,3,773,20774.332
2025,3,774,31046.12
2025,3,775,20119.607
2025,3,776,20414.166
2025,3,777,15473.055
2025,3,778,23567.068
2025,3,779,10814.578
2025,3,780,42311.066
2025,3,781,33323.633
2025,3,782,35714.87
2025,3,783,36083.504
2025,3,784,31709.176
2025,3,785,15319.339
2025,3,786,32472.24
2025,3,787,23595.707
2025,3,788,34003.664
2025,3,789,21806.92
2025,3,790,19278.422
2025,3,791,18003.227
2025,3,792,23532.025
2025,3,793,23966.84
2025,3,794,36599.4
2025,3,795,33677.78
2025,3,796,30230.115
2025,3,797,23957.484
2025,3,798,30238.26
2025,3,799,28292.32
2025,3,800,19389.523
2025,3,801,29120.117
2025,3,802,20775.857
2025,3,803,21886.207
2025,3,804,16121.996
2025,3,805,27012.38
2025,3,806,12517.786
2025,3,807,18530.812
2025,3,808,12953.213
2025,3,809,24975.678
2025,3,810,42951.953
2025,3,811,11657.424
2025,3,812,32018.996
2025,3,813,15071.027
2025,3,814,23836.041
2025,3,815,18303.57
2025,3,816,23204.139
2025,3,817,34716.375
2025,3,818,31627.715
2025,3,819,15526.593
2025,3,820,21359.764
2025,3,821,26664.484
2025,3,822,26517.5
2025,3,823,23792.652
2025,3,824,15349.385
2025,3,825,22547.553
2025,3,826,18207.72
2025,3,827,17123.832
2025,3,828,27842.707
2025,3,829,10937.104
2025,3,830,35086.605
2025,3,831,23224.893
2025,3,832,23815.281
2025,3,833,30867.553
2025,3,834,25147.533
2025,3,835,25995.943
2025,3,836,15192.328
2025,3,837,27807.34
2025,3,838,30353.191
2025,3,839,30027.34
2025,3,840,14990.359
2025,3,841,26890.637
2025,3,842,22187.209
2025,3,843,30921.951
2025,3,844,25529.88
2025,3,845,39744.504
2025,3,846,25223.723
2025,3,847,26121.188
2025,3,848,23921.611
2025,3,849,27971.693
2025,3,850,27562.006
2025,3,851,43380.344
2025,3,852,31919.0
2025,3,853,29024.305
2025,3,854,23402.846
2025,3,855,56350.34
2025,3,856,31248.207
2025,3,857,14113.875
2025,3,858,21073.994
2025,3,859,30540.236
2025,3,860,24123.576
2025,3,861,21857.781
2025,3,862,33799.95
2025,3,863,22410.482
2025,3,864,18140.809
2025,3,865,18398.723
2025,3,866,23092.854
2025,3,867,27330.11
2025,3,868,21572.672
2025,3,869,22913.44
2025,3,870,27054.078
2025,3,871,17702.36
2025,3,872,24343.576
2025,3,873,26891.895
2025,3,874,25411.215
2025,3,875,30530.936
2025,3,876,32529.55
2025,3,877,15485.5205
2025,3,878,20234.703
2025,3,879,30158.357
2025,3,880,24586.572
2025,3,881,33249.855
2025,3,882,32969.6
2025,3,883,20287.984
2025,3,884,25838.906
2025,3,885,21634.105
2025,3,886,44156.062
2025,3,887,21650.639
2025,3,888,19942.316
2025,3,889,22097.014
2025,3,890,26197.502
2025,3,891,20117.215
2025,3,892,24722.654
2025,3,893,20733.24
2025,3,894,33951.12
2025,3,895,24247.12
2025,3,896,23123.836
2025,3,897,26156.916
2025,3,898,20111.809
2025,3,899,22985.47
2025,3,900,27584.352
2025,3,901,26490.895
2025,3,902,20202.078
2025,3,903,35053.684
2025,3,904,15985.034
2025,3,905,17817.018
2025,3,906,17746.545
2025,3,907,22289.682
2025,3,908,34164.324
2025,3,909,32447.062
2025,3,910,32672.078
2025,3,911,27643.469
2025,3,912,26004.684
2025,3,913,24055.992
2025,3,914,22912.375
2025,3,915,24275.479
2025,3,916,20863.186
2025,3,917,30806.445
2025,3,918,20796.578
2025,3,919,25014.05
2025,3,920,16981.756
2025,3,921,24896.346
2025,3,922,16283.699
2025,3,923,28313.559
2025,3,924,26933.832
2025,3,925,38794.51
2025,3,926,26144.287
2025,3,927,25860.66
2025,3,928,22902.494
2025,3,929,15399.979
2025,3,930,19959.322
2025,3,931,24576.586
2025,3,932,24207.25
2025,3,933,22734.027
2025,3,934,15381.894
2025,3,935,17765.889
2025,3,936,31604.22
2025,3,937,24497.314
2025,3,938,16861.104
2025,3,939,27006.16
2025,3,940,27182.672
2025,3,941,18381.371
2025,3,942,14932.695
2025,3,943,18154.51
2025,3,944,17040.28
2025,3,945,15418.009
2025,3,946,19310.621
2025,3,947,21852.352
2025,3,948,35846.555
2025,3,949,30801.568
2025,3,950,28151.03
2025,3,951,31180.24
2025,3,952,21189.172
2025,3,953,21840.57
2025,3,954,29512.027
2025,3,955,30508.674
2025,3,956,12370.526
2025,3,957,22751.34
2025,3,958,25348.484
2025,3,959,22817.994
2025,3,960,22783.635
2025,3,961,17470.072
2025,3,962,23629.477
2025,3,963,21894.805
2025,3,964,16482.248
2025,3,965,29730.83
2025,3,966,28602.506
2025,3,967,29569.77
2025,3,968,21796.637
2025,3,969,17433.908
2025,3,970,22793.938
2025,3,971,12631.031
2025,3,972,20140.406
2025,3,973,23612.07
2025,3,974,22985.307
2025,3,975,15446.268
2025,3,976,25251.113
2025,3,977,23284.451
2025,3,978,19310.428
2025,3,979,40313.1
2025,3,980,26225.709
2025,3,981,24860.096
2025,3,982,25005.213
2025,3,983,27214.9
2025,3,984,29467.996
2025,3,985,30396.992
2025,3,986,20344.062
2025,3,987,16628.213
2025,3,988,24289.418
2025,3,989,32328.914
2025,3,990,25761.615
2025,3,991,24329.76
2025,3,992,13105.045
2025,3,993,37233.906
2025,3,994,35935.02
2025,3,995,36912.977
2025,3,996,20359.129
2025,3,997,21253.688
2025,3,998,25279.041
2025,3,999,23161.156
2025,3,1000,31208.303
2025,3,1001,21812.506
2025,3,1002,18547.139
2025,3,1003,18061.492
2025,3,1004,20807.443
2025,3,1005,21854.95
2025,3,1006,18781.365
2025,3,1007,16084.133
2025,3,1008,17257.797
2025,3,1009,20890.342
2025,3,1010,29196.988
2025,3,1011,27715.533
2025,3,1012,19314.395
2025,3,1013,16191.145
2025,3,1014,29436.025
2025,3,1015,29678.367
2025,3,1016,22091.438
2025,3,1017,25681.436
2025,3,1018,29612.127
2025,3,1019,37754.195
2025,3,1020,16604.758
2025,3,1021,31398.23
2025,3,1022,31627.316
2025,3,1023,27879.828
2025,3,1024,25509.96
2025,3,1025,27177.623
2025,3,1026,22610.549
2025,3,1027,24515.324
2025,3,1028,12564.269
2025,3,1029,19814.86
2025,3,1030,20690.57
2025,3,1031,26880.371
2025,3,1032,18539.727
2025,3,1033,26266.281
2025,3,1034,27592.049
2025,3,1035,12276.423
2025,3,1036,17313.676
2025,3,1037,28400.879
2025,3,1038,17831.469
2025,3,1039,21318.967
2025,3,1040,12292.651
2025,3,1041,28679.338
2025,3,1042,15315.515
2025,3,1043,27263.387
2025,3,1044,11372.836
2025,3,1045,27324.762
2025,3,1046,25741.707
2025,3,1047,29327.955
2025,3,1048,22967.047
2025,3,1049,40667.004
2025,3,1050,25897.389
2025,3,1051,37509.99
2025,3,1052,10556.958
2025,3,1053,35717.47
2025,3,1054,22011.305
2025,3,1055,31647.148
2025,3,1056,14802.6045
2025,3,1057,26985.744
2025,3,1058,20379.27
2025,3,1059,11161.208
2025,3,1060,11225.759
2025,3,1061,38651.426
2025,3,1062,13096.794
2025,3,1063,10842.964
2025,3,1064,25338.785
2025,3,1065,17789.945
2025,3,1066,23468.432
2025,3,1067,28022.37
2025,3,1068,11357.117
2025,3,1069,26686.88
2025,3,1070,18349.48
2025,3,1071,23376.348
2025,3,1072,27315.648
2025,3,1073,25401.58
2025,3,1074,20552.43
2025,3,1075,17654.537
2025,3,1076,33561.156
2025,3,1077,31253.08
2025,3,1078,25060.543
2025,3,1079,24682.22
2025,3,1080,13168.845
2025,3,1081,12265.266
2025,3,1082,16088.07
2025,3,1083,24894.592
2025,3,1084,11953.811
2025,3,1085,12709.162
2025,3,1086,24194.041
2025,3,1087,23998.688
2025,3,1088,26136.475
2025,3,1089,11587.926
2025,3,1090,16651.98
2025,3,1091,31388.426
2025,3,1092,27720.951
2025,3,1093,36883.152
2025,3,1094,27564.568
2025,3,1095,23983.344
2025,3,1096,16294.183
2025,3,1097,26147.443
2025,3,1098,16906.557
2025,3,1099,11223.451
2025,3,1100,24052.002
2025,3,1101,11519.379
2025,3,1102,23088.623
2025,3,1103,27596.924
2025,3,1104,19109.875
2025,3,1105,20283.98
2025,3,1106,11906.668
2025,3,1107,23787.537
2025,3,1108,16516.932
2025,3,1109,15985.082
2025,3,1110,27430.441
2025,3,1111,23527.04
2025,3,1112,29539.17
2025,3,1113,23278.674
2025,3,1114,31748.215
2025,3,1115,24230.021
2025,3,1116,19466.367
2025,3,1117,11736.833
2025,3,1118,22853.13
2025,3,1119,15331.442
2025,3,1120,18518.084
2025,3,1121,22186.87
2025,3,1122,35525.496
2025,3,1123,22755.625
2025,3,1124,28823.996
2025,3,1125,35479.383
2025,3,1126,16809.928
2025,3,1127,26226.943
2025,3,1128,13181.391
2025,3,1129,11937.582
2025,3,1130,27299.828
2025,3,1131,34871.652
2025,3,1132,29231.342
2025,3,1133,42524.82
2025,3,1134,22209.887
2025,3,1135,28665.68
2025,3,1136,22665.828
2025,3,1137,29688.148
2025,3,1138,24968.596
2025,3,1139,28044.736
2025,3,1140,29234.29
2025,3,1141,32298.385
2025,3,1142,31720.87
2025,3,1143,22877.066
2025,3,1144,26628.15
2025,3,1145,24671.066
2025,3,1146,31702.705
2025,3,1147,35528.957
2025,3,1148,27282.688
2025,3,1149,11953.811
2025,3,1150,38988.977
2025,3,1151,29982.555
2025,3,1152,36046.43
2025,3,1153,24613.379
2025,3,1154,22141.197
2025,3,1155,34532.066
2025,3,1156,27818.252
2025,3,1157,25400.541
2025,3,1158,19642.637
2025,3,1159,23781.719
2025,3,1160,21750.62
2025,3,1161,22580.666
2025,3,1162,24035.312
2025,3,1163,29491.396
2025,3,1164,30061.283
2025,3,1165,30420.53
2025,3,1166,23957.967
2025,3,1167,22350.703
2025,3,1168,24614.824
2025,3,1169,28960.268
2025,3,1170,38954.574
2025,3,1171,25028.041
2025,3,1172,26772.336
2025,3,1173,27563.787
2025,3,1174,19539.838
2025,3,1175,30314.09
2025,3,1176,23028.662
2025,3,1177,28040.957
2025,3,1178,17995.729
2025,3,1179,29578.797
2025,3,1180,48750.69
2025,3,1181,28304.121
2025,3,1182,17267.32
2025,3,1183,22649.828
2025,3,1184,24891.422
2025,3,1185,25282.975
2025,3,1186,17880.24
2025,3,1187,23447.807
2025,3,1188,26280.477
2025,3,1189,33146.805
2025,3,1190,17313.988
2025,3,1191,30708.615
2025,3,1192,30320.61
2025,3,1193,27055.379
2025,3,1194,22862.127
2025,3,1195,22767.229
2025,3,1196,18783.77
2025,3,1197,21007.969
2025,3,1198,14751.482
2025,3,1199,20036.377
2025,3,1200,29203.125
2025,3,1201,27225.895
2025,3,1202,23302.303
2025,3,1203,26720.479
2025,3,1204,27557.787
2025,3,1205,19850.455
2025,3,1206,23888.812
2025,3,1207,31251.502
2025,3,1208,26435.38
2025,3,1209,40519.48
2025,3,1210,20161.213
2025,3,1211,37403.453
2025,3,1212,19329.408
2025,3,1213,27507.154
2025,3,1214,27236.709
2025,3,1215,24291.13
2025,3,1216,21985.322
2025,3,1217,30671.09
2025,3,1218,14655.676
2025,3,1219,19482.723
2025,3,1220,30238.52
2025,3,1221,38966.332
2025,3,1222,36750.402
2025,3,1223,27932.525
2025,3,1224,17820.07
2025,3,1225,45013.594
2025,3,1226,22747.537
2025,3,1227,15125.922
2025,3,1228,29280.51
2025,3,1229,16015.534
2025,3,1230,20495.717
2025,3,1231,31157.7
2025,3,1232,18934.762
2025,3,1233,24149.068
2025,3,1234,31208.453
2025,3,1235,25888.584
2025,3,1236,29280.102
2025,3,1237,24041.998
2025,3,1238,21823.887
2025,3,1239,35843.62
2025,3,1240,36555.387
2025,3,1241,31984.893
2025,3,1242,41100.24
2025,3,1243,20341.672
2025,3,1244,36302.047
2025,3,1245,32003.04
2025,3,1246,22028.965
2025,3,1247,28642.346
2025,3,1248,39214.164
2025,3,1249,40235.48
2025,3,1250,28649.08
2025,3,1251,15055.1
2025,3,1252,38145.484
2025,3,1253,30094.467
2025,3,1254,28251.23
2025,3,1255,25440.082
2025,3,1256,29548.818
2025,3,1257,15109.15
2025,3,1258,34598.53
2025,3,1259,25503.602
2025,3,1260,37555.117
2025,3,1261,18492.873
2025,3,1262,31379.295
2025,3,1263,27555.072
2025,3,1264,39362.426
2025,3,1265,46854.586
2025,3,1266,34993.3
2025,3,1267,15973.727
2025,3,1268,16876.992
2025,3,1269,50894.887
2025,3,1270,25624.676
2025,3,1271,20726.65
2025,3,1272,11348.217
2025,3,1273,14942.913
2025,3,1274,43473.03
2025,3,1275,32782.16
2025,3,1276,28280.93
2025,3,1277,24523.184
2025,3,1278,26608.441
2025,3,1279,19013.033
2025,3,1280,30096.371
2025,3,1281,19065.502
2025,3,1282,14567.328
2025,3,1283,28077.352
2025,3,1284,27165.504
2025,3,1285,28861.164
2025,3,1286,22383.893
2025,3,1287,41242.098
2025,3,1288,23612.467
2025,3,1289,29476.404
2025,3,1290,28424.059
2025,3,1291,38163.227
2025,3,1292,26336.889
2025,3,1293,19253.525
2025,3,1294,28525.35
2025,3,1295,21468.562
2025,3,1296,31947.178
2025,3,1297,36455.82
2025,3,1298,20499.53
2025,3,1299,23267.686
2025,3,1300,27587.408
2025,3,1301,24715.762
2025,3,1302,16907.262
2025,3,1303,30599.732
2025,3,1304,30276.705
2025,3,1305,33267.97
2025,3,1306,39121.055
2025,3,1307,28928.527
2025,3,1308,20994.975
2025,3,1309,22520.42
2025,3,1310,31241.555
2025,3,1311,28302.412
2025,3,1312,15330.323
2025,3,1313,27533.379
2025,3,1314,17616.877
2025,3,1315,25927.438
2025,3,1316,25540.342
2025,3,1317,17740.01
2025,3,1318,24362.672
2025,3,1319,38912.066
2025,3,1320,11630.026
2025,3,1321,22569.016
2025,3,1322,38889.04
2025,3,1323,28174.459
2025,3,1324,35303.777
2025,3,1325,23132.26
2025,3,1326,15138.79
2025,3,1327,25193.283
2025,3,1328,39002.53
2025,3,1329,28793.43
2025,3,1330,11953.811
2025,3,1331,30852.521
2025,3,1332,37824.59
2025,3,1333,30413.11
2025,3,1334,16572.443
2025,3,1335,16415.53
2025,3,1336,20226.559
2025,3,1337,15462.395
2025,3,1338,55205.445
2025,3,1339,20482.771
2025,3,1340,19641.043
2025,3,1341,24376.615
2025,3,1342,28782.93
2025,3,1343,26963.596
2025,3,1344,34645.58
2025,3,1345,21199.31
2025,3,1346,32806.855
2025,3,1347,24458.541
2025,3,1348,15138.79
2025,3,1349,31051.191
2025,3,1350,23551.955
2025,3,1351,31334.094
2025,3,1352,10542.365
2025,3,1353,16146.696
2025,3,1354,29725.312
2025,3,1355,16589.262
2025,3,1356,29641.045
2025,3,1357,17021.047
2025,3,1358,22553.736
2025,3,1359,27219.787
2025,3,1360,21854.6
2025,3,1361,18180.256
2025,3,1362,23467.844
2025,3,1363,20316.473
2025,3,1364,24474.344
2025,3,1365,15521.356
2025,3,1366,33731.473
2025,3,1367,30136.615
2025,3,1368,18804.49
2025,3,1369,24424.246
2025,3,1370,21012.541
2025,3,1371,15645.813
2025,3,1372,23844.105
2025,3,1373,16501.754
2025,3,1374,15488.977
2025,3,1375,22288.402
2025,3,1376,21284.367
2025,3,1377,37058.574
2025,3,1378,30956.041
2025,3,1379,36486.605
2025,3,1380,16787.316
2025,3,1381,24315.283
2025,3,1382,10945.315
2025,3,1383,40015.977
2025,3,1384,20446.354
2025,3,1385,20518.693
2025,3,1386,27015.162
2025,3,1387,22314.697
2025,3,1388,26311.719
2025,3,1389,24098.838
2025,3,1390,22142.93
2025,3,1391,11913.853
2025,3,1392,28691.545
2025,3,1393,34004.06
2025,3,1394,31597.879
2025,3,1395,27624.084
2025,3,1396,23934.57
2025,3,1397,14175.737
2025,3,1398,22068.338
2025,3,1399,28308.814
2025,3,1400,24506.434
2025,3,1401,12021.374
2025,3,1402,26029.834
2025,3,1403,14891.615
2025,3,1404,22390.436
2025,3,1405,20962.188
2025,3,1406,23111.955
2025,3,1407,17852.316
2025,3,1408,18921.197
2025,3,1409,28481.09
2025,3,1410,24505.45
2025,3,1411,21526.707
2025,3,1412,34370.906
2025,3,1413,18099.16
2025,3,1414,22546.07
2025,3,1415,22202.004
2025,3,1416,18153.896
2025,3,1417,25864.041
2025,3,1418,23649.877
2025,3,1419,19657.643
2025,3,1420,19306.2
2025,3,1421,20209.451
2025,3,1422,15791.05
2025,3,1423,28337.12
2025,3,1424,40189.367
2025,3,1425,16228.835
2025,3,1426,21923.348
2025,3,1427,20230.334
2025,3,1428,22733.865
2025,3,1429,30766.422
2025,3,1430,15970.726
2025,3,1431,12940.881
2025,3,1432,21362.975
2025,3,1433,25832.23
2025,3,1434,20654.059
2025,3,1435,21657.875
2025,3,1436,23927.285
2025,3,1437,52257.727
2025,3,1438,16316.833
2025,3,1439,29388.172
2025,3,1440,28604.6
2025,3,1441,28626.436
2025,3,1442,20914.54
2025,3,1443,15055.1
2025,3,1444,34360.086
2025,3,1445,20625.24
2025,3,1446,30259.205
2025,3,1447,12861.848
2025,3,1448,22615.916
2025,3,1449,22216.846
2025,3,1450,12887.117
2025,3,1451,24791.383
2025,3,1452,35514.664
2025,3,1453,26552.664
2025,3,1454,17971.455
2025,3,1455,22102.873
2025,3,1456,26176.285
2025,3,1457,10899.522
2025,3,1458,19239.867
2025,3,1459,33543.246
2025,3,1460,15681.012
2025,3,1461,12349.181
2025,3,1462,23764.717
2025,3,1463,11679.192
2025,3,1464,15092.922
2025,3,1465,24343.533
2025,3,1466,16645.518
2025,3,1467,24111.447
2025,3,1468,14934.444
2025,3,1469,15311.928
2025,3,1470,12093.824
2025,3,1471,23856.646
2025,3,1472,12331.96
2025,3,1473,17119.38
2025,3,1474,21329.082
2025,3,1475,27829.334
2025,3,1476,20586.508
2025,3,1477,22586.16
2025,3,1478,21624.076
2025,3,1479,31106.254
2025,3,1480,28429.03
2025,3,1481,15138.79
2025,3,1482,18737.275
2025,3,1483,51285.9
2025,3,1484,26040.736
2025,3,1485,12161.442
2025,3,1486,14680.491
2025,3,1487,16473.285
2025,3,1488,20823.828
2025,3,1489,34402.773
2025,3,1490,10243.396
2025,3,1491,21001.572
2025,3,1492,35305.484
2025,3,1493,22465.27
2025,3,1494,24467.82
2025,3,1495,18824.979
2025,3,1496,20715.729
2025,3,1497,23341.67
2025,3,1498,17373.889
2025,3,1499,31074.258
2025,3,1500,16608.654
2025,3,1501,28218.363
2025,3,1502,37733.234
2025,3,1503,11715.287
2025,3,1504,31606.77
2025,3,1505,22503.494
2025,3,1506,26460.766
2025,3,1507,24868.402
2025,3,1508,15867.715
2025,3,1509,22061.26
2025,3,1510,25228.387
2025,3,1511,21100.11
2025,3,1512,34160.902
2025,3,1513,15109.15
2025,3,1514,18869.076
2025,3,1515,25683.332
2025,3,1516,22034.7
2025,3,1517,21385.156
2025,3,1518,26631.53
2025,3,1519,11747.622
2025,3,1520,30809.873
2025,3,1521,28225.902
2025,3,1522,21965.164
2025,3,1523,22331.049
2025,3,1524,25536.492
2025,3,1525,24414.555
2025,3,1526,25528.842
2025,3,1527,16209.754
2025,3,1528,12347.61
2025,3,1529,11176.016
2025,3,1530,18194.055
2025,3,1531,23780.586
2025,3,1532,31531.922
2025,3,1533,28207.56
2025,3,1534,25421.027
2025,3,1535,34558.92
2025,3,1536,32172.496
2025,3,1537,43638.86
2025,3,1538,32862.99
2025,3,1539,27743.016
2025,3,1540,24621.639
2025,3,1541,30577.297
2025,3,1542,16212.618
2025,3,1543,22569.53
2025,3,1544,32055.441
2025,3,1545,25467.271
2025,3,1546,11721.79
2025,3,1547,53878.8
2025,3,1548,31894.688
2025,3,1549,30375.223
2025,3,1550,32118.598
2025,3,1551,39117.152
2025,3,1552,34534.45
2025,3,1553,19280.498
2025,3,1554,26719.082
2025,3,1555,23906.385
2025,3,1556,56760.156
2025,3,1557,27473.28
2025,3,1558,34078.62
2025,3,1559,27686.54
2025,3,1560,12175.201
2025,3,1561,39705.547
2025,3,1562,38610.457
2025,3,1563,22055.35
2025,3,1564,33956.24
2025,3,1565,25557.176
2025,3,1566,25604.902
2025,3,1567,29469.387
2025,3,1568,40170.938
2025,3,1569,31330.756
2025,3,1570,40685.96
2025,3,1571,33631.76
2025,3,1572,27604.248
2025,3,1573,28246.287
2025,3,1574,46548.12
2025,3,1575,15351.068
2025,3,1576,25873.748
2025,3,1577,22571.498
2025,3,1578,22244.965
2025,3,1579,31719.627
2025,3,1580,21633.69
2025,3,1581,21680.916
2025,3,1582,23974.389
2025,3,1583,11741.822
2025,3,1584,21360.043
2025,3,1585,24498.834
2025,3,1586,21831.262
2025,3,1587,31333.525
2025,3,1588,21511.66
2025,3,1589,19236.566
2025,3,1590,29465.05
2025,3,1591,18510.818
2025,3,1592,15526.593
2025,3,1593,32497.367
2025,3,1594,34615.066
2025,3,1595,29475.709
2025,3,1596,23563.281
2025,3,1597,26078.22
2025,3,1598,31343.127
2025,3,1599,39135.727
2025,3,1600,35896.184
2025,3,1601,29523.229
2025,3,1602,23412.637
2025,3,1603,24180.047
2025,3,1604,17701.205
2025,3,1605,16366.27
2025,3,1606,35622.51
2025,3,1607,23350.008
2025,3,1608,15764.838
2025,3,1609,23804.12
2025,3,1610,12768.214
2025,3,1611,26828.805
2025,3,1612,42153.07
2025,3,1613,12840.216
2025,3,1614,21765.764
2025,3,1615,24675.723
2025,3,1616,21181.715
2025,3,1617,39895.12
2025,3,1618,17342.256
2025,3,1619,21375.344
2025,3,1620,25982.477
2025,3,1621,15764.5625
2025,3,1622,11302.263
2025,3,1623,25771.715
2025,3,1624,24579.705
2025,3,1625,20647.293
2025,3,1626,27207.672
2025,3,1627,28418.832
2025,3,1628,35712.79
2025,3,1629,16716.492
2025,3,1630,29927.432
2025,3,1631,15154.718
2025,3,1632,31085.121
2025,3,1633,18611.467
2025,3,1634,34682.26
2025,3,1635,30132.246
2025,3,1636,37177.76
2025,3,1637,20806.053
2025,3,1638,22833.422
2025,3,1639,26534.07
2025,3,1640,12959.161
2025,3,1641,25718.062
2025,3,1642,27569.68
2025,3,1643,11664.697
2025,3,1644,22035.316
2025,3,1645,27784.49
2025,3,1646,27100.598
2025,3,1647,16364.242
2025,3,1648,27107.133
2025,3,1649,18907.826
2025,3,1650,28095.559
2025,3,1651,27548.424
2025,3,1652,14590.94
2025,3,1653,19844.021
2025,3,1654,31612.725
2025,3,1655,24131.621
2025,3,1656,17490.094
2025,3,1657,27344.568
2025,3,1658,30330.318
2025,3,1659,23870.062
2025,3,1660,26997.943
2025,3,1661,12434.329
2025,3,1662,11948.93
2025,3,1663,19191.824
2025,3,1664,15111.79
2025,3,1665,11143.2
2025,3,1666,17783.023
2025,3,1667,19310.428
2025,3,1668,16674.459
2025,3,1669,25056.697
2025,3,1670,21019.29
2025,3,1671,39831.543
2025,3,1672,23716.582
2025,3,1673,37813.418
2025,3,1674,16304.605
2025,3,1675,20621.95
2025,3,1676,16321.036
2025,3,1677,29909.207
2025,3,1678,35791.3
2025,3,1679,33479.574
2025,3,1680,25388.773
2025,3,1681,30173.422
2025,3,1682,32239.088
2025,3,1683,29857.531
2025,3,1684,29599.268
2025,3,1685,26797.855
2025,3,1686,38611.46
2025,3,1687,20889.877
2025,3,1688,22991.584
2025,3,1689,16516.932
2025,3,1690,31128.342
2025,3,1691,25626.025
2025,3,1692,41986.41
2025,3,1693,23338.736
2025,3,1694,15645.813
2025,3,1695,29104.475
2025,3,1696,12093.584
2025,3,1697,16356.92
2025,3,1698,21056.04
2025,3,1699,18249.967
2025,3,1700,10715.801
2025,3,1701,23943.506
2025,3,1702,18123.045
2025,3,1703,17033.67
2025,3,1704,25822.865
2025,3,1705,18846.684
2025,3,1706,25142.838
2025,3,1707,31021.545
2025,3,1708,18392.238
2025,3,1709,30440.125
2025,3,1710,12542.75
2025,3,1711,13075.358
2025,3,1712,18720.8
2025,3,1713,30165.281
2025,3,1714,33771.848
2025,3,1715,12314.261
2025,3,1716,24364.635
2025,3,1717,35928.066
2025,3,1718,22026.154
2025,3,1719,21360.959
2025,3,1720,12064.815
2025,3,1721,31183.973
2025,3,1722,40492.23
2025,3,1723,30347.953
2025,3,1724,27110.611
2025,3,1725,24972.055
2025,3,1726,20892.123
2025,3,1727,24135.602
2025,3,1728,39249.133
2025,3,1729,22947.334
2025,3,1730,19655.139
2025,3,1731,13380.599
2025,3,1732,22495.057
2025,3,1733,32173.53
2025,3,1734,15829.292
2025,3,1735,30624.906
2025,3,1736,29204.809
2025,3,1737,25302.588
2025,3,1738,17795.99
2025,3,1739,12172.933
2025,3,1740,16463.393
2025,3,1741,35611.54
2025,3,1742,16616.365
2025,3,1743,30736.479
2025,3,1744,22443.486
2025,3,1745,22205.668
2025,3,1746,25850.56
2025,3,1747,29181.73
2025,3,1748,18318.07
2025,3,1749,11745.675
2025,3,1750,16651.98
2025,3,1751,17279.697
2025,3,1752,23720.502
2025,3,1753,32844.23
2025,3,1754,20967.4
2025,3,1755,15566.714
2025,3,1756,14862.94
2025,3,1757,11696.374
2025,3,1758,26248.59
2025,3,1759,11798.03
2025,3,1760,16127.56
2025,3,1761,26523.678
2025,3,1762,32020.451
2025,3,1763,17409.877
2025,3,1764,35543.97
2025,3,1765,25962.998
2025,3,1766,34165.625
2025,3,1767,33473.656
2025,3,1768,23784.92
2025,3,1769,35011.066
2025,3,1770,25570.783
2025,3,1771,15526.593
2025,3,1772,29269.027
2025,3,1773,21443.049
2025,3,1774,34993.152
2025,3,1775,17316.479
2025,3,1776,34200.11
2025,3,1777,27464.393
2025,3,1778,27366.648
2025,3,1779,28308.207
2025,3,1780,17537.238
2025,3,1781,42787.223
2025,3,1782,31410.424
2025,3,1783,38906.195
2025,3,1784,32917.812
2025,3,1785,21632.578
2025,3,1786,48156.23
2025,3,1787,33629.41
2025,3,1788,16595.77
2025,3,1789,25228.785
2025,3,1790,18256.893
2025,3,1791,18983.525
2025,3,1792,17121.05
2025,3,1793,38331.02
2025,3,1794,37286.324
2025,3,1795,26830.19
2025,3,1796,27207.174
2025,3,1797,12832.188
2025,3,1798,19433.01
2025,3,1799,22631.068
2025,3,1800,39495.72
2025,3,1801,34629.812
2025,3,1802,32954.258
2025,3,1803,31728.533
2025,3,1804,39268.156
2025,3,1805,15202.607
2025,3,1806,16442.1
2025,3,1807,12110.967
2025,3,1808,17326.598
2025,3,1809,19670.99
2025,3,1810,15138.79
2025,3,1811,24207.146
2025,3,1812,23434.145
2025,3,1813,24653.373
2025,3,1814,28852.25
2025,3,1815,20918.951
2025,3,1816,24847.943
2025,3,1817,27368.525
2025,3,1818,20634.518
2025,3,1819,14888.497
2025,3,1820,24204.445
2025,3,1821,12832.188
2025,3,1822,25204.783
2025,3,1823,17166.795
2025,3,1824,11564.037
2025,3,1825,23033.33
2025,3,1826,26379.123
2025,3,1827,20209.54
2025,3,1828,24758.047
2025,3,1829,22349.693
2025,3,1830,19832.555
2025,3,1831,28005.41
2025,3,1832,26764.154
2025,3,1833,18860.46
2025,3,1834,11788.36
2025,3,1835,24638.902
2025,3,1836,32145.045
2025,3,1837,38049.25
2025,3,1838,21628.504
2025,3,1839,16345.839
2025,3,1840,19032.648
2025,3,1841,24357.395
2025,3,1842,31660.729
2025,3,1843,32644.578
2025,3,1844,27060.543
2025,3,1845,30094.182
2025,3,1846,30103.848
2025,3,1847,22679.955
2025,3,1848,29119.586
2025,3,1849,15112.704
2025,3,1850,16665.898
2025,3,1851,24439.283
2025,3,1852,16767.686
2025,3,1853,29090.504
2025,3,1854,25497.06
2025,3,1855,31533.37
2025,3,1856,21925.547
2025,3,1857,23748.762
2025,3,1858,28360.898
2025,3,1859,34622.586
2025,3,1860,22246.744
2025,3,1861,27984.111
2025,3,1862,33423.07
2025,3,1863,12141.454
2025,3,1864,23020.877
2025,3,1865,30093.693
2025,3,1866,24080.89
2025,3,1867,23545.287
2025,3,1868,27611.87
2025,3,1869,20888.713
2025,3,1870,28181.883
2025,3,1871,25009.436
2025,3,1872,20574.182
2025,3,1873,16499.004
2025,3,1874,11695.321
2025,3,1875,23453.328
2025,3,1876,37667.742
2025,3,1877,33510.453
2025,3,1878,24391.135
2025,3,1879,50291.426
2025,3,1880,35313.87
2025,3,1881,14959.728
2025,3,1882,16825.79
2025,3,1883,24303.395
2025,3,1884,16616.365
2025,3,1885,16537.879
2025,3,1886,28700.584
2025,3,1887,29169.492
2025,3,1888,11910.387
2025,3,1889,27777.656
2025,3,1890,16640.25
2025,3,1891,26876.756
2025,3,1892,27094.322
2025,3,1893,22417.254
2025,3,1894,24696.29
2025,3,1895,31278.562
2025,3,1896,30417.428
2025,3,1897,22833.123
2025,3,1898,28080.314
2025,3,1899,17381.217
2025,3,1900,27875.016
2025,3,1901,22293.41
2025,3,1902,28386.719
2025,3,1903,17554.46
2025,3,1904,16975.3
2025,3,1905,24302.736
2025,3,1906,23130.766
2025,3,1907,13285.927
2025,3,1908,22969.06
2025,3,1909,19988.828
2025,3,1910,30403.47
2025,3,1911,25848.773
2025,3,1912,17756.588
2025,3,1913,29558.447
2025,3,1914,26109.52
2025,3,1915,13400.272
2025,3,1916,23199.86
2025,3,1917,12093.824
2025,3,1918,21150.41
2025,3,1919,39318.5
2025,3,1920,25252.281
2025,3,1921,21865.416
2025,3,1922,30493.59
2025,3,1923,31708.465
2025,3,1924,28595.617
2025,3,1925,18090.041
2025,3,1926,18928.021
2025,3,1927,34328.594
2025,3,1928,11758.31
2025,3,1929,12575.348
2025,3,1930,15909.387
2025,3,1931,12378.151
2025,3,1932,28281.262
2025,3,1933,22901.52
2025,3,1934,32043.934
2025,3,1935,12300.228
2025,3,1936,35605.137
2025,3,1937,23860.234
2025,3,1938,12336.353
2025,3,1939,18659.105
2025,3,1940,29081.314
2025,3,1941,16897.512
2025,3,1942,19137.701
2025,3,1943,26617.764
2025,3,1944,24185.229
2025,3,1945,40013.555
2025,3,1946,14827.594
2025,3,1947,15350.852
2025,3,1948,25870.074
2025,3,1949,39170.008
2025,3,1950,28746.291
2025,3,1951,11709.968
2025,3,1952,23272.764
2025,3,1953,29067.81
2025,3,1954,29908.393
2025,3,1955,37675.38
2025,3,1956,35892.39
2025,3,1957,24892.613
2025,3,1958,18791.674
2025,3,1959,35918.355
2025,3,1960,11406.026
2025,3,1961,23485.756
2025,3,1962,24854.008
2025,3,1963,20529.486
2025,3,1964,22557.885
2025,3,1965,26361.205
2025,3,1966,20709.512
2025,3,1967,17435.14
2025,3,1968,23597.348
2025,3,1969,18095.89
2025,3,1970,23829.053
2025,3,1971,12368.122
2025,3,1972,15675.166
2025,3,1973,20556.879
2025,3,1974,24157.496
2025,3,1975,26957.945
2025,3,1976,18677.227
2025,3,1977,21734.863
2025,3,1978,35389.81
2025,3,1979,27093.355
2025,3,1980,29317.762
2025,3,1981,20932.107
2025,3,1982,25850.291
2025,3,1983,20475.004
2025,3,1984,17192.627
2025,3,1985,60505.86
2025,3,1986,28009.672
2025,3,1987,33299.46
2025,3,1988,12631.608
2025,3,1989,29537.314
2025,3,1990,36703.37
2025,3,1991,31959.215
2025,3,1992,22333.146
2025,3,1993,30300.793
2025,3,1994,30496.785
2025,3,1995,25258.504
2025,3,1996,15223.911
2025,3,1997,11265.2
2025,3,1998,16226.579
2025,3,1999,16260.076
2025,3,2000,15236.415
2025,3,2001,38450.62
2025,3,2002,35581.39
2025,3,2003,55953.0
2025,3,2004,34285.05
2025,3,2005,17421.69
2025,3,2006,47708.176
2025,3,2007,25823.736
2025,3,2008,15645.813
2025,3,2009,15839.697
2025,3,2010,12078.142
2025,3,2011,20950.969
2025,3,2012,16562.035
2025,3,2013,40551.59
2025,3,2014,29868.164
2025,3,2015,25148.434
2025,3,2016,19877.596
2025,3,2017,17595.148
2025,3,2018,21013.225
2025,3,2019,22772.398
2025,3,2020,25594.223
2025,3,2021,41263.426
2025,3,2022,23130.764
2025,3,2023,16292.784
2025,3,2024,30557.771
2025,3,2025,20417.807
2025,3,2026,17998.775
2025,3,2027,21334.43
2025,3,2028,22081.945
2025,3,2029,30915.15
2025,3,2030,35522.35
2025,3,2031,11460.611
2025,3,2032,30992.934
2025,3,2033,36574.36
2025,3,2034,17998.775
2025,3,2035,29054.727
2025,3,2036,16989.318
2025,3,2037,32661.623
2025,3,2038,14827.594
2025,3,2039,15886.129
2025,3,2040,18445.324
2025,3,2041,22206.662
2025,3,2042,19520.826
2025,3,2043,34390.047
2025,3,2044,25454.564
2025,3,2045,29345.025
2025,3,2046,27457.654
2025,3,2047,30145.275
2025,3,2048,28046.908
2025,3,2049,23637.727
2025,3,2050,34130.254
2025,3,2051,26667.96
2025,3,2052,36383.17
2025,3,2053,35859.234
2025,3,2054,22267.557
2025,3,2055,25895.553
2025,3,2056,22319.469
2025,3,2057,23294.578
2025,3,2058,21093.791
2025,3,2059,21752.97
2025,3,2060,26775.773
2025,3,2061,19668.605
2025,3,2062,29210.264
2025,3,2063,22115.629
2025,3,2064,25580.77
2025,3,2065,25148.625
2025,3,2066,24790.047
2025,3,2067,11086.37
2025,3,2068,27709.275
2025,3,2069,32623.32
2025,3,2070,15566.714
2025,3,2071,31606.05
2025,3,2072,11272.304
2025,3,2073,18845.025
2025,3,2074,11321.1875
2025,3,2075,10283.264
2025,3,2076,11538.165
2025,3,2077,11079.276
2025,3,2078,16992.844
2025,3,2079,24065.201
2025,3,2080,11576.383
2025,3,2081,39659.875
2025,3,2082,12161.442
2025,3,2083,23776.664
2025,3,2084,26834.441
2025,3,2085,32529.371
2025,3,2086,22356.771
2025,3,2087,37172.84
2025,3,2088,30535.818
2025,3,2089,27550.926
2025,3,2090,26652.371
2025,3,2091,24441.615
2025,3,2092,27704.316
2025,3,2093,21795.068
2025,3,2094,23825.514
2025,3,2095,35061.652
2025,3,2096,23547.664
2025,3,2097,22962.111
2025,3,2098,15334.083
2025,3,2099,21320.422
2025,3,2100,37361.92
2025,3,2101,31879.031
2025,3,2102,39529.043
2025,3,2103,21057.094
2025,3,2104,20318.736
2025,3,2105,12903.536
2025,3,2106,27989.553
2025,3,2107,24001.533
2025,3,2108,19004.799
2025,3,2109,15315.515
2025,3,2110,27267.879
2025,3,2111,15757.175
2025,3,2112,37545.086
2025,3,2113,22065.355
2025,3,2114,21682.016
2025,3,2115,22259.824
2025,3,2116,20309.172
2025,3,2117,16616.365
2025,3,2118,44021.47
2025,3,2119,30017.691
2025,3,2120,28487.049
2025,3,2121,18625.312
2025,3,2122,28844.734
2025,3,2123,23392.445
2025,3,2124,21971.678
2025,3,2125,25321.688
2025,3,2126,27066.7
2025,3,2127,13893.027
2025,3,2128,29563.008
2025,3,2129,24521.56
2025,3,2130,27418.83
2025,3,2131,34368.445
2025,3,2132,34683.68
2025,3,2133,24527.588
2025,3,2134,24268.016
2025,3,2135,18321.158
2025,3,2136,25629.047
2025,3,2137,31149.346
2025,3,2138,12427.036
2025,3,2139,28902.56
2025,3,2140,23796.656
2025,3,2141,24705.969
2025,3,2142,16515.436
2025,3,2143,29428.51
2025,3,2144,27588.979
2025,3,2145,13574.197
2025,3,2146,19634.955
2025,3,2147,21801.164
2025,3,2148,30548.303
2025,3,2149,28187.816
2025,3,2150,27709.715
2025,3,2151,37437.496
2025,3,2152,20297.842
2025,3,2153,28909.55
2025,3,2154,11442.548
2025,3,2155,23280.95
2025,3,2156,25739.58
2025,3,2157,25746.78
2025,3,2158,24044.133
2025,3,2159,16715.889
2025,3,2160,27181.568
2025,3,2161,31312.31
2025,3,2162,23799.594
2025,3,2163,17895.9
2025,3,2164,25281.332
2025,3,2165,25497.32
2025,3,2166,12118.861
2025,3,2167,23881.94
2025,3,2168,21583.83
2025,3,2169,30973.29
2025,3,2170,17326.516
2025,3,2171,32932.38
2025,3,2172,39241.99
2025,3,2173,15880.331
2025,3,2174,24654.203
2025,3,2175,21613.451
2025,3,2176,23853.586
2025,3,2177,25111.271
2025,3,2178,21154.738
2025,3,2179,24956.666
2025,3,2180,22540.545
2025,3,2181,37339.99
2025,3,2182,23617.107
2025,3,2183,23143.61
2025,3,2184,30579.45
2025,3,2185,35193.53
2025,3,2186,37132.49
2025,3,2187,42225.992
2025,3,2188,22408.861
2025,3,2189,32541.785
2025,3,2190,11737.082
2025,3,2191,23916.975
2025,3,2192,25939.281
2025,3,2193,22555.842
2025,3,2194,26353.94
2025,3,2195,32078.594
2025,3,2196,30029.896
2025,3,2197,31594.121
2025,3,2198,28706.4
2025,3,2199,29859.34
2025,3,2200,28103.527
2025,3,2201,34114.453
2025,3,2202,18450.283
2025,3,2203,27179.746
2025,3,2204,15432.83
2025,3,2205,11436.621
2025,3,2206,16117.051
2025,3,2207,29822.695
2025,3,2208,24339.523
2025,3,2209,21712.178
2025,3,2210,22158.396
2025,3,2211,32093.842
2025,3,2212,34682.83
2025,3,2213,22932.37
2025,3,2214,18329.014
2025,3,2215,17874.912
2025,3,2216,23871.717
2025,3,2217,23622.76
2025,3,2218,36854.01
2025,3,2219,33061.043
2025,3,2220,18056.537
2025,3,2221,15990.985
2025,3,2222,37882.906
2025,3,2223,17682.215
2025,3,2224,29949.105
2025,3,2225,11489.454
2025,3,2226,28499.73
2025,3,2227,30061.518
2025,3,2228,34602.098
2025,3,2229,21119.943
2025,3,2230,11522.106
2025,3,2231,22143.271
2025,3,2232,45068.42
2025,3,2233,21275.916
2025,3,2234,64691.35
2025,3,2235,27261.371
2025,3,2236,21030.088
2025,3,2237,22392.746
2025,3,2238,28124.44
2025,3,2239,26728.555
2025,3,2240,34510.695
2025,3,2241,35397.633
2025,3,2242,29093.936
2025,3,2243,26162.885
2025,3,2244,16044.818
2025,3,2245,26800.744
2025,3,2246,19854.125
2025,3,2247,19552.412
2025,3,2248,20209.451
2025,3,2249,35489.195
2025,3,2250,29913.818
2025,3,2251,21770.973
2025,3,2252,13312.68
2025,3,2253,26830.787
2025,3,2254,31798.707
2025,3,2255,27060.43
2025,3,2256,29704.746
2025,3,2257,27235.018
2025,3,2258,34314.5
2025,3,2259,26625.344
2025,3,2260,23282.229
2025,3,2261,15609.495
2025,3,2262,30670.877
2025,3,2263,25595.568
2025,3,2264,17134.322
2025,3,2265,26680.318
2025,3,2266,25470.227
2025,3,2267,25233.059
2025,3,2268,23980.887
2025,3,2269,19070.695
2025,3,2270,25119.201
2025,3,2271,13118.71
2025,3,2272,21809.746
2025,3,2273,24406.885
2025,3,2274,17444.969
2025,3,2275,21897.75
2025,3,2276,36601.363
2025,3,2277,17699.096
2025,3,2278,18027.918
2025,3,2279,23917.143
2025,3,2280,46783.383
2025,3,2281,15029.126
2025,3,2282,20919.352
2025,3,2283,20053.113
2025,3,2284,19902.537
2025,3,2285,15830.316
2025,3,2286,29957.479
2025,3,2287,15960.29
2025,3,2288,22249.586
2025,3,2289,21992.234
2025,3,2290,15134.271
2025,3,2291,29403.275
2025,3,2292,11624.874
2025,3,2293,28167.54
2025,3,2294,35378.242
2025,3,2295,32906.633
2025,3,2296,16972.22
2025,3,2297,18902.492
2025,3,2298,16205.164
2025,3,2299,25877.012
2025,3,2300,22350.209
2025,3,2301,17851.148
2025,3,2302,56255.82
2025,3,2303,31267.25
2025,3,2304,21128.541
2025,3,2305,24124.783
2025,3,2306,34300.58
2025,3,2307,11689.766
2025,3,2308,21907.213
2025,3,2309,23395.344
2025,3,2310,24379.826
2025,3,2311,20863.838
2025,3,2312,24826.803
2025,3,2313,37570.78
2025,3,2314,28398.469
2025,3,2315,27172.547
2025,3,2316,20779.117
2025,3,2317,22164.41
2025,3,2318,35864.09
2025,3,2319,14648.8
2025,3,2320,23073.191
2025,3,2321,20004.56
2025,3,2322,10034.426
2025,3,2323,31872.754
2025,3,2324,16257.272
2025,3,2325,23072.3
2025,3,2326,27766.805
2025,3,2327,28097.396
2025,3,2328,18159.705
2025,3,2329,18702.982
2025,3,2330,16243.159
2025,3,2331,32188.24
2025,3,2332,15138.79
2025,3,2333,27627.979
2025,3,2334,15055.1
2025,3,2335,28191.121
2025,3,2336,11954.506
2025,3,2337,19958.799
2025,3,2338,22377.059
2025,3,2339,20061.828
2025,3,2340,37813.37
2025,3,2341,11995.911
2025,3,2342,17047.459
2025,3,2343,24883.4
2025,3,2344,15138.79
2025,3,2345,26108.438
2025,3,2346,27105.867
2025,3,2347,11589.928
2025,3,2348,27881.46
2025,3,2349,33357.195
2025,3,2350,27797.578
2025,3,2351,17455.361
2025,3,2352,23557.514
2025,3,2353,19177.607
2025,3,2354,37462.12
2025,3,2355,15473.055
2025,3,2356,26962.94
2025,3,2357,35318.625
2025,3,2358,22358.852
2025,3,2359,11585.951
2025,3,2360,30390.234
2025,3,2361,33036.035
2025,3,2362,12108.019
2025,3,2363,15897.055
2025,3,2364,11969.7705
2025,3,2365,23059.402
2025,3,2366,26761.105
2025,3,2367,23703.654
2025,3,2368,18600.047
2025,3,2369,14012.685
2025,3,2370,26299.2
2025,3,2371,21807.453
2025,3,2372,31611.705
2025,3,2373,12005.973
2025,3,2374,34739.746
2025,3,2375,10211.193
2025,3,2376,36338.934
2025,3,2377,46454.94
2025,3,2378,22267.113
2025,3,2379,21112.89
2025,3,2380,18658.027
2025,3,2381,25393.156
2025,3,2382,24565.393
2025,3,2383,17167.732
2025,3,2384,38113.56
2025,3,2385,35713.266
2025,3,2386,20308.088
2025,3,2387,23276.932
2025,3,2388,29002.451
2025,3,2389,65728.84
2025,3,2390,20811.693
2025,3,2391,22350.643
2025,3,2392,23788.785
2025,3,2393,29933.73
2025,3,2394,29315.639
2025,3,2395,24789.945
2025,3,2396,19101.273
2025,3,2397,23290.549
2025,3,2398,11978.932
2025,3,2399,21938.443
2025,3,2400,17136.473
2025,3,2401,20948.357
2025,3,2402,29655.004
2025,3,2403,24698.49
2025,3,2404,26137.473
2025,3,2405,23983.725
2025,3,2406,29269.84
2025,3,2407,13039.882
2025,3,2408,23498.58
2025,3,2409,26168.719
2025,3,2410,23686.842
2025,3,2411,30720.709
2025,3,2412,23473.848
2025,3,2413,24776.98
2025,3,2414,15406.348
2025,3,2415,33572.688
2025,3,2416,25421.766
2025,3,2417,34249.6
2025,3,2418,14417.091
2025,3,2419,30427.969
2025,3,2420,17189.457
2025,3,2421,30039.918
2025,3,2422,27002.475
2025,3,2423,25779.963
2025,3,2424,25725.916
2025,3,2425,23452.996
2025,3,2426,23432.67
2025,3,2427,15696.802
2025,3,2428,33481.445
2025,3,2429,38184.426
2025,3,2430,29645.225
2025,3,2431,24456.775
2025,3,2432,26195.158
2025,3,2433,23008.686
2025,3,2434,41517.65
2025,3,2435,27458.047
2025,3,2436,17218.723
2025,3,2437,22898.553
2025,3,2438,25885.945
2025,3,2439,23004.545
2025,3,2440,26523.06
2025,3,2441,10593.499
2025,3,2442,43487.875
2025,3,2443,15387.945
2025,3,2444,23241.672
2025,3,2445,23164.668
2025,3,2446,35769.617
2025,3,2447,41628.625
2025,3,2448,27536.365
2025,3,2449,14871.558
2025,3,2450,25299.664
2025,3,2451,23059.367
2025,3,2452,27794.691
2025,3,2453,25106.61
2025,3,2454,18448.965
2025,3,2455,21561.559
2025,3,2456,20492.357
2025,3,2457,15733.037
2025,3,2458,44284.426
2025,3,2459,21358.791
2025,3,2460,23856.07
2025,3,2461,26667.764
2025,3,2462,30576.932
2025,3,2463,26427.486
2025,3,2464,17901.373
2025,3,2465,21497.123
2025,3,2466,24556.676
2025,3,2467,34923.887
2025,3,2468,25239.506
2025,3,2469,25941.594
2025,3,2470,20642.887
2025,3,2471,40547.5
2025,3,2472,25126.684
2025,3,2473,34390.15
2025,3,2474,22412.697
2025,3,2475,28031.174
2025,3,2476,16269.631
2025,3,2477,27596.443
2025,3,2478,30648.344
2025,3,2479,12281.151
2025,3,2480,19197.387
2025,3,2481,24684.025
2025,3,2482,28060.338
2025,3,2483,16102.194
2025,3,2484,20045.639
2025,3,2485,40021.273
2025,3,2486,25201.281
2025,3,2487,20398.75
2025,3,2488,22984.652
2025,3,2489,36254.75
2025,3,2490,20696.316
2025,3,2491,20954.033
2025,3,2492,22483.674
2025,3,2493,24853.338
2025,3,2494,16527.059
2025,3,2495,20779.277
2025,3,2496,34055.035
2025,3,2497,16828.36
2025,3,2498,36136.074
2025,3,2499,12959.161
2025,3,2500,38365.195
2025,3,2501,28555.275
2025,3,2502,19310.697
2025,3,2503,25691.85
2025,3,2504,14985.827
2025,3,2505,26661.455
2025,3,2506,22452.713
2025,3,2507,13359.981
2025,3,2508,16906.102
2025,3,2509,23742.055
2025,3,2510,28387.09
2025,3,2511,26022.768
2025,3,2512,15055.1
2025,3,2513,30319.434
2025,3,2514,34642.613
2025,3,2515,28109.316
2025,3,2516,33975.766
2025,3,2517,17982.396
2025,3,2518,32128.361
2025,3,2519,55250.6
2025,3,2520,15397.542
2025,3,2521,12401.166
2025,3,2522,19022.996
2025,3,2523,39727.773
2025,3,2524,22961.994
2025,3,2525,20524.049
2025,3,2526,33615.65
2025,3,2527,30498.062
2025,3,2528,19738.023
2025,3,2529,25633.908
2025,3,2530,25982.643
2025,3,2531,23774.771
2025,3,2532,27370.135
2025,3,2533,54148.883
2025,3,2534,15807.549
2025,3,2535,27016.047
2025,3,2536,25639.117
2025,3,2537,52471.76
2025,3,2538,10583.18
2025,3,2539,33227.316
2025,3,2540,29808.443
2025,3,2541,30355.625
2025,3,2542,25922.895
2025,3,2543,38098.348
2025,3,2544,38481.934
2025,3,2545,18401.145
2025,3,2546,19717.293
2025,3,2547,23697.746
2025,3,2548,35360.875
2025,3,2549,24805.176
2025,3,2550,37081.848
2025,3,2551,11014.71
2025,3,2552,14529.736
2025,3,2553,12337.091
2025,3,2554,32182.584
2025,3,2555,31387.283
2025,3,2556,22786.387
2025,3,2557,30842.559
2025,3,2558,15092.922
2025,3,2559,23762.387
2025,3,2560,36580.402
2025,3,2561,35336.754
2025,3,2562,30354.777
2025,3,2563,44036.977
2025,3,2564,25750.393
2025,3,2565,17922.303
2025,3,2566,30365.69
2025,3,2567,15907.804
2025,3,2568,19767.059
2025,3,2569,16295.732
2025,3,2570,15071.027
2025,3,2571,17299.518
2025,3,2572,14923.425
2025,3,2573,29792.225
2025,3,2574,25421.803
2025,3,2575,21665.654
2025,3,2576,36220.75
2025,3,2577,25573.525
2025,3,2578,39812.402
2025,3,2579,18294.916
2025,3,2580,17559.1
2025,3,2581,34916.63
2025,3,2582,21444.25
2025,3,2583,31976.094
2025,3,2584,28692.834
2025,3,2585,34563.56
2025,3,2586,11530.657
2025,3,2587,15154.718
2025,3,2588,37994.652
2025,3,2589,19642.207
2025,3,2590,16001.036
2025,3,2591,25160.518
2025,3,2592,27948.771
2025,3,2593,26938.055
2025,3,2594,40910.523
2025,3,2595,11482.566
2025,3,2596,17419.209
2025,3,2597,13117.432
2025,3,2598,25138.594
2025,3,2599,15424.333
2025,3,2600,29651.617
2025,3,2601,38801.125
2025,3,2602,18249.635
2025,3,2603,20958.121
2025,3,2604,24457.404
2025,3,2605,29610.088
2025,3,2606,33419.066
2025,3,2607,40295.707
2025,3,2608,22930.396
2025,3,2609,28736.78
2025,3,2610,26157.97
2025,3,2611,38707.625
2025,3,2612,38309.598
2025,3,2613,27007.182
2025,3,2614,24240.244
2025,3,2615,32616.027
2025,3,2616,36078.633
2025,3,2617,34435.984
2025,3,2618,22610.598
2025,3,2619,23493.977
2025,3,2620,38994.305
2025,3,2621,18212.926
2025,3,2622,39057.17
2025,3,2623,36254.9
2025,3,2624,28357.285
2025,3,2625,22087.37
2025,3,2626,22488.213
2025,3,2627,34638.25
2025,3,2628,30878.477
2025,3,2629,23637.816
2025,3,2630,25647.828
2025,3,2631,43587.56
2025,3,2632,12547.84
2025,3,2633,11347.733
2025,3,2634,22671.6
2025,3,2635,21461.52
2025,3,2636,29838.445
2025,3,2637,36896.547
2025,3,2638,38078.684
2025,3,2639,29499.16
2025,3,2640,31308.68
2025,3,2641,23937.959
2025,3,2642,27636.062
2025,3,2643,44269.36
2025,3,2644,24339.559
2025,3,2645,25109.695
2025,3,2646,33363.77
2025,3,2647,26007.62
2025,3,2648,27320.164
2025,3,2649,23391.21
2025,3,2650,21608.02
2025,3,2651,31757.367
2025,3,2652,23006.342
2025,3,2653,24031.176
2025,3,2654,39155.88
2025,3,2655,24004.68
2025,3,2656,29051.508
2025,3,2657,21836.67
2025,3,2658,19983.904
2025,3,2659,23315.664
2025,3,2660,31037.475
2025,3,2661,27902.76
2025,3,2662,17310.195
2025,3,2663,30806.406
2025,3,2664,43504.824
2025,3,2665,15815.095
2025,3,2666,16409.947
2025,3,2667,11491.132
2025,3,2668,25676.182
2025,3,2669,33836.125
2025,3,2670,27798.21
2025,3,2671,20359.139
2025,3,2672,24513.918
2025,3,2673,20515.03
2025,3,2674,22765.658
2025,3,2675,36430.094
2025,3,2676,23721.85
2025,3,2677,28849.242
2025,3,2678,15179.455
2025,3,2679,28063.256
2025,3,2680,20707.803
2025,3,2681,27875.371
2025,3,2682,25467.172
2025,3,2683,20822.668
2025,3,2684,16480.268
2025,3,2685,31523.582
2025,3,2686,37896.367
2025,3,2687,33366.168
2025,3,2688,28259.287
2025,3,2689,16372.262
2025,3,2690,44880.73
2025,3,2691,21943.986
2025,3,2692,17059.107
2025,3,2693,34985.418
2025,3,2694,15331.442
2025,3,2695,22984.98
2025,3,2696,22080.035
2025,3,2697,21555.305
2025,3,2698,11589.448
2025,3,2699,24273.906
2025,3,2700,60163.324
2025,3,2701,40445.887
2025,3,2702,22962.682
2025,3,2703,20070.604
2025,3,2704,25529.756
2025,3,2705,29975.318
2025,3,2706,25139.268
2025,3,2707,15985.034
2025,3,2708,20853.693
2025,3,2709,20919.889
2025,3,2710,23226.89
2025,3,2711,23682.822
2025,3,2712,14127.638
2025,3,2713,24423.633
2025,3,2714,27351.883
2025,3,2715,24188.266
2025,3,2716,16998.04
2025,3,2717,15389.364
2025,3,2718,25090.717
2025,3,2719,30672.598
2025,3,2720,23488.988
2025,3,2721,15031.541
2025,3,2722,26692.795
2025,3,2723,31212.857
2025,3,2724,10858.004
2025,3,2725,22386.348
2025,3,2726,16370.536
2025,3,2727,37551.176
2025,3,2728,21601.4
2025,3,2729,11136.304
2025,3,2730,19744.809
2025,3,2731,20671.969
2025,3,2732,20443.676
2025,3,2733,14794.3
2025,3,2734,15055.1
2025,3,2735,31337.791
2025,3,2736,22100.424
2025,3,2737,23391.312
2025,3,2738,17261.354
2025,3,2739,38832.67
2025,3,2740,19387.602
2025,3,2741,14885.903
2025,3,2742,20814.684
2025,3,2743,30070.96
2025,3,2744,23893.34
2025,3,2745,22380.959
2025,3,2746,25597.783
2025,3,2747,15145.395
2025,3,2748,22191.328
2025,3,2749,38635.996
2025,3,2750,25673.969
2025,3,2751,32111.598
2025,3,2752,19348.955
2025,3,2753,35479.098
2025,3,2754,18707.088
2025,3,2755,10982.907
2025,3,2756,15360.988
2025,3,2757,28005.385
2025,3,2758,11787.068
2025,3,2759,26605.781
2025,3,2760,31905.557
2025,3,2761,31426.793
2025,3,2762,32150.432
2025,3,2763,11673.889
2025,3,2764,12091.79
2025,3,2765,34179.79
2025,3,2766,25534.266
2025,3,2767,28096.805
2025,3,2768,30769.59
2025,3,2769,29830.947
2025,3,2770,29681.594
2025,3,2771,11222.813
2025,3,2772,11151.285
2025,3,2773,22061.158
2025,3,2774,19069.158
2025,3,2775,28704.26
2025,3,2776,21753.346
2025,3,2777,29919.082
2025,3,2778,30759.674
2025,3,2779,23683.156
2025,3,2780,22905.977
2025,3,2781,23158.412
2025,3,2782,27458.002
2025,3,2783,17089.99
2025,3,2784,25439.482
2025,3,2785,31779.629
2025,3,2786,22625.287
2025,3,2787,34699.824
2025,3,2788,27757.873
2025,3,2789,32074.033
2025,3,2790,31391.447
2025,3,2791,24240.77
2025,3,2792,15948.335
2025,3,2793,35978.516
2025,3,2794,27102.87
2025,3,2795,14911.08
2025,3,2796,43728.18
2025,3,2797,29214.58
2025,3,2798,30858.38
2025,3,2799,26063.135
2025,3,2800,27332.89
2025,3,2801,23902.887
2025,3,2802,27967.465
2025,3,2803,20303.043
2025,3,2804,15990.985
2025,3,2805,26218.44
2025,3,2806,31020.56
2025,3,2807,26642.82
2025,3,2808,23657.092
2025,3,2809,20240.6
2025,3,2810,27331.72
2025,3,2811,28194.025
2025,3,2812,27657.967
2025,3,2813,19320.234
2025,3,2814,20623.793
2025,3,2815,26902.326
2025,3,2816,24320.385
2025,3,2817,25258.807
2025,3,2818,16722.574
2025,3,2819,16652.076
2025,3,2820,28022.387
2025,3,2821,48134.21
2025,3,2822,21455.102
2025,3,2823,29086.111
2025,3,2824,25119.123
2025,3,2825,19766.805
2025,3,2826,15618.472
2025,3,2827,44120.31
2025,3,2828,31482.25
2025,3,2829,29698.137
2025,3,2830,29835.035
2025,3,2831,21858.848
2025,3,2832,17125.54
2025,3,2833,14782.405
2025,3,2834,29219.502
2025,3,2835,26339.967
2025,3,2836,20136.717
2025,3,2837,24419.938
2025,3,2838,15228.514
2025,3,2839,27476.637
2025,3,2840,30601.621
2025,3,2841,21300.418
2025,3,2842,20010.959
2025,3,2843,20882.594
2025,3,2844,41115.375
2025,3,2845,57667.215
2025,3,2846,30738.209
2025,3,2847,29105.184
2025,3,2848,28718.215
2025,3,2849,20337.879
2025,3,2850,31779.23
2025,3,2851,28533.674
2025,3,2852,14615.458
2025,3,2853,19038.742
2025,3,2854,30298.115
2025,3,2855,36091.9
2025,3,2856,23326.396
2025,3,2857,21683.693
2025,3,2858,32409.479
2025,3,2859,18527.846
2025,3,2860,17760.037
2025,3,2861,25668.96
2025,3,2862,25825.8
2025,3,2863,15546.375
2025,3,2864,22116.84
2025,3,2865,26652.883
2025,3,2866,27330.61
2025,3,2867,21832.629
2025,3,2868,11569.317
2025,3,2869,32295.133
2025,3,2870,15720.069
2025,3,2871,17061.19
2025,3,2872,22859.041
2025,3,2873,27112.232
2025,3,2874,17305.66
2025,3,2875,15869.416
2025,3,2876,15997.796
2025,3,2877,29646.1
2025,3,2878,21324.783
2025,3,2879,17820.887
2025,3,2880,30929.406
2025,3,2881,29397.227
2025,3,2882,22796.79
2025,3,2883,39327.95
2025,3,2884,27965.078
2025,3,2885,26605.785
2025,3,2886,36450.305
2025,3,2887,23081.441
2025,3,2888,30457.838
2025,3,2889,32679.299
2025,3,2890,34946.133
2025,3,2891,24712.086
2025,3,2892,21569.812
2025,3,2893,11927.564
2025,3,2894,17395.709
2025,3,2895,27074.328
2025,3,2896,19389.523
2025,3,2897,15134.361
2025,3,2898,11905.144
2025,3,2899,17174.383
2025,3,2900,19148.191
2025,3,2901,18407.135
2025,3,2902,26681.455
2025,3,2903,12183.506
2025,3,2904,23936.518
2025,3,2905,21998.781
2025,3,2906,20210.25
2025,3,2907,20736.672
2025,3,2908,28210.055
2025,3,2909,24299.3
2025,3,2910,21803.354
2025,3,2911,32769.31
2025,3,2912,16444.068
2025,3,2913,15315.515
2025,3,2914,17556.98
2025,3,2915,23998.723
2025,3,2916,21420.365
2025,3,2917,28199.318
2025,3,2918,11075.398
2025,3,2919,13487.5
2025,3,2920,25597.346
2025,3,2921,13164.562
2025,3,2922,34735.094
2025,3,2923,31885.816
2025,3,2924,32725.273
2025,3,2925,16555.793
2025,3,2926,26538.646
2025,3,2927,24401.932
2025,3,2928,24570.188
2025,3,2929,33831.61
2025,3,2930,26155.379
2025,3,2931,49056.457
2025,3,2932,27974.346
2025,3,2933,24345.963
2025,3,2934,30359.902
2025,3,2935,23302.1
2025,3,2936,21694.277
2025,3,2937,30785.977
2025,3,2938,30984.422
2025,3,2939,22004.383
2025,3,2940,25979.828
2025,3,2941,29258.775
2025,3,2942,32167.217
2025,3,2943,20560.643
2025,3,2944,29090.059
2025,3,2945,15112.003
2025,3,2946,20965.352
2025,3,2947,23533.521
2025,3,2948,11988.766
2025,3,2949,24199.455
2025,3,2950,15043.256
2025,3,2951,16948.213
2025,3,2952,33907.914
2025,3,2953,25824.494
2025,3,2954,16841.486
2025,3,2955,21634.354
2025,3,2956,11504.76
2025,3,2957,15208.256
2025,3,2958,32149.68
2025,3,2959,26563.451
2025,3,2960,49818.445
2025,3,2961,31006.31
2025,3,2962,23696.828
2025,3,2963,17593.307
2025,3,2964,19991.26
2025,3,2965,20508.322
2025,3,2966,23972.611
2025,3,2967,28549.705
2025,3,2968,34849.1
2025,3,2969,23233.783
2025,3,2970,24045.963
2025,3,2971,18387.014
2025,3,2972,20829.037
2025,3,2973,11427.306
2025,3,2974,28350.717
2025,3,2975,27298.035
2025,3,2976,22959.607
2025,3,2977,32503.396
2025,3,2978,18976.738
2025,3,2979,31452.91
2025,3,2980,15315.515
2025,3,2981,25225.324
2025,3,2982,20378.877
2025,3,2983,26829.22
2025,3,2984,29972.914
2025,3,2985,16081.892
2025,3,2986,24122.94
2025,3,2987,27162.436
2025,3,2988,21579.348
2025,3,2989,24948.748
2025,3,2990,28258.408
2025,3,2991,22291.719
2025,3,2992,34549.21
2025,3,2993,26759.033
2025,3,2994,17702.004
2025,3,2995,19539.438
2025,3,2996,11259.74
2025,3,2997,18117.904
2025,3,2998,19015.086
2025,3,2999,15985.713
2025,3,3000,18463.318
2025,3,3001,11548.9
2025,3,3002,25298.598
2025,3,3003,15353.34
2025,3,3004,22679.727
2025,3,3005,26802.594
2025,3,3006,29353.363
2025,3,3007,22997.742
2025,3,3008,13794.432
2025,3,3009,15092.922
2025,3,3010,38147.29
2025,3,3011,26391.756
2025,3,3012,31886.383
2025,3,3013,34118.676
2025,3,3014,14795.4375
2025,3,3015,50780.95
2025,3,3016,34899.133
2025,3,3017,31814.652
2025,3,3018,28248.203
2025,3,3019,30761.135
2025,3,3020,28176.82
2025,3,3021,38100.914
2025,3,3022,23310.906
2025,3,3023,26856.55
2025,3,3024,17045.238
2025,3,3025,24038.121
2025,3,3026,26966.53
2025,3,3027,30522.676
2025,3,3028,26586.217
2025,3,3029,12394.748
2025,3,3030,20833.16
2025,3,3031,22488.375
2025,3,3032,19400.814
2025,3,3033,32452.365
2025,3,3034,30582.674
2025,3,3035,24176.406
2025,3,3036,14782.485
2025,3,3037,20233.807
2025,3,3038,27277.156
2025,3,3039,14946.862
2025,3,3040,11155.433
2025,3,3041,24072.027
2025,3,3042,20093.959
2025,3,3043,30321.145
2025,3,3044,10730.303
2025,3,3045,10762.301
2025,3,3046,33123.65
2025,3,3047,33235.957
2025,3,3048,11972.537
2025,3,3049,16488.2
2025,3,3050,19729.506
2025,3,3051,26520.846
2025,3,3052,19296.955
2025,3,3053,26933.832
2025,3,3054,28809.074
2025,3,3055,15060.769
2025,3,3056,15860.168
2025,3,3057,14908.191
2025,3,3058,15431.552
2025,3,3059,20575.604
2025,3,3060,27877.1
2025,3,3061,11522.586
2025,3,3062,13395.666
2025,3,3063,15112.003
2025,3,3064,21027.428
2025,3,3065,15127.12
2025,3,3066,37701.223
2025,3,3067,24067.086
2025,3,3068,17723.389
2025,3,3069,34831.484
2025,3,3070,25903.75
2025,3,3071,16530.97
2025,3,3072,20981.598
2025,3,3073,30245.98
2025,3,3074,21265.074
2025,3,3075,15331.442
2025,3,3076,17537.328
2025,3,3077,17559.48
2025,3,3078,32584.148
2025,3,3079,12099.452
2025,3,3080,21672.7
2025,3,3081,36369.344
2025,3,3082,21764.002
2025,3,3083,15234.199
2025,3,3084,11783.548
2025,3,3085,11703.723
2025,3,3086,15128.933
2025,3,3087,18731.791
2025,3,3088,15109.15
2025,3,3089,20245.39
2025,3,3090,16834.436
2025,3,3091,19303.623
2025,3,3092,24877.176
2025,3,3093,14798.333
2025,3,3094,16048.736
2025,3,3095,30432.943
2025,3,3096,22189.545
2025,3,3097,15055.1
2025,3,3098,24520.713
2025,3,3099,12578.23
2025,3,3100,26375.361
2025,3,3101,26940.621
2025,3,3102,16427.82
2025,3,3103,16137.404
2025,3,3104,15192.328
2025,3,3105,22826.137
2025,3,3106,15764.838
2025,3,3107,30068.98
2025,3,3108,12369.8545
2025,3,3109,36180.508
2025,3,3110,23149.924
2025,3,3111,18823.979
2025,3,3112,20695.465
2025,3,3113,17125.156
2025,3,3114,11538.165
2025,3,3115,22048.188
2025,3,3116,15614.929
2025,3,3117,30924.396
2025,3,3118,16580.633
2025,3,3119,41732.914
2025,3,3120,37274.125
2025,3,3121,19303.568
2025,3,3122,22989.828
2025,3,3123,21402.3
2025,3,3124,20357.648
2025,3,3125,17335.156
2025,3,3126,34147.086
2025,3,3127,25215.36
2025,3,3128,20591.688
2025,3,3129,27406.447
2025,3,3130,37563.285
2025,3,3131,36341.484
2025,3,3132,29319.197
2025,3,3133,19363.393
2025,3,3134,37351.01
2025,3,3135,29010.975
2025,3,3136,20242.51
2025,3,3137,20761.164
2025,3,3138,16561.97
2025,3,3139,10551.674
2025,3,3140,39001.723
2025,3,3141,22425.312
2025,3,3142,27525.77
2025,3,3143,25637.904
2025,3,3144,19101.273
2025,3,3145,23427.508
2025,3,3146,22845.639
2025,3,3147,40714.332
2025,3,3148,23840.35
2025,3,3149,23473.322
2025,3,3150,34639.797
2025,3,3151,20269.178
2025,3,3152,20101.896
2025,3,3153,15071.027
2025,3,3154,27003.664
2025,3,3155,16202.299
2025,3,3156,35311.395
2025,3,3157,21305.69
2025,3,3158,22202.006
2025,3,3159,21012.363
2025,3,3160,29999.178
2025,3,3161,15533.502
2025,3,3162,18737.275
2025,3,3163,17735.066
2025,3,3164,25786.94
2025,3,3165,21418.67
2025,3,3166,22878.506
2025,3,3167,38853.902
2025,3,3168,17617.627
2025,3,3169,22750.912
2025,3,3170,23872.572
2025,3,3171,23623.344
2025,3,3172,15905.709
2025,3,3173,15409.146
2025,3,3174,17025.084
2025,3,3175,23992.7
2025,3,3176,15055.1
2025,3,3177,28409.244
2025,3,3178,28164.76
2025,3,3179,20711.535
2025,3,3180,34900.785
2025,3,3181,43298.1
2025,3,3182,29625.06
2025,3,3183,40146.336
2025,3,3184,16651.98
2025,3,3185,34623.223
2025,3,3186,19254.469
2025,3,3187,33623.38
2025,3,3188,25486.14
2025,3,3189,23052.92
2025,3,3190,23396.148
2025,3,3191,16399.412
2025,3,3192,23226.256
2025,3,3193,23032.191
2025,3,3194,20561.047
2025,3,3195,16047.337
2025,3,3196,30222.15
2025,3,3197,28095.957
2025,3,3198,26941.443
2025,3,3199,29645.645
2025,3,3200,25662.111
2025,3,3201,20395.764
2025,3,3202,31487.72
2025,3,3203,18807.598
2025,3,3204,21772.246
2025,3,3205,40400.832
2025,3,3206,21260.826
2025,3,3207,58724.54
2025,3,3208,30669.422
2025,3,3209,19343.582
2025,3,3210,29847.014
2025,3,3211,16520.371
2025,3,3212,31543.416
2025,3,3213,26829.941
2025,3,3214,27542.33
2025,3,3215,15192.328
2025,3,3216,14798.333
2025,3,3217,24348.22
2025,3,3218,20198.703
2025,3,3219,30575.168
2025,3,3220,31812.111
2025,3,3221,31001.79
2025,3,3222,29374.117
2025,3,3223,21721.613
2025,3,3224,23617.465
2025,3,3225,15804.261
2025,3,3226,40953.695
2025,3,3227,17115.287
2025,3,3228,31251.707
2025,3,3229,54587.344
2025,3,3230,15733.718
2025,3,3231,28068.799
2025,3,3232,20897.154
2025,3,3233,31075.27
2025,3,3234,20332.248
2025,3,3235,32994.086
2025,3,3236,23007.979
2025,3,3237,31223.271
2025,3,3238,25140.457
2025,3,3239,26463.766
2025,3,3240,11615.89
2025,3,3241,28862.576
2025,3,3242,16784.51
2025,3,3243,31316.824
2025,3,3244,38878.176
2025,3,3245,17556.984
2025,3,3246,23853.236
2025,3,3247,29868.406
2025,3,3248,17471.023
2025,3,3249,23119.668
2025,3,3250,22769.568
2025,3,3251,17143.69
2025,3,3252,36294.344
2025,3,3253,27167.564
2025,3,3254,24578.11
2025,3,3255,36732.06
2025,3,3256,32505.611
2025,3,3257,26956.602
2025,3,3258,10724.941
2025,3,3259,35257.492
2025,3,3260,30204.06
2025,3,3261,25737.088
2025,3,3262,19775.902
2025,3,3263,19065.898
2025,3,3264,33592.39
2025,3,3265,31297.482
2025,3,3266,31035.113
2025,3,3267,28863.729
2025,3,3268,25994.418
2025,3,3269,18077.871
2025,3,3270,19626.652
2025,3,3271,20102.797
2025,3,3272,26769.19
2025,3,3273,22456.691
2025,3,3274,23224.707
2025,3,3275,25858.291
2025,3,3276,26697.96
2025,3,3277,30355.87
2025,3,3278,32661.178
2025,3,3279,24806.213
2025,3,3280,20731.129
2025,3,3281,24225.709
2025,3,3282,14796.27
2025,3,3283,47669.605
2025,3,3284,19651.84
2025,3,3285,24373.898
2025,3,3286,26092.64
2025,3,3287,37176.89
2025,3,3288,25938.54
2025,3,3289,14682.676
2025,3,3290,15715.075
2025,3,3291,10379.773
2025,3,3292,32768.484
2025,3,3293,27294.916
2025,3,3294,31733.078
2025,3,3295,23663.312
2025,3,3296,28813.44
2025,3,3297,13818.273
2025,3,3298,17975.953
2025,3,3299,14865.9
2025,3,3300,23527.455
2025,3,3301,24523.055
2025,3,3302,15881.152
2025,3,3303,28642.678
2025,3,3304,33680.88
2025,3,3305,26798.51
2025,3,3306,11913.077
2025,3,3307,22290.816
2025,3,3308,15473.055
2025,3,3309,15526.593
2025,3,3310,15078.367
2025,3,3311,35735.113
2025,3,3312,22526.621
2025,3,3313,20666.393
2025,3,3314,24978.738
2025,3,3315,23138.236
2025,3,3316,36135.344
2025,3,3317,26199.635
2025,3,3318,20974.037
2025,3,3319,17467.162
2025,3,3320,15546.375
2025,3,3321,19464.832
2025,3,3322,21942.715
2025,3,3323,16104.132
2025,3,3324,23403.697
2025,3,3325,23510.232
2025,3,3326,26652.527
2025,3,3327,15658.589
2025,3,3328,32315.062
2025,3,3329,18545.59
2025,3,3330,20769.754
2025,3,3331,25795.36
2025,3,3332,36136.19
2025,3,3333,18847.146
2025,3,3334,24690.424
2025,3,3335,15031.541
2025,3,3336,23428.357
2025,3,3337,29781.777
2025,3,3338,15849.369
2025,3,3339,44068.082
2025,3,3340,18204.855
2025,3,3341,21101.889
2025,3,3342,20154.129
2025,3,3343,18240.756
2025,3,3344,17736.693
2025,3,3345,22916.883
2025,3,3346,24853.213
2025,3,3347,24836.006
2025,3,3348,29264.4
2025,3,3349,11971.81
2025,3,3350,25143.777
2025,3,3351,15102.212
2025,3,3352,24077.883
2025,3,3353,22221.426
2025,3,3354,14184.335
2025,3,3355,11648.337
2025,3,3356,18123.857
2025,3,3357,26323.375
2025,3,3358,25002.479
2025,3,3359,26589.625
2025,3,3360,32483.225
2025,3,3361,16733.818
2025,3,3362,19114.215
2025,3,3363,19018.826
2025,3,3364,21731.8
2025,3,3365,19363.035
2025,3,3366,11455.417
2025,3,3367,22362.375
2025,3,3368,23423.219
2025,3,3369,38732.4
2025,3,3370,15315.515
2025,3,3371,33058.98
2025,3,3372,22449.395
2025,3,3373,29173.08
2025,3,3374,30216.662
2025,3,3375,14617.378
2025,3,3376,45412.34
2025,3,3377,30098.373
2025,3,3378,40062.645
2025,3,3379,11081.199
2025,3,3380,29359.068
2025,3,3381,15624.435
2025,3,3382,16004.709
2025,3,3383,35731.21
2025,3,3384,14789.093
2025,3,3385,17069.203
2025,3,3386,15540.495
2025,3,3387,23426.521
2025,3,3388,11725.168
2025,3,3389,25033.566
2025,3,3390,15192.328
2025,3,3391,22047.316
2025,3,3392,27249.213
2025,3,3393,47269.133
2025,3,3394,16463.393
2025,3,3395,17286.658
2025,3,3396,26676.395
2025,3,3397,44869.695
2025,3,3398,23077.555
2025,3,3399,21529.604
2025,3,3400,26281.361
2025,3,3401,31268.582
2025,3,3402,12428.184
2025,3,3403,29969.152
2025,3,3404,23569.502
2025,3,3405,19402.096
2025,3,3406,27940.574
2025,3,3407,12386.083
2025,3,3408,26097.299
2025,3,3409,16231.607
2025,3,3410,21986.648
2025,3,3411,22822.736
2025,3,3412,28635.125
2025,3,3413,16243.327
2025,3,3414,25156.69
2025,3,3415,27975.572
2025,3,3416,21322.928
2025,3,3417,21240.867
2025,3,3418,20216.986
2025,3,3419,17383.713
2025,3,3420,38417.16
2025,3,3421,30967.008
2025,3,3422,12099.452
2025,3,3423,26734.596
2025,3,3424,9918.002
2025,3,3425,27167.623
2025,3,3426,20980.906
2025,3,3427,26703.1
2025,3,3428,23768.262
2025,3,3429,16051.039
2025,3,3430,17669.701
2025,3,3431,40493.19
2025,3,3432,16770.734
2025,3,3433,25388.748
2025,3,3434,35301.105
2025,3,3435,25330.11
2025,3,3436,27462.617
2025,3,3437,30165.719
2025,3,3438,23588.79
2025,3,3439,23117.37
2025,3,3440,23868.146
2025,3,3441,25262.908
2025,3,3442,23008.97
2025,3,3443,11724.494
2025,3,3444,21537.887
2025,3,3445,15071.027
2025,3,3446,28073.756
2025,3,3447,18315.326
2025,3,3448,15055.1
2025,3,3449,24921.564
2025,3,3450,26518.568
2025,3,3451,22547.385
2025,3,3452,16123.452
2025,3,3453,14801.063
2025,3,3454,22229.18
2025,3,3455,35593.68
2025,3,3456,23441.031
2025,3,3457,18138.29
2025,3,3458,28464.08
2025,3,3459,15544.9795
2025,3,3460,11514.987
2025,3,3461,28039.182
2025,3,3462,39704.5
2025,3,3463,37726.47
2025,3,3464,42344.066
2025,3,3465,18162.484
2025,3,3466,26991.771
2025,3,3467,25984.348
2025,3,3468,27174.225
2025,3,3469,26070.195
2025,3,3470,42658.5
2025,3,3471,52750.97
2025,3,3472,40031.605
2025,3,3473,22727.945
2025,3,3474,10746.348
2025,3,3475,28063.021
2025,3,3476,28689.604
2025,3,3477,28824.34
2025,3,3478,19555.45
2025,3,3479,22611.404
2025,3,3480,16483.146
2025,3,3481,36383.105
2025,3,3482,20946.586
2025,3,3483,28743.79
2025,3,3484,23051.55
2025,3,3485,17537.512
2025,3,3486,20918.504
2025,3,3487,23529.781
2025,3,3488,18707.078
2025,3,3489,41797.234
2025,3,3490,16102.912
2025,3,3491,31327.127
2025,3,3492,13706.45
2025,3,3493,27991.016
2025,3,3494,28465.549
2025,3,3495,24027.371
2025,3,3496,17297.322
2025,3,3497,17206.666
2025,3,3498,15546.375
2025,3,3499,25760.736
2025,3,3500,29329.234
2025,3,3501,17772.656
2025,3,3502,37841.508
2025,3,3503,42252.312
2025,3,3504,34463.934
2025,3,3505,35984.152
2025,3,3506,14033.918
2025,3,3507,26369.393
2025,3,3508,28096.75
2025,3,3509,15990.985
2025,3,3510,28082.309
2025,3,3511,30406.94
2025,3,3512,20077.03
2025,3,3513,24181.078
2025,3,3514,27962.354
2025,3,3515,20234.842
2025,3,3516,25493.438
2025,3,3517,17617.465
2025,3,3518,23339.24
2025,3,3519,25625.188
2025,3,3520,27683.934
2025,3,3521,41871.414
2025,3,3522,14947.677
2025,3,3523,27538.639
2025,3,3524,22856.559
2025,3,3525,41215.168
2025,3,3526,17309.822
2025,3,3527,13494.506
2025,3,3528,32868.938
2025,3,3529,17059.479
2025,3,3530,18823.469
2025,3,3531,18266.67
2025,3,3532,21512.102
2025,3,3533,26084.879
2025,3,3534,32953.547
2025,3,3535,25879.217
2025,3,3536,26163.545
2025,3,3537,21175.42
2025,3,3538,30911.264
2025,3,3539,30258.807
2025,3,3540,41193.97
2025,3,3541,19353.113
2025,3,3542,33875.043
2025,3,3543,23724.373
2025,3,3544,18865.13
2025,3,3545,22736.732
2025,3,3546,18532.219
2025,3,3547,15815.581
2025,3,3548,19596.86
2025,3,3549,26963.342
2025,3,3550,24540.398
2025,3,3551,12230.726
2025,3,3552,23489.816
2025,3,3553,37271.598
2025,3,3554,31518.416
2025,3,3555,33942.742
2025,3,3556,25346.299
2025,3,3557,41296.117
2025,3,3558,31432.734
2025,3,3559,35623.61
2025,3,3560,17332.586
2025,3,3561,26625.506
2025,3,3562,19596.938
2025,3,3563,37494.914
2025,3,3564,14872.588
2025,3,3565,24421.857
2025,3,3566,18519.771
2025,3,3567,21603.863
2025,3,3568,28719.61
2025,3,3569,27273.855
2025,3,3570,19889.992
2025,3,3571,24434.7
2025,3,3572,28802.475
2025,3,3573,41465.426
2025,3,3574,16716.67
2025,3,3575,30910.297
2025,3,3576,22478.934
2025,3,3577,26622.623
2025,3,3578,27267.744
2025,3,3579,19465.592
2025,3,3580,15236.415
2025,3,3581,30897.023
2025,3,3582,28543.523
2025,3,3583,21269.607
2025,3,3584,49176.35
2025,3,3585,25811.527
2025,3,3586,24184.771
2025,3,3587,30784.262
2025,3,3588,14822.481
2025,3,3589,30855.998
2025,3,3590,40944.887
2025,3,3591,44488.56
2025,3,3592,33787.91
2025,3,3593,23521.314
2025,3,3594,16557.438
2025,3,3595,43279.83
2025,3,3596,25313.398
2025,3,3597,18291.238
2025,3,3598,17375.205
2025,3,3599,15071.027
2025,3,3600,26834.088
2025,3,3601,28190.447
2025,3,3602,27101.955
2025,3,3603,27577.387
2025,3,3604,25668.082
2025,3,3605,28971.95
2025,3,3606,30285.16
2025,3,3607,22362.209
2025,3,3608,24765.55
2025,3,3609,36120.67
2025,3,3610,16572.877
2025,3,3611,35556.17
2025,3,3612,32619.855
2025,3,3613,22793.506
2025,3,3614,35524.496
2025,3,3615,21667.963
2025,3,3616,21235.094
2025,3,3617,25686.244
2025,3,3618,22895.805
2025,3,3619,36069.645
2025,3,3620,24231.576
2025,3,3621,22117.27
2025,3,3622,37717.652
2025,3,3623,15088.444
2025,3,3624,14144.685
2025,3,3625,22770.918
2025,3,3626,24742.709
2025,3,3627,15192.328
2025,3,3628,15686.077
2025,3,3629,22230.01
2025,3,3630,39957.11
2025,3,3631,29550.523
2025,3,3632,11424.716
2025,3,3633,30747.775
2025,3,3634,22851.473
2025,3,3635,28063.406
2025,3,3636,27053.865
2025,3,3637,24173.746
2025,3,3638,50454.13
2025,3,3639,25016.912
2025,3,3640,11677.3
2025,3,3641,24676.334
2025,3,3642,39478.59
2025,3,3643,23179.434
2025,3,3644,27056.639
2025,3,3645,22405.883
2025,3,3646,21459.512
2025,3,3647,10753.348
2025,3,3648,24863.521
2025,3,3649,17720.709
2025,3,3650,21558.645
2025,3,3651,30609.54
2025,3,3652,15176.162
2025,3,3653,29791.83
2025,3,3654,19842.31
2025,3,3655,39568.566
2025,3,3656,32582.203
2025,3,3657,33281.195
2025,3,3658,11241.96
2025,3,3659,27826.395
2025,3,3660,23995.162
2025,3,3661,15177.001
2025,3,3662,28266.422
2025,3,3663,14983.245
2025,3,3664,26115.777
2025,3,3665,24571.373
2025,3,3666,30700.66
2025,3,3667,16443.021
2025,3,3668,35044.56
2025,3,3669,23556.0
2025,3,3670,25032.54
2025,3,3671,28389.871
2025,3,3672,27482.982
2025,3,3673,16262.394
2025,3,3674,15532.275
2025,3,3675,20469.014
2025,3,3676,16121.17
2025,3,3677,15138.79
2025,3,3678,39894.293
2025,3,3679,17619.838
2025,3,3680,15055.1
2025,3,3681,29046.53
2025,3,3682,27393.807
2025,3,3683,28325.877
2025,3,3684,28783.207
2025,3,3685,20825.89
2025,3,3686,24495.736
2025,3,3687,33449.914
2025,3,3688,31825.975
2025,3,3689,29924.668
2025,3,3690,37363.15
2025,3,3691,25381.107
2025,3,3692,16784.908
2025,3,3693,15138.79
2025,3,3694,34901.55
2025,3,3695,15252.343
2025,3,3696,21133.01
2025,3,3697,27236.342
2025,3,3698,26107.48
2025,3,3699,12037.647
2025,3,3700,12419.405
2025,3,3701,24239.943
2025,3,3702,22711.115
2025,3,3703,39167.42
2025,3,3704,12105.19
2025,3,3705,25861.123
2025,3,3706,28048.104
2025,3,3707,36789.953
2025,3,3708,27171.22
2025,3,3709,26523.71
2025,3,3710,26189.8
2025,3,3711,21162.152
2025,3,3712,37291.848
2025,3,3713,33751.523
2025,3,3714,39104.99
2025,3,3715,22844.402
2025,3,3716,24044.133
2025,3,3717,27806.348
2025,3,3718,11499.858
2025,3,3719,21997.771
2025,3,3720,27115.19
2025,3,3721,23683.668
2025,3,3722,19423.64
2025,3,3723,24555.453
2025,3,3724,33696.29
2025,3,3725,25771.58
2025,3,3726,40794.363
2025,3,3727,26443.086
2025,3,3728,44993.805
2025,3,3729,15430.929
2025,3,3730,10383.179
2025,3,3731,15841.076
2025,3,3732,11817.302
2025,3,3733,15112.003
2025,3,3734,20013.098
2025,3,3735,30510.506
2025,3,3736,20803.604
2025,3,3737,22328.781
2025,3,3738,32551.102
2025,3,3739,23663.04
2025,3,3740,18135.248
2025,3,3741,30245.057
2025,3,3742,19687.855
2025,3,3743,19993.094
2025,3,3744,35087.094
2025,3,3745,23428.463
2025,3,3746,21178.348
2025,3,3747,10235.487
2025,3,3748,22096.041
2025,3,3749,26866.75
2025,3,3750,21613.152
2025,3,3751,30174.334
2025,3,3752,23475.553
2025,3,3753,23411.684
2025,3,3754,26054.828
2025,3,3755,26898.518
2025,3,3756,26378.2
2025,3,3757,23167.14
2025,3,3758,11548.785
2025,3,3759,20547.36
2025,3,3760,31273.648
2025,3,3761,21585.898
2025,3,3762,18450.543
2025,3,3763,26215.586
2025,3,3764,23599.914
2025,3,3765,11896.684
2025,3,3766,15092.922
2025,3,3767,21804.414
2025,3,3768,30131.258
2025,3,3769,29386.307
2025,3,3770,35579.793
2025,3,3771,23762.756
2025,3,3772,31609.523
2025,3,3773,28099.455
2025,3,3774,22558.285
2025,3,3775,12033.38
2025,3,3776,17825.895
2025,3,3777,22031.713
2025,3,3778,21726.252
2025,3,3779,16971.852
2025,3,3780,17336.248
2025,3,3781,17572.686
2025,3,3782,16616.365
2025,3,3783,37490.867
2025,3,3784,30688.613
2025,3,3785,21076.156
2025,3,3786,33574.582
2025,3,3787,27870.693
2025,3,3788,16179.947
2025,3,3789,26011.25
2025,3,3790,10961.172
2025,3,3791,33714.348
2025,3,3792,27001.521
2025,3,3793,44554.816
2025,3,3794,25965.676
2025,3,3795,21215.557
2025,3,3796,33669.902
2025,3,3797,32775.168
2025,3,3798,37600.566
2025,3,3799,28456.383
2025,3,3800,30163.0
2025,3,3801,18683.736
2025,3,3802,25514.895
2025,3,3803,25224.752
2025,3,3804,21036.082
2025,3,3805,23672.176
2025,3,3806,15138.79
2025,3,3807,23820.238
2025,3,3808,25613.584
2025,3,3809,32665.793
2025,3,3810,15588.703
2025,3,3811,23123.217
2025,3,3812,38956.18
2025,3,3813,28789.709
2025,3,3814,16054.788
2025,3,3815,33294.9
2025,3,3816,36648.23
2025,3,3817,24724.232
2025,3,3818,11587.926
2025,3,3819,30614.959
2025,3,3820,20805.22
2025,3,3821,16115.926
2025,3,3822,23819.7
2025,3,3823,20967.88
2025,3,3824,11014.71
2025,3,3825,20019.295
2025,3,3826,31932.76
2025,3,3827,10970.106
2025,3,3828,32799.863
2025,3,3829,24162.252
2025,3,3830,36977.53
2025,3,3831,31603.135
2025,3,3832,37114.54
2025,3,3833,22663.117
2025,3,3834,26186.217
2025,3,3835,29977.396
2025,3,3836,24050.385
2025,3,3837,30645.7
2025,3,3838,33807.52
2025,3,3839,20872.705
2025,3,3840,24252.195
2025,3,3841,24103.36
2025,3,3842,16552.756
2025,3,3843,23853.166
2025,3,3844,20693.318
2025,3,3845,27852.44
2025,3,3846,32800.49
2025,3,3847,15948.226
2025,3,3848,21809.182
2025,3,3849,28796.46
2025,3,3850,16771.754
2025,3,3851,20527.799
2025,3,3852,34618.285
2025,3,3853,29754.305
2025,3,3854,18891.67
2025,3,3855,19576.479
2025,3,3856,18296.764
2025,3,3857,11131.803
2025,3,3858,30151.682
2025,3,3859,30189.473
2025,3,3860,28556.959
2025,3,3861,47044.426
2025,3,3862,18786.035
2025,3,3863,21604.678
2025,3,3864,44136.684
2025,3,3865,29889.975
2025,3,3866,24906.951
2025,3,3867,25777.3
2025,3,3868,22486.059
2025,3,3869,34400.91
2025,3,3870,36987.87
2025,3,3871,20711.078
2025,3,3872,46411.746
2025,3,3873,23658.973
2025,3,3874,23900.51
2025,3,3875,28435.486
2025,3,3876,23547.389
2025,3,3877,38959.945
2025,3,3878,26975.428
2025,3,3879,21291.654
2025,3,3880,16402.002
2025,3,3881,26703.416
2025,3,3882,26047.365
2025,3,3883,11310.678
2025,3,3884,20077.666
2025,3,3885,32808.535
2025,3,3886,11869.907
2025,3,3887,28186.78
2025,3,3888,17507.104
2025,3,3889,23945.68
2025,3,3890,33809.996
2025,3,3891,23183.55
2025,3,3892,10780.718
2025,3,3893,27998.223
2025,3,3894,25366.766
2025,3,3895,21913.447
2025,3,3896,39645.32
2025,3,3897,22415.656
2025,3,3898,27001.428
2025,3,3899,19181.93
2025,3,3900,21375.564
2025,3,3901,32875.07
2025,3,3902,30789.158
2025,3,3903,27662.549
2025,3,3904,30529.203
2025,3,3905,20125.1
2025,3,3906,20703.018
2025,3,3907,26690.576
2025,3,3908,25633.148
2025,3,3909,31122.371
2025,3,3910,33503.29
2025,3,3911,24204.781
2025,3,3912,30414.389
2025,3,3913,35555.29
2025,3,3914,42021.867
2025,3,3915,26157.37
2025,3,3916,14890.577
2025,3,3917,16343.386
2025,3,3918,33601.727
2025,3,3919,26533.668
2025,3,3920,27720.72
2025,3,3921,11606.556
2025,3,3922,24623.498
2025,3,3923,27657.738
2025,3,3924,25496.617
2025,3,3925,26504.576
2025,3,3926,34139.8
2025,3,3927,27759.336
2025,3,3928,15880.644
2025,3,3929,17373.238
2025,3,3930,16496.14
2025,3,3931,30055.793
2025,3,3932,33363.53
2025,3,3933,21850.965
2025,3,3934,34078.605
2025,3,3935,27108.049
2025,3,3936,21407.889
2025,3,3937,40443.367
2025,3,3938,39669.9
2025,3,3939,25680.357
2025,3,3940,29445.783
2025,3,3941,28372.627
2025,3,3942,32720.064
2025,3,3943,29163.188
2025,3,3944,24137.627
2025,3,3945,11689.766
2025,3,3946,24994.066
2025,3,3947,14732.807
2025,3,3948,26305.887
2025,3,3949,25741.191
2025,3,3950,25706.904
2025,3,3951,22508.166
2025,3,3952,20816.744
2025,3,3953,13635.831
2025,3,3954,14735.177
2025,3,3955,28547.58
2025,3,3956,11929.867
2025,3,3957,32418.066
2025,3,3958,26558.629
2025,3,3959,14827.594
2025,3,3960,10809.105
2025,3,3961,16811.998
2025,3,3962,20690.424
2025,3,3963,22088.822
2025,3,3964,47865.84
2025,3,3965,30275.762
2025,3,3966,40432.906
2025,3,3967,37216.902
2025,3,3968,15955.375
2025,3,3969,28311.186
2025,3,3970,15112.003
2025,3,3971,33853.223
2025,3,3972,46601.02
2025,3,3973,22331.209
2025,3,3974,10903.96
2025,3,3975,24889.748
2025,3,3976,21428.094
2025,3,3977,22129.605
2025,3,3978,20781.94
2025,3,3979,27082.545
2025,3,3980,27479.633
2025,3,3981,16951.451
2025,3,3982,21038.93
2025,3,3983,19223.682
2025,3,3984,18909.174
2025,3,3985,11629.89
2025,3,3986,25822.041
2025,3,3987,36382.117
2025,3,3988,21019.33
2025,3,3989,22743.756
2025,3,3990,30891.852
2025,3,3991,15546.375
2025,3,3992,28103.014
2025,3,3993,20388.193
2025,3,3994,36684.254
2025,3,3995,27920.768
2025,3,3996,35455.254
2025,3,3997,12033.141
2025,3,3998,31952.973
2025,3,3999,33652.473
2025,3,4000,17336.248
2025,3,4001,24647.143
2025,3,4002,16098.449
2025,3,4003,25645.99
2025,3,4004,20891.984
2025,3,4005,31878.344
2025,3,4006,30684.893
2025,3,4007,29702.564
2025,3,4008,53316.426
2025,3,4009,26266.248
2025,3,4010,25740.111
2025,3,4011,40872.613
2025,3,4012,38321.676
2025,3,4013,22199.293
2025,3,4014,21544.385
2025,3,4015,28542.39
2025,3,4016,23719.959
2025,3,4017,22259.822
2025,3,4018,12390.498
2025,3,4019,28802.574
2025,3,4020,27834.182
2025,3,4021,13684.721
2025,3,4022,19505.197
2025,3,4023,16599.676
2025,3,4024,25870.945
2025,3,4025,13679.79
2025,3,4026,18893.525
2025,3,4027,18817.707
2025,3,4028,13983.173
2025,3,4029,15818.249
2025,3,4030,24857.04
2025,3,4031,15875.676
2025,3,4032,15092.922
2025,3,4033,17008.031
2025,3,4034,38572.082
2025,3,4035,39085.457
2025,3,4036,24514.678
2025,3,4037,37965.66
2025,3,4038,20182.324
2025,3,4039,15925.692
2025,3,4040,36582.457
2025,3,4041,29515.465
2025,3,4042,29661.252
2025,3,4043,48537.49
2025,3,4044,20772.744
2025,3,4045,40831.61
2025,3,4046,15254.331
2025,3,4047,24414.861
2025,3,4048,34760.78
2025,3,4049,27499.244
2025,3,4050,29378.041
2025,3,4051,11471.742
2025,3,4052,27283.97
2025,3,4053,27398.89
2025,3,4054,27243.098
2025,3,4055,17404.178
2025,3,4056,22366.309
2025,3,4057,31785.326
2025,3,4058,10446.683
2025,3,4059,26779.916
2025,3,4060,23447.396
2025,3,4061,54106.562
2025,3,4062,21292.256
2025,3,4063,53937.402
2025,3,4064,36373.414
2025,3,4065,46472.824
2025,3,4066,27806.45
2025,3,4067,24757.902
2025,3,4068,21689.03
2025,3,4069,28475.26
2025,3,4070,36750.32
2025,3,4071,31251.152
2025,3,4072,23955.854
2025,3,4073,20711.846
2025,3,4074,22604.725
2025,3,4075,33371.406
2025,3,4076,18969.25
2025,3,4077,28884.738
2025,3,4078,30619.908
2025,3,4079,34814.47
2025,3,4080,59248.85
2025,3,4081,24361.805
2025,3,4082,21044.867
2025,3,4083,23241.975
2025,3,4084,29509.441
2025,3,4085,24242.379
2025,3,4086,38279.734
2025,3,4087,28613.006
2025,3,4088,22302.072
2025,3,4089,16651.98
2025,3,4090,26038.643
2025,3,4091,31358.893
2025,3,4092,34778.9
2025,3,4093,32600.49
2025,3,4094,26922.336
2025,3,4095,20924.918
2025,3,4096,24538.625
2025,3,4097,30075.727
2025,3,4098,32951.652
2025,3,4099,15546.375
2025,3,4100,22573.03
2025,3,4101,42547.45
2025,3,4102,23841.557
2025,3,4103,11087.518
2025,3,4104,16153.947
2025,3,4105,23619.91
2025,3,4106,25669.088
2025,3,4107,34180.85
2025,3,4108,16016.536
2025,3,4109,29909.947
2025,3,4110,31723.512
2025,3,4111,39032.582
2025,3,4112,30342.09
2025,3,4113,18302.463
2025,3,4114,23388.033
2025,3,4115,33300.02
2025,3,4116,27394.082
2025,3,4117,30440.686
2025,3,4118,34359.52
2025,3,4119,20173.312
2025,3,4120,22467.258
2025,3,4121,32568.254
2025,3,4122,32164.674
2025,3,4123,21950.197
2025,3,4124,26376.453
2025,3,4125,32158.37
2025,3,4126,20922.707
2025,3,4127,28269.705
2025,3,4128,23173.094
2025,3,4129,20992.031
2025,3,4130,23910.084
2025,3,4131,40425.34
2025,3,4132,20577.371
2025,3,4133,26465.342
2025,3,4134,21618.014
2025,3,4135,12723.719
2025,3,4136,23565.668
2025,3,4137,28972.947
2025,3,4138,21041.055
2025,3,4139,23924.025
2025,3,4140,42008.16
2025,3,4141,31775.123
2025,3,4142,24802.768
2025,3,4143,18239.355
2025,3,4144,23969.09
2025,3,4145,17708.496
2025,3,4146,22898.707
2025,3,4147,11101.909
2025,3,4148,23511.195
2025,3,4149,22991.438
2025,3,4150,28898.08
2025,3,4151,21377.066
2025,3,4152,17329.182
2025,3,4153,24816.516
2025,3,4154,29543.354
2025,3,4155,25586.828
2025,3,4156,35553.17
2025,3,4157,22479.547
2025,3,4158,30117.707
2025,3,4159,36772.312
2025,3,4160,35982.504
2025,3,4161,23623.373
2025,3,4162,21172.74
2025,3,4163,23334.13
2025,3,4164,17275.932
2025,3,4165,17376.182
2025,3,4166,25819.217
2025,3,4167,46594.695
2025,3,4168,24223.365
2025,3,4169,24681.63
2025,3,4170,13464.905
2025,3,4171,25783.463
2025,3,4172,16954.82
2025,3,4173,23207.893
2025,3,4174,20990.664
2025,3,4175,26167.05
2025,3,4176,35793.37
2025,3,4177,38096.375
2025,3,4178,11723.435
2025,3,4179,24370.977
2025,3,4180,34122.93
2025,3,4181,28328.02
2025,3,4182,24401.023
2025,3,4183,36344.555
2025,3,4184,26212.654
2025,3,4185,29505.74
2025,3,4186,44080.492
2025,3,4187,21822.14
2025,3,4188,21949.36
2025,3,4189,17195.19
2025,3,4190,28470.39
2025,3,4191,26787.14
2025,3,4192,27930.543
2025,3,4193,39045.383
2025,3,4194,34146.156
2025,3,4195,37742.777
2025,3,4196,34944.266
2025,3,4197,40295.453
2025,3,4198,24927.65
2025,3,4199,31938.863
2025,3,4200,45024.457
2025,3,4201,35946.14
2025,3,4202,21269.729
2025,3,4203,29540.328
2025,3,4204,27606.889
2025,3,4205,27398.557
2025,3,4206,13291.206
2025,3,4207,13123.977
2025,3,4208,11158.13
2025,3,4209,30474.605
2025,3,4210,17630.682
2025,3,4211,28963.828
2025,3,4212,22134.227
2025,3,4213,13039.538
2025,3,4214,18814.469
2025,3,4215,18824.865
2025,3,4216,31399.826
2025,3,4217,18093.63
2025,3,4218,18543.172
2025,3,4219,39621.508
2025,3,4220,34426.14
2025,3,4221,28774.273
2025,3,4222,18522.555
2025,3,4223,27060.271
2025,3,4224,11646.068
2025,3,4225,41511.02
2025,3,4226,17162.111
2025,3,4227,28083.781
2025,3,4228,15071.027
2025,3,4229,33947.58
2025,3,4230,11751.958
2025,3,4231,34031.156
2025,3,4232,15055.1
2025,3,4233,14960.842
2025,3,4234,12997.684
2025,3,4235,20198.703
2025,3,4236,30022.281
2025,3,4237,31969.564
2025,3,4238,28217.713
2025,3,4239,27289.262
2025,3,4240,17088.648
2025,3,4241,27168.525
2025,3,4242,33717.918
2025,3,4243,14647.535
2025,3,4244,36224.3
2025,3,4245,23988.01
2025,3,4246,15177.8545
2025,3,4247,28330.371
2025,3,4248,32821.684
2025,3,4249,26638.682
2025,3,4250,17812.19
2025,3,4251,16000.509
2025,3,4252,15566.714
2025,3,4253,25004.928
2025,3,4254,16516.932
2025,3,4255,23866.172
2025,3,4256,33383.5
2025,3,4257,13144.908
2025,3,4258,21657.535
2025,3,4259,31600.37
2025,3,4260,20182.324
2025,3,4261,35891.254
2025,3,4262,17847.846
2025,3,4263,26018.842
2025,3,4264,14757.935
2025,3,4265,35301.984
2025,3,4266,13457.459
2025,3,4267,29890.787
2025,3,4268,20500.635
2025,3,4269,33846.594
2025,3,4270,41830.44
2025,3,4271,25647.564
2025,3,4272,31873.46
2025,3,4273,12426.337
2025,3,4274,22065.848
2025,3,4275,47885.3
2025,3,4276,23701.754
2025,3,4277,26480.111
2025,3,4278,29155.86
2025,3,4279,47794.773
2025,3,4280,33984.758
2025,3,4281,34344.387
2025,3,4282,23812.416
2025,3,4283,11767.754
2025,3,4284,33089.973
2025,3,4285,27733.947
2025,3,4286,17892.367
2025,3,4287,27200.14
2025,3,4288,47989.055
2025,3,4289,35905.266
2025,3,4290,19853.03
2025,3,4291,41363.203
2025,3,4292,24793.037
2025,3,4293,21550.53
2025,3,4294,23377.727
2025,3,4295,28988.098
2025,3,4296,22702.584
2025,3,4297,25813.393
2025,3,4298,40149.773
2025,3,4299,20183.176
2025,3,4300,14339.252
2025,3,4301,26665.113
2025,3,4302,27316.297
2025,3,4303,42299.117
2025,3,4304,28968.113
2025,3,4305,15138.79
2025,3,4306,26251.516
2025,3,4307,16162.225
2025,3,4308,11920.773
2025,3,4309,22843.023
2025,3,4310,26195.926
2025,3,4311,14337.808
2025,3,4312,41984.81
2025,3,4313,30350.627
2025,3,4314,20035.646
2025,3,4315,26174.113
2025,3,4316,17506.486
2025,3,4317,31108.777
2025,3,4318,42902.8
2025,3,4319,25940.883
2025,3,4320,19352.443
2025,3,4321,27271.643
2025,3,4322,20807.559
2025,3,4323,35839.08
2025,3,4324,29122.605
2025,3,4325,23336.65
2025,3,4326,33086.957
2025,3,4327,40989.4
2025,3,4328,19584.893
2025,3,4329,36103.684
2025,3,4330,33664.87
2025,3,4331,20596.088
2025,3,4332,11935.429
2025,3,4333,13200.1875
2025,3,4334,35182.41
2025,3,4335,19787.67
2025,3,4336,19940.52
2025,3,4337,27500.771
2025,3,4338,20198.703
2025,3,4339,21327.416
2025,3,4340,29620.082
2025,3,4341,45655.176
2025,3,4342,28827.027
2025,3,4343,27219.305
2025,3,4344,26383.498
2025,3,4345,30567.037
2025,3,4346,17041.084
2025,3,4347,24550.74
2025,3,4348,22536.895
2025,3,4349,15192.328
2025,3,4350,15764.838
2025,3,4351,23043.834
2025,3,4352,27206.139
2025,3,4353,34420.875
2025,3,4354,22445.559
2025,3,4355,18094.28
2025,3,4356,22431.203
2025,3,4357,27523.645
2025,3,4358,29353.523
2025,3,4359,19355.146
2025,3,4360,26561.5
2025,3,4361,14964.182
2025,3,4362,28599.217
2025,3,4363,25997.62
2025,3,4364,30008.758
2025,3,4365,32652.729
2025,3,4366,29470.691
2025,3,4367,23677.676
2025,3,4368,35162.016
2025,3,4369,24166.38
2025,3,4370,25789.021
2025,3,4371,25788.945
2025,3,4372,20274.133
2025,3,4373,16439.77
2025,3,4374,27275.373
2025,3,4375,24448.557
2025,3,4376,47256.688
2025,3,4377,28276.303
2025,3,4378,12290.965
2025,3,4379,25207.936
2025,3,4380,25802.018
2025,3,4381,34243.664
2025,3,4382,12014.676
2025,3,4383,21218.287
2025,3,4384,33100.348
2025,3,4385,15955.375
2025,3,4386,10744.856
2025,3,4387,11171.661
2025,3,4388,25502.188
2025,3,4389,11117.558
2025,3,4390,24703.598
2025,3,4391,19509.385
2025,3,4392,36543.16
2025,3,4393,22569.1
2025,3,4394,23657.553
2025,3,4395,29357.219
2025,3,4396,10615.934
2025,3,4397,18609.113
2025,3,4398,31594.951
2025,3,4399,36757.09
2025,3,4400,26230.174
2025,3,4401,20668.564
2025,3,4402,19385.111
2025,3,4403,30446.36
2025,3,4404,31727.344
2025,3,4405,11565.743
2025,3,4406,25937.355
2025,3,4407,32109.227
2025,3,4408,17159.293
2025,3,4409,19418.504
2025,3,4410,24202.717
2025,3,4411,18177.672
2025,3,4412,28755.662
2025,3,4413,23179.883
2025,3,4414,32715.223
2025,3,4415,13325.315
2025,3,4416,23697.754
2025,3,4417,20952.334
2025,3,4418,31517.96
2025,3,4419,26238.44
2025,3,4420,23726.75
2025,3,4421,21777.793
2025,3,4422,15619.478
2025,3,4423,24753.688
2025,3,4424,25934.28
2025,3,4425,53451.902
2025,3,4426,38597.062
2025,3,4427,33167.76
2025,3,4428,16378.593
2025,3,4429,34005.38
2025,3,4430,29579.969
2025,3,4431,39091.723
2025,3,4432,36214.523
2025,3,4433,20916.074
2025,3,4434,22123.848
2025,3,4435,36748.86
2025,3,4436,23795.873
2025,3,4437,11858.668
2025,3,4438,30556.773
2025,3,4439,15985.034
2025,3,4440,30944.535
2025,3,4441,19867.764
2025,3,4442,12236.816
2025,3,4443,16552.537
2025,3,4444,21041.67
2025,3,4445,16587.299
2025,3,4446,29969.6
2025,3,4447,24807.826
2025,3,4448,18588.58
2025,3,4449,27774.45
2025,3,4450,32158.266
2025,3,4451,15464.19
2025,3,4452,38618.984
2025,3,4453,19247.305
2025,3,4454,32994.5
2025,3,4455,37138.25
2025,3,4456,15315.515
2025,3,4457,34335.04
2025,3,4458,33194.023
2025,3,4459,25180.861
2025,3,4460,25021.396
2025,3,4461,14258.747
2025,3,4462,12014.676
2025,3,4463,11471.97
2025,3,4464,37247.594
2025,3,4465,33227.508
2025,3,4466,15645.813
2025,3,4467,43429.984
2025,3,4468,22698.758
2025,3,4469,24939.295
2025,3,4470,35879.977
2025,3,4471,28155.418
2025,3,4472,39443.82
2025,3,4473,29484.748
2025,3,4474,18903.082
2025,3,4475,25567.246
2025,3,4476,19577.162
2025,3,4477,23494.998
2025,3,4478,32327.236
2025,3,4479,15386.954
2025,3,4480,15138.79
2025,3,4481,30291.025
2025,3,4482,34233.99
2025,3,4483,10508.125
2025,3,4484,25028.318
2025,3,4485,23122.32
2025,3,4486,23785.29
2025,3,4487,24906.174
2025,3,4488,29487.32
2025,3,4489,25152.88
2025,3,4490,10744.856
2025,3,4491,33999.703
2025,3,4492,28227.059
2025,3,4493,15169.681
2025,3,4494,36323.555
2025,3,4495,10806.285
2025,3,4496,21551.725
2025,3,4497,21923.965
2025,3,4498,35722.39
2025,3,4499,31770.855
2025,3,4500,31902.05
2025,3,4501,25102.436
2025,3,4502,15112.003
2025,3,4503,25619.166
2025,3,4504,18085.385
2025,3,4505,16283.44
2025,3,4506,11909.585
2025,3,4507,20691.021
2025,3,4508,16242.517
2025,3,4509,16636.826
2025,3,4510,15654.095
2025,3,4511,21765.03
2025,3,4512,23533.61
2025,3,4513,31386.963
2025,3,4514,27671.959
2025,3,4515,21795.94
2025,3,4516,22842.117
2025,3,4517,11127.505
2025,3,4518,32132.268
2025,3,4519,16455.861
2025,3,4520,18723.57
2025,3,4521,19477.371
2025,3,4522,25961.652
2025,3,4523,11310.678
2025,3,4524,22391.648
2025,3,4525,16493.17
2025,3,4526,20631.678
2025,3,4527,20278.34
2025,3,4528,23054.67
2025,3,4529,16570.496
2025,3,4530,31281.41
2025,3,4531,21521.941
2025,3,4532,15208.256
2025,3,4533,36612.88
2025,3,4534,16011.922
2025,3,4535,37832.234
2025,3,4536,30199.943
2025,3,4537,23409.455
2025,3,4538,12369.8545
2025,3,4539,26003.89
2025,3,4540,14258.747
2025,3,4541,21071.795
2025,3,4542,16321.928
2025,3,4543,24736.738
2025,3,4544,29371.838
2025,3,4545,20206.086
2025,3,4546,36865.26
2025,3,4547,27828.139
2025,3,4548,11340.64
2025,3,4549,17278.572
2025,3,4550,36135.438
2025,3,4551,31345.328
2025,3,4552,36518.836
2025,3,4553,23785.56
2025,3,4554,37094.348
2025,3,4555,22133.742
2025,3,4556,20548.492
2025,3,4557,11233.565
2025,3,4558,33276.223
2025,3,4559,28755.543
2025,3,4560,26257.725
2025,3,4561,38319.51
2025,3,4562,15374.6
2025,3,4563,30435.404
2025,3,4564,19526.162
2025,3,4565,24289.357
2025,3,4566,14935.192
2025,3,4567,30272.955
2025,3,4568,22203.322
2025,3,4569,40597.414
2025,3,4570,17404.488
2025,3,4571,15031.541
2025,3,4572,11469.665
2025,3,4573,23718.37
2025,3,4574,28865.078
2025,3,4575,28145.105
2025,3,4576,27514.387
2025,3,4577,26632.375
2025,3,4578,22339.625
2025,3,4579,19144.05
2025,3,4580,40666.7
2025,3,4581,12292.651
2025,3,4582,23897.037
2025,3,4583,23585.871
2025,3,4584,16355.91
2025,3,4585,23044.764
2025,3,4586,29413.742
2025,3,4587,17047.025
2025,3,4588,21409.459
2025,3,4589,31259.02
2025,3,4590,26939.521
2025,3,4591,20951.154
2025,3,4592,34703.746
2025,3,4593,27733.518
2025,3,4594,19934.646
2025,3,4595,11426.006
2025,3,4596,21565.064
2025,3,4597,23194.314
2025,3,4598,19478.887
2025,3,4599,12159.6045
2025,3,4600,33834.34
2025,3,4601,11127.505
2025,3,4602,28940.021
2025,3,4603,34731.42
2025,3,4604,32906.113
2025,3,4605,29860.596
2025,3,4606,11793.586
2025,3,4607,15543.241
2025,3,4608,22075.643
2025,3,4609,27648.607
2025,3,4610,21484.828
2025,3,4611,13525.063
2025,3,4612,15086.284
2025,3,4613,25885.732
2025,3,4614,21923.658
2025,3,4615,16501.143
2025,3,4616,11511.918
2025,3,4617,19987.748
2025,3,4618,26023.99
2025,3,4619,17442.51
2025,3,4620,33152.09
2025,3,4621,26048.26
2025,3,4622,33477.77
2025,3,4623,37161.555
2025,3,4624,32286.57
2025,3,4625,26880.717
2025,3,4626,23766.846
2025,3,4627,21028.098
2025,3,4628,24180.033
2025,3,4629,22643.736
2025,3,4630,39794.75
2025,3,4631,32119.15
2025,3,4632,21458.295
2025,3,4633,24858.215
2025,3,4634,17439.299
2025,3,4635,14808.42
2025,3,4636,36183.246
2025,3,4637,24899.66
2025,3,4638,29764.002
2025,3,4639,15127.12
2025,3,4640,17340.816
2025,3,4641,10971.411
2025,3,4642,23161.908
2025,3,4643,23181.518
2025,3,4644,15179.455
2025,3,4645,22536.064
2025,3,4646,16871.1
2025,3,4647,36564.47
2025,3,4648,27004.057
2025,3,4649,25769.617
2025,3,4650,10972.764
2025,3,4651,21169.428
2025,3,4652,23788.17
2025,3,4653,29117.576
2025,3,4654,26331.496
2025,3,4655,44237.92
2025,3,4656,34446.746
2025,3,4657,13319.505
2025,3,4658,15055.1
2025,3,4659,47019.93
2025,3,4660,27573.299
2025,3,4661,27595.588
2025,3,4662,16081.568
2025,3,4663,26284.41
2025,3,4664,18292.523
2025,3,4665,25437.814
2025,3,4666,22348.623
2025,3,4667,21968.686
2025,3,4668,21579.74
2025,3,4669,23451.346
2025,3,4670,40147.938
2025,3,4671,33708.62
2025,3,4672,21730.562
2025,3,4673,36418.31
2025,3,4674,11752.527
2025,3,4675,23770.133
2025,3,4676,15138.79
2025,3,4677,27175.654
2025,3,4678,30516.77
2025,3,4679,22225.703
2025,3,4680,26629.572
2025,3,4681,28507.848
2025,3,4682,14933.067
2025,3,4683,36103.695
2025,3,4684,18903.23
2025,3,4685,43277.844
2025,3,4686,32783.484
2025,3,4687,45984.863
2025,3,4688,36708.023
2025,3,4689,24011.678
2025,3,4690,30183.238
2025,3,4691,30696.703
2025,3,4692,25622.797
2025,3,4693,16824.266
2025,3,4694,21644.205
2025,3,4695,27775.71
2025,3,4696,20740.318
2025,3,4697,19482.895
2025,3,4698,24368.217
2025,3,4699,40207.57
2025,3,4700,22461.129
2025,3,4701,35975.3
2025,3,4702,17446.191
2025,3,4703,22407.312
2025,3,4704,26063.492
2025,3,4705,17025.186
2025,3,4706,25212.236
2025,3,4707,23326.215
2025,3,4708,20071.02
2025,3,4709,11394.3545
2025,3,4710,15601.134
2025,3,4711,26342.041
2025,3,4712,34163.29
2025,3,4713,10834.781
2025,3,4714,50862.21
2025,3,4715,23046.47
2025,3,4716,15071.027
2025,3,4717,22108.006
2025,3,4718,21237.69
2025,3,4719,50986.73
2025,3,4720,22946.457
2025,3,4721,37037.234
2025,3,4722,17248.29
2025,3,4723,11459.262
2025,3,4724,28255.594
2025,3,4725,25372.766
2025,3,4726,15127.931
2025,3,4727,27729.068
2025,3,4728,22565.512
2025,3,4729,20932.58
2025,3,4730,16251.409
2025,3,4731,26942.863
2025,3,4732,20886.8
2025,3,4733,21793.799
2025,3,4734,18021.252
2025,3,4735,23069.736
2025,3,4736,24322.467
2025,3,4737,15526.593
2025,3,4738,11549.516
2025,3,4739,20812.38
2025,3,4740,16710.043
2025,3,4741,22744.893
2025,3,4742,30302.674
2025,3,4743,27793.787
2025,3,4744,28043.225
2025,3,4745,22021.32
2025,3,4746,35978.285
2025,3,4747,29931.799
2025,3,4748,25615.182
2025,3,4749,17015.713
2025,3,4750,16099.745
2025,3,4751,27899.291
2025,3,4752,27753.918
2025,3,4753,11558.047
2025,3,4754,12059.92
2025,3,4755,25777.068
2025,3,4756,20453.49
2025,3,4757,33323.027
2025,3,4758,42781.11
2025,3,4759,17578.58
2025,3,4760,27084.973
2025,3,4761,29715.475
2025,3,4762,25383.23
2025,3,4763,16943.047
2025,3,4764,20198.703
2025,3,4765,34282.543
2025,3,4766,36970.074
2025,3,4767,25856.232
2025,3,4768,25480.137
2025,3,4769,42722.934
2025,3,4770,21523.754
2025,3,4771,14617.378
2025,3,4772,24996.656
2025,3,4773,19294.049
2025,3,4774,33782.105
2025,3,4775,46015.69
2025,3,4776,17041.328
2025,3,4777,36069.453
2025,3,4778,47359.18
2025,3,4779,33086.613
2025,3,4780,18010.65
2025,3,4781,11090.933
2025,3,4782,24238.887
2025,3,4783,39695.953
2025,3,4784,38927.5
2025,3,4785,21432.232
2025,3,4786,15275.35
2025,3,4787,28144.434
2025,3,4788,26608.508
2025,3,4789,24451.64
2025,3,4790,42304.1
2025,3,4791,16355.105
2025,3,4792,19847.11
2025,3,4793,33532.984
2025,3,4794,17083.459
2025,3,4795,33675.418
2025,3,4796,23837.691
2025,3,4797,17604.107
2025,3,4798,17763.957
2025,3,4799,31963.371
2025,3,4800,16535.625
2025,3,4801,11604.531
2025,3,4802,21941.682
2025,3,4803,17604.943
2025,3,4804,11705.994
2025,3,4805,17203.48
2025,3,4806,22059.1
2025,3,4807,19659.559
2025,3,4808,21476.484
2025,3,4809,38156.656
2025,3,4810,43054.02
2025,3,4811,18750.148
2025,3,4812,27077.828
2025,3,4813,28720.39
2025,3,4814,32463.166
2025,3,4815,28669.445
2025,3,4816,18546.336
2025,3,4817,31405.479
2025,3,4818,16546.137
2025,3,4819,24658.646
2025,3,4820,15544.087
2025,3,4821,23725.676
2025,3,4822,21900.078
2025,3,4823,29112.537
2025,3,4824,13996.492
2025,3,4825,38428.78
2025,3,4826,23537.477
2025,3,4827,22865.82
2025,3,4828,10749.618
2025,3,4829,20983.16
2025,3,4830,38641.207
2025,3,4831,34645.574
2025,3,4832,25103.375
2025,3,4833,31542.088
2025,3,4834,28236.309
2025,3,4835,21089.773
2025,3,4836,20653.867
2025,3,4837,29417.477
2025,3,4838,54224.363
2025,3,4839,33335.61
2025,3,4840,19688.94
2025,3,4841,22260.17
2025,3,4842,26072.637
2025,3,4843,28532.145
2025,3,4844,29138.602
2025,3,4845,12061.206
2025,3,4846,16898.414
2025,3,4847,11701.099
2025,3,4848,18509.479
2025,3,4849,24345.025
2025,3,4850,25283.715
2025,3,4851,25245.525
2025,3,4852,22525.213
2025,3,4853,14296.391
2025,3,4854,36441.97
2025,3,4855,14915.683
2025,3,4856,11175.836
2025,3,4857,14996.976
2025,3,4858,11575.147
2025,3,4859,14811.666
2025,3,4860,12771.116
2025,3,4861,29097.455
2025,3,4862,43379.367
2025,3,4863,30175.459
2025,3,4864,31173.26
2025,3,4865,28077.955
2025,3,4866,27825.342
2025,3,4867,21630.324
2025,3,4868,30537.58
2025,3,4869,16059.059
2025,3,4870,31313.697
2025,3,4871,23122.225
2025,3,4872,24161.945
2025,3,4873,20426.562
2025,3,4874,22991.516
2025,3,4875,31500.914
2025,3,4876,26383.71
2025,3,4877,22542.928
2025,3,4878,13134.199
2025,3,4879,16640.424
2025,3,4880,29270.537
2025,3,4881,19742.922
2025,3,4882,34128.28
2025,3,4883,43625.477
2025,3,4884,20721.08
2025,3,4885,11773.96
2025,3,4886,22707.068
2025,3,4887,19912.875
2025,3,4888,22425.752
2025,3,4889,33644.887
2025,3,4890,23634.168
2025,3,4891,29288.564
2025,3,4892,35704.81
2025,3,4893,39837.13
2025,3,4894,25784.51
2025,3,4895,17804.828
2025,3,4896,26268.873
2025,3,4897,29417.406
2025,3,4898,27063.373
2025,3,4899,32058.865
2025,3,4900,30608.285
2025,3,4901,11479.382
2025,3,4902,26359.023
2025,3,4903,25162.467
2025,3,4904,15221.709
2025,3,4905,25788.07
2025,3,4906,21155.637
2025,3,4907,21621.025
2025,3,4908,26632.885
2025,3,4909,33064.9
2025,3,4910,17557.45
2025,3,4911,27388.588
2025,3,4912,41154.504
2025,3,4913,22871.672
2025,3,4914,30526.332
2025,3,4915,50614.832
2025,3,4916,21472.23
2025,3,4917,21068.314
2025,3,4918,16877.258
2025,3,4919,28918.62
2025,3,4920,38824.44
2025,3,4921,33324.33
2025,3,4922,25074.832
2025,3,4923,21841.766
2025,3,4924,19769.438
2025,3,4925,32343.393
2025,3,4926,25211.158
2025,3,4927,11257.698
2025,3,4928,17359.016
2025,3,4929,27686.342
2025,3,4930,34195.836
2025,3,4931,26983.756
2025,3,4932,14673.142
2025,3,4933,27857.242
2025,3,4934,29530.326
2025,3,4935,10969.733
2025,3,4936,9907.595
2025,3,4937,35694.863
2025,3,4938,21953.72
2025,3,4939,20598.701
2025,3,4940,16865.695
2025,3,4941,11188.509
2025,3,4942,32697.695
2025,3,4943,30767.557
2025,3,4944,23089.707
2025,3,4945,27979.25
2025,3,4946,18804.49
2025,3,4947,15192.328
2025,3,4948,24698.682
2025,3,4949,26211.186
2025,3,4950,27874.324
2025,3,4951,11765.22
2025,3,4952,35504.797
2025,3,4953,15230.995
2025,3,4954,19230.28
2025,3,4955,26250.61
2025,3,4956,20232.129
2025,3,4957,15655.624
2025,3,4958,15757.175
2025,3,4959,15527.896
2025,3,4960,10278.805
2025,3,4961,31363.182
2025,3,4962,25804.78
2025,3,4963,41131.21
2025,3,4964,26982.762
2025,3,4965,16349.629
2025,3,4966,34797.93
2025,3,4967,38285.32
2025,3,4968,26797.25
2025,3,4969,46190.227
2025,3,4970,25334.406
2025,3,4971,34606.81
2025,3,4972,17640.11
2025,3,4973,17233.357
2025,3,4974,27436.607
2025,3,4975,26991.857
2025,3,4976,11207.83
2025,3,4977,31776.148
2025,3,4978,24570.092
2025,3,4979,24265.625
2025,3,4980,23587.111
2025,3,4981,18835.389
2025,3,4982,15577.843
2025,3,4983,22483.143
2025,3,4984,26139.373
2025,3,4985,15925.423
2025,3,4986,24176.604
2025,3,4987,22986.014
2025,3,4988,25129.52
2025,3,4989,22433.553
2025,3,4990,23066.004
2025,3,4991,21958.46
2025,3,4992,22538.38
2025,3,4993,19809.678
2025,3,4994,34834.742
2025,3,4995,23003.662
2025,3,4996,13214.155
2025,3,4997,25309.488
2025,3,4998,10956.232
2025,3,4999,16204.28
2025,3,5000,36432.49
2025,3,5001,17915.47
2025,3,5002,23889.072
2025,3,5003,19799.678
2025,3,5004,36234.848
2025,3,5005,21117.264
2025,3,5006,22064.518
2025,3,5007,26525.266
2025,3,5008,27662.314
2025,3,5009,30055.39
2025,3,5010,30970.717
2025,3,5011,24766.895
2025,3,5012,34134.89
2025,3,5013,27553.81
2025,3,5014,24469.31
2025,3,5015,27897.484
2025,3,5016,18430.78
2025,3,5017,30244.434
2025,3,5018,32805.05
2025,3,5019,35987.902
2025,3,5020,29693.049
2025,3,5021,25792.588
2025,3,5022,28648.037
2025,3,5023,20365.213
2025,3,5024,10745.777
2025,3,5025,25398.75
2025,3,5026,21576.215
2025,3,5027,22851.082
2025,3,5028,34811.82
2025,3,5029,28918.873
2025,3,5030,21290.191
2025,3,5031,21243.969
2025,3,5032,28961.76
2025,3,5033,25090.764
2025,3,5034,25690.445
2025,3,5035,13747.701
2025,3,5036,21955.354
2025,3,5037,27457.223
2025,3,5038,11506.575
2025,3,5039,15252.343
2025,3,5040,28319.627
2025,3,5041,15442.033
2025,3,5042,15833.168
2025,3,5043,25489.783
2025,3,5044,16519.006
2025,3,5045,11900.772
2025,3,5046,22270.207
2025,3,5047,34890.223
2025,3,5048,37610.04
2025,3,5049,27743.342
2025,3,5050,27864.121
2025,3,5051,31053.934
2025,3,5052,11516.618
2025,3,5053,15839.697
2025,3,5054,39660.477
2025,3,5055,21427.232
2025,3,5056,21393.71
2025,3,5057,24132.703
2025,3,5058,21535.373
2025,3,5059,19185.643
2025,3,5060,26519.28
2025,3,5061,27573.998
2025,3,5062,35045.023
2025,3,5063,22869.281
2025,3,5064,15089.128
2025,3,5065,24031.191
2025,3,5066,21726.03
2025,3,5067,21055.402
2025,3,5068,11677.3
2025,3,5069,11833.613
2025,3,5070,26035.768
2025,3,5071,36880.55
2025,3,5072,20444.14
2025,3,5073,16491.014
2025,3,5074,24528.822
2025,3,5075,21978.484
2025,3,5076,15380.646
2025,3,5077,20290.645
2025,3,5078,11450.208
2025,3,5079,23498.39
2025,3,5080,38009.566
2025,3,5081,26163.14
2025,3,5082,16587.324
2025,3,5083,35526.09
2025,3,5084,16749.238
2025,3,5085,17937.836
2025,3,5086,22860.627
2025,3,5087,22894.727
2025,3,5088,16147.344
2025,3,5089,27983.498
2025,3,5090,20806.518
2025,3,5091,19966.81
2025,3,5092,36880.984
2025,3,5093,21254.79
2025,3,5094,25063.406
2025,3,5095,21617.947
2025,3,5096,25636.695
2025,3,5097,16571.098
2025,3,5098,25257.818
2025,3,5099,15331.442
2025,3,5100,29597.678
2025,3,5101,22484.994
2025,3,5102,25645.936
2025,3,5103,33756.56
2025,3,5104,30410.164
2025,3,5105,22921.348
2025,3,5106,28716.941
2025,3,5107,29138.01
2025,3,5108,18601.611
2025,3,5109,10696.678
2025,3,5110,30182.438
2025,3,5111,41258.65
2025,3,5112,16045.785
2025,3,5113,40622.113
2025,3,5114,39707.645
2025,3,5115,31046.805
2025,3,5116,15043.256
2025,3,5117,40119.633
2025,3,5118,34025.57
2025,3,5119,26991.777
2025,3,5120,33526.945
2025,3,5121,25090.027
2025,3,5122,15331.442
2025,3,5123,27315.639
2025,3,5124,32085.77
2025,3,5125,14521.029
2025,3,5126,23849.021
2025,3,5127,11783.548
2025,3,5128,19018.826
2025,3,5129,27998.395
2025,3,5130,21147.244
2025,3,5131,20824.246
2025,3,5132,24946.928
2025,3,5133,26639.484
2025,3,5134,22323.086
2025,3,5135,33002.887
2025,3,5136,18600.047
2025,3,5137,15192.328
2025,3,5138,26600.936
2025,3,5139,16033.362
2025,3,5140,22186.844
2025,3,5141,20968.486
2025,3,5142,14502.441
2025,3,5143,24225.58
2025,3,5144,31120.955
2025,3,5145,17516.727
2025,3,5146,19131.531
2025,3,5147,18077.871
2025,3,5148,24774.81
2025,3,5149,33079.023
2025,3,5150,16158.592
2025,3,5151,11666.658
2025,3,5152,25608.22
2025,3,5153,30750.164
2025,3,5154,15112.003
2025,3,5155,29801.662
2025,3,5156,27779.021
2025,3,5157,23097.467
2025,3,5158,28258.594
2025,3,5159,22563.648
2025,3,5160,15127.931
2025,3,5161,22525.61
2025,3,5162,21647.88
2025,3,5163,23534.635
2025,3,5164,16896.84
2025,3,5165,15138.79
2025,3,5166,15924.229
2025,3,5167,27285.281
2025,3,5168,9968.91
2025,3,5169,14429.701
2025,3,5170,29568.043
2025,3,5171,48782.66
2025,3,5172,38932.62
2025,3,5173,24446.932
2025,3,5174,25975.008
2025,3,5175,15922.049
2025,3,5176,15467.795
2025,3,5177,18847.146
2025,3,5178,11909.585
2025,3,5179,17943.873
2025,3,5180,32116.117
2025,3,5181,27141.707
2025,3,5182,28417.465
2025,3,5183,27888.541
2025,3,5184,11207.83
2025,3,5185,21064.836
2025,3,5186,24382.76
2025,3,5187,21501.861
2025,3,5188,21507.926
2025,3,5189,37889.918
2025,3,5190,21214.008
2025,3,5191,20778.281
2025,3,5192,20388.42
2025,3,5193,21800.562
2025,3,5194,17799.3
2025,3,5195,28587.998
2025,3,5196,21172.477
2025,3,5197,18773.82
2025,3,5198,18378.639
2025,3,5199,21198.56
2025,3,5200,31283.428
2025,3,5201,19505.875
2025,3,5202,19933.416
2025,3,5203,17327.27
2025,3,5204,30975.596
2025,3,5205,24138.734
2025,3,5206,28416.459
2025,3,5207,18419.379
2025,3,5208,26498.916
2025,3,5209,28169.14
2025,3,5210,12401.558
2025,3,5211,22906.645
2025,3,5212,21000.523
2025,3,5213,12348.925
2025,3,5214,18332.336
2025,3,5215,15071.027
2025,3,5216,23305.533
2025,3,5217,36941.17
2025,3,5218,16632.088
2025,3,5219,20910.715
2025,3,5220,22933.271
2025,3,5221,31762.697
2025,3,5222,21364.828
2025,3,5223,21938.451
2025,3,5224,18728.283
2025,3,5225,31357.008
2025,3,5226,21472.412
2025,3,5227,33481.695
2025,3,5228,25521.879
2025,3,5229,21937.691
2025,3,5230,27260.758
2025,3,5231,40648.99
2025,3,5232,52952.45
2025,3,5233,28976.645
2025,3,5234,31612.191
2025,3,5235,17177.424
2025,3,5236,38341.37
2025,3,5237,32754.586
2025,3,5238,39533.066
2025,3,5239,22576.8
2025,3,5240,17606.227
2025,3,5241,26825.814
2025,3,5242,36580.58
2025,3,5243,39967.965
2025,3,5244,16002.453
2025,3,5245,25412.986
2025,3,5246,21704.807
2025,3,5247,34886.727
2025,3,5248,25326.957
2025,3,5249,38721.297
2025,3,5250,22047.225
2025,3,5251,25428.133
2025,3,5252,22498.48
2025,3,5253,27617.838
2025,3,5254,19999.7
2025,3,5255,18099.309
2025,3,5256,28658.604
2025,3,5257,25140.89
2025,3,5258,38359.83
2025,3,5259,22122.562
2025,3,5260,41362.715
2025,3,5261,20036.713
2025,3,5262,20132.443
2025,3,5263,22743.295
2025,3,5264,15466.577
2025,3,5265,19132.12
2025,3,5266,24775.166
2025,3,5267,15849.3125
2025,3,5268,17080.88
2025,3,5269,24166.5
2025,3,5270,22923.863
2025,3,5271,17190.922
2025,3,5272,24462.459
2025,3,5273,32024.85
2025,3,5274,30331.008
2025,3,5275,18837.656
2025,3,5276,30992.752
2025,3,5277,34308.273
2025,3,5278,18491.756
2025,3,5279,27888.29
2025,3,5280,26220.768
2025,3,5281,27002.21
2025,3,5282,35349.266
2025,3,5283,12946.208
2025,3,5284,36714.59
2025,3,5285,21548.803
2025,3,5286,25189.748
2025,3,5287,28623.719
2025,3,5288,25858.459
2025,3,5289,25538.568
2025,3,5290,27076.293
2025,3,5291,21027.834
2025,3,5292,39254.547
2025,3,5293,19022.322
2025,3,5294,19230.959
2025,3,5295,11456.281
2025,3,5296,11869.451
2025,3,5297,24785.316
2025,3,5298,40671.316
2025,3,5299,11790.3545
2025,3,5300,33667.438
2025,3,5301,27151.975
2025,3,5302,21535.727
2025,3,5303,23006.125
2025,3,5304,21896.197
2025,3,5305,23170.775
2025,3,5306,30715.23
2025,3,5307,29327.2
2025,3,5308,26446.566
2025,3,5309,25810.479
2025,3,5310,25885.775
2025,3,5311,36024.12
2025,3,5312,24210.889
2025,3,5313,32986.42
2025,3,5314,22722.248
2025,3,5315,28837.965
2025,3,5316,33292.293
2025,3,5317,21395.195
2025,3,5318,17570.549
2025,3,5319,15112.704
2025,3,5320,28689.096
2025,3,5321,34295.52
2025,3,5322,17802.676
2025,3,5323,18378.168
2025,3,5324,23152.465
2025,3,5325,32604.14
2025,3,5326,27350.91
2025,3,5327,24435.865
2025,3,5328,45819.562
2025,3,5329,20097.986
2025,3,5330,26341.807
2025,3,5331,17951.79
2025,3,5332,51499.332
2025,3,5333,23395.037
2025,3,5334,22720.742
2025,3,5335,25623.611
2025,3,5336,25473.453
2025,3,5337,24655.928
2025,3,5338,24927.63
2025,3,5339,20970.193
2025,3,5340,30448.908
2025,3,5341,33306.88
2025,3,5342,22841.342
2025,3,5343,16552.537
2025,3,5344,15849.369
2025,3,5345,38021.152
2025,3,5346,27619.666
2025,3,5347,20938.248
2025,3,5348,27193.375
2025,3,5349,23098.902
2025,3,5350,19738.023
2025,3,5351,21300.775
2025,3,5352,21482.783
2025,3,5353,15889.868
2025,3,5354,13893.027
2025,3,5355,23954.809
2025,3,5356,20242.873
2025,3,5357,24397.697
2025,3,5358,30137.605
2025,3,5359,27716.783
2025,3,5360,22613.28
2025,3,5361,22339.207
2025,3,5362,16846.645
2025,3,5363,11972.575
2025,3,5364,22416.451
2025,3,5365,33293.895
2025,3,5366,14016.2
2025,3,5367,14347.408
2025,3,5368,30157.25
2025,3,5369,30542.041
2025,3,5370,11126.755
2025,3,5371,17386.328
2025,3,5372,12116.745
2025,3,5373,29783.115
2025,3,5374,27310.727
2025,3,5375,24277.066
2025,3,5376,31800.23
2025,3,5377,33678.523
2025,3,5378,14701.772
2025,3,5379,25830.484
2025,3,5380,19849.299
2025,3,5381,26404.06
2025,3,5382,26173.525
2025,3,5383,22319.047
2025,3,5384,27274.65
2025,3,5385,22669.879
2025,3,5386,21134.246
2025,3,5387,23562.572
2025,3,5388,21567.605
2025,3,5389,15112.704
2025,3,5390,14378.549
2025,3,5391,27597.396
2025,3,5392,12767.459
2025,3,5393,34523.89
2025,3,5394,15770.255
2025,3,5395,34422.39
2025,3,5396,27883.54
2025,3,5397,26730.209
2025,3,5398,17153.338
2025,3,5399,24497.102
2025,3,5400,24312.2
2025,3,5401,26551.959
2025,3,5402,30306.91
2025,3,5403,28010.578
2025,3,5404,36485.18
2025,3,5405,30215.332
2025,3,5406,23883.967
2025,3,5407,38060.523
2025,3,5408,37259.977
2025,3,5409,33094.906
2025,3,5410,27574.32
2025,3,5411,21819.016
2025,3,5412,34316.812
2025,3,5413,15252.343
2025,3,5414,31707.945
2025,3,5415,11824.962
2025,3,5416,11222.106
2025,3,5417,17168.104
2025,3,5418,25428.76
2025,3,5419,17426.74
2025,3,5420,20023.707
2025,3,5421,30227.441
2025,3,5422,33468.99
2025,3,5423,11533.86
2025,3,5424,21043.082
2025,3,5425,33564.363
2025,3,5426,11981.481
2025,3,5427,34655.227
2025,3,5428,36159.95
2025,3,5429,33409.46
2025,3,5430,12110.967
2025,3,5431,11754.546
2025,3,5432,16692.816
2025,3,5433,16349.996
2025,3,5434,21648.875
2025,3,5435,16265.072
2025,3,5436,23215.61
2025,3,5437,27100.93
2025,3,5438,29971.812
2025,3,5439,15985.034
2025,3,5440,27264.846
2025,3,5441,13441.23
2025,3,5442,15546.375
2025,3,5443,27009.096
2025,3,5444,20521.852
2025,3,5445,13438.447
2025,3,5446,17087.422
2025,3,5447,21354.723
2025,3,5448,41233.01
2025,3,5449,21030.291
2025,3,5450,52173.824
2025,3,5451,10737.3955
2025,3,5452,28056.762
2025,3,5453,23387.186
2025,3,5454,17250.361
2025,3,5455,20330.47
2025,3,5456,30310.662
2025,3,5457,15941.319
2025,3,5458,15092.922
2025,3,5459,32575.953
2025,3,5460,24013.334
2025,3,5461,17399.924
2025,3,5462,16123.488
2025,3,5463,41804.145
2025,3,5464,33067.72
2025,3,5465,12353.728
2025,3,5466,21909.07
2025,3,5467,22870.475
2025,3,5468,24825.35
2025,3,5469,36901.207
2025,3,5470,22455.32
2025,3,5471,29772.066
2025,3,5472,23856.598
2025,3,5473,17954.215
2025,3,5474,11763.692
2025,3,5475,17155.723
2025,3,5476,11129.459
2025,3,5477,40768.625
2025,3,5478,20775.707
2025,3,5479,35885.06
2025,3,5480,24453.502
2025,3,5481,29328.451
2025,3,5482,27858.674
2025,3,5483,17124.596
2025,3,5484,28502.232
2025,3,5485,15427.855
2025,3,5486,31215.25
2025,3,5487,27676.832
2025,3,5488,36430.715
2025,3,5489,34591.965
2025,3,5490,23403.172
2025,3,5491,19236.451
2025,3,5492,41013.86
2025,3,5493,15546.375
2025,3,5494,23564.787
2025,3,5495,27374.893
2025,3,5496,12347.61
2025,3,5497,31123.213
2025,3,5498,16559.623
2025,3,5499,27385.248
2025,3,5500,16111.2705
2025,3,5501,11449.094
2025,3,5502,29544.371
2025,3,5503,20813.717
2025,3,5504,30263.234
2025,3,5505,15942.709
2025,3,5506,26820.098
2025,3,5507,34014.574
2025,3,5508,12050.361
2025,3,5509,27681.719
2025,3,5510,23013.225
2025,3,5511,11937.16
2025,3,5512,15331.442
2025,3,5513,16595.875
2025,3,5514,16396.785
2025,3,5515,14477.981
2025,3,5516,26708.033
2025,3,5517,24763.945
2025,3,5518,11558.047
2025,3,5519,12888.704
2025,3,5520,33225.93
2025,3,5521,31618.28
2025,3,5522,26291.332
2025,3,5523,29445.014
2025,3,5524,38157.64
2025,3,5525,20442.805
2025,3,5526,12814.468
2025,3,5527,20243.707
2025,3,5528,25342.35
2025,3,5529,33476.215
2025,3,5530,27984.768
2025,3,5531,23691.924
2025,3,5532,24509.938
2025,3,5533,23079.594
2025,3,5534,26817.072
2025,3,5535,33132.184
2025,3,5536,49163.227
2025,3,5537,20820.367
2025,3,5538,25472.564
2025,3,5539,26982.762
2025,3,5540,21721.416
2025,3,5541,36787.902
2025,3,5542,34033.652
2025,3,5543,24287.377
2025,3,5544,24191.861
2025,3,5545,35456.367
2025,3,5546,19736.105
2025,3,5547,16629.31
2025,3,5548,32036.768
2025,3,5549,23278.516
2025,3,5550,25357.734
2025,3,5551,26570.486
2025,3,5552,23162.465
2025,3,5553,27837.016
2025,3,5554,23213.236
2025,3,5555,33053.508
2025,3,5556,21618.32
2025,3,5557,22743.05
2025,3,5558,16879.344
2025,3,5559,12459.838
2025,3,5560,16319.782
2025,3,5561,17155.146
2025,3,5562,39813.85
2025,3,5563,11182.655
2025,3,5564,23608.775
2025,3,5565,24576.43
2025,3,5566,25819.217
2025,3,5567,28442.223
2025,3,5568,16361.089
2025,3,5569,24623.498
2025,3,5570,24757.482
2025,3,5571,25280.322
2025,3,5572,30169.768
2025,3,5573,11387.3545
2025,3,5574,15583.119
2025,3,5575,16514.11
2025,3,5576,25685.309
2025,3,5577,15301.04
2025,3,5578,16747.33
2025,3,5579,27501.715
2025,3,5580,21778.297
2025,3,5581,30668.271
2025,3,5582,20452.482
2025,3,5583,23220.85
2025,3,5584,33806.586
2025,3,5585,21251.955
2025,3,5586,22744.05
2025,3,5587,23094.723
2025,3,5588,28578.768
2025,3,5589,24428.36
2025,3,5590,35561.93
2025,3,5591,34710.055
2025,3,5592,25544.863
2025,3,5593,19640.326
2025,3,5594,25946.35
2025,3,5595,23016.543
2025,3,5596,23025.977
2025,3,5597,20861.742
2025,3,5598,37195.88
2025,3,5599,27552.236
2025,3,5600,17406.371
2025,3,5601,28621.81
2025,3,5602,17089.9
2025,3,5603,22038.271
2025,3,5604,22650.973
2025,3,5605,27303.643
2025,3,5606,40054.684
2025,3,5607,16992.113
2025,3,5608,24553.922
2025,3,5609,26683.418
2025,3,5610,28196.244
2025,3,5611,40387.258
2025,3,5612,23560.822
2025,3,5613,21552.188
2025,3,5614,12942.552
2025,3,5615,23192.572
2025,3,5616,26174.451
2025,3,5617,10830.362
2025,3,5618,39816.348
2025,3,5619,28763.787
2025,3,5620,28385.023
2025,3,5621,23655.436
2025,3,5622,27259.803
2025,3,5623,22944.0
2025,3,5624,26153.05
2025,3,5625,26968.139
2025,3,5626,27573.482
2025,3,5627,30505.154
2025,3,5628,22185.492
2025,3,5629,23144.154
2025,3,5630,16199.209
2025,3,5631,20587.576
2025,3,5632,22681.098
2025,3,5633,33759.406
2025,3,5634,17158.588
2025,3,5635,30685.402
2025,3,5636,18546.123
2025,3,5637,17003.236
2025,3,5638,43318.117
2025,3,5639,23666.102
2025,3,5640,33105.836
2025,3,5641,15826.938
2025,3,5642,29369.52
2025,3,5643,25291.768
2025,3,5644,33163.457
2025,3,5645,16504.578
2025,3,5646,24806.18
2025,3,5647,24872.89
2025,3,5648,19944.809
2025,3,5649,24339.81
2025,3,5650,15945.289
2025,3,5651,19814.86
2025,3,5652,26435.016
2025,3,5653,16194.101
2025,3,5654,25001.36
2025,3,5655,15179.455
2025,3,5656,23037.994
2025,3,5657,26032.578
2025,3,5658,39634.355
2025,3,5659,12351.746
2025,3,5660,17116.074
2025,3,5661,28727.426
2025,3,5662,29149.148
2025,3,5663,25040.21
2025,3,5664,25703.037
2025,3,5665,23166.434
2025,3,5666,22036.102
2025,3,5667,20209.451
2025,3,5668,16202.609
2025,3,5669,38428.01
2025,3,5670,26914.957
2025,3,5671,31780.201
2025,3,5672,39150.234
2025,3,5673,25808.66
2025,3,5674,12050.361
2025,3,5675,33479.74
2025,3,5676,42321.707
2025,3,5677,34087.062
2025,3,5678,18456.965
2025,3,5679,22481.896
2025,3,5680,12829.309
2025,3,5681,21558.352
2025,3,5682,23561.033
2025,3,5683,30829.025
2025,3,5684,15690.1455
2025,3,5685,24872.625
2025,3,5686,23827.355
2025,3,5687,17040.4
2025,3,5688,22357.545
2025,3,5689,30485.047
2025,3,5690,22882.988
2025,3,5691,22929.633
2025,3,5692,27687.729
2025,3,5693,25966.875
2025,3,5694,21704.934
2025,3,5695,12689.006
2025,3,5696,27434.693
2025,3,5697,47562.723
2025,3,5698,20587.07
2025,3,5699,24676.396
2025,3,5700,17944.875
2025,3,5701,20547.21
2025,3,5702,21535.486
2025,3,5703,23329.877
2025,3,5704,22590.992
2025,3,5705,30669.816
2025,3,5706,21785.045
2025,3,5707,25734.254
2025,3,5708,30463.023
2025,3,5709,34138.645
2025,3,5710,29138.877
2025,3,5711,20177.572
2025,3,5712,30023.064
2025,3,5713,30616.781
2025,3,5714,34460.42
2025,3,5715,40872.695
2025,3,5716,21363.021
2025,3,5717,36938.324
2025,3,5718,27117.059
2025,3,5719,15733.718
2025,3,5720,23327.97
2025,3,5721,29242.775
2025,3,5722,24909.74
2025,3,5723,37917.035
2025,3,5724,11767.319
2025,3,5725,23703.783
2025,3,5726,29713.832
2025,3,5727,16161.839
2025,3,5728,19223.389
2025,3,5729,23443.908
2025,3,5730,16985.2
2025,3,5731,27938.184
2025,3,5732,27823.693
2025,3,5733,20991.193
2025,3,5734,24767.451
2025,3,5735,22563.041
2025,3,5736,34947.11
2025,3,5737,33631.598
2025,3,5738,30521.055
2025,3,5739,42546.895
2025,3,5740,17680.652
2025,3,5741,26285.193
2025,3,5742,29546.076
2025,3,5743,38010.95
2025,3,5744,48390.645
2025,3,5745,30180.508
2025,3,5746,28737.336
2025,3,5747,13349.854
2025,3,5748,16708.979
2025,3,5749,24174.045
2025,3,5750,26989.695
2025,3,5751,23302.115
2025,3,5752,23091.125
2025,3,5753,18883.275
2025,3,5754,29702.178
2025,3,5755,46944.562
2025,3,5756,28235.025
2025,3,5757,25293.549
2025,3,5758,21747.453
2025,3,5759,34331.664
2025,3,5760,22830.72
2025,3,5761,12242.987
2025,3,5762,10663.631
2025,3,5763,30911.654
2025,3,5764,31349.145
2025,3,5765,29929.414
2025,3,5766,33151.227
2025,3,5767,22059.037
2025,3,5768,28459.719
2025,3,5769,24324.248
2025,3,5770,34154.902
2025,3,5771,23465.607
2025,3,5772,16491.309
2025,3,5773,32603.701
2025,3,5774,34737.973
2025,3,5775,26284.96
2025,3,5776,15055.1
2025,3,5777,27192.645
2025,3,5778,31402.77
2025,3,5779,22698.55
2025,3,5780,19555.088
2025,3,5781,50678.113
2025,3,5782,12127.195
2025,3,5783,33912.496
2025,3,5784,38115.72
2025,3,5785,33405.96
2025,3,5786,34488.68
2025,3,5787,26605.055
2025,3,5788,16552.537
2025,3,5789,27585.375
2025,3,5790,16113.455
2025,3,5791,28040.78
2025,3,5792,35021.85
2025,3,5793,21760.047
2025,3,5794,25555.418
2025,3,5795,26320.428
2025,3,5796,36269.484
2025,3,5797,44101.83
2025,3,5798,22626.982
2025,3,5799,15757.175
2025,3,5800,35876.918
2025,3,5801,47513.56
2025,3,5802,32301.37
2025,3,5803,28186.064
2025,3,5804,32113.23
2025,3,5805,23632.082
2025,3,5806,61886.895
2025,3,5807,12172.167
2025,3,5808,27012.842
2025,3,5809,21357.902
2025,3,5810,23634.688
2025,3,5811,13338.848
2025,3,5812,15650.397
2025,3,5813,16357.439
2025,3,5814,41400.754
2025,3,5815,31004.584
2025,3,5816,29778.893
2025,3,5817,26480.555
2025,3,5818,23394.139
2025,3,5819,32006.129
2025,3,5820,19916.521
2025,3,5821,21670.656
2025,3,5822,23233.955
2025,3,5823,15043.256
2025,3,5824,17314.309
2025,3,5825,30383.596
2025,3,5826,11872.948
2025,3,5827,30472.326
2025,3,5828,26010.352
2025,3,5829,31396.607
2025,3,5830,11831.52
2025,3,5831,22254.676
2025,3,5832,41314.215
2025,3,5833,32582.73
2025,3,5834,31832.867
2025,3,5835,28736.447
2025,3,5836,18596.936
2025,3,5837,31478.576
2025,3,5838,22962.738
2025,3,5839,20647.201
2025,3,5840,32675.074
2025,3,5841,24997.596
2025,3,5842,11754.405
2025,3,5843,30579.414
2025,3,5844,30098.75
2025,3,5845,17383.465
2025,3,5846,20785.076
2025,3,5847,28579.213
2025,3,5848,16801.178
2025,3,5849,16293.623
2025,3,5850,21302.854
2025,3,5851,27539.988
2025,3,5852,15236.415
2025,3,5853,33347.89
2025,3,5854,17051.604
2025,3,5855,28513.234
2025,3,5856,21231.617
2025,3,5857,19880.975
2025,3,5858,21814.332
2025,3,5859,19490.967
2025,3,5860,38505.254
2025,3,5861,37360.113
2025,3,5862,21990.457
2025,3,5863,38408.24
2025,3,5864,13102.443
2025,3,5865,23427.64
2025,3,5866,26727.49
2025,3,5867,28525.545
2025,3,5868,38169.277
2025,3,5869,24149.46
2025,3,5870,23555.656
2025,3,5871,23064.215
2025,3,5872,29553.69
2025,3,5873,26009.934
2025,3,5874,24158.436
2025,3,5875,22845.914
2025,3,5876,37438.35
2025,3,5877,15526.593
2025,3,5878,26430.924
2025,3,5879,34515.195
2025,3,5880,22908.344
2025,3,5881,27607.865
2025,3,5882,25169.834
2025,3,5883,27804.658
2025,3,5884,18415.877
2025,3,5885,34716.06
2025,3,5886,22024.996
2025,3,5887,23476.453
2025,3,5888,23552.062
2025,3,5889,17901.465
2025,3,5890,22137.787
2025,3,5891,23484.21
2025,3,5892,26668.482
2025,3,5893,39011.824
2025,3,5894,18583.668
2025,3,5895,38596.965
2025,3,5896,51409.13
2025,3,5897,21770.951
2025,3,5898,43845.203
2025,3,5899,25769.787
2025,3,5900,21354.11
2025,3,5901,28476.865
2025,3,5902,21154.27
2025,3,5903,33835.15
2025,3,5904,32242.324
2025,3,5905,24299.408
2025,3,5906,31364.31
2025,3,5907,26938.523
2025,3,5908,15409.146
2025,3,5909,32098.105
2025,3,5910,25380.963
2025,3,5911,21460.979
2025,3,5912,22688.543
2025,3,5913,32498.479
2025,3,5914,20294.354
2025,3,5915,33720.9
2025,3,5916,22177.895
2025,3,5917,13652.267
2025,3,5918,35623.543
2025,3,5919,15949.429
2025,3,5920,27550.65
2025,3,5921,24658.916
2025,3,5922,15334.083
2025,3,5923,30265.193
2025,3,5924,14680.619
2025,3,5925,18990.094
2025,3,5926,37753.566
2025,3,5927,35391.574
2025,3,5928,40383.773
2025,3,5929,18392.238
2025,3,5930,38417.65
2025,3,5931,15967.841
2025,3,5932,17236.074
2025,3,5933,23206.488
2025,3,5934,20555.723
2025,3,5935,39513.016
2025,3,5936,19579.07
2025,3,5937,36256.5
2025,3,5938,26065.152
2025,3,5939,22720.213
2025,3,5940,21900.062
2025,3,5941,28514.549
2025,3,5942,22453.078
2025,3,5943,23122.865
2025,3,5944,29457.125
2025,3,5945,23604.172
2025,3,5946,37456.188
2025,3,5947,35748.215
2025,3,5948,21775.377
2025,3,5949,35586.37
2025,3,5950,20809.78
2025,3,5951,35182.68
2025,3,5952,27070.201
2025,3,5953,14176.643
2025,3,5954,23311.977
2025,3,5955,34602.633
2025,3,5956,12093.824
2025,3,5957,37310.598
2025,3,5958,15466.05
2025,3,5959,21396.275
2025,3,5960,22395.646
2025,3,5961,23492.697
2025,3,5962,40247.832
2025,3,5963,31815.953
2025,3,5964,21778.578
2025,3,5965,32671.322
2025,3,5966,29805.553
2025,3,5967,42752.598
2025,3,5968,31744.47
2025,3,5969,31205.424
2025,3,5970,12233.025
2025,3,5971,13290.814
2025,3,5972,21375.074
2025,3,5973,22074.299
2025,3,5974,23601.191
2025,3,5975,21410.719
2025,3,5976,24448.107
2025,3,5977,30310.205
2025,3,5978,30047.69
2025,3,5979,12727.264
2025,3,5980,40881.125
2025,3,5981,30393.002
2025,3,5982,20078.896
2025,3,5983,28803.98
2025,3,5984,15818.249
2025,3,5985,24673.186
2025,3,5986,12668.988
2025,3,5987,23608.602
2025,3,5988,20342.846
2025,3,5989,39847.297
2025,3,5990,22073.156
2025,3,5991,15112.003
2025,3,5992,25680.674
2025,3,5993,24646.768
2025,3,5994,31079.574
2025,3,5995,19647.787
2025,3,5996,32136.807
2025,3,5997,11293.822
2025,3,5998,16242.065
2025,3,5999,12335.617
2025,3,6000,40401.098
2025,3,6001,18900.973
2025,3,6002,25832.719
2025,3,6003,31257.957
2025,3,6004,30106.152
2025,3,6005,23450.77
2025,3,6006,29197.316
2025,3,6007,26621.688
2025,3,6008,29057.799
2025,3,6009,26823.67
2025,3,6010,30358.219
2025,3,6011,10711.852
2025,3,6012,31929.842
2025,3,6013,19349.658
2025,3,6014,11799.247
2025,3,6015,34456.137
2025,3,6016,27679.145
2025,3,6017,24687.395
2025,3,6018,14921.538
2025,3,6019,20460.703
2025,3,6020,29898.414
2025,3,6021,38592.65
2025,3,6022,29618.414
2025,3,6023,25568.285
2025,3,6024,35642.797
2025,3,6025,29918.574
2025,3,6026,12108.019
2025,3,6027,16807.893
2025,3,6028,30846.885
2025,3,6029,21762.008
2025,3,6030,31192.719
2025,3,6031,15837.09
2025,3,6032,21343.842
2025,3,6033,13368.3
2025,3,6034,22008.066
2025,3,6035,21361.535
2025,3,6036,20913.008
2025,3,6037,24484.832
2025,3,6038,16645.72
2025,3,6039,17156.607
2025,3,6040,19802.025
2025,3,6041,27315.725
2025,3,6042,33432.39
2025,3,6043,22578.52
2025,3,6044,31163.535
2025,3,6045,20772.88
2025,3,6046,23899.79
2025,3,6047,27897.84
2025,3,6048,24389.363
2025,3,6049,16862.803
2025,3,6050,11141.135
2025,3,6051,25452.674
2025,3,6052,14517.033
2025,3,6053,19529.496
2025,3,6054,28967.205
2025,3,6055,28074.922
2025,3,6056,11647.878
2025,3,6057,13981.997
2025,3,6058,22372.365
2025,3,6059,24603.076
2025,3,6060,24970.684
2025,3,6061,24685.281
2025,3,6062,33841.9
2025,3,6063,20468.203
2025,3,6064,25198.986
2025,3,6065,17371.342
2025,3,6066,26291.332
2025,3,6067,20005.203
2025,3,6068,28770.75
2025,3,6069,43178.07
2025,3,6070,22164.592
2025,3,6071,26385.61
2025,3,6072,26564.979
2025,3,6073,15526.593
2025,3,6074,31275.756
2025,3,6075,56487.207
2025,3,6076,37556.312
2025,3,6077,26239.834
2025,3,6078,23568.027
2025,3,6079,54568.09
2025,3,6080,14018.572
2025,3,6081,21715.95
2025,3,6082,34983.215
2025,3,6083,22308.523
2025,3,6084,25290.02
2025,3,6085,22106.8
2025,3,6086,38507.316
2025,3,6087,18012.486
2025,3,6088,20740.506
2025,3,6089,26344.127
2025,3,6090,19018.826
2025,3,6091,21498.166
2025,3,6092,31762.105
2025,3,6093,20069.775
2025,3,6094,15839.697
2025,3,6095,15764.838
2025,3,6096,11451.839
2025,3,6097,16577.525
2025,3,6098,17715.969
2025,3,6099,29605.768
2025,3,6100,11619.511
2025,3,6101,12653.333
2025,3,6102,17465.469
2025,3,6103,11538.165
2025,3,6104,15764.838
2025,3,6105,31161.734
2025,3,6106,11368.625
2025,3,6107,21002.21
2025,3,6108,24214.834
2025,3,6109,25211.1
2025,3,6110,24625.014
2025,3,6111,24307.314
2025,3,6112,15664.15
2025,3,6113,15526.593
2025,3,6114,15696.532
2025,3,6115,34086.15
2025,3,6116,19471.402
2025,3,6117,20149.047
2025,3,6118,30700.488
2025,3,6119,11275.215
2025,3,6120,23644.834
2025,3,6121,27436.86
2025,3,6122,17165.096
2025,3,6123,22550.34
2025,3,6124,16284.615
2025,3,6125,11972.575
2025,3,6126,14463.685
2025,3,6127,11502.827
2025,3,6128,21654.295
2025,3,6129,10776.948
2025,3,6130,21598.342
2025,3,6131,28005.2
2025,3,6132,10714.074
2025,3,6133,27619.293
2025,3,6134,46182.637
2025,3,6135,34303.93
2025,3,6136,28761.78
2025,3,6137,12830.041
2025,3,6138,24708.594
2025,3,6139,11115.57
2025,3,6140,29165.688
2025,3,6141,18077.871
2025,3,6142,29273.273
2025,3,6143,26611.025
2025,3,6144,17532.336
2025,3,6145,30346.508
2025,3,6146,11033.941
2025,3,6147,11466.267
2025,3,6148,34328.34
2025,3,6149,16436.924
2025,3,6150,35132.957
2025,3,6151,15092.922
2025,3,6152,15712.644
2025,3,6153,27064.812
2025,3,6154,19929.756
2025,3,6155,34626.88
2025,3,6156,35285.273
2025,3,6157,17771.857
2025,3,6158,16544.842
2025,3,6159,21930.973
2025,3,6160,15315.515
2025,3,6161,30054.562
2025,3,6162,19439.492
2025,3,6163,21214.62
2025,3,6164,26859.357
2025,3,6165,30509.457
2025,3,6166,16176.782
2025,3,6167,18811.125
2025,3,6168,11138.169
2025,3,6169,30521.168
2025,3,6170,36644.4
2025,3,6171,27383.64
2025,3,6172,30660.723
2025,3,6173,19714.707
2025,3,6174,39704.38
2025,3,6175,24230.79
2025,3,6176,22989.426
2025,3,6177,25688.824
2025,3,6178,11499.858
2025,3,6179,32284.635
2025,3,6180,25968.885
2025,3,6181,15138.79
2025,3,6182,21607.24
2025,3,6183,14606.991
2025,3,6184,16992.113
2025,3,6185,25223.71
2025,3,6186,31972.986
2025,3,6187,28138.049
2025,3,6188,19966.113
2025,3,6189,18082.781
2025,3,6190,39536.0
2025,3,6191,31528.314
2025,3,6192,26596.818
2025,3,6193,25091.018
2025,3,6194,20250.82
2025,3,6195,22220.137
2025,3,6196,36957.426
2025,3,6197,15315.515
2025,3,6198,23892.088
2025,3,6199,24567.1
2025,3,6200,17905.207
2025,3,6201,32376.984
2025,3,6202,22001.727
2025,3,6203,19688.916
2025,3,6204,21479.8
2025,3,6205,22785.611
2025,3,6206,11384.1
2025,3,6207,25542.453
2025,3,6208,20375.902
2025,3,6209,14637.9
2025,3,6210,22236.498
2025,3,6211,25305.14
2025,3,6212,33374.273
2025,3,6213,26067.906
2025,3,6214,18662.652
2025,3,6215,34285.633
2025,3,6216,20295.037
2025,3,6217,17545.432
2025,3,6218,17120.086
2025,3,6219,17009.111
2025,3,6220,15738.61
2025,3,6221,21739.182
2025,3,6222,20839.021
2025,3,6223,36032.805
2025,3,6224,26161.955
2025,3,6225,19479.375
2025,3,6226,36476.55
2025,3,6227,28469.799
2025,3,6228,29193.271
2025,3,6229,37232.086
2025,3,6230,30782.219
2025,3,6231,24324.195
2025,3,6232,34071.918
2025,3,6233,30119.453
2025,3,6234,29100.902
2025,3,6235,19650.521
2025,3,6236,18924.312
2025,3,6237,16278.536
2025,3,6238,15394.754
2025,3,6239,26051.53
2025,3,6240,23605.88
2025,3,6241,16135.025
2025,3,6242,23643.684
2025,3,6243,23924.602
2025,3,6244,24296.016
2025,3,6245,28719.242
2025,3,6246,27363.863
2025,3,6247,24122.809
2025,3,6248,15724.874
2025,3,6249,23201.725
2025,3,6250,31300.35
2025,3,6251,24792.494
2025,3,6252,22396.002
2025,3,6253,16818.605
2025,3,6254,24732.016
2025,3,6255,30910.455
2025,3,6256,24817.883
2025,3,6257,21094.89
2025,3,6258,27036.068
2025,3,6259,16502.855
2025,3,6260,23828.795
2025,3,6261,34241.707
2025,3,6262,22826.29
2025,3,6263,24189.393
2025,3,6264,22809.754
2025,3,6265,23770.049
2025,3,6266,34667.426
2025,3,6267,36823.02
2025,3,6268,23266.215
2025,3,6269,15094.164
2025,3,6270,15192.328
2025,3,6271,12061.206
2025,3,6272,35749.676
2025,3,6273,37872.13
2025,3,6274,57339.555
2025,3,6275,31209.166
2025,3,6276,11480.086
2025,3,6277,30608.004
2025,3,6278,22281.799
2025,3,6279,11461.599
2025,3,6280,38395.34
2025,3,6281,29392.477
2025,3,6282,55999.492
2025,3,6283,16551.76
2025,3,6284,33569.836
2025,3,6285,23191.672
2025,3,6286,11086.143
2025,3,6287,23899.875
2025,3,6288,15028.935
2025,3,6289,21669.299
2025,3,6290,38623.527
2025,3,6291,22774.896
2025,3,6292,33256.31
2025,3,6293,24156.434
2025,3,6294,24263.521
2025,3,6295,12337.091
2025,3,6296,23532.666
2025,3,6297,23394.443
2025,3,6298,30172.818
2025,3,6299,27082.69
2025,3,6300,30215.172
2025,3,6301,24102.973
2025,3,6302,23203.066
2025,3,6303,14811.666
2025,3,6304,16190.111
2025,3,6305,23197.65
2025,3,6306,20021.062
2025,3,6307,24778.568
2025,3,6308,26030.666
2025,3,6309,25762.21
2025,3,6310,15216.788
2025,3,6311,22108.965
2025,3,6312,11916.03
2025,3,6313,27633.393
2025,3,6314,17690.053
2025,3,6315,34402.164
2025,3,6316,20958.496
2025,3,6317,37102.492
2025,3,6318,16903.717
2025,3,6319,21005.129
2025,3,6320,15733.245
2025,3,6321,27346.05
2025,3,6322,14847.81
2025,3,6323,14147.924
2025,3,6324,16136.998
2025,3,6325,26021.602
2025,3,6326,29365.934
2025,3,6327,29532.328
2025,3,6328,36842.316
2025,3,6329,11888.681
2025,3,6330,20005.102
2025,3,6331,16222.264
2025,3,6332,12340.343
2025,3,6333,11587.308
2025,3,6334,23655.887
2025,3,6335,31260.91
2025,3,6336,21947.848
2025,3,6337,24797.348
2025,3,6338,21748.574
2025,3,6339,11459.262
2025,3,6340,11509.878
2025,3,6341,20413.805
2025,3,6342,20127.64
2025,3,6343,28149.787
2025,3,6344,11111.337
2025,3,6345,25343.906
2025,3,6346,11587.308
2025,3,6347,26538.57
2025,3,6348,36863.945
2025,3,6349,28679.117
2025,3,6350,27095.486
2025,3,6351,31472.629
2025,3,6352,26362.707
2025,3,6353,17479.904
2025,3,6354,34053.65
2025,3,6355,29777.258
2025,3,6356,27427.768
2025,3,6357,15940.222
2025,3,6358,11538.165
2025,3,6359,21092.705
2025,3,6360,34676.188
2025,3,6361,11095.108
2025,3,6362,36228.43
2025,3,6363,30158.564
2025,3,6364,11531.216
2025,3,6365,51791.832
2025,3,6366,29724.07
2025,3,6367,24361.914
2025,3,6368,31158.22
2025,3,6369,27305.906
2025,3,6370,16871.23
2025,3,6371,27427.863
2025,3,6372,35217.715
2025,3,6373,19296.398
2025,3,6374,28904.824
2025,3,6375,18326.83
2025,3,6376,32576.785
2025,3,6377,30170.197
2025,3,6378,25490.389
2025,3,6379,28765.2
2025,3,6380,30944.49
2025,3,6381,15879.617
2025,3,6382,22186.74
2025,3,6383,16799.629
2025,3,6384,38840.01
2025,3,6385,17920.203
2025,3,6386,21368.555
2025,3,6387,21996.27
2025,3,6388,20436.27
2025,3,6389,11157.643
2025,3,6390,22108.223
2025,3,6391,24460.717
2025,3,6392,20526.818
2025,3,6393,14735.191
2025,3,6394,24077.906
2025,3,6395,22225.168
2025,3,6396,21780.95
2025,3,6397,17096.855
2025,3,6398,29382.457
2025,3,6399,31130.85
2025,3,6400,15468.127
2025,3,6401,21736.752
2025,3,6402,28725.865
2025,3,6403,11145.947
2025,3,6404,20732.24
2025,3,6405,17352.197
2025,3,6406,15687.995
2025,3,6407,47802.656
2025,3,6408,34226.758
2025,3,6409,24214.654
2025,3,6410,22522.342
2025,3,6411,15966.29
2025,3,6412,23742.785
2025,3,6413,11835.856
2025,3,6414,21571.734
2025,3,6415,21110.053
2025,3,6416,11759.888
2025,3,6417,17018.578
2025,3,6418,11530.866
2025,3,6419,20082.77
2025,3,6420,21837.686
2025,3,6421,29904.943
2025,3,6422,16215.074
2025,3,6423,21487.13
2025,3,6424,24364.004
2025,3,6425,18737.275
2025,3,6426,19289.229
2025,3,6427,37995.492
2025,3,6428,31142.436
2025,3,6429,22170.926
2025,3,6430,21358.688
2025,3,6431,42221.37
2025,3,6432,36866.016
2025,3,6433,29948.336
2025,3,6434,11638.693
2025,3,6435,26703.91
2025,3,6436,23113.088
2025,3,6437,20309.17
2025,3,6438,38788.09
2025,3,6439,11798.485
2025,3,6440,21540.334
2025,3,6441,16505.688
2025,3,6442,24665.691
2025,3,6443,20392.84
2025,3,6444,28559.992
2025,3,6445,28840.254
2025,3,6446,26790.805
2025,3,6447,31915.156
2025,3,6448,40148.227
2025,3,6449,25803.963
2025,3,6450,33585.867
2025,3,6451,18546.336
2025,3,6452,22244.383
2025,3,6453,24576.83
2025,3,6454,11441.563
2025,3,6455,11902.01
2025,3,6456,23316.404
2025,3,6457,22917.473
2025,3,6458,11996.74
2025,3,6459,33668.348
2025,3,6460,11891.193
2025,3,6461,18313.143
2025,3,6462,18742.832
2025,3,6463,15918.445
2025,3,6464,31887.76
2025,3,6465,23811.043
2025,3,6466,21344.395
2025,3,6467,26467.373
2025,3,6468,27147.924
2025,3,6469,26004.637
2025,3,6470,29410.867
2025,3,6471,17131.502
2025,3,6472,16052.42
2025,3,6473,26216.975
2025,3,6474,10846.848
2025,3,6475,16444.7
2025,3,6476,10766.522
2025,3,6477,18657.863
2025,3,6478,11936.988
2025,3,6479,28364.838
2025,3,6480,26915.604
2025,3,6481,21804.836
2025,3,6482,16120.631
2025,3,6483,22541.562
2025,3,6484,11099.342
2025,3,6485,16184.882
2025,3,6486,34154.082
2025,3,6487,15930.275
2025,3,6488,17200.834
2025,3,6489,20705.744
2025,3,6490,20851.691
2025,3,6491,23608.414
2025,3,6492,29293.604
2025,3,6493,18292.447
2025,3,6494,12849.884
2025,3,6495,16103.631
2025,3,6496,22241.73
2025,3,6497,20045.73
2025,3,6498,41277.258
2025,3,6499,27455.945
2025,3,6500,15192.328
2025,3,6501,28513.863
2025,3,6502,28902.46
2025,3,6503,20848.088
2025,3,6504,33486.344
2025,3,6505,12947.429
2025,3,6506,11885.044
2025,3,6507,24035.045
2025,3,6508,22212.88
2025,3,6509,17514.191
2025,3,6510,39261.133
2025,3,6511,18498.242
2025,3,6512,32579.027
2025,3,6513,17088.992
2025,3,6514,21105.438
2025,3,6515,18737.275
2025,3,6516,39775.53
2025,3,6517,21895.996
2025,3,6518,24956.65
2025,3,6519,14844.697
2025,3,6520,19629.033
2025,3,6521,29406.29
2025,3,6522,19211.186
2025,3,6523,25174.635
2025,3,6524,30935.455
2025,3,6525,31515.053
2025,3,6526,27815.691
2025,3,6527,37920.88
2025,3,6528,16731.135
2025,3,6529,26578.312
2025,3,6530,27494.258
2025,3,6531,34317.79
2025,3,6532,38912.72
2025,3,6533,18025.254
2025,3,6534,30563.486
2025,3,6535,33767.08
2025,3,6536,22922.717
2025,3,6537,17368.625
2025,3,6538,29044.225
2025,3,6539,37440.707
2025,3,6540,44595.824
2025,3,6541,28773.58
2025,3,6542,24442.873
2025,3,6543,34482.695
2025,3,6544,22229.4
2025,3,6545,25433.213
2025,3,6546,20882.162
2025,3,6547,35681.203
2025,3,6548,21438.836
2025,3,6549,24569.775
2025,3,6550,31835.96
2025,3,6551,27017.846
2025,3,6552,30095.332
2025,3,6553,26007.842
2025,3,6554,21358.682
2025,3,6555,41157.54
2025,3,6556,34408.535
2025,3,6557,26728.764
2025,3,6558,35914.117
2025,3,6559,30644.596
2025,3,6560,25817.393
2025,3,6561,17274.908
2025,3,6562,16984.639
2025,3,6563,26290.39
2025,3,6564,15492.837
2025,3,6565,36146.84
2025,3,6566,12456.868
2025,3,6567,20118.328
2025,3,6568,26641.975
2025,3,6569,11913.894
2025,3,6570,17267.096
2025,3,6571,15043.256
2025,3,6572,25986.43
2025,3,6573,20521.111
2025,3,6574,33369.094
2025,3,6575,12500.711
2025,3,6576,11723.768
2025,3,6577,32572.383
2025,3,6578,28907.195
2025,3,6579,16969.385
2025,3,6580,23886.059
2025,3,6581,26289.125
2025,3,6582,34424.395
2025,3,6583,15192.328
2025,3,6584,20891.729
2025,3,6585,31050.898
2025,3,6586,22259.973
2025,3,6587,25266.701
2025,3,6588,25885.42
2025,3,6589,16425.488
2025,3,6590,15905.875
2025,3,6591,23081.35
2025,3,6592,22602.758
2025,3,6593,20170.006
2025,3,6594,22618.096
2025,3,6595,17225.281
2025,3,6596,32950.113
2025,3,6597,12014.676
2025,3,6598,39820.996
2025,3,6599,26642.818
2025,3,6600,23864.354
2025,3,6601,11110.46
2025,3,6602,26795.656
2025,3,6603,33518.18
2025,3,6604,40502.32
2025,3,6605,22667.691
2025,3,6606,12471.252
2025,3,6607,29831.754
2025,3,6608,11149.711
2025,3,6609,20652.883
2025,3,6610,40609.56
2025,3,6611,25472.584
2025,3,6612,12209.149
2025,3,6613,29166.154
2025,3,6614,23273.406
2025,3,6615,12597.58
2025,3,6616,22509.969
2025,3,6617,38832.145
2025,3,6618,16591.299
2025,3,6619,29590.08
2025,3,6620,25413.29
2025,3,6621,22649.61
2025,3,6622,18600.047
2025,3,6623,26574.533
2025,3,6624,24840.63
2025,3,6625,28056.191
2025,3,6626,17638.781
2025,3,6627,12027.485
2025,3,6628,14243.415
2025,3,6629,23668.426
2025,3,6630,29563.191
2025,3,6631,16509.658
2025,3,6632,31237.21
2025,3,6633,31434.412
2025,3,6634,43188.188
2025,3,6635,26038.648
2025,3,6636,22919.508
2025,3,6637,24816.117
2025,3,6638,15695.749
2025,3,6639,30084.672
2025,3,6640,21288.055
2025,3,6641,23013.31
2025,3,6642,23323.87
2025,3,6643,25623.387
2025,3,6644,29883.982
2025,3,6645,11033.255
2025,3,6646,27229.717
2025,3,6647,21404.336
2025,3,6648,15626.031
2025,3,6649,28620.477
2025,3,6650,34592.668
2025,3,6651,37432.1
2025,3,6652,22681.643
2025,3,6653,25149.281
2025,3,6654,22682.453
2025,3,6655,17827.266
2025,3,6656,28815.277
2025,3,6657,11038.595
2025,3,6658,21410.617
2025,3,6659,21873.701
2025,3,6660,22130.16
2025,3,6661,17387.207
2025,3,6662,26496.188
2025,3,6663,15832.061
2025,3,6664,34651.97
2025,3,6665,27116.725
2025,3,6666,35703.76
2025,3,6667,18586.342
2025,3,6668,26753.566
2025,3,6669,25278.174
2025,3,6670,19766.86
2025,3,6671,27605.432
2025,3,6672,25168.885
2025,3,6673,28289.205
2025,3,6674,15571.314
2025,3,6675,22635.848
2025,3,6676,29211.408
2025,3,6677,11530.45
2025,3,6678,22044.195
2025,3,6679,22905.232
2025,3,6680,15690.925
2025,3,6681,26970.137
2025,3,6682,29049.947
2025,3,6683,20264.082
2025,3,6684,24795.875
2025,3,6685,17540.143
2025,3,6686,22244.766
2025,3,6687,27100.85
2025,3,6688,22692.107
2025,3,6689,22135.762
2025,3,6690,10753.931
2025,3,6691,21477.273
2025,3,6692,11009.311
2025,3,6693,21030.656
2025,3,6694,25939.201
2025,3,6695,11537.743
2025,3,6696,12108.019
2025,3,6697,15651.129
2025,3,6698,24166.025
2025,3,6699,11864.443
2025,3,6700,13026.162
2025,3,6701,18565.783
2025,3,6702,11400.052
2025,3,6703,17571.752
2025,3,6704,21738.264
2025,3,6705,31267.709
2025,3,6706,25146.547
2025,3,6707,17375.756
2025,3,6708,38467.047
2025,3,6709,27644.137
2025,3,6710,12301.813
2025,3,6711,12355.938
2025,3,6712,24311.121
2025,3,6713,24702.746
2025,3,6714,24295.809
2025,3,6715,24565.266
2025,3,6716,23650.812
2025,3,6717,29302.926
2025,3,6718,12167.277
2025,3,6719,17365.662
2025,3,6720,18316.244
2025,3,6721,15764.838
2025,3,6722,39101.824
2025,3,6723,16698.615
2025,3,6724,29814.115
2025,3,6725,12897.662
2025,3,6726,27620.455
2025,3,6727,23685.715
2025,3,6728,19409.877
2025,3,6729,15055.1
2025,3,6730,39620.516
2025,3,6731,16291.656
2025,3,6732,21271.346
2025,3,6733,26447.234
2025,3,6734,21694.037
2025,3,6735,15330.831
2025,3,6736,21218.682
2025,3,6737,11704.894
2025,3,6738,27850.197
2025,3,6739,18212.926
2025,3,6740,30056.36
2025,3,6741,21995.863
2025,3,6742,26453.283
2025,3,6743,33805.605
2025,3,6744,22375.107
2025,3,6745,30203.54
2025,3,6746,35584.703
2025,3,6747,22356.46
2025,3,6748,31951.537
2025,3,6749,19231.205
2025,3,6750,13147.091
2025,3,6751,11273.593
2025,3,6752,37671.293
2025,3,6753,13510.678
2025,3,6754,16742.926
2025,3,6755,43074.812
2025,3,6756,12017.32
2025,3,6757,16101.071
2025,3,6758,39655.066
2025,3,6759,23989.436
2025,3,6760,27158.896
2025,3,6761,28054.814
2025,3,6762,32968.707
2025,3,6763,32124.746
2025,3,6764,23833.766
2025,3,6765,20548.916
2025,3,6766,23623.695
2025,3,6767,22134.16
2025,3,6768,22416.182
2025,3,6769,30354.348
2025,3,6770,17877.885
2025,3,6771,35367.363
2025,3,6772,12030.15
2025,3,6773,14539.011
2025,3,6774,25052.734
2025,3,6775,19355.146
2025,3,6776,21788.668
2025,3,6777,21929.629
2025,3,6778,55192.332
2025,3,6779,39329.74
2025,3,6780,11852.675
2025,3,6781,20059.625
2025,3,6782,25686.146
2025,3,6783,32171.76
2025,3,6784,27883.734
2025,3,6785,22051.436
2025,3,6786,14542.784
2025,3,6787,26146.154
2025,3,6788,22787.287
2025,3,6789,36081.707
2025,3,6790,33765.07
2025,3,6791,23216.926
2025,3,6792,37925.957
2025,3,6793,28207.557
2025,3,6794,33580.83
2025,3,6795,24877.252
2025,3,6796,26691.129
2025,3,6797,20447.637
2025,3,6798,34389.375
2025,3,6799,15925.143
2025,3,6800,21773.742
2025,3,6801,37784.375
2025,3,6802,16314.444
2025,3,6803,36673.043
2025,3,6804,12354.493
2025,3,6805,35597.293
2025,3,6806,19528.488
2025,3,6807,18727.654
2025,3,6808,26921.729
2025,3,6809,24410.643
2025,3,6810,21885.281
2025,3,6811,28803.979
2025,3,6812,23132.305
2025,3,6813,23654.434
2025,3,6814,20974.041
2025,3,6815,20078.79
2025,3,6816,26999.168
2025,3,6817,24278.387
2025,3,6818,18595.625
2025,3,6819,11394.333
2025,3,6820,20462.74
2025,3,6821,33897.277
2025,3,6822,21157.295
2025,3,6823,15412.241
2025,3,6824,20002.873
2025,3,6825,15720.185
2025,3,6826,24397.104
2025,3,6827,43569.17
2025,3,6828,21061.406
2025,3,6829,23608.094
2025,3,6830,26101.164
2025,3,6831,24616.336
2025,3,6832,23746.64
2025,3,6833,34040.367
2025,3,6834,27350.416
2025,3,6835,33396.766
2025,3,6836,20675.916
2025,3,6837,24934.846
2025,3,6838,10557.158
2025,3,6839,34828.355
2025,3,6840,11486.204
2025,3,6841,20534.37
2025,3,6842,11830.475
2025,3,6843,21428.416
2025,3,6844,28263.29
2025,3,6845,11592.343
2025,3,6846,12205.274
2025,3,6847,22681.256
2025,3,6848,20050.254
2025,3,6849,16014.954
2025,3,6850,17763.246
2025,3,6851,22930.637
2025,3,6852,24224.668
2025,3,6853,14251.252
2025,3,6854,21163.467
2025,3,6855,19486.762
2025,3,6856,11174.358
2025,3,6857,25054.727
2025,3,6858,15589.906
2025,3,6859,15783.775
2025,3,6860,15185.232
2025,3,6861,21795.768
2025,3,6862,23143.646
2025,3,6863,29031.178
2025,3,6864,31842.975
2025,3,6865,26961.7
2025,3,6866,26854.033
2025,3,6867,26648.559
2025,3,6868,17461.059
2025,3,6869,34357.652
2025,3,6870,21608.943
2025,3,6871,21555.895
2025,3,6872,20944.727
2025,3,6873,28733.139
2025,3,6874,11841.529
2025,3,6875,20785.535
2025,3,6876,20623.422
2025,3,6877,24178.156
2025,3,6878,27057.256
2025,3,6879,20408.713
2025,3,6880,28727.076
2025,3,6881,23246.887
2025,3,6882,20136.316
2025,3,6883,32710.889
2025,3,6884,32959.688
2025,3,6885,26283.76
2025,3,6886,15632.588
2025,3,6887,16416.762
2025,3,6888,15843.906
2025,3,6889,17603.73
2025,3,6890,29982.943
2025,3,6891,28791.957
2025,3,6892,27172.504
2025,3,6893,28737.834
2025,3,6894,18215.004
2025,3,6895,19565.818
2025,3,6896,23000.625
2025,3,6897,25071.602
2025,3,6898,23073.082
2025,3,6899,16240.027
2025,3,6900,22074.318
2025,3,6901,26106.627
2025,3,6902,16542.154
2025,3,6903,29771.37
2025,3,6904,21760.63
2025,3,6905,22420.547
2025,3,6906,19106.805
2025,3,6907,15701.689
2025,3,6908,26710.197
2025,3,6909,21393.627
2025,3,6910,19687.848
2025,3,6911,31361.912
2025,3,6912,21885.688
2025,3,6913,31138.752
2025,3,6914,19425.21
2025,3,6915,30282.553
2025,3,6916,24594.445
2025,3,6917,17092.73
2025,3,6918,16629.965
2025,3,6919,22803.762
2025,3,6920,24829.457
2025,3,6921,20249.734
2025,3,6922,22328.715
2025,3,6923,18743.27
2025,3,6924,11988.05
2025,3,6925,11196.512
2025,3,6926,55331.133
2025,3,6927,17597.057
2025,3,6928,40323.473
2025,3,6929,15833.129
2025,3,6930,16406.49
2025,3,6931,38944.902
2025,3,6932,23530.727
2025,3,6933,24326.275
2025,3,6934,46057.453
2025,3,6935,27699.1
2025,3,6936,25954.896
2025,3,6937,21856.629
2025,3,6938,15155.8
2025,3,6939,21628.9
2025,3,6940,19307.842
2025,3,6941,26373.904
2025,3,6942,21709.473
2025,3,6943,33040.227
2025,3,6944,16474.59
2025,3,6945,35562.723
2025,3,6946,22936.084
2025,3,6947,20099.205
2025,3,6948,27297.986
2025,3,6949,21825.707
2025,3,6950,25158.416
2025,3,6951,22520.854
2025,3,6952,30510.22
2025,3,6953,15675.967
2025,3,6954,25881.72
2025,3,6955,43164.594
2025,3,6956,38590.047
2025,3,6957,15209.037
2025,3,6958,27050.258
2025,3,6959,21593.793
2025,3,6960,18299.615
2025,3,6961,13612.568
2025,3,6962,32496.852
2025,3,6963,28042.621
2025,3,6964,23428.947
2025,3,6965,22406.3
2025,3,6966,36459.613
2025,3,6967,37344.18
2025,3,6968,31708.533
2025,3,6969,21131.91
2025,3,6970,31023.102
2025,3,6971,42196.523
2025,3,6972,11365.391
2025,3,6973,44543.68
2025,3,6974,24064.088
2025,3,6975,46327.184
2025,3,6976,22916.89
2025,3,6977,23829.775
2025,3,6978,20433.645
2025,3,6979,11027.683
2025,3,6980,39830.004
2025,3,6981,28794.113
2025,3,6982,16581.234
2025,3,6983,32706.55
2025,3,6984,31371.727
2025,3,6985,39984.734
2025,3,6986,28233.545
2025,3,6987,33325.152
2025,3,6988,17258.578
2025,3,6989,11414.829
2025,3,6990,16296.605
2025,3,6991,23963.943
2025,3,6992,19573.086
2025,3,6993,11484.472
2025,3,6994,29744.295
2025,3,6995,34419.867
2025,3,6996,12044.978
2025,3,6997,25663.42
2025,3,6998,27718.451
2025,3,6999,25339.707
2025,3,7000,28571.953
2025,3,7001,31727.818
2025,3,7002,23057.754
2025,3,7003,21292.387
2025,3,7004,15512.59
2025,3,7005,15112.704
2025,3,7006,13270.661
2025,3,7007,32421.447
2025,3,7008,26286.18
2025,3,7009,31583.041
2025,3,7010,28560.07
2025,3,7011,11689.766
2025,3,7012,31874.664
2025,3,7013,30194.234
2025,3,7014,32914.934
2025,3,7015,26216.545
2025,3,7016,25757.682
2025,3,7017,28450.43
2025,3,7018,31166.242
2025,3,7019,28114.367
2025,3,7020,25752.348
2025,3,7021,23162.02
2025,3,7022,31545.666
2025,3,7023,21308.723
2025,3,7024,28120.338
2025,3,7025,30519.018
2025,3,7026,29077.135
2025,3,7027,31029.578
2025,3,7028,22607.283
2025,3,7029,31024.309
2025,3,7030,21837.879
2025,3,7031,31045.479
2025,3,7032,13337.391
2025,3,7033,25956.135
2025,3,7034,21950.908
2025,3,7035,25581.697
2025,3,7036,22110.865
2025,3,7037,29949.703
2025,3,7038,20554.281
2025,3,7039,28711.693
2025,3,7040,36966.496
2025,3,7041,18038.904
2025,3,7042,23979.629
2025,3,7043,27471.953
2025,3,7044,16846.605
2025,3,7045,10916.348
2025,3,7046,23132.633
2025,3,7047,23690.16
2025,3,7048,24070.557
2025,3,7049,26119.785
2025,3,7050,43235.293
2025,3,7051,14889.348
2025,3,7052,31587.1
2025,3,7053,17677.115
2025,3,7054,21802.38
2025,3,7055,23141.479
2025,3,7056,18691.78
2025,3,7057,27570.658
2025,3,7058,35687.387
2025,3,7059,17352.713
2025,3,7060,15063.038
2025,3,7061,17494.686
2025,3,7062,11732.538
2025,3,7063,24113.277
2025,3,7064,31037.314
2025,3,7065,23647.658
2025,3,7066,11426.006
2025,3,7067,12871.291
2025,3,7068,24107.705
2025,3,7069,35537.227
2025,3,7070,23899.969
2025,3,7071,30771.09
2025,3,7072,29021.307
2025,3,7073,17657.65
2025,3,7074,11410.796
2025,3,7075,16703.414
2025,3,7076,20099.268
2025,3,7077,16602.12
2025,3,7078,26935.078
2025,3,7079,36119.31
2025,3,7080,28979.756
2025,3,7081,27075.906
2025,3,7082,15645.813
2025,3,7083,34241.785
2025,3,7084,16516.932
2025,3,7085,24749.1
2025,3,7086,25384.555
2025,3,7087,17035.045
2025,3,7088,18976.057
2025,3,7089,11866.009
2025,3,7090,27331.48
2025,3,7091,31500.191
2025,3,7092,23762.021
2025,3,7093,27241.016
2025,3,7094,14780.603
2025,3,7095,41751.34
2025,3,7096,54129.05
2025,3,7097,24572.24
2025,3,7098,15985.034
2025,3,7099,25650.143
2025,3,7100,26682.84
2025,3,7101,21499.486
2025,3,7102,24501.826
2025,3,7103,18072.219
2025,3,7104,19560.955
2025,3,7105,30581.512
2025,3,7106,34251.94
2025,3,7107,22856.316
2025,3,7108,25958.035
2025,3,7109,22922.637
2025,3,7110,23732.602
2025,3,7111,26410.424
2025,3,7112,17211.082
2025,3,7113,12224.157
2025,3,7114,37055.633
2025,3,7115,38317.484
2025,3,7116,21536.791
2025,3,7117,25773.541
2025,3,7118,32784.22
2025,3,7119,40430.105
2025,3,7120,17705.607
2025,3,7121,38600.863
2025,3,7122,12041.198
2025,3,7123,20758.408
2025,3,7124,16219.688
2025,3,7125,18122.48
2025,3,7126,32137.81
2025,3,7127,35720.707
2025,3,7128,11830.475
2025,3,7129,19918.338
2025,3,7130,25966.604
2025,3,7131,15704.647
2025,3,7132,28005.885
2025,3,7133,19938.486
2025,3,7134,19566.469
2025,3,7135,28554.098
2025,3,7136,20099.268
2025,3,7137,18620.9
2025,3,7138,37376.04
2025,3,7139,37333.11
2025,3,7140,40336.914
2025,3,7141,10950.02
2025,3,7142,26908.959
2025,3,7143,16651.98
2025,3,7144,22871.494
2025,3,7145,16713.307
2025,3,7146,35141.86
2025,3,7147,15302.462
2025,3,7148,31529.096
2025,3,7149,27465.889
2025,3,7150,14309.408
2025,3,7151,17274.883
2025,3,7152,20358.172
2025,3,7153,23211.201
2025,3,7154,37162.785
2025,3,7155,34551.266
2025,3,7156,23233.607
2025,3,7157,37265.336
2025,3,7158,28456.736
2025,3,7159,29684.95
2025,3,7160,25284.54
2025,3,7161,22303.74
2025,3,7162,25015.309
2025,3,7163,22617.557
2025,3,7164,31137.242
2025,3,7165,31366.377
2025,3,7166,37151.89
2025,3,7167,11709.791
2025,3,7168,16683.088
2025,3,7169,28053.8
2025,3,7170,26430.64
2025,3,7171,27137.99
2025,3,7172,18001.227
2025,3,7173,29234.047
2025,3,7174,22491.334
2025,3,7175,23815.062
2025,3,7176,31975.17
2025,3,7177,21116.967
2025,3,7178,16156.64
2025,3,7179,15673.185
2025,3,7180,29953.871
2025,3,7181,23773.32
2025,3,7182,15625.934
2025,3,7183,13908.502
2025,3,7184,20434.492
2025,3,7185,12448.603
2025,3,7186,21733.213
2025,3,7187,24837.312
2025,3,7188,25740.078
2025,3,7189,25813.11
2025,3,7190,28155.963
2025,3,7191,32455.02
2025,3,7192,15301.852
2025,3,7193,27020.236
2025,3,7194,15496.696
2025,3,7195,31866.139
2025,3,7196,25564.045
2025,3,7197,31425.777
2025,3,7198,22511.574
2025,3,7199,22741.16
2025,3,7200,19649.906
2025,3,7201,38075.58
2025,3,7202,20472.512
2025,3,7203,41179.836
2025,3,7204,25136.111
2025,3,7205,11193.273
2025,3,7206,16796.602
2025,3,7207,24146.717
2025,3,7208,17002.348
2025,3,7209,28509.604
2025,3,7210,17150.871
2025,3,7211,24418.146
2025,3,7212,30138.035
2025,3,7213,29477.82
2025,3,7214,30415.1
2025,3,7215,18814.39
2025,3,7216,21787.324
2025,3,7217,53466.94
2025,3,7218,31577.334
2025,3,7219,38222.316
2025,3,7220,26141.674
2025,3,7221,17748.994
2025,3,7222,30570.402
2025,3,7223,32419.178
2025,3,7224,16422.418
2025,3,7225,25785.045
2025,3,7226,30593.443
2025,3,7227,20419.283
2025,3,7228,35650.855
2025,3,7229,25024.332
2025,3,7230,22456.56
2025,3,7231,20032.004
2025,3,7232,19742.922
2025,3,7233,19949.484
2025,3,7234,31323.984
2025,3,7235,19957.148
2025,3,7236,22796.453
2025,3,7237,38767.51
2025,3,7238,24466.145
2025,3,7239,23596.422
2025,3,7240,23631.486
2025,3,7241,25389.703
2025,3,7242,31331.943
2025,3,7243,33906.4
2025,3,7244,23136.584
2025,3,7245,23251.955
2025,3,7246,25670.36
2025,3,7247,13872.993
2025,3,7248,23172.162
2025,3,7249,26822.074
2025,3,7250,20481.629
2025,3,7251,25915.969
2025,3,7252,22609.668
2025,3,7253,25449.402
2025,3,7254,24339.078
2025,3,7255,16552.537
2025,3,7256,13669.246
2025,3,7257,17405.566
2025,3,7258,11557.039
2025,3,7259,25897.223
2025,3,7260,16026.318
2025,3,7261,29921.834
2025,3,7262,13885.734
2025,3,7263,26373.656
2025,3,7264,33621.094
2025,3,7265,19378.342
2025,3,7266,13714.117
2025,3,7267,11817.669
2025,3,7268,20503.521
2025,3,7269,38057.61
2025,3,7270,26366.764
2025,3,7271,18150.227
2025,3,7272,30838.172
2025,3,7273,31234.725
2025,3,7274,21630.994
2025,3,7275,29682.668
2025,3,7276,13056.212
2025,3,7277,13025.493
2025,3,7278,29688.75
2025,3,7279,11488.222
2025,3,7280,20908.234
2025,3,7281,22130.225
2025,3,7282,26762.982
2025,3,7283,18115.355
2025,3,7284,27285.127
2025,3,7285,23348.596
2025,3,7286,16516.486
2025,3,7287,13512.077
2025,3,7288,25844.467
2025,3,7289,46606.184
2025,3,7290,36315.312
2025,3,7291,12631.031
2025,3,7292,16240.626
2025,3,7293,25996.393
2025,3,7294,20082.57
2025,3,7295,15615.393
2025,3,7296,24842.852
2025,3,7297,11362.226
2025,3,7298,23327.959
2025,3,7299,13007.3955
2025,3,7300,12559.918
2025,3,7301,22469.559
2025,3,7302,21132.645
2025,3,7303,22295.564
2025,3,7304,31683.58
2025,3,7305,26070.51
2025,3,7306,34010.133
2025,3,7307,33710.99
2025,3,7308,27505.973
2025,3,7309,30103.74
2025,3,7310,33080.945
2025,3,7311,29567.791
2025,3,7312,16229.662
2025,3,7313,28752.271
2025,3,7314,11883.151
2025,3,7315,27668.455
2025,3,7316,18437.197
2025,3,7317,17879.576
2025,3,7318,28505.787
2025,3,7319,28915.537
2025,3,7320,15449.502
2025,3,7321,11689.766
2025,3,7322,20282.951
2025,3,7323,24666.113
2025,3,7324,22378.986
2025,3,7325,23516.084
2025,3,7326,24428.963
2025,3,7327,21643.137
2025,3,7328,21195.562
2025,3,7329,26392.371
2025,3,7330,15884.598
2025,3,7331,27885.152
2025,3,7332,23540.521
2025,3,7333,24598.654
2025,3,7334,35212.74
2025,3,7335,30915.004
2025,3,7336,24422.227
2025,3,7337,16640.223
2025,3,7338,17572.03
2025,3,7339,23518.209
2025,3,7340,35319.26
2025,3,7341,17956.195
2025,3,7342,33747.895
2025,3,7343,20480.648
2025,3,7344,35556.133
2025,3,7345,25549.848
2025,3,7346,19874.654
2025,3,7347,16905.586
2025,3,7348,27698.24
2025,3,7349,15626.031
2025,3,7350,26159.07
2025,3,7351,22245.547
2025,3,7352,18780.623
2025,3,7353,13189.837
2025,3,7354,18380.787
2025,3,7355,30964.137
2025,3,7356,12186.129
2025,3,7357,20350.848
2025,3,7358,29563.16
2025,3,7359,18147.238
2025,3,7360,26050.363
2025,3,7361,33879.71
2025,3,7362,21437.72
2025,3,7363,31567.799
2025,3,7364,24275.434
2025,3,7365,22033.998
2025,3,7366,44965.62
2025,3,7367,30360.064
2025,3,7368,11778.934
2025,3,7369,25143.404
2025,3,7370,25067.236
2025,3,7371,25590.79
2025,3,7372,26085.977
2025,3,7373,26309.324
2025,3,7374,41799.41
2025,3,7375,22389.203
2025,3,7376,19475.246
2025,3,7377,36136.684
2025,3,7378,28228.771
2025,3,7379,28164.836
2025,3,7380,16067.486
2025,3,7381,15829.945
2025,3,7382,18947.73
2025,3,7383,12108.313
2025,3,7384,12115.977
2025,3,7385,28747.576
2025,3,7386,25649.312
2025,3,7387,18844.082
2025,3,7388,29158.734
2025,3,7389,20496.918
2025,3,7390,22685.477
2025,3,7391,20340.795
2025,3,7392,17776.951
2025,3,7393,21143.818
2025,3,7394,24850.424
2025,3,7395,51536.562
2025,3,7396,22830.816
2025,3,7397,12017.32
2025,3,7398,27023.969
2025,3,7399,38407.26
2025,3,7400,24671.555
2025,3,7401,33118.16
2025,3,7402,22080.975
2025,3,7403,26322.613
2025,3,7404,31626.13
2025,3,7405,30723.506
2025,3,7406,30940.057
2025,3,7407,24467.764
2025,3,7408,26774.521
2025,3,7409,26777.355
2025,3,7410,18468.562
2025,3,7411,22387.771
2025,3,7412,12353.516
2025,3,7413,26145.576
2025,3,7414,16351.955
2025,3,7415,19002.654
2025,3,7416,20779.734
2025,3,7417,24246.684
2025,3,7418,28068.48
2025,3,7419,18681.945
2025,3,7420,13721.78
2025,3,7421,34176.094
2025,3,7422,15241.64
2025,3,7423,21423.096
2025,3,7424,16998.672
2025,3,7425,29480.316
2025,3,7426,12322.558
2025,3,7427,25663.578
2025,3,7428,20790.64
2025,3,7429,27025.26
2025,3,7430,30267.775
2025,3,7431,12692.934
2025,3,7432,26464.309
2025,3,7433,11985.288
2025,3,7434,29892.617
2025,3,7435,24498.266
2025,3,7436,21033.797
2025,3,7437,21517.775
2025,3,7438,41280.04
2025,3,7439,27584.816
2025,3,7440,19268.201
2025,3,7441,17745.246
2025,3,7442,26092.357
2025,3,7443,32649.947
2025,3,7444,21750.32
2025,3,7445,23296.508
2025,3,7446,22657.17
2025,3,7447,27098.586
2025,3,7448,24466.824
2025,3,7449,30487.566
2025,3,7450,26028.84
2025,3,7451,25438.219
2025,3,7452,33671.23
2025,3,7453,35325.06
2025,3,7454,22186.15
2025,3,7455,19679.537
2025,3,7456,20434.623
2025,3,7457,33087.168
2025,3,7458,21143.664
2025,3,7459,20446.37
2025,3,7460,28593.195
2025,3,7461,22770.22
2025,3,7462,27051.924
2025,3,7463,22841.146
2025,3,7464,12692.934
2025,3,7465,26157.71
2025,3,7466,22286.492
2025,3,7467,22320.102
2025,3,7468,23196.086
2025,3,7469,32447.668
2025,3,7470,12427.036
2025,3,7471,22709.842
2025,3,7472,15941.319
2025,3,7473,16711.707
2025,3,7474,11910.387
2025,3,7475,17254.623
2025,3,7476,34351.543
2025,3,7477,18958.488
2025,3,7478,26912.4
2025,3,7479,25427.273
2025,3,7480,27612.014
2025,3,7481,22839.14
2025,3,7482,13096.794
2025,3,7483,25827.293
2025,3,7484,27577.86
2025,3,7485,13395.137
2025,3,7486,24982.488
2025,3,7487,34295.76
2025,3,7488,26597.54
2025,3,7489,20099.268
2025,3,7490,19278.387
2025,3,7491,23409.117
2025,3,7492,24551.736
2025,3,7493,21597.916
2025,3,7494,19431.414
2025,3,7495,14619.352
2025,3,7496,18869.266
2025,3,7497,25037.28
2025,3,7498,29848.203
2025,3,7499,22962.975
2025,3,7500,23369.6
2025,3,7501,18061.434
2025,3,7502,13629.607
2025,3,7503,17972.281
2025,3,7504,25729.838
2025,3,7505,16460.506
2025,3,7506,11157.781
2025,3,7507,27126.332
2025,3,7508,13482.846
2025,3,7509,24733.3
2025,3,7510,24554.455
2025,3,7511,23761.787
2025,3,7512,19908.875
2025,3,7513,24732.326
2025,3,7514,22785.281
2025,3,7515,28627.1
2025,3,7516,27273.406
2025,3,7517,24586.566
2025,3,7518,27535.102
2025,3,7519,26593.123
2025,3,7520,29971.217
2025,3,7521,26640.273
2025,3,7522,24613.717
2025,3,7523,24499.725
2025,3,7524,20338.053
2025,3,7525,36242.81
2025,3,7526,39255.16
2025,3,7527,19389.523
2025,3,7528,28508.926
2025,3,7529,20178.738
2025,3,7530,29981.795
2025,3,7531,32639.031
2025,3,7532,23826.268
2025,3,7533,11959.153
2025,3,7534,33001.836
2025,3,7535,16604.81
2025,3,7536,23201.861
2025,3,7537,19047.734
2025,3,7538,21491.266
2025,3,7539,37965.21
2025,3,7540,21847.139
2025,3,7541,18672.275
2025,3,7542,35635.08
2025,3,7543,17015.734
2025,3,7544,11892.5625
2025,3,7545,25232.559
2025,3,7546,25000.26
2025,3,7547,22500.205
2025,3,7548,16089.781
2025,3,7549,15236.415
2025,3,7550,25087.316
2025,3,7551,16996.562
2025,3,7552,18545.965
2025,3,7553,22366.588
2025,3,7554,21719.387
2025,3,7555,27121.965
2025,3,7556,24393.781
2025,3,7557,16755.514
2025,3,7558,13407.908
2025,3,7559,31129.648
2025,3,7560,16164.744
2025,3,7561,26942.95
2025,3,7562,16580.633
2025,3,7563,24536.059
2025,3,7564,31864.432
2025,3,7565,22931.86
2025,3,7566,13253.122
2025,3,7567,13511.085
2025,3,7568,22991.879
2025,3,7569,29450.51
2025,3,7570,20906.262
2025,3,7571,20853.771
2025,3,7572,22507.102
2025,3,7573,32583.758
2025,3,7574,23646.195
2025,3,7575,35485.73
2025,3,7576,17349.482
2025,3,7577,20631.541
2025,3,7578,26917.182
2025,3,7579,15771.279
2025,3,7580,17665.87
2025,3,7581,31733.244
2025,3,7582,16537.27
2025,3,7583,16504.223
2025,3,7584,38075.164
2025,3,7585,16029.101
2025,3,7586,26007.244
2025,3,7587,12709.162
2025,3,7588,23415.441
2025,3,7589,16714.268
2025,3,7590,11819.376
2025,3,7591,12529.354
2025,3,7592,29652.238
2025,3,7593,18456.469
2025,3,7594,13830.893
2025,3,7595,12366.17
2025,3,7596,11795.583
2025,3,7597,17440.889
2025,3,7598,19189.428
2025,3,7599,12488.123
2025,3,7600,18639.781
2025,3,7601,26563.307
2025,3,7602,31216.375
2025,3,7603,25748.803
2025,3,7604,19801.398
2025,3,7605,18945.992
2025,3,7606,21831.205
2025,3,7607,16813.293
2025,3,7608,15603.771
2025,3,7609,25891.533
2025,3,7610,26283.02
2025,3,7611,19428.87
2025,3,7612,13377.833
2025,3,7613,28821.105
2025,3,7614,11634.006
2025,3,7615,20351.518
2025,3,7616,22427.793
2025,3,7617,25253.8
2025,3,7618,12401.558
2025,3,7619,21195.36
2025,3,7620,23592.727
2025,3,7621,35986.586
2025,3,7622,24750.6
2025,3,7623,32203.428
2025,3,7624,20198.703
2025,3,7625,11819.376
2025,3,7626,14791.009
2025,3,7627,20760.006
2025,3,7628,23094.863
2025,3,7629,15192.328
2025,3,7630,16850.42
2025,3,7631,20119.607
2025,3,7632,13415.789
2025,3,7633,19884.95
2025,3,7634,27120.656
2025,3,7635,24443.652
2025,3,7636,16572.877
2025,3,7637,23388.67
2025,3,7638,34634.504
2025,3,7639,22981.936
2025,3,7640,24761.926
2025,3,7641,21224.691
2025,3,7642,25690.842
2025,3,7643,18886.113
2025,3,7644,25024.672
2025,3,7645,28136.066
2025,3,7646,22268.441
2025,3,7647,21175.932
2025,3,7648,16516.986
2025,3,7649,23560.139
2025,3,7650,29892.264
2025,3,7651,23259.1
2025,3,7652,16371.913
2025,3,7653,30167.89
2025,3,7654,22729.527
2025,3,7655,19718.42
2025,3,7656,16939.902
2025,3,7657,31530.93
2025,3,7658,24763.447
2025,3,7659,16616.365
2025,3,7660,21472.32
2025,3,7661,26054.08
2025,3,7662,19868.725
2025,3,7663,30317.053
2025,3,7664,26243.84
2025,3,7665,20025.637
2025,3,7666,25467.105
2025,3,7667,23071.281
2025,3,7668,28174.12
2025,3,7669,11583.298
2025,3,7670,12083.835
2025,3,7671,22851.365
2025,3,7672,25163.93
2025,3,7673,13159.409
2025,3,7674,21644.186
2025,3,7675,34082.69
2025,3,7676,19632.03
2025,3,7677,16686.822
2025,3,7678,29363.762
2025,3,7679,14927.895
2025,3,7680,17690.053
2025,3,7681,27929.36
2025,3,7682,23432.133
2025,3,7683,28227.873
2025,3,7684,26257.24
2025,3,7685,12008.867
2025,3,7686,31395.309
2025,3,7687,13391.604
2025,3,7688,34821.523
2025,3,7689,18581.518
2025,3,7690,22219.53
2025,3,7691,17334.213
2025,3,7692,14548.662
2025,3,7693,29565.43
2025,3,7694,13064.095
2025,3,7695,15832.095
2025,3,7696,18866.896
2025,3,7697,17902.926
2025,3,7698,24305.562
2025,3,7699,23631.213
2025,3,7700,21062.945
2025,3,7701,13126.906
2025,3,7702,28172.041
2025,3,7703,14380.33
2025,3,7704,23895.61
2025,3,7705,19527.244
2025,3,7706,17493.236
2025,3,7707,20259.752
2025,3,7708,29474.756
2025,3,7709,22462.84
2025,3,7710,12404.035
2025,3,7711,38125.535
2025,3,7712,36892.246
2025,3,7713,22409.59
2025,3,7714,26846.742
2025,3,7715,23740.85
2025,3,7716,28488.65
2025,3,7717,16731.91
2025,3,7718,11819.376
2025,3,7719,17809.674
2025,3,7720,29276.932
2025,3,7721,11174.283
2025,3,7722,24529.328
2025,3,7723,23106.492
2025,3,7724,26052.777
2025,3,7725,18862.775
2025,3,7726,40958.227
2025,3,7727,32923.406
2025,3,7728,22188.945
2025,3,7729,22641.299
2025,3,7730,18101.898
2025,3,7731,13689.838
2025,3,7732,17078.707
2025,3,7733,33004.633
2025,3,7734,16582.795
2025,3,7735,15071.027
2025,3,7736,35027.008
2025,3,7737,11890.302
2025,3,7738,19697.23
2025,3,7739,11070.582
2025,3,7740,22131.209
2025,3,7741,19950.373
2025,3,7742,27083.7
2025,3,7743,26456.203
2025,3,7744,24210.734
2025,3,7745,29421.186
2025,3,7746,22445.943
2025,3,7747,28058.598
2025,3,7748,31793.65
2025,3,7749,26144.094
2025,3,7750,26779.133
2025,3,7751,20295.266
2025,3,7752,12277.697
2025,3,7753,18808.805
2025,3,7754,15567.628
2025,3,7755,26120.096
2025,3,7756,19019.646
2025,3,7757,28550.912
2025,3,7758,28797.16
2025,3,7759,22222.564
2025,3,7760,23788.549
2025,3,7761,23271.83
2025,3,7762,24784.838
2025,3,7763,16463.393
2025,3,7764,12011.744
2025,3,7765,27417.582
2025,3,7766,18043.78
2025,3,7767,31859.045
2025,3,7768,20365.975
2025,3,7769,27517.645
2025,3,7770,34705.01
2025,3,7771,10705.561
2025,3,7772,16684.203
2025,3,7773,13669.246
2025,3,7774,15206.805
2025,3,7775,25992.256
2025,3,7776,31663.412
2025,3,7777,15689.957
2025,3,7778,12152.657
2025,3,7779,13822.811
2025,3,7780,13476.831
2025,3,7781,19345.016
2025,3,7782,24278.605
2025,3,7783,35931.52
2025,3,7784,25788.838
2025,3,7785,24922.982
2025,3,7786,37125.176
2025,3,7787,18304.186
2025,3,7788,29779.941
2025,3,7789,32882.74
2025,3,7790,27838.402
2025,3,7791,26100.844
2025,3,7792,20625.904
2025,3,7793,16785.137
2025,3,7794,22072.385
2025,3,7795,21069.67
2025,3,7796,27065.855
2025,3,7797,30263.584
2025,3,7798,37999.14
2025,3,7799,17818.56
2025,3,7800,31469.7
2025,3,7801,23558.318
2025,3,7802,30475.098
2025,3,7803,16917.436
2025,3,7804,29521.121
2025,3,7805,11791.845
2025,3,7806,28996.34
2025,3,7807,28644.121
2025,3,7808,11366.32
2025,3,7809,33081.688
2025,3,7810,18351.018
2025,3,7811,18095.293
2025,3,7812,18537.986
2025,3,7813,17292.697
2025,3,7814,26490.12
2025,3,7815,11488.744
2025,3,7816,17688.496
2025,3,7817,31529.96
2025,3,7818,11746.918
2025,3,7819,28486.04
2025,3,7820,28381.258
2025,3,7821,24645.506
2025,3,7822,16784.982
2025,3,7823,23133.275
2025,3,7824,24319.006
2025,3,7825,17696.438
2025,3,7826,26155.348
2025,3,7827,38594.586
2025,3,7828,15138.79
2025,3,7829,16961.375
2025,3,7830,24411.629
2025,3,7831,22924.5
2025,3,7832,37799.848
2025,3,7833,24163.848
2025,3,7834,17305.053
2025,3,7835,25433.383
2025,3,7836,36821.24
2025,3,7837,32371.326
2025,3,7838,18893.525
2025,3,7839,22719.855
2025,3,7840,28027.99
2025,3,7841,13322.719
2025,3,7842,27830.338
2025,3,7843,36192.684
2025,3,7844,26289.35
2025,3,7845,26988.17
2025,3,7846,26583.146
2025,3,7847,37256.79
2025,3,7848,24397.234
2025,3,7849,25698.287
2025,3,7850,34429.316
2025,3,7851,41493.04
2025,3,7852,22028.133
2025,3,7853,27676.707
2025,3,7854,25166.658
2025,3,7855,17757.584
2025,3,7856,30985.068
2025,3,7857,17923.314
2025,3,7858,40070.543
2025,3,7859,15976.209
2025,3,7860,38368.324
2025,3,7861,30219.277
2025,3,7862,35317.05
2025,3,7863,21140.867
2025,3,7864,37977.855
2025,3,7865,15750.372
2025,3,7866,27443.92
2025,3,7867,28227.045
2025,3,7868,12294.891
2025,3,7869,18350.46
2025,3,7870,30205.88
2025,3,7871,26648.154
2025,3,7872,24973.06
2025,3,7873,25996.43
2025,3,7874,35767.844
2025,3,7875,28077.291
2025,3,7876,19547.975
2025,3,7877,13479.312
2025,3,7878,24474.695
2025,3,7879,24728.3
2025,3,7880,12077.376
2025,3,7881,15345.03
2025,3,7882,25717.068
2025,3,7883,21841.928
2025,3,7884,20970.889
2025,3,7885,23638.81
2025,3,7886,30736.549
2025,3,7887,28938.98
2025,3,7888,47777.418
2025,3,7889,26021.92
2025,3,7890,19331.9
2025,3,7891,26748.547
2025,3,7892,17439.588
2025,3,7893,15859.318
2025,3,7894,15208.256
2025,3,7895,15613.779
2025,3,7896,29976.018
2025,3,7897,30951.459
2025,3,7898,24943.285
2025,3,7899,26263.295
2025,3,7900,15526.593
2025,3,7901,22540.12
2025,3,7902,27115.123
2025,3,7903,37294.04
2025,3,7904,27922.244
2025,3,7905,24675.553
2025,3,7906,11246.484
2025,3,7907,24843.736
2025,3,7908,25590.695
2025,3,7909,17162.617
2025,3,7910,40290.35
2025,3,7911,11230.609
2025,3,7912,23726.824
2025,3,7913,25169.598
2025,3,7914,24195.396
2025,3,7915,26563.059
2025,3,7916,28689.432
2025,3,7917,15039.749
2025,3,7918,15466.614
2025,3,7919,21437.58
2025,3,7920,39122.926
2025,3,7921,44632.273
2025,3,7922,16613.639
2025,3,7923,14332.645
2025,3,7924,28957.658
2025,3,7925,24881.4
2025,3,7926,22402.732
2025,3,7927,25557.562
2025,3,7928,25953.84
2025,3,7929,19444.969
2025,3,7930,22647.297
2025,3,7931,23145.773
2025,3,7932,25879.926
2025,3,7933,15626.205
2025,3,7934,18615.31
2025,3,7935,25335.447
2025,3,7936,26325.809
2025,3,7937,18331.438
2025,3,7938,21258.014
2025,3,7939,25125.867
2025,3,7940,14967.983
2025,3,7941,35925.473
2025,3,7942,11230.609
2025,3,7943,21858.938
2025,3,7944,26965.654
2025,3,7945,34951.812
2025,3,7946,12586.165
2025,3,7947,12632.124
2025,3,7948,12636.348
2025,3,7949,16587.309
2025,3,7950,28012.855
2025,3,7951,15137.138
2025,3,7952,35428.637
2025,3,7953,34180.816
2025,3,7954,28621.424
2025,3,7955,21106.934
2025,3,7956,21670.805
2025,3,7957,22017.867
2025,3,7958,39990.516
2025,3,7959,20000.873
2025,3,7960,22939.057
2025,3,7961,32866.152
2025,3,7962,26942.293
2025,3,7963,27762.121
2025,3,7964,22886.477
2025,3,7965,12178.27
2025,3,7966,29084.928
2025,3,7967,21098.252
2025,3,7968,20849.943
2025,3,7969,19069.775
2025,3,7970,37011.91
2025,3,7971,20733.217
2025,3,7972,27338.91
2025,3,7973,29333.666
2025,3,7974,21496.822
2025,3,7975,28770.424
2025,3,7976,23555.31
2025,3,7977,18402.422
2025,3,7978,23271.723
2025,3,7979,29542.652
2025,3,7980,15455.303
2025,3,7981,21970.227
2025,3,7982,17287.576
2025,3,7983,29977.486
2025,3,7984,38371.344
2025,3,7985,16877.188
2025,3,7986,23886.975
2025,3,7987,20334.578
2025,3,7988,19997.945
2025,3,7989,25634.26
2025,3,7990,16541.863
2025,3,7991,24853.656
2025,3,7992,21176.426
2025,3,7993,35730.01
2025,3,7994,24248.33
2025,3,7995,20198.703
2025,3,7996,31249.602
2025,3,7997,33063.45
2025,3,7998,27925.514
2025,3,7999,31808.53
2025,3,8000,12851.467
2025,3,8001,26609.828
2025,3,8002,41164.254
2025,3,8003,16489.748
2025,3,8004,21960.234
2025,3,8005,22262.545
2025,3,8006,14947.677
2025,3,8007,26296.385
2025,3,8008,36945.285
2025,3,8009,23495.178
2025,3,8010,20192.334
2025,3,8011,23924.63
2025,3,8012,20595.887
2025,3,8013,36266.11
2025,3,8014,35955.67
2025,3,8015,18208.73
2025,3,8016,23260.016
2025,3,8017,22267.484
2025,3,8018,17091.127
2025,3,8019,35359.984
2025,3,8020,28100.031
2025,3,8021,26257.04
2025,3,8022,18095.953
2025,3,8023,34764.65
2025,3,8024,23778.777
2025,3,8025,29912.12
2025,3,8026,30926.807
2025,3,8027,20896.244
2025,3,8028,15540.738
2025,3,8029,42568.953
2025,3,8030,27496.018
2025,3,8031,23101.188
2025,3,8032,35911.582
2025,3,8033,32027.885
2025,3,8034,21868.268
2025,3,8035,18687.623
2025,3,8036,26047.15
2025,3,8037,26795.584
2025,3,8038,33915.875
2025,3,8039,25385.012
2025,3,8040,12963.262
2025,3,8041,25156.955
2025,3,8042,39738.54
2025,3,8043,28426.816
2025,3,8044,29124.398
2025,3,8045,18296.764
2025,3,8046,28068.084
2025,3,8047,26433.797
2025,3,8048,29911.531
2025,3,8049,31819.973
2025,3,8050,11267.556
2025,3,8051,20897.553
2025,3,8052,18594.342
2025,3,8053,27904.674
2025,3,8054,22654.576
2025,3,8055,30080.379
2025,3,8056,24567.9
2025,3,8057,18616.408
2025,3,8058,13096.794
2025,3,8059,26493.092
2025,3,8060,16002.603
2025,3,8061,20435.05
2025,3,8062,23879.648
2025,3,8063,16616.365
2025,3,8064,18410.162
2025,3,8065,17437.037
2025,3,8066,16308.02
2025,3,8067,25683.906
2025,3,8068,22830.004
2025,3,8069,27394.693
2025,3,8070,17634.303
2025,3,8071,21461.875
2025,3,8072,21302.396
2025,3,8073,27547.018
2025,3,8074,29697.902
2025,3,8075,15660.341
2025,3,8076,22915.102
2025,3,8077,55117.89
2025,3,8078,29984.197
2025,3,8079,34152.074
2025,3,8080,36570.27
2025,3,8081,30857.818
2025,3,8082,24091.875
2025,3,8083,23191.09
2025,3,8084,26764.71
2025,3,8085,32439.697
2025,3,8086,20927.635
2025,3,8087,30649.193
2025,3,8088,24524.785
2025,3,8089,30770.953
2025,3,8090,28039.523
2025,3,8091,21697.686
2025,3,8092,16358.454
2025,3,8093,18495.908
2025,3,8094,23978.06
2025,3,8095,12093.824
2025,3,8096,25898.676
2025,3,8097,21976.623
2025,3,8098,28123.395
2025,3,8099,26285.797
2025,3,8100,15740.504
2025,3,8101,23980.428
2025,3,8102,38880.887
2025,3,8103,28355.422
2025,3,8104,18507.84
2025,3,8105,28053.41
2025,3,8106,25964.068
2025,3,8107,20685.287
2025,3,8108,32216.613
2025,3,8109,27302.818
2025,3,8110,34711.848
2025,3,8111,27218.91
2025,3,8112,29792.96
2025,3,8113,26953.83
2025,3,8114,24395.84
2025,3,8115,22803.55
2025,3,8116,17601.834
2025,3,8117,15949.86
2025,3,8118,25259.994
2025,3,8119,28747.762
2025,3,8120,20437.791
2025,3,8121,15476.135
2025,3,8122,26991.44
2025,3,8123,27088.936
2025,3,8124,15227.853
2025,3,8125,22913.574
2025,3,8126,23509.307
2025,3,8127,17674.201
2025,3,8128,35444.926
2025,3,8129,24303.865
2025,3,8130,22740.443
2025,3,8131,34534.637
2025,3,8132,18056.77
2025,3,8133,18071.266
2025,3,8134,11603.097
2025,3,8135,22216.482
2025,3,8136,12386.083
2025,3,8137,30332.412
2025,3,8138,15168.518
2025,3,8139,24156.793
2025,3,8140,26203.504
2025,3,8141,17909.402
2025,3,8142,21608.61
2025,3,8143,22710.441
2025,3,8144,18507.477
2025,3,8145,12068.265
2025,3,8146,17433.254
2025,3,8147,24681.8
2025,3,8148,11267.956
2025,3,8149,11953.811
2025,3,8150,14027.333
2025,3,8151,14058.052
2025,3,8152,13851.724
2025,3,8153,24896.076
2025,3,8154,25543.592
2025,3,8155,20682.08
2025,3,8156,21828.914
2025,3,8157,21852.21
2025,3,8158,23075.502
2025,3,8159,33774.96
2025,3,8160,19706.6
2025,3,8161,24024.271
2025,3,8162,20452.691
2025,3,8163,25975.672
2025,3,8164,26348.016
2025,3,8165,21055.986
2025,3,8166,28011.164
2025,3,8167,18368.014
2025,3,8168,38440.1
2025,3,8169,30081.564
2025,3,8170,38665.324
2025,3,8171,22536.164
2025,3,8172,16147.416
2025,3,8173,20161.838
2025,3,8174,10610.252
2025,3,8175,27049.225
2025,3,8176,23845.568
2025,3,8177,10930.011
2025,3,8178,28438.557
2025,3,8179,19485.104
2025,3,8180,29076.625
2025,3,8181,24103.623
2025,3,8182,15905.709
2025,3,8183,14477.981
2025,3,8184,34664.53
2025,3,8185,28459.982
2025,3,8186,13732.072
2025,3,8187,18462.621
2025,3,8188,34233.18
2025,3,8189,16921.416
2025,3,8190,11961.543
2025,3,8191,15905.709
2025,3,8192,23248.135
2025,3,8193,26115.553
2025,3,8194,21454.795
2025,3,8195,27488.557
2025,3,8196,24472.893
2025,3,8197,22420.648
2025,3,8198,18232.99
2025,3,8199,23551.61
2025,3,8200,14759.582
2025,3,8201,30762.354
2025,3,8202,23174.7
2025,3,8203,23419.504
2025,3,8204,23507.607
2025,3,8205,23445.395
2025,3,8206,23687.643
2025,3,8207,22205.86
2025,3,8208,26722.955
2025,3,8209,13936.491
2025,3,8210,23336.123
2025,3,8211,24733.506
2025,3,8212,24127.705
2025,3,8213,34736.97
2025,3,8214,31616.809
2025,3,8215,12369.379
2025,3,8216,11903.091
2025,3,8217,17240.51
2025,3,8218,15277.091
2025,3,8219,25101.332
2025,3,8220,22482.064
2025,3,8221,28320.943
2025,3,8222,28880.508
2025,3,8223,25733.887
2025,3,8224,25347.438
2025,3,8225,22141.824
2025,3,8226,17334.213
2025,3,8227,17526.81
2025,3,8228,17786.314
2025,3,8229,31585.625
2025,3,8230,20882.19
2025,3,8231,33700.07
2025,3,8232,13936.491
2025,3,8233,18412.498
2025,3,8234,30986.436
2025,3,8235,15904.813
2025,3,8236,35455.113
2025,3,8237,26342.438
2025,3,8238,19742.486
2025,3,8239,15879.665
2025,3,8240,31060.174
2025,3,8241,20464.557
2025,3,8242,14444.299
2025,3,8243,17175.744
2025,3,8244,17424.47
2025,3,8245,14667.172
2025,3,8246,24393.422
2025,3,8247,26936.527
2025,3,8248,27516.678
2025,3,8249,27620.223
2025,3,8250,23680.902
2025,3,8251,31365.152
2025,3,8252,31228.373
2025,3,8253,23780.844
2025,3,8254,27936.867
2025,3,8255,23788.629
2025,3,8256,24568.215
2025,3,8257,33676.64
2025,3,8258,22342.383
2025,3,8259,20278.027
2025,3,8260,33964.277
2025,3,8261,21008.195
2025,3,8262,29037.604
2025,3,8263,29674.645
2025,3,8264,33674.367
2025,3,8265,23103.658
2025,3,8266,22922.229
2025,3,8267,25397.926
2025,3,8268,16198.321
2025,3,8269,26581.775
2025,3,8270,17308.871
2025,3,8271,19507.14
2025,3,8272,17189.273
2025,3,8273,37939.59
2025,3,8274,18296.764
2025,3,8275,30106.164
2025,3,8276,24868.545
2025,3,8277,44845.035
2025,3,8278,28044.416
2025,3,8279,30546.668
2025,3,8280,30856.584
2025,3,8281,14927.895
2025,3,8282,21317.1
2025,3,8283,17336.248
2025,3,8284,12176.45
2025,3,8285,31836.549
2025,3,8286,40058.85
2025,3,8287,11783.548
2025,3,8288,21608.846
2025,3,8289,22771.547
2025,3,8290,31798.72
2025,3,8291,25267.7
2025,3,8292,30197.168
2025,3,8293,36933.254
2025,3,8294,22256.49
2025,3,8295,27336.453
2025,3,8296,24708.148
2025,3,8297,16921.543
2025,3,8298,15782.076
2025,3,8299,25785.938
2025,3,8300,23833.295
2025,3,8301,12379.877
2025,3,8302,33411.145
2025,3,8303,11427.306
2025,3,8304,24181.568
2025,3,8305,19488.592
2025,3,8306,31145.059
2025,3,8307,17323.42
2025,3,8308,28378.574
2025,3,8309,15420.549
2025,3,8310,25492.963
2025,3,8311,13639.587
2025,3,8312,24543.09
2025,3,8313,16423.75
2025,3,8314,12098.791
2025,3,8315,34735.332
2025,3,8316,19786.908
2025,3,8317,12354.261
2025,3,8318,17182.742
2025,3,8319,25915.633
2025,3,8320,14283.103
2025,3,8321,29027.072
2025,3,8322,31650.916
2025,3,8323,12321.926
2025,3,8324,22890.885
2025,3,8325,36787.098
2025,3,8326,27175.041
2025,3,8327,18334.354
2025,3,8328,13051.57
2025,3,8329,22842.414
2025,3,8330,28882.479
2025,3,8331,26114.799
2025,3,8332,21926.059
2025,3,8333,15112.704
2025,3,8334,14117.698
2025,3,8335,15955.375
2025,3,8336,19575.828
2025,3,8337,25496.613
2025,3,8338,17382.64
2025,3,8339,34901.637
2025,3,8340,25179.062
2025,3,8341,11953.811
2025,3,8342,27151.646
2025,3,8343,23888.646
2025,3,8344,24239.781
2025,3,8345,30444.38
2025,3,8346,21814.318
2025,3,8347,22113.107
2025,3,8348,11953.811
2025,3,8349,33342.76
2025,3,8350,31782.752
2025,3,8351,30911.383
2025,3,8352,19978.791
2025,3,8353,13822.811
2025,3,8354,25978.39
2025,3,8355,12071.729
2025,3,8356,25073.523
2025,3,8357,27242.516
2025,3,8358,11848.972
2025,3,8359,29295.744
2025,3,8360,25657.19
2025,3,8361,12909.742
2025,3,8362,30430.977
2025,3,8363,16828.291
2025,3,8364,59090.586
2025,3,8365,18429.137
2025,3,8366,18392.238
2025,3,8367,18342.434
2025,3,8368,33839.59
2025,3,8369,10956.369
2025,3,8370,19292.887
2025,3,8371,12021.419
2025,3,8372,28138.752
2025,3,8373,17861.904
2025,3,8374,16597.312
2025,3,8375,32926.28
2025,3,8376,25927.553
2025,3,8377,24355.902
2025,3,8378,23010.986
2025,3,8379,18427.447
2025,3,8380,24353.29
2025,3,8381,18717.654
2025,3,8382,21602.307
2025,3,8383,23120.082
2025,3,8384,13916.479
2025,3,8385,15839.697
2025,3,8386,15839.697
2025,3,8387,12186.129
2025,3,8388,22772.236
2025,3,8389,19558.502
2025,3,8390,19041.176
2025,3,8391,13872.993
2025,3,8392,21686.281
2025,3,8393,30444.512
2025,3,8394,18974.736
2025,3,8395,32622.63
2025,3,8396,28421.133
2025,3,8397,12538.966
2025,3,8398,11793.82
2025,3,8399,23392.596
2025,3,8400,21686.373
2025,3,8401,26674.355
2025,3,8402,37316.926
2025,3,8403,23733.764
2025,3,8404,26662.607
2025,3,8405,29748.73
2025,3,8406,26174.773
2025,3,8407,41058.26
2025,3,8408,23483.713
2025,3,8409,40289.477
2025,3,8410,28686.463
2025,3,8411,17012.012
2025,3,8412,21786.43
2025,3,8413,18494.592
2025,3,8414,35114.99
2025,3,8415,31179.86
2025,3,8416,16610.08
2025,3,8417,26926.104
2025,3,8418,21537.018
2025,3,8419,19886.94
2025,3,8420,32666.959
2025,3,8421,23720.254
2025,3,8422,34164.125
2025,3,8423,18643.467
2025,3,8424,25586.145
2025,3,8425,22862.135
2025,3,8426,15336.725
2025,3,8427,36234.06
2025,3,8428,21299.184
2025,3,8429,34895.168
2025,3,8430,23113.914
2025,3,8431,26017.334
2025,3,8432,22561.756
2025,3,8433,23739.742
2025,3,8434,22151.873
2025,3,8435,23303.725
2025,3,8436,15622.234
2025,3,8437,23468.42
2025,3,8438,22181.816
2025,3,8439,22752.912
2025,3,8440,22758.947
2025,3,8441,35434.957
2025,3,8442,16610.531
2025,3,8443,19603.28
2025,3,8444,28562.283
2025,3,8445,29311.725
2025,3,8446,24527.148
2025,3,8447,28462.754
2025,3,8448,30932.115
2025,3,8449,28551.107
2025,3,8450,26219.232
2025,3,8451,24044.922
2025,3,8452,26870.254
2025,3,8453,27792.967
2025,3,8454,33137.395
2025,3,8455,24332.645
2025,3,8456,22316.28
2025,3,8457,26229.436
2025,3,8458,19112.912
2025,3,8459,20744.074
2025,3,8460,23517.959
2025,3,8461,21591.67
2025,3,8462,29929.908
2025,3,8463,31907.465
2025,3,8464,27376.064
2025,3,8465,16357.574
2025,3,8466,11539.715
2025,3,8467,24692.59
2025,3,8468,25600.791
2025,3,8469,27205.479
2025,3,8470,12433.704
2025,3,8471,12438.992
2025,3,8472,18896.96
2025,3,8473,13376.481
2025,3,8474,20500.887
2025,3,8475,19871.328
2025,3,8476,19086.268
2025,3,8477,24343.145
2025,3,8478,23244.799
2025,3,8479,28326.36
2025,3,8480,25451.465
2025,3,8481,30851.062
2025,3,8482,21911.516
2025,3,8483,31068.574
2025,3,8484,30542.95
2025,3,8485,22891.598
2025,3,8486,21684.434
2025,3,8487,14927.895
2025,3,8488,22829.605
2025,3,8489,15985.034
2025,3,8490,25231.357
2025,3,8491,26210.07
2025,3,8492,23560.137
2025,3,8493,15134.986
2025,3,8494,25832.678
2025,3,8495,18843.584
2025,3,8496,13446.335
2025,3,8497,28864.191
2025,3,8498,26169.643
2025,3,8499,27880.062
2025,3,8500,13152.852
2025,3,8501,19640.281
2025,3,8502,23422.562
2025,3,8503,18277.498
2025,3,8504,19121.143
2025,3,8505,20707.055
2025,3,8506,32094.379
2025,3,8507,26223.074
2025,3,8508,34008.746
2025,3,8509,19275.973
2025,3,8510,11771.558
2025,3,8511,31156.281
2025,3,8512,15492.837
2025,3,8513,23217.998
2025,3,8514,36137.844
2025,3,8515,24800.057
2025,3,8516,24638.482
2025,3,8517,24671.672
2025,3,8518,22204.344
2025,3,8519,27919.459
2025,3,8520,27936.736
2025,3,8521,28230.799
2025,3,8522,22930.568
2025,3,8523,31344.725
2025,3,8524,37412.6
2025,3,8525,17111.75
2025,3,8526,13911.37
2025,3,8527,23550.756
2025,3,8528,23608.855
2025,3,8529,16007.214
2025,3,8530,30721.492
2025,3,8531,32572.377
2025,3,8532,32419.975
2025,3,8533,18998.342
2025,3,8534,20637.656
2025,3,8535,24216.523
2025,3,8536,23986.701
2025,3,8537,22446.395
2025,3,8538,23333.674
2025,3,8539,33146.688
2025,3,8540,31317.344
2025,3,8541,26582.9
2025,3,8542,12074.344
2025,3,8543,16773.668
2025,3,8544,21298.414
2025,3,8545,20607.588
2025,3,8546,19135.281
2025,3,8547,26135.643
2025,3,8548,25478.36
2025,3,8549,25001.322
2025,3,8550,25254.625
2025,3,8551,27723.34
2025,3,8552,25410.154
2025,3,8553,16384.576
2025,3,8554,29151.205
2025,3,8555,11945.802
2025,3,8556,25053.94
2025,3,8557,11214.381
2025,3,8558,12461.295
2025,3,8559,24031.732
2025,3,8560,22460.992
2025,3,8561,24074.219
2025,3,8562,11070.56
2025,3,8563,20724.158
2025,3,8564,28234.84
2025,3,8565,22643.664
2025,3,8566,25818.428
2025,3,8567,21687.826
2025,3,8568,39302.59
2025,3,8569,32144.555
2025,3,8570,18424.844
2025,3,8571,25983.076
2025,3,8572,23686.97
2025,3,8573,16288.649
2025,3,8574,28758.205
2025,3,8575,14732.739
2025,3,8576,12337.287
2025,3,8577,28034.998
2025,3,8578,22343.178
2025,3,8579,22899.512
2025,3,8580,26241.69
2025,3,8581,21191.438
2025,3,8582,28704.754
2025,3,8583,31083.686
2025,3,8584,21877.705
2025,3,8585,33507.867
2025,3,8586,19505.797
2025,3,8587,29988.885
2025,3,8588,23919.684
2025,3,8589,40255.355
2025,3,8590,16651.98
2025,3,8591,28351.115
2025,3,8592,23611.904
2025,3,8593,25439.494
2025,3,8594,17006.15
2025,3,8595,20012.824
2025,3,8596,16431.18
2025,3,8597,28754.031
2025,3,8598,28502.07
2025,3,8599,21466.361
2025,3,8600,17405.045
2025,3,8601,29173.863
2025,3,8602,22839.318
2025,3,8603,26175.0
2025,3,8604,15685.138
2025,3,8605,20686.666
2025,3,8606,39303.086
2025,3,8607,30707.957
2025,3,8608,28623.154
2025,3,8609,21894.557
2025,3,8610,28161.754
2025,3,8611,19845.613
2025,3,8612,33069.055
2025,3,8613,14569.639
2025,3,8614,21285.607
2025,3,8615,11820.25
2025,3,8616,12090.954
2025,3,8617,25261.705
2025,3,8618,39608.16
2025,3,8619,17506.602
2025,3,8620,32569.469
2025,3,8621,39057.754
2025,3,8622,28348.64
2025,3,8623,15962.811
2025,3,8624,15857.898
2025,3,8625,29959.02
2025,3,8626,26782.586
2025,3,8627,15138.79
2025,3,8628,24301.441
2025,3,8629,38621.53
2025,3,8630,30709.033
2025,3,8631,32364.227
2025,3,8632,20045.73
2025,3,8633,32441.11
2025,3,8634,26581.424
2025,3,8635,15615.805
2025,3,8636,24700.217
2025,3,8637,26014.71
2025,3,8638,16420.7
2025,3,8639,15236.415
2025,3,8640,27300.586
2025,3,8641,17418.924
2025,3,8642,28411.842
2025,3,8643,15192.328
2025,3,8644,28411.672
2025,3,8645,13917.205
2025,3,8646,27225.51
2025,3,8647,28615.02
2025,3,8648,24174.475
2025,3,8649,34006.004
2025,3,8650,15092.922
2025,3,8651,24380.807
2025,3,8652,21852.299
2025,3,8653,53395.848
2025,3,8654,36662.23
2025,3,8655,30537.867
2025,3,8656,29476.111
2025,3,8657,32561.115
2025,3,8658,15626.031
2025,3,8659,22790.477
2025,3,8660,32883.535
2025,3,8661,30032.541
2025,3,8662,28364.352
2025,3,8663,25567.3
2025,3,8664,22783.271
2025,3,8665,20398.457
2025,3,8666,20563.75
2025,3,8667,19603.096
2025,3,8668,21414.896
2025,3,8669,28215.195
2025,3,8670,20044.242
2025,3,8671,20423.951
2025,3,8672,24289.926
2025,3,8673,11814.924
2025,3,8674,20654.938
2025,3,8675,25811.203
2025,3,8676,22582.623
2025,3,8677,11147.675
2025,3,8678,24092.09
2025,3,8679,17475.285
2025,3,8680,31412.666
2025,3,8681,21986.934
2025,3,8682,27631.016
2025,3,8683,22120.191
2025,3,8684,24100.318
2025,3,8685,28919.86
2025,3,8686,26575.18
2025,3,8687,15127.931
2025,3,8688,29120.295
2025,3,8689,20998.44
2025,3,8690,30135.998
2025,3,8691,20688.846
2025,3,8692,22675.068
2025,3,8693,28132.264
2025,3,8694,35833.844
2025,3,8695,21413.38
2025,3,8696,35350.992
2025,3,8697,20277.943
2025,3,8698,26210.496
2025,3,8699,22795.396
2025,3,8700,22171.33
2025,3,8701,16616.365
2025,3,8702,37481.996
2025,3,8703,35613.496
2025,3,8704,11937.16
2025,3,8705,38974.2
2025,3,8706,18015.943
2025,3,8707,22987.256
2025,3,8708,17903.11
2025,3,8709,21227.182
2025,3,8710,38619.48
2025,3,8711,39406.332
2025,3,8712,26179.639
2025,3,8713,33729.2
2025,3,8714,37610.223
2025,3,8715,10957.011
2025,3,8716,38602.895
2025,3,8717,20872.34
2025,3,8718,12336.419
2025,3,8719,21711.55
2025,3,8720,22018.365
2025,3,8721,26836.545
2025,3,8722,22416.648
2025,3,8723,12306.182
2025,3,8724,18797.502
2025,3,8725,21914.27
2025,3,8726,39715.477
2025,3,8727,23469.566
2025,3,8728,17088.9
2025,3,8729,24190.484
2025,3,8730,27340.87
2025,3,8731,16807.346
2025,3,8732,13149.277
2025,3,8733,21374.322
2025,3,8734,35224.81
2025,3,8735,11735.824
2025,3,8736,10542.365
2025,3,8737,74240.48
2025,3,8738,30238.979
2025,3,8739,36805.062
2025,3,8740,19405.727
2025,3,8741,25330.35
2025,3,8742,23006.154
2025,3,8743,12446.212
2025,3,8744,23288.793
2025,3,8745,15127.931
2025,3,8746,29166.137
2025,3,8747,27998.275
2025,3,8748,25126.268
2025,3,8749,17614.523
2025,3,8750,31672.625
2025,3,8751,33197.645
2025,3,8752,28113.344
2025,3,8753,25006.809
2025,3,8754,21882.822
2025,3,8755,42650.023
2025,3,8756,38170.348
2025,3,8757,35643.754
2025,3,8758,11642.329
2025,3,8759,26454.064
2025,3,8760,27812.662
2025,3,8761,26286.547
2025,3,8762,35457.89
2025,3,8763,22819.25
2025,3,8764,31161.33
2025,3,8765,11531.407
2025,3,8766,27926.781
2025,3,8767,34321.39
2025,3,8768,12379.313
2025,3,8769,11638.952
2025,3,8770,35692.867
2025,3,8771,20870.088
2025,3,8772,22241.537
2025,3,8773,11197.759
2025,3,8774,30650.729
2025,3,8775,19130.213
2025,3,8776,11269.031
2025,3,8777,13119.705
2025,3,8778,22374.232
2025,3,8779,22836.707
2025,3,8780,25348.32
2025,3,8781,17415.057
2025,3,8782,14838.889
2025,3,8783,21614.055
2025,3,8784,11425.674
2025,3,8785,37006.223
2025,3,8786,11979.103
2025,3,8787,35682.008
2025,3,8788,17524.637
2025,3,8789,11528.341
2025,3,8790,17008.777
2025,3,8791,15055.1
2025,3,8792,27913.986
2025,3,8793,15546.375
2025,3,8794,30469.879
2025,3,8795,10279.846
2025,3,8796,21163.191
2025,3,8797,30378.393
2025,3,8798,37552.617
2025,3,8799,23959.17
2025,3,8800,26442.576
2025,3,8801,22258.018
2025,3,8802,23837.854
2025,3,8803,21256.346
2025,3,8804,33191.316
2025,3,8805,27177.02
2025,3,8806,37286.434
2025,3,8807,21979.307
2025,3,8808,30622.69
2025,3,8809,29385.105
2025,3,8810,22617.541
2025,3,8811,16858.256
2025,3,8812,14073.996
2025,3,8813,21259.549
2025,3,8814,16317.041
2025,3,8815,28504.842
2025,3,8816,10585.544
2025,3,8817,24021.242
2025,3,8818,26727.91
2025,3,8819,28403.88
2025,3,8820,11446.687
2025,3,8821,23577.295
2025,3,8822,12969.476
2025,3,8823,10488.252
2025,3,8824,40908.59
2025,3,8825,15913.823
2025,3,8826,32295.324
2025,3,8827,17405.41
2025,3,8828,12540.212
2025,3,8829,30000.54
2025,3,8830,11575.147
2025,3,8831,18347.729
2025,3,8832,32069.547
2025,3,8833,18850.018
2025,3,8834,23899.367
2025,3,8835,26353.84
2025,3,8836,11485.158
2025,3,8837,34431.047
2025,3,8838,16834.719
2025,3,8839,16608.094
2025,3,8840,30348.273
2025,3,8841,30583.527
2025,3,8842,11791.22
2025,3,8843,21854.002
2025,3,8844,20999.555
2025,3,8845,11783.548
2025,3,8846,16918.02
2025,3,8847,28629.666
2025,3,8848,12067.2295
2025,3,8849,22815.615
2025,3,8850,15870.668
2025,3,8851,35519.707
2025,3,8852,29446.396
2025,3,8853,26103.025
2025,3,8854,21353.1
2025,3,8855,29319.287
2025,3,8856,16725.668
2025,3,8857,21042.684
2025,3,8858,32708.5
2025,3,8859,27966.29
2025,3,8860,14997.216
2025,3,8861,10841.919
2025,3,8862,36538.64
2025,3,8863,18884.785
2025,3,8864,14298.439
2025,3,8865,28444.434
2025,3,8866,28972.828
2025,3,8867,24981.463
2025,3,8868,13159.32
2025,3,8869,30218.6
2025,3,8870,17846.664
2025,3,8871,29253.404
2025,3,8872,15546.375
2025,3,8873,15112.704
2025,3,8874,24593.072
2025,3,8875,38863.55
2025,3,8876,20274.328
2025,3,8877,16600.643
2025,3,8878,26573.23
2025,3,8879,15088.908
2025,3,8880,24582.738
2025,3,8881,27440.082
2025,3,8882,22832.748
2025,3,8883,21774.004
2025,3,8884,37305.4
2025,3,8885,21845.312
2025,3,8886,23680.258
2025,3,8887,29990.102
2025,3,8888,35643.45
2025,3,8889,20485.213
2025,3,8890,31457.986
2025,3,8891,43894.082
2025,3,8892,26499.627
2025,3,8893,40499.406
2025,3,8894,28767.0
2025,3,8895,31363.984
2025,3,8896,17458.875
2025,3,8897,31639.393
2025,3,8898,28967.408
2025,3,8899,38784.73
2025,3,8900,17592.387
2025,3,8901,30671.955
2025,3,8902,15841.895
2025,3,8903,23289.111
2025,3,8904,23685.543
2025,3,8905,24868.969
2025,3,8906,29888.256
2025,3,8907,25286.02
2025,3,8908,25787.834
2025,3,8909,27132.656
2025,3,8910,29750.176
2025,3,8911,31081.477
2025,3,8912,49133.156
2025,3,8913,23385.928
2025,3,8914,54805.223
2025,3,8915,27256.225
2025,3,8916,34340.902
2025,3,8917,15638.018
2025,3,8918,21405.281
2025,3,8919,21034.158
2025,3,8920,22542.545
2025,3,8921,24908.197
2025,3,8922,31071.7
2025,3,8923,33599.234
2025,3,8924,22188.102
2025,3,8925,35143.57
2025,3,8926,22255.795
2025,3,8927,28769.86
2025,3,8928,26833.828
2025,3,8929,25900.404
2025,3,8930,23206.795
2025,3,8931,25850.75
2025,3,8932,12378.52
2025,3,8933,40582.926
2025,3,8934,33520.18
2025,3,8935,20933.242
2025,3,8936,43568.164
2025,3,8937,22703.21
2025,3,8938,22391.4
2025,3,8939,15507.473
2025,3,8940,17631.688
2025,3,8941,25284.44
2025,3,8942,31251.275
2025,3,8943,25039.793
2025,3,8944,16516.932
2025,3,8945,25933.697
2025,3,8946,23761.848
2025,3,8947,10859.072
2025,3,8948,30269.494
2025,3,8949,31105.895
2025,3,8950,13104.54
2025,3,8951,15389.364
2025,3,8952,26016.645
2025,3,8953,21570.271
2025,3,8954,28642.809
2025,3,8955,17787.943
2025,3,8956,19223.682
2025,3,8957,22220.814
2025,3,8958,27596.814
2025,3,8959,17450.88
2025,3,8960,26650.92
2025,3,8961,22087.633
2025,3,8962,29668.898
2025,3,8963,23703.75
2025,3,8964,12410.702
2025,3,8965,15709.558
2025,3,8966,18196.732
2025,3,8967,29333.467
2025,3,8968,37198.26
2025,3,8969,11579.286
2025,3,8970,18690.736
2025,3,8971,22107.658
2025,3,8972,15071.027
2025,3,8973,19135.99
2025,3,8974,28743.777
2025,3,8975,32346.68
2025,3,8976,22332.23
2025,3,8977,31794.684
2025,3,8978,10846.848
2025,3,8979,41265.043
2025,3,8980,26706.227
2025,3,8981,11554.772
2025,3,8982,33790.68
2025,3,8983,20336.047
2025,3,8984,27681.889
2025,3,8985,18280.7
2025,3,8986,19979.11
2025,3,8987,25993.273
2025,3,8988,32160.959
2025,3,8989,26602.932
2025,3,8990,21267.127
2025,3,8991,27643.69
2025,3,8992,43143.812
2025,3,8993,19882.996
2025,3,8994,27601.277
2025,3,8995,31251.816
2025,3,8996,18955.383
2025,3,8997,27571.684
2025,3,8998,38156.91
2025,3,8999,38982.64
2025,3,9000,30159.865
2025,3,9001,10451.745
2025,3,9002,26074.654
2025,3,9003,16208.158
2025,3,9004,11909.585
2025,3,9005,22028.277
2025,3,9006,18133.318
2025,3,9007,20324.656
2025,3,9008,15642.189
2025,3,9009,31518.295
2025,3,9010,49314.85
2025,3,9011,23938.588
2025,3,9012,31299.549
2025,3,9013,15192.328
2025,3,9014,28212.795
2025,3,9015,36248.55
2025,3,9016,35640.31
2025,3,9017,24180.402
2025,3,9018,24223.46
2025,3,9019,30988.217
2025,3,9020,38094.234
2025,3,9021,16515.18
2025,3,9022,24151.822
2025,3,9023,23835.639
2025,3,9024,34897.92
2025,3,9025,24297.059
2025,3,9026,23684.848
2025,3,9027,24885.139
2025,3,9028,26268.951
2025,3,9029,34543.74
2025,3,9030,40364.66
2025,3,9031,33166.75
2025,3,9032,22365.373
2025,3,9033,28376.959
2025,3,9034,24346.533
2025,3,9035,11248.272
2025,3,9036,25498.053
2025,3,9037,14798.333
2025,3,9038,21541.9
2025,3,9039,15786.415
2025,3,9040,23769.027
2025,3,9041,31988.227
2025,3,9042,22875.004
2025,3,9043,23889.688
2025,3,9044,22182.13
2025,3,9045,16464.564
2025,3,9046,24707.537
2025,3,9047,11583.593
2025,3,9048,30906.85
2025,3,9049,24037.982
2025,3,9050,16568.59
2025,3,9051,28267.025
2025,3,9052,12265.593
2025,3,9053,23455.791
2025,3,9054,10508.34
2025,3,9055,16418.002
2025,3,9056,11253.654
2025,3,9057,30265.07
2025,3,9058,16651.98
2025,3,9059,12012.538
2025,3,9060,15128.933
2025,3,9061,28235.158
2025,3,9062,11970.4375
2025,3,9063,20352.809
2025,3,9064,32230.848
2025,3,9065,24652.156
2025,3,9066,15875.676
2025,3,9067,11776.706
2025,3,9068,23134.107
2025,3,9069,16651.98
2025,3,9070,18125.277
2025,3,9071,15849.369
2025,3,9072,19236.473
2025,3,9073,27386.26
2025,3,9074,18129.855
2025,3,9075,28383.781
2025,3,9076,26970.24
2025,3,9077,12442.565
2025,3,9078,14176.643
2025,3,9079,18804.49
2025,3,9080,16088.482
2025,3,9081,15088.444
2025,3,9082,15546.375
2025,3,9083,19521.361
2025,3,9084,15031.541
2025,3,9085,22286.283
2025,3,9086,13496.603
2025,3,9087,34612.684
2025,3,9088,17923.314
2025,3,9089,18194.04
2025,3,9090,13315.797
2025,3,9091,37762.8
2025,3,9092,13199.777
2025,3,9093,30107.586
2025,3,9094,12632.2
2025,3,9095,11783.548
2025,3,9096,33995.74
2025,3,9097,17977.066
2025,3,9098,17069.13
2025,3,9099,23349.146
2025,3,9100,25546.55
2025,3,9101,12481.965
2025,3,9102,15849.369
2025,3,9103,15924.229
2025,3,9104,46247.89
2025,3,9105,25823.18
2025,3,9106,17733.254
2025,3,9107,16789.291
2025,3,9108,33538.43
2025,3,9109,12680.0205
2025,3,9110,44899.22
2025,3,9111,32708.633
2025,3,9112,30797.508
2025,3,9113,38149.098
2025,3,9114,26855.701
2025,3,9115,11201.187
2025,3,9116,22051.572
2025,3,9117,23154.95
2025,3,9118,21118.697
2025,3,9119,25654.111
2025,3,9120,22005.922
2025,3,9121,27556.395
2025,3,9122,11802.411
2025,3,9123,23116.453
2025,3,9124,26520.424
2025,3,9125,33121.047
2025,3,9126,29650.12
2025,3,9127,16499.004
2025,3,9128,21367.387
2025,3,9129,31528.623
2025,3,9130,17682.68
2025,3,9131,35273.13
2025,3,9132,12288.4795
2025,3,9133,26550.303
2025,3,9134,34717.242
2025,3,9135,14977.873
2025,3,9136,36515.84
2025,3,9137,23523.385
2025,3,9138,29063.936
2025,3,9139,24851.525
2025,3,9140,38663.08
2025,3,9141,35403.426
2025,3,9142,38586.67
2025,3,9143,38366.426
2025,3,9144,22433.553
2025,3,9145,38357.434
2025,3,9146,31441.049
2025,3,9147,23070.29
2025,3,9148,22199.87
2025,3,9149,23848.244
2025,3,9150,36438.74
2025,3,9151,11132.135
2025,3,9152,16514.832
2025,3,9153,35085.535
2025,3,9154,24725.771
2025,3,9155,16812.525
2025,3,9156,35515.855
2025,3,9157,14895.577
2025,3,9158,25086.97
2025,3,9159,17305.994
2025,3,9160,15446.268
2025,3,9161,21841.24
2025,3,9162,19044.283
2025,3,9163,28603.334
2025,3,9164,25877.414
2025,3,9165,11526.106
2025,3,9166,30716.32
2025,3,9167,21982.805
2025,3,9168,34830.62
2025,3,9169,27015.486
2025,3,9170,18857.62
2025,3,9171,21657.88
2025,3,9172,15236.415
2025,3,9173,27697.44
2025,3,9174,25602.363
2025,3,9175,26169.266
2025,3,9176,21160.258
2025,3,9177,20373.275
2025,3,9178,23655.43
2025,3,9179,16648.127
2025,3,9180,16236.63
2025,3,9181,24142.309
2025,3,9182,24800.014
2025,3,9183,31062.479
2025,3,9184,26643.783
2025,3,9185,28991.277
2025,3,9186,29928.35
2025,3,9187,22210.3
2025,3,9188,19738.023
2025,3,9189,24774.293
2025,3,9190,15990.985
2025,3,9191,21661.15
2025,3,9192,24697.98
2025,3,9193,25748.1
2025,3,9194,20701.86
2025,3,9195,37897.85
2025,3,9196,37501.195
2025,3,9197,25942.037
2025,3,9198,11558.519
2025,3,9199,22159.564
2025,3,9200,26043.457
2025,3,9201,17020.936
2025,3,9202,23393.428
2025,3,9203,28077.787
2025,3,9204,32894.57
2025,3,9205,22699.215
2025,3,9206,45046.695
2025,3,9207,30017.895
2025,3,9208,10574.964
2025,3,9209,27196.504
2025,3,9210,25839.02
2025,3,9211,26471.502
2025,3,9212,35915.04
2025,3,9213,26725.98
2025,3,9214,39575.703
2025,3,9215,26344.504
2025,3,9216,24237.994
2025,3,9217,12687.32
2025,3,9218,10779.562
2025,3,9219,26029.168
2025,3,9220,28181.033
2025,3,9221,34714.41
2025,3,9222,25834.123
2025,3,9223,22849.166
2025,3,9224,23031.525
2025,3,9225,14369.971
2025,3,9226,31876.115
2025,3,9227,20182.887
2025,3,9228,25951.416
2025,3,9229,25515.38
2025,3,9230,27686.375
2025,3,9231,21218.951
2025,3,9232,35669.625
2025,3,9233,18665.885
2025,3,9234,31509.615
2025,3,9235,19584.893
2025,3,9236,15764.838
2025,3,9237,17001.625
2025,3,9238,21269.564
2025,3,9239,28515.715
2025,3,9240,28158.975
2025,3,9241,26777.766
2025,3,9242,16084.099
2025,3,9243,12317.275
2025,3,9244,25376.418
2025,3,9245,26225.838
2025,3,9246,24029.506
2025,3,9247,12457.271
2025,3,9248,15875.676
2025,3,9249,15849.369
2025,3,9250,17575.43
2025,3,9251,20370.188
2025,3,9252,27767.883
2025,3,9253,21402.346
2025,3,9254,19763.453
2025,3,9255,29319.973
2025,3,9256,17292.893
2025,3,9257,22241.15
2025,3,9258,26770.117
2025,3,9259,12947.214
2025,3,9260,21889.016
2025,3,9261,22329.03
2025,3,9262,18226.758
2025,3,9263,26056.629
2025,3,9264,11746.143
2025,3,9265,29144.273
2025,3,9266,18478.037
2025,3,9267,14128.946
2025,3,9268,22432.89
2025,3,9269,12938.742
2025,3,9270,11451.839
2025,3,9271,13182.898
2025,3,9272,11689.766
2025,3,9273,38351.855
2025,3,9274,11859.923
2025,3,9275,19213.338
2025,3,9276,13660.016
2025,3,9277,19189.307
2025,3,9278,14092.823
2025,3,9279,20614.16
2025,3,9280,18012.459
2025,3,9281,35112.652
2025,3,9282,38916.97
2025,3,9283,15645.813
2025,3,9284,29475.5
2025,3,9285,18507.81
2025,3,9286,23111.441
2025,3,9287,28028.79
2025,3,9288,25194.488
2025,3,9289,23372.037
2025,3,9290,19842.053
2025,3,9291,30057.398
2025,3,9292,14748.667
2025,3,9293,31297.197
2025,3,9294,29046.799
2025,3,9295,16771.35
2025,3,9296,24196.355
2025,3,9297,31275.947
2025,3,9298,16675.559
2025,3,9299,16994.605
2025,3,9300,41883.28
2025,3,9301,47480.22
2025,3,9302,24248.352
2025,3,9303,29135.658
2025,3,9304,11503.598
2025,3,9305,24649.611
2025,3,9306,21950.908
2025,3,9307,39241.54
2025,3,9308,22264.584
2025,3,9309,20546.328
2025,3,9310,32347.055
2025,3,9311,21264.78
2025,3,9312,36735.8
2025,3,9313,27959.562
2025,3,9314,36589.07
2025,3,9315,32626.672
2025,3,9316,23160.576
2025,3,9317,21524.52
2025,3,9318,17011.648
2025,3,9319,20888.713
2025,3,9320,24099.559
2025,3,9321,15340.034
2025,3,9322,40389.02
2025,3,9323,22996.215
2025,3,9324,21290.576
2025,3,9325,29732.467
2025,3,9326,25655.55
2025,3,9327,37734.43
2025,3,9328,30131.234
2025,3,9329,49515.516
2025,3,9330,23717.174
2025,3,9331,28099.87
2025,3,9332,25355.193
2025,3,9333,10924.194
2025,3,9334,27232.629
2025,3,9335,12125.777
2025,3,9336,29470.316
2025,3,9337,14003.525
2025,3,9338,27685.717
2025,3,9339,18318.201
2025,3,9340,20198.703
2025,3,9341,36889.508
2025,3,9342,16374.947
2025,3,9343,26105.633
2025,3,9344,37394.85
2025,3,9345,36948.87
2025,3,9346,26697.941
2025,3,9347,27164.66
2025,3,9348,25600.78
2025,3,9349,28948.197
2025,3,9350,41116.87
2025,3,9351,16283.922
2025,3,9352,21660.639
2025,3,9353,27564.488
2025,3,9354,18009.22
2025,3,9355,22046.117
2025,3,9356,19328.484
2025,3,9357,26750.566
2025,3,9358,15769.172
2025,3,9359,23676.85
2025,3,9360,74458.24
2025,3,9361,26786.912
2025,3,9362,19025.459
2025,3,9363,33553.05
2025,3,9364,16699.115
2025,3,9365,22602.186
2025,3,9366,37006.95
2025,3,9367,43040.26
2025,3,9368,18009.268
2025,3,9369,33687.42
2025,3,9370,15972.847
2025,3,9371,15208.256
2025,3,9372,27251.113
2025,3,9373,34112.195
2025,3,9374,37045.2
2025,3,9375,20710.828
2025,3,9376,14223.31
2025,3,9377,11604.154
2025,3,9378,27092.361
2025,3,9379,14950.657
2025,3,9380,15901.033
2025,3,9381,23902.62
2025,3,9382,25084.303
2025,3,9383,29053.338
2025,3,9384,36049.64
2025,3,9385,35155.254
2025,3,9386,20676.658
2025,3,9387,36910.562
2025,3,9388,16375.443
2025,3,9389,22570.219
2025,3,9390,18440.97
2025,3,9391,15888.249
2025,3,9392,17882.512
2025,3,9393,16191.3955
2025,3,9394,17411.605
2025,3,9395,32082.027
2025,3,9396,36598.832
2025,3,9397,16220.038
2025,3,9398,23433.678
2025,3,9399,31188.268
2025,3,9400,40459.29
2025,3,9401,27556.074
2025,3,9402,28125.582
2025,3,9403,35101.82
2025,3,9404,11360.597
2025,3,9405,16477.049
2025,3,9406,32949.4
2025,3,9407,15675.87
2025,3,9408,24843.129
2025,3,9409,28699.518
2025,3,9410,17005.572
2025,3,9411,15829.405
2025,3,9412,33048.54
2025,3,9413,21986.408
2025,3,9414,22448.094
2025,3,9415,11966.369
2025,3,9416,21061.924
2025,3,9417,15677.312
2025,3,9418,34990.266
2025,3,9419,20596.979
2025,3,9420,25044.145
2025,3,9421,16520.865
2025,3,9422,31057.93
2025,3,9423,10830.807
2025,3,9424,30454.686
2025,3,9425,24787.26
2025,3,9426,22539.527
2025,3,9427,23858.498
2025,3,9428,13655.788
2025,3,9429,30773.965
2025,3,9430,31565.816
2025,3,9431,23113.178
2025,3,9432,41062.523
2025,3,9433,22090.81
2025,3,9434,12622.338
2025,3,9435,15681.332
2025,3,9436,15688.493
2025,3,9437,25996.73
2025,3,9438,33404.01
2025,3,9439,18818.793
2025,3,9440,15094.045
2025,3,9441,13494.251
2025,3,9442,27622.465
2025,3,9443,22928.1
2025,3,9444,22839.383
2025,3,9445,10720.833
2025,3,9446,22964.418
2025,3,9447,20636.232
2025,3,9448,37780.223
2025,3,9449,22919.658
2025,3,9450,30376.768
2025,3,9451,28044.346
2025,3,9452,16499.004
2025,3,9453,24343.678
2025,3,9454,11966.369
2025,3,9455,35685.258
2025,3,9456,29787.307
2025,3,9457,30318.86
2025,3,9458,37674.934
2025,3,9459,31936.994
2025,3,9460,35959.016
2025,3,9461,30765.314
2025,3,9462,23851.094
2025,3,9463,30442.709
2025,3,9464,11632.466
2025,3,9465,25349.602
2025,3,9466,15109.15
2025,3,9467,26038.2
2025,3,9468,23635.521
2025,3,9469,22047.68
2025,3,9470,24741.826
2025,3,9471,22058.418
2025,3,9472,28460.16
2025,3,9473,27009.475
2025,3,9474,64010.363
2025,3,9475,32465.604
2025,3,9476,11773.96
2025,3,9477,35877.2
2025,3,9478,27709.252
2025,3,9479,23060.004
2025,3,9480,29218.773
2025,3,9481,36249.785
2025,3,9482,22688.371
2025,3,9483,17672.316
2025,3,9484,38834.934
2025,3,9485,19816.568
2025,3,9486,24226.387
2025,3,9487,16896.947
2025,3,9488,34328.49
2025,3,9489,14732.739
2025,3,9490,19451.955
2025,3,9491,24681.398
2025,3,9492,14401.287
2025,3,9493,21985.846
2025,3,9494,15768.035
2025,3,9495,18030.64
2025,3,9496,39111.203
2025,3,9497,23431.074
2025,3,9498,35558.81
2025,3,9499,19617.79
2025,3,9500,34726.695
2025,3,9501,15605.543
2025,3,9502,27520.834
2025,3,9503,26239.852
2025,3,9504,28172.723
2025,3,9505,15874.364
2025,3,9506,14469.7
2025,3,9507,15654.248
2025,3,9508,27675.771
2025,3,9509,31580.516
2025,3,9510,34489.285
2025,3,9511,19545.133
2025,3,9512,22245.193
2025,3,9513,20532.143
2025,3,9514,10733.704
2025,3,9515,19474.674
2025,3,9516,26503.898
2025,3,9517,28813.873
2025,3,9518,35825.355
2025,3,9519,15656.88
2025,3,9520,23871.287
2025,3,9521,23058.99
2025,3,9522,33404.24
2025,3,9523,24067.596
2025,3,9524,30749.63
2025,3,9525,28734.684
2025,3,9526,28098.346
2025,3,9527,24124.756
2025,3,9528,27684.63
2025,3,9529,15138.79
2025,3,9530,38082.434
2025,3,9531,29177.402
2025,3,9532,17074.807
2025,3,9533,16731.613
2025,3,9534,24426.264
2025,3,9535,21765.44
2025,3,9536,21263.082
2025,3,9537,38635.1
2025,3,9538,26232.584
2025,3,9539,30989.592
2025,3,9540,24558.266
2025,3,9541,34268.26
2025,3,9542,21502.576
2025,3,9543,30205.951
2025,3,9544,36055.395
2025,3,9545,30518.66
2025,3,9546,25972.607
2025,3,9547,47089.08
2025,3,9548,24488.07
2025,3,9549,15236.415
2025,3,9550,36832.598
2025,3,9551,21951.09
2025,3,9552,17157.506
2025,3,9553,23282.553
2025,3,9554,29693.236
2025,3,9555,22244.707
2025,3,9556,13397.53
2025,3,9557,19958.742
2025,3,9558,26677.057
2025,3,9559,21608.553
2025,3,9560,27395.178
2025,3,9561,16506.22
2025,3,9562,30640.95
2025,3,9563,11791.22
2025,3,9564,25261.682
2025,3,9565,17362.82
2025,3,9566,21159.402
2025,3,9567,32178.174
2025,3,9568,16348.4375
2025,3,9569,28248.168
2025,3,9570,31870.764
2025,3,9571,22910.367
2025,3,9572,37965.53
2025,3,9573,16593.81
2025,3,9574,37853.03
2025,3,9575,24259.506
2025,3,9576,22650.736
2025,3,9577,19864.844
2025,3,9578,32561.703
2025,3,9579,11763.137
2025,3,9580,22891.219
2025,3,9581,31395.984
2025,3,9582,32239.326
2025,3,9583,28436.176
2025,3,9584,27932.623
2025,3,9585,15813.974
2025,3,9586,29481.62
2025,3,9587,36252.3
2025,3,9588,20355.521
2025,3,9589,12725.852
2025,3,9590,38610.7
2025,3,9591,35723.375
2025,3,9592,16839.088
2025,3,9593,38262.504
2025,3,9594,26196.508
2025,3,9595,17104.799
2025,3,9596,23013.766
2025,3,9597,40420.66
2025,3,9598,17462.244
2025,3,9599,16624.59
2025,3,9600,30879.773
2025,3,9601,33508.344
2025,3,9602,37880.46
2025,3,9603,11943.314
2025,3,9604,24076.139
2025,3,9605,16374.121
2025,3,9606,15996.309
2025,3,9607,37249.754
2025,3,9608,20685.604
2025,3,9609,11778.511
2025,3,9610,11144.88
2025,3,9611,27453.35
2025,3,9612,10766.522
2025,3,9613,22963.676
2025,3,9614,27373.805
2025,3,9615,16406.94
2025,3,9616,16354.153
2025,3,9617,50220.914
2025,3,9618,16600.43
2025,3,9619,31607.137
2025,3,9620,43315.375
2025,3,9621,14704.065
2025,3,9622,25819.17
2025,3,9623,31443.508
2025,3,9624,11251.056
2025,3,9625,18254.643
2025,3,9626,24393.371
2025,3,9627,15055.1
2025,3,9628,33579.023
2025,3,9629,23034.414
2025,3,9630,19208.87
2025,3,9631,20681.174
2025,3,9632,15322.105
2025,3,9633,23335.33
2025,3,9634,23441.176
2025,3,9635,49458.984
2025,3,9636,24566.418
2025,3,9637,16851.89
2025,3,9638,11699.059
2025,3,9639,25127.752
2025,3,9640,11483.664
2025,3,9641,23183.166
2025,3,9642,27386.158
2025,3,9643,22260.492
2025,3,9644,25717.957
2025,3,9645,22724.436
2025,3,9646,27999.32
2025,3,9647,24949.523
2025,3,9648,21263.912
2025,3,9649,30151.0
2025,3,9650,12219.754
2025,3,9651,29689.818
2025,3,9652,35956.477
2025,3,9653,19987.236
2025,3,9654,19060.78
2025,3,9655,39770.656
2025,3,9656,33961.62
2025,3,9657,15138.79
2025,3,9658,15331.442
2025,3,9659,33534.484
2025,3,9660,33230.273
2025,3,9661,33281.707
2025,3,9662,31536.564
2025,3,9663,30541.611
2025,3,9664,11269.031
2025,3,9665,14444.299
2025,3,9666,12966.286
2025,3,9667,20852.096
2025,3,9668,22134.71
2025,3,9669,24722.725
2025,3,9670,19121.613
2025,3,9671,23737.3
2025,3,9672,35546.99
2025,3,9673,23234.303
2025,3,9674,29796.553
2025,3,9675,18161.877
2025,3,9676,13825.632
2025,3,9677,17802.146
2025,3,9678,26973.61
2025,3,9679,26712.06
2025,3,9680,24023.314
2025,3,9681,22169.123
2025,3,9682,23334.629
2025,3,9683,38570.695
2025,3,9684,34323.395
2025,3,9685,30931.873
2025,3,9686,23778.547
2025,3,9687,32764.652
2025,3,9688,22502.53
2025,3,9689,15526.593
2025,3,9690,32825.848
2025,3,9691,16867.654
2025,3,9692,20027.322
2025,3,9693,11817.385
2025,3,9694,23211.385
2025,3,9695,28637.06
2025,3,9696,11366.204
2025,3,9697,22609.59
2025,3,9698,15055.1
2025,3,9699,17037.059
2025,3,9700,16618.559
2025,3,9701,22015.0
2025,3,9702,19303.58
2025,3,9703,28436.531
2025,3,9704,25781.354
2025,3,9705,27874.947
2025,3,9706,11300.287
2025,3,9707,23259.738
2025,3,9708,26096.588
2025,3,9709,36493.3
2025,3,9710,16323.584
2025,3,9711,31096.113
2025,3,9712,25930.578
2025,3,9713,30637.86
2025,3,9714,16748.535
2025,3,9715,23789.713
2025,3,9716,25166.562
2025,3,9717,22876.84
2025,3,9718,36421.324
2025,3,9719,37010.605
2025,3,9720,20177.986
2025,3,9721,22847.582
2025,3,9722,26813.074
2025,3,9723,32498.871
2025,3,9724,37739.195
2025,3,9725,20709.15
2025,3,9726,21315.285
2025,3,9727,22938.691
2025,3,9728,30758.172
2025,3,9729,32100.941
2025,3,9730,32112.744
2025,3,9731,31632.072
2025,3,9732,22981.22
2025,3,9733,32482.816
2025,3,9734,26945.97
2025,3,9735,16363.147
2025,3,9736,26099.334
2025,3,9737,16021.322
2025,3,9738,26550.662
2025,3,9739,32196.152
2025,3,9740,25160.508
2025,3,9741,17913.898
2025,3,9742,16381.74
2025,3,9743,17460.701
2025,3,9744,20322.791
2025,3,9745,15389.364
2025,3,9746,21999.953
2025,3,9747,17314.012
2025,3,9748,40148.887
2025,3,9749,17412.56
2025,3,9750,18405.088
2025,3,9751,16552.537
2025,3,9752,18596.205
2025,3,9753,25642.303
2025,3,9754,22726.762
2025,3,9755,15764.838
2025,3,9756,21058.543
2025,3,9757,29316.4
2025,3,9758,30236.818
2025,3,9759,40537.254
2025,3,9760,48500.973
2025,3,9761,21681.74
2025,3,9762,36408.46
2025,3,9763,13441.23
2025,3,9764,25471.379
2025,3,9765,27097.648
2025,3,9766,39536.312
2025,3,9767,24270.125
2025,3,9768,42990.496
2025,3,9769,22689.107
2025,3,9770,35845.97
2025,3,9771,22864.748
2025,3,9772,22147.664
2025,3,9773,27299.299
2025,3,9774,30258.244
2025,3,9775,30389.717
2025,3,9776,34804.25
2025,3,9777,40448.78
2025,3,9778,27625.422
2025,3,9779,28568.262
2025,3,9780,23488.428
2025,3,9781,43416.402
2025,3,9782,15818.249
2025,3,9783,35130.23
2025,3,9784,23972.49
2025,3,9785,28778.889
2025,3,9786,20050.85
2025,3,9787,15905.709
2025,3,9788,42935.566
2025,3,9789,23687.605
2025,3,9790,31421.83
2025,3,9791,23138.223
2025,3,9792,38124.133
2025,3,9793,18931.023
2025,3,9794,33767.8
2025,3,9795,35795.17
2025,3,9796,48322.0
2025,3,9797,27468.37
2025,3,9798,23918.709
2025,3,9799,36709.86
2025,3,9800,22991.63
2025,3,9801,22904.184
2025,3,9802,34186.05
2025,3,9803,11207.83
2025,3,9804,25032.588
2025,3,9805,31344.639
2025,3,9806,21024.348
2025,3,9807,21747.123
2025,3,9808,28032.371
2025,3,9809,23494.998
2025,3,9810,28661.998
2025,3,9811,12476.852
2025,3,9812,26225.729
2025,3,9813,28839.37
2025,3,9814,15138.79
2025,3,9815,28386.863
2025,3,9816,15252.343
2025,3,9817,11292.779
2025,3,9818,34199.355
2025,3,9819,16364.583
2025,3,9820,13144.908
2025,3,9821,34458.727
2025,3,9822,29501.168
2025,3,9823,26300.15
2025,3,9824,16516.932
2025,3,9825,25460.541
2025,3,9826,11709.579
2025,3,9827,19755.172
2025,3,9828,16411.135
2025,3,9829,15138.79
2025,3,9830,32180.227
2025,3,9831,15546.932
2025,3,9832,26221.16
2025,3,9833,19655.941
2025,3,9834,34574.555
2025,3,9835,25905.21
2025,3,9836,14848.034
2025,3,9837,15112.704
2025,3,9838,18667.357
2025,3,9839,28687.445
2025,3,9840,15328.906
2025,3,9841,17498.229
2025,3,9842,21496.37
2025,3,9843,38432.52
2025,3,9844,26581.348
2025,3,9845,16617.805
2025,3,9846,20743.268
2025,3,9847,27338.3
2025,3,9848,16392.516
2025,3,9849,29122.527
2025,3,9850,49746.027
2025,3,9851,40877.227
2025,3,9852,16632.877
2025,3,9853,17861.764
2025,3,9854,15546.375
2025,3,9855,26574.691
2025,3,9856,16050.745
2025,3,9857,22902.637
2025,3,9858,18762.832
2025,3,9859,25660.314
2025,3,9860,22492.3
2025,3,9861,24649.988
2025,3,9862,38320.26
2025,3,9863,27437.846
2025,3,9864,37060.22
2025,3,9865,11851.544
2025,3,9866,15314.415
2025,3,9867,18765.934
2025,3,9868,15172.609
2025,3,9869,27415.4
2025,3,9870,29554.256
2025,3,9871,30900.99
2025,3,9872,26496.621
2025,3,9873,23450.795
2025,3,9874,36779.805
2025,3,9875,16519.828
2025,3,9876,23814.424
2025,3,9877,35513.13
2025,3,9878,19571.916
2025,3,9879,16840.756
2025,3,9880,26792.186
2025,3,9881,27935.531
2025,3,9882,15112.003
2025,3,9883,26679.79
2025,3,9884,21519.58
2025,3,9885,16518.406
2025,3,9886,20846.922
2025,3,9887,39637.812
2025,3,9888,25561.113
2025,3,9889,19958.826
2025,3,9890,26562.04
2025,3,9891,20502.344
2025,3,9892,11911.336
2025,3,9893,12294.99
2025,3,9894,12378.52
2025,3,9895,21759.107
2025,3,9896,21134.752
2025,3,9897,29944.338
2025,3,9898,21900.219
2025,3,9899,33828.41
2025,3,9900,31865.125
2025,3,9901,15331.442
2025,3,9902,36127.79
2025,3,9903,21150.322
2025,3,9904,23654.854
2025,3,9905,15378.563
2025,3,9906,23723.031
2025,3,9907,15625.769
2025,3,9908,25242.607
2025,3,9909,15164.169
2025,3,9910,29388.87
2025,3,9911,21796.994
2025,3,9912,16567.129
2025,3,9913,20149.408
2025,3,9914,20136.514
2025,3,9915,20398.168
2025,3,9916,22226.877
2025,3,9917,36083.54
2025,3,9918,29582.264
2025,3,9919,30437.135
2025,3,9920,27274.324
2025,3,9921,31295.576
2025,3,9922,20056.664
2025,3,9923,14712.144
2025,3,9924,19938.486
2025,3,9925,33155.008
2025,3,9926,29556.607
2025,3,9927,16792.887
2025,3,9928,32698.8
2025,3,9929,36213.17
2025,3,9930,28096.188
2025,3,9931,25829.229
2025,3,9932,34405.242
2025,3,9933,17413.291
2025,3,9934,29072.303
2025,3,9935,23701.57
2025,3,9936,34439.906
2025,3,9937,42410.28
2025,3,9938,45487.836
2025,3,9939,33249.887
2025,3,9940,21376.672
2025,3,9941,22714.064
2025,3,9942,33020.348
2025,3,9943,23713.95
2025,3,9944,20269.492
2025,3,9945,17080.666
2025,3,9946,23658.658
2025,3,9947,10814.578
2025,3,9948,10892.8955
2025,3,9949,17348.752
2025,3,9950,22335.996
2025,3,9951,20220.707
2025,3,9952,17293.312
2025,3,9953,32812.047
2025,3,9954,32221.807
2025,3,9955,21860.4
2025,3,9956,28619.637
2025,3,9957,26663.291
2025,3,9958,26019.725
2025,3,9959,28538.232
2025,3,9960,23579.828
2025,3,9961,31577.666
2025,3,9962,22939.625
2025,3,9963,48717.34
2025,3,9964,29719.363
2025,3,9965,15192.328
2025,3,9966,24150.486
2025,3,9967,25023.354
2025,3,9968,24854.959
2025,3,9969,26886.031
2025,3,9970,24354.145
2025,3,9971,36201.938
2025,3,9972,17909.055
2025,3,9973,37926.86
2025,3,9974,20537.402
2025,3,9975,31857.658
2025,3,9976,15990.3
2025,3,9977,19512.043
2025,3,9978,15208.256
2025,3,9979,34903.35
2025,3,9980,25440.768
2025,3,9981,28634.064
2025,3,9982,20412.756
2025,3,9983,39934.336
2025,3,9984,26429.828
2025,3,9985,15252.343
2025,3,9986,25790.64
2025,3,9987,21704.986
2025,3,9988,24272.463
2025,3,9989,23615.963
2025,3,9990,25997.395
2025,3,9991,22553.795
2025,3,9992,20252.021
2025,3,9993,35192.047
2025,3,9994,18016.932
2025,3,9995,19353.979
2025,3,9996,41830.953
2025,3,9997,20649.018
2025,3,9998,33802.8
2025,3,9999,24372.477
2025,3,10000,19702.041
2025,3,10001,11867.484
2025,3,10002,26974.852
2025,3,10003,28876.863
2025,3,10004,19693.223
2025,3,10005,12369.8545
2025,3,10006,16984.467
2025,3,10007,11698.552
2025,3,10008,23669.13
2025,3,10009,24321.668
2025,3,10010,15092.922
2025,3,10011,23252.307
2025,3,10012,23537.998
2025,3,10013,21054.719
2025,3,10014,16555.877
2025,3,10015,28042.006
2025,3,10016,15473.055
2025,3,10017,31379.383
2025,3,10018,21183.822
2025,3,10019,16020.645
2025,3,10020,32143.652
2025,3,10021,33410.844
2025,3,10022,25532.47
2025,3,10023,17383.094
2025,3,10024,20788.42
2025,3,10025,22628.166
2025,3,10026,23662.09
2025,3,10027,31861.3
2025,3,10028,23138.777
2025,3,10029,22223.084
2025,3,10030,44547.152
2025,3,10031,15252.343
2025,3,10032,25959.018
2025,3,10033,35467.453
2025,3,10034,24497.521
2025,3,10035,18434.78
2025,3,10036,24557.752
2025,3,10037,24644.328
2025,3,10038,18430.062
2025,3,10039,19813.805
2025,3,10040,16134.325
2025,3,10041,39894.41
2025,3,10042,28370.182
2025,3,10043,22560.92
2025,3,10044,24862.346
2025,3,10045,22142.88
2025,3,10046,27162.447
2025,3,10047,14445.679
2025,3,10048,15331.815
2025,3,10049,34096.883
2025,3,10050,28120.455
2025,3,10051,15391.027
2025,3,10052,29180.45
2025,3,10053,21584.756
2025,3,10054,37827.785
2025,3,10055,20578.297
2025,3,10056,36316.7
2025,3,10057,31826.5
2025,3,10058,27068.057
2025,3,10059,29237.1
2025,3,10060,24386.426
2025,3,10061,32639.146
2025,3,10062,19000.475
2025,3,10063,17001.691
2025,3,10064,24468.947
2025,3,10065,26996.193
2025,3,10066,32209.018
2025,3,10067,21814.404
2025,3,10068,21148.441
2025,3,10069,25729.969
2025,3,10070,33251.55
2025,3,10071,22797.604
2025,3,10072,25529.69
2025,3,10073,19895.75
2025,3,10074,21382.143
2025,3,10075,19588.816
2025,3,10076,15968.347
2025,3,10077,32373.453
2025,3,10078,19653.857
2025,3,10079,35309.184
2025,3,10080,22780.975
2025,3,10081,20960.834
2025,3,10082,23370.72
2025,3,10083,18964.045
2025,3,10084,19197.559
2025,3,10085,15208.256
2025,3,10086,23040.885
2025,3,10087,23041.6
2025,3,10088,15192.328
2025,3,10089,29757.006
2025,3,10090,23001.41
2025,3,10091,38811.87
2025,3,10092,15128.933
2025,3,10093,11976.413
2025,3,10094,22807.492
2025,3,10095,29618.248
2025,3,10096,31572.645
2025,3,10097,31869.463
2025,3,10098,30455.877
2025,3,10099,30453.674
2025,3,10100,31998.08
2025,3,10101,37719.664
2025,3,10102,16188.001
2025,3,10103,23082.117
2025,3,10104,22950.605
2025,3,10105,14805.622
2025,3,10106,25056.709
2025,3,10107,17427.676
2025,3,10108,17424.783
2025,3,10109,43314.434
2025,3,10110,29620.998
2025,3,10111,23007.955
2025,3,10112,25407.22
2025,3,10113,21104.04
2025,3,10114,24093.277
2025,3,10115,11972.575
2025,3,10116,11600.761
2025,3,10117,24642.436
2025,3,10118,16206.12
2025,3,10119,20980.475
2025,3,10120,28171.52
2025,3,10121,11397.9795
2025,3,10122,23470.697
2025,3,10123,28680.252
2025,3,10124,25905.21
2025,3,10125,22704.086
2025,3,10126,38784.125
2025,3,10127,34670.17
2025,3,10128,23901.229
2025,3,10129,43326.742
2025,3,10130,16507.467
2025,3,10131,24983.318
2025,3,10132,27823.832
2025,3,10133,30310.08
2025,3,10134,36457.055
2025,3,10135,27214.727
2025,3,10136,27191.709
2025,3,10137,19836.639
2025,3,10138,22149.443
2025,3,10139,26081.41
2025,3,10140,22066.729
2025,3,10141,11432.081
2025,3,10142,22088.547
2025,3,10143,25285.777
2025,3,10144,21647.504
2025,3,10145,20390.38
2025,3,10146,19432.389
2025,3,10147,21930.008
2025,3,10148,15884.717
2025,3,10149,20731.955
2025,3,10150,15236.415
2025,3,10151,32401.965
2025,3,10152,45231.656
2025,3,10153,11214.073
2025,3,10154,26658.91
2025,3,10155,20077.307
2025,3,10156,25497.451
2025,3,10157,36977.395
2025,3,10158,20491.566
2025,3,10159,26701.482
2025,3,10160,24134.188
2025,3,10161,11918.473
2025,3,10162,12193.237
2025,3,10163,21251.201
2025,3,10164,21222.332
2025,3,10165,28024.105
2025,3,10166,26845.203
2025,3,10167,24558.877
2025,3,10168,18186.139
2025,3,10169,23052.979
2025,3,10170,36777.36
2025,3,10171,16107.491
2025,3,10172,29172.977
2025,3,10173,31451.75
2025,3,10174,12053.525
2025,3,10175,24395.484
2025,3,10176,30755.807
2025,3,10177,15754.266
2025,3,10178,34087.227
2025,3,10179,33018.54
2025,3,10180,11312.452
2025,3,10181,12373.507
2025,3,10182,47698.242
2025,3,10183,16692.793
2025,3,10184,24595.008
2025,3,10185,35957.332
2025,3,10186,30745.207
2025,3,10187,21347.023
2025,3,10188,11110.563
2025,3,10189,21896.965
2025,3,10190,14813.936
2025,3,10191,25577.281
2025,3,10192,14386.673
2025,3,10193,22359.805
2025,3,10194,40927.004
2025,3,10195,10927.661
2025,3,10196,20449.975
2025,3,10197,15086.284
2025,3,10198,10748.042
2025,3,10199,18781.365
2025,3,10200,11027.683
2025,3,10201,23743.914
2025,3,10202,15086.284
2025,3,10203,17240.742
2025,3,10204,14977.026
2025,3,10205,21309.299
2025,3,10206,26988.088
2025,3,10207,16022.673
2025,3,10208,35285.15
2025,3,10209,25700.338
2025,3,10210,25962.46
2025,3,10211,23045.627
2025,3,10212,29246.387
2025,3,10213,28328.096
2025,3,10214,25515.371
2025,3,10215,12086.922
2025,3,10216,24006.89
2025,3,10217,31040.277
2025,3,10218,25698.215
2025,3,10219,26434.492
2025,3,10220,18962.371
2025,3,10221,26208.922
2025,3,10222,19913.168
2025,3,10223,24510.342
2025,3,10224,19736.113
2025,3,10225,21911.686
2025,3,10226,29650.889
2025,3,10227,27767.527
2025,3,10228,15200.012
2025,3,10229,21857.5
2025,3,10230,16951.17
2025,3,10231,29556.943
2025,3,10232,17904.191
2025,3,10233,11455.417
2025,3,10234,15140.173
2025,3,10235,17747.361
2025,3,10236,22589.635
2025,3,10237,25132.174
2025,3,10238,23175.895
2025,3,10239,12956.678
2025,3,10240,15949.346
2025,3,10241,32484.365
2025,3,10242,17877.902
2025,3,10243,15444.28
2025,3,10244,11377.117
2025,3,10245,29550.549
2025,3,10246,27249.31
2025,3,10247,16487.32
2025,3,10248,15451.572
2025,3,10249,27647.186
2025,3,10250,15407.581
2025,3,10251,32278.695
2025,3,10252,31670.387
2025,3,10253,24725.615
2025,3,10254,28847.645
2025,3,10255,16755.246
2025,3,10256,12748.445
2025,3,10257,22946.729
2025,3,10258,13148.9795
2025,3,10259,11970.183
2025,3,10260,24929.729
2025,3,10261,23418.408
2025,3,10262,34675.85
2025,3,10263,25790.203
2025,3,10264,30310.605
2025,3,10265,21738.209
2025,3,10266,35406.555
2025,3,10267,17192.084
2025,3,10268,30312.508
2025,3,10269,23350.129
2025,3,10270,11905.622
2025,3,10271,26243.598
2025,3,10272,29465.11
2025,3,10273,14776.657
2025,3,10274,24011.434
2025,3,10275,28015.006
2025,3,10276,19758.031
2025,3,10277,16910.156
2025,3,10278,28915.281
2025,3,10279,23130.418
2025,3,10280,11998.447
2025,3,10281,22937.854
2025,3,10282,27133.725
2025,3,10283,15318.027
2025,3,10284,16952.756
2025,3,10285,19456.932
2025,3,10286,40173.844
2025,3,10287,21356.924
2025,3,10288,18362.545
2025,3,10289,15981.329
2025,3,10290,26812.357
2025,3,10291,19200.709
2025,3,10292,26468.15
2025,3,10293,21957.94
2025,3,10294,25452.32
2025,3,10295,21667.115
2025,3,10296,19352.842
2025,3,10297,22921.92
2025,3,10298,25381.812
2025,3,10299,16294.68
2025,3,10300,20592.174
2025,3,10301,20419.928
2025,3,10302,15982.952
2025,3,10303,24403.717
2025,3,10304,26003.488
2025,3,10305,26168.436
2025,3,10306,15737.59
2025,3,10307,15331.442
2025,3,10308,10998.305
2025,3,10309,24972.414
2025,3,10310,14994.862
2025,3,10311,20528.713
2025,3,10312,21520.816
2025,3,10313,17943.133
2025,3,10314,15546.932
2025,3,10315,28342.686
2025,3,10316,29248.062
2025,3,10317,15135.409
2025,3,10318,23666.645
2025,3,10319,21351.18
2025,3,10320,35434.188
2025,3,10321,14677.504
2025,3,10322,14947.677
2025,3,10323,27655.314
2025,3,10324,23973.846
2025,3,10325,17620.826
2025,3,10326,15841.706
2025,3,10327,23215.682
2025,3,10328,24069.998
2025,3,10329,23122.617
2025,3,10330,23544.195
2025,3,10331,26326.475
2025,3,10332,29156.316
2025,3,10333,29779.898
2025,3,10334,22457.38
2025,3,10335,23438.725
2025,3,10336,28997.22
2025,3,10337,13107.194
2025,3,10338,21875.305
2025,3,10339,21611.775
2025,3,10340,29440.135
2025,3,10341,17325.662
2025,3,10342,35682.598
2025,3,10343,25977.299
2025,3,10344,29275.604
2025,3,10345,28506.658
2025,3,10346,21585.025
2025,3,10347,32726.674
2025,3,10348,20029.434
2025,3,10349,23971.842
2025,3,10350,21601.316
2025,3,10351,21289.898
2025,3,10352,24580.7
2025,3,10353,31645.844
2025,3,10354,11783.548
2025,3,10355,30845.959
2025,3,10356,25529.375
2025,3,10357,31940.67
2025,3,10358,23034.105
2025,3,10359,14251.478
2025,3,10360,26401.598
2025,3,10361,25161.58
2025,3,10362,35174.63
2025,3,10363,15109.15
2025,3,10364,28299.244
2025,3,10365,31260.926
2025,3,10366,24083.648
2025,3,10367,36863.56
2025,3,10368,31847.412
2025,3,10369,24312.904
2025,3,10370,29146.467
2025,3,10371,48147.11
2025,3,10372,15435.783
2025,3,10373,25322.21
2025,3,10374,26180.389
2025,3,10375,20887.646
2025,3,10376,26350.19
2025,3,10377,20547.127
2025,3,10378,21993.652
2025,3,10379,27948.16
2025,3,10380,14480.623
2025,3,10381,21894.422
2025,3,10382,19960.389
2025,3,10383,16708.434
2025,3,10384,25736.79
2025,3,10385,16895.28
2025,3,10386,21010.63
2025,3,10387,20388.21
2025,3,10388,19381.697
2025,3,10389,22297.355
2025,3,10390,36830.105
2025,3,10391,36528.234
2025,3,10392,27951.223
2025,3,10393,16152.283
2025,3,10394,38474.33
2025,3,10395,11709.929
2025,3,10396,33400.11
2025,3,10397,16194.902
2025,3,10398,30129.129
2025,3,10399,24575.357
2025,3,10400,29844.027
2025,3,10401,24555.84
2025,3,10402,15706.29
2025,3,10403,39832.12
2025,3,10404,45871.53
2025,3,10405,33003.625
2025,3,10406,23235.637
2025,3,10407,20741.553
2025,3,10408,29969.29
2025,3,10409,22425.787
2025,3,10410,16991.926
2025,3,10411,24549.518
2025,3,10412,29400.748
2025,3,10413,21010.889
2025,3,10414,35042.17
2025,3,10415,34025.406
2025,3,10416,24854.646
2025,3,10417,14612.808
2025,3,10418,18585.953
2025,3,10419,23249.898
2025,3,10420,24569.592
2025,3,10421,24499.871
2025,3,10422,29854.139
2025,3,10423,36219.367
2025,3,10424,20675.262
2025,3,10425,36192.703
2025,3,10426,20631.066
2025,3,10427,39308.46
2025,3,10428,27188.242
2025,3,10429,26757.887
2025,3,10430,24157.45
2025,3,10431,58182.156
2025,3,10432,29388.256
2025,3,10433,33820.582
2025,3,10434,27420.705
2025,3,10435,21160.334
2025,3,10436,11978.833
2025,3,10437,23088.193
2025,3,10438,41453.676
2025,3,10439,20373.248
2025,3,10440,37763.195
2025,3,10441,26569.156
2025,3,10442,53031.074
2025,3,10443,22357.564
2025,3,10444,21753.557
2025,3,10445,27984.266
2025,3,10446,27101.459
2025,3,10447,15072.113
2025,3,10448,27705.814
2025,3,10449,25038.33
2025,3,10450,19168.04
2025,3,10451,19153.885
2025,3,10452,31390.984
2025,3,10453,20789.57
2025,3,10454,24192.885
2025,3,10455,15594.697
2025,3,10456,33606.625
2025,3,10457,44797.06
2025,3,10458,33411.67
2025,3,10459,23017.13
2025,3,10460,48258.742
2025,3,10461,23182.762
2025,3,10462,21155.934
2025,3,10463,30484.352
2025,3,10464,28173.016
2025,3,10465,15170.872
2025,3,10466,20252.299
2025,3,10467,26588.498
2025,3,10468,27528.557
2025,3,10469,29958.656
2025,3,10470,38778.07
2025,3,10471,21876.277
2025,3,10472,19647.273
2025,3,10473,20392.738
2025,3,10474,25779.484
2025,3,10475,22612.77
2025,3,10476,19061.299
2025,3,10477,36443.066
2025,3,10478,20181.168
2025,3,10479,51332.63
2025,3,10480,11251.141
2025,3,10481,21234.543
2025,3,10482,20029.115
2025,3,10483,35336.1
2025,3,10484,26667.38
2025,3,10485,23779.139
2025,3,10486,30962.264
2025,3,10487,27325.69
2025,3,10488,28398.916
2025,3,10489,18762.42
2025,3,10490,22238.207
2025,3,10491,22029.016
2025,3,10492,25490.035
2025,3,10493,16257.436
2025,3,10494,15517.1455
2025,3,10495,31816.436
2025,3,10496,25681.348
2025,3,10497,15521.659
2025,3,10498,27646.338
2025,3,10499,25088.217
2025,3,10500,24717.746
2025,3,10501,16346.138
2025,3,10502,29676.227
2025,3,10503,23966.19
2025,3,10504,25446.475
2025,3,10505,28886.812
2025,3,10506,20904.117
2025,3,10507,17192.312
2025,3,10508,21649.865
2025,3,10509,37630.496
2025,3,10510,20313.07
2025,3,10511,19128.91
2025,3,10512,31053.562
2025,3,10513,12017.202
2025,3,10514,30489.191
2025,3,10515,18882.547
2025,3,10516,29266.14
2025,3,10517,33605.188
2025,3,10518,24028.184
2025,3,10519,23620.166
2025,3,10520,39159.105
2025,3,10521,20110.582
2025,3,10522,25292.113
2025,3,10523,33997.688
2025,3,10524,30896.428
2025,3,10525,20867.178
2025,3,10526,27693.094
2025,3,10527,19334.084
2025,3,10528,19424.111
2025,3,10529,27531.771
2025,3,10530,43514.86
2025,3,10531,45263.004
2025,3,10532,24122.945
2025,3,10533,12939.885
2025,3,10534,22542.748
2025,3,10535,32695.285
2025,3,10536,21593.223
2025,3,10537,24178.492
2025,3,10538,27052.262
2025,3,10539,31935.248
2025,3,10540,31720.479
2025,3,10541,19528.096
2025,3,10542,22963.707
2025,3,10543,17377.285
2025,3,10544,36300.21
2025,3,10545,23955.182
2025,3,10546,15320.559
2025,3,10547,30820.336
2025,3,10548,21992.07
2025,3,10549,39143.094
2025,3,10550,29073.264
2025,3,10551,28068.664
2025,3,10552,27245.787
2025,3,10553,26708.492
2025,3,10554,22015.219
2025,3,10555,17542.049
2025,3,10556,21421.914
2025,3,10557,16722.76
2025,3,10558,25466.102
2025,3,10559,21653.8
2025,3,10560,27243.416
2025,3,10561,23698.438
2025,3,10562,27682.955
2025,3,10563,27739.57
2025,3,10564,29480.502
2025,3,10565,15793.291
2025,3,10566,22217.928
2025,3,10567,23767.004
2025,3,10568,16170.037
2025,3,10569,21490.977
2025,3,10570,22402.953
2025,3,10571,12367.13
2025,3,10572,29757.836
2025,3,10573,27377.133
2025,3,10574,16565.95
2025,3,10575,24926.291
2025,3,10576,21910.256
2025,3,10577,35793.0
2025,3,10578,41573.258
2025,3,10579,14841.691
2025,3,10580,22014.396
2025,3,10581,33675.7
2025,3,10582,30877.871
2025,3,10583,32697.994
2025,3,10584,27646.506
2025,3,10585,24463.762
2025,3,10586,25873.656
2025,3,10587,24969.707
2025,3,10588,21141.09
2025,3,10589,33263.457
2025,3,10590,22815.562
2025,3,10591,29693.125
2025,3,10592,26006.502
2025,3,10593,18646.932
2025,3,10594,24870.137
2025,3,10595,39393.082
2025,3,10596,21739.223
2025,3,10597,27480.883
2025,3,10598,23408.182
2025,3,10599,21446.738
2025,3,10600,25771.482
2025,3,10601,34519.516
2025,3,10602,21068.95
2025,3,10603,23658.24
2025,3,10604,22171.303
2025,3,10605,23066.445
2025,3,10606,17579.996
2025,3,10607,15817.118
2025,3,10608,22912.95
2025,3,10609,14715.665
2025,3,10610,25466.383
2025,3,10611,16973.568
2025,3,10612,29604.56
2025,3,10613,18447.139
2025,3,10614,17018.412
2025,3,10615,16016.999
2025,3,10616,14827.594
2025,3,10617,24108.684
2025,3,10618,17639.348
2025,3,10619,22173.404
2025,3,10620,15277.438
2025,3,10621,42359.863
2025,3,10622,27038.4
2025,3,10623,33507.418
2025,3,10624,20719.6
2025,3,10625,23404.832
2025,3,10626,36602.496
2025,3,10627,20285.889
2025,3,10628,20885.793
2025,3,10629,20705.49
2025,3,10630,21071.117
2025,3,10631,16185.499
2025,3,10632,24353.506
2025,3,10633,36903.9
2025,3,10634,46278.207
2025,3,10635,21309.31
2025,3,10636,22525.09
2025,3,10637,15994.963
2025,3,10638,37395.266
2025,3,10639,17581.38
2025,3,10640,16949.346
2025,3,10641,11149.312
2025,3,10642,21703.312
2025,3,10643,27779.375
2025,3,10644,38466.535
2025,3,10645,23000.758
2025,3,10646,30672.188
2025,3,10647,23606.957
2025,3,10648,29564.2
2025,3,10649,23338.291
2025,3,10650,27580.857
2025,3,10651,31055.69
2025,3,10652,26806.29
2025,3,10653,22744.28
2025,3,10654,34146.285
2025,3,10655,26560.664
2025,3,10656,21714.094
2025,3,10657,16884.287
2025,3,10658,27529.518
2025,3,10659,20909.94
2025,3,10660,16943.775
2025,3,10661,22836.834
2025,3,10662,16801.049
2025,3,10663,27517.635
2025,3,10664,23213.588
2025,3,10665,22061.08
2025,3,10666,22574.332
2025,3,10667,16779.293
2025,3,10668,26785.125
2025,3,10669,27047.447
2025,3,10670,33217.984
2025,3,10671,17231.904
2025,3,10672,55288.16
2025,3,10673,21754.414
2025,3,10674,17639.56
2025,3,10675,21850.834
2025,3,10676,34202.26
2025,3,10677,26595.916
2025,3,10678,25569.998
2025,3,10679,28191.564
2025,3,10680,35707.062
2025,3,10681,49033.484
2025,3,10682,39779.49
2025,3,10683,10908.049
2025,3,10684,22779.537
2025,3,10685,16188.887
2025,3,10686,24253.527
2025,3,10687,31120.545
2025,3,10688,25177.977
2025,3,10689,16790.842
2025,3,10690,25782.598
2025,3,10691,22814.328
2025,3,10692,25684.191
2025,3,10693,35538.074
2025,3,10694,24293.725
2025,3,10695,35988.55
2025,3,10696,21890.37
2025,3,10697,36200.13
2025,3,10698,34863.656
2025,3,10699,26834.957
2025,3,10700,25628.23
2025,3,10701,27365.396
2025,3,10702,17107.12
2025,3,10703,26869.572
2025,3,10704,34075.78
2025,3,10705,30568.068
2025,3,10706,22048.086
2025,3,10707,43722.254
2025,3,10708,15721.376
2025,3,10709,22660.68
2025,3,10710,37606.55
2025,3,10711,15823.394
2025,3,10712,17259.867
2025,3,10713,21488.402
2025,3,10714,34279.766
2025,3,10715,26136.904
2025,3,10716,14229.718
2025,3,10717,26440.432
2025,3,10718,27968.65
2025,3,10719,15600.821
2025,3,10720,26971.271
2025,3,10721,30468.893
2025,3,10722,21411.352
2025,3,10723,36332.234
2025,3,10724,16873.771
2025,3,10725,30665.023
2025,3,10726,26901.828
2025,3,10727,22375.254
2025,3,10728,22778.324
2025,3,10729,23379.66
2025,3,10730,42697.73
2025,3,10731,38738.94
2025,3,10732,11885.896
2025,3,10733,26688.18
2025,3,10734,30572.006
2025,3,10735,25417.254
2025,3,10736,16562.549
2025,3,10737,26753.38
2025,3,10738,22819.23
2025,3,10739,26729.846
2025,3,10740,35831.246
2025,3,10741,23925.678
2025,3,10742,22935.861
2025,3,10743,26394.777
2025,3,10744,24728.533
2025,3,10745,22652.355
2025,3,10746,37391.547
2025,3,10747,32399.28
2025,3,10748,27435.902
2025,3,10749,15896.314
2025,3,10750,24236.201
2025,3,10751,26909.193
2025,3,10752,21664.617
2025,3,10753,31703.305
2025,3,10754,35943.277
2025,3,10755,30562.148
2025,3,10756,24107.914
2025,3,10757,22425.984
2025,3,10758,16271.443
2025,3,10759,26075.215
2025,3,10760,29611.004
2025,3,10761,29572.14
2025,3,10762,34269.207
2025,3,10763,19971.547
2025,3,10764,21123.777
2025,3,10765,19453.045
2025,3,10766,33380.457
2025,3,10767,23644.033
2025,3,10768,17142.264
2025,3,10769,35559.336
2025,3,10770,22471.959
2025,3,10771,21939.404
2025,3,10772,27780.297
2025,3,10773,32157.885
2025,3,10774,25566.912
2025,3,10775,25150.826
2025,3,10776,28891.73
2025,3,10777,22622.26
2025,3,10778,24751.045
2025,3,10779,20271.045
2025,3,10780,28238.326
2025,3,10781,46115.914
2025,3,10782,20301.793
2025,3,10783,30136.037
2025,3,10784,36989.87
2025,3,10785,25575.059
2025,3,10786,30392.867
2025,3,10787,26241.281
2025,3,10788,22650.691
2025,3,10789,28333.947
2025,3,10790,26580.8
2025,3,10791,30199.842
2025,3,10792,20765.35
2025,3,10793,31294.414
2025,3,10794,25772.158
2025,3,10795,28618.742
2025,3,10796,24999.145
2025,3,10797,25821.664
2025,3,10798,33616.3
2025,3,10799,25474.703
2025,3,10800,20510.936
2025,3,10801,20036.625
2025,3,10802,29316.242
2025,3,10803,23712.385
2025,3,10804,15905.709
2025,3,10805,37713.22
2025,3,10806,24945.848
2025,3,10807,23753.572
2025,3,10808,18847.146
2025,3,10809,24882.998
2025,3,10810,20817.094
2025,3,10811,33857.387
2025,3,10812,26564.668
2025,3,10813,22621.176
2025,3,10814,27920.467
2025,3,10815,26707.1
2025,3,10816,25301.674
2025,3,10817,20604.525
2025,3,10818,19389.523
2025,3,10819,23708.797
2025,3,10820,35298.48
2025,3,10821,23754.293
2025,3,10822,30377.898
2025,3,10823,29020.139
2025,3,10824,20034.168
2025,3,10825,22660.344
2025,3,10826,25760.775
2025,3,10827,31485.172
2025,3,10828,22447.89
2025,3,10829,30149.861
2025,3,10830,23315.35
2025,3,10831,23464.703
2025,3,10832,32575.303
2025,3,10833,25900.32
2025,3,10834,30355.44
2025,3,10835,24237.896
2025,3,10836,27022.576
2025,3,10837,31960.164
2025,3,10838,26495.182
2025,3,10839,30898.75
2025,3,10840,20605.27
2025,3,10841,29900.537
2025,3,10842,25328.115
2025,3,10843,21827.096
2025,3,10844,29330.514
2025,3,10845,22922.314
2025,3,10846,30349.46
2025,3,10847,31509.256
2025,3,10848,20514.752
2025,3,10849,26854.186
2025,3,10850,26079.75
2025,3,10851,17324.65
2025,3,10852,26219.475
2025,3,10853,21510.47
2025,3,10854,37503.684
2025,3,10855,23842.186
2025,3,10856,33715.71
2025,3,10857,38556.516
2025,3,10858,29006.023
2025,3,10859,27272.756
2025,3,10860,39116.664
2025,3,10861,31690.154
2025,3,10862,32916.33
2025,3,10863,22399.643
2025,3,10864,28954.13
2025,3,10865,25027.285
2025,3,10866,20603.207
2025,3,10867,16331.191
2025,3,10868,33840.3
2025,3,10869,11782.3125
2025,3,10870,20330.197
2025,3,10871,22718.834
2025,3,10872,23306.568
2025,3,10873,28423.041
2025,3,10874,20923.795
2025,3,10875,25322.443
2025,3,10876,17337.074
2025,3,10877,16863.209
2025,3,10878,22540.725
2025,3,10879,38148.0
2025,3,10880,26258.969
2025,3,10881,21677.62
2025,3,10882,31336.979
2025,3,10883,21600.945
2025,3,10884,15648.545
2025,3,10885,32866.387
2025,3,10886,26566.004
2025,3,10887,33162.34
2025,3,10888,27985.045
2025,3,10889,16552.0
2025,3,10890,26054.46
2025,3,10891,26887.25
2025,3,10892,26603.72
2025,3,10893,23448.512
2025,3,10894,28592.205
2025,3,10895,27306.174
2025,3,10896,27761.27
2025,3,10897,25365.082
2025,3,10898,22122.99
2025,3,10899,25983.918
2025,3,10900,27036.812
2025,3,10901,23731.086
2025,3,10902,27420.498
2025,3,10903,30050.725
2025,3,10904,26181.463
2025,3,10905,23925.97
2025,3,10906,27631.57
2025,3,10907,38381.42
2025,3,10908,24759.402
2025,3,10909,18721.744
2025,3,10910,26645.371
2025,3,10911,25234.74
2025,3,10912,15546.54
2025,3,10913,25820.658
2025,3,10914,27058.17
2025,3,10915,15728.576
2025,3,10916,23773.611
2025,3,10917,32652.973
2025,3,10918,11370.723
2025,3,10919,21583.67
2025,3,10920,30253.566
2025,3,10921,40845.45
2025,3,10922,35360.355
2025,3,10923,20973.42
2025,3,10924,35956.742
2025,3,10925,31488.316
2025,3,10926,19945.105
2025,3,10927,26468.133
2025,3,10928,20727.621
2025,3,10929,22606.959
2025,3,10930,24635.691
2025,3,10931,32227.424
2025,3,10932,12843.846
2025,3,10933,21828.893
2025,3,10934,16162.399
2025,3,10935,22377.406
2025,3,10936,15093.733
2025,3,10937,25385.453
2025,3,10938,28871.066
2025,3,10939,20485.34
2025,3,10940,27325.799
2025,3,10941,22161.254
2025,3,10942,28472.95
2025,3,10943,17648.637
2025,3,10944,24828.186
2025,3,10945,23379.398
2025,3,10946,13030.16
2025,3,10947,30041.48
2025,3,10948,26566.844
2025,3,10949,26952.176
2025,3,10950,19655.559
2025,3,10951,25656.926
2025,3,10952,28250.223
2025,3,10953,37522.598
2025,3,10954,21767.332
2025,3,10955,23013.812
2025,3,10956,39964.113
2025,3,10957,32476.578
2025,3,10958,33503.87
2025,3,10959,24185.47
2025,3,10960,22931.229
2025,3,10961,39412.47
2025,3,10962,33444.652
2025,3,10963,27932.166
2025,3,10964,16056.226
2025,3,10965,33772.492
2025,3,10966,27647.027
2025,3,10967,23300.918
2025,3,10968,23471.846
2025,3,10969,36947.156
2025,3,10970,24192.121
2025,3,10971,19520.826
2025,3,10972,30897.848
2025,3,10973,21615.08
2025,3,10974,21139.158
2025,3,10975,24095.15
2025,3,10976,19968.299
2025,3,10977,23308.018
2025,3,10978,26117.291
2025,3,10979,21978.705
2025,3,10980,18209.344
2025,3,10981,17853.117
2025,3,10982,32724.895
2025,3,10983,17342.264
2025,3,10984,40340.547
2025,3,10985,16785.254
2025,3,10986,27041.062
2025,3,10987,20809.947
2025,3,10988,24300.582
2025,3,10989,21072.89
2025,3,10990,16628.44
2025,3,10991,25226.271
2025,3,10992,19522.008
2025,3,10993,31465.271
2025,3,10994,28835.736
2025,3,10995,20631.541
2025,3,10996,20230.63
2025,3,10997,23526.814
2025,3,10998,24291.783
2025,3,10999,26950.473
2025,3,11000,16209.702
2025,3,11001,25222.195
2025,3,11002,23067.203
2025,3,11003,31543.697
2025,3,11004,24759.11
2025,3,11005,24173.646
2025,3,11006,23202.494
2025,3,11007,24333.125
2025,3,11008,31428.354
2025,3,11009,24352.777
2025,3,11010,16624.344
2025,3,11011,17263.352
2025,3,11012,25759.416
2025,3,11013,21685.832
2025,3,11014,19382.318
2025,3,11015,17010.455
2025,3,11016,28981.129
2025,3,11017,21168.043
2025,3,11018,16979.773
2025,3,11019,21064.049
2025,3,11020,13754.64
2025,3,11021,21524.018
2025,3,11022,20344.037
2025,3,11023,25152.748
2025,3,11024,23191.11
2025,3,11025,27032.146
2025,3,11026,24747.45
2025,3,11027,30367.314
2025,3,11028,29969.125
2025,3,11029,17228.979
2025,3,11030,23162.703
2025,3,11031,39579.87
2025,3,11032,40644.336
2025,3,11033,23769.246
2025,3,11034,33321.94
2025,3,11035,36649.82
2025,3,11036,22006.104
2025,3,11037,20967.246
2025,3,11038,23669.361
2025,3,11039,24680.252
2025,3,11040,27449.06
2025,3,11041,36611.36
2025,3,11042,34414.03
2025,3,11043,24328.145
2025,3,11044,28939.445
2025,3,11045,32824.11
2025,3,11046,27066.527
2025,3,11047,24293.434
2025,3,11048,22164.744
2025,3,11049,25355.324
2025,3,11050,39573.33
2025,3,11051,23526.957
2025,3,11052,25147.611
2025,3,11053,24846.111
2025,3,11054,16164.1875
2025,3,11055,29664.873
2025,3,11056,28230.908
2025,3,11057,51412.8
2025,3,11058,17815.828
2025,3,11059,33352.273
2025,3,11060,20876.25
2025,3,11061,29740.43
2025,3,11062,21173.521
2025,3,11063,29245.264
2025,3,11064,26769.045
2025,3,11065,23868.418
2025,3,11066,33820.02
2025,3,11067,26927.164
2025,3,11068,30492.387
2025,3,11069,34451.945
2025,3,11070,27534.674
2025,3,11071,33236.51
2025,3,11072,27341.598
2025,3,11073,30454.332
2025,3,11074,38281.43
2025,3,11075,37630.55
2025,3,11076,23603.184
2025,3,11077,27120.668
2025,3,11078,39720.58
2025,3,11079,29895.229
2025,3,11080,20961.834
2025,3,11081,30131.479
2025,3,11082,23971.355
2025,3,11083,21155.248
2025,3,11084,27284.564
2025,3,11085,29763.12
2025,3,11086,37724.363
2025,3,11087,27336.432
2025,3,11088,12069.699
2025,3,11089,20849.092
2025,3,11090,33943.09
2025,3,11091,32645.662
2025,3,11092,30533.86
2025,3,11093,16571.098
2025,3,11094,25506.09
2025,3,11095,29218.0
2025,3,11096,16872.178
2025,3,11097,17113.33
2025,3,11098,27088.367
2025,3,11099,27237.41
2025,3,11100,32719.584
2025,3,11101,46373.656
2025,3,11102,37312.754
2025,3,11103,15306.594
2025,3,11104,35961.01
2025,3,11105,37276.41
2025,3,11106,28806.498
2025,3,11107,21776.363
2025,3,11108,23624.334
2025,3,11109,19019.254
2025,3,11110,24197.1
2025,3,11111,23612.799
2025,3,11112,36732.61
2025,3,11113,26773.408
2025,3,11114,25989.014
2025,3,11115,28727.27
2025,3,11116,20274.46
2025,3,11117,27715.785
2025,3,11118,34717.16
2025,3,11119,11642.329
2025,3,11120,22660.053
2025,3,11121,33906.68
2025,3,11122,35855.86
2025,3,11123,23164.01
2025,3,11124,29292.783
2025,3,11125,43581.29
2025,3,11126,20917.408
2025,3,11127,20737.312
2025,3,11128,35193.07
2025,3,11129,36409.152
2025,3,11130,26229.264
2025,3,11131,17058.19
2025,3,11132,32132.64
2025,3,11133,25657.152
2025,3,11134,27423.021
2025,3,11135,31285.678
2025,3,11136,19981.793
2025,3,11137,30451.225
2025,3,11138,23696.719
2025,3,11139,26293.477
2025,3,11140,23662.848
2025,3,11141,15208.256
2025,3,11142,24339.973
2025,3,11143,11558.047
2025,3,11144,18996.893
2025,3,11145,35728.816
2025,3,11146,23350.113
2025,3,11147,11924.58
2025,3,11148,16273.469
2025,3,11149,21421.787
2025,3,11150,27980.693
2025,3,11151,21100.79
2025,3,11152,31738.951
2025,3,11153,15154.718
2025,3,11154,34933.09
2025,3,11155,15980.322
2025,3,11156,25397.748
2025,3,11157,11035.19
2025,3,11158,30790.678
2025,3,11159,15573.171
2025,3,11160,23350.383
2025,3,11161,31371.848
2025,3,11162,27776.621
2025,3,11163,23869.314
2025,3,11164,16340.323
2025,3,11165,16907.338
2025,3,11166,28591.994
2025,3,11167,31502.387
2025,3,11168,15908.0205
2025,3,11169,29533.17
2025,3,11170,15331.442
2025,3,11171,22677.293
2025,3,11172,39363.777
2025,3,11173,22280.166
2025,3,11174,29335.234
