{
"type": "FeatureCollection",
"name": "rizal",
"crs": { "type": "name", "properties": { "name": "urn:ogc:def:crs:OGC:1.3:CRS84" } },
"features": [
{ "type": "Feature", "properties": { "psgc_code": "0405801001", "name": "Bagumbayan", "region": "Region IV-A (Calabarzon)", "province": "Rizal", "municipality": "Angono", "barangay": "Bagumbayan", "level": "barangay" }, "geometry": { "type": "Polygon", "coordinates": [ [ [ 121.148984405000192, 14.523135386000149 ], [ 121.149126815000045, 14.523108096000044 ], [ 121.149149215000079, 14.523026530000038 ], [ 121.149446706000163, 14.52314082099997 ], [ 121.149548126000013, 14.522852173000103 ], [ 121.150174049000043, 14.523094229000037 ], [ 121.150389600000153, 14.522062900000037 ], [ 121.150687600000083, 14.521448900000053 ], [ 121.151106600000162, 14.521109900000056 ], [ 121.151876600000264, 14.520805900000141 ], [ 121.152100600000153, 14.521124900000075 ], [ 121.15259725500016, 14.520775689000061 ], [ 121.152478761000111, 14.520692264000161 ], [ 121.151857237000172, 14.519423662000179 ], [ 121.15166974400006, 14.517946848 ], [ 121.151365473000169, 14.517932542999972 ], [ 121.150088904000313, 14.517331090000027 ], [ 121.149427702000139, 14.517136127000185 ], [ 121.148673001000134, 14.516094497000154 ], [ 121.148252346000049, 14.515791497000123 ], [ 121.147773716000074, 14.515627748000156 ], [ 121.147272489000102, 14.515143878000117 ], [ 121.147098120000123, 14.514847172000032 ], [ 121.14648338700033, 14.51435085300011 ], [ 121.146167134000052, 14.514621646000023 ], [ 121.146095012000046, 14.514787288000093 ], [ 121.146490863000054, 14.517266183000118 ], [ 121.147155302000101, 14.518487994000054 ], [ 121.147355388000278, 14.519803768000031 ], [ 121.147839741000098, 14.520876736000162 ], [ 121.148088575000088, 14.5218098900001 ], [ 121.14879441100004, 14.522817933000113 ], [ 121.14873948900015, 14.522899130000155 ], [ 121.148886, 14.522964000000172 ], [ 121.148984405000192, 14.523135386000149 ] ] ] } },
{ "type": "Feature", "properties": { "psgc_code": "0405801005", "name": "Kalayaan", "region": "Region IV-A (Calabarzon)", "province": "Rizal", "municipality": "Angono", "barangay": "Kalayaan", "level": "barangay" }, "geometry": { "type": "Polygon", "coordinates": [ [ [ 121.144700234000197, 14.538265796000076 ], [ 121.146389000000113, 14.5363660000001 ], [ 121.148372837000011, 14.53359524200016 ], [ 121.14854540000033, 14.532609 ], [ 121.148994824000056, 14.530946734000054 ], [ 121.149664600000051, 14.531150900000057 ], [ 121.150272510000036, 14.529204424000113 ], [ 121.153047600000036, 14.530044900000064 ], [ 121.152887331000102, 14.530367068000032 ], [ 121.153440955000292, 14.530533337000065 ], [ 121.153772763, 14.530414834000112 ], [ 121.154107714000133, 14.529587247999984 ], [ 121.154528600000162, 14.528145900000141 ], [ 121.153502042000127, 14.527950686000111 ], [ 121.153233600000135, 14.528648900000178 ], [ 121.146478359000071, 14.526396397000042 ], [ 121.144868600000223, 14.524791900000082 ], [ 121.142868377000013, 14.522582618000058 ], [ 121.142647776000103, 14.522908900000061 ], [ 121.142453587000205, 14.523473408000029 ], [ 121.142451019000077, 14.523781022000094 ], [ 121.142900803000202, 14.524375242000076 ], [ 121.142961903000128, 14.52462183300014 ], [ 121.142882624000208, 14.525039587000037 ], [ 121.142981104000228, 14.525348001000168 ], [ 121.143898756000112, 14.525884401000155 ], [ 121.143946200000073, 14.526253936999979 ], [ 121.143881196000052, 14.526474918000076 ], [ 121.143411688000128, 14.526729612000167 ], [ 121.142984901000091, 14.526406292000047 ], [ 121.142732381000087, 14.526391986000135 ], [ 121.142489616000034, 14.526722306000124 ], [ 121.142424611000024, 14.526943287 ], [ 121.142511589000151, 14.527116252000042 ], [ 121.142700132000073, 14.527228494000042 ], [ 121.143659279000076, 14.527334536000126 ], [ 121.143822559000114, 14.527446577999967 ], [ 121.143834061, 14.527582027999983 ], [ 121.143288249000079, 14.527897643000074 ], [ 121.143007281000109, 14.528264578000176 ], [ 121.14347822700006, 14.52935118 ], [ 121.143438998000079, 14.529510839000181 ], [ 121.142991663000089, 14.530134868 ], [ 121.142977490000249, 14.530319336 ], [ 121.142849738000336, 14.530490598000142 ], [ 121.142099451000036, 14.531087613000068 ], [ 121.141996857000208, 14.531271378999975 ], [ 121.141992642000105, 14.531775864999986 ], [ 121.141915928000344, 14.531886004000114 ], [ 121.141814157000226, 14.53197133499998 ], [ 121.141244920000076, 14.532065263000163 ], [ 121.140952442000071, 14.532296743000131 ], [ 121.140659347000224, 14.53260205100014 ], [ 121.140248450000058, 14.533398636000072 ], [ 121.140057536000086, 14.533569395000086 ], [ 121.139930501000094, 14.533654524000099 ], [ 121.139341620000323, 14.533752161999985 ], [ 121.144700234000197, 14.538265796000076 ] ] ] } },
{ "type": "Feature", "properties": { "psgc_code": "0405801007", "name": "Poblacion Ibaba", "region": "Region IV-A (Calabarzon)", "province": "Rizal", "municipality": "Angono", "barangay": "Poblacion Ibaba", "level": "barangay" }, "geometry": { "type": "Polygon", "coordinates": [ [ [ 121.150030617000198, 14.524015205000012 ], [ 121.150174049000043, 14.523094229000037 ], [ 121.149548126000013, 14.522852173000103 ], [ 121.149446706000163, 14.52314082099997 ], [ 121.149149215000079, 14.523026530000038 ], [ 121.149126815000045, 14.523108096000044 ], [ 121.148984405000192, 14.523135386000149 ], [ 121.148886, 14.522964000000172 ], [ 121.14873948900015, 14.522899130000155 ], [ 121.14879441100004, 14.522817933000113 ], [ 121.148088575000088, 14.5218098900001 ], [ 121.147839741000098, 14.520876736000162 ], [ 121.147355388000278, 14.519803768000031 ], [ 121.147155302000101, 14.518487994000054 ], [ 121.146490863000054, 14.517266183000118 ], [ 121.146095012000046, 14.514787288000093 ], [ 121.146167134000052, 14.514621646000023 ], [ 121.14648338700033, 14.51435085300011 ], [ 121.146106563000103, 14.514088708000031 ], [ 121.145638520000148, 14.514171146000081 ], [ 121.145432947000131, 14.514587904000109 ], [ 121.145648815000072, 14.515967813000145 ], [ 121.145364893000192, 14.516998113000113 ], [ 121.145745700000134, 14.517295000000104 ], [ 121.14616, 14.518662800000129 ], [ 121.146213400000079, 14.519074800000112 ], [ 121.14696110000034, 14.520021800000109 ], [ 121.147365400000012, 14.520691300000067 ], [ 121.14728910000008, 14.520938300000068 ], [ 121.147121300000094, 14.521137600000031 ], [ 121.147106000000122, 14.52157150000005 ], [ 121.147247800000059, 14.521923100000038 ], [ 121.147861300000045, 14.522978200000125 ], [ 121.148319100000094, 14.523346300000185 ], [ 121.149694000000181, 14.524041800000191 ], [ 121.150030617000198, 14.524015205000012 ] ] ] } },
{ "type": "Feature", "properties": { "psgc_code": "0405801008", "name": "Poblacion Itaas", "region": "Region IV-A (Calabarzon)", "province": "Rizal", "municipality": "Angono", "barangay": "Poblacion Itaas", "level": "barangay" }, "geometry": { "type": "Polygon", "coordinates": [ [ [ 121.15271857200014, 14.524531521000142 ], [ 121.152938600000198, 14.523917900000072 ], [ 121.150110219000226, 14.523451845000125 ], [ 121.150030617000198, 14.524015205000012 ], [ 121.150414900000101, 14.523975300000188 ], [ 121.150852700000087, 14.524307700000179 ], [ 121.15162520000024, 14.524482200000023 ], [ 121.151939538000192, 14.524384841000085 ], [ 121.152141428000164, 14.524227815000017 ], [ 121.15271857200014, 14.524531521000142 ] ] ] } },
{ "type": "Feature", "properties": { "psgc_code": "0405801009", "name": "San Isidro", "region": "Region IV-A (Calabarzon)", "province": "Rizal", "municipality": "Angono", "barangay": "San Isidro", "level": "barangay" }, "geometry": { "type": "Polygon", "coordinates": [ [ [ 121.175702077000096, 14.55259299100004 ], [ 121.171890879000102, 14.551475368000069 ], [ 121.171953195000242, 14.551028193999969 ], [ 121.172526249000043, 14.549011928000141 ], [ 121.176954074000037, 14.550183649000189 ], [ 121.180620327000042, 14.543037658 ], [ 121.175188913000056, 14.540543029000105 ], [ 121.174950126000113, 14.540012391000062 ], [ 121.17492359400012, 14.539587880000056 ], [ 121.174313360000042, 14.539189902000146 ], [ 121.174260296000057, 14.53850007200009 ], [ 121.174339892000148, 14.537942902000168 ], [ 121.174260296000057, 14.537465327000177 ], [ 121.173703126000191, 14.537173476000135 ], [ 121.172562254000127, 14.537093881000033 ], [ 121.171231352000291, 14.537614088000169 ], [ 121.170949718000088, 14.538008376000107 ], [ 121.1711938010003, 14.538815726999985 ], [ 121.171102999000027, 14.539296029000127 ], [ 121.170743186000095, 14.539247566000142 ], [ 121.170536655000092, 14.539097361000017 ], [ 121.170227446000013, 14.538579668000125 ], [ 121.169776403000128, 14.538685795000106 ], [ 121.168927382000106, 14.539800135000121 ], [ 121.167945701, 14.540861412000083 ], [ 121.167388531000029, 14.540914476000012 ], [ 121.166804829000057, 14.540808348000098 ], [ 121.166592574000219, 14.540383837999968 ], [ 121.166300723000063, 14.540038923000168 ], [ 121.166216400000167, 14.539803 ], [ 121.16628500000013, 14.539703299999985 ], [ 121.165974904000223, 14.539353625000103 ], [ 121.165445454000292, 14.538965362000056 ], [ 121.165315100000043, 14.53873950000019 ], [ 121.164768935000211, 14.537382894000018 ], [ 121.164857176000169, 14.536865209000098 ], [ 121.164792466000108, 14.536735788000158 ], [ 121.163529900000071, 14.536139000000162 ], [ 121.162285300000121, 14.535839900000099 ], [ 121.162173700000153, 14.535690400000135 ], [ 121.162268200000312, 14.535324800000069 ], [ 121.162723100000107, 14.534809700000096 ], [ 121.163503357000081, 14.53436494400006 ], [ 121.163589900000034, 14.534203200000036 ], [ 121.163467466000043, 14.533617951000167 ], [ 121.163366521000171, 14.533510276000072 ], [ 121.162379502000135, 14.533739085000093 ], [ 121.16129602500007, 14.533525979000046 ], [ 121.160560247000149, 14.533512519000169 ], [ 121.160243953000077, 14.533382412000151 ], [ 121.160285500000214, 14.532799100000034 ], [ 121.160955055000159, 14.532157612000049 ], [ 121.160997900000211, 14.531984800000146 ], [ 121.160551274000227, 14.531251350000048 ], [ 121.160136278000095, 14.531204242000058 ], [ 121.159530200000063, 14.531685700000082 ], [ 121.159232259000078, 14.531646157000125 ], [ 121.159041585000068, 14.53154072500007 ], [ 121.158817800000065, 14.530987800000048 ], [ 121.158458347000078, 14.530531275000044 ], [ 121.158301321000067, 14.530006360000073 ], [ 121.157819028000063, 14.52993009100004 ], [ 121.157545354000035, 14.529618282000115 ], [ 121.157096710000019, 14.529414149000161 ], [ 121.156224095000198, 14.52944331100008 ], [ 121.156028935000222, 14.529044017000103 ], [ 121.156161285000167, 14.528332915000078 ], [ 121.156156799000087, 14.527819217000172 ], [ 121.155604966000055, 14.527357113000164 ], [ 121.155353725000282, 14.526930900000139 ], [ 121.155203296000195, 14.526426755999978 ], [ 121.154519245000188, 14.525856396000052 ], [ 121.154741324000156, 14.525405508000063 ], [ 121.15469197300024, 14.52528213100004 ], [ 121.154245572000036, 14.525026403000027 ], [ 121.153453300000024, 14.524922500000059 ], [ 121.15271857200014, 14.524531521000142 ], [ 121.152572276000114, 14.525199723000185 ], [ 121.152701600000114, 14.525528900000154 ], [ 121.152380600000015, 14.525366900000051 ], [ 121.150772600000096, 14.527815900000178 ], [ 121.153233600000135, 14.528648900000178 ], [ 121.153502042000127, 14.527950686000111 ], [ 121.154528600000162, 14.528145900000141 ], [ 121.154107714000133, 14.529587247999984 ], [ 121.153772763, 14.530414834000112 ], [ 121.153440955000292, 14.530533337000065 ], [ 121.152887331000102, 14.530367068000032 ], [ 121.153047600000036, 14.530044900000064 ], [ 121.150272510000036, 14.529204424000113 ], [ 121.149664600000051, 14.531150900000057 ], [ 121.148994824000056, 14.530946734000054 ], [ 121.14854540000033, 14.532609 ], [ 121.148372837000011, 14.53359524200016 ], [ 121.146389000000113, 14.5363660000001 ], [ 121.144700234000197, 14.538265796000076 ], [ 121.14679578800019, 14.539994283000169 ], [ 121.14730019700005, 14.540328909000152 ], [ 121.15789632100018, 14.546938436000175 ], [ 121.157760222000206, 14.546911749 ], [ 121.157117380000273, 14.547317760000112 ], [ 121.156945461000191, 14.547713564 ], [ 121.156965713000091, 14.548006350000094 ], [ 121.159302664000052, 14.548426591000123 ], [ 121.160711978000336, 14.549393740000141 ], [ 121.160485159000132, 14.550867382000035 ], [ 121.160272916000054, 14.551322187000096 ], [ 121.160715926000307, 14.55144789100018 ], [ 121.16104878800013, 14.55142226900017 ], [ 121.161322094000184, 14.551368597000021 ], [ 121.161595547000161, 14.551177547000179 ], [ 121.161850941000012, 14.551245305000123 ], [ 121.161956755, 14.551426590000119 ], [ 121.162690074000011, 14.551129696000032 ], [ 121.162815482000155, 14.550920237000014 ], [ 121.163390507000031, 14.55082378700007 ], [ 121.165141894000044, 14.551906477000102 ], [ 121.16928741300012, 14.553831560000106 ], [ 121.173238062000109, 14.555215858999986 ], [ 121.175702077000096, 14.55259299100004 ] ] ] } },
{ "type": "Feature", "properties": { "psgc_code": "0405801010", "name": "San Pedro", "region": "Region IV-A (Calabarzon)", "province": "Rizal", "municipality": "Angono", "barangay": "San Pedro", "level": "barangay" }, "geometry": { "type": "Polygon", "coordinates": [ [ [ 121.152938600000198, 14.523917900000072 ], [ 121.154274263000161, 14.522550392000085 ], [ 121.153414423000072, 14.521615457000053 ], [ 121.15259725500016, 14.520775689000061 ], [ 121.152100600000153, 14.521124900000075 ], [ 121.151876600000264, 14.520805900000141 ], [ 121.151106600000162, 14.521109900000056 ], [ 121.150687600000083, 14.521448900000053 ], [ 121.150389600000153, 14.522062900000037 ], [ 121.150110219000226, 14.523451845000125 ], [ 121.152938600000198, 14.523917900000072 ] ] ] } },
{ "type": "Feature", "properties": { "psgc_code": "0405801011", "name": "San Roque", "region": "Region IV-A (Calabarzon)", "province": "Rizal", "municipality": "Angono", "barangay": "San Roque", "level": "barangay" }, "geometry": { "type": "Polygon", "coordinates": [ [ [ 121.180620327000042, 14.543037658 ], [ 121.183482962000085, 14.537465735000069 ], [ 121.18766164800013, 14.52755907500017 ], [ 121.187014696000233, 14.526380699000185 ], [ 121.186598798000091, 14.525826168000037 ], [ 121.185535949000041, 14.52591859000006 ], [ 121.184565521000195, 14.526334487999975 ], [ 121.183733725000138, 14.527096967000091 ], [ 121.183063668000045, 14.528136711000172 ], [ 121.182160597, 14.529158987000187 ], [ 121.180113160000133, 14.529347464000068 ], [ 121.17936167400012, 14.529578825000101 ], [ 121.178871862000051, 14.529473866000046 ], [ 121.17846223000015, 14.529203709000171 ], [ 121.17798378100008, 14.529199082000048 ], [ 121.17744228000015, 14.529582982000022 ], [ 121.176914922000037, 14.530193181000129 ], [ 121.17593299300006, 14.530558448000079 ], [ 121.175460675000068, 14.530978287000096 ], [ 121.175110810000092, 14.531065753000064 ], [ 121.174793182000144, 14.530909167000061 ], [ 121.17458662800027, 14.530538794000051 ], [ 121.174275609, 14.530512678000036 ], [ 121.173285573000044, 14.530776213000081 ], [ 121.173088515000018, 14.530678871000191 ], [ 121.172689652000031, 14.530277633000026 ], [ 121.172257550000154, 14.530149427000083 ], [ 121.170835411000098, 14.530025970000054 ], [ 121.170325355000045, 14.529559217999974 ], [ 121.170061507000014, 14.529463273000147 ], [ 121.169605769000214, 14.529583204 ], [ 121.169648944000073, 14.530494680000118 ], [ 121.169840834000183, 14.530993594 ], [ 121.169816848000323, 14.53110872700006 ], [ 121.169428271000015, 14.531147105 ], [ 121.169250773000158, 14.531247847000031 ], [ 121.169289151000271, 14.531871489000082 ], [ 121.169231584000045, 14.531948245000024 ], [ 121.168420850000075, 14.532087365 ], [ 121.16813301600007, 14.531650816000024 ], [ 121.167993896000098, 14.531554871000026 ], [ 121.16766288600013, 14.531526087000088 ], [ 121.167504577000045, 14.531559668000114 ], [ 121.167130392000104, 14.531914664 ], [ 121.166703438000127, 14.532149729000025 ], [ 121.166391617000158, 14.531991420000168 ], [ 121.166252497000187, 14.531612438000082 ], [ 121.166113377000102, 14.531636424000112 ], [ 121.165873515000271, 14.532096959000114 ], [ 121.165460952000331, 14.532149729000025 ], [ 121.163954618000048, 14.531785138000146 ], [ 121.162582701000133, 14.530794498999967 ], [ 121.161383979000107, 14.529710109000121 ], [ 121.158853352000051, 14.527092085000049 ], [ 121.157776910000166, 14.52619756200005 ], [ 121.157827075000114, 14.525756813000044 ], [ 121.15615683700014, 14.524058972000034 ], [ 121.156216623000091, 14.523983918 ], [ 121.155557868000074, 14.523302483 ], [ 121.155804827000111, 14.523123995 ], [ 121.155447826000341, 14.52271138500015 ], [ 121.154918849000182, 14.523185028000171 ], [ 121.154274263000161, 14.522550392000085 ], [ 121.152938600000198, 14.523917900000072 ], [ 121.15271857200014, 14.524531521000142 ], [ 121.153453300000024, 14.524922500000059 ], [ 121.154245572000036, 14.525026403000027 ], [ 121.15469197300024, 14.52528213100004 ], [ 121.154741324000156, 14.525405508000063 ], [ 121.154519245000188, 14.525856396000052 ], [ 121.155203296000195, 14.526426755999978 ], [ 121.155353725000282, 14.526930900000139 ], [ 121.155604966000055, 14.527357113000164 ], [ 121.156156799000087, 14.527819217000172 ], [ 121.156161285000167, 14.528332915000078 ], [ 121.156028935000222, 14.529044017000103 ], [ 121.156138853000016, 14.529367041000171 ], [ 121.156224095000198, 14.52944331100008 ], [ 121.156544876000339, 14.52946125700015 ], [ 121.157096710000019, 14.529414149000161 ], [ 121.157545354000035, 14.529618282000115 ], [ 121.157819028000063, 14.52993009100004 ], [ 121.158301321000067, 14.530006360000073 ], [ 121.158458347000078, 14.530531275000044 ], [ 121.158817800000065, 14.530987800000048 ], [ 121.159041585000068, 14.53154072500007 ], [ 121.159232259000078, 14.531646157000125 ], [ 121.159530200000063, 14.531685700000082 ], [ 121.160136278000095, 14.531204242000058 ], [ 121.160551274000227, 14.531251350000048 ], [ 121.160706057000084, 14.531442024000171 ], [ 121.160997900000211, 14.531984800000146 ], [ 121.160955055000159, 14.532157612000049 ], [ 121.160285500000214, 14.532799100000034 ], [ 121.160243953000077, 14.533382412000151 ], [ 121.160560247000149, 14.533512519000169 ], [ 121.16129602500007, 14.533525979000046 ], [ 121.162379502000135, 14.533739085000093 ], [ 121.163366521000171, 14.533510276000072 ], [ 121.163467466000043, 14.533617951000167 ], [ 121.163589900000034, 14.534203200000036 ], [ 121.163503357000081, 14.53436494400006 ], [ 121.162723100000107, 14.534809700000096 ], [ 121.162268200000312, 14.535324800000069 ], [ 121.162173700000153, 14.535690400000135 ], [ 121.162285300000121, 14.535839900000099 ], [ 121.163529900000071, 14.536139000000162 ], [ 121.164792466000108, 14.536735788000158 ], [ 121.164857176000169, 14.536865209000098 ], [ 121.164768935000211, 14.537382894000018 ], [ 121.165315100000043, 14.53873950000019 ], [ 121.165445454000292, 14.538965362000056 ], [ 121.165974904000223, 14.539353625000103 ], [ 121.16628500000013, 14.539703299999985 ], [ 121.166216400000167, 14.539803 ], [ 121.166300723000063, 14.540038923000168 ], [ 121.166592574000219, 14.540383837999968 ], [ 121.166804829000057, 14.540808348000098 ], [ 121.167388531000029, 14.540914476000012 ], [ 121.167945701, 14.540861412000083 ], [ 121.168927382000106, 14.539800135000121 ], [ 121.169776403000128, 14.538685795000106 ], [ 121.170227446000013, 14.538579668000125 ], [ 121.170536655000092, 14.539097361000017 ], [ 121.170743186000095, 14.539247566000142 ], [ 121.171102999000027, 14.539296029000127 ], [ 121.1711938010003, 14.538815726999985 ], [ 121.170949718000088, 14.538008376000107 ], [ 121.171231352000291, 14.537614088000169 ], [ 121.172562254000127, 14.537093881000033 ], [ 121.173703126000191, 14.537173476000135 ], [ 121.174260296000057, 14.537465327000177 ], [ 121.174339892000148, 14.537942902000168 ], [ 121.174260296000057, 14.53850007200009 ], [ 121.174313360000042, 14.539189902000146 ], [ 121.17492359400012, 14.539587880000056 ], [ 121.174950126000113, 14.540012391000062 ], [ 121.175188913000056, 14.540543029000105 ], [ 121.180620327000042, 14.543037658 ] ] ] } },
{ "type": "Feature", "properties": { "psgc_code": "0405801012", "name": "San Vicente", "region": "Region IV-A (Calabarzon)", "province": "Rizal", "municipality": "Angono", "barangay": "San Vicente", "level": "barangay" }, "geometry": { "type": "Polygon", "coordinates": [ [ [ 121.14889160000007, 14.527174900000091 ], [ 121.149459100000058, 14.525436600000148 ], [ 121.149768231000166, 14.524961514999973 ], [ 121.149831600000198, 14.524983900000166 ], [ 121.150030617000198, 14.524015205000012 ], [ 121.149694000000181, 14.524041800000191 ], [ 121.149479400000018, 14.523942100000113 ], [ 121.148319100000094, 14.523346300000185 ], [ 121.147861300000045, 14.522978200000125 ], [ 121.147411200000079, 14.522270600000184 ], [ 121.147106000000122, 14.52157150000005 ], [ 121.147121300000094, 14.521137600000031 ], [ 121.14728910000008, 14.520938300000068 ], [ 121.147365400000012, 14.520691300000067 ], [ 121.14696110000034, 14.520021800000109 ], [ 121.146213400000079, 14.519074800000112 ], [ 121.14616, 14.518662800000129 ], [ 121.145745700000134, 14.517295000000104 ], [ 121.145364893000192, 14.516998113000113 ], [ 121.144999445000167, 14.518103813000153 ], [ 121.144394723000232, 14.51942800900008 ], [ 121.143768223000052, 14.520333648000133 ], [ 121.142683519000343, 14.522821224000097 ], [ 121.142868377000013, 14.522582618000058 ], [ 121.144868600000223, 14.524791900000082 ], [ 121.146478359000071, 14.526396397000042 ], [ 121.14889160000007, 14.527174900000091 ] ] ] } },
{ "type": "Feature", "properties": { "psgc_code": "0405801013", "name": "Santo Niño", "region": "Region IV-A (Calabarzon)", "province": "Rizal", "municipality": "Angono", "barangay": "Santo Niño", "level": "barangay" }, "geometry": { "type": "Polygon", "coordinates": [ [ [ 121.150772600000096, 14.527815900000178 ], [ 121.152380600000015, 14.525366900000051 ], [ 121.152701600000114, 14.525528900000154 ], [ 121.152572276000114, 14.525199723000185 ], [ 121.15271857200014, 14.524531521000142 ], [ 121.152267048000112, 14.524243518 ], [ 121.152141428000164, 14.524227815000017 ], [ 121.151939538000192, 14.524384841000085 ], [ 121.15162520000024, 14.524482200000023 ], [ 121.150852700000087, 14.524307700000179 ], [ 121.150414900000101, 14.523975300000188 ], [ 121.150030617000198, 14.524015205000012 ], [ 121.149831600000198, 14.524983900000166 ], [ 121.149768231000166, 14.524961514999973 ], [ 121.149459100000058, 14.525436600000148 ], [ 121.14889160000007, 14.527174900000091 ], [ 121.150772600000096, 14.527815900000178 ] ] ] } },
{ "type": "Feature", "properties": { "psgc_code": "0405801014", "name": "Mahabang Parang", "region": "Region IV-A (Calabarzon)", "province": "Rizal", "municipality": "Angono", "barangay": "Mahabang Parang", "level": "barangay" }, "geometry": { "type": "Polygon", "coordinates": [ [ [ 121.19562531400004, 14.561221943000078 ], [ 121.195671579000191, 14.561148108000111 ], [ 121.195088455000132, 14.559798223000087 ], [ 121.195172661000129, 14.55954973200005 ], [ 121.195125958000062, 14.559399410000026 ], [ 121.19491668600017, 14.55895710700014 ], [ 121.194748091000179, 14.558985544000052 ], [ 121.194155366000246, 14.557726595000076 ], [ 121.194834896000202, 14.557678811000017 ], [ 121.194392728000025, 14.555859078000026 ], [ 121.193366857000115, 14.556029293000165 ], [ 121.192473210000117, 14.554185553000025 ], [ 121.191724519000104, 14.554005968000183 ], [ 121.191932666000184, 14.553508727000178 ], [ 121.191932666000184, 14.553054030999988 ], [ 121.191748273000144, 14.552357648000054 ], [ 121.190239948000112, 14.549061986000027 ], [ 121.190152328000181, 14.548565473000053 ], [ 121.190132086000062, 14.548253727000031 ], [ 121.191097412000204, 14.548485104000065 ], [ 121.192205151000053, 14.544578211000044 ], [ 121.192527876000099, 14.543002832000127 ], [ 121.193829271000027, 14.53449503600018 ], [ 121.190838359000168, 14.534923716000151 ], [ 121.190581632000317, 14.534831295 ], [ 121.189852527000085, 14.533373086000097 ], [ 121.188271089000182, 14.531093350000106 ], [ 121.188014362000217, 14.530292362000068 ], [ 121.18766164800013, 14.52755907500017 ], [ 121.183482962000085, 14.537465735000069 ], [ 121.176954074000037, 14.550183649000189 ], [ 121.172526249000043, 14.549011928000141 ], [ 121.171953195000242, 14.551028193999969 ], [ 121.171890879000102, 14.551475368000069 ], [ 121.175702077000096, 14.55259299100004 ], [ 121.173238062000109, 14.555215858999986 ], [ 121.178296439000178, 14.556904744 ], [ 121.180481660000055, 14.557257932000141 ], [ 121.1818918270003, 14.557606227000065 ], [ 121.182734716000141, 14.557704927999964 ], [ 121.18572624900014, 14.558662158000118 ], [ 121.189577887000155, 14.559724850000123 ], [ 121.194429098000114, 14.561009303000105 ], [ 121.19562531400004, 14.561221943000078 ] ] ] } },
{ "type": "Feature", "properties": { "psgc_code": "0405802001", "name": "Calawis", "region": "Region IV-A (Calabarzon)", "province": "Rizal", "municipality": "City of Antipolo", "barangay": "Calawis", "level": "barangay" }, "geometry": { "type": "Polygon", "coordinates": [ [ [ 121.309268094000117, 14.760710379000102 ], [ 121.311898292000137, 14.751570727000114 ], [ 121.318363531000045, 14.74454799199998 ], [ 121.319732179000198, 14.7337093000001 ], [ 121.314956570000049, 14.730968686000153 ], [ 121.313606782000079, 14.729033668999989 ], [ 121.313520483000275, 14.726295680000021 ], [ 121.314796953000041, 14.723566427000094 ], [ 121.314187242000116, 14.720723779000082 ], [ 121.312531423000337, 14.717570347000105 ], [ 121.30815528200003, 14.713689918000114 ], [ 121.304731770000103, 14.708497555000122 ], [ 121.298894290000248, 14.700187211000127 ], [ 121.298778560000073, 14.699845326000172 ], [ 121.29720601300005, 14.697153367000112 ], [ 121.294372479000117, 14.681823021000184 ], [ 121.294759751000015, 14.671261321000088 ], [ 121.294119542000089, 14.665733281000087 ], [ 121.293511927000168, 14.666637722000075 ], [ 121.29272947700008, 14.667248728000175 ], [ 121.292269555000075, 14.66743940300006 ], [ 121.291897997000206, 14.66788558200011 ], [ 121.291157655, 14.667843277000088 ], [ 121.289271673000144, 14.666793030000122 ], [ 121.288385831000028, 14.665315978000137 ], [ 121.287976402000027, 14.665042264000022 ], [ 121.286984843000141, 14.664641828000128 ], [ 121.286294369000188, 14.664688745000035 ], [ 121.285769539000057, 14.663570961000062 ], [ 121.28520945400021, 14.663171184000134 ], [ 121.285147241000118, 14.662965172000156 ], [ 121.28486905800014, 14.662644170000021 ], [ 121.28434173200003, 14.662405471999989 ], [ 121.28370536400007, 14.662894015 ], [ 121.283450924000022, 14.663190094000072 ], [ 121.281756951000148, 14.662270079999985 ], [ 121.281067589000259, 14.66122236200016 ], [ 121.28059948900011, 14.660806199000092 ], [ 121.280233363000207, 14.660708575 ], [ 121.279680869000117, 14.660695759000021 ], [ 121.279248213000187, 14.66080456300017 ], [ 121.27896682100004, 14.66100600700014 ], [ 121.278409187000079, 14.661201041000083 ], [ 121.277154441000107, 14.661023372000045 ], [ 121.274824742000192, 14.660850458000141 ], [ 121.274122500000203, 14.660685605000083 ], [ 121.274082490000069, 14.659986411000148 ], [ 121.273776690000204, 14.659928210000032 ], [ 121.273580190000075, 14.659789911000018 ], [ 121.273521890000097, 14.659287611000025 ], [ 121.273361790000081, 14.659280311000146 ], [ 121.272961390000205, 14.659571509999978 ], [ 121.272480890000111, 14.659760810000023 ], [ 121.271534590000101, 14.659622410000111 ], [ 121.270231590000094, 14.659789911000018 ], [ 121.270100490000118, 14.659506010000086 ], [ 121.270122390000324, 14.65911291000009 ], [ 121.270726590000095, 14.657970009999985 ], [ 121.270886690000111, 14.65746771 ], [ 121.270821190000106, 14.656943609999985 ], [ 121.270624690000318, 14.656506810999986 ], [ 121.270304390000092, 14.656288410000116 ], [ 121.268477190000112, 14.655757011000162 ], [ 121.268164190000107, 14.655786110000122 ], [ 121.267989490000105, 14.656011810000166 ], [ 121.267916690000106, 14.656535911000105 ], [ 121.268047690000117, 14.656958110000119 ], [ 121.267778390000217, 14.658035511000037 ], [ 121.267654590000234, 14.658370411000021 ], [ 121.267217790000018, 14.658807111000101 ], [ 121.267005455000117, 14.658821172000103 ], [ 121.266773790000229, 14.658632410000109 ], [ 121.265798534000169, 14.657319856000015 ], [ 121.265265285000169, 14.657070803000124 ], [ 121.264768812000057, 14.657391014000041 ], [ 121.263067933000116, 14.658200434000094 ], [ 121.262599041000044, 14.658342749000042 ], [ 121.262286447000065, 14.658316065000122 ], [ 121.261771586, 14.65863627400006 ], [ 121.261367053000072, 14.65868964200007 ], [ 121.261109622000163, 14.658956482000121 ], [ 121.25888468800008, 14.660290680000173 ], [ 121.258296275000021, 14.660290680000173 ], [ 121.257514790000073, 14.660014946000103 ], [ 121.257220584000038, 14.660014946000103 ], [ 121.256953959000157, 14.660281785000052 ], [ 121.256944765000071, 14.660432993000143 ], [ 121.258231918000092, 14.661162351000087 ], [ 121.258618063000313, 14.661793865000107 ], [ 121.258673227000259, 14.662042913000107 ], [ 121.258608869000113, 14.662211909000064 ], [ 121.258461766000096, 14.662345327000082 ], [ 121.257928518000199, 14.662372011000173 ], [ 121.257799802000022, 14.662647741000058 ], [ 121.257808996000108, 14.66292347100017 ], [ 121.257680281000034, 14.66304799500017 ], [ 121.257137838000176, 14.663314830000104 ], [ 121.256825244000083, 14.663270357000044 ], [ 121.255632918000174, 14.665793579000137 ], [ 121.25392308000005, 14.665478561000157 ], [ 121.253349933000209, 14.6657430140001 ], [ 121.253423485000212, 14.666072107000048 ], [ 121.252830475000223, 14.666338938000024 ], [ 121.252779909000083, 14.666877047000071 ], [ 121.252563851000104, 14.667303976000142 ], [ 121.252081169, 14.667561911000064 ], [ 121.251878902000044, 14.667566359000091 ], [ 121.251589293000166, 14.667419602000109 ], [ 121.251635263000026, 14.667241715000046 ], [ 121.251465175000021, 14.666485695000176 ], [ 121.25089974700029, 14.66627223 ], [ 121.250651510000125, 14.66588532500009 ], [ 121.250476825000078, 14.665075933000082 ], [ 121.250187216000086, 14.664644553000073 ], [ 121.249791877000121, 14.664235408000081 ], [ 121.249598804000016, 14.664155358000187 ], [ 121.248299021000093, 14.662565957000027 ], [ 121.247637187, 14.661981722000121 ], [ 121.245828575000132, 14.661348162000081 ], [ 121.243246579000015, 14.660897382000087 ], [ 121.240455970000085, 14.65947815800007 ], [ 121.238972019000016, 14.658848290000037 ], [ 121.238477701000079, 14.656842062000123 ], [ 121.238238073000048, 14.653993738000167 ], [ 121.238284729000156, 14.653588869000146 ], [ 121.238574776000064, 14.653099500000053 ], [ 121.239177475000133, 14.652732874000094 ], [ 121.239439167000114, 14.652263057000084 ], [ 121.237461400000143, 14.651885300000174 ], [ 121.236981, 14.651861500000166 ], [ 121.236794300000042, 14.652056 ], [ 121.236977, 14.652615900000058 ], [ 121.236984900000152, 14.652873900000088 ], [ 121.236838, 14.653203500000131 ], [ 121.236401200000159, 14.653521100000148 ], [ 121.235329200000137, 14.653938100000175 ], [ 121.235158500000011, 14.6539103 ], [ 121.234844800000019, 14.653505300000063 ], [ 121.234693900000138, 14.653429800000026 ], [ 121.234277000000134, 14.653441700000144 ], [ 121.234118200000125, 14.653525100000138 ], [ 121.233963300000028, 14.653771300000074 ], [ 121.233673500000123, 14.653989700000182 ], [ 121.233173505000195, 14.654210999000099 ], [ 121.232800344000111, 14.655077696000149 ], [ 121.232689295000114, 14.655881075000082 ], [ 121.232714210000154, 14.656428652000045 ], [ 121.232529843000066, 14.656620397000154 ], [ 121.232405396000104, 14.656950376 ], [ 121.232015633000174, 14.65714389700014 ], [ 121.231333476000259, 14.655948836000107 ], [ 121.231112236000058, 14.655788305000044 ], [ 121.230062770000131, 14.655969689000131 ], [ 121.229515197000183, 14.655755420999981 ], [ 121.228946532000123, 14.656056479000029 ], [ 121.228628749000222, 14.656106655000087 ], [ 121.228177162000065, 14.656039753000073 ], [ 121.227150453000149, 14.655630535000171 ], [ 121.225704683000231, 14.654513319000102 ], [ 121.224844286, 14.65405052400007 ], [ 121.224608035000074, 14.653651166000088 ], [ 121.224380012000097, 14.65346105600014 ], [ 121.22338900900013, 14.653004029999977 ], [ 121.223126714000159, 14.652772587000129 ], [ 121.22187670000028, 14.652081500000065 ], [ 121.220294800000147, 14.651047 ], [ 121.22006760000022, 14.651010300000053 ], [ 121.219743460000018, 14.65213849800017 ], [ 121.216792598000097, 14.655020144 ], [ 121.216324754000084, 14.655393058000129 ], [ 121.215444012000034, 14.655686168000045 ], [ 121.21520156400004, 14.656931948000079 ], [ 121.215052584000205, 14.658286778000104 ], [ 121.216425679000054, 14.661837258000048 ], [ 121.214438649000272, 14.668227812000168 ], [ 121.216167415000314, 14.670502494000118 ], [ 121.216173592000018, 14.671717712000088 ], [ 121.216927132000023, 14.672475840000118 ], [ 121.217138123000041, 14.673613026000055 ], [ 121.217801239000323, 14.67440030500012 ], [ 121.217951947000188, 14.675333373000058 ], [ 121.218494496000062, 14.676616334000073 ], [ 121.218162939000081, 14.677491077000013 ], [ 121.218151398000032, 14.678314823000164 ], [ 121.217587092000144, 14.678401639000072 ], [ 121.217153011000164, 14.678683792000072 ], [ 121.216436776000137, 14.678727200000083 ], [ 121.21576395000011, 14.678510160000087 ], [ 121.214960900000051, 14.678748904000088 ], [ 121.214765563000014, 14.679074465000156 ], [ 121.214917492000041, 14.679530251000187 ], [ 121.21478726700002, 14.682568820000142 ], [ 121.214982604000056, 14.683827656000062 ], [ 121.215590318000068, 14.686367032000021 ], [ 121.216024399000048, 14.687213490000033 ], [ 121.216154624000069, 14.687951429000066 ], [ 121.215915879000136, 14.688906407000047 ], [ 121.21916963700005, 14.68916321800009 ], [ 121.220938987000068, 14.690257700000018 ], [ 121.221327351000014, 14.692606371000124 ], [ 121.22269430900019, 14.693956996000054 ], [ 121.225738664000119, 14.69492405800014 ], [ 121.227295334000132, 14.697314431000109 ], [ 121.227580911000018, 14.699377203999973 ], [ 121.22864133500002, 14.700594339000077 ], [ 121.230393270000263, 14.700734327000134 ], [ 121.230247042000087, 14.702109906000146 ], [ 121.231401685000151, 14.702386643000068 ], [ 121.231600050000111, 14.703460207000035 ], [ 121.233487943000114, 14.7038718660001 ], [ 121.234538522000094, 14.704477287000032 ], [ 121.235522656000171, 14.704243622000149 ], [ 121.237159843000313, 14.70443695400013 ], [ 121.239213400000153, 14.706410900000037 ], [ 121.240912790000039, 14.711162210000055 ], [ 121.240953590000117, 14.711448010000083 ], [ 121.24098699000001, 14.712991710000097 ], [ 121.240660391000233, 14.714316510000117 ], [ 121.241217090000191, 14.715236810000022 ], [ 121.241109391000123, 14.71579711000004 ], [ 121.240504590000228, 14.716758210000137 ], [ 121.24045999000009, 14.716980910000075 ], [ 121.240054218000068, 14.723827332000099 ], [ 121.240652322000187, 14.723985095000103 ], [ 121.241141681000045, 14.724287473000061 ], [ 121.24137276700003, 14.724642439000149 ], [ 121.241535886000065, 14.725312928000108 ], [ 121.240978561000134, 14.727284943000086 ], [ 121.24106012100026, 14.727705637999975 ], [ 121.241617446000078, 14.729072889000065 ], [ 121.241834939000114, 14.729270087000032 ], [ 121.245029362000196, 14.730466424000156 ], [ 121.245545907000178, 14.730387545000099 ], [ 121.245831367000164, 14.730558449000057 ], [ 121.246266352000021, 14.732306928000014 ], [ 121.246538218000069, 14.734160564000092 ], [ 121.246742117000053, 14.734765292000077 ], [ 121.247122729000239, 14.735409458000049 ], [ 121.248074260000067, 14.735895868000171 ], [ 121.248849077000045, 14.735882721000053 ], [ 121.249882167000123, 14.735396312000034 ], [ 121.250303560000134, 14.735593505000111 ], [ 121.25042589900022, 14.736027329000137 ], [ 121.250262780000071, 14.736632053000051 ], [ 121.249052977000133, 14.737736326 ], [ 121.24815581900009, 14.738157 ], [ 121.248060666000129, 14.738748572000134 ], [ 121.248468465000087, 14.73934014200006 ], [ 121.249052977000133, 14.739655645000141 ], [ 121.249820998000132, 14.739550477000137 ], [ 121.25106478400005, 14.739142952000066 ], [ 121.25121828500005, 14.739155210000035 ], [ 121.251559175000011, 14.739396739000028 ], [ 121.251757620000149, 14.739652240000112 ], [ 121.251995924000312, 14.740391818000035 ], [ 121.251998064000304, 14.74069039900013 ], [ 121.251778432000037, 14.741443489000062 ], [ 121.249605562000056, 14.742257807000101 ], [ 121.24721108600022, 14.742074489000061 ], [ 121.24668587300016, 14.742356494000035 ], [ 121.246341115000064, 14.743126152000116 ], [ 121.24673728900018, 14.743901544000153 ], [ 121.247088746000031, 14.744092362000117 ], [ 121.248516042, 14.744026634000022 ], [ 121.248733534000053, 14.744177809000178 ], [ 121.248747313000194, 14.744322052000143 ], [ 121.248210193000205, 14.745190025000113 ], [ 121.246776100000034, 14.746070780000025 ], [ 121.246600995000108, 14.74651078200003 ], [ 121.246714930000167, 14.746918668000035 ], [ 121.246776100000034, 14.747122424 ], [ 121.247197116000052, 14.747212990000037 ], [ 121.248617658000057, 14.747042449000048 ], [ 121.248808297000096, 14.747135569000136 ], [ 121.249996259000113, 14.749915841000131 ], [ 121.250493607000067, 14.75063554400009 ], [ 121.251030801000297, 14.752117661000057 ], [ 121.250949241000171, 14.75299838799998 ], [ 121.250813308000033, 14.753116694000028 ], [ 121.249290859000098, 14.752827501000183 ], [ 121.248529635000295, 14.752301694000096 ], [ 121.247482951000052, 14.752196532000085 ], [ 121.247115933000032, 14.752498871000171 ], [ 121.247013983000102, 14.752965525000036 ], [ 121.247530528000198, 14.75504245000019 ], [ 121.247367408000173, 14.756435819000103 ], [ 121.248250972000051, 14.75716536300007 ], [ 121.248386905000075, 14.757480839999971 ], [ 121.248427685000024, 14.758098649000033 ], [ 121.248264566000103, 14.75850613900019 ], [ 121.24778880100007, 14.758900483000104 ], [ 121.247258662000036, 14.759189669000079 ], [ 121.246144012000173, 14.758992497000065 ], [ 121.245831367000164, 14.759005642000034 ], [ 121.245600281000065, 14.759137089000149 ], [ 121.245532314000229, 14.75953143300012 ], [ 121.2457362130001, 14.75988634100014 ], [ 121.24656540400008, 14.760136091000049 ], [ 121.247516935000021, 14.760569866000139 ], [ 121.248101446000305, 14.760951062000061 ], [ 121.248278159000279, 14.761568861000114 ], [ 121.248115040000016, 14.762081501000068 ], [ 121.247734427000069, 14.76235753800006 ], [ 121.247136323000177, 14.762186658000132 ], [ 121.244540004000328, 14.760188670000048 ], [ 121.243194268000025, 14.759518288000152 ], [ 121.242365077000045, 14.759321116000024 ], [ 121.241631039000254, 14.759268537000025 ], [ 121.241155274000107, 14.759478854000122 ], [ 121.240951375, 14.75984690700011 ], [ 121.240992155000185, 14.760228104000078 ], [ 121.241427140000042, 14.761450559000082 ], [ 121.241467920000218, 14.761897477000105 ], [ 121.241209647000233, 14.762265526000078 ], [ 121.240842628000109, 14.762410116000183 ], [ 121.240230930000166, 14.762304960000165 ], [ 121.239809538000259, 14.762475839 ], [ 121.237675391000039, 14.764302929 ], [ 121.237349152000093, 14.764776129000097 ], [ 121.237294779000081, 14.765065307000043 ], [ 121.237648205000028, 14.765761960000191 ], [ 121.237804367000194, 14.766400760000124 ], [ 121.238354442000173, 14.766619283000182 ], [ 121.238708600000109, 14.766604212000061 ], [ 121.240193050000016, 14.76609181300006 ], [ 121.240712984000083, 14.76603153100001 ], [ 121.240946578000035, 14.766121954000141 ], [ 121.241112354000052, 14.76633294200019 ], [ 121.241632288000119, 14.766528859000175 ], [ 121.24240842200004, 14.766596677000052 ], [ 121.243101667000246, 14.766430901000035 ], [ 121.24341061400014, 14.766468577000126 ], [ 121.243681884000011, 14.766596677000052 ], [ 121.244473088000177, 14.767508446000136 ], [ 121.309268094000117, 14.760710379000102 ] ] ] } },
{ "type": "Feature", "properties": { "psgc_code": "0405802002", "name": "Cupang", "region": "Region IV-A (Calabarzon)", "province": "Rizal", "municipality": "City of Antipolo", "barangay": "Cupang", "level": "barangay" }, "geometry": { "type": "Polygon", "coordinates": [ [ [ 121.174420305000126, 14.658092142000157 ], [ 121.174986683000043, 14.656221684000116 ], [ 121.17341707800017, 14.654574037000145 ], [ 121.174085758000047, 14.653893419000156 ], [ 121.17471167400015, 14.65308794900011 ], [ 121.174841664000041, 14.64986979400004 ], [ 121.175771963000216, 14.647260674000165 ], [ 121.176844900000106, 14.646089187000086 ], [ 121.177786977000096, 14.645272953000074 ], [ 121.178040847000034, 14.644265676000146 ], [ 121.177655700000059, 14.643712400000027 ], [ 121.176677700000141, 14.643120700000054 ], [ 121.176657200000022, 14.642865900000118 ], [ 121.176768100000118, 14.642726200000141 ], [ 121.176546300000041, 14.642426200000159 ], [ 121.176423000000113, 14.642003000000159 ], [ 121.176176400000031, 14.641809900000169 ], [ 121.175872400000117, 14.641777000000104 ], [ 121.175001200000111, 14.641879700000061 ], [ 121.174549200000229, 14.64175240000003 ], [ 121.174405400000069, 14.641514 ], [ 121.174080800000183, 14.6404662 ], [ 121.173591800000054, 14.639923800000076 ], [ 121.172593300000017, 14.639192400000127 ], [ 121.172412500000178, 14.638789700000189 ], [ 121.172449500000198, 14.638584200000082 ], [ 121.172186500000066, 14.638111700000081 ], [ 121.172001600000044, 14.637384400000087 ], [ 121.171578354000076, 14.636853960999986 ], [ 121.171513381000068, 14.636660876000121 ], [ 121.171545867000077, 14.635987324000155 ], [ 121.171156027000052, 14.6348422800001 ], [ 121.170970389000104, 14.634640213000125 ], [ 121.170868288000065, 14.63459530900019 ], [ 121.169466720000173, 14.634905145000062 ], [ 121.168960857000116, 14.634927597000114 ], [ 121.168584939000084, 14.634828809000112 ], [ 121.167963052000232, 14.634316905000048 ], [ 121.167731004000075, 14.634325885000067 ], [ 121.167471111000168, 14.634541424000076 ], [ 121.166988452000055, 14.634765943000048 ], [ 121.166264463000289, 14.634420184000135 ], [ 121.165865341000313, 14.634523462000175 ], [ 121.165429091000078, 14.6344067120001 ], [ 121.165155275000188, 14.634492030000047 ], [ 121.164853613000105, 14.634474067999975 ], [ 121.164486978000014, 14.634334866000188 ], [ 121.163113256000088, 14.633149399999979 ], [ 121.162867285000061, 14.632978764000086 ], [ 121.162741979000202, 14.632992235000017 ], [ 121.162625956000056, 14.633243698000172 ], [ 121.16189732600003, 14.633926240000164 ], [ 121.161669919000133, 14.634357318000127 ], [ 121.161669919000133, 14.634460597000043 ], [ 121.161939095000207, 14.634617761000072 ], [ 121.162175783000066, 14.635017405000099 ], [ 121.162008709000247, 14.63626572600009 ], [ 121.161591023000142, 14.637163794000116 ], [ 121.160328684000092, 14.636642915000095 ], [ 121.15984138400006, 14.636737212000185 ], [ 121.159284469000113, 14.637231149000115 ], [ 121.158885347000137, 14.637244620000104 ], [ 121.158398047000105, 14.636490243000083 ], [ 121.15782721000005, 14.636512695000022 ], [ 121.157599803000153, 14.636449830000061 ], [ 121.157033607000017, 14.636032227000044 ], [ 121.156996479000099, 14.63544848000015 ], [ 121.15743272900022, 14.634069933000035 ], [ 121.157400242000108, 14.633598441000117 ], [ 121.157200681000177, 14.633360449000122 ], [ 121.155910496000047, 14.632965293000098 ], [ 121.155650603000026, 14.632942840000112 ], [ 121.155107612000052, 14.633077553000192 ], [ 121.154439314000228, 14.632911408000041 ], [ 121.154262958000231, 14.63276322400003 ], [ 121.153970769000125, 14.632245479000062 ], [ 121.153747168000109, 14.632170979000136 ], [ 121.15371986900027, 14.632052779000105 ], [ 121.152577969000163, 14.632287278999968 ], [ 121.151863369000012, 14.631963679000023 ], [ 121.151465169000062, 14.631672679000133 ], [ 121.151157868000155, 14.631634579000149 ], [ 121.150742422, 14.631806192000056 ], [ 121.150723800000264, 14.631186100000093 ], [ 121.150829200000089, 14.630512800000133 ], [ 121.150712100000192, 14.630287300000134 ], [ 121.150395900000149, 14.630117500000154 ], [ 121.149798600000281, 14.629353400000127 ], [ 121.149552700000186, 14.627860300000066 ], [ 121.14900230000012, 14.627643600000056 ], [ 121.148320100000205, 14.626976100000093 ], [ 121.147989488, 14.625939881000079 ], [ 121.147942743000158, 14.625432106000062 ], [ 121.148050800000078, 14.625134600000138 ], [ 121.147974390000172, 14.625075940000102 ], [ 121.148036759000092, 14.624870207000185 ], [ 121.147710740000207, 14.624809858999981 ], [ 121.147533241000019, 14.624678894000112 ], [ 121.14553104800018, 14.625555274000135 ], [ 121.144692688000077, 14.625817145000042 ], [ 121.141927200000055, 14.625593900000126 ], [ 121.137669000000187, 14.624697500000025 ], [ 121.13778725200018, 14.625588121000078 ], [ 121.137764754000045, 14.626111433000062 ], [ 121.137488061000226, 14.626710107 ], [ 121.137482652000017, 14.626911443000154 ], [ 121.13738012400006, 14.627014689000191 ], [ 121.135988374000021, 14.626884298000107 ], [ 121.135869237000179, 14.627373186000057 ], [ 121.135774807000189, 14.627823515000102 ], [ 121.136172857000247, 14.628253395000172 ], [ 121.136136890000216, 14.628576405000047 ], [ 121.136724478000019, 14.628686112000025 ], [ 121.136776200000213, 14.628887300000144 ], [ 121.13470760000007, 14.628746100000171 ], [ 121.13440108400016, 14.628473783000118 ], [ 121.133702637000169, 14.628116633000047 ], [ 121.132656874000077, 14.627801365999971 ], [ 121.132607600000028, 14.627344100000187 ], [ 121.130923416000314, 14.627810321000084 ], [ 121.130510500000128, 14.628422199999989 ], [ 121.129600700000083, 14.628264400000091 ], [ 121.129718800000092, 14.628543500000092 ], [ 121.129384205000065, 14.629174404000082 ], [ 121.129528256000185, 14.629421370999978 ], [ 121.129257482000185, 14.629682115999969 ], [ 121.127703038000163, 14.630143435000036 ], [ 121.127397164000058, 14.630469366000113 ], [ 121.126810487000057, 14.630499453000027 ], [ 121.126705186000208, 14.630775241000094 ], [ 121.126268939000056, 14.630785269000057 ], [ 121.126113495000027, 14.630920656000171 ], [ 121.126143580000075, 14.63116635800003 ], [ 121.125973093000084, 14.631487276000144 ], [ 121.125521804000186, 14.631487276000144 ], [ 121.124839854000015, 14.631266645000096 ], [ 121.124278249000213, 14.631376961000171 ], [ 121.123826958000109, 14.631667792000144 ], [ 121.12357122800006, 14.632073953000088 ], [ 121.123315497000135, 14.632184269000163 ], [ 121.122955043000161, 14.632600844000081 ], [ 121.122436638000181, 14.632884347000186 ], [ 121.121561241000109, 14.633837152000069 ], [ 121.121104765000155, 14.633592290000024 ], [ 121.120961050000119, 14.635563196000021 ], [ 121.120658467000226, 14.635643092000066 ], [ 121.120757520000097, 14.635945810000067 ], [ 121.12127259500005, 14.636413444000027 ], [ 121.12186270400025, 14.636247578 ], [ 121.122381654000037, 14.636422483 ], [ 121.122783934000267, 14.636806527000147 ], [ 121.122610376000125, 14.637283555000181 ], [ 121.122743270000115, 14.637457148000067 ], [ 121.12280834600017, 14.637744844000053 ], [ 121.123494513000196, 14.6376794950001 ], [ 121.12376552000012, 14.637800583000171 ], [ 121.124353663000079, 14.636695412000108 ], [ 121.124576619000209, 14.636643516999982 ], [ 121.124659267000084, 14.636443626000073 ], [ 121.12499946700018, 14.636212981000085 ], [ 121.125133090000304, 14.636232841000094 ], [ 121.125267885000198, 14.636076413000126 ], [ 121.125286190000224, 14.636222857000178 ], [ 121.125366069000165, 14.636186246000079 ], [ 121.125492543000291, 14.636264460000177 ], [ 121.125617353000166, 14.636018168000021 ], [ 121.126049690000286, 14.63591229400015 ], [ 121.12675949000004, 14.635886600000163 ], [ 121.12718665400007, 14.635966894000035 ], [ 121.128240113000061, 14.635051541000053 ], [ 121.128824654000027, 14.634865259000094 ], [ 121.128863195000122, 14.634784965000051 ], [ 121.129293572000279, 14.634608318000062 ], [ 121.129479854000238, 14.634226118000072 ], [ 121.13001300700023, 14.634344953000038 ], [ 121.130192865000026, 14.634765694000123 ], [ 121.130469467000012, 14.63512509200001 ], [ 121.130113077000146, 14.635690105000151 ], [ 121.129240510000159, 14.639638891 ], [ 121.12926537300018, 14.640606381000168 ], [ 121.128629212000078, 14.643169144000183 ], [ 121.128477563000047, 14.643444360000046 ], [ 121.12902799300025, 14.645258533000117 ], [ 121.129151559000206, 14.646061711000129 ], [ 121.130611371000214, 14.650360651000028 ], [ 121.130439608000074, 14.650798188000067 ], [ 121.131333005000215, 14.653465219000054 ], [ 121.132468721, 14.653446561000123 ], [ 121.133007503000044, 14.6535347250001 ], [ 121.133375632000025, 14.653693069000099 ], [ 121.133389245000103, 14.653375433000065 ], [ 121.133856624000032, 14.652658484000028 ], [ 121.134818607000284, 14.652227406000065 ], [ 121.135472029000198, 14.651687425000034 ], [ 121.136370485000043, 14.651465080000037 ], [ 121.136615511000059, 14.651260891000106 ], [ 121.13664727600019, 14.651006783000014 ], [ 121.136493001000076, 14.650444108000102 ], [ 121.135794202000056, 14.650126472000125 ], [ 121.135290523000094, 14.649799761000168 ], [ 121.134854908000193, 14.64894668200003 ], [ 121.134673402000089, 14.648751562000029 ], [ 121.132704059000162, 14.647966548000113 ], [ 121.132617844000038, 14.647639837000156 ], [ 121.132658683000273, 14.647458331000053 ], [ 121.13387023700011, 14.646941037999966 ], [ 121.134591724000074, 14.646886586000107 ], [ 121.135503793000112, 14.647363040000073 ], [ 121.136193516000048, 14.647925709 ], [ 121.136456700000053, 14.648329560000093 ], [ 121.136787949000336, 14.648406701 ], [ 121.13739599500002, 14.648325022999984 ], [ 121.137917825000045, 14.647299513000064 ], [ 121.138925185000062, 14.64658710100008 ], [ 121.139183831000196, 14.645625118000169 ], [ 121.139152067000055, 14.64526664300007 ], [ 121.138975099000163, 14.644744813000102 ], [ 121.138947873, 14.644186681000065 ], [ 121.13906131400006, 14.643719303000125 ], [ 121.139029551000021, 14.643524183000181 ], [ 121.139374413000155, 14.642625728000155 ], [ 121.140209341000059, 14.64201768200013 ], [ 121.14085368800022, 14.642230951999977 ], [ 121.141951801000232, 14.642308092000178 ], [ 121.142859332000057, 14.642103897000084 ], [ 121.143004537000138, 14.642208263000157 ], [ 121.143122516000176, 14.642453297000031 ], [ 121.143313097000032, 14.643260999000063 ], [ 121.143698798000059, 14.643555947000095 ], [ 121.143798627000024, 14.643846356999973 ], [ 121.143980133000014, 14.643882658000052 ], [ 121.144104369000161, 14.644179915000052 ], [ 121.144493973000067, 14.64451620400007 ], [ 121.144842566000193, 14.644979628000044 ], [ 121.144945093000047, 14.645328221000057 ], [ 121.144858970000314, 14.645840857000167 ], [ 121.144969700000047, 14.646082822000039 ], [ 121.145691492000083, 14.646669278000047 ], [ 121.146052388000157, 14.646821018000026 ], [ 121.146483003000299, 14.646825119000084 ], [ 121.147139178000202, 14.646480628000063 ], [ 121.147565691000182, 14.646468324000125 ], [ 121.14780355500011, 14.64670618800011 ], [ 121.148152148000122, 14.647386969000024 ], [ 121.148230068000203, 14.647776573000101 ], [ 121.148357202000057, 14.647842190000119 ], [ 121.148689391000062, 14.647784775000048 ], [ 121.149128207000103, 14.64742387900003 ], [ 121.149960729000099, 14.647358261000136 ], [ 121.150912183000173, 14.647436182000092 ], [ 121.151711896000165, 14.648436849 ], [ 121.152511609000157, 14.648908474000052 ], [ 121.152671551000026, 14.649310381000191 ], [ 121.153253906000032, 14.650134701000184 ], [ 121.153550210000049, 14.650427929000102 ], [ 121.153845489000219, 14.650969273000101 ], [ 121.154036190000056, 14.651110761000098 ], [ 121.154140768000048, 14.651067699000123 ], [ 121.154251497000018, 14.651129216000129 ], [ 121.154497563000177, 14.651756683000087 ], [ 121.154577534000055, 14.652236511000183 ], [ 121.15469437600018, 14.652384192000056 ], [ 121.154872773000079, 14.652476466000053 ], [ 121.155451027000026, 14.65253183100009 ], [ 121.155746345000125, 14.653066982000041 ], [ 121.156656788000191, 14.653620629000102 ], [ 121.157554927000206, 14.654026638000062 ], [ 121.157800992000034, 14.653971273000025 ], [ 121.158028603000048, 14.653614478000065 ], [ 121.16271094800004, 14.656496204000121 ], [ 121.166064819000098, 14.654201446000116 ], [ 121.166392641000243, 14.65596664200018 ], [ 121.170137784000076, 14.657559681000066 ], [ 121.173103538000305, 14.660303981000141 ], [ 121.174420305000126, 14.658092142000157 ] ] ] } },
{ "type": "Feature", "properties": { "psgc_code": "0405802003", "name": "Dela Paz (Pob.)", "region": "Region IV-A (Calabarzon)", "province": "Rizal", "municipality": "City of Antipolo", "barangay": "Dela Paz (Pob.)", "level": "barangay" }, "geometry": { "type": "Polygon", "coordinates": [ [ [ 121.174900300000104, 14.622677100000033 ], [ 121.176706300000319, 14.622207200000048 ], [ 121.17896090000022, 14.622633800000187 ], [ 121.184160496000118, 14.622306978000097 ], [ 121.184118656000123, 14.621725325000057 ], [ 121.184679100000039, 14.620886499999983 ], [ 121.184570800000188, 14.620652300000188 ], [ 121.183762800000295, 14.620734300000038 ], [ 121.183970600000066, 14.620157500000062 ], [ 121.183915, 14.620002400000033 ], [ 121.182167200000094, 14.620280500000149 ], [ 121.181973900000116, 14.620034600000054 ], [ 121.182145800000058, 14.619731900000033 ], [ 121.181602800000064, 14.619324200000051 ], [ 121.1817522, 14.618572900000061 ], [ 121.181682600000158, 14.618369200000075 ], [ 121.181221400000027, 14.618157600000188 ], [ 121.180272400000149, 14.618086000000119 ], [ 121.180226, 14.617944900000168 ], [ 121.180376129000138, 14.617696815000158 ], [ 121.180323820000012, 14.617328539000027 ], [ 121.18039957800022, 14.617236034000143 ], [ 121.180478944000015, 14.615839724000068 ], [ 121.18045008300021, 14.615225345000113 ], [ 121.180226417000199, 14.614624927000023 ], [ 121.17794627700016, 14.614618482000083 ], [ 121.177924183000073, 14.613322663000076 ], [ 121.177723616000094, 14.612322403000064 ], [ 121.178000536000127, 14.611807277000082 ], [ 121.177976857000203, 14.611570655000037 ], [ 121.177685508000195, 14.611233865000088 ], [ 121.177614896000023, 14.610641674000021 ], [ 121.177651757000149, 14.610366594000027 ], [ 121.177798440000061, 14.610183755000037 ], [ 121.177532774000156, 14.609722662000024 ], [ 121.177610393000123, 14.609339633000047 ], [ 121.177292881000085, 14.609146544000112 ], [ 121.177533749000304, 14.608693977000087 ], [ 121.177074370000014, 14.607899878000183 ], [ 121.177242577000015, 14.606858216000148 ], [ 121.177199556000119, 14.606633995000152 ], [ 121.176631989000157, 14.606546842000171 ], [ 121.176659910000012, 14.605705966000016 ], [ 121.176409472000273, 14.605006866999986 ], [ 121.177174659000116, 14.604952018000176 ], [ 121.177465147000134, 14.60517484200011 ], [ 121.178002176000064, 14.605320666000125 ], [ 121.178262664000158, 14.604645487000141 ], [ 121.178336819000151, 14.602338449 ], [ 121.178424067000037, 14.60203724400003 ], [ 121.177960881000104, 14.601539121000144 ], [ 121.178792933000068, 14.600720596000031 ], [ 121.178147663000118, 14.599848008000095 ], [ 121.177914121000185, 14.598990572000048 ], [ 121.178044483000122, 14.597733678000111 ], [ 121.177872761000117, 14.597089256000118 ], [ 121.178001937000317, 14.596432843000059 ], [ 121.17784718200005, 14.595624876000102 ], [ 121.177416962000166, 14.595556561000024 ], [ 121.177238287000023, 14.594374990000063 ], [ 121.177286367000079, 14.593982462999975 ], [ 121.17780740000012, 14.5939386 ], [ 121.178413600000226, 14.592138100000057 ], [ 121.178380100000254, 14.592088400000023 ], [ 121.176468800000066, 14.593597600000066 ], [ 121.175532028000021, 14.593623099000126 ], [ 121.175652753000122, 14.590169601000184 ], [ 121.175779338000211, 14.58949121500018 ], [ 121.175804546000109, 14.587701443000071 ], [ 121.17413455000019, 14.587784751000015 ], [ 121.171380800000065, 14.587550100000044 ], [ 121.170243700000128, 14.587310600000137 ], [ 121.169170700000109, 14.586827 ], [ 121.168889500000205, 14.586804700000016 ], [ 121.168437300000051, 14.586837900000091 ], [ 121.167242300000112, 14.587728500000082 ], [ 121.166062600000032, 14.587899300000174 ], [ 121.165806200000134, 14.587784300000067 ], [ 121.165331, 14.586997399999973 ], [ 121.164585100000181, 14.586585600000035 ], [ 121.164198400000146, 14.586213900000189 ], [ 121.160980100000188, 14.586722900000041 ], [ 121.159238900000105, 14.586837800000126 ], [ 121.156758110000055, 14.586786580000137 ], [ 121.156110593000221, 14.586661766000134 ], [ 121.155978673000163, 14.588705891000018 ], [ 121.156045655000185, 14.589469998000141 ], [ 121.154477462000159, 14.589927542000112 ], [ 121.153839001000051, 14.589934195000069 ], [ 121.153795932000094, 14.589355503000149 ], [ 121.153665691000015, 14.589375164999979 ], [ 121.153611119000175, 14.589189401000056 ], [ 121.153224500000078, 14.589088400000151 ], [ 121.153224500000078, 14.589196400000048 ], [ 121.153035700000032, 14.589387400000021 ], [ 121.152280400000109, 14.589669800000138 ], [ 121.15193648900015, 14.590100460000031 ], [ 121.151499420000164, 14.590422917000183 ], [ 121.151001046000147, 14.591031380000175 ], [ 121.150280033000058, 14.591462398000147 ], [ 121.150074500000187, 14.591704900000138 ], [ 121.150126000000228, 14.592452400000127 ], [ 121.1502719, 14.593133500000022 ], [ 121.150254800000198, 14.593548800000065 ], [ 121.15010030000019, 14.593681700000047 ], [ 121.14956810000001, 14.593839500000172 ], [ 121.149327800000037, 14.593681700000047 ], [ 121.148915800000054, 14.59288429999998 ], [ 121.148795600000085, 14.592369400000052 ], [ 121.148701200000119, 14.592319499999974 ], [ 121.148435100000256, 14.592427500000042 ], [ 121.148100400000089, 14.59280960000001 ], [ 121.148006000000123, 14.593150100000116 ], [ 121.148409400000105, 14.593922600000099 ], [ 121.148435100000256, 14.594371100000103 ], [ 121.148040300000275, 14.59468680000009 ], [ 121.147559700000102, 14.595534 ], [ 121.147138537000046, 14.595692317000101 ], [ 121.147122000000195, 14.596042399999988 ], [ 121.146890300000337, 14.596283300000039 ], [ 121.146358100000043, 14.596366399999965 ], [ 121.145662900000048, 14.596682000000158 ], [ 121.145747200000073, 14.596843800000045 ], [ 121.145726100000161, 14.597411100000102 ], [ 121.145380068000122, 14.598667657000078 ], [ 121.14489010900013, 14.59939467099997 ], [ 121.143594440000129, 14.600469384000178 ], [ 121.142973825000013, 14.601649455000029 ], [ 121.142570970000179, 14.602608257000156 ], [ 121.142570970000179, 14.602787374000116 ], [ 121.142930273000161, 14.603303650000043 ], [ 121.143071817000191, 14.603725098999973 ], [ 121.142908497, 14.604188692000093 ], [ 121.142995389000021, 14.604805913000064 ], [ 121.142708834000018, 14.605010732000039 ], [ 121.1426817050002, 14.605549073000077 ], [ 121.142749099000071, 14.605697086000191 ], [ 121.144610400000033, 14.605751300000065 ], [ 121.144672070000297, 14.605950846000042 ], [ 121.144522800000232, 14.606346600000109 ], [ 121.14452370000015, 14.606556700000056 ], [ 121.145759400000202, 14.606899000000169 ], [ 121.146274400000038, 14.606909300000098 ], [ 121.14645680000001, 14.606732900000111 ], [ 121.146864500000333, 14.605725800000073 ], [ 121.147980300000086, 14.604023100000063 ], [ 121.150673200000028, 14.602341200000183 ], [ 121.151102400000013, 14.602185500000076 ], [ 121.151102400000013, 14.601967400000149 ], [ 121.150576700000215, 14.601583300000129 ], [ 121.150501600000212, 14.601084900000103 ], [ 121.151821200000086, 14.600524300000131 ], [ 121.1521216000001, 14.600524300000131 ], [ 121.152604400000087, 14.600731900000028 ], [ 121.152904800000101, 14.600763100000165 ], [ 121.153194500000041, 14.60068 ], [ 121.154567800000223, 14.599527600000044 ], [ 121.154782400000045, 14.599475700000028 ], [ 121.155018400000017, 14.599486000000184 ], [ 121.155243700000142, 14.599631400000135 ], [ 121.156059100000107, 14.59960030000002 ], [ 121.156445300000087, 14.59967290000003 ], [ 121.156799400000068, 14.599797500000022 ], [ 121.15707830000008, 14.600015500000097 ], [ 121.157325100000094, 14.600067500000137 ], [ 121.158837900000208, 14.600036300000056 ], [ 121.159253, 14.600223700000129 ], [ 121.160508300000174, 14.601293100000134 ], [ 121.16077649500005, 14.601407302000155 ], [ 121.16096959000015, 14.600877810000043 ], [ 121.160830090000331, 14.599777311000025 ], [ 121.161205591000225, 14.599164711000128 ], [ 121.161784990000115, 14.598604010000031 ], [ 121.162353590000066, 14.598458710999978 ], [ 121.163705490000211, 14.596859810000126 ], [ 121.16432769000005, 14.596465309999985 ], [ 121.165410290000068, 14.595947010000089 ], [ 121.165796490000048, 14.595324110000092 ], [ 121.166011090000211, 14.595133010000097 ], [ 121.166208490000031, 14.595041710000146 ], [ 121.166714890000208, 14.594991811 ], [ 121.168105390000164, 14.594451911000135 ], [ 121.168440090000104, 14.594427010000118 ], [ 121.168843490000086, 14.594626410999979 ], [ 121.168955090000054, 14.594817410000076 ], [ 121.168920790000129, 14.595199511000146 ], [ 121.169006590000095, 14.595365610000158 ], [ 121.169281290000072, 14.595423811000046 ], [ 121.169847790000063, 14.594692810000083 ], [ 121.169862575000138, 14.594273416000021 ], [ 121.170408800000132, 14.593984200000079 ], [ 121.170928600000138, 14.593231100000082 ], [ 121.171197600000028, 14.593053600000133 ], [ 121.17187360000014, 14.592953800000089 ], [ 121.171741700000098, 14.596049500000049 ], [ 121.171861900000067, 14.5965728 ], [ 121.173577300000034, 14.5997309 ], [ 121.174857400000292, 14.600360300000034 ], [ 121.175550400000247, 14.600911200000155 ], [ 121.175947700000052, 14.601369600000055 ], [ 121.176042200000097, 14.601796400000012 ], [ 121.173298100000238, 14.60676130000013 ], [ 121.173492700000224, 14.609795599999984 ], [ 121.173338200000217, 14.610327200000143 ], [ 121.172237800000062, 14.611347600000158 ], [ 121.171704500000033, 14.612932100000023 ], [ 121.171730200000184, 14.613299900000072 ], [ 121.172258600000077, 14.614156500000036 ], [ 121.172269200000187, 14.614318200000127 ], [ 121.172201500000142, 14.614472 ], [ 121.170164600000135, 14.616329200000052 ], [ 121.169690500000343, 14.617142300000182 ], [ 121.169577200000049, 14.6180753000001 ], [ 121.169525500000191, 14.620702100000017 ], [ 121.170594000000165, 14.62080810000009 ], [ 121.171192400000109, 14.620991200000162 ], [ 121.17365170000005, 14.622485 ], [ 121.174429600000053, 14.622709800000052 ], [ 121.174900300000104, 14.622677100000033 ] ] ] } },
{ "type": "Feature", "properties": { "psgc_code": "0405802004", "name": "Mayamot", "region": "Region IV-A (Calabarzon)", "province": "Rizal", "municipality": "City of Antipolo", "barangay": "Mayamot", "level": "barangay" }, "geometry": { "type": "Polygon", "coordinates": [ [ [ 121.11583293700005, 14.638273890000164 ], [ 121.117057113000101, 14.636975960000029 ], [ 121.118236363000165, 14.636874300000159 ], [ 121.118588783000178, 14.636745531000088 ], [ 121.118622670000036, 14.635803486000043 ], [ 121.119063194000091, 14.635478176000106 ], [ 121.11944950100019, 14.635491730000183 ], [ 121.120025571000042, 14.635661163000066 ], [ 121.120961050000119, 14.635563196000021 ], [ 121.121104765000155, 14.633592290000024 ], [ 121.121561241000109, 14.633837152000069 ], [ 121.122347538000213, 14.632965347000152 ], [ 121.122955043000161, 14.632600844000081 ], [ 121.123315497000135, 14.632184269000163 ], [ 121.12357122800006, 14.632073953000088 ], [ 121.123826958000109, 14.631667792000144 ], [ 121.12416793400007, 14.631437133000134 ], [ 121.124839854000015, 14.631266645000096 ], [ 121.125521804000186, 14.631487276000144 ], [ 121.125973093000084, 14.631487276000144 ], [ 121.126143580000075, 14.63116635800003 ], [ 121.126113495000027, 14.630920656000171 ], [ 121.126268939000056, 14.630785269000057 ], [ 121.126705186000208, 14.630775241000094 ], [ 121.126810487000057, 14.630499453000027 ], [ 121.127397164000058, 14.630469366000113 ], [ 121.127703038000163, 14.630143435000036 ], [ 121.129257482000185, 14.629682115999969 ], [ 121.129528256000185, 14.629421370999978 ], [ 121.129384205000065, 14.629174404000082 ], [ 121.129718800000092, 14.628543500000092 ], [ 121.129600700000083, 14.628264400000091 ], [ 121.130510500000128, 14.628422199999989 ], [ 121.130923416000314, 14.627810321000084 ], [ 121.132607600000028, 14.627344100000187 ], [ 121.132656874000077, 14.627801365999971 ], [ 121.133702637000169, 14.628116633000047 ], [ 121.13440108400016, 14.628473783000118 ], [ 121.13470760000007, 14.628746100000171 ], [ 121.136776200000213, 14.628887300000144 ], [ 121.136724478000019, 14.628686112000025 ], [ 121.136136890000216, 14.628576405000047 ], [ 121.136172857000247, 14.628253395000172 ], [ 121.135774807000189, 14.627823515000102 ], [ 121.135988374000021, 14.626884298000107 ], [ 121.13738012400006, 14.627014689000191 ], [ 121.137482652000017, 14.626911443000154 ], [ 121.137488061000226, 14.626710107 ], [ 121.137764754000045, 14.626111433000062 ], [ 121.13778725200018, 14.625588121000078 ], [ 121.137669000000187, 14.624697500000025 ], [ 121.137805229000151, 14.624394259000098 ], [ 121.138190253000062, 14.623939404 ], [ 121.137951906000126, 14.623357027000054 ], [ 121.137737451000021, 14.62304696800004 ], [ 121.137280510000323, 14.622794628000122 ], [ 121.136595099000033, 14.622682098000098 ], [ 121.136513259000026, 14.622392247000164 ], [ 121.136550139000065, 14.622122989000104 ], [ 121.13663495500009, 14.622022376000189 ], [ 121.13679788100012, 14.622062211000014 ], [ 121.136939772000233, 14.621681425000133 ], [ 121.136635076000061, 14.621238699000116 ], [ 121.136393503000022, 14.621239312000057 ], [ 121.136051271000156, 14.620677750000141 ], [ 121.135804630000052, 14.620626453000057 ], [ 121.135346836000053, 14.620992848000128 ], [ 121.135406181, 14.621422402000121 ], [ 121.135633673000029, 14.622065309000106 ], [ 121.135156599000197, 14.621951716000012 ], [ 121.134679906000088, 14.622260616 ], [ 121.134589797000217, 14.622393118000161 ], [ 121.134620350000091, 14.622609355000179 ], [ 121.134501600000249, 14.622949200000164 ], [ 121.13412400000027, 14.623422600000083 ], [ 121.134063900000115, 14.624299899999983 ], [ 121.133731700000112, 14.624285 ], [ 121.133669100000134, 14.623298100000056 ], [ 121.132373, 14.623140300000159 ], [ 121.131289561000017, 14.622546604000036 ], [ 121.130965400000036, 14.622500800000182 ], [ 121.130654600000071, 14.622704700000156 ], [ 121.13003950000018, 14.622923500000127 ], [ 121.130967300000066, 14.62450670000004 ], [ 121.129634666000129, 14.624699716 ], [ 121.129160387000184, 14.623387980000018 ], [ 121.12829358800002, 14.623423340000102 ], [ 121.128280000000132, 14.623180300000058 ], [ 121.128423800000064, 14.623193300000082 ], [ 121.128713, 14.622765000000186 ], [ 121.128765600000293, 14.622461400000134 ], [ 121.129166400000031, 14.6224411 ], [ 121.129100795000227, 14.62221200099998 ], [ 121.129010744000198, 14.622165163000034 ], [ 121.128690822000181, 14.622199122999973 ], [ 121.128599429000133, 14.621938241000066 ], [ 121.128448959000139, 14.622004553000068 ], [ 121.128363198000216, 14.622362003000148 ], [ 121.128216343000076, 14.622536559000025 ], [ 121.128452287000073, 14.622640685000135 ], [ 121.128295717000015, 14.622953449000079 ], [ 121.127995007000095, 14.623022087000038 ], [ 121.127702677000229, 14.622922839000182 ], [ 121.127113965000149, 14.623134249000088 ], [ 121.12704760500003, 14.623376943000096 ], [ 121.12712625000006, 14.623479064000094 ], [ 121.127088293000156, 14.623626363000142 ], [ 121.126664934000019, 14.62385323500007 ], [ 121.126439067000092, 14.623632678000035 ], [ 121.126417400000037, 14.623463300000026 ], [ 121.12519860000009, 14.623081300000081 ], [ 121.124856194000131, 14.623653440000169 ], [ 121.12409376800008, 14.62353330500008 ], [ 121.123915700000111, 14.623666771000103 ], [ 121.123061300000131, 14.623486600000035 ], [ 121.122935600000233, 14.623570500000028 ], [ 121.122566600000027, 14.623545600000114 ], [ 121.120927200000096, 14.6231967 ], [ 121.120620812000197, 14.622872863000111 ], [ 121.119856089000223, 14.622777375000055 ], [ 121.11985243100014, 14.621752027000127 ], [ 121.120189398000207, 14.621813234000115 ], [ 121.120258535000175, 14.621435672000132 ], [ 121.119834902000207, 14.621339119000083 ], [ 121.119898262000106, 14.621089582000138 ], [ 121.119318070000077, 14.621000324000022 ], [ 121.119286313000202, 14.6209114400001 ], [ 121.119000566000068, 14.620861678999972 ], [ 121.119074574000138, 14.619387235000033 ], [ 121.118652600000019, 14.619410600000094 ], [ 121.1184723, 14.61926910000011 ], [ 121.118387800000164, 14.619007200000112 ], [ 121.118326887000194, 14.618248515000118 ], [ 121.118472606000068, 14.617615073000138 ], [ 121.118465088000107, 14.617307582000024 ], [ 121.119038928, 14.616962215000115 ], [ 121.119097374000035, 14.616478701000062 ], [ 121.119426060000251, 14.616512379000028 ], [ 121.119570583000041, 14.616263404000108 ], [ 121.119501188000072, 14.61607488900006 ], [ 121.119876126, 14.615578526000093 ], [ 121.119580342000063, 14.615456194000103 ], [ 121.119392961000131, 14.615503866000154 ], [ 121.118961187000082, 14.615418590000047 ], [ 121.118597876000081, 14.615551110000183 ], [ 121.117967668, 14.615492178000068 ], [ 121.117345481000143, 14.615288119000184 ], [ 121.117212064000228, 14.615366236000114 ], [ 121.117157195000232, 14.615241121000167 ], [ 121.116655925000146, 14.615174203000151 ], [ 121.116495225000108, 14.615018796000186 ], [ 121.116336097000158, 14.614996153000163 ], [ 121.115977360000215, 14.615198559000021 ], [ 121.11560359900011, 14.61528490600017 ], [ 121.11549465600001, 14.614988913000104 ], [ 121.115345006000098, 14.614887177000014 ], [ 121.114827381000168, 14.61466844600011 ], [ 121.11460136200003, 14.614842583000041 ], [ 121.114209830000163, 14.614387863000104 ], [ 121.113943870000185, 14.614285636000091 ], [ 121.113634185000024, 14.614425595 ], [ 121.113759802000232, 14.615785944000038 ], [ 121.113369153000122, 14.615875355000071 ], [ 121.113353408000194, 14.616228409000144 ], [ 121.111450554000271, 14.616330491999975 ], [ 121.111434618000203, 14.616805402000011 ], [ 121.112345723000203, 14.616755861000115 ], [ 121.112374309000074, 14.617163855000115 ], [ 121.111508043000185, 14.617248559000188 ], [ 121.111608904000036, 14.618484290000026 ], [ 121.110972800000013, 14.618549800000096 ], [ 121.106793554000092, 14.618230715000095 ], [ 121.106912476000161, 14.618863806000149 ], [ 121.107539619000249, 14.618941131000099 ], [ 121.107108624000034, 14.621008490000179 ], [ 121.107130463000317, 14.621660929000029 ], [ 121.108540750000088, 14.62194909100009 ], [ 121.108560191000151, 14.622756569000103 ], [ 121.108430186000305, 14.62304468800005 ], [ 121.108416132000229, 14.623462812000184 ], [ 121.108163149, 14.623554167 ], [ 121.108180717000209, 14.623747418000107 ], [ 121.107730970000034, 14.623761472000012 ], [ 121.107769856000232, 14.62415160900008 ], [ 121.10839482300014, 14.625316319000149 ], [ 121.108349371000145, 14.625935604000176 ], [ 121.108610720000115, 14.626338991000068 ], [ 121.108627765000051, 14.626759423000181 ], [ 121.109232251000321, 14.626849507000031 ], [ 121.109487254000214, 14.628685060000066 ], [ 121.110890348000112, 14.633567810000159 ], [ 121.110957044000088, 14.63354070400004 ], [ 121.111508917000037, 14.63501706600016 ], [ 121.111565212000187, 14.635000841000135 ], [ 121.111703057000113, 14.635691194000174 ], [ 121.11167269900011, 14.636065219000102 ], [ 121.112070008000046, 14.636169276000089 ], [ 121.112372720000053, 14.636349011000164 ], [ 121.112930845000278, 14.63697335400019 ], [ 121.113583567000092, 14.637900409000054 ], [ 121.114809280000031, 14.638050955000097 ], [ 121.115401921000057, 14.638314939000111 ], [ 121.11583293700005, 14.638273890000164 ] ] ] } },
{ "type": "Feature", "properties": { "psgc_code": "0405802007", "name": "San Isidro (Pob.)", "region": "Region IV-A (Calabarzon)", "province": "Rizal", "municipality": "City of Antipolo", "barangay": "San Isidro (Pob.)", "level": "barangay" }, "geometry": { "type": "Polygon", "coordinates": [ [ [ 121.1877766, 14.622397699999965 ], [ 121.187879300000191, 14.621562200000142 ], [ 121.187836900000093, 14.621308400000089 ], [ 121.18741910000017, 14.620679200000097 ], [ 121.187313100000097, 14.620332299999973 ], [ 121.187400719000152, 14.617696012000181 ], [ 121.187657238000156, 14.616606531000173 ], [ 121.187283500000149, 14.614683900000159 ], [ 121.187407, 14.612538400000119 ], [ 121.187601300000097, 14.612095000000181 ], [ 121.186786600000232, 14.611679700000138 ], [ 121.186617, 14.611471500000107 ], [ 121.186502300000143, 14.610944099999983 ], [ 121.186097700000232, 14.610648500000082 ], [ 121.186119100000042, 14.610492800000145 ], [ 121.186483900000212, 14.609901 ], [ 121.186537500000213, 14.609651900000188 ], [ 121.186217600000191, 14.608878500000174 ], [ 121.186037400000032, 14.608637600000122 ], [ 121.185333600000035, 14.608537900000044 ], [ 121.18404610000016, 14.608936600000163 ], [ 121.183857300000113, 14.6089283 ], [ 121.183668500000181, 14.608762200000115 ], [ 121.183505400000172, 14.608454900000083 ], [ 121.183411000000319, 14.607682500000124 ], [ 121.182638500000166, 14.605988100000104 ], [ 121.182672800000205, 14.60525720000004 ], [ 121.18241530000023, 14.604900100000123 ], [ 121.182132100000217, 14.60425220000019 ], [ 121.182089200000064, 14.603704000000107 ], [ 121.182466800000043, 14.601743900000145 ], [ 121.182026700000051, 14.600373100000013 ], [ 121.181545100000108, 14.599516000000165 ], [ 121.180956200000082, 14.597557700000152 ], [ 121.180707300000108, 14.596602500000131 ], [ 121.180451300000072, 14.59440190000015 ], [ 121.182144000000108, 14.5945999 ], [ 121.182965538000076, 14.595294977000037 ], [ 121.18412427200019, 14.595508556000084 ], [ 121.184869100000014, 14.595835400000112 ], [ 121.185314482000081, 14.596155093000164 ], [ 121.186200500000041, 14.596511100000043 ], [ 121.186955800000192, 14.596644 ], [ 121.187580174000118, 14.596922069000016 ], [ 121.188749600000051, 14.597117500000138 ], [ 121.189299000000233, 14.597308500000111 ], [ 121.189746186000093, 14.59758221200002 ], [ 121.191110000000208, 14.597856700000023 ], [ 121.191564900000117, 14.597416500000179 ], [ 121.192170780000197, 14.597327039000163 ], [ 121.193074608000188, 14.597459046000154 ], [ 121.193624800000066, 14.597640700000056 ], [ 121.194071100000201, 14.597566000000143 ], [ 121.19331580000005, 14.594808400000034 ], [ 121.193453200000022, 14.593778400000076 ], [ 121.193401700000095, 14.592972700000018 ], [ 121.19662980000021, 14.593557600000111 ], [ 121.196637653000039, 14.594202684000038 ], [ 121.197231509000176, 14.595223840000131 ], [ 121.197574277000058, 14.595640384000149 ], [ 121.19829603200003, 14.595784310000113 ], [ 121.198758192000014, 14.59606197 ], [ 121.199364768, 14.596163931000035 ], [ 121.200092068000117, 14.596621209000034 ], [ 121.200502247000031, 14.596754916000179 ], [ 121.20134109900016, 14.596689451000145 ], [ 121.20221556100023, 14.597068462000152 ], [ 121.203305944000135, 14.597189308000054 ], [ 121.20427426800029, 14.596880291000161 ], [ 121.20463652400008, 14.596635837000179 ], [ 121.20478150100007, 14.596268211000108 ], [ 121.20482389700021, 14.595731320000027 ], [ 121.204735676000269, 14.594376032000127 ], [ 121.204936612000211, 14.594058963000123 ], [ 121.204974485000093, 14.593689174000133 ], [ 121.204831233000277, 14.593213486000082 ], [ 121.204395645000091, 14.592454398000143 ], [ 121.204104200000074, 14.590650800000105 ], [ 121.203927585000088, 14.590902584000162 ], [ 121.203583666000213, 14.591102090000163 ], [ 121.201772159000143, 14.59163012200014 ], [ 121.20112769800005, 14.591695713000149 ], [ 121.199612049000052, 14.592529316000139 ], [ 121.197069700000156, 14.591813300000013 ], [ 121.19631131500023, 14.591771985999969 ], [ 121.19495610000024, 14.591418800000042 ], [ 121.195063400000095, 14.589612200000147 ], [ 121.195386320000125, 14.589307487999974 ], [ 121.194509393000317, 14.58804879000013 ], [ 121.192906900000025, 14.588470000000143 ], [ 121.192660100000012, 14.588438900000085 ], [ 121.189452200000119, 14.587026800000103 ], [ 121.189250181000034, 14.587090643000181 ], [ 121.189136926000174, 14.589117563000173 ], [ 121.188122966000151, 14.589306171000146 ], [ 121.185965346000103, 14.588627753000139 ], [ 121.186123863000034, 14.588126308000142 ], [ 121.186467777000189, 14.587708601000145 ], [ 121.186760513000081, 14.587072687999978 ], [ 121.186397900000202, 14.58704200000011 ], [ 121.184711463000212, 14.587262433000149 ], [ 121.182001900000046, 14.587826900000039 ], [ 121.182006122000075, 14.58805282600008 ], [ 121.1795972540001, 14.588412693000123 ], [ 121.179399500000045, 14.588252600000089 ], [ 121.178806700000223, 14.588094299999966 ], [ 121.176037006000229, 14.588173302000143 ], [ 121.176035800000136, 14.587700600000062 ], [ 121.175804546000109, 14.587701443000071 ], [ 121.175779338000211, 14.58949121500018 ], [ 121.175652753000122, 14.590169601000184 ], [ 121.175532028000021, 14.593623099000126 ], [ 121.176468800000066, 14.593597600000066 ], [ 121.178380100000254, 14.592088400000023 ], [ 121.178413600000226, 14.592138100000057 ], [ 121.17780740000012, 14.5939386 ], [ 121.177286367000079, 14.593982462999975 ], [ 121.177238287000023, 14.594374990000063 ], [ 121.177416962000166, 14.595556561000024 ], [ 121.17784718200005, 14.595624876000102 ], [ 121.178001937000317, 14.596432843000059 ], [ 121.177872761000117, 14.597089256000118 ], [ 121.178044483000122, 14.597733678000111 ], [ 121.177914121000185, 14.598990572000048 ], [ 121.178147663000118, 14.599848008000095 ], [ 121.178792933000068, 14.600720596000031 ], [ 121.177960881000104, 14.601539121000144 ], [ 121.178424067000037, 14.60203724400003 ], [ 121.178336819000151, 14.602338449 ], [ 121.178262664000158, 14.604645487000141 ], [ 121.178002176000064, 14.605320666000125 ], [ 121.177465147000134, 14.60517484200011 ], [ 121.177174659000116, 14.604952018000176 ], [ 121.176409472000273, 14.605006866999986 ], [ 121.176659910000012, 14.605705966000016 ], [ 121.176631989000157, 14.606546842000171 ], [ 121.177199556000119, 14.606633995000152 ], [ 121.177242577000015, 14.606858216000148 ], [ 121.177074370000014, 14.607899878000183 ], [ 121.177533749000304, 14.608693977000087 ], [ 121.177292881000085, 14.609146544000112 ], [ 121.177610393000123, 14.609339633000047 ], [ 121.177532774000156, 14.609722662000024 ], [ 121.177798440000061, 14.610183755000037 ], [ 121.177651757000149, 14.610366594000027 ], [ 121.177614896000023, 14.610641674000021 ], [ 121.177685508000195, 14.611233865000088 ], [ 121.177976857000203, 14.611570655000037 ], [ 121.178000536000127, 14.611807277000082 ], [ 121.177723616000094, 14.612322403000064 ], [ 121.177924183000073, 14.613322663000076 ], [ 121.17794627700016, 14.614618482000083 ], [ 121.180226417000199, 14.614624927000023 ], [ 121.18045008300021, 14.615225345000113 ], [ 121.180478944000015, 14.615839724000068 ], [ 121.18039957800022, 14.617236034000143 ], [ 121.180323820000012, 14.617328539000027 ], [ 121.180376129000138, 14.617696815000158 ], [ 121.180226, 14.617944900000168 ], [ 121.180272400000149, 14.618086000000119 ], [ 121.181221400000027, 14.618157600000188 ], [ 121.181682600000158, 14.618369200000075 ], [ 121.1817522, 14.618572900000061 ], [ 121.181602800000064, 14.619324200000051 ], [ 121.182145800000058, 14.619731900000033 ], [ 121.181973900000116, 14.620034600000054 ], [ 121.182167200000094, 14.620280500000149 ], [ 121.183915, 14.620002400000033 ], [ 121.183970600000066, 14.620157500000062 ], [ 121.183762800000295, 14.620734300000038 ], [ 121.184614700000111, 14.620672800000079 ], [ 121.184679100000039, 14.620886499999983 ], [ 121.184118656000123, 14.621725325000057 ], [ 121.184160496000118, 14.622306978000097 ], [ 121.18549390000021, 14.622182 ], [ 121.186575, 14.622231600000077 ], [ 121.1877766, 14.622397699999965 ] ] ] } },
{ "type": "Feature", "properties": { "psgc_code": "0405802008", "name": "San Jose (Pob.)", "region": "Region IV-A (Calabarzon)", "province": "Rizal", "municipality": "City of Antipolo", "barangay": "San Jose (Pob.)", "level": "barangay" }, "geometry": { "type": "Polygon", "coordinates": [ [ [ 121.320820892000143, 14.729413881000028 ], [ 121.321453304000215, 14.723246251999967 ], [ 121.322811190000152, 14.718729366000161 ], [ 121.322723398000107, 14.716194022000025 ], [ 121.320757772000206, 14.712328773000024 ], [ 121.320889951000026, 14.70827420400019 ], [ 121.319576936000203, 14.705294732000027 ], [ 121.322535023000114, 14.701866170000073 ], [ 121.323916008000083, 14.699137360000066 ], [ 121.325203028000146, 14.694785753000133 ], [ 121.324700017000168, 14.69163952100007 ], [ 121.321780927000077, 14.6892891 ], [ 121.323270147000017, 14.686054235000142 ], [ 121.325597177000304, 14.682926034000047 ], [ 121.326465768000162, 14.678470569000069 ], [ 121.32672136400015, 14.67167927700001 ], [ 121.327446750000149, 14.666455564000103 ], [ 121.326834832000145, 14.663916915000073 ], [ 121.324770680000029, 14.65913858600004 ], [ 121.323110928, 14.656593422000128 ], [ 121.321549904000221, 14.654961374000095 ], [ 121.313533270000221, 14.64720538500012 ], [ 121.313612609000074, 14.631699528000127 ], [ 121.313039095000022, 14.629245751000042 ], [ 121.313287299000194, 14.627381087000117 ], [ 121.314167271000201, 14.624065992000169 ], [ 121.316065733000073, 14.620620871000142 ], [ 121.316056328000059, 14.6203756110001 ], [ 121.317039511000303, 14.617884378000099 ], [ 121.318168117000027, 14.614221367000027 ], [ 121.32057685500024, 14.612117026000078 ], [ 121.320511122000084, 14.612047369999971 ], [ 121.320156478000058, 14.609419787000093 ], [ 121.319475650000186, 14.606558269000118 ], [ 121.31872781900006, 14.605875260000175 ], [ 121.318523241000321, 14.605996730000129 ], [ 121.317743397000072, 14.606133561000149 ], [ 121.31743790500002, 14.606335387000172 ], [ 121.317225294000309, 14.606807335000099 ], [ 121.317291014000034, 14.607442870000057 ], [ 121.317510832000153, 14.60788963900012 ], [ 121.318093663000127, 14.608195173000183 ], [ 121.31830514000012, 14.608402648000038 ], [ 121.318378080000116, 14.60870163300018 ], [ 121.318199428000071, 14.609404394000137 ], [ 121.316973647000054, 14.610516477000033 ], [ 121.316179177000208, 14.610664396000118 ], [ 121.31584361500029, 14.610826564000035 ], [ 121.31540058500002, 14.611425832000066 ], [ 121.314237142000025, 14.611767822000104 ], [ 121.313338247000161, 14.612191565000103 ], [ 121.311840365000194, 14.612111820000166 ], [ 121.31115800800012, 14.611800565000067 ], [ 121.31043046100001, 14.611373873000105 ], [ 121.309832698000037, 14.610661335000145 ], [ 121.308562945000062, 14.609703311000089 ], [ 121.308349280000243, 14.609380627000064 ], [ 121.308218237, 14.60856667000013 ], [ 121.307991427000047, 14.608253845999968 ], [ 121.307616145000111, 14.608042924000131 ], [ 121.307212685000081, 14.607977737000169 ], [ 121.306289864000064, 14.608072390000075 ], [ 121.30599489400015, 14.608457137000187 ], [ 121.302922356000067, 14.616526867000175 ], [ 121.300504972000113, 14.617728978000059 ], [ 121.298544448000257, 14.622502476000136 ], [ 121.298284402000036, 14.622440149000056 ], [ 121.297398438000073, 14.622886540000138 ], [ 121.297089032000144, 14.62251881300017 ], [ 121.296885758000144, 14.62249470200004 ], [ 121.296751667000194, 14.622298170000079 ], [ 121.296809281000151, 14.622008399000038 ], [ 121.296679519, 14.62176683500013 ], [ 121.296539843000232, 14.621742982000171 ], [ 121.296138799000119, 14.62132892 ], [ 121.296039888000109, 14.62133808699997 ], [ 121.295915057000229, 14.621606316000054 ], [ 121.295746023000106, 14.621584319000078 ], [ 121.295332823000194, 14.621224093000137 ], [ 121.295011356000145, 14.621179312999971 ], [ 121.294863259000067, 14.621303006000176 ], [ 121.294819039000117, 14.621471882000151 ], [ 121.294990541000061, 14.621986564000053 ], [ 121.294825672000229, 14.622109871000077 ], [ 121.29449503100011, 14.622091546000036 ], [ 121.294125518000214, 14.621798310000145 ], [ 121.293944238000108, 14.621935792000158 ], [ 121.294122339000069, 14.622425281000062 ], [ 121.293051604000198, 14.622551735000059 ], [ 121.292758574000118, 14.622172449000118 ], [ 121.292560617000163, 14.622478234000084 ], [ 121.292475412000272, 14.622815479 ], [ 121.292000745000223, 14.621708409000064 ], [ 121.29194183900006, 14.621354974000042 ], [ 121.291588405000198, 14.62108989800015 ], [ 121.291205517000094, 14.620942633000141 ], [ 121.290999346000035, 14.620500839000158 ], [ 121.29113408600017, 14.620136296000112 ], [ 121.291564712000081, 14.61965595800018 ], [ 121.291522733000079, 14.619467151000094 ], [ 121.291207129000099, 14.61934528200004 ], [ 121.290872752000041, 14.619026075000022 ], [ 121.290075814000147, 14.618971791000149 ], [ 121.289840869000159, 14.61912930200009 ], [ 121.289635368000177, 14.619455059000131 ], [ 121.289644513000098, 14.619970686999977 ], [ 121.289661099000227, 14.620207562000132 ], [ 121.289795162000019, 14.62030696700009 ], [ 121.290172632, 14.620337108 ], [ 121.290330655000048, 14.620426457000065 ], [ 121.290345966000132, 14.620830063000028 ], [ 121.290168363000134, 14.621148652000045 ], [ 121.289328317000013, 14.62107667700019 ], [ 121.289139970000178, 14.621249179000074 ], [ 121.288849284000094, 14.621237162000057 ], [ 121.288208765000149, 14.620815825000136 ], [ 121.288089261000209, 14.620597920000137 ], [ 121.28786041, 14.620618142000183 ], [ 121.28777205200015, 14.620820323000146 ], [ 121.287825541000075, 14.62119773600017 ], [ 121.287612262000039, 14.62185567299997 ], [ 121.287347186000034, 14.622238561000074 ], [ 121.286640316000103, 14.622857072000158 ], [ 121.286728675000063, 14.62312214800005 ], [ 121.287553356000217, 14.623181054000156 ], [ 121.287879708000219, 14.623423913000067 ], [ 121.287788979000084, 14.623622848000082 ], [ 121.286964298000271, 14.623858471000176 ], [ 121.285276280000062, 14.623482095000099 ], [ 121.285079312000107, 14.623652301000163 ], [ 121.285020406000058, 14.624094094000043 ], [ 121.285167671000067, 14.624506435000114 ], [ 121.285491653, 14.625007134000043 ], [ 121.284990953000033, 14.625802363000048 ], [ 121.284578612000018, 14.625714004000088 ], [ 121.284284083000102, 14.625507834000132 ], [ 121.283930648000137, 14.624977681000018 ], [ 121.283930648000137, 14.624447529000065 ], [ 121.283812837000028, 14.623829018000094 ], [ 121.283371043000102, 14.623622848000082 ], [ 121.282988155000226, 14.623976283000104 ], [ 121.282693626000082, 14.624388623000129 ], [ 121.28222238, 14.624712605000127 ], [ 121.282069844000148, 14.624925409000127 ], [ 121.282026735000045, 14.625243335000164 ], [ 121.282592537000141, 14.626110898000093 ], [ 121.28302901200027, 14.626401881999982 ], [ 121.283448997000164, 14.626500369000098 ], [ 121.283663458000206, 14.626394361 ], [ 121.283841406000192, 14.626424650000104 ], [ 121.284000423000066, 14.626682106000089 ], [ 121.283960101000162, 14.627304461000165 ], [ 121.283724478000067, 14.627598990000138 ], [ 121.283017608000023, 14.627716802000066 ], [ 121.283047061000048, 14.628276407000101 ], [ 121.282664173000057, 14.628482578000046 ], [ 121.282134021000047, 14.628541483000049 ], [ 121.282045662000087, 14.628953824000121 ], [ 121.282840891000092, 14.629837411000153 ], [ 121.282516909000265, 14.630249752000054 ], [ 121.282192927000096, 14.630485375000092 ], [ 121.281574416000012, 14.63030865800016 ], [ 121.281338792000042, 14.630779904000065 ], [ 121.281515510000077, 14.631339509999975 ], [ 121.281309340000121, 14.631840209000131 ], [ 121.28089699900022, 14.632252550000032 ], [ 121.280190129000175, 14.63325394900005 ], [ 121.27995264800029, 14.633128565000106 ], [ 121.279618742000025, 14.63315577200018 ], [ 121.27945380600022, 14.633430665999981 ], [ 121.278717484000026, 14.633106683999983 ], [ 121.278305143000125, 14.632782702000043 ], [ 121.278036904000032, 14.632212170000059 ], [ 121.277863349000199, 14.632046379000144 ], [ 121.277664570000184, 14.632004395000024 ], [ 121.277300547000323, 14.632160642000088 ], [ 121.276950309000085, 14.632900514000028 ], [ 121.27606672200011, 14.633813554000028 ], [ 121.275683834, 14.6336957420001 ], [ 121.275271493000105, 14.633077231000129 ], [ 121.275006417000213, 14.632929967000052 ], [ 121.274623529000337, 14.632988872000055 ], [ 121.273504319000153, 14.634343706000038 ], [ 121.273327601, 14.634697141000061 ], [ 121.272679637000124, 14.634490971000048 ], [ 121.272532373000331, 14.634196442000132 ], [ 121.272885808000183, 14.633931366000013 ], [ 121.272944714000118, 14.63325394900005 ], [ 121.273180337000099, 14.632782702000043 ], [ 121.273091978000025, 14.632340909000163 ], [ 121.273474866000242, 14.631958021000116 ], [ 121.273946112000203, 14.631840209000131 ], [ 121.274211189000198, 14.631516227000134 ], [ 121.274194643000214, 14.631232554 ], [ 121.274001394000152, 14.631077956000183 ], [ 121.273710489000109, 14.631103886 ], [ 121.272915261000207, 14.631427868 ], [ 121.272326203000148, 14.631280604000096 ], [ 121.271530974000029, 14.63181075600005 ], [ 121.271324804000187, 14.631634039000119 ], [ 121.271089180000217, 14.631722397000146 ], [ 121.270971369000108, 14.631516227000134 ], [ 121.270529575000182, 14.631339509999975 ], [ 121.270411763000197, 14.630956622000099 ], [ 121.270382311000049, 14.630367564000039 ], [ 121.270146687000079, 14.629955223000138 ], [ 121.269734347000281, 14.629984676000163 ], [ 121.269263100000103, 14.630279205000079 ], [ 121.268114437, 14.629807958000072 ], [ 121.267348661000028, 14.630367564000039 ], [ 121.266523980000102, 14.630662093000183 ], [ 121.266141092000112, 14.630426469000042 ], [ 121.265993827000102, 14.630014129000187 ], [ 121.266052733000151, 14.629778505000047 ], [ 121.266435621000028, 14.629425071000128 ], [ 121.266965773000038, 14.629277806000118 ], [ 121.267306118000192, 14.628911281000057 ], [ 121.267083585000023, 14.628688748000059 ], [ 121.266288356000018, 14.628394219000086 ], [ 121.265345863000107, 14.628718201000083 ], [ 121.264462276000245, 14.628806560000044 ], [ 121.263932124000121, 14.628335313000036 ], [ 121.264638993000062, 14.627186650000112 ], [ 121.263912149000134, 14.626346017000117 ], [ 121.263554311, 14.626283123000064 ], [ 121.262488931, 14.627893519000054 ], [ 121.262223855000229, 14.627981878000185 ], [ 121.26105386100005, 14.626681340000061 ], [ 121.259184399000105, 14.625545953000142 ], [ 121.258908253000186, 14.624221423000165 ], [ 121.258584492000068, 14.623731932000055 ], [ 121.257977262000168, 14.624214790000053 ], [ 121.248649331000252, 14.627827267999976 ], [ 121.24292511200008, 14.626175606000118 ], [ 121.244525484000064, 14.624733830000025 ], [ 121.244352471000184, 14.623609244000022 ], [ 121.24461199100017, 14.62179260500011 ], [ 121.24521753700003, 14.621533085000124 ], [ 121.245650070000011, 14.620235486000126 ], [ 121.246774656000184, 14.61997596599997 ], [ 121.247207189000164, 14.619197407000115 ], [ 121.248331775000111, 14.618937887000186 ], [ 121.249283347000187, 14.618159327000058 ], [ 121.250234920000139, 14.617034741000055 ], [ 121.251272999000093, 14.615218103000075 ], [ 121.252484092000032, 14.613487971000097 ], [ 121.253781691000199, 14.611930852000114 ], [ 121.253954704000193, 14.611065786000097 ], [ 121.254473744000165, 14.610027706000039 ], [ 121.267882268000108, 14.591255772000068 ], [ 121.26719340000011, 14.590789400000062 ], [ 121.266342900000041, 14.590638000000126 ], [ 121.26372640000011, 14.590629800000158 ], [ 121.261961606000114, 14.589832095000133 ], [ 121.261259700000096, 14.589657499999987 ], [ 121.260826676000192, 14.589779695000061 ], [ 121.260161400000015, 14.5903255 ], [ 121.25958780000019, 14.590543400000115 ], [ 121.259012900000016, 14.590448600000059 ], [ 121.258868414000176, 14.589702191000072 ], [ 121.258498277000172, 14.589526648000174 ], [ 121.258099461000029, 14.589572105000116 ], [ 121.257160800000065, 14.590137 ], [ 121.25676870000018, 14.59022160000012 ], [ 121.256429100000105, 14.590186700000061 ], [ 121.256180500000028, 14.590087 ], [ 121.255188200000134, 14.589344800000049 ], [ 121.254720300000145, 14.588778 ], [ 121.254045800000085, 14.587661200000014 ], [ 121.253808000000163, 14.586637 ], [ 121.253630500000213, 14.586208800000122 ], [ 121.253405300000054, 14.585953600000153 ], [ 121.252949700000045, 14.585852100000068 ], [ 121.251836700000126, 14.58596760000006 ], [ 121.251188443000046, 14.585690880000072 ], [ 121.2506592000002, 14.585580000000107 ], [ 121.249752700000158, 14.585811900000124 ], [ 121.249169400000028, 14.586113300000022 ], [ 121.248428100000183, 14.587058500000069 ], [ 121.248016, 14.587452700000028 ], [ 121.24619830000006, 14.588602700000138 ], [ 121.244546500000183, 14.589937900000109 ], [ 121.244217500000104, 14.590110400000185 ], [ 121.24407704100031, 14.589649270000052 ], [ 121.243995307000091, 14.589662332000046 ], [ 121.243680589000064, 14.589351813 ], [ 121.243321516000037, 14.589348505000089 ], [ 121.243320077000021, 14.589202804000024 ], [ 121.243052237000029, 14.588832641000067 ], [ 121.242729693000229, 14.588661355000113 ], [ 121.242235304000246, 14.588589950000141 ], [ 121.242186753000055, 14.588508274000105 ], [ 121.242502358000138, 14.588002904000064 ], [ 121.24222365300011, 14.587658957000087 ], [ 121.242005576000111, 14.58767691900016 ], [ 121.24136526600023, 14.588004714000022 ], [ 121.240970873000037, 14.588040637000063 ], [ 121.240850235000153, 14.587995733000071 ], [ 121.240363043000116, 14.587241354000128 ], [ 121.240084647000231, 14.58715603800016 ], [ 121.239824811000062, 14.587793668000131 ], [ 121.239560336000068, 14.58786102300013 ], [ 121.239416498000082, 14.588256173000161 ], [ 121.23922162100007, 14.588256173000161 ], [ 121.238998905000244, 14.588040637000063 ], [ 121.238771548000045, 14.587955320000049 ], [ 121.239675974000079, 14.589662058000044 ], [ 121.239659832000143, 14.589789088000032 ], [ 121.239319700000237, 14.589502500000151 ], [ 121.238819400000011, 14.588580200000024 ], [ 121.237874947000023, 14.587937967000073 ], [ 121.236711632000265, 14.587659567000173 ], [ 121.23573723100003, 14.587152481000146 ], [ 121.233132201000103, 14.585104251000132 ], [ 121.226400882, 14.584438079000051 ], [ 121.225317110000219, 14.583911107000176 ], [ 121.223785908000195, 14.582558877 ], [ 121.221320078000076, 14.581624248000026 ], [ 121.220822935000228, 14.58109727600015 ], [ 121.219808763000174, 14.578193960000078 ], [ 121.219341448000137, 14.577587445000063 ], [ 121.219132648000254, 14.577130073000092 ], [ 121.217959390000033, 14.576086073 ], [ 121.217173904000219, 14.575608815000123 ], [ 121.216607160000194, 14.575101729000096 ], [ 121.215443845000095, 14.573789271000066 ], [ 121.214519159000019, 14.572973956000169 ], [ 121.213286244000074, 14.572327670000163 ], [ 121.212938243000167, 14.571939898000039 ], [ 121.212132871000108, 14.571492469000077 ], [ 121.211983728000064, 14.571373155000174 ], [ 121.211775261000184, 14.570979106000152 ], [ 121.211716190000175, 14.571086077000018 ], [ 121.211467657000298, 14.571157086000142 ], [ 121.211011168000141, 14.57082232700003 ], [ 121.210691625000095, 14.570888265000178 ], [ 121.210630760000072, 14.571111437000184 ], [ 121.21087422100004, 14.571385331000101 ], [ 121.211721263000186, 14.571583143000112 ], [ 121.211761839000133, 14.571715017000031 ], [ 121.211543739000035, 14.572191795000037 ], [ 121.211898786, 14.57255191500019 ], [ 121.211822705000031, 14.572825808000175 ], [ 121.211214052000059, 14.573262009000132 ], [ 121.210736081000164, 14.573943793000069 ], [ 121.210719406000294, 14.574108958000124 ], [ 121.210829540000191, 14.574248415 ], [ 121.211690762000217, 14.57418129500013 ], [ 121.211922243000117, 14.574199911000107 ], [ 121.212015554000118, 14.574332115 ], [ 121.211115130000053, 14.575080681000145 ], [ 121.211280910000028, 14.575593341000115 ], [ 121.211747801000229, 14.575898591000112 ], [ 121.211956566000026, 14.576251356000114 ], [ 121.211984869000162, 14.57659027699998 ], [ 121.211793068000134, 14.576798841000027 ], [ 121.21098229200004, 14.576507449000076 ], [ 121.210730385000033, 14.575760667999987 ], [ 121.208860586000014, 14.575752778000037 ], [ 121.208966954000061, 14.575029610000115 ], [ 121.209016643000041, 14.573231308000175 ], [ 121.209138969000037, 14.572033825000119 ], [ 121.208893088000195, 14.571116441000072 ], [ 121.20879401500008, 14.569876917000158 ], [ 121.207187047000161, 14.568651367000029 ], [ 121.206884032000062, 14.568924692000166 ], [ 121.206483853000236, 14.569143277000023 ], [ 121.20639406600003, 14.569374066000023 ], [ 121.205253671000037, 14.569150978000039 ], [ 121.204410886000232, 14.569200241000146 ], [ 121.204795407, 14.567857052000136 ], [ 121.20419926600016, 14.567005437999967 ], [ 121.201615400000037, 14.5669992 ], [ 121.201081700000145, 14.567157300000133 ], [ 121.200861000000145, 14.5673041 ], [ 121.200950200000079, 14.567491700000062 ], [ 121.201700800000026, 14.567308299999979 ], [ 121.202590500000042, 14.567380700000115 ], [ 121.202741700000161, 14.567491000000189 ], [ 121.203051900000219, 14.568108400000142 ], [ 121.203737500000102, 14.56863710000016 ], [ 121.203743800000098, 14.569144 ], [ 121.202926600000183, 14.570631100000128 ], [ 121.202845200000183, 14.571581900000126 ], [ 121.2027256, 14.571728700000165 ], [ 121.202603100000033, 14.571729800000071 ], [ 121.2025724, 14.571645200000034 ], [ 121.202693400000044, 14.571109 ], [ 121.202655800000116, 14.570934800000032 ], [ 121.202234500000145, 14.570602500000064 ], [ 121.202213100000108, 14.570457799999986 ], [ 121.202542600000015, 14.570116700000028 ], [ 121.202484800000207, 14.569714100000112 ], [ 121.202557100000149, 14.569573500000047 ], [ 121.202982200000179, 14.569143200000099 ], [ 121.202862700000196, 14.568972100000167 ], [ 121.202423400000271, 14.568748300000152 ], [ 121.202205700000036, 14.56881490000012 ], [ 121.201546043000235, 14.569460922000133 ], [ 121.200956700000233, 14.569874900000116 ], [ 121.200289600000133, 14.571077400000092 ], [ 121.200132900000085, 14.571762 ], [ 121.199853300000086, 14.5724747000001 ], [ 121.199673700000176, 14.572490400000163 ], [ 121.199430900000152, 14.572310500000185 ], [ 121.199033800000166, 14.572428900000034 ], [ 121.198938400000088, 14.572321700000032 ], [ 121.198967500000322, 14.57203920000012 ], [ 121.198900900000012, 14.571861400000159 ], [ 121.198277, 14.571467400000074 ], [ 121.198193400000036, 14.571559500000035 ], [ 121.198349500000177, 14.572197900000106 ], [ 121.1981862, 14.572450700000047 ], [ 121.197894400000223, 14.572384300000067 ], [ 121.19733210000004, 14.5718685 ], [ 121.196771800000192, 14.5716602 ], [ 121.196409400000221, 14.571677100000159 ], [ 121.195934400000056, 14.57205480000016 ], [ 121.195436900000232, 14.572842500000149 ], [ 121.193227300000217, 14.575288200000159 ], [ 121.190532900000221, 14.576171800000111 ], [ 121.188511500000118, 14.577437700000019 ], [ 121.185780400000112, 14.578514 ], [ 121.18130890000009, 14.580678500000147 ], [ 121.180141900000194, 14.581148 ], [ 121.17948, 14.581278100000191 ], [ 121.177328000000102, 14.580983600000138 ], [ 121.17688320000002, 14.583826100000124 ], [ 121.176136534000079, 14.585836562000054 ], [ 121.176037006000229, 14.588173302000143 ], [ 121.178806700000223, 14.588094299999966 ], [ 121.179399500000045, 14.588252600000089 ], [ 121.1795972540001, 14.588412693000123 ], [ 121.182006122000075, 14.58805282600008 ], [ 121.182001900000046, 14.587826900000039 ], [ 121.184711463000212, 14.587262433000149 ], [ 121.186397900000202, 14.58704200000011 ], [ 121.186760513000081, 14.587072687999978 ], [ 121.186467777000189, 14.587708601000145 ], [ 121.186123863000034, 14.588126308000142 ], [ 121.185965346000103, 14.588627753000139 ], [ 121.188122966000151, 14.589306171000146 ], [ 121.189136926000174, 14.589117563000173 ], [ 121.189250181000034, 14.587090643000181 ], [ 121.189452200000119, 14.587026800000103 ], [ 121.192660100000012, 14.588438900000085 ], [ 121.192906900000025, 14.588470000000143 ], [ 121.194509393000317, 14.58804879000013 ], [ 121.195386320000125, 14.589307487999974 ], [ 121.195063400000095, 14.589612200000147 ], [ 121.19495610000024, 14.591418800000042 ], [ 121.19631131500023, 14.591771985999969 ], [ 121.197069700000156, 14.591813300000013 ], [ 121.199612049000052, 14.592529316000139 ], [ 121.20112769800005, 14.591695713000149 ], [ 121.201772159000143, 14.59163012200014 ], [ 121.203583666000213, 14.591102090000163 ], [ 121.203927585000088, 14.590902584000162 ], [ 121.204104200000074, 14.590650800000105 ], [ 121.205451100000118, 14.590568400000052 ], [ 121.206272400000103, 14.590062600000124 ], [ 121.206596300000228, 14.58975 ], [ 121.207215800000313, 14.589528300000154 ], [ 121.207656300000167, 14.589576600000044 ], [ 121.207860900000014, 14.589701700000091 ], [ 121.208375200000319, 14.5904263 ], [ 121.209068600000137, 14.591187900000136 ], [ 121.209313, 14.5921995 ], [ 121.209233800000106, 14.592935200000113 ], [ 121.209309000000303, 14.594504 ], [ 121.209098500000096, 14.597055899999987 ], [ 121.210345800000141, 14.60006240000007 ], [ 121.210412400000109, 14.600325500000167 ], [ 121.210361600000056, 14.600650700000074 ], [ 121.209756300000208, 14.602148199999988 ], [ 121.209494900000095, 14.602520500000082 ], [ 121.208176300000218, 14.603782200000182 ], [ 121.207645700000171, 14.605084400000123 ], [ 121.206636300000014, 14.606280400000117 ], [ 121.205442600000197, 14.607484900000145 ], [ 121.203777400000035, 14.608104400000059 ], [ 121.203459100000032, 14.608394200000077 ], [ 121.203351100000077, 14.608868800000039 ], [ 121.203362500000026, 14.610176 ], [ 121.203738800000224, 14.61163810000005 ], [ 121.203853600000116, 14.612549300000126 ], [ 121.203789900000174, 14.612831500000027 ], [ 121.20349120000003, 14.613380200000108 ], [ 121.203055600000198, 14.614859100000103 ], [ 121.202629001000105, 14.615642109000134 ], [ 121.206976077000149, 14.615963556000168 ], [ 121.209405, 14.616684 ], [ 121.210028300000317, 14.617840200000046 ], [ 121.209803000000193, 14.619298800000081 ], [ 121.21008200000017, 14.619978800000069 ], [ 121.210712097000169, 14.619638157 ], [ 121.21091320700009, 14.618903138000064 ], [ 121.211851627000101, 14.617649299000107 ], [ 121.212276134000149, 14.617519600000151 ], [ 121.212879367000028, 14.617757421000022 ], [ 121.213594345000047, 14.617303445000118 ], [ 121.213974165000081, 14.617433165000023 ], [ 121.214845555000011, 14.61697918100009 ], [ 121.215113667000196, 14.617130517000192 ], [ 121.215761625000141, 14.617087284999968 ], [ 121.216431949000025, 14.616633284000159 ], [ 121.216744758000232, 14.616763 ], [ 121.216275513000028, 14.617541289000087 ], [ 121.216454253000052, 14.617887196000027 ], [ 121.217415047000031, 14.617973678000055 ], [ 121.217817242000137, 14.61825473100015 ], [ 121.218107726000198, 14.618081777000043 ], [ 121.218286493000164, 14.617671008000059 ], [ 121.218636148000087, 14.617438661000108 ], [ 121.219306438000103, 14.617244096000093 ], [ 121.219753301000196, 14.61730895300002 ], [ 121.220312956000043, 14.617128450000109 ], [ 121.220852600000285, 14.616801500000065 ], [ 121.221296800000118, 14.617353300000048 ], [ 121.221158000000173, 14.617946700000118 ], [ 121.221275900000137, 14.618373500000075 ], [ 121.221730500000263, 14.618741300000124 ], [ 121.222143500000016, 14.6188558 ], [ 121.222296100000221, 14.619237500000168 ], [ 121.222278800000026, 14.61950470000005 ], [ 121.222757600000023, 14.619810100000109 ], [ 121.222834000000262, 14.620295899999974 ], [ 121.223628600000097, 14.6210281 ], [ 121.223809100000153, 14.621538200000089 ], [ 121.22320150500002, 14.622448806000136 ], [ 121.222017294000011, 14.623140606000163 ], [ 121.221342816000174, 14.623804287000098 ], [ 121.221541000000229, 14.624193500000047 ], [ 121.2215079, 14.624511100000063 ], [ 121.221008700000084, 14.62561020000004 ], [ 121.221015500000135, 14.626245600000061 ], [ 121.221144300000105, 14.626461700000164 ], [ 121.221900900000151, 14.627149800000097 ], [ 121.222017000000164, 14.627381100000036 ], [ 121.221993700000212, 14.627819800000111 ], [ 121.221666200000072, 14.628259400000047 ], [ 121.220039900000188, 14.628734300000076 ], [ 121.219762800000012, 14.628907200000185 ], [ 121.219642400000339, 14.629074300000127 ], [ 121.219675500000108, 14.629606100000103 ], [ 121.219974800000159, 14.629941800000154 ], [ 121.22269840000024, 14.631665500000111 ], [ 121.223230500000227, 14.631819500000063 ], [ 121.223673900000108, 14.631688100000076 ], [ 121.224802300000079, 14.630205100000069 ], [ 121.225214800000117, 14.629837800000075 ], [ 121.225693200000023, 14.629759800000045 ], [ 121.226001100000303, 14.629862200000161 ], [ 121.226256300000273, 14.630107200000168 ], [ 121.228947600000197, 14.634171700000024 ], [ 121.229395600000316, 14.634605700000066 ], [ 121.22963840000034, 14.634714700000188 ], [ 121.230149100000176, 14.634743900000103 ], [ 121.230287100000055, 14.635106600000086 ], [ 121.229845400000045, 14.635951800000043 ], [ 121.229747300000099, 14.636676900000168 ], [ 121.229534600000079, 14.636856900000168 ], [ 121.227822600000195, 14.637145800000098 ], [ 121.226732100000049, 14.637685600000168 ], [ 121.225444440000047, 14.63800928500001 ], [ 121.224355773000184, 14.638591676000146 ], [ 121.223836800000072, 14.639261400000123 ], [ 121.22297530000003, 14.639932100000067 ], [ 121.222484600000143, 14.640564600000175 ], [ 121.221524900000304, 14.641540600000098 ], [ 121.22126870000011, 14.642107600000088 ], [ 121.221323200000143, 14.642358400000091 ], [ 121.221761018000166, 14.642894686000034 ], [ 121.221797500000093, 14.643187200000057 ], [ 121.221154200000228, 14.64491570000007 ], [ 121.220560850000084, 14.645600695000041 ], [ 121.220192800000063, 14.645861700000012 ], [ 121.219467100000088, 14.64607 ], [ 121.218052800000123, 14.646061600000053 ], [ 121.217740900000081, 14.646366 ], [ 121.217472200000202, 14.647618900000111 ], [ 121.217328900000098, 14.647852200000045 ], [ 121.217372300000079, 14.648628400000177 ], [ 121.218010022000271, 14.649454089000187 ], [ 121.21909380000011, 14.650105400000143 ], [ 121.21944, 14.650590300000147 ], [ 121.219687500000191, 14.6507952 ], [ 121.22006760000022, 14.651010300000053 ], [ 121.220294800000147, 14.651047 ], [ 121.22187670000028, 14.652081500000065 ], [ 121.223126714000159, 14.652772587000129 ], [ 121.22338900900013, 14.653004029999977 ], [ 121.224380012000097, 14.65346105600014 ], [ 121.224608035000074, 14.653651166000088 ], [ 121.224844286, 14.65405052400007 ], [ 121.225704683000231, 14.654513319000102 ], [ 121.227150453000149, 14.655630535000171 ], [ 121.228177162000065, 14.656039753000073 ], [ 121.228628749000222, 14.656106655000087 ], [ 121.228946532000123, 14.656056479000029 ], [ 121.229515197000183, 14.655755420999981 ], [ 121.230062770000131, 14.655969689000131 ], [ 121.231112236000058, 14.655788305000044 ], [ 121.231333476000259, 14.655948836000107 ], [ 121.232015633000174, 14.65714389700014 ], [ 121.232405396000104, 14.656950376 ], [ 121.232529843000066, 14.656620397000154 ], [ 121.232714210000154, 14.656428652000045 ], [ 121.232689295000114, 14.655881075000082 ], [ 121.232800344000111, 14.655077696000149 ], [ 121.233173505000195, 14.654210999000099 ], [ 121.233673500000123, 14.653989700000182 ], [ 121.233963300000028, 14.653771300000074 ], [ 121.234118200000125, 14.653525100000138 ], [ 121.234277000000134, 14.653441700000144 ], [ 121.234693900000138, 14.653429800000026 ], [ 121.234844800000019, 14.653505300000063 ], [ 121.235158500000011, 14.6539103 ], [ 121.235329200000137, 14.653938100000175 ], [ 121.236401200000159, 14.653521100000148 ], [ 121.236838, 14.653203500000131 ], [ 121.236984900000152, 14.652873900000088 ], [ 121.236977, 14.652615900000058 ], [ 121.236794300000042, 14.652056 ], [ 121.236981, 14.651861500000166 ], [ 121.237461400000143, 14.651885300000174 ], [ 121.239439167000114, 14.652263057000084 ], [ 121.239177475000133, 14.652732874000094 ], [ 121.238574776000064, 14.653099500000053 ], [ 121.238284729000156, 14.653588869000146 ], [ 121.238238073000048, 14.653993738000167 ], [ 121.238477701000079, 14.656842062000123 ], [ 121.238972019000016, 14.658848290000037 ], [ 121.240455970000085, 14.65947815800007 ], [ 121.243246579000015, 14.660897382000087 ], [ 121.245828575000132, 14.661348162000081 ], [ 121.247637187, 14.661981722000121 ], [ 121.248299021000093, 14.662565957000027 ], [ 121.249598804000016, 14.664155358000187 ], [ 121.249791877000121, 14.664235408000081 ], [ 121.250187216000086, 14.664644553000073 ], [ 121.250476825000078, 14.665075933000082 ], [ 121.250651510000125, 14.66588532500009 ], [ 121.25089974700029, 14.66627223 ], [ 121.251465175000021, 14.666485695000176 ], [ 121.251635263000026, 14.667241715000046 ], [ 121.251589293000166, 14.667419602000109 ], [ 121.251878902000044, 14.667566359000091 ], [ 121.252081169, 14.667561911000064 ], [ 121.252563851000104, 14.667303976000142 ], [ 121.252779909000083, 14.666877047000071 ], [ 121.252830475000223, 14.666338938000024 ], [ 121.253423485000212, 14.666072107000048 ], [ 121.253349933000209, 14.6657430140001 ], [ 121.25392308000005, 14.665478561000157 ], [ 121.255632918000174, 14.665793579000137 ], [ 121.256825244000083, 14.663270357000044 ], [ 121.257137838000176, 14.663314830000104 ], [ 121.257680281000034, 14.66304799500017 ], [ 121.257808996000108, 14.66292347100017 ], [ 121.257799802000022, 14.662647741000058 ], [ 121.257928518000199, 14.662372011000173 ], [ 121.258461766000096, 14.662345327000082 ], [ 121.258608869000113, 14.662211909000064 ], [ 121.258673227000259, 14.662042913000107 ], [ 121.258618063000313, 14.661793865000107 ], [ 121.258231918000092, 14.661162351000087 ], [ 121.256944765000071, 14.660432993000143 ], [ 121.256953959000157, 14.660281785000052 ], [ 121.257220584000038, 14.660014946000103 ], [ 121.257514790000073, 14.660014946000103 ], [ 121.258296275000021, 14.660290680000173 ], [ 121.25888468800008, 14.660290680000173 ], [ 121.261109622000163, 14.658956482000121 ], [ 121.261367053000072, 14.65868964200007 ], [ 121.261771586, 14.65863627400006 ], [ 121.262286447000065, 14.658316065000122 ], [ 121.262599041000044, 14.658342749000042 ], [ 121.263067933000116, 14.658200434000094 ], [ 121.264768812000057, 14.657391014000041 ], [ 121.265265285000169, 14.657070803000124 ], [ 121.265798534000169, 14.657319856000015 ], [ 121.266773790000229, 14.658632410000109 ], [ 121.267005455000117, 14.658821172000103 ], [ 121.267217790000018, 14.658807111000101 ], [ 121.267654590000234, 14.658370411000021 ], [ 121.267778390000217, 14.658035511000037 ], [ 121.268047690000117, 14.656958110000119 ], [ 121.267916690000106, 14.656535911000105 ], [ 121.267989490000105, 14.656011810000166 ], [ 121.268164190000107, 14.655786110000122 ], [ 121.268477190000112, 14.655757011000162 ], [ 121.270304390000092, 14.656288410000116 ], [ 121.270624690000318, 14.656506810999986 ], [ 121.270821190000106, 14.656943609999985 ], [ 121.270886690000111, 14.65746771 ], [ 121.270726590000095, 14.657970009999985 ], [ 121.270122390000324, 14.65911291000009 ], [ 121.270100490000118, 14.659506010000086 ], [ 121.270231590000094, 14.659789911000018 ], [ 121.271534590000101, 14.659622410000111 ], [ 121.272480890000111, 14.659760810000023 ], [ 121.272961390000205, 14.659571509999978 ], [ 121.273361790000081, 14.659280311000146 ], [ 121.273521890000097, 14.659287611000025 ], [ 121.273580190000075, 14.659789911000018 ], [ 121.273776690000204, 14.659928210000032 ], [ 121.274082490000069, 14.659986411000148 ], [ 121.274122500000203, 14.660685605000083 ], [ 121.274824742000192, 14.660850458000141 ], [ 121.277154441000107, 14.661023372000045 ], [ 121.278409187000079, 14.661201041000083 ], [ 121.27896682100004, 14.66100600700014 ], [ 121.279248213000187, 14.66080456300017 ], [ 121.279680869000117, 14.660695759000021 ], [ 121.280233363000207, 14.660708575 ], [ 121.28059948900011, 14.660806199000092 ], [ 121.281067589000259, 14.66122236200016 ], [ 121.281756951000148, 14.662270079999985 ], [ 121.283450924000022, 14.663190094000072 ], [ 121.28370536400007, 14.662894015 ], [ 121.28434173200003, 14.662405471999989 ], [ 121.28486905800014, 14.662644170000021 ], [ 121.285147241000118, 14.662965172000156 ], [ 121.28520945400021, 14.663171184000134 ], [ 121.285769539000057, 14.663570961000062 ], [ 121.286294369000188, 14.664688745000035 ], [ 121.286984843000141, 14.664641828000128 ], [ 121.287976402000027, 14.665042264000022 ], [ 121.288385831000028, 14.665315978000137 ], [ 121.289271673000144, 14.666793030000122 ], [ 121.291157655, 14.667843277000088 ], [ 121.291897997000206, 14.66788558200011 ], [ 121.292269555000075, 14.66743940300006 ], [ 121.29272947700008, 14.667248728000175 ], [ 121.293511927000168, 14.666637722000075 ], [ 121.294119542000089, 14.665733281000087 ], [ 121.294759751000015, 14.671261321000088 ], [ 121.294372479000117, 14.681823021000184 ], [ 121.29720601300005, 14.697153367000112 ], [ 121.298778560000073, 14.699845326000172 ], [ 121.298894290000248, 14.700187211000127 ], [ 121.304731770000103, 14.708497555000122 ], [ 121.30815528200003, 14.713689918000114 ], [ 121.312531423000337, 14.717570347000105 ], [ 121.314187242000116, 14.720723779000082 ], [ 121.314796953000041, 14.723566427000094 ], [ 121.313520483000275, 14.726295680000021 ], [ 121.313606782000079, 14.729033668999989 ], [ 121.314956570000049, 14.730968686000153 ], [ 121.319732179000198, 14.7337093000001 ], [ 121.320820892000143, 14.729413881000028 ] ] ] } },
{ "type": "Feature", "properties": { "psgc_code": "0405802009", "name": "San Roque (Pob.)", "region": "Region IV-A (Calabarzon)", "province": "Rizal", "municipality": "City of Antipolo", "barangay": "San Roque (Pob.)", "level": "barangay" }, "geometry": { "type": "Polygon", "coordinates": [ [ [ 121.166062600000032, 14.587899300000174 ], [ 121.167242300000112, 14.587728500000082 ], [ 121.168437300000051, 14.586837900000091 ], [ 121.168889500000205, 14.586804700000016 ], [ 121.169170700000109, 14.586827 ], [ 121.170243700000128, 14.587310600000137 ], [ 121.171380800000065, 14.587550100000044 ], [ 121.17413455000019, 14.587784751000015 ], [ 121.176089200000092, 14.587666600000091 ], [ 121.176056700000231, 14.586663300000055 ], [ 121.176136534000079, 14.585836562000054 ], [ 121.17688320000002, 14.583826100000124 ], [ 121.177328000000102, 14.580983600000138 ], [ 121.1757814, 14.580748500000027 ], [ 121.17695480000009, 14.573680900000056 ], [ 121.177280500000052, 14.572731100000169 ], [ 121.181480800000145, 14.566510800000117 ], [ 121.182864700000096, 14.564632300000085 ], [ 121.183509491000223, 14.563997846000177 ], [ 121.189577887000155, 14.559724850000123 ], [ 121.18572624900014, 14.558662158000118 ], [ 121.182734716000141, 14.557704927999964 ], [ 121.1818918270003, 14.557606227000065 ], [ 121.180481660000055, 14.557257932000141 ], [ 121.178296439000178, 14.556904744 ], [ 121.173238062000109, 14.555215858999986 ], [ 121.16928741300012, 14.553831560000106 ], [ 121.165141894000044, 14.551906477000102 ], [ 121.163390507000031, 14.55082378700007 ], [ 121.162815482000155, 14.550920237000014 ], [ 121.162690074000011, 14.551129696000032 ], [ 121.161956755, 14.551426590000119 ], [ 121.161850941000012, 14.551245305000123 ], [ 121.161595547000161, 14.551177547000179 ], [ 121.161322094000184, 14.551368597000021 ], [ 121.16104878800013, 14.55142226900017 ], [ 121.160715926000307, 14.55144789100018 ], [ 121.160272916000054, 14.551322187000096 ], [ 121.159407979000207, 14.559215497000025 ], [ 121.160064203000161, 14.559117812000181 ], [ 121.160386982000091, 14.559340106000093 ], [ 121.160864943000092, 14.55924397900003 ], [ 121.161330489000079, 14.559436233000156 ], [ 121.162062949000074, 14.559286035000127 ], [ 121.162590569000031, 14.560109124000121 ], [ 121.162669712000138, 14.560927704 ], [ 121.162812448000068, 14.561233548000075 ], [ 121.162485045000039, 14.562620427000184 ], [ 121.164060145, 14.563006433000112 ], [ 121.16479260500023, 14.563715359000184 ], [ 121.165709556000138, 14.563885034000066 ], [ 121.166235697000047, 14.563720583000077 ], [ 121.166375927000104, 14.564610182000024 ], [ 121.166326564000201, 14.564665585000114 ], [ 121.166217326000037, 14.564545936000059 ], [ 121.165262840000082, 14.565254935000041 ], [ 121.165012831000126, 14.566705271000103 ], [ 121.163652161000186, 14.567394783000168 ], [ 121.163982047000104, 14.56847553200015 ], [ 121.163248338000017, 14.569088153000109 ], [ 121.162907426000061, 14.56991268400003 ], [ 121.162011542000073, 14.571030557000029 ], [ 121.16148828200005, 14.572148430000084 ], [ 121.160765827000091, 14.573187021000138 ], [ 121.159923877000097, 14.575300952000134 ], [ 121.160370295, 14.575663131 ], [ 121.16056707600012, 14.57636740200013 ], [ 121.160556719000056, 14.576823107000052 ], [ 121.160701716000062, 14.577413452000144 ], [ 121.160432436000292, 14.577879513000084 ], [ 121.160411722000049, 14.578532000000166 ], [ 121.160732787000029, 14.579505551000125 ], [ 121.161592412000346, 14.580033755000159 ], [ 121.161550985000076, 14.580541244000131 ], [ 121.161758123000141, 14.580851952000103 ], [ 121.162036844000227, 14.580597949000094 ], [ 121.162100036000083, 14.581244524000056 ], [ 121.162756355000283, 14.581305211000029 ], [ 121.162360100000114, 14.581434300000126 ], [ 121.16254240000012, 14.5825557 ], [ 121.162617200000227, 14.582669600000031 ], [ 121.161780700000122, 14.583562900000061 ], [ 121.161400563000029, 14.583455534000052 ], [ 121.161535294000032, 14.586632936000058 ], [ 121.164198400000146, 14.586213900000189 ], [ 121.164585100000181, 14.586585600000035 ], [ 121.165331, 14.586997399999973 ], [ 121.165806200000134, 14.587784300000067 ], [ 121.166062600000032, 14.587899300000174 ] ] ] } },
{ "type": "Feature", "properties": { "psgc_code": "0405802010", "name": "Mambugan", "region": "Region IV-A (Calabarzon)", "province": "Rizal", "municipality": "City of Antipolo", "barangay": "Mambugan", "level": "barangay" }, "geometry": { "type": "Polygon", "coordinates": [ [ [ 121.144790277000084, 14.62580628000012 ], [ 121.146370200000092, 14.625214418000155 ], [ 121.147786200000041, 14.624548500000117 ], [ 121.147911659000215, 14.624177226000143 ], [ 121.147892600000318, 14.623995200000024 ], [ 121.147804178000115, 14.623654477000173 ], [ 121.147601400000212, 14.623348400000111 ], [ 121.147626146000107, 14.623193170999969 ], [ 121.147770243000082, 14.623162834000084 ], [ 121.147719421000147, 14.622847900000124 ], [ 121.147771845000193, 14.62237988600009 ], [ 121.147997719000045, 14.621788897000158 ], [ 121.148044971000218, 14.620785204000128 ], [ 121.147339869, 14.619962475000023 ], [ 121.148018100000058, 14.619355100000121 ], [ 121.148918700000308, 14.618833500000164 ], [ 121.149165500000095, 14.618788000000109 ], [ 121.15075443, 14.618964672000175 ], [ 121.150627793000012, 14.618444844000123 ], [ 121.149565118000169, 14.617089017000126 ], [ 121.149491830000102, 14.616685932999985 ], [ 121.149565118000169, 14.615989698000021 ], [ 121.150078134000182, 14.614468973000044 ], [ 121.150041490000149, 14.613827704000016 ], [ 121.149532196000109, 14.612855207000109 ], [ 121.149206029000197, 14.612450970000168 ], [ 121.149161835000086, 14.612247711000123 ], [ 121.148935393000215, 14.612199810000163 ], [ 121.148800400000141, 14.612016915000027 ], [ 121.148312680000117, 14.610854226000015 ], [ 121.148128606000114, 14.610693133000098 ], [ 121.147650775000102, 14.61049279100007 ], [ 121.147415636000119, 14.610241756000164 ], [ 121.147406846000081, 14.609593894 ], [ 121.147251499000163, 14.609190253000122 ], [ 121.146733441000038, 14.609051763000025 ], [ 121.146241031000045, 14.609205641000131 ], [ 121.145336800000109, 14.609173900000087 ], [ 121.145997700000066, 14.608085900000106 ], [ 121.145975300000146, 14.607779600000185 ], [ 121.145833769000092, 14.60751846800008 ], [ 121.144429775000049, 14.60716058700001 ], [ 121.143961777000072, 14.606871530000035 ], [ 121.143397426000206, 14.606224592000103 ], [ 121.143259991000264, 14.605698061000169 ], [ 121.142749099000071, 14.605697086000191 ], [ 121.142519323000101, 14.606526278000047 ], [ 121.1423694690003, 14.606596211000067 ], [ 121.141858238000054, 14.606606200999977 ], [ 121.140521270000022, 14.606925888999967 ], [ 121.140237194000179, 14.60712527000004 ], [ 121.140136637000296, 14.607339363000108 ], [ 121.139841932000195, 14.60744538300014 ], [ 121.139592176000065, 14.60738544100019 ], [ 121.139142614000207, 14.606975841 ], [ 121.138563178000027, 14.606935879000105 ], [ 121.136768796000069, 14.607617404000109 ], [ 121.136425496000129, 14.607584107000093 ], [ 121.135619531000089, 14.607270179000068 ], [ 121.135555358000033, 14.606656924 ], [ 121.135193867000112, 14.606370773000037 ], [ 121.134957794000343, 14.606330006000121 ], [ 121.134477195000272, 14.60645460600017 ], [ 121.133604476000073, 14.606858976000012 ], [ 121.133298346000174, 14.606859387000156 ], [ 121.13297762600007, 14.606748503000063 ], [ 121.132172002000061, 14.606793505000041 ], [ 121.131606534000184, 14.606884021000042 ], [ 121.131140726000012, 14.607187617000136 ], [ 121.130785859000071, 14.607265734000123 ], [ 121.131051900000102, 14.609295678000024 ], [ 121.132451450000076, 14.610726186000079 ], [ 121.132852465000155, 14.611919316000069 ], [ 121.13353044400003, 14.612035563000177 ], [ 121.13301021000018, 14.613508224000043 ], [ 121.132019749000165, 14.614740778000055 ], [ 121.131641595000133, 14.61547710800005 ], [ 121.129385523000337, 14.615324644000054 ], [ 121.128570662000016, 14.615150409000137 ], [ 121.128622656000061, 14.614816066000117 ], [ 121.127931867000143, 14.614735961000122 ], [ 121.127936740000109, 14.614539092000086 ], [ 121.127790045000097, 14.614468313000032 ], [ 121.12780951000002, 14.61433338300003 ], [ 121.127640536000285, 14.614313794000111 ], [ 121.127573811000047, 14.613052987000117 ], [ 121.127906848000293, 14.613058538000132 ], [ 121.127734909000196, 14.612558733000128 ], [ 121.127150286000074, 14.612510562000125 ], [ 121.12714706700001, 14.612664554000048 ], [ 121.126975917000095, 14.612673382000082 ], [ 121.126757360000056, 14.611454511000034 ], [ 121.127079900000126, 14.611029960000167 ], [ 121.127354360000027, 14.61081775700012 ], [ 121.127484034000304, 14.610120725000172 ], [ 121.12682154100014, 14.610031475000085 ], [ 121.124722419000022, 14.610758709000038 ], [ 121.124512903000095, 14.611142519000168 ], [ 121.124260188000221, 14.611132793000081 ], [ 121.124240144000169, 14.61077199500005 ], [ 121.123754145000021, 14.610737156000084 ], [ 121.123931667000079, 14.612219802000027 ], [ 121.124240933000124, 14.612623677000158 ], [ 121.124686843000063, 14.61271407900017 ], [ 121.124818339000285, 14.614126064 ], [ 121.123961253000061, 14.614215735000073 ], [ 121.123061930000176, 14.614950387000079 ], [ 121.122829167000191, 14.614330858000073 ], [ 121.12250304500003, 14.614468820000127 ], [ 121.122334340000066, 14.614445722000028 ], [ 121.121768824000128, 14.614771161000021 ], [ 121.120627879000153, 14.615050488000122 ], [ 121.119956937000211, 14.615102498000169 ], [ 121.119829568000114, 14.615203702000031 ], [ 121.119876126, 14.615578526000093 ], [ 121.119501188000072, 14.61607488900006 ], [ 121.119570583000041, 14.616263404000108 ], [ 121.119492350000087, 14.616418731000067 ], [ 121.119426060000251, 14.616512379000028 ], [ 121.119097374000035, 14.616478701000062 ], [ 121.119038928, 14.616962215000115 ], [ 121.118465088000107, 14.617307582000024 ], [ 121.118472606000068, 14.617615073000138 ], [ 121.118326887000194, 14.618248515000118 ], [ 121.118387800000164, 14.619007200000112 ], [ 121.1184723, 14.61926910000011 ], [ 121.118652600000019, 14.619410600000094 ], [ 121.119074574000138, 14.619387235000033 ], [ 121.119000566000068, 14.620861678999972 ], [ 121.119286313000202, 14.6209114400001 ], [ 121.119318070000077, 14.621000324000022 ], [ 121.119898262000106, 14.621089582000138 ], [ 121.119834902000207, 14.621339119000083 ], [ 121.120258535000175, 14.621435672000132 ], [ 121.120189398000207, 14.621813234000115 ], [ 121.11985243100014, 14.621752027000127 ], [ 121.119856089000223, 14.622777375000055 ], [ 121.120620812000197, 14.622872863000111 ], [ 121.120927200000096, 14.6231967 ], [ 121.122566600000027, 14.623545600000114 ], [ 121.122935600000233, 14.623570500000028 ], [ 121.123061300000131, 14.623486600000035 ], [ 121.123915700000111, 14.623666771000103 ], [ 121.12409376800008, 14.62353330500008 ], [ 121.124856194000131, 14.623653440000169 ], [ 121.12519860000009, 14.623081300000081 ], [ 121.126417400000037, 14.623463300000026 ], [ 121.126439067000092, 14.623632678000035 ], [ 121.126664934000019, 14.62385323500007 ], [ 121.127088293000156, 14.623626363000142 ], [ 121.12712625000006, 14.623479064000094 ], [ 121.12704760500003, 14.623376943000096 ], [ 121.127113965000149, 14.623134249000088 ], [ 121.127702677000229, 14.622922839000182 ], [ 121.127995007000095, 14.623022087000038 ], [ 121.128295717000015, 14.622953449000079 ], [ 121.128452287000073, 14.622640685000135 ], [ 121.128216343000076, 14.622536559000025 ], [ 121.128363198000216, 14.622362003000148 ], [ 121.128448959000139, 14.622004553000068 ], [ 121.128599429000133, 14.621938241000066 ], [ 121.128690822000181, 14.622199122999973 ], [ 121.129010744000198, 14.622165163000034 ], [ 121.129100795000227, 14.62221200099998 ], [ 121.129166400000031, 14.6224411 ], [ 121.128765600000293, 14.622461400000134 ], [ 121.128713, 14.622765000000186 ], [ 121.128423800000064, 14.623193300000082 ], [ 121.128280000000132, 14.623180300000058 ], [ 121.12829358800002, 14.623423340000102 ], [ 121.129160387000184, 14.623387980000018 ], [ 121.129634666000129, 14.624699716 ], [ 121.130967300000066, 14.62450670000004 ], [ 121.13003950000018, 14.622923500000127 ], [ 121.130654600000071, 14.622704700000156 ], [ 121.130965400000036, 14.622500800000182 ], [ 121.131289561000017, 14.622546604000036 ], [ 121.132373, 14.623140300000159 ], [ 121.133669100000134, 14.623298100000056 ], [ 121.133731700000112, 14.624285 ], [ 121.134063900000115, 14.624299899999983 ], [ 121.13412400000027, 14.623422600000083 ], [ 121.134501600000249, 14.622949200000164 ], [ 121.134620350000091, 14.622609355000179 ], [ 121.134589797000217, 14.622393118000161 ], [ 121.134679906000088, 14.622260616 ], [ 121.135156599000197, 14.621951716000012 ], [ 121.135633673000029, 14.622065309000106 ], [ 121.135406181, 14.621422402000121 ], [ 121.135346836000053, 14.620992848000128 ], [ 121.135804630000052, 14.620626453000057 ], [ 121.136051271000156, 14.620677750000141 ], [ 121.136393503000022, 14.621239312000057 ], [ 121.136635076000061, 14.621238699000116 ], [ 121.136939772000233, 14.621681425000133 ], [ 121.13679788100012, 14.622062211000014 ], [ 121.13663495500009, 14.622022376000189 ], [ 121.136550139000065, 14.622122989000104 ], [ 121.136513259000026, 14.622392247000164 ], [ 121.136595099000033, 14.622682098000098 ], [ 121.137280510000323, 14.622794628000122 ], [ 121.137641970000232, 14.62297535800019 ], [ 121.137843161000092, 14.62315267800011 ], [ 121.138131634000047, 14.623714904999986 ], [ 121.138187255000162, 14.623999340000182 ], [ 121.137805229000151, 14.624394259000098 ], [ 121.137669000000187, 14.624697500000025 ], [ 121.141927200000055, 14.625593900000126 ], [ 121.144790277000084, 14.62580628000012 ] ] ] } },
{ "type": "Feature", "properties": { "psgc_code": "0405802011", "name": "Bagong Nayon", "region": "Region IV-A (Calabarzon)", "province": "Rizal", "municipality": "City of Antipolo", "barangay": "Bagong Nayon", "level": "barangay" }, "geometry": { "type": "Polygon", "coordinates": [ [ [ 121.159284469000113, 14.637231149000115 ], [ 121.15984138400006, 14.636737212000185 ], [ 121.160328684000092, 14.636642915000095 ], [ 121.161591023000142, 14.637163794000116 ], [ 121.162008709000247, 14.63626572600009 ], [ 121.162175783000066, 14.635017405000099 ], [ 121.161939095000207, 14.634617761000072 ], [ 121.161669919000133, 14.634460597000043 ], [ 121.161669919000133, 14.634357318000127 ], [ 121.16189732600003, 14.633926240000164 ], [ 121.162625956000056, 14.633243698000172 ], [ 121.162741979000202, 14.632992235000017 ], [ 121.162867285000061, 14.632978764000086 ], [ 121.163113256000088, 14.633149399999979 ], [ 121.164486978000014, 14.634334866000188 ], [ 121.164853613000105, 14.634474067999975 ], [ 121.165155275000188, 14.634492030000047 ], [ 121.165429091000078, 14.6344067120001 ], [ 121.165865341000313, 14.634523462000175 ], [ 121.166264463000289, 14.634420184000135 ], [ 121.166988452000055, 14.634765943000048 ], [ 121.167471111000168, 14.634541424000076 ], [ 121.167731004000075, 14.634325885000067 ], [ 121.167963052000232, 14.634316905000048 ], [ 121.168584939000084, 14.634828809000112 ], [ 121.168960857000116, 14.634927597000114 ], [ 121.169466720000173, 14.634905145000062 ], [ 121.170868288000065, 14.63459530900019 ], [ 121.170969220000075, 14.634439588000134 ], [ 121.17174615600004, 14.634031115000028 ], [ 121.172207900000103, 14.633621700000162 ], [ 121.172359200000187, 14.632369100000062 ], [ 121.172099200000162, 14.63144520000003 ], [ 121.172349400000257, 14.630362800000171 ], [ 121.172188, 14.6295773 ], [ 121.172344900000098, 14.628949200000079 ], [ 121.172783600000116, 14.628388900000118 ], [ 121.172864300000015, 14.628112800000167 ], [ 121.172774100000083, 14.627421100000163 ], [ 121.172469900000124, 14.626936600000022 ], [ 121.172457800000188, 14.626478600000155 ], [ 121.172759700000142, 14.626490500000045 ], [ 121.173013500000138, 14.626761600000123 ], [ 121.173477400000024, 14.626993200000072 ], [ 121.175246500000185, 14.626868300000069 ], [ 121.175880300000017, 14.626952600000095 ], [ 121.176240700000221, 14.627118700000153 ], [ 121.175231173000043, 14.623628518000032 ], [ 121.174472500000093, 14.622942200000125 ], [ 121.174429600000053, 14.622709800000052 ], [ 121.17365170000005, 14.622485 ], [ 121.171192400000109, 14.620991200000162 ], [ 121.170594000000165, 14.62080810000009 ], [ 121.169525500000191, 14.620702100000017 ], [ 121.168952600000011, 14.620871200000181 ], [ 121.166986800000132, 14.622120500000165 ], [ 121.165457642000092, 14.622485731000097 ], [ 121.16521860000023, 14.62276850000012 ], [ 121.164837600000055, 14.6234973 ], [ 121.164592000000198, 14.623756800000024 ], [ 121.163300800000115, 14.624185100000091 ], [ 121.162882800000034, 14.62417650000009 ], [ 121.1617539, 14.623542500000042 ], [ 121.161441528000296, 14.623488445000078 ], [ 121.160249362000059, 14.623601045000157 ], [ 121.159946569000113, 14.623566610000069 ], [ 121.158717680000223, 14.622927302000107 ], [ 121.158039828000028, 14.622833269000068 ], [ 121.154947800000173, 14.623383500000045 ], [ 121.152784000000224, 14.623880700000143 ], [ 121.149368200000026, 14.623836100000176 ], [ 121.149013473000082, 14.623933217000115 ], [ 121.147533241000019, 14.624678894000112 ], [ 121.147710740000207, 14.624809858999981 ], [ 121.148036759000092, 14.624870207000185 ], [ 121.147974390000172, 14.625075940000102 ], [ 121.148050800000078, 14.625134600000138 ], [ 121.147942743000158, 14.625432106000062 ], [ 121.147989488, 14.625939881000079 ], [ 121.148320100000205, 14.626976100000093 ], [ 121.14900230000012, 14.627643600000056 ], [ 121.149552700000186, 14.627860300000066 ], [ 121.149798600000281, 14.629353400000127 ], [ 121.150395900000149, 14.630117500000154 ], [ 121.150712100000192, 14.630287300000134 ], [ 121.150829200000089, 14.630512800000133 ], [ 121.150723800000264, 14.631186100000093 ], [ 121.150742422, 14.631806192000056 ], [ 121.151157868000155, 14.631634579000149 ], [ 121.151465169000062, 14.631672679000133 ], [ 121.151863369000012, 14.631963679000023 ], [ 121.152577969000163, 14.632287278999968 ], [ 121.15371986900027, 14.632052779000105 ], [ 121.153747168000109, 14.632170979000136 ], [ 121.153970769000125, 14.632245479000062 ], [ 121.154262958000231, 14.63276322400003 ], [ 121.154439314000228, 14.632911408000041 ], [ 121.155107612000052, 14.633077553000192 ], [ 121.155650603000026, 14.632942840000112 ], [ 121.155910496000047, 14.632965293000098 ], [ 121.157200681000177, 14.633360449000122 ], [ 121.157400242000108, 14.633598441000117 ], [ 121.15743272900022, 14.634069933000035 ], [ 121.156996479000099, 14.63544848000015 ], [ 121.157033607000017, 14.636032227000044 ], [ 121.157599803000153, 14.636449830000061 ], [ 121.15782721000005, 14.636512695000022 ], [ 121.158398047000105, 14.636490243000083 ], [ 121.158885347000137, 14.637244620000104 ], [ 121.159284469000113, 14.637231149000115 ] ] ] } },
{ "type": "Feature", "properties": { "psgc_code": "0405802012", "name": "Beverly Hills", "region": "Region IV-A (Calabarzon)", "province": "Rizal", "municipality": "City of Antipolo", "barangay": "Beverly Hills", "level": "barangay" }, "geometry": { "type": "Polygon", "coordinates": [ [ [ 121.158489708000161, 14.586862538000048 ], [ 121.161535294000032, 14.586632936000058 ], [ 121.161400563000029, 14.583455534000052 ], [ 121.161780700000122, 14.583562900000061 ], [ 121.162617200000227, 14.582669600000031 ], [ 121.16254240000012, 14.5825557 ], [ 121.162360100000114, 14.581434300000126 ], [ 121.162756355000283, 14.581305211000029 ], [ 121.162100036000083, 14.581244524000056 ], [ 121.162036844000227, 14.580597949000094 ], [ 121.161758123000141, 14.580851952000103 ], [ 121.161550985000076, 14.580541244000131 ], [ 121.161592412000346, 14.580033755000159 ], [ 121.160732787000029, 14.579505551000125 ], [ 121.160411722000049, 14.578532000000166 ], [ 121.160432436000292, 14.577879513000084 ], [ 121.160701716000062, 14.577413452000144 ], [ 121.160561198000096, 14.576626055000133 ], [ 121.160064060000195, 14.576783189000139 ], [ 121.159953628000153, 14.57588318400019 ], [ 121.159828760000096, 14.575807836000024 ], [ 121.15963541900021, 14.575816727000131 ], [ 121.158742482000093, 14.576801256000124 ], [ 121.15975310400006, 14.581131210000081 ], [ 121.159010459000115, 14.581344264000165 ], [ 121.159044608000045, 14.581639079000126 ], [ 121.157646422000198, 14.582167282 ], [ 121.158193613000094, 14.584411283000179 ], [ 121.158489708000161, 14.586862538000048 ] ] ] } },
{ "type": "Feature", "properties": { "psgc_code": "0405802013", "name": "Dalig", "region": "Region IV-A (Calabarzon)", "province": "Rizal", "municipality": "City of Antipolo", "barangay": "Dalig", "level": "barangay" }, "geometry": { "type": "Polygon", "coordinates": [ [ [ 121.179628100000173, 14.581269000000134 ], [ 121.180141900000194, 14.581148 ], [ 121.18130890000009, 14.580678500000147 ], [ 121.185780400000112, 14.578514 ], [ 121.188511500000118, 14.577437700000019 ], [ 121.190532900000221, 14.576171800000111 ], [ 121.193227300000217, 14.575288200000159 ], [ 121.195436900000232, 14.572842500000149 ], [ 121.195934400000056, 14.57205480000016 ], [ 121.196293400000059, 14.571725600000093 ], [ 121.196592800000303, 14.571646600000122 ], [ 121.196955300000127, 14.571714500000041 ], [ 121.197499500000049, 14.571968400000117 ], [ 121.197894400000223, 14.572384300000067 ], [ 121.1981862, 14.572450700000047 ], [ 121.198349500000177, 14.572197900000106 ], [ 121.198193400000036, 14.571559500000035 ], [ 121.198277, 14.571467400000074 ], [ 121.198900900000012, 14.571861400000159 ], [ 121.198967500000322, 14.57203920000012 ], [ 121.198938400000088, 14.572321700000032 ], [ 121.199033800000166, 14.572428900000034 ], [ 121.199430900000152, 14.572310500000185 ], [ 121.199673700000176, 14.572490400000163 ], [ 121.199853300000086, 14.5724747000001 ], [ 121.200132900000085, 14.571762 ], [ 121.200289600000133, 14.571077400000092 ], [ 121.200956700000233, 14.569874900000116 ], [ 121.202342100000124, 14.56875830000007 ], [ 121.202624100000207, 14.568826300000183 ], [ 121.202977, 14.569093300000077 ], [ 121.202960100000269, 14.569208900000035 ], [ 121.202557100000149, 14.569573500000047 ], [ 121.202484800000207, 14.569714100000112 ], [ 121.202542600000015, 14.570116700000028 ], [ 121.202213100000108, 14.570457799999986 ], [ 121.202234500000145, 14.570602500000064 ], [ 121.202655800000116, 14.570934800000032 ], [ 121.202693400000044, 14.571109 ], [ 121.2025724, 14.571645200000034 ], [ 121.202675400000203, 14.571746500000074 ], [ 121.20278780000001, 14.571691300000111 ], [ 121.202926600000183, 14.570631100000128 ], [ 121.203708900000038, 14.569236100000182 ], [ 121.203781300000173, 14.5688758 ], [ 121.203737500000102, 14.56863710000016 ], [ 121.203051900000219, 14.568108400000142 ], [ 121.202741700000161, 14.567491000000189 ], [ 121.202590500000042, 14.567380700000115 ], [ 121.201700800000026, 14.567308299999979 ], [ 121.200950200000079, 14.567491700000062 ], [ 121.200861000000145, 14.5673041 ], [ 121.201081700000145, 14.567157300000133 ], [ 121.201615400000037, 14.5669992 ], [ 121.20419926600016, 14.567005437999967 ], [ 121.201941420000026, 14.563149103000057 ], [ 121.199522777000197, 14.562243432000173 ], [ 121.195614558000216, 14.561239108 ], [ 121.194429098000114, 14.561009303000105 ], [ 121.189577887000155, 14.559724850000123 ], [ 121.183509491000223, 14.563997846000177 ], [ 121.182864700000096, 14.564632300000085 ], [ 121.181546600000047, 14.5664195 ], [ 121.177781100000061, 14.571925100000101 ], [ 121.177280500000052, 14.572731100000169 ], [ 121.17695480000009, 14.573680900000056 ], [ 121.1757814, 14.580748500000027 ], [ 121.179628100000173, 14.581269000000134 ] ] ] } },
{ "type": "Feature", "properties": { "psgc_code": "0405802014", "name": "Inarawan", "region": "Region IV-A (Calabarzon)", "province": "Rizal", "municipality": "City of Antipolo", "barangay": "Inarawan", "level": "barangay" }, "geometry": { "type": "Polygon", "coordinates": [ [ [ 121.219960732000231, 14.643156780000027 ], [ 121.221674434000079, 14.642800744000056 ], [ 121.221323200000143, 14.642358400000091 ], [ 121.22126870000011, 14.642107600000088 ], [ 121.221524900000304, 14.641540600000098 ], [ 121.222484600000143, 14.640564600000175 ], [ 121.22297530000003, 14.639932100000067 ], [ 121.223836800000072, 14.639261400000123 ], [ 121.224405846000082, 14.638547097000128 ], [ 121.225444440000047, 14.63800928500001 ], [ 121.226732100000049, 14.637685600000168 ], [ 121.227822600000195, 14.637145800000098 ], [ 121.229534600000079, 14.636856900000168 ], [ 121.229747300000099, 14.636676900000168 ], [ 121.229845400000045, 14.635951800000043 ], [ 121.230287100000055, 14.635106600000086 ], [ 121.230149100000176, 14.634743900000103 ], [ 121.22963840000034, 14.634714700000188 ], [ 121.229395600000316, 14.634605700000066 ], [ 121.228947600000197, 14.634171700000024 ], [ 121.226256300000273, 14.630107200000168 ], [ 121.226001100000303, 14.629862200000161 ], [ 121.225693200000023, 14.629759800000045 ], [ 121.225214800000117, 14.629837800000075 ], [ 121.224802300000079, 14.630205100000069 ], [ 121.223673900000108, 14.631688100000076 ], [ 121.223230500000227, 14.631819500000063 ], [ 121.22269840000024, 14.631665500000111 ], [ 121.219974800000159, 14.629941800000154 ], [ 121.219756700000062, 14.62973850000003 ], [ 121.219613500000037, 14.629392600000187 ], [ 121.219642400000339, 14.629074300000127 ], [ 121.219762800000012, 14.628907200000185 ], [ 121.220039900000188, 14.628734300000076 ], [ 121.221666200000072, 14.628259400000047 ], [ 121.221993700000212, 14.627819800000111 ], [ 121.222017000000164, 14.627381100000036 ], [ 121.221900900000151, 14.627149800000097 ], [ 121.221144300000105, 14.626461700000164 ], [ 121.221015500000135, 14.626245600000061 ], [ 121.221008700000084, 14.62561020000004 ], [ 121.2215079, 14.624511100000063 ], [ 121.221541000000229, 14.624193500000047 ], [ 121.221303, 14.623750100000166 ], [ 121.221055500000034, 14.623608000000104 ], [ 121.218185900000094, 14.623298900000123 ], [ 121.217819, 14.623316399999965 ], [ 121.215691200000265, 14.624297200000115 ], [ 121.214484900000116, 14.624406500000134 ], [ 121.213863605000142, 14.624377456 ], [ 121.212809200000038, 14.624168200000099 ], [ 121.211793000000171, 14.623862 ], [ 121.209585400000265, 14.622921400000166 ], [ 121.20888930000001, 14.622839000000113 ], [ 121.208431300000029, 14.622948100000031 ], [ 121.207809400000087, 14.62323890000016 ], [ 121.206856900000275, 14.62388610000005 ], [ 121.205908500000191, 14.624105400000076 ], [ 121.205007200000182, 14.624067300000092 ], [ 121.204660000000104, 14.623955300000091 ], [ 121.204057200000079, 14.623491400000091 ], [ 121.200533600000085, 14.619446200000027 ], [ 121.200300700000184, 14.619318800000144 ], [ 121.20004780000022, 14.619290900000124 ], [ 121.199630300000081, 14.619358200000022 ], [ 121.195198100000198, 14.621558400000026 ], [ 121.191554200000155, 14.622894900000119 ], [ 121.1908075, 14.622848600000168 ], [ 121.186575, 14.622231600000077 ], [ 121.18549390000021, 14.622182 ], [ 121.17929010000023, 14.622635100000082 ], [ 121.178470200000106, 14.622575600000118 ], [ 121.17709630000013, 14.62223420000015 ], [ 121.176706300000319, 14.622207200000048 ], [ 121.17642567200005, 14.623572511000134 ], [ 121.176357159000304, 14.624547120000045 ], [ 121.176941034000038, 14.625848094 ], [ 121.176876314000197, 14.62614604200013 ], [ 121.177968973000134, 14.626333313000089 ], [ 121.178567700000144, 14.626092300000153 ], [ 121.178662800000211, 14.626882700000181 ], [ 121.180636600000071, 14.626988200000028 ], [ 121.181057200000055, 14.6271127 ], [ 121.181563600000231, 14.627395100000115 ], [ 121.182078600000068, 14.627162600000077 ], [ 121.184181500000136, 14.627187500000161 ], [ 121.184438900000146, 14.627345300000059 ], [ 121.184541900000113, 14.627528 ], [ 121.184438900000146, 14.627901700000109 ], [ 121.18482, 14.627883900000086 ], [ 121.1854675000003, 14.627639400000078 ], [ 121.185788892000119, 14.627610941000114 ], [ 121.186086263000107, 14.627956954000069 ], [ 121.187907480000035, 14.629179540000166 ], [ 121.188732018000223, 14.629418320000184 ], [ 121.189427173000126, 14.630077311000093 ], [ 121.189677482000093, 14.630650658000036 ], [ 121.189673310000103, 14.631119706000106 ], [ 121.190053498000111, 14.631356182000104 ], [ 121.190325064000035, 14.631724037000083 ], [ 121.191139755000222, 14.63201305900003 ], [ 121.191981608000333, 14.63251228200005 ], [ 121.195949956000049, 14.632821898000088 ], [ 121.196674661000088, 14.633337958000141 ], [ 121.197168597000086, 14.63358946600016 ], [ 121.19777717300019, 14.63361748799997 ], [ 121.198310635000098, 14.633792615000175 ], [ 121.198336424000331, 14.634325163000028 ], [ 121.198499395000226, 14.634666750000122 ], [ 121.201123610000195, 14.635835706000023 ], [ 121.201829715000258, 14.635967050999966 ], [ 121.202631426000039, 14.636003556000048 ], [ 121.203513011000268, 14.635384023000029 ], [ 121.204097641000203, 14.635393002000171 ], [ 121.205396819000043, 14.634809383000118 ], [ 121.205837800000154, 14.634780300000102 ], [ 121.205871100000081, 14.634372300000109 ], [ 121.20607490000009, 14.634237300000109 ], [ 121.206471900000224, 14.634291100000155 ], [ 121.20670766100011, 14.63408470000013 ], [ 121.207158500000219, 14.633977800000139 ], [ 121.20802330000015, 14.634029800000178 ], [ 121.208252900000161, 14.633666400000152 ], [ 121.208595100000025, 14.633576100000141 ], [ 121.209046800000124, 14.633687200000054 ], [ 121.209400900000105, 14.633915500000114 ], [ 121.209999500000094, 14.633953400000053 ], [ 121.210089820000121, 14.633022800000163 ], [ 121.21082906200013, 14.633229069000095 ], [ 121.210783800000172, 14.633887500000128 ], [ 121.210365400000114, 14.634821800000168 ], [ 121.209902936000049, 14.635227470000132 ], [ 121.209925382000165, 14.635366066000074 ], [ 121.209804744000166, 14.635608492000074 ], [ 121.20960986700004, 14.635797045000118 ], [ 121.209359312000061, 14.635904790000041 ], [ 121.2090028, 14.635839100000112 ], [ 121.209372982000104, 14.637151680000045 ], [ 121.209543157000098, 14.638176534000081 ], [ 121.20960986700004, 14.639307698999971 ], [ 121.209934662000023, 14.639783563000094 ], [ 121.210010900000157, 14.640542 ], [ 121.211180048000074, 14.640987998000185 ], [ 121.211681271000089, 14.641064332000099 ], [ 121.212033984000186, 14.641302315000189 ], [ 121.212187135000022, 14.641154137000171 ], [ 121.212405260000196, 14.641113725000025 ], [ 121.214516894000099, 14.641683986000032 ], [ 121.215134141000135, 14.641679496000052 ], [ 121.215245523000249, 14.642007283000055 ], [ 121.215148063000015, 14.642478757000163 ], [ 121.215398675000301, 14.642496718000132 ], [ 121.216173714000092, 14.641930949000141 ], [ 121.217013727000221, 14.641980342000068 ], [ 121.218972209000071, 14.642698778000181 ], [ 121.219088233000093, 14.642757151000126 ], [ 121.21919497500005, 14.642963701000156 ], [ 121.21940381800016, 14.643044525000107 ], [ 121.219960732000231, 14.643156780000027 ] ] ] } },
{ "type": "Feature", "properties": { "psgc_code": "0405802015", "name": "San Juan", "region": "Region IV-A (Calabarzon)", "province": "Rizal", "municipality": "City of Antipolo", "barangay": "San Juan", "level": "barangay" }, "geometry": { "type": "Polygon", "coordinates": [ [ [ 121.216425679000054, 14.661837258000048 ], [ 121.215052584000205, 14.658286778000104 ], [ 121.21520156400004, 14.656931948000079 ], [ 121.215444012000034, 14.655686168000045 ], [ 121.216324754000084, 14.655393058000129 ], [ 121.216792598000097, 14.655020144 ], [ 121.219743460000018, 14.65213849800017 ], [ 121.22006760000022, 14.651010300000053 ], [ 121.21944, 14.650590300000147 ], [ 121.21909380000011, 14.650105400000143 ], [ 121.218010022000271, 14.649454089000187 ], [ 121.217495, 14.648862100000144 ], [ 121.217372300000079, 14.648628400000177 ], [ 121.217328900000098, 14.647852200000045 ], [ 121.217472200000202, 14.647618900000111 ], [ 121.217619700000114, 14.646764400000109 ], [ 121.217740900000081, 14.646366 ], [ 121.218052800000123, 14.646061600000053 ], [ 121.219467100000088, 14.64607 ], [ 121.21982730000002, 14.646009700000036 ], [ 121.220411300000023, 14.645747700000186 ], [ 121.221154200000228, 14.64491570000007 ], [ 121.221797500000093, 14.643187200000057 ], [ 121.221761018000166, 14.642894686000034 ], [ 121.221674434000079, 14.642800744000056 ], [ 121.220369136000045, 14.643120859000021 ], [ 121.219668352000213, 14.643120859000021 ], [ 121.21919497500005, 14.642963701000156 ], [ 121.219088233000093, 14.642757151000126 ], [ 121.218512755, 14.642514679000101 ], [ 121.217013727000221, 14.641980342000068 ], [ 121.216609964000099, 14.641939930000092 ], [ 121.216173714000092, 14.641930949000141 ], [ 121.215398675000301, 14.642496718000132 ], [ 121.215148063000015, 14.642478757000163 ], [ 121.215245523000249, 14.642007283000055 ], [ 121.215134141000135, 14.641679496000052 ], [ 121.214516894000099, 14.641683986000032 ], [ 121.212405260000196, 14.641113725000025 ], [ 121.212187135000022, 14.641154137000171 ], [ 121.212033984000186, 14.641302315000189 ], [ 121.211681271000089, 14.641064332000099 ], [ 121.211180048000074, 14.640987998000185 ], [ 121.210010900000157, 14.640542 ], [ 121.209934662000023, 14.639783563000094 ], [ 121.20960986700004, 14.639307698999971 ], [ 121.209543157000098, 14.638176534000081 ], [ 121.209372982000104, 14.637151680000045 ], [ 121.2090028, 14.635839100000112 ], [ 121.209359312000061, 14.635904790000041 ], [ 121.20960986700004, 14.635797045000118 ], [ 121.209804744000166, 14.635608492000074 ], [ 121.209925382000165, 14.635366066000074 ], [ 121.209902936000049, 14.635227470000132 ], [ 121.210365400000114, 14.634821800000168 ], [ 121.210783800000172, 14.633887500000128 ], [ 121.21082906200013, 14.633229069000095 ], [ 121.210089820000121, 14.633022800000163 ], [ 121.209999500000094, 14.633953400000053 ], [ 121.209400900000105, 14.633915500000114 ], [ 121.209046800000124, 14.633687200000054 ], [ 121.208595100000025, 14.633576100000141 ], [ 121.208252900000161, 14.633666400000152 ], [ 121.20802330000015, 14.634029800000178 ], [ 121.207158500000219, 14.633977800000139 ], [ 121.20670766100011, 14.63408470000013 ], [ 121.206471900000224, 14.634291100000155 ], [ 121.20607490000009, 14.634237300000109 ], [ 121.205871100000081, 14.634372300000109 ], [ 121.205837800000154, 14.634780300000102 ], [ 121.205396819000043, 14.634809383000118 ], [ 121.204097641000203, 14.635393002000171 ], [ 121.203513011000268, 14.635384023000029 ], [ 121.202631426000039, 14.636003556000048 ], [ 121.201829715000258, 14.635967050999966 ], [ 121.201123610000195, 14.635835706000023 ], [ 121.198499395000226, 14.634666750000122 ], [ 121.198336424000331, 14.634325163000028 ], [ 121.198310635000098, 14.633792615000175 ], [ 121.19777717300019, 14.63361748799997 ], [ 121.197168597000086, 14.63358946600016 ], [ 121.196674661000088, 14.633337958000141 ], [ 121.195949956000049, 14.632821898000088 ], [ 121.191981608000333, 14.63251228200005 ], [ 121.191139755000222, 14.63201305900003 ], [ 121.190325064000035, 14.631724037000083 ], [ 121.190053498000111, 14.631356182000104 ], [ 121.189673310000103, 14.631119706000106 ], [ 121.189677482000093, 14.630650658000036 ], [ 121.189427173000126, 14.630077311000093 ], [ 121.188732018000223, 14.629418320000184 ], [ 121.187907480000035, 14.629179540000166 ], [ 121.186086263000107, 14.627956954000069 ], [ 121.185788892000119, 14.627610941000114 ], [ 121.1854675000003, 14.627639400000078 ], [ 121.18482, 14.627883900000086 ], [ 121.184438900000146, 14.627901700000109 ], [ 121.184541900000113, 14.627528 ], [ 121.184438900000146, 14.627345300000059 ], [ 121.184181500000136, 14.627187500000161 ], [ 121.182078600000068, 14.627162600000077 ], [ 121.181563600000231, 14.627395100000115 ], [ 121.181057200000055, 14.6271127 ], [ 121.180636600000071, 14.626988200000028 ], [ 121.178662800000211, 14.626882700000181 ], [ 121.178567700000144, 14.626092300000153 ], [ 121.177968973000134, 14.626333313000089 ], [ 121.176876314000197, 14.62614604200013 ], [ 121.176941034000038, 14.625848094 ], [ 121.176357159000304, 14.624547120000045 ], [ 121.17642567200005, 14.623572511000134 ], [ 121.176706300000319, 14.622207200000048 ], [ 121.174900300000104, 14.622677100000033 ], [ 121.174429600000053, 14.622709800000052 ], [ 121.174472500000093, 14.622942200000125 ], [ 121.175231173000043, 14.623628518000032 ], [ 121.176240700000221, 14.627118700000153 ], [ 121.175880300000017, 14.626952600000095 ], [ 121.175246500000185, 14.626868300000069 ], [ 121.173477400000024, 14.626993200000072 ], [ 121.173013500000138, 14.626761600000123 ], [ 121.172759700000142, 14.626490500000045 ], [ 121.172457800000188, 14.626478600000155 ], [ 121.172469900000124, 14.626936600000022 ], [ 121.172774100000083, 14.627421100000163 ], [ 121.172864300000015, 14.628112800000167 ], [ 121.172783600000116, 14.628388900000118 ], [ 121.172344900000098, 14.628949200000079 ], [ 121.172188, 14.6295773 ], [ 121.172349400000257, 14.630362800000171 ], [ 121.172099200000162, 14.63144520000003 ], [ 121.172359200000187, 14.632369100000062 ], [ 121.172207900000103, 14.633621700000162 ], [ 121.17174615600004, 14.634031115000028 ], [ 121.170969220000075, 14.634439588000134 ], [ 121.170868288000065, 14.63459530900019 ], [ 121.171156027000052, 14.6348422800001 ], [ 121.171582995000222, 14.636157957000137 ], [ 121.171513381000068, 14.636660876000121 ], [ 121.171578354000076, 14.636853960999986 ], [ 121.172001600000044, 14.637384400000087 ], [ 121.172186500000066, 14.638111700000081 ], [ 121.172449500000198, 14.638584200000082 ], [ 121.172412500000178, 14.638789700000189 ], [ 121.172593300000017, 14.639192400000127 ], [ 121.173591800000054, 14.639923800000076 ], [ 121.174080800000183, 14.6404662 ], [ 121.174405400000069, 14.641514 ], [ 121.174549200000229, 14.64175240000003 ], [ 121.175001200000111, 14.641879700000061 ], [ 121.175872400000117, 14.641777000000104 ], [ 121.176176400000031, 14.641809900000169 ], [ 121.176423000000113, 14.642003000000159 ], [ 121.176546300000041, 14.642426200000159 ], [ 121.176768100000118, 14.642726200000141 ], [ 121.176657200000022, 14.642865900000118 ], [ 121.176677700000141, 14.643120700000054 ], [ 121.177655700000059, 14.643712400000027 ], [ 121.178040847000034, 14.644265676000146 ], [ 121.177786977000096, 14.645272953000074 ], [ 121.176844900000106, 14.646089187000086 ], [ 121.175771963000216, 14.647260674000165 ], [ 121.174901929000157, 14.649566716000152 ], [ 121.17471167400015, 14.65308794900011 ], [ 121.174085758000047, 14.653893419000156 ], [ 121.17341707800017, 14.654574037000145 ], [ 121.174986683000043, 14.656221684000116 ], [ 121.174420305000126, 14.658092142000157 ], [ 121.173103538000305, 14.660303981000141 ], [ 121.178266736000296, 14.661098319000132 ], [ 121.178260739000052, 14.662019429000111 ], [ 121.179904178000243, 14.663279399000089 ], [ 121.182533682000212, 14.663881993000075 ], [ 121.184286684000085, 14.66442980700009 ], [ 121.184998841000152, 14.666018465000093 ], [ 121.188567943000066, 14.666268271000149 ], [ 121.190390358000172, 14.667432 ], [ 121.190620753000076, 14.666971210000099 ], [ 121.191057291000106, 14.666474043000107 ], [ 121.191796980000163, 14.666001127000072 ], [ 121.192427534000103, 14.665722228000163 ], [ 121.194404079000151, 14.665479707000088 ], [ 121.19491337300019, 14.665491833000033 ], [ 121.195931961000042, 14.665794984000172 ], [ 121.196671649000336, 14.665782858000057 ], [ 121.197508346000063, 14.664715766000029 ], [ 121.19858756400015, 14.662702843000034 ], [ 121.199363631000324, 14.662375440000176 ], [ 121.200915765000104, 14.662266305000117 ], [ 121.201606949000166, 14.662423944000125 ], [ 121.203741133000108, 14.662484574000132 ], [ 121.204856729000085, 14.663309145000085 ], [ 121.207675106000124, 14.663936625000133 ], [ 121.207865820000052, 14.663921955000149 ], [ 121.20856510700014, 14.663569866000046 ], [ 121.210452694000082, 14.66312975500017 ], [ 121.210912365000013, 14.663154206000115 ], [ 121.211548080000171, 14.663379151000186 ], [ 121.21255437300033, 14.663954981000074 ], [ 121.212582144000066, 14.664679106 ], [ 121.211898579000035, 14.664965616000075 ], [ 121.211929138000073, 14.665712870000107 ], [ 121.212659170000052, 14.666880906000131 ], [ 121.212992436000036, 14.667845592000162 ], [ 121.214438649000272, 14.668227812000168 ], [ 121.216425679000054, 14.661837258000048 ] ] ] } },
{ "type": "Feature", "properties": { "psgc_code": "0405802016", "name": "San Luis", "region": "Region IV-A (Calabarzon)", "province": "Rizal", "municipality": "City of Antipolo", "barangay": "San Luis", "level": "barangay" }, "geometry": { "type": "Polygon", "coordinates": [ [ [ 121.215150800000174, 14.624372500000163 ], [ 121.215691200000265, 14.624297200000115 ], [ 121.216225900000268, 14.624097400000096 ], [ 121.217819, 14.623316399999965 ], [ 121.218185900000094, 14.623298900000123 ], [ 121.221055500000034, 14.623608000000104 ], [ 121.221342816000174, 14.623804287000098 ], [ 121.222017294000011, 14.623140606000163 ], [ 121.22320150500002, 14.622448806000136 ], [ 121.223809100000153, 14.621538200000089 ], [ 121.22369110000011, 14.621149500000115 ], [ 121.222834000000262, 14.620295899999974 ], [ 121.222757600000023, 14.619810100000109 ], [ 121.222278800000026, 14.61950470000005 ], [ 121.222296100000221, 14.619237500000168 ], [ 121.222143500000016, 14.6188558 ], [ 121.221730500000263, 14.618741300000124 ], [ 121.221275900000137, 14.618373500000075 ], [ 121.221158000000173, 14.617946700000118 ], [ 121.221296800000118, 14.617353300000048 ], [ 121.220852600000285, 14.616801500000065 ], [ 121.220312956000043, 14.617128450000109 ], [ 121.219753301000196, 14.61730895300002 ], [ 121.219306438000103, 14.617244096000093 ], [ 121.218636148000087, 14.617438661000108 ], [ 121.218286493000164, 14.617671008000059 ], [ 121.218107726000198, 14.618081777000043 ], [ 121.217817242000137, 14.61825473100015 ], [ 121.217415047000031, 14.617973678000055 ], [ 121.216454253000052, 14.617887196000027 ], [ 121.216275513000028, 14.617541289000087 ], [ 121.216744758000232, 14.616763 ], [ 121.216431949000025, 14.616633284000159 ], [ 121.215761625000141, 14.617087284999968 ], [ 121.215113667000196, 14.617130517000192 ], [ 121.214845555000011, 14.61697918100009 ], [ 121.213974165000081, 14.617433165000023 ], [ 121.213594345000047, 14.617303445000118 ], [ 121.212879367000028, 14.617757421000022 ], [ 121.212276134000149, 14.617519600000151 ], [ 121.211851627000101, 14.617649299000107 ], [ 121.21091320700009, 14.618903138000064 ], [ 121.210712097000169, 14.619638157 ], [ 121.21008200000017, 14.619978800000069 ], [ 121.209803000000193, 14.619298800000081 ], [ 121.210028300000317, 14.617840200000046 ], [ 121.209405, 14.616684 ], [ 121.206976077000149, 14.615963556000168 ], [ 121.202629001000105, 14.615642109000134 ], [ 121.203055600000198, 14.614859100000103 ], [ 121.20349120000003, 14.613380200000108 ], [ 121.203789900000174, 14.612831500000027 ], [ 121.203853600000116, 14.612549300000126 ], [ 121.203738800000224, 14.61163810000005 ], [ 121.203362500000026, 14.610176 ], [ 121.203351100000077, 14.608868800000039 ], [ 121.203459100000032, 14.608394200000077 ], [ 121.203777400000035, 14.608104400000059 ], [ 121.205442600000197, 14.607484900000145 ], [ 121.206636300000014, 14.606280400000117 ], [ 121.207645700000171, 14.605084400000123 ], [ 121.208176300000218, 14.603782200000182 ], [ 121.209494900000095, 14.602520500000082 ], [ 121.209756300000208, 14.602148199999988 ], [ 121.210404200000198, 14.600446100000056 ], [ 121.210345800000141, 14.60006240000007 ], [ 121.209098500000096, 14.597055899999987 ], [ 121.209309000000303, 14.594504 ], [ 121.209257300000104, 14.591760500000078 ], [ 121.209068600000137, 14.591187900000136 ], [ 121.208375200000319, 14.5904263 ], [ 121.207860900000014, 14.589701700000091 ], [ 121.207656300000167, 14.589576600000044 ], [ 121.207215800000313, 14.589528300000154 ], [ 121.206596300000228, 14.58975 ], [ 121.206272400000103, 14.590062600000124 ], [ 121.205337500000155, 14.590611 ], [ 121.204104200000074, 14.590650800000105 ], [ 121.204395645000091, 14.592454398000143 ], [ 121.204831233000277, 14.593213486000082 ], [ 121.204974485000093, 14.593689174000133 ], [ 121.204936612000211, 14.594058963000123 ], [ 121.204735676000269, 14.594376032000127 ], [ 121.20482389700021, 14.595731320000027 ], [ 121.20478150100007, 14.596268211000108 ], [ 121.20463652400008, 14.596635837000179 ], [ 121.20427426800029, 14.596880291000161 ], [ 121.203305944000135, 14.597189308000054 ], [ 121.20221556100023, 14.597068462000152 ], [ 121.20134109900016, 14.596689451000145 ], [ 121.200502247000031, 14.596754916000179 ], [ 121.200092068000117, 14.596621209000034 ], [ 121.199364768, 14.596163931000035 ], [ 121.198758192000014, 14.59606197 ], [ 121.19829603200003, 14.595784310000113 ], [ 121.197574277000058, 14.595640384000149 ], [ 121.197231509000176, 14.595223840000131 ], [ 121.196637653000039, 14.594202684000038 ], [ 121.19662980000021, 14.593557600000111 ], [ 121.193401700000095, 14.592972700000018 ], [ 121.193453200000022, 14.593778400000076 ], [ 121.19331580000005, 14.594808400000034 ], [ 121.194071100000201, 14.597566000000143 ], [ 121.193624800000066, 14.597640700000056 ], [ 121.193074608000188, 14.597459046000154 ], [ 121.192170780000197, 14.597327039000163 ], [ 121.191564900000117, 14.597416500000179 ], [ 121.191110000000208, 14.597856700000023 ], [ 121.189746186000093, 14.59758221200002 ], [ 121.189299000000233, 14.597308500000111 ], [ 121.188749600000051, 14.597117500000138 ], [ 121.187580174000118, 14.596922069000016 ], [ 121.186955800000192, 14.596644 ], [ 121.186200500000041, 14.596511100000043 ], [ 121.185314482000081, 14.596155093000164 ], [ 121.184869100000014, 14.595835400000112 ], [ 121.18412427200019, 14.595508556000084 ], [ 121.182965538000076, 14.595294977000037 ], [ 121.182144000000108, 14.5945999 ], [ 121.180451300000072, 14.59440190000015 ], [ 121.180707300000108, 14.596602500000131 ], [ 121.180956200000082, 14.597557700000152 ], [ 121.181545100000108, 14.599516000000165 ], [ 121.182026700000051, 14.600373100000013 ], [ 121.182466800000043, 14.601743900000145 ], [ 121.182089200000064, 14.603704000000107 ], [ 121.182132100000217, 14.60425220000019 ], [ 121.18241530000023, 14.604900100000123 ], [ 121.182672800000205, 14.60525720000004 ], [ 121.182638500000166, 14.605988100000104 ], [ 121.183411000000319, 14.607682500000124 ], [ 121.183505400000172, 14.608454900000083 ], [ 121.183668500000181, 14.608762200000115 ], [ 121.183857300000113, 14.6089283 ], [ 121.18404610000016, 14.608936600000163 ], [ 121.185333600000035, 14.608537900000044 ], [ 121.186037400000032, 14.608637600000122 ], [ 121.186217600000191, 14.608878500000174 ], [ 121.186537500000213, 14.609651900000188 ], [ 121.186483900000212, 14.609901 ], [ 121.186119100000042, 14.610492800000145 ], [ 121.186097700000232, 14.610648500000082 ], [ 121.186502300000143, 14.610944099999983 ], [ 121.186617, 14.611471500000107 ], [ 121.186786600000232, 14.611679700000138 ], [ 121.187601300000097, 14.612095000000181 ], [ 121.187407, 14.612538400000119 ], [ 121.187283500000149, 14.614683900000159 ], [ 121.187657238000156, 14.616606531000173 ], [ 121.187400719000152, 14.617696012000181 ], [ 121.187313100000097, 14.620332299999973 ], [ 121.18741910000017, 14.620679200000097 ], [ 121.187791300000185, 14.621197400000142 ], [ 121.187869900000123, 14.621439100000089 ], [ 121.1877766, 14.622397699999965 ], [ 121.191127500000221, 14.622887900000023 ], [ 121.191747500000019, 14.622859500000175 ], [ 121.195198100000198, 14.621558400000026 ], [ 121.199630300000081, 14.619358200000022 ], [ 121.200182000000268, 14.619298600000093 ], [ 121.200533600000085, 14.619446200000027 ], [ 121.203736100000015, 14.62316050000004 ], [ 121.204660000000104, 14.623955300000091 ], [ 121.205007200000182, 14.624067300000092 ], [ 121.205589100000225, 14.624117800000022 ], [ 121.206230400000095, 14.624049600000092 ], [ 121.206856900000275, 14.62388610000005 ], [ 121.207809400000087, 14.62323890000016 ], [ 121.208431300000029, 14.622948100000031 ], [ 121.209104700000125, 14.622836300000017 ], [ 121.209585400000265, 14.622921400000166 ], [ 121.211793000000171, 14.623862 ], [ 121.212809200000038, 14.624168200000099 ], [ 121.213863605000142, 14.624377456 ], [ 121.215150800000174, 14.624372500000163 ] ] ] } },
{ "type": "Feature", "properties": { "psgc_code": "0405802017", "name": "Santa Cruz", "region": "Region IV-A (Calabarzon)", "province": "Rizal", "municipality": "City of Antipolo", "barangay": "Santa Cruz", "level": "barangay" }, "geometry": { "type": "Polygon", "coordinates": [ [ [ 121.147786200000041, 14.624548500000117 ], [ 121.149368200000026, 14.623836100000176 ], [ 121.152784000000224, 14.623880700000143 ], [ 121.154947800000173, 14.623383500000045 ], [ 121.158039828000028, 14.622833269000068 ], [ 121.158717680000223, 14.622927302000107 ], [ 121.159946569000113, 14.623566610000069 ], [ 121.160249362000059, 14.623601045000157 ], [ 121.161441528000296, 14.623488445000078 ], [ 121.1617539, 14.623542500000042 ], [ 121.162882800000034, 14.62417650000009 ], [ 121.163300800000115, 14.624185100000091 ], [ 121.164592000000198, 14.623756800000024 ], [ 121.164837600000055, 14.6234973 ], [ 121.16521860000023, 14.62276850000012 ], [ 121.165457642000092, 14.622485731000097 ], [ 121.166986800000132, 14.622120500000165 ], [ 121.168952600000011, 14.620871200000181 ], [ 121.169525500000191, 14.620702100000017 ], [ 121.169577200000049, 14.6180753000001 ], [ 121.169690500000343, 14.617142300000182 ], [ 121.170164600000135, 14.616329200000052 ], [ 121.172201500000142, 14.614472 ], [ 121.172269200000187, 14.614318200000127 ], [ 121.172258600000077, 14.614156500000036 ], [ 121.171730200000184, 14.613299900000072 ], [ 121.171704500000033, 14.612932100000023 ], [ 121.172237800000062, 14.611347600000158 ], [ 121.173338200000217, 14.610327200000143 ], [ 121.173492700000224, 14.609795599999984 ], [ 121.173298100000238, 14.60676130000013 ], [ 121.176042200000097, 14.601796400000012 ], [ 121.175947700000052, 14.601369600000055 ], [ 121.175550400000247, 14.600911200000155 ], [ 121.174857400000292, 14.600360300000034 ], [ 121.173577300000034, 14.5997309 ], [ 121.171861900000067, 14.5965728 ], [ 121.171741700000098, 14.596049500000049 ], [ 121.17187360000014, 14.592953800000089 ], [ 121.171197600000028, 14.593053600000133 ], [ 121.170928600000138, 14.593231100000082 ], [ 121.170408800000132, 14.593984200000079 ], [ 121.169862575000138, 14.594273416000021 ], [ 121.169847790000063, 14.594692810000083 ], [ 121.169281290000072, 14.595423811000046 ], [ 121.169006590000095, 14.595365610000158 ], [ 121.168920790000129, 14.595199511000146 ], [ 121.168955090000054, 14.594817410000076 ], [ 121.168843490000086, 14.594626410999979 ], [ 121.168440090000104, 14.594427010000118 ], [ 121.168105390000164, 14.594451911000135 ], [ 121.166714890000208, 14.594991811 ], [ 121.166208490000031, 14.595041710000146 ], [ 121.166011090000211, 14.595133010000097 ], [ 121.165796490000048, 14.595324110000092 ], [ 121.165410290000068, 14.595947010000089 ], [ 121.16432769000005, 14.596465309999985 ], [ 121.163705490000211, 14.596859810000126 ], [ 121.162353590000066, 14.598458710999978 ], [ 121.161784990000115, 14.598604010000031 ], [ 121.161205591000225, 14.599164711000128 ], [ 121.160830090000331, 14.599777311000025 ], [ 121.16096959000015, 14.600877810000043 ], [ 121.16077649500005, 14.601407302000155 ], [ 121.160508300000174, 14.601293100000134 ], [ 121.159253, 14.600223700000129 ], [ 121.158837900000208, 14.600036300000056 ], [ 121.157325100000094, 14.600067500000137 ], [ 121.15707830000008, 14.600015500000097 ], [ 121.156799400000068, 14.599797500000022 ], [ 121.156445300000087, 14.59967290000003 ], [ 121.156059100000107, 14.59960030000002 ], [ 121.155243700000142, 14.599631400000135 ], [ 121.155018400000017, 14.599486000000184 ], [ 121.154567800000223, 14.599527600000044 ], [ 121.153194500000041, 14.60068 ], [ 121.152904800000101, 14.600763100000165 ], [ 121.152604400000087, 14.600731900000028 ], [ 121.1521216000001, 14.600524300000131 ], [ 121.151821200000086, 14.600524300000131 ], [ 121.150501600000212, 14.601084900000103 ], [ 121.150576700000215, 14.601583300000129 ], [ 121.151102400000013, 14.601967400000149 ], [ 121.151102400000013, 14.602185500000076 ], [ 121.150673200000028, 14.602341200000183 ], [ 121.147980300000086, 14.604023100000063 ], [ 121.146864500000333, 14.605725800000073 ], [ 121.14645680000001, 14.606732900000111 ], [ 121.146274400000038, 14.606909300000098 ], [ 121.145759400000202, 14.606899000000169 ], [ 121.14452370000015, 14.606556700000056 ], [ 121.144522800000232, 14.606346600000109 ], [ 121.144672070000297, 14.605950846000042 ], [ 121.144610400000033, 14.605751300000065 ], [ 121.143259991000264, 14.605698061000169 ], [ 121.143397426000206, 14.606224592000103 ], [ 121.143961777000072, 14.606871530000035 ], [ 121.144429775000049, 14.60716058700001 ], [ 121.145833769000092, 14.60751846800008 ], [ 121.145975300000146, 14.607779600000185 ], [ 121.145997700000066, 14.608085900000106 ], [ 121.145336800000109, 14.609173900000087 ], [ 121.146241031000045, 14.609205641000131 ], [ 121.146733441000038, 14.609051763000025 ], [ 121.147251499000163, 14.609190253000122 ], [ 121.147406846000081, 14.609593894 ], [ 121.147415636000119, 14.610241756000164 ], [ 121.147650775000102, 14.61049279100007 ], [ 121.148128606000114, 14.610693133000098 ], [ 121.148312680000117, 14.610854226000015 ], [ 121.148800400000141, 14.612016915000027 ], [ 121.148935393000215, 14.612199810000163 ], [ 121.149161835000086, 14.612247711000123 ], [ 121.149206029000197, 14.612450970000168 ], [ 121.149532196000109, 14.612855207000109 ], [ 121.150041490000149, 14.613827704000016 ], [ 121.150078134000182, 14.614468973000044 ], [ 121.149693372000115, 14.615495004000138 ], [ 121.149491830000102, 14.616685932999985 ], [ 121.149565118000169, 14.617089017000126 ], [ 121.150627793000012, 14.618444844000123 ], [ 121.15075443, 14.618964672000175 ], [ 121.149165500000095, 14.618788000000109 ], [ 121.148918700000308, 14.618833500000164 ], [ 121.148018100000058, 14.619355100000121 ], [ 121.147339869, 14.619962475000023 ], [ 121.148044971000218, 14.620785204000128 ], [ 121.147997719000045, 14.621788897000158 ], [ 121.147771845000193, 14.62237988600009 ], [ 121.147719421000147, 14.622847900000124 ], [ 121.147770243000082, 14.623162834000084 ], [ 121.147626146000107, 14.623193170999969 ], [ 121.147601400000212, 14.623348400000111 ], [ 121.147804178000115, 14.623654477000173 ], [ 121.147892600000318, 14.623995200000024 ], [ 121.147911659000215, 14.624177226000143 ], [ 121.147786200000041, 14.624548500000117 ] ] ] } },
{ "type": "Feature", "properties": { "psgc_code": "0405802018", "name": "Muntingdilaw", "region": "Region IV-A (Calabarzon)", "province": "Rizal", "municipality": "City of Antipolo", "barangay": "Muntingdilaw", "level": "barangay" }, "geometry": { "type": "Polygon", "coordinates": [ [ [ 121.136768796000069, 14.607617404000109 ], [ 121.138563178000027, 14.606935879000105 ], [ 121.139142614000207, 14.606975841 ], [ 121.139592176000065, 14.60738544100019 ], [ 121.139841932000195, 14.60744538300014 ], [ 121.140136637000296, 14.607339363000108 ], [ 121.140237194000179, 14.60712527000004 ], [ 121.140521270000022, 14.606925888999967 ], [ 121.141858238000054, 14.606606200999977 ], [ 121.1423694690003, 14.606596211000067 ], [ 121.142519323000101, 14.606526278000047 ], [ 121.142749099000071, 14.605697086000191 ], [ 121.1426817050002, 14.605549073000077 ], [ 121.142708834000018, 14.605010732000039 ], [ 121.142995389000021, 14.604805913000064 ], [ 121.142908497, 14.604188692000093 ], [ 121.143071817000191, 14.603725098999973 ], [ 121.142930273000161, 14.603303650000043 ], [ 121.142570970000179, 14.602787374000116 ], [ 121.142570970000179, 14.602608257000156 ], [ 121.142973825000013, 14.601649455000029 ], [ 121.143594440000129, 14.600469384000178 ], [ 121.14489010900013, 14.59939467099997 ], [ 121.145380068000122, 14.598667657000078 ], [ 121.145726100000161, 14.597411100000102 ], [ 121.145747200000073, 14.596843800000045 ], [ 121.145662900000048, 14.596682000000158 ], [ 121.145420531000013, 14.596472125000105 ], [ 121.145135930000151, 14.596364437000091 ], [ 121.144759025000099, 14.596349054000143 ], [ 121.143282172000227, 14.596918257000084 ], [ 121.14238933300021, 14.59777581600008 ], [ 121.14163856000016, 14.597942655000111 ], [ 121.139564998000196, 14.597275301000138 ], [ 121.139314741000021, 14.597120380000035 ], [ 121.138885728000105, 14.596119350000151 ], [ 121.138218375000065, 14.595070652000061 ], [ 121.138069889, 14.595130126000186 ], [ 121.137893350000013, 14.595065086000147 ], [ 121.137769019000189, 14.594877271000144 ], [ 121.136970139000141, 14.595238302999974 ], [ 121.136854916000061, 14.595361208000099 ], [ 121.136831872000016, 14.595522520000145 ], [ 121.137062318000062, 14.595983412000066 ], [ 121.137123770000017, 14.596375169999988 ], [ 121.137069999000232, 14.596859107000171 ], [ 121.137241825000046, 14.597169526000187 ], [ 121.136583064000206, 14.598910856000032 ], [ 121.136403926000071, 14.599633005000157 ], [ 121.136387132000095, 14.600013673000035 ], [ 121.134397777000117, 14.599486376000016 ], [ 121.133172859000183, 14.599399911000091 ], [ 121.133100805000254, 14.599025230000052 ], [ 121.133223297000086, 14.59822543100006 ], [ 121.132292279000012, 14.596239738000179 ], [ 121.13152413600028, 14.596490489000018 ], [ 121.130824574000144, 14.596449040999971 ], [ 121.129383730000086, 14.595718913000155 ], [ 121.129174573000114, 14.596157147000156 ], [ 121.130100839000193, 14.596615300000167 ], [ 121.12974704900023, 14.596747562000076 ], [ 121.128264611000191, 14.596621702000164 ], [ 121.125706276000301, 14.59598747300015 ], [ 121.125552275000132, 14.597693540000023 ], [ 121.126674520000165, 14.59789222500001 ], [ 121.126615813000171, 14.598162468000112 ], [ 121.127590204000057, 14.598268912000037 ], [ 121.128499413000213, 14.598539510000023 ], [ 121.127791967000121, 14.599526855000079 ], [ 121.127795335000087, 14.600811399000122 ], [ 121.125504306000153, 14.60138793100009 ], [ 121.125714648000098, 14.601815189000092 ], [ 121.12571713300008, 14.605773456000122 ], [ 121.126331654000182, 14.606199461000074 ], [ 121.126687042000071, 14.606001765000087 ], [ 121.12716176500021, 14.60605724100003 ], [ 121.1273075040001, 14.606846618000077 ], [ 121.127290954000159, 14.607190481000032 ], [ 121.128190148000158, 14.607230936000065 ], [ 121.128580046000025, 14.607337833000145 ], [ 121.128611781000131, 14.606586029000084 ], [ 121.130068455000014, 14.604903508000064 ], [ 121.130345556000066, 14.604955278000091 ], [ 121.130199933000085, 14.605093620000162 ], [ 121.130090715000051, 14.605435836000083 ], [ 121.130257516000142, 14.605739824000182 ], [ 121.130800141, 14.605874524000114 ], [ 121.130563216000041, 14.606839919000151 ], [ 121.130602661000012, 14.607118666000019 ], [ 121.130785859000071, 14.607265734000123 ], [ 121.131140726000012, 14.607187617000136 ], [ 121.131606534000184, 14.606884021000042 ], [ 121.132172002000061, 14.606793505000041 ], [ 121.13297762600007, 14.606748503000063 ], [ 121.133298346000174, 14.606859387000156 ], [ 121.133604476000073, 14.606858976000012 ], [ 121.134477195000272, 14.60645460600017 ], [ 121.134957794000343, 14.606330006000121 ], [ 121.135193867000112, 14.606370773000037 ], [ 121.135555358000033, 14.606656924 ], [ 121.135619531000089, 14.607270179000068 ], [ 121.136425496000129, 14.607584107000093 ], [ 121.136768796000069, 14.607617404000109 ] ] ] } },
{ "type": "Feature", "properties": { "psgc_code": "0405803001", "name": "Evangelista", "region": "Region IV-A (Calabarzon)", "province": "Rizal", "municipality": "Baras", "barangay": "Evangelista", "level": "barangay" }, "geometry": { "type": "Polygon", "coordinates": [ [ [ 121.269073965000189, 14.521871824000073 ], [ 121.270574561000217, 14.521439585999985 ], [ 121.271579660000157, 14.521260797000025 ], [ 121.272253448000129, 14.520986661000109 ], [ 121.27608686200017, 14.521053766000023 ], [ 121.28118151000001, 14.515754621999974 ], [ 121.27993372200001, 14.515534209000123 ], [ 121.280647570000042, 14.513539642000069 ], [ 121.279339500000219, 14.512731509000048 ], [ 121.278014194000093, 14.512076330000127 ], [ 121.277843638000036, 14.512191880999978 ], [ 121.276154702000099, 14.511492848000159 ], [ 121.274525027000209, 14.50895481800012 ], [ 121.271918179000181, 14.507543309000141 ], [ 121.270990526000219, 14.507536477000087 ], [ 121.2694173000001, 14.509288347000108 ], [ 121.266246941000077, 14.511039970000184 ], [ 121.26838572500003, 14.516313535000165 ], [ 121.268922097000086, 14.520928028000128 ], [ 121.268810968000025, 14.52097382400018 ], [ 121.268852804000062, 14.521167127000126 ], [ 121.268712681000125, 14.521189334999974 ], [ 121.268799284000124, 14.521349323999971 ], [ 121.268656147000115, 14.521368101 ], [ 121.268804960000011, 14.521646602999965 ], [ 121.26901105900015, 14.521591277000027 ], [ 121.269073965000189, 14.521871824000073 ] ] ] } },
{ "type": "Feature", "properties": { "psgc_code": "0405803002", "name": "Rizal (Pob.)", "region": "Region IV-A (Calabarzon)", "province": "Rizal", "municipality": "Baras", "barangay": "Rizal (Pob.)", "level": "barangay" }, "geometry": { "type": "Polygon", "coordinates": [ [ [ 121.2659971610002, 14.532500024000115 ], [ 121.26642703500022, 14.532190720000131 ], [ 121.26675108500001, 14.53180378400009 ], [ 121.266715987000111, 14.531672333000131 ], [ 121.267392038000025, 14.530691353000122 ], [ 121.267097836000175, 14.530101664000142 ], [ 121.267829223000035, 14.529552233000061 ], [ 121.267427078000082, 14.528937416000076 ], [ 121.266970358000094, 14.529287119000116 ], [ 121.266401833000032, 14.52920529000005 ], [ 121.266176324000185, 14.52655093900006 ], [ 121.266142961000128, 14.525734660000126 ], [ 121.266248058000087, 14.525717164000071 ], [ 121.266064374000166, 14.52457563300004 ], [ 121.265894087000106, 14.524589711000147 ], [ 121.265892713000085, 14.524429007000151 ], [ 121.265923532000215, 14.524291551000147 ], [ 121.266052457000114, 14.524302322999972 ], [ 121.266080376000218, 14.523625238000022 ], [ 121.266418947000034, 14.523772338000072 ], [ 121.266520215000128, 14.523642830000028 ], [ 121.265758739000148, 14.523113335 ], [ 121.266091085000085, 14.52267592700008 ], [ 121.265506652000113, 14.521818681000184 ], [ 121.265319398000088, 14.521764282000049 ], [ 121.264993313000218, 14.523209490000056 ], [ 121.264640355000324, 14.523064848 ], [ 121.264570645000049, 14.523372910000091 ], [ 121.264635231000057, 14.523607622000156 ], [ 121.26501345600002, 14.523552779000113 ], [ 121.265015163000044, 14.523860669000044 ], [ 121.264229702000193, 14.52403111000018 ], [ 121.264469128000087, 14.524239789000148 ], [ 121.264278130000093, 14.525028405 ], [ 121.26432580300002, 14.525277114000062 ], [ 121.264565522000112, 14.525227954000115 ], [ 121.264494918000082, 14.526803652000069 ], [ 121.264365098000212, 14.527813501000082 ], [ 121.263477523, 14.530643307999981 ], [ 121.264004761000137, 14.531806747000076 ], [ 121.26450831600016, 14.532471680000128 ], [ 121.265675760000136, 14.532600133000187 ], [ 121.2659971610002, 14.532500024000115 ] ] ] } },
{ "type": "Feature", "properties": { "psgc_code": "0405803003", "name": "San Jose", "region": "Region IV-A (Calabarzon)", "province": "Rizal", "municipality": "Baras", "barangay": "San Jose", "level": "barangay" }, "geometry": { "type": "Polygon", "coordinates": [ [ [ 121.271874999000147, 14.548329281000065 ], [ 121.271845893000204, 14.547716539000191 ], [ 121.271940485000073, 14.547167183 ], [ 121.272107840000103, 14.547040408999976 ], [ 121.272544419000042, 14.547371431000045 ], [ 121.273694075000208, 14.547533421000139 ], [ 121.274086996000051, 14.547406646000184 ], [ 121.274123377000024, 14.54648400800005 ], [ 121.274334390000149, 14.546491051000032 ], [ 121.274989257000016, 14.547639066000045 ], [ 121.275120231000074, 14.547617936999984 ], [ 121.275411283000153, 14.54737847399997 ], [ 121.275726592000069, 14.546326012000122 ], [ 121.275532009000017, 14.545790907000026 ], [ 121.275045549000083, 14.54545038599997 ], [ 121.275126626000088, 14.544007224000097 ], [ 121.274867181000104, 14.54363427200019 ], [ 121.274769889000027, 14.543261320000056 ], [ 121.274786105000089, 14.543018089999975 ], [ 121.275077980000219, 14.542774861000055 ], [ 121.275142841000161, 14.542158679000011 ], [ 121.274964473000296, 14.541785727000104 ], [ 121.275191487000257, 14.541428990000156 ], [ 121.275467147000199, 14.541120900000067 ], [ 121.276829233000058, 14.54034256500006 ], [ 121.277088678000155, 14.540537149000158 ], [ 121.277283261000093, 14.540829024000061 ], [ 121.27770485900021, 14.540926316000139 ], [ 121.278029165000021, 14.540829024000061 ], [ 121.278499409, 14.540585795000084 ], [ 121.27924531300016, 14.540034474000038 ], [ 121.279553404000126, 14.539596661000132 ], [ 121.279634481000016, 14.539158848000056 ], [ 121.279391251000106, 14.538931834000095 ], [ 121.278921007000122, 14.538834542000075 ], [ 121.278596701000083, 14.538558882000189 ], [ 121.278223749000176, 14.538542666000069 ], [ 121.27780215100006, 14.53872103499998 ], [ 121.277364338000211, 14.538785896000093 ], [ 121.277104893000114, 14.538607527000181 ], [ 121.276683295000225, 14.53755353300005 ], [ 121.276780587000076, 14.536758983000027 ], [ 121.277056247000019, 14.536742767000078 ], [ 121.277364338000211, 14.536888705000081 ], [ 121.277672429000177, 14.536856275000048 ], [ 121.27794808900012, 14.536483323000141 ], [ 121.277737290000118, 14.536256308000077 ], [ 121.277429199000153, 14.536142800999983 ], [ 121.277510276000044, 14.535802280000155 ], [ 121.278369687, 14.536142800999983 ], [ 121.278823715000044, 14.535769849000076 ], [ 121.278937223000071, 14.535364467000079 ], [ 121.278904792000276, 14.535040161000097 ], [ 121.27872642400007, 14.534488840000051 ], [ 121.278450763000137, 14.534375333000128 ], [ 121.278110242000253, 14.534391548000144 ], [ 121.277834582000196, 14.535007730000132 ], [ 121.277494060000095, 14.534959084000036 ], [ 121.277104893000114, 14.533905089000143 ], [ 121.27663464900013, 14.533629429000086 ], [ 121.276034683000034, 14.533824013000185 ], [ 121.275272564000147, 14.534423979000053 ], [ 121.274867181000104, 14.534521271000131 ], [ 121.274380722000046, 14.533694290000028 ], [ 121.274137492000023, 14.533564568000088 ], [ 121.273764540000229, 14.533499706999976 ], [ 121.273310512000194, 14.533256477000123 ], [ 121.273213220000116, 14.533013248000145 ], [ 121.272856483000169, 14.532705157000123 ], [ 121.272824053000136, 14.532088975000136 ], [ 121.272645684000054, 14.532056545000103 ], [ 121.272159225000223, 14.531748454000137 ], [ 121.271867350000093, 14.53074310500017 ], [ 121.2713646750002, 14.530418799000131 ], [ 121.2713646750002, 14.530143139000074 ], [ 121.271543044000055, 14.529624249000165 ], [ 121.271380891000263, 14.529381020000187 ], [ 121.27029446500012, 14.528829699000141 ], [ 121.270472833000099, 14.528472962000023 ], [ 121.270797140000013, 14.528375671000049 ], [ 121.27097550800022, 14.528148655999985 ], [ 121.270764709000105, 14.527694628000063 ], [ 121.270570125000177, 14.527483829000118 ], [ 121.270002590000217, 14.527564905000077 ], [ 121.269791791000102, 14.527418968 ], [ 121.269662068000116, 14.527127092 ], [ 121.268543212000054, 14.527321676000156 ], [ 121.268390458000226, 14.526783637000108 ], [ 121.268524027000012, 14.526345828000046 ], [ 121.268449822000093, 14.526078690000134 ], [ 121.268353355000045, 14.525856075000092 ], [ 121.2678601, 14.525386800000092 ], [ 121.267947400000139, 14.524798600000111 ], [ 121.267039400000158, 14.523983900000189 ], [ 121.266594697000073, 14.523244058999978 ], [ 121.266091085000085, 14.52267592700008 ], [ 121.265758739000148, 14.523113335 ], [ 121.266520215000128, 14.523642830000028 ], [ 121.266418947000034, 14.523772338000072 ], [ 121.266080376000218, 14.523625238000022 ], [ 121.266052457000114, 14.524302322999972 ], [ 121.265923532000215, 14.524291551000147 ], [ 121.265892713000085, 14.524429007000151 ], [ 121.265894087000106, 14.524589711000147 ], [ 121.266064374000166, 14.52457563300004 ], [ 121.266248058000087, 14.525717164000071 ], [ 121.266142961000128, 14.525734660000126 ], [ 121.266176324000185, 14.52655093900006 ], [ 121.266401833000032, 14.52920529000005 ], [ 121.266970358000094, 14.529287119000116 ], [ 121.267427078000082, 14.528937416000076 ], [ 121.267829223000035, 14.529552233000061 ], [ 121.267097836000175, 14.530101664000142 ], [ 121.267392038000025, 14.530691353000122 ], [ 121.266715987000111, 14.531672333000131 ], [ 121.26675108500001, 14.53180378400009 ], [ 121.26642703500022, 14.532190720000131 ], [ 121.2659971610002, 14.532500024000115 ], [ 121.265675760000136, 14.532600133000187 ], [ 121.26450831600016, 14.532471680000128 ], [ 121.264004761000137, 14.531806747000076 ], [ 121.263477523, 14.530643307999981 ], [ 121.262724081000101, 14.533427639000081 ], [ 121.261930403000065, 14.538185700000042 ], [ 121.262926644000231, 14.539434782000171 ], [ 121.26643900800002, 14.54689600200004 ], [ 121.271576670000059, 14.54863917300014 ], [ 121.271874999000147, 14.548329281000065 ] ] ] } },
{ "type": "Feature", "properties": { "psgc_code": "0405803004", "name": "San Salvador", "region": "Region IV-A (Calabarzon)", "province": "Rizal", "municipality": "Baras", "barangay": "San Salvador", "level": "barangay" }, "geometry": { "type": "Polygon", "coordinates": [ [ [ 121.26358037500006, 14.589363762 ], [ 121.262468218000095, 14.587580477000188 ], [ 121.265243817000169, 14.586151882000024 ], [ 121.274461576000022, 14.582095684000137 ], [ 121.275220912000123, 14.582518605000075 ], [ 121.276316663000102, 14.581422854000095 ], [ 121.277585426000201, 14.580673130000037 ], [ 121.279719256000021, 14.578769985000065 ], [ 121.277239400000326, 14.576290129000029 ], [ 121.276316663000102, 14.575482734000104 ], [ 121.275451596000039, 14.575194378000049 ], [ 121.286668947000067, 14.5744779260001 ], [ 121.287089513000069, 14.57460409600003 ], [ 121.285423284000103, 14.562517464999985 ], [ 121.285454800000252, 14.562110755000106 ], [ 121.285255200000051, 14.561734547000071 ], [ 121.284215180000047, 14.560575415000073 ], [ 121.283427286, 14.559945007000124 ], [ 121.282923034000078, 14.559131576000084 ], [ 121.28217716100005, 14.558440156000074 ], [ 121.281883014000186, 14.557941927000115 ], [ 121.28185149900014, 14.557606383000063 ], [ 121.28194604600003, 14.556986135000102 ], [ 121.281913259000021, 14.555074826000123 ], [ 121.281842503000121, 14.554968309000117 ], [ 121.281668876000026, 14.55494350500004 ], [ 121.281241699000134, 14.555031696000128 ], [ 121.281012953000186, 14.554968309000117 ], [ 121.280538925000087, 14.554789170000163 ], [ 121.280246791000195, 14.55447774400011 ], [ 121.280202695000071, 14.554006472000026 ], [ 121.280029069000307, 14.553482836000057 ], [ 121.279546772000117, 14.552396980000083 ], [ 121.279136132000076, 14.551961536000135 ], [ 121.278904629000181, 14.549514226000156 ], [ 121.27852430400003, 14.549213825000038 ], [ 121.277138047000221, 14.549335088000078 ], [ 121.276815597000336, 14.549197289000119 ], [ 121.276385665000134, 14.548541366000109 ], [ 121.275411283000153, 14.54737847399997 ], [ 121.275120231000074, 14.547617936999984 ], [ 121.274989257000016, 14.547639066000045 ], [ 121.274334390000149, 14.546491051000032 ], [ 121.274123377000024, 14.54648400800005 ], [ 121.274086996000051, 14.547406646000184 ], [ 121.273694075000208, 14.547533421000139 ], [ 121.272544419000042, 14.547371431000045 ], [ 121.272107840000103, 14.547040408999976 ], [ 121.271940485000073, 14.547167183 ], [ 121.271845893000204, 14.547716539000191 ], [ 121.271874999000147, 14.548329281000065 ], [ 121.271576670000059, 14.54863917300014 ], [ 121.26643900800002, 14.54689600200004 ], [ 121.262926644000231, 14.539434782000171 ], [ 121.261930403000065, 14.538185700000042 ], [ 121.262724081000101, 14.533427639000081 ], [ 121.263477523, 14.530643307999981 ], [ 121.264365098000212, 14.527813501000082 ], [ 121.264494918000082, 14.526803652000069 ], [ 121.264565522000112, 14.525227954000115 ], [ 121.26432580300002, 14.525277114000062 ], [ 121.264278130000093, 14.525028405 ], [ 121.264469128000087, 14.524239789000148 ], [ 121.264229702000193, 14.52403111000018 ], [ 121.265015163000044, 14.523860669000044 ], [ 121.26501345600002, 14.523552779000113 ], [ 121.264635231000057, 14.523607622000156 ], [ 121.264570645000049, 14.523372910000091 ], [ 121.264640355000324, 14.523064848 ], [ 121.264993313000218, 14.523209490000056 ], [ 121.265319398000088, 14.521764282000049 ], [ 121.26493613200023, 14.52182085100003 ], [ 121.264500090000183, 14.521766387000127 ], [ 121.263952467000081, 14.521480221000047 ], [ 121.264008348000175, 14.521653454000102 ], [ 121.263943539000024, 14.522490203000132 ], [ 121.261271066000177, 14.523289230000103 ], [ 121.256140553000137, 14.524994295000056 ], [ 121.256108180000069, 14.527993348000109 ], [ 121.258633444000111, 14.537008431000061 ], [ 121.259781925000198, 14.540491496000186 ], [ 121.26017878600021, 14.540983438000069 ], [ 121.260703800000101, 14.54214508300015 ], [ 121.261125465000077, 14.542682499000023 ], [ 121.261691818000031, 14.543004949000078 ], [ 121.261881981000215, 14.543335666000132 ], [ 121.261981196000306, 14.543749063000178 ], [ 121.26189438300014, 14.54410045000003 ], [ 121.261009714000011, 14.544972718000054 ], [ 121.260852623000119, 14.545431588000042 ], [ 121.261989464000067, 14.547969845000182 ], [ 121.261934935000113, 14.557026535999967 ], [ 121.262078440000209, 14.57168018200008 ], [ 121.25853174100007, 14.574570096000059 ], [ 121.253174711000042, 14.584697371 ], [ 121.257623847000104, 14.589898967000181 ], [ 121.258099461000029, 14.589572105000116 ], [ 121.258652754000082, 14.589557712999977 ], [ 121.25878235800019, 14.589606188 ], [ 121.258928823000133, 14.589862048000043 ], [ 121.25896780000005, 14.590401100000065 ], [ 121.259439900000189, 14.590554500000167 ], [ 121.260025000000155, 14.590401100000065 ], [ 121.260826676000192, 14.589779695000061 ], [ 121.261259700000096, 14.589657499999987 ], [ 121.261961606000114, 14.589832095000133 ], [ 121.263478300000202, 14.590556500000105 ], [ 121.26358037500006, 14.589363762 ] ] ] } },
{ "type": "Feature", "properties": { "psgc_code": "0405803005", "name": "Santiago", "region": "Region IV-A (Calabarzon)", "province": "Rizal", "municipality": "Baras", "barangay": "Santiago", "level": "barangay" }, "geometry": { "type": "Polygon", "coordinates": [ [ [ 121.256140553000137, 14.524994295000056 ], [ 121.263943539000024, 14.522490203000132 ], [ 121.264008348000175, 14.521653454000102 ], [ 121.263959715000169, 14.521220962000029 ], [ 121.264277879000019, 14.52029171900017 ], [ 121.264267779000079, 14.52009223400006 ], [ 121.263754796000171, 14.519772285000158 ], [ 121.263568321000093, 14.519546809000133 ], [ 121.263540300000045, 14.519210500000099 ], [ 121.264805629000193, 14.518140319000111 ], [ 121.26503036400004, 14.51760499400018 ], [ 121.265166720000138, 14.516352536000113 ], [ 121.265335903000164, 14.515908116000105 ], [ 121.265530337000087, 14.51552934800003 ], [ 121.266223672000024, 14.514599179000072 ], [ 121.265771022000195, 14.51261790500007 ], [ 121.265778442000055, 14.512076209000043 ], [ 121.265526145000081, 14.510584689000098 ], [ 121.265533566000045, 14.509367727000097 ], [ 121.2654667810001, 14.509011543000099 ], [ 121.265501399000186, 14.508413465 ], [ 121.265707392000081, 14.507362531000126 ], [ 121.265962835000323, 14.506650297000135 ], [ 121.265961053000183, 14.507687739000175 ], [ 121.271918179000181, 14.507543309000141 ], [ 121.271252330000038, 14.505050396 ], [ 121.270711137000148, 14.505146984000191 ], [ 121.26992573300015, 14.505686070000024 ], [ 121.269113576000336, 14.505712299000152 ], [ 121.26867689300002, 14.505590933000065 ], [ 121.268314941000085, 14.505351971000039 ], [ 121.267784197000083, 14.50444398400009 ], [ 121.267516830000204, 14.504246814000169 ], [ 121.266626418000101, 14.504163188000177 ], [ 121.265665868000042, 14.504284512000083 ], [ 121.265497756000173, 14.504206218000149 ], [ 121.265022142000021, 14.503668480000101 ], [ 121.264864374000126, 14.503615945999968 ], [ 121.264405090000309, 14.503689603000112 ], [ 121.263716657000145, 14.504074905000039 ], [ 121.263115340000013, 14.504106413000159 ], [ 121.262298704000159, 14.504028454000036 ], [ 121.261360468000134, 14.504668736000042 ], [ 121.260739724000132, 14.504787419000024 ], [ 121.260580363000145, 14.506346581000059 ], [ 121.258837841000059, 14.508480613000074 ], [ 121.257957309000176, 14.511252535999972 ], [ 121.255343868000068, 14.51445331900004 ], [ 121.25540902900002, 14.515329352000151 ], [ 121.255349998000042, 14.515983367 ], [ 121.255029920000197, 14.51653235200007 ], [ 121.25520095800016, 14.516658035000034 ], [ 121.256140553000137, 14.524994295000056 ] ] ] } },
{ "type": "Feature", "properties": { "psgc_code": "0405803006", "name": "Concepcion", "region": "Region IV-A (Calabarzon)", "province": "Rizal", "municipality": "Baras", "barangay": "Concepcion", "level": "barangay" }, "geometry": { "type": "Polygon", "coordinates": [ [ [ 121.288608801, 14.529449974000045 ], [ 121.288524804000076, 14.527562702000182 ], [ 121.288722231000179, 14.525629152000079 ], [ 121.287564872000075, 14.524089752000066 ], [ 121.286232242000096, 14.52283476600013 ], [ 121.282978524000214, 14.521024274000069 ], [ 121.282073940000146, 14.521052682000118 ], [ 121.278445102000092, 14.51859582600008 ], [ 121.27608686200017, 14.521053766000023 ], [ 121.272253448000129, 14.520986661000109 ], [ 121.27137824700003, 14.521316990000173 ], [ 121.270574561000217, 14.521439585999985 ], [ 121.269073965000189, 14.521871824000073 ], [ 121.26901105900015, 14.521591277000027 ], [ 121.268804960000011, 14.521646602999965 ], [ 121.268773099000327, 14.521544261000031 ], [ 121.268703912000205, 14.521562610000046 ], [ 121.268656147000115, 14.521368101 ], [ 121.268799284000124, 14.521349323999971 ], [ 121.268712681000125, 14.521189334999974 ], [ 121.268852804000062, 14.521167127000126 ], [ 121.268810968000025, 14.52097382400018 ], [ 121.267473985000152, 14.521101323000153 ], [ 121.267498885000236, 14.521648498000047 ], [ 121.266995509000026, 14.521327879000069 ], [ 121.266831809000109, 14.521580525000047 ], [ 121.26562061900006, 14.52094184900011 ], [ 121.264352191000285, 14.520409808000068 ], [ 121.264277879000019, 14.52029171900017 ], [ 121.264126372000192, 14.520630084000175 ], [ 121.266621277000127, 14.521941566000123 ], [ 121.267325520000213, 14.522218857000098 ], [ 121.267372406000163, 14.522083740000028 ], [ 121.274145226000087, 14.523201367000183 ], [ 121.281584134000127, 14.526977360000046 ], [ 121.286182923000069, 14.531690996000179 ], [ 121.290072219000081, 14.532262318 ], [ 121.288608801, 14.529449974000045 ] ] ] } },
{ "type": "Feature", "properties": { "psgc_code": "0405803007", "name": "San Juan", "region": "Region IV-A (Calabarzon)", "province": "Rizal", "municipality": "Baras", "barangay": "San Juan", "level": "barangay" }, "geometry": { "type": "Polygon", "coordinates": [ [ [ 121.288120884000023, 14.57316473700007 ], [ 121.288002194000228, 14.57288126900005 ], [ 121.288057557000229, 14.572675453000102 ], [ 121.288205966000191, 14.572526177000157 ], [ 121.290381991000345, 14.571606923000161 ], [ 121.290708232000043, 14.571372656000051 ], [ 121.291384999000229, 14.570561808999969 ], [ 121.291719317000116, 14.569853643000044 ], [ 121.292936419000171, 14.569890780000151 ], [ 121.293238300000212, 14.567421600000159 ], [ 121.293489688000022, 14.566411107000135 ], [ 121.294468638000012, 14.564299677 ], [ 121.294585504000111, 14.563901298000189 ], [ 121.295005486000036, 14.561490909000156 ], [ 121.295093312000176, 14.559758398000042 ], [ 121.295272755000042, 14.558905743000139 ], [ 121.295890407000115, 14.557604383000125 ], [ 121.296110575000057, 14.556938813000102 ], [ 121.296179168000094, 14.55555547900002 ], [ 121.296434845000022, 14.554466500000103 ], [ 121.296900939000125, 14.553593328000147 ], [ 121.297180297000068, 14.553329987000097 ], [ 121.297624326000118, 14.55312539200014 ], [ 121.291652891000012, 14.554297775000066 ], [ 121.29010403000018, 14.550229983000122 ], [ 121.288857332000021, 14.548515668000107 ], [ 121.288547041000015, 14.546870963 ], [ 121.287939819000258, 14.545784677000029 ], [ 121.289284155000132, 14.542227043000025 ], [ 121.291051546000062, 14.543200372000172 ], [ 121.29192365200015, 14.542004225000028 ], [ 121.291898452000169, 14.540459248 ], [ 121.291158643000131, 14.536066360000177 ], [ 121.290072219000081, 14.532262318 ], [ 121.286182923000069, 14.531690996000179 ], [ 121.281584134000127, 14.526977360000046 ], [ 121.280793387000131, 14.527585538000096 ], [ 121.279907246000107, 14.52948687900016 ], [ 121.279280642000117, 14.530260092000105 ], [ 121.276001030000202, 14.527434290000031 ], [ 121.273084378000135, 14.524191189000021 ], [ 121.27206274300022, 14.523448801000086 ], [ 121.268975750000095, 14.523025113000188 ], [ 121.268705872000055, 14.522431249000078 ], [ 121.268268196, 14.522345045000066 ], [ 121.267270413, 14.522375964000048 ], [ 121.267236919000084, 14.522474189999969 ], [ 121.266437955000015, 14.522221049999985 ], [ 121.266091085000085, 14.52267592700008 ], [ 121.266594697000073, 14.523244058999978 ], [ 121.267039400000158, 14.523983900000189 ], [ 121.267947400000139, 14.524798600000111 ], [ 121.2678601, 14.525386800000092 ], [ 121.268353355000045, 14.525856075000092 ], [ 121.268449822000093, 14.526078690000134 ], [ 121.268524027000012, 14.526345828000046 ], [ 121.268390458000226, 14.526783637000108 ], [ 121.268543212000054, 14.527321676000156 ], [ 121.269662068000116, 14.527127092 ], [ 121.269791791000102, 14.527418968 ], [ 121.270002590000217, 14.527564905000077 ], [ 121.270570125000177, 14.527483829000118 ], [ 121.270764709000105, 14.527694628000063 ], [ 121.27097550800022, 14.528148655999985 ], [ 121.270797140000013, 14.528375671000049 ], [ 121.270472833000099, 14.528472962000023 ], [ 121.27029446500012, 14.528829699000141 ], [ 121.271380891000263, 14.529381020000187 ], [ 121.271543044000055, 14.529624249000165 ], [ 121.2713646750002, 14.530143139000074 ], [ 121.2713646750002, 14.530418799000131 ], [ 121.271867350000093, 14.53074310500017 ], [ 121.272159225000223, 14.531748454000137 ], [ 121.272645684000054, 14.532056545000103 ], [ 121.272824053000136, 14.532088975000136 ], [ 121.272856483000169, 14.532705157000123 ], [ 121.273213220000116, 14.533013248000145 ], [ 121.273310512000194, 14.533256477000123 ], [ 121.273764540000229, 14.533499706999976 ], [ 121.274137492000023, 14.533564568000088 ], [ 121.274380722000046, 14.533694290000028 ], [ 121.274867181000104, 14.534521271000131 ], [ 121.275272564000147, 14.534423979000053 ], [ 121.276034683000034, 14.533824013000185 ], [ 121.27663464900013, 14.533629429000086 ], [ 121.277104893000114, 14.533905089000143 ], [ 121.277494060000095, 14.534959084000036 ], [ 121.277834582000196, 14.535007730000132 ], [ 121.278110242000253, 14.534391548000144 ], [ 121.278450763000137, 14.534375333000128 ], [ 121.27872642400007, 14.534488840000051 ], [ 121.278937223000071, 14.535364467000079 ], [ 121.278823715000044, 14.535769849000076 ], [ 121.278369687, 14.536142800999983 ], [ 121.277510276000044, 14.535802280000155 ], [ 121.277429199000153, 14.536142800999983 ], [ 121.277737290000118, 14.536256308000077 ], [ 121.27794808900012, 14.536483323000141 ], [ 121.277672429000177, 14.536856275000048 ], [ 121.277364338000211, 14.536888705000081 ], [ 121.277056247000019, 14.536742767000078 ], [ 121.276780587000076, 14.536758983000027 ], [ 121.276683295000225, 14.53755353300005 ], [ 121.277104893000114, 14.538607527000181 ], [ 121.277364338000211, 14.538785896000093 ], [ 121.27780215100006, 14.53872103499998 ], [ 121.278223749000176, 14.538542666000069 ], [ 121.278596701000083, 14.538558882000189 ], [ 121.278921007000122, 14.538834542000075 ], [ 121.279391251000106, 14.538931834000095 ], [ 121.279634481000016, 14.539158848000056 ], [ 121.279553404000126, 14.539596661000132 ], [ 121.27924531300016, 14.540034474000038 ], [ 121.278921007000122, 14.540293919000078 ], [ 121.278499409, 14.540585795000084 ], [ 121.27770485900021, 14.540926316000139 ], [ 121.277283261000093, 14.540829024000061 ], [ 121.277088678000155, 14.540537149000158 ], [ 121.276829233000058, 14.54034256500006 ], [ 121.275467147000199, 14.541120900000067 ], [ 121.274964473000296, 14.541785727000104 ], [ 121.275142841000161, 14.542158679000011 ], [ 121.275142841000161, 14.542450555000187 ], [ 121.275077980000219, 14.542774861000055 ], [ 121.274786105000089, 14.543018089999975 ], [ 121.274769889000027, 14.543261320000056 ], [ 121.274867181000104, 14.54363427200019 ], [ 121.275126626000088, 14.544007224000097 ], [ 121.275045549000083, 14.54545038599997 ], [ 121.275532009000017, 14.545790907000026 ], [ 121.275726592000069, 14.546326012000122 ], [ 121.275411283000153, 14.54737847399997 ], [ 121.276385665000134, 14.548541366000109 ], [ 121.276815597000336, 14.549197289000119 ], [ 121.277138047000221, 14.549335088000078 ], [ 121.27852430400003, 14.549213825000038 ], [ 121.278904629000181, 14.549514226000156 ], [ 121.279136132000076, 14.551961536000135 ], [ 121.279546772000117, 14.552396980000083 ], [ 121.280029069000307, 14.553482836000057 ], [ 121.280202695000071, 14.554006472000026 ], [ 121.280246791000195, 14.55447774400011 ], [ 121.280538925000087, 14.554789170000163 ], [ 121.281012953000186, 14.554968309000117 ], [ 121.281241699000134, 14.555031696000128 ], [ 121.281668876000026, 14.55494350500004 ], [ 121.281842503000121, 14.554968309000117 ], [ 121.281913259000021, 14.555074826000123 ], [ 121.28194604600003, 14.556986135000102 ], [ 121.28185149900014, 14.557606383000063 ], [ 121.281883014000186, 14.557941927000115 ], [ 121.28217716100005, 14.558440156000074 ], [ 121.282923034000078, 14.559131576000084 ], [ 121.283427286, 14.559945007000124 ], [ 121.284215180000047, 14.560575415000073 ], [ 121.285255200000051, 14.561734547000071 ], [ 121.285454800000252, 14.562110755000106 ], [ 121.285423284000103, 14.562517464999985 ], [ 121.287089513000069, 14.57460409600003 ], [ 121.288120884000023, 14.57316473700007 ] ] ] } },
{ "type": "Feature", "properties": { "psgc_code": "0405803008", "name": "San Miguel", "region": "Region IV-A (Calabarzon)", "province": "Rizal", "municipality": "Baras", "barangay": "San Miguel", "level": "barangay" }, "geometry": { "type": "Polygon", "coordinates": [ [ [ 121.279280642000117, 14.530260092000105 ], [ 121.279907246000107, 14.52948687900016 ], [ 121.280793387000131, 14.527585538000096 ], [ 121.281584134000127, 14.526977360000046 ], [ 121.274145226000087, 14.523201367000183 ], [ 121.267372406000163, 14.522083740000028 ], [ 121.267325520000213, 14.522218857000098 ], [ 121.266621277000127, 14.521941566000123 ], [ 121.264126372000192, 14.520630084000175 ], [ 121.263952467000081, 14.521480221000047 ], [ 121.264500090000183, 14.521766387000127 ], [ 121.265506652000113, 14.521818681000184 ], [ 121.266091085000085, 14.52267592700008 ], [ 121.266437955000015, 14.522221049999985 ], [ 121.267236919000084, 14.522474189999969 ], [ 121.267270413, 14.522375964000048 ], [ 121.268268196, 14.522345045000066 ], [ 121.268705872000055, 14.522431249000078 ], [ 121.268975750000095, 14.523025113000188 ], [ 121.27206274300022, 14.523448801000086 ], [ 121.273084378000135, 14.524191189000021 ], [ 121.276001030000202, 14.527434290000031 ], [ 121.279280642000117, 14.530260092000105 ] ] ] } },
{ "type": "Feature", "properties": { "psgc_code": "0405803009", "name": "Mabini", "region": "Region IV-A (Calabarzon)", "province": "Rizal", "municipality": "Baras", "barangay": "Mabini", "level": "barangay" }, "geometry": { "type": "Polygon", "coordinates": [ [ [ 121.267473985000152, 14.521101323000153 ], [ 121.268922097000086, 14.520928028000128 ], [ 121.26838572500003, 14.516313535000165 ], [ 121.266246941000077, 14.511039970000184 ], [ 121.2694173000001, 14.509288347000108 ], [ 121.270990526000219, 14.507536477000087 ], [ 121.265961053000183, 14.507687739000175 ], [ 121.265962835000323, 14.506650297000135 ], [ 121.265707392000081, 14.507362531000126 ], [ 121.265501399000186, 14.508413465 ], [ 121.2654667810001, 14.509011543000099 ], [ 121.265533566000045, 14.509367727000097 ], [ 121.265526145000081, 14.510584689000098 ], [ 121.265778442000055, 14.512076209000043 ], [ 121.265771022000195, 14.51261790500007 ], [ 121.266223672000024, 14.514599179000072 ], [ 121.265530337000087, 14.51552934800003 ], [ 121.265335903000164, 14.515908116000105 ], [ 121.265166720000138, 14.516352536000113 ], [ 121.26503036400004, 14.51760499400018 ], [ 121.264805629000193, 14.518140319000111 ], [ 121.263707203000081, 14.519031685000186 ], [ 121.263540300000045, 14.519210500000099 ], [ 121.263520344000085, 14.519395302000135 ], [ 121.263754796000171, 14.519772285000158 ], [ 121.264267779000079, 14.52009223400006 ], [ 121.264352191000285, 14.520409808000068 ], [ 121.26562061900006, 14.52094184900011 ], [ 121.266831809000109, 14.521580525000047 ], [ 121.266995509000026, 14.521327879000069 ], [ 121.267498885000236, 14.521648498000047 ], [ 121.267473985000152, 14.521101323000153 ] ] ] } },
{ "type": "Feature", "properties": { "psgc_code": "0405803010", "name": "Pinugay", "region": "Region IV-A (Calabarzon)", "province": "Rizal", "municipality": "Baras", "barangay": "Pinugay", "level": "barangay" }, "geometry": { "type": "Polygon", "coordinates": [ [ [ 121.273504319000153, 14.634343706000038 ], [ 121.274623529000337, 14.632988872000055 ], [ 121.275006417000213, 14.632929967000052 ], [ 121.275271493000105, 14.633077231000129 ], [ 121.275683834, 14.6336957420001 ], [ 121.27606672200011, 14.633813554000028 ], [ 121.276950309000085, 14.632900514000028 ], [ 121.277300547000323, 14.632160642000088 ], [ 121.277664570000184, 14.632004395000024 ], [ 121.277863349000199, 14.632046379000144 ], [ 121.278036904000032, 14.632212170000059 ], [ 121.278305143000125, 14.632782702000043 ], [ 121.278717484000026, 14.633106683999983 ], [ 121.27945380600022, 14.633430665999981 ], [ 121.279618742000025, 14.63315577200018 ], [ 121.27995264800029, 14.633128565000106 ], [ 121.280190129000175, 14.63325394900005 ], [ 121.28089699900022, 14.632252550000032 ], [ 121.281309340000121, 14.631840209000131 ], [ 121.281515510000077, 14.631339509999975 ], [ 121.281338792000042, 14.630779904000065 ], [ 121.281574416000012, 14.63030865800016 ], [ 121.282192927000096, 14.630485375000092 ], [ 121.282516909000265, 14.630249752000054 ], [ 121.282840891000092, 14.629837411000153 ], [ 121.282045662000087, 14.628953824000121 ], [ 121.282134021000047, 14.628541483000049 ], [ 121.282664173000057, 14.628482578000046 ], [ 121.283047061000048, 14.628276407000101 ], [ 121.283017608000023, 14.627716802000066 ], [ 121.283724478000067, 14.627598990000138 ], [ 121.283960101000162, 14.627304461000165 ], [ 121.284000423000066, 14.626682106000089 ], [ 121.283841406000192, 14.626424650000104 ], [ 121.283663458000206, 14.626394361 ], [ 121.283448997000164, 14.626500369000098 ], [ 121.28302901200027, 14.626401881999982 ], [ 121.282592537000141, 14.626110898000093 ], [ 121.282026735000045, 14.625243335000164 ], [ 121.282069844000148, 14.624925409000127 ], [ 121.28222238, 14.624712605000127 ], [ 121.282693626000082, 14.624388623000129 ], [ 121.282988155000226, 14.623976283000104 ], [ 121.283371043000102, 14.623622848000082 ], [ 121.283812837000028, 14.623829018000094 ], [ 121.283930648000137, 14.624447529000065 ], [ 121.283930648000137, 14.624977681000018 ], [ 121.284284083000102, 14.625507834000132 ], [ 121.284578612000018, 14.625714004000088 ], [ 121.284990953000033, 14.625802363000048 ], [ 121.285491653, 14.625007134000043 ], [ 121.285167671000067, 14.624506435000114 ], [ 121.285020406000058, 14.624094094000043 ], [ 121.285079312000107, 14.623652301000163 ], [ 121.285276280000062, 14.623482095000099 ], [ 121.286964298000271, 14.623858471000176 ], [ 121.287788979000084, 14.623622848000082 ], [ 121.287879708000219, 14.623423913000067 ], [ 121.287553356000217, 14.623181054000156 ], [ 121.286728675000063, 14.62312214800005 ], [ 121.286640316000103, 14.622857072000158 ], [ 121.287347186000034, 14.622238561000074 ], [ 121.287612262000039, 14.62185567299997 ], [ 121.287825541000075, 14.62119773600017 ], [ 121.28777205200015, 14.620820323000146 ], [ 121.28786041, 14.620618142000183 ], [ 121.288089261000209, 14.620597920000137 ], [ 121.288208765000149, 14.620815825000136 ], [ 121.288849284000094, 14.621237162000057 ], [ 121.289139970000178, 14.621249179000074 ], [ 121.289328317000013, 14.62107667700019 ], [ 121.290168363000134, 14.621148652000045 ], [ 121.290345966000132, 14.620830063000028 ], [ 121.290330655000048, 14.620426457000065 ], [ 121.290172632, 14.620337108 ], [ 121.289795162000019, 14.62030696700009 ], [ 121.289661099000227, 14.620207562000132 ], [ 121.289644513000098, 14.619970686999977 ], [ 121.289635368000177, 14.619455059000131 ], [ 121.289840869000159, 14.61912930200009 ], [ 121.290075814000147, 14.618971791000149 ], [ 121.290872752000041, 14.619026075000022 ], [ 121.291207129000099, 14.61934528200004 ], [ 121.291522733000079, 14.619467151000094 ], [ 121.291564712000081, 14.61965595800018 ], [ 121.29113408600017, 14.620136296000112 ], [ 121.290999346000035, 14.620500839000158 ], [ 121.291205517000094, 14.620942633000141 ], [ 121.291588405000198, 14.62108989800015 ], [ 121.29194183900006, 14.621354974000042 ], [ 121.292000745000223, 14.621708409000064 ], [ 121.292475412000272, 14.622815479 ], [ 121.292560617000163, 14.622478234000084 ], [ 121.292758574000118, 14.622172449000118 ], [ 121.293051604000198, 14.622551735000059 ], [ 121.294122339000069, 14.622425281000062 ], [ 121.293944238000108, 14.621935792000158 ], [ 121.294125518000214, 14.621798310000145 ], [ 121.29449503100011, 14.622091546000036 ], [ 121.294825672000229, 14.622109871000077 ], [ 121.294990541000061, 14.621986564000053 ], [ 121.294819039000117, 14.621471882000151 ], [ 121.294863259000067, 14.621303006000176 ], [ 121.295011356000145, 14.621179312999971 ], [ 121.295332823000194, 14.621224093000137 ], [ 121.295746023000106, 14.621584319000078 ], [ 121.295915057000229, 14.621606316000054 ], [ 121.296039888000109, 14.62133808699997 ], [ 121.296138799000119, 14.62132892 ], [ 121.296539843000232, 14.621742982000171 ], [ 121.296679519, 14.62176683500013 ], [ 121.296809281000151, 14.622008399000038 ], [ 121.296751667000194, 14.622298170000079 ], [ 121.296885758000144, 14.62249470200004 ], [ 121.297089032000144, 14.62251881300017 ], [ 121.297398438000073, 14.622886540000138 ], [ 121.298284402000036, 14.622440149000056 ], [ 121.298544448000257, 14.622502476000136 ], [ 121.300504972000113, 14.617728978000059 ], [ 121.302922356000067, 14.616526867000175 ], [ 121.305984360000025, 14.608537793000096 ], [ 121.305205840000212, 14.608524670000179 ], [ 121.30410935000009, 14.606158911000136 ], [ 121.303011690000062, 14.604750108000189 ], [ 121.302463051000018, 14.603349733000016 ], [ 121.303070356000148, 14.601465611000094 ], [ 121.301831111000183, 14.600596113999984 ], [ 121.301046338000106, 14.601418547000094 ], [ 121.300663693000047, 14.600014117000057 ], [ 121.298855808000098, 14.599156908000111 ], [ 121.297955624000224, 14.597424635000039 ], [ 121.296101028000066, 14.596752178000088 ], [ 121.294789335000019, 14.595956014000137 ], [ 121.29454126600001, 14.594950401000176 ], [ 121.29529881700023, 14.59362719600017 ], [ 121.297692792000134, 14.591232320000074 ], [ 121.300473878000048, 14.589292109000041 ], [ 121.307306009000172, 14.591618136000022 ], [ 121.308761199000173, 14.591546515000061 ], [ 121.308983465000097, 14.590625701000079 ], [ 121.310221800000136, 14.590054162000115 ], [ 121.310285305000093, 14.589482622999981 ], [ 121.310698083000034, 14.58900634000014 ], [ 121.310729835000302, 14.587101208000036 ], [ 121.311491888000205, 14.58621214700014 ], [ 121.311523640000019, 14.585418342000082 ], [ 121.311295988000211, 14.585410262000096 ], [ 121.311130432000141, 14.58507915000007 ], [ 121.310799319000012, 14.584830816000135 ], [ 121.309695612000269, 14.584499703000176 ], [ 121.305443939000156, 14.577985903000183 ], [ 121.305348522000145, 14.57507854000005 ], [ 121.306268608000096, 14.572951736000107 ], [ 121.29697025400003, 14.572183057000188 ], [ 121.297200638000049, 14.571748261000096 ], [ 121.297437635000051, 14.570633542000166 ], [ 121.297475373000225, 14.569822237999972 ], [ 121.297398302000147, 14.569684764000158 ], [ 121.29610886200021, 14.568956220000132 ], [ 121.295282600000064, 14.568670426999972 ], [ 121.294884143000218, 14.568086845000039 ], [ 121.294497699000203, 14.567767063000019 ], [ 121.293832578000092, 14.567784948 ], [ 121.293597859000329, 14.567704312000103 ], [ 121.293392998000172, 14.567206315000021 ], [ 121.293386846000203, 14.566910945000075 ], [ 121.293238300000212, 14.567421600000159 ], [ 121.292936419000171, 14.569890780000151 ], [ 121.291719317000116, 14.569853643000044 ], [ 121.291384999000229, 14.570561808999969 ], [ 121.290606097000023, 14.571466555000086 ], [ 121.288149139000211, 14.572569188999978 ], [ 121.288002194000228, 14.57288126900005 ], [ 121.288120884000023, 14.57316473700007 ], [ 121.287089513000069, 14.57460409600003 ], [ 121.286668947000067, 14.5744779260001 ], [ 121.275451596000039, 14.575194378000049 ], [ 121.276316663000102, 14.575482734000104 ], [ 121.277239400000326, 14.576290129000029 ], [ 121.279719256000021, 14.578769985000065 ], [ 121.277585426000201, 14.580673130000037 ], [ 121.276316663000102, 14.581422854000095 ], [ 121.275220912000123, 14.582518605000075 ], [ 121.274461576000022, 14.582095684000137 ], [ 121.265243817000169, 14.586151882000024 ], [ 121.262468218000095, 14.587580477000188 ], [ 121.26358037500006, 14.589363762 ], [ 121.263478300000202, 14.590556500000105 ], [ 121.26414600000021, 14.590656300000035 ], [ 121.266725800000131, 14.590678800000148 ], [ 121.26719340000011, 14.590789400000062 ], [ 121.267882268000108, 14.591255772000068 ], [ 121.254473744000165, 14.610027706000039 ], [ 121.253954704000193, 14.611065786000097 ], [ 121.253781691000199, 14.611930852000114 ], [ 121.252484092000032, 14.613487971000097 ], [ 121.251272999000093, 14.615218103000075 ], [ 121.250234920000139, 14.617034741000055 ], [ 121.249283347000187, 14.618159327000058 ], [ 121.248331775000111, 14.618937887000186 ], [ 121.247207189000164, 14.619197407000115 ], [ 121.246774656000184, 14.61997596599997 ], [ 121.245650070000011, 14.620235486000126 ], [ 121.24521753700003, 14.621533085000124 ], [ 121.24461199100017, 14.62179260500011 ], [ 121.244352471000184, 14.623609244000022 ], [ 121.244525484000064, 14.624733830000025 ], [ 121.24292511200008, 14.626175606000118 ], [ 121.248649331000252, 14.627827267999976 ], [ 121.257977262000168, 14.624214790000053 ], [ 121.258584492000068, 14.623731932000055 ], [ 121.258908253000186, 14.624221423000165 ], [ 121.259184399000105, 14.625545953000142 ], [ 121.26105386100005, 14.626681340000061 ], [ 121.262223855000229, 14.627981878000185 ], [ 121.262488931, 14.627893519000054 ], [ 121.263554311, 14.626283123000064 ], [ 121.263912149000134, 14.626346017000117 ], [ 121.264638993000062, 14.627186650000112 ], [ 121.263932124000121, 14.628335313000036 ], [ 121.264462276000245, 14.628806560000044 ], [ 121.265345863000107, 14.628718201000083 ], [ 121.266288356000018, 14.628394219000086 ], [ 121.267083585000023, 14.628688748000059 ], [ 121.267306118000192, 14.628911281000057 ], [ 121.266965773000038, 14.629277806000118 ], [ 121.266435621000028, 14.629425071000128 ], [ 121.266052733000151, 14.629778505000047 ], [ 121.265993827000102, 14.630014129000187 ], [ 121.266141092000112, 14.630426469000042 ], [ 121.266523980000102, 14.630662093000183 ], [ 121.267348661000028, 14.630367564000039 ], [ 121.268114437, 14.629807958000072 ], [ 121.269263100000103, 14.630279205000079 ], [ 121.269734347000281, 14.629984676000163 ], [ 121.270146687000079, 14.629955223000138 ], [ 121.270382311000049, 14.630367564000039 ], [ 121.270411763000197, 14.630956622000099 ], [ 121.270529575000182, 14.631339509999975 ], [ 121.270971369000108, 14.631516227000134 ], [ 121.271089180000217, 14.631722397000146 ], [ 121.271324804000187, 14.631634039000119 ], [ 121.271530974000029, 14.63181075600005 ], [ 121.272326203000148, 14.631280604000096 ], [ 121.272915261000207, 14.631427868 ], [ 121.273710489000109, 14.631103886 ], [ 121.274001394000152, 14.631077956000183 ], [ 121.274194643000214, 14.631232554 ], [ 121.274211189000198, 14.631516227000134 ], [ 121.273946112000203, 14.631840209000131 ], [ 121.273474866000242, 14.631958021000116 ], [ 121.273091978000025, 14.632340909000163 ], [ 121.273180337000099, 14.632782702000043 ], [ 121.272944714000118, 14.63325394900005 ], [ 121.272885808000183, 14.633931366000013 ], [ 121.272532373000331, 14.634196442000132 ], [ 121.272679637000124, 14.634490971000048 ], [ 121.273327601, 14.634697141000061 ], [ 121.273504319000153, 14.634343706000038 ] ] ] } },
{ "type": "Feature", "properties": { "psgc_code": "0405804001", "name": "Bangad", "region": "Region IV-A (Calabarzon)", "province": "Rizal", "municipality": "Binangonan", "barangay": "Bangad", "level": "barangay" }, "geometry": { "type": "Polygon", "coordinates": [ [ [ 121.223696272000211, 14.373606132000191 ], [ 121.224041745000136, 14.373393533000126 ], [ 121.225028306000127, 14.373588819000076 ], [ 121.227191505000292, 14.373385646000088 ], [ 121.227230731000191, 14.373180934000175 ], [ 121.22778880300018, 14.373048060000031 ], [ 121.229127627000139, 14.37301515300004 ], [ 121.229043968000042, 14.373278083000116 ], [ 121.230095689000109, 14.373242229000027 ], [ 121.230258098000149, 14.370393485000022 ], [ 121.229976175000161, 14.367433861000109 ], [ 121.229545925000025, 14.367660937000096 ], [ 121.229282995000176, 14.367660937000096 ], [ 121.228709329000139, 14.36739800700019 ], [ 121.227538095000227, 14.367063369 ], [ 121.227418581000052, 14.366788487000179 ], [ 121.226546130000088, 14.366991660000053 ], [ 121.226319054000101, 14.367266542000038 ], [ 121.225864902000012, 14.367517521000082 ], [ 121.225601972000163, 14.366931904000069 ], [ 121.225004403000185, 14.366585314000133 ], [ 121.224801230000139, 14.367135077000057 ], [ 121.223749509000072, 14.367768500000182 ], [ 121.223367065000048, 14.367553375000057 ], [ 121.223426822000079, 14.366931904000069 ], [ 121.221371616000056, 14.366895545000148 ], [ 121.221379751000086, 14.367227417000095 ], [ 121.221306223000056, 14.36722402099997 ], [ 121.221369635000201, 14.367613412000139 ], [ 121.221253552000235, 14.369436264000171 ], [ 121.221147548000204, 14.369983906000186 ], [ 121.220871783, 14.370569919000047 ], [ 121.220862602000011, 14.370873804000098 ], [ 121.220864885000196, 14.371442082000044 ], [ 121.221085734000212, 14.371800557000086 ], [ 121.221362511000279, 14.373275561000128 ], [ 121.222686427000099, 14.373287234000088 ], [ 121.223333082000181, 14.373712432000104 ], [ 121.223696272000211, 14.373606132000191 ] ] ] } },
{ "type": "Feature", "properties": { "psgc_code": "0405804002", "name": "Batingan", "region": "Region IV-A (Calabarzon)", "province": "Rizal", "municipality": "Binangonan", "barangay": "Batingan", "level": "barangay" }, "geometry": { "type": "Polygon", "coordinates": [ [ [ 121.192420382000023, 14.478790316000072 ], [ 121.193624158000034, 14.477694269999972 ], [ 121.194681838000065, 14.477011896000022 ], [ 121.195787284000062, 14.476541058000123 ], [ 121.196974615000045, 14.476309051000044 ], [ 121.1976644450001, 14.476227064999989 ], [ 121.197675711000102, 14.476357946000121 ], [ 121.198086694000267, 14.476523198999985 ], [ 121.19822924000016, 14.476375668000117 ], [ 121.198908933000212, 14.476815802000147 ], [ 121.199361158000215, 14.476787887000057 ], [ 121.199550981000016, 14.477228946000025 ], [ 121.199969707000037, 14.477122868000151 ], [ 121.200377268000125, 14.477206613000078 ], [ 121.200539175000245, 14.477055872000108 ], [ 121.200483345000066, 14.476854883000101 ], [ 121.200578256000199, 14.476765555000156 ], [ 121.200929208000275, 14.47685001900004 ], [ 121.201181223000049, 14.476570149000167 ], [ 121.201940513000068, 14.476397076000126 ], [ 121.20223083000019, 14.476229585000056 ], [ 121.20249509100006, 14.475891754000088 ], [ 121.2022357190001, 14.47566079600017 ], [ 121.204187309000076, 14.475456082999983 ], [ 121.204678618000344, 14.475558440000043 ], [ 121.206070661000012, 14.476131634000012 ], [ 121.207576249000226, 14.476544231000162 ], [ 121.207942457000172, 14.475355931000081 ], [ 121.207809381000175, 14.474851247000061 ], [ 121.208168435000175, 14.474627779 ], [ 121.207731869000099, 14.473679216000164 ], [ 121.20714415000009, 14.473380329 ], [ 121.205904964000069, 14.473042437000117 ], [ 121.206031174000032, 14.472732379000036 ], [ 121.204801895000173, 14.470591776000106 ], [ 121.204562806000013, 14.470434194000063 ], [ 121.204215041000111, 14.470341819000168 ], [ 121.204003121000142, 14.469879943000137 ], [ 121.203671657000086, 14.469505008000112 ], [ 121.203568414000188, 14.469445236000126 ], [ 121.203090236000207, 14.469706060000021 ], [ 121.202785941000116, 14.469749531000161 ], [ 121.202644661000022, 14.469874509000022 ], [ 121.202421874000152, 14.469917980000162 ], [ 121.202286028000117, 14.470075561000158 ], [ 121.202185194000094, 14.469902280000099 ], [ 121.201997704000064, 14.470044318000134 ], [ 121.201838622000196, 14.469907962000036 ], [ 121.201707947000159, 14.46996477700003 ], [ 121.201531820000014, 14.470561336000117 ], [ 121.201440916000024, 14.470629514000052 ], [ 121.201230700000224, 14.47061815100011 ], [ 121.200923898000042, 14.470851093000022 ], [ 121.200645504000249, 14.470674966000104 ], [ 121.200656867000021, 14.47037384600003 ], [ 121.200440970000045, 14.469896599000094 ], [ 121.20029893200001, 14.469890917000157 ], [ 121.199821685000074, 14.469589797000083 ], [ 121.199486475000185, 14.469527300000152 ], [ 121.199134222000112, 14.468930741000122 ], [ 121.198992184000076, 14.468839837000019 ], [ 121.198117231000083, 14.468828474000077 ], [ 121.19776497700002, 14.468135330000109 ], [ 121.197069355000053, 14.467711434000023 ], [ 121.196650172000091, 14.467567340000187 ], [ 121.196571575000235, 14.467449444000181 ], [ 121.196261554000102, 14.46739704700002 ], [ 121.196169858000303, 14.467445078000026 ], [ 121.196030130000281, 14.467781298000091 ], [ 121.195680811000102, 14.467842429000086 ], [ 121.195401355000058, 14.468034554000099 ], [ 121.195300926000186, 14.468178649000038 ], [ 121.195375156000068, 14.468257245000132 ], [ 121.195314026, 14.468353308000189 ], [ 121.195043303000261, 14.46841007300003 ], [ 121.194925408000017, 14.468362041000091 ], [ 121.194686001000036, 14.469015286000058 ], [ 121.194276932000207, 14.469174368000097 ], [ 121.193692427000087, 14.469218419000072 ], [ 121.194111891000148, 14.469613249000076 ], [ 121.193708598000057, 14.469796697000163 ], [ 121.193637574000036, 14.470020101000159 ], [ 121.193028765, 14.470073208000031 ], [ 121.191620315000023, 14.469928006000089 ], [ 121.191719742000032, 14.470380398000032 ], [ 121.191988194000032, 14.470738335000078 ], [ 121.192316303000098, 14.471439294999982 ], [ 121.192783610000106, 14.471961287 ], [ 121.193648732000042, 14.472338665000166 ], [ 121.19379286100002, 14.47295901300015 ], [ 121.194036796000205, 14.473393287000022 ], [ 121.192500409000218, 14.475336608000134 ], [ 121.192052877000151, 14.477095299000098 ], [ 121.192358199000182, 14.478023379000149 ], [ 121.192420382000023, 14.478790316000072 ] ] ] } },
{ "type": "Feature", "properties": { "psgc_code": "0405804003", "name": "Bilibiran", "region": "Region IV-A (Calabarzon)", "province": "Rizal", "municipality": "Binangonan", "barangay": "Bilibiran", "level": "barangay" }, "geometry": { "type": "Polygon", "coordinates": [ [ [ 121.175901644000191, 14.503400144000068 ], [ 121.176266286000327, 14.503223634000051 ], [ 121.176612067000065, 14.503260153000156 ], [ 121.177163, 14.502885323000044 ], [ 121.177867508000304, 14.502805781 ], [ 121.178197035000153, 14.502873960000045 ], [ 121.178316347000077, 14.502788737 ], [ 121.178447022000114, 14.502510343000097 ], [ 121.178975403000095, 14.502328534000071 ], [ 121.178802551000103, 14.501857509000047 ], [ 121.178756965000048, 14.501155485000083 ], [ 121.178469773000302, 14.500777122000102 ], [ 121.178199052000195, 14.500224877000164 ], [ 121.178656630000091, 14.499474870000029 ], [ 121.178610062000075, 14.49898854200012 ], [ 121.178382379000027, 14.498806935000061 ], [ 121.179423734000125, 14.498363448000077 ], [ 121.17974227000002, 14.497727026000177 ], [ 121.179780304000133, 14.497422552000046 ], [ 121.17887478800003, 14.497138966000023 ], [ 121.178546045000076, 14.496635042000037 ], [ 121.178393063000044, 14.496562341000185 ], [ 121.17806831900009, 14.496575843000073 ], [ 121.177528484000163, 14.496178674000134 ], [ 121.177386132000265, 14.496035979000169 ], [ 121.177759130000027, 14.495694774000071 ], [ 121.1775533120001, 14.495322892000047 ], [ 121.177421474000198, 14.495410784 ], [ 121.177163230000133, 14.495096973000102 ], [ 121.177010709000228, 14.495183695000151 ], [ 121.176812413000107, 14.495150247000026 ], [ 121.176517754000201, 14.494683169000098 ], [ 121.176379666000116, 14.494829252000045 ], [ 121.176229633000048, 14.494743417000109 ], [ 121.175713367000185, 14.495124548000149 ], [ 121.175058408000041, 14.496039405999966 ], [ 121.174054470000101, 14.496741275000034 ], [ 121.172523624000064, 14.497544176000133 ], [ 121.170583481000108, 14.498908986000117 ], [ 121.170339721000119, 14.499025365000023 ], [ 121.169396186000199, 14.498939158000098 ], [ 121.169111637000015, 14.499094644000024 ], [ 121.168882336000138, 14.499092856 ], [ 121.1682243260002, 14.498732887000187 ], [ 121.167792700000177, 14.498729519000051 ], [ 121.167688656000109, 14.498903661000099 ], [ 121.168272853000076, 14.499786057000108 ], [ 121.168733055000075, 14.500229215000161 ], [ 121.169167691000212, 14.500928041000066 ], [ 121.16986651700006, 14.501183710000191 ], [ 121.170250019000036, 14.501192232 ], [ 121.170471598000177, 14.501030309000043 ], [ 121.170812489000014, 14.500433750000127 ], [ 121.171110768000062, 14.500143993000052 ], [ 121.171374959000218, 14.50005877000018 ], [ 121.171664716000123, 14.500186604000135 ], [ 121.172218663000194, 14.500996220000104 ], [ 121.17406799600019, 14.501396766000028 ], [ 121.174170263000065, 14.501592778000088 ], [ 121.174161741000034, 14.501933669000152 ], [ 121.174374798000144, 14.502070026000183 ], [ 121.174886134000189, 14.502121159000012 ], [ 121.175581011000077, 14.502974084000186 ], [ 121.1757256100002, 14.503278413000032 ], [ 121.175901644000191, 14.503400144000068 ] ] ] } },
{ "type": "Feature", "properties": { "psgc_code": "0405804004", "name": "Binitagan", "region": "Region IV-A (Calabarzon)", "province": "Rizal", "municipality": "Binangonan", "barangay": "Binitagan", "level": "barangay" }, "geometry": { "type": "Polygon", "coordinates": [ [ [ 121.235308953000299, 14.312948826000138 ], [ 121.232914588000199, 14.312988936000067 ], [ 121.230261186, 14.31318755500007 ], [ 121.229137588000071, 14.31156420700006 ], [ 121.22877535300006, 14.311644703000127 ], [ 121.227301813000054, 14.310560512000052 ], [ 121.226418434000038, 14.310871092000184 ], [ 121.226200251000023, 14.311041265000142 ], [ 121.225813785000014, 14.311930424000082 ], [ 121.224914538000121, 14.313397232000113 ], [ 121.224656812000148, 14.316337032000149 ], [ 121.225974825000208, 14.316089401 ], [ 121.226819207000062, 14.315574856000183 ], [ 121.227993425000022, 14.316155368000068 ], [ 121.227821910000102, 14.316274110000109 ], [ 121.228059392000091, 14.316643527000053 ], [ 121.228639905000023, 14.316946976000168 ], [ 121.22920722400022, 14.316498398000022 ], [ 121.231898691000083, 14.318173968999986 ], [ 121.235308953000299, 14.312948826000138 ] ] ] } },
{ "type": "Feature", "properties": { "psgc_code": "0405804005", "name": "Bombong", "region": "Region IV-A (Calabarzon)", "province": "Rizal", "municipality": "Binangonan", "barangay": "Bombong", "level": "barangay" }, "geometry": { "type": "Polygon", "coordinates": [ [ [ 121.224897914000167, 14.397528908000027 ], [ 121.226303963000078, 14.397368 ], [ 121.227309595000293, 14.39618704500009 ], [ 121.22762918, 14.395675709000045 ], [ 121.227399079000065, 14.395368907999966 ], [ 121.227335162000031, 14.394947055000159 ], [ 121.227590830000054, 14.394678604000092 ], [ 121.22762918, 14.394052217000024 ], [ 121.227501346000054, 14.392109140000116 ], [ 121.227833714000099, 14.391099251000128 ], [ 121.227908675000094, 14.389192052000169 ], [ 121.226133522000055, 14.389232874000129 ], [ 121.224944665000066, 14.389015556000118 ], [ 121.224838733000183, 14.388717009000175 ], [ 121.223404850000065, 14.388697094000065 ], [ 121.223461790000215, 14.38900277200014 ], [ 121.222607143000232, 14.389127603000077 ], [ 121.221632413000066, 14.389135224000086 ], [ 121.221373517000302, 14.388936074000128 ], [ 121.220029276000218, 14.389243172000135 ], [ 121.220019714000159, 14.389137828000116 ], [ 121.219861882000032, 14.389394230000164 ], [ 121.219858217000024, 14.389856739000152 ], [ 121.220154084000228, 14.391015312000036 ], [ 121.2201651270002, 14.391332563000049 ], [ 121.220697539000184, 14.391726425000115 ], [ 121.221863805000226, 14.391688946000158 ], [ 121.221948055000098, 14.39217854900005 ], [ 121.222101659000032, 14.39247044200016 ], [ 121.22210009000014, 14.39266866100013 ], [ 121.221901525000135, 14.392918260000101 ], [ 121.221858657000098, 14.393195460000072 ], [ 121.221992449000027, 14.393421127000011 ], [ 121.222105413000122, 14.394565107000176 ], [ 121.221226004000073, 14.395186220000141 ], [ 121.221218729000157, 14.396104633 ], [ 121.220920602000092, 14.396732114000145 ], [ 121.223746725000069, 14.396908725000117 ], [ 121.223577816000216, 14.397589278 ], [ 121.224648802000161, 14.397890216000064 ], [ 121.224897914000167, 14.397528908000027 ] ] ] } },
{ "type": "Feature", "properties": { "psgc_code": "0405804006", "name": "Buhangin", "region": "Region IV-A (Calabarzon)", "province": "Rizal", "municipality": "Binangonan", "barangay": "Buhangin", "level": "barangay" }, "geometry": { "type": "Polygon", "coordinates": [ [ [ 121.223749509000072, 14.367768500000182 ], [ 121.224801230000139, 14.367135077000057 ], [ 121.225004403000185, 14.366585314000133 ], [ 121.225601972000163, 14.366931904000069 ], [ 121.225864902000012, 14.367517521000082 ], [ 121.226319054000101, 14.367266542000038 ], [ 121.226546130000088, 14.366991660000053 ], [ 121.227418581000052, 14.366788487000179 ], [ 121.227538095000227, 14.367063369 ], [ 121.228709329000139, 14.36739800700019 ], [ 121.229282995000176, 14.367660937000096 ], [ 121.229545925000025, 14.367660937000096 ], [ 121.229976175000161, 14.367433861000109 ], [ 121.229497505000154, 14.36245245300006 ], [ 121.229817479000189, 14.360932112000114 ], [ 121.229717922000191, 14.358028368000021 ], [ 121.229072415000132, 14.358689619000131 ], [ 121.228458396000065, 14.358437714000161 ], [ 121.227498008000339, 14.359587032000036 ], [ 121.226836756000012, 14.359980633000191 ], [ 121.226096785000095, 14.360106586000029 ], [ 121.225592974000278, 14.359461079000027 ], [ 121.224947467000106, 14.359870425000111 ], [ 121.224774282000226, 14.360311259000184 ], [ 121.224254728, 14.36035849100017 ], [ 121.224018567000144, 14.359964889000139 ], [ 121.223672197000042, 14.359854681000058 ], [ 121.223609221000061, 14.359287894000147 ], [ 121.222255230000201, 14.359587032000036 ], [ 121.220099732000335, 14.359300142999984 ], [ 121.219968232000156, 14.360545862000151 ], [ 121.220227279000142, 14.361215187000028 ], [ 121.220265228000017, 14.361559072000148 ], [ 121.22015297300004, 14.362040591000095 ], [ 121.219836135000151, 14.36267915600007 ], [ 121.219805732000168, 14.363095212000019 ], [ 121.22030236500018, 14.363720067000145 ], [ 121.220346726000344, 14.364110254000025 ], [ 121.220250219000263, 14.364314368 ], [ 121.220341344000076, 14.364790807000077 ], [ 121.221114810000131, 14.36640889600011 ], [ 121.221306223000056, 14.36722402099997 ], [ 121.221379751000086, 14.367227417000095 ], [ 121.221389679000026, 14.366878223000128 ], [ 121.223426822000079, 14.366931904000069 ], [ 121.223367065000048, 14.367553375000057 ], [ 121.223749509000072, 14.367768500000182 ] ] ] } },
{ "type": "Feature", "properties": { "psgc_code": "0405804007", "name": "Calumpang", "region": "Region IV-A (Calabarzon)", "province": "Rizal", "municipality": "Binangonan", "barangay": "Calumpang", "level": "barangay" }, "geometry": { "type": "Polygon", "coordinates": [ [ [ 121.183421047000024, 14.487121337000076 ], [ 121.183940905000213, 14.486993503000178 ], [ 121.1841198730001, 14.486882713000057 ], [ 121.18433293000021, 14.486567390000175 ], [ 121.184622687000115, 14.486575911999978 ], [ 121.184733476000133, 14.486678179000023 ], [ 121.185074367000198, 14.486226499000111 ], [ 121.185372647, 14.486090142000137 ], [ 121.185560136000163, 14.486124232000122 ], [ 121.185781715000076, 14.486439555000175 ], [ 121.18648054200014, 14.48644807800008 ], [ 121.186864044000231, 14.486567390000175 ], [ 121.186957789000076, 14.486661134000087 ], [ 121.186974833000022, 14.486874191000084 ], [ 121.187060056000064, 14.486899758000163 ], [ 121.187204934000192, 14.486601479000058 ], [ 121.187264590000154, 14.486175365000179 ], [ 121.18735833500034, 14.486056053000027 ], [ 121.187503214000117, 14.48603048700005 ], [ 121.187758882000026, 14.486158321000175 ], [ 121.187895238000124, 14.486107187000187 ], [ 121.188014550000048, 14.485638462000054 ], [ 121.188321352000344, 14.485382794000031 ], [ 121.188346919000082, 14.485144171000115 ], [ 121.188611109000249, 14.484675446000153 ], [ 121.189534853000168, 14.484577144000184 ], [ 121.190084749000107, 14.484353537000061 ], [ 121.190874864000079, 14.483753834000083 ], [ 121.190519356000095, 14.480969666000135 ], [ 121.191457547000027, 14.480559190000065 ], [ 121.191892183000164, 14.48046544500005 ], [ 121.192054106000114, 14.480218299 ], [ 121.192028539000034, 14.480005242000061 ], [ 121.192147851000186, 14.479664351 ], [ 121.193055948000051, 14.478877541000088 ], [ 121.192559654000206, 14.478656418000014 ], [ 121.192420382000023, 14.478790316000072 ], [ 121.192358199000182, 14.478023379000149 ], [ 121.192052877000151, 14.477095299000098 ], [ 121.192500409000218, 14.475336608000134 ], [ 121.194036796000205, 14.473393287000022 ], [ 121.19379286100002, 14.47295901300015 ], [ 121.193648732000042, 14.472338665000166 ], [ 121.192783610000106, 14.471961287 ], [ 121.192316303000098, 14.471439294999982 ], [ 121.191988194000032, 14.470738335000078 ], [ 121.191719742000032, 14.470380398000032 ], [ 121.191620315000023, 14.469928006000089 ], [ 121.192673737000177, 14.470015412000066 ], [ 121.192529334000028, 14.469543326000064 ], [ 121.192629294000085, 14.469145960000048 ], [ 121.192867917000058, 14.468770981000034 ], [ 121.192959630000246, 14.468272459000161 ], [ 121.19229892400017, 14.467973870000037 ], [ 121.191797042000189, 14.46796116500019 ], [ 121.19161280700007, 14.467802340999981 ], [ 121.19158739500017, 14.46749740000007 ], [ 121.191206219000037, 14.467446577000032 ], [ 121.190844101000266, 14.467275047000044 ], [ 121.190697984000167, 14.467046341000128 ], [ 121.190653513000143, 14.466347518000134 ], [ 121.190526454000064, 14.466303048000043 ], [ 121.190157984000052, 14.466252224000073 ], [ 121.189858728000218, 14.466367611000123 ], [ 121.189496346000055, 14.466694482999969 ], [ 121.189256106000244, 14.466738575000079 ], [ 121.187756629000091, 14.465922142000124 ], [ 121.186545865000085, 14.465605566000022 ], [ 121.185607246000131, 14.465744415000074 ], [ 121.185068511000054, 14.465727753000124 ], [ 121.184690842, 14.465300098000171 ], [ 121.184366051000211, 14.46420845900019 ], [ 121.184500608000235, 14.464198565000061 ], [ 121.184059269000045, 14.464094844000101 ], [ 121.183334642000091, 14.463642416000141 ], [ 121.182776467000167, 14.464282073000049 ], [ 121.183461384000225, 14.464642201000174 ], [ 121.183550660000151, 14.465273715000023 ], [ 121.183208799000226, 14.465849331000072 ], [ 121.182651687000089, 14.466357574000085 ], [ 121.182500343000015, 14.466724386000067 ], [ 121.182524749000095, 14.467039986999964 ], [ 121.182777144000056, 14.467515055000035 ], [ 121.182965527000192, 14.467569079000043 ], [ 121.183789486000023, 14.46741773500014 ], [ 121.184612163000111, 14.467424084000072 ], [ 121.185203861000105, 14.467638925000131 ], [ 121.185309191000101, 14.467955150000137 ], [ 121.185396337000043, 14.468849491000128 ], [ 121.185334917000091, 14.469768971000178 ], [ 121.185454481000193, 14.46999331100011 ], [ 121.185844634000091, 14.470114600000102 ], [ 121.186828949000073, 14.470148474000041 ], [ 121.187042176000205, 14.470465531000059 ], [ 121.187359670000205, 14.471230226000046 ], [ 121.187619485000141, 14.472454453000125 ], [ 121.187665539000022, 14.473427330000106 ], [ 121.1874964860001, 14.475975616000085 ], [ 121.186916581000219, 14.477627061000021 ], [ 121.185802331000218, 14.48029947200007 ], [ 121.185084105000101, 14.482370392000178 ], [ 121.184768335000058, 14.483051347000128 ], [ 121.183124582000119, 14.484484283000029 ], [ 121.183082408000132, 14.484694232000095 ], [ 121.182836742000063, 14.485047171000076 ], [ 121.182448596000086, 14.485328126000127 ], [ 121.182672742000022, 14.48627813100012 ], [ 121.182508637000183, 14.48638821100019 ], [ 121.18176719100029, 14.48620479900012 ], [ 121.183250601000282, 14.487070203000144 ], [ 121.183421047000024, 14.487121337000076 ] ] ] } },
{ "type": "Feature", "properties": { "psgc_code": "0405804009", "name": "Ginoong Sanay", "region": "Region IV-A (Calabarzon)", "province": "Rizal", "municipality": "Binangonan", "barangay": "Ginoong Sanay", "level": "barangay" }, "geometry": { "type": "Polygon", "coordinates": [ [ [ 121.228579739000224, 14.325720500000102 ], [ 121.230536357000119, 14.323414446000072 ], [ 121.231898691000083, 14.318173968999986 ], [ 121.22920722400022, 14.316498398000022 ], [ 121.228639905000023, 14.316946976000168 ], [ 121.228059392000091, 14.316643527000053 ], [ 121.227821910000102, 14.316274110000109 ], [ 121.227993425000022, 14.316155368000068 ], [ 121.226819207000062, 14.315574856000183 ], [ 121.225974825000208, 14.316089401 ], [ 121.224656812000148, 14.316337032000149 ], [ 121.224494015000232, 14.317755194000085 ], [ 121.224291944000129, 14.318460710000181 ], [ 121.224363833000098, 14.318798241000138 ], [ 121.224342070000034, 14.319842100000074 ], [ 121.224683351000067, 14.320393093000121 ], [ 121.225719796000135, 14.321306098999969 ], [ 121.226071053000169, 14.322313098999985 ], [ 121.226111582000044, 14.323192231000064 ], [ 121.226051399000085, 14.323951671000032 ], [ 121.225509201000023, 14.324819839000099 ], [ 121.224593491000064, 14.324925324000048 ], [ 121.224393857000109, 14.325462855000183 ], [ 121.224617245000104, 14.32556224200016 ], [ 121.224597526000025, 14.325747106000165 ], [ 121.225075428000082, 14.32605561500003 ], [ 121.225611500000014, 14.325971143000174 ], [ 121.226280778000046, 14.32610110000013 ], [ 121.228579739000224, 14.325720500000102 ] ] ] } },
{ "type": "Feature", "properties": { "psgc_code": "0405804010", "name": "Gulod", "region": "Region IV-A (Calabarzon)", "province": "Rizal", "municipality": "Binangonan", "barangay": "Gulod", "level": "barangay" }, "geometry": { "type": "Polygon", "coordinates": [ [ [ 121.214624572000162, 14.350620553000056 ], [ 121.214965789000189, 14.350325776999966 ], [ 121.215169158000094, 14.350320701000101 ], [ 121.215847252000231, 14.349734064000131 ], [ 121.21590741600005, 14.349595709000141 ], [ 121.216002461000016, 14.349638932000062 ], [ 121.216499361000047, 14.349242526000126 ], [ 121.217198865000228, 14.348151523000013 ], [ 121.219601675000035, 14.346667838000087 ], [ 121.220628725000324, 14.34824509200007 ], [ 121.224865305000208, 14.346044272000029 ], [ 121.227689691000137, 14.346851239000102 ], [ 121.229303627000263, 14.346777879000058 ], [ 121.228713202000222, 14.344704197000056 ], [ 121.229336367000087, 14.343207250000148 ], [ 121.21908514200004, 14.343658318000166 ], [ 121.218489866000027, 14.343772707000085 ], [ 121.217308750000029, 14.343556159000116 ], [ 121.217700999000044, 14.343384861000175 ], [ 121.217739249000033, 14.343314618000136 ], [ 121.217617819000111, 14.343240149999986 ], [ 121.21707933800019, 14.343608447000179 ], [ 121.216948537000121, 14.343865162000043 ], [ 121.216898693000076, 14.344168741000033 ], [ 121.21708921600009, 14.344930060000024 ], [ 121.216770256000018, 14.345839523000052 ], [ 121.215258521000123, 14.34674000800004 ], [ 121.215142316000197, 14.346864679000134 ], [ 121.215050654000038, 14.34731331200004 ], [ 121.214600536000262, 14.347666737000054 ], [ 121.21458038500009, 14.348499154000081 ], [ 121.21408693, 14.349189243000069 ], [ 121.214017273000081, 14.349426594000079 ], [ 121.214049797000257, 14.349598640000124 ], [ 121.214425759000278, 14.350050795000129 ], [ 121.214462076000018, 14.350599505000048 ], [ 121.214624572000162, 14.350620553000056 ] ] ] } },
{ "type": "Feature", "properties": { "psgc_code": "0405804011", "name": "Habagatan", "region": "Region IV-A (Calabarzon)", "province": "Rizal", "municipality": "Binangonan", "barangay": "Habagatan", "level": "barangay" }, "geometry": { "type": "MultiPolygon", "coordinates": [ [ [ [ 121.233422915, 14.305763978000186 ], [ 121.233886888000143, 14.305379383000059 ], [ 121.234490613000048, 14.305687953000017 ], [ 121.236499675000232, 14.305117769000105 ], [ 121.234932226000296, 14.300914056000181 ], [ 121.235500713000192, 14.297642487000132 ], [ 121.235302678000039, 14.296665651000126 ], [ 121.235114131000159, 14.29617367200018 ], [ 121.236465679000048, 14.295943114000124 ], [ 121.236680336000177, 14.296002741000166 ], [ 121.237026057000094, 14.295764482000095 ], [ 121.237873634000152, 14.295440506000091 ], [ 121.238840141000082, 14.29546868500006 ], [ 121.2392055480002, 14.295557933000111 ], [ 121.239469205000091, 14.295804114000191 ], [ 121.239690274000168, 14.296061977000079 ], [ 121.23976452300019, 14.296333511000171 ], [ 121.240213353000058, 14.296818993000045 ], [ 121.240401814000052, 14.296497391000059 ], [ 121.240410337000185, 14.296272789000113 ], [ 121.240149684000016, 14.295808315000045 ], [ 121.240150713000162, 14.295676167000124 ], [ 121.240513833000023, 14.295163445000185 ], [ 121.240518767000026, 14.294529134000186 ], [ 121.240034262000222, 14.294096043000138 ], [ 121.240045613, 14.29350803400007 ], [ 121.239407947000018, 14.292730203000133 ], [ 121.238808727000105, 14.292236791000164 ], [ 121.238590020000061, 14.291607432000035 ], [ 121.237813509000034, 14.29125807700018 ], [ 121.237787230000094, 14.291152158000045 ], [ 121.238007238000023, 14.290744105000101 ], [ 121.238010530000111, 14.290321230000188 ], [ 121.237870355000155, 14.290049272999966 ], [ 121.237305536, 14.289490035000085 ], [ 121.237324871000169, 14.287877879000064 ], [ 121.237402282000062, 14.287508416000151 ], [ 121.237297220000073, 14.28707813200009 ], [ 121.237209294000081, 14.287057657000105 ], [ 121.236944642000026, 14.287108558000114 ], [ 121.236772631000122, 14.287444281000091 ], [ 121.236715494000237, 14.287820501000112 ], [ 121.23674832100005, 14.288825128000042 ], [ 121.236597665000204, 14.289028852 ], [ 121.236533441, 14.289444667000055 ], [ 121.236671659000081, 14.289967706000084 ], [ 121.236712393000062, 14.290827020000108 ], [ 121.235994525000024, 14.291647672000181 ], [ 121.235989219000089, 14.292328233999967 ], [ 121.235502639000174, 14.293031657000029 ], [ 121.235509801000035, 14.293851075000134 ], [ 121.234670575000109, 14.294591526000033 ], [ 121.234458416000052, 14.294860871000026 ], [ 121.234161906000168, 14.295519447000174 ], [ 121.233827217000112, 14.295860566000044 ], [ 121.233916916000112, 14.296522010000047 ], [ 121.233491611000204, 14.297186235000026 ], [ 121.233399657000064, 14.297681135000119 ], [ 121.233229386000062, 14.297792201999982 ], [ 121.232959907000122, 14.297591967000017 ], [ 121.232621122000069, 14.297589448999986 ], [ 121.232204343000149, 14.298029072000077 ], [ 121.231616096000039, 14.297866112000065 ], [ 121.231358051000029, 14.297936879000133 ], [ 121.231473916000027, 14.29871745600019 ], [ 121.231315387000109, 14.299059881000176 ], [ 121.231319114000144, 14.299449767000112 ], [ 121.232109198000103, 14.300664863000065 ], [ 121.232046512000124, 14.300882454000089 ], [ 121.231541588000027, 14.301328025999965 ], [ 121.231465555000113, 14.301519086000155 ], [ 121.231378129000177, 14.302563922000104 ], [ 121.232271159000106, 14.303368182000042 ], [ 121.232054472000073, 14.304113797000184 ], [ 121.233000307000111, 14.304798018000042 ], [ 121.232859438000219, 14.305381619000116 ], [ 121.233422915, 14.305763978000186 ] ] ], [ [ [ 121.249089286000185, 14.299163367 ], [ 121.248142272000109, 14.297934637000139 ], [ 121.24781337200011, 14.297657215000129 ], [ 121.247690675000172, 14.297668268000052 ], [ 121.247232592000046, 14.298238803000061 ], [ 121.246949676000099, 14.298356283000032 ], [ 121.245405328000174, 14.298285110999984 ], [ 121.245011510000268, 14.298473508000029 ], [ 121.244678159000159, 14.298769960000072 ], [ 121.244499092000183, 14.299397798000143 ], [ 121.249089286000185, 14.299163367 ] ] ] ] } },
{ "type": "Feature", "properties": { "psgc_code": "0405804012", "name": "Ithan", "region": "Region IV-A (Calabarzon)", "province": "Rizal", "municipality": "Binangonan", "barangay": "Ithan", "level": "barangay" }, "geometry": { "type": "MultiPolygon", "coordinates": [ [ [ [ 121.217558525000186, 14.43007518200011 ], [ 121.216545623000343, 14.426595549000069 ], [ 121.215337892000207, 14.426529216000176 ], [ 121.214171168000121, 14.426846383000054 ], [ 121.214091876000111, 14.427231516 ], [ 121.213321611000083, 14.427265498000168 ], [ 121.213061081000205, 14.426846383000054 ], [ 121.212709931000063, 14.426801074000082 ], [ 121.212370108000073, 14.426970985000025 ], [ 121.212279489000025, 14.427809214000035 ], [ 121.211486569000272, 14.427956471000073 ], [ 121.210897543000215, 14.427729922000026 ], [ 121.210353827000176, 14.427797887000054 ], [ 121.209526925000091, 14.428217001000121 ], [ 121.208983209000053, 14.428352930000074 ], [ 121.208881262000091, 14.428647443000045 ], [ 121.208099670000252, 14.429032576000168 ], [ 121.207929759000194, 14.428941956000131 ], [ 121.20585882100022, 14.429212461000077 ], [ 121.205837552000162, 14.429121918000135 ], [ 121.205763773000172, 14.429122290000123 ], [ 121.205685607000078, 14.429376086 ], [ 121.205804737000221, 14.429819371000178 ], [ 121.206134039000062, 14.430060997999988 ], [ 121.207201009000073, 14.43010498100017 ], [ 121.207972799000117, 14.430242365000026 ], [ 121.208463492000192, 14.430246093000108 ], [ 121.209252235, 14.429797750000091 ], [ 121.20990383700007, 14.429623355000103 ], [ 121.210737632000018, 14.429677507000179 ], [ 121.211092049000172, 14.429847582000093 ], [ 121.21182625300014, 14.429890098000101 ], [ 121.212518319000196, 14.429676866000023 ], [ 121.212889753000013, 14.429739266000013 ], [ 121.21305889000007, 14.430251985000098 ], [ 121.21311220500013, 14.430970641000044 ], [ 121.213222099000177, 14.431324570000129 ], [ 121.213130723000063, 14.431676973000037 ], [ 121.212732224000092, 14.432176134000031 ], [ 121.211443863000113, 14.433202110000025 ], [ 121.20917025100016, 14.435233216000029 ], [ 121.210111506000089, 14.435852251000028 ], [ 121.209202617000301, 14.436766525000166 ], [ 121.210914621000029, 14.43802184700013 ], [ 121.212931908000087, 14.437442009000108 ], [ 121.216980984000088, 14.43309980700019 ], [ 121.217441707000035, 14.432224434000148 ], [ 121.217558525000186, 14.43007518200011 ] ] ], [ [ [ 121.202709162000133, 14.431274812000083 ], [ 121.202443831000096, 14.431272789000161 ], [ 121.202390248000029, 14.431480386000032 ], [ 121.202825511000015, 14.431871604000094 ], [ 121.203285968000046, 14.431998791000012 ], [ 121.203517773000158, 14.431865635 ], [ 121.203518720000147, 14.431747586000085 ], [ 121.203123467000069, 14.431578946 ], [ 121.202709162000133, 14.431274812000083 ] ] ] ] } },
{ "type": "Feature", "properties": { "psgc_code": "0405804013", "name": "Janosa", "region": "Region IV-A (Calabarzon)", "province": "Rizal", "municipality": "Binangonan", "barangay": "Janosa", "level": "barangay" }, "geometry": { "type": "Polygon", "coordinates": [ [ [ 121.224774282000226, 14.360311259000184 ], [ 121.224947467000106, 14.359870425000111 ], [ 121.225592974000278, 14.359461079000027 ], [ 121.226096785000095, 14.360106586000029 ], [ 121.226836756000012, 14.359980633000191 ], [ 121.227498008000339, 14.359587032000036 ], [ 121.228458396000065, 14.358437714000161 ], [ 121.229072415000132, 14.358689619000131 ], [ 121.229717922000191, 14.358028368000021 ], [ 121.229731407000145, 14.352049850000071 ], [ 121.219029543000033, 14.351602097000068 ], [ 121.218689828000038, 14.35164890600015 ], [ 121.218517950000205, 14.352014071000042 ], [ 121.21808072500005, 14.352313645000152 ], [ 121.217957158000218, 14.352662015000021 ], [ 121.217749396000045, 14.352928035 ], [ 121.217135390000067, 14.353127683000025 ], [ 121.217241022000053, 14.354010171000027 ], [ 121.217461851000166, 14.354368648000104 ], [ 121.217610167000316, 14.354468878000034 ], [ 121.218583076000073, 14.354859441000087 ], [ 121.21878679800011, 14.355667111000173 ], [ 121.219581098000049, 14.356360282000026 ], [ 121.219679311000277, 14.356797128000096 ], [ 121.219607985000039, 14.357245915000021 ], [ 121.22008338500018, 14.357982941999978 ], [ 121.220099732000335, 14.359300142999984 ], [ 121.222255230000201, 14.359587032000036 ], [ 121.223609221000061, 14.359287894000147 ], [ 121.223672197000042, 14.359854681000058 ], [ 121.224018567000144, 14.359964889000139 ], [ 121.224254728, 14.36035849100017 ], [ 121.224774282000226, 14.360311259000184 ] ] ] } },
{ "type": "Feature", "properties": { "psgc_code": "0405804014", "name": "Kalawaan", "region": "Region IV-A (Calabarzon)", "province": "Rizal", "municipality": "Binangonan", "barangay": "Kalawaan", "level": "barangay" }, "geometry": { "type": "Polygon", "coordinates": [ [ [ 121.204158727000049, 14.521334138000157 ], [ 121.204476867000267, 14.520145792000051 ], [ 121.204416046000119, 14.519411264000041 ], [ 121.20464061500013, 14.5191165170001 ], [ 121.205740068000068, 14.518709485000159 ], [ 121.206142421000095, 14.518452166000088 ], [ 121.206998591000229, 14.518835805000094 ], [ 121.207316731000219, 14.518793699000184 ], [ 121.20745708700008, 14.518681414000071 ], [ 121.207569371000204, 14.517853315000025 ], [ 121.207349481000051, 14.516613506 ], [ 121.207405623000113, 14.515785407000124 ], [ 121.207480479000083, 14.515663766000102 ], [ 121.207784584000137, 14.515514053000061 ], [ 121.208977607000179, 14.515654409000149 ], [ 121.209557744000108, 14.515514053000061 ], [ 121.209815063000178, 14.515369019000161 ], [ 121.210100453000337, 14.514868417000116 ], [ 121.21017998800005, 14.514545598000154 ], [ 121.210147238000218, 14.513581822000162 ], [ 121.210451342000169, 14.513006364000148 ], [ 121.210329701000092, 14.512187622000113 ], [ 121.210371808000104, 14.511785269000086 ], [ 121.210437307, 14.511649591999969 ], [ 121.21059169800003, 14.511593449000031 ], [ 121.211290232000124, 14.511942993 ], [ 121.211608131000048, 14.511227361000124 ], [ 121.211620570000036, 14.510747477000052 ], [ 121.211280456000054, 14.510718845000156 ], [ 121.210856472000273, 14.510391874 ], [ 121.210257928000146, 14.510324496000123 ], [ 121.210313607000217, 14.509839373000034 ], [ 121.210076973000014, 14.509812422000039 ], [ 121.209373144000097, 14.510846667000067 ], [ 121.205766488000108, 14.503652702000181 ], [ 121.205911977000028, 14.503588678000028 ], [ 121.206083919000207, 14.50323014300011 ], [ 121.205978109000171, 14.502538682000022 ], [ 121.205989247000161, 14.501584277 ], [ 121.205771439000046, 14.501168461000077 ], [ 121.204480851000085, 14.500487517000067 ], [ 121.193992931000025, 14.494256649000022 ], [ 121.19476472000008, 14.487875009000106 ], [ 121.193542913000101, 14.485506156000099 ], [ 121.19316588200013, 14.485052044000042 ], [ 121.192738009000095, 14.483581115999982 ], [ 121.192385409000053, 14.482918896000115 ], [ 121.191718557000172, 14.483004448000088 ], [ 121.190544080000222, 14.484060511000166 ], [ 121.190084749000107, 14.484353537000061 ], [ 121.189534853000168, 14.484577144000184 ], [ 121.188611109000249, 14.484675446000153 ], [ 121.188346919000082, 14.485144171000115 ], [ 121.188321352000344, 14.485382794000031 ], [ 121.188014550000048, 14.485638462000054 ], [ 121.187895238000124, 14.486107187000187 ], [ 121.187758882000026, 14.486158321000175 ], [ 121.187503214000117, 14.48603048700005 ], [ 121.18735833500034, 14.486056053000027 ], [ 121.187264590000154, 14.486175365000179 ], [ 121.187204934000192, 14.486601479000058 ], [ 121.187060056000064, 14.486899758000163 ], [ 121.186974833000022, 14.486874191000084 ], [ 121.186957789000076, 14.486661134000087 ], [ 121.186864044000231, 14.486567390000175 ], [ 121.18648054200014, 14.48644807800008 ], [ 121.185781715000076, 14.486439555000175 ], [ 121.185560136000163, 14.486124232000122 ], [ 121.185372647, 14.486090142000137 ], [ 121.185074367000198, 14.486226499000111 ], [ 121.184733476000133, 14.486678179000023 ], [ 121.184622687000115, 14.486575911999978 ], [ 121.18433293000021, 14.486567390000175 ], [ 121.1841198730001, 14.486882713000057 ], [ 121.183940905000213, 14.486993503000178 ], [ 121.183421047000024, 14.487121337000076 ], [ 121.183250601000282, 14.487070203000144 ], [ 121.18176719100029, 14.48620479900012 ], [ 121.182508637000183, 14.48638821100019 ], [ 121.182672742000022, 14.48627813100012 ], [ 121.182448596000086, 14.485328126000127 ], [ 121.182213315000126, 14.485410329999979 ], [ 121.181628529000022, 14.485997202000078 ], [ 121.181531973, 14.486259298000107 ], [ 121.181013550000216, 14.486978103000126 ], [ 121.17887295100013, 14.48813117300017 ], [ 121.17860072800022, 14.488431331000129 ], [ 121.178598582000063, 14.488694158000101 ], [ 121.178903781000031, 14.489588133000098 ], [ 121.180986211000118, 14.490783779000083 ], [ 121.18113109, 14.490979791000143 ], [ 121.181685037000079, 14.491388860000143 ], [ 121.182290118000083, 14.491661573000044 ], [ 121.18240943, 14.492096209000124 ], [ 121.182111151000186, 14.492394488 ], [ 121.182077062000076, 14.492599022000093 ], [ 121.182631009000033, 14.493195581000123 ], [ 121.182775888000037, 14.493621695000058 ], [ 121.182963378000068, 14.493698395000024 ], [ 121.183346558000153, 14.493334635999986 ], [ 121.183575242000074, 14.493370620000121 ], [ 121.183597968000186, 14.493548641000018 ], [ 121.183757050000168, 14.493658483000047 ], [ 121.184272174000171, 14.493798627000103 ], [ 121.184120667000116, 14.493969073000187 ], [ 121.18408657800012, 14.494143306000126 ], [ 121.184268386000213, 14.494181182999966 ], [ 121.184552462000056, 14.494063765000021 ], [ 121.184582763000208, 14.49415088100011 ], [ 121.18491986700019, 14.494143306000126 ], [ 121.185226668000269, 14.494575101000066 ], [ 121.185499381000227, 14.494457683000121 ], [ 121.185559984000179, 14.494654642000171 ], [ 121.185828909000065, 14.494946293000055 ], [ 121.185874361000174, 14.495143252000105 ], [ 121.186078895000037, 14.495279607999976 ], [ 121.186147073000143, 14.495559896000088 ], [ 121.186063745000183, 14.496018205000098 ], [ 121.186184950000325, 14.496120472000143 ], [ 121.186181162000025, 14.496328795000011 ], [ 121.186461450000138, 14.496203800999979 ], [ 121.186514478000049, 14.496256829000117 ], [ 121.186450087000026, 14.497010576000037 ], [ 121.186737951000168, 14.497453734000146 ], [ 121.187025814000094, 14.498207481000065 ], [ 121.187184896000076, 14.498226420000094 ], [ 121.187256862000027, 14.498495345000038 ], [ 121.189264194000202, 14.499251261999973 ], [ 121.193427154, 14.501814435000085 ], [ 121.194012257000054, 14.506537895000065 ], [ 121.194448274000138, 14.50740382400005 ], [ 121.194409681000025, 14.507980118000148 ], [ 121.194296717000157, 14.508107817000109 ], [ 121.194194333000041, 14.50878890000007 ], [ 121.194479357000318, 14.510651198000176 ], [ 121.196674740000162, 14.510365597999964 ], [ 121.197723634000113, 14.511877957000138 ], [ 121.198067241000217, 14.5185940880001 ], [ 121.200225004000117, 14.519269649000137 ], [ 121.200547660000325, 14.520741767000061 ], [ 121.202806252000187, 14.520751850000124 ], [ 121.204037085000095, 14.521493207000105 ], [ 121.204158727000049, 14.521334138000157 ] ] ] } },
{ "type": "Feature", "properties": { "psgc_code": "0405804015", "name": "Kalinawan", "region": "Region IV-A (Calabarzon)", "province": "Rizal", "municipality": "Binangonan", "barangay": "Kalinawan", "level": "barangay" }, "geometry": { "type": "Polygon", "coordinates": [ [ [ 121.207929759000194, 14.428941956000131 ], [ 121.208099670000252, 14.429032576000168 ], [ 121.20842816600009, 14.428919301000121 ], [ 121.208881262000091, 14.428647443000045 ], [ 121.208983209000053, 14.428352930000074 ], [ 121.209526925000091, 14.428217001000121 ], [ 121.210353827000176, 14.427797887000054 ], [ 121.210897543000215, 14.427729922000026 ], [ 121.211486569000272, 14.427956471000073 ], [ 121.212279489000025, 14.427809214000035 ], [ 121.212370108000073, 14.426970985000025 ], [ 121.212709931000063, 14.426801074000082 ], [ 121.213061081000205, 14.426846383000054 ], [ 121.213321611000083, 14.427265498000168 ], [ 121.214091876000111, 14.427231516 ], [ 121.214171168000121, 14.426846383000054 ], [ 121.215337892000207, 14.426529216000176 ], [ 121.216545623000343, 14.426595549000069 ], [ 121.215611880000097, 14.423121217000187 ], [ 121.21567153400008, 14.422853563000047 ], [ 121.216123798000012, 14.422719940000093 ], [ 121.215969617000155, 14.421712625000168 ], [ 121.21503070000017, 14.421985640000116 ], [ 121.214422233000164, 14.422640030000082 ], [ 121.211953920000155, 14.422628549000081 ], [ 121.210874751000119, 14.422088965000057 ], [ 121.208578646000092, 14.422180809 ], [ 121.208369118000178, 14.421725870000103 ], [ 121.208119390000093, 14.421814325000071 ], [ 121.207994432000078, 14.422090424000089 ], [ 121.208121421000214, 14.422368435000067 ], [ 121.208138586000132, 14.422645612 ], [ 121.208057086000281, 14.423142418000054 ], [ 121.207919963000222, 14.423323975000073 ], [ 121.206757339000092, 14.424095909000187 ], [ 121.206093410000221, 14.425176605000104 ], [ 121.206139416000042, 14.425559551000163 ], [ 121.206686362000028, 14.426197386000069 ], [ 121.206684161000112, 14.426472360999981 ], [ 121.206523540000035, 14.426614613000027 ], [ 121.206708738000088, 14.426882519000173 ], [ 121.206925349000016, 14.426889445000029 ], [ 121.206949063000025, 14.426633594000123 ], [ 121.207279432000064, 14.426300888000128 ], [ 121.207627580000121, 14.426453986000183 ], [ 121.207828333000066, 14.427088992000108 ], [ 121.207644141000173, 14.42838666300014 ], [ 121.207581370000185, 14.428565528999968 ], [ 121.207470391000015, 14.428636422000068 ], [ 121.20603349500027, 14.428828751000083 ], [ 121.205873255000029, 14.428923181000073 ], [ 121.205763773000172, 14.429122290000123 ], [ 121.205837552000162, 14.429121918000135 ], [ 121.20585882100022, 14.429212461000077 ], [ 121.207929759000194, 14.428941956000131 ] ] ] } },
{ "type": "Feature", "properties": { "psgc_code": "0405804016", "name": "Kasile", "region": "Region IV-A (Calabarzon)", "province": "Rizal", "municipality": "Binangonan", "barangay": "Kasile", "level": "barangay" }, "geometry": { "type": "Polygon", "coordinates": [ [ [ 121.223830103000182, 14.401919217000057 ], [ 121.225011064000114, 14.401833347999968 ], [ 121.225102658000083, 14.40162525400018 ], [ 121.225350948000028, 14.401585903000012 ], [ 121.225154207000173, 14.40043008400005 ], [ 121.225652759000013, 14.399337103000107 ], [ 121.22640058800016, 14.398934426000096 ], [ 121.226303963000078, 14.397368 ], [ 121.224897914000167, 14.397528908000027 ], [ 121.224648802000161, 14.397890216000064 ], [ 121.223577816000216, 14.397589278 ], [ 121.223746725000069, 14.396908725000117 ], [ 121.220920602000092, 14.396732114000145 ], [ 121.220736529000192, 14.39707233200005 ], [ 121.220483675000082, 14.397328128000083 ], [ 121.219972657000085, 14.397654663000026 ], [ 121.220034912000301, 14.399207936000039 ], [ 121.220556506000094, 14.399258118000091 ], [ 121.220912688000112, 14.399650654000027 ], [ 121.221509111000159, 14.399668359000032 ], [ 121.221724827000116, 14.399821959000121 ], [ 121.221729302000199, 14.400112730999979 ], [ 121.221557897000139, 14.400355925000042 ], [ 121.221555175000049, 14.400699504000158 ], [ 121.221702528000264, 14.400925273999974 ], [ 121.221617204000154, 14.401426816000082 ], [ 121.221670230000086, 14.401579192000099 ], [ 121.22200035000003, 14.401839376000112 ], [ 121.222142128000087, 14.401913127000114 ], [ 121.222474342000169, 14.401909020000062 ], [ 121.223533247000091, 14.401738578000163 ], [ 121.223830103000182, 14.401919217000057 ] ] ] } },
{ "type": "Feature", "properties": { "psgc_code": "0405804017", "name": "Kaytome", "region": "Region IV-A (Calabarzon)", "province": "Rizal", "municipality": "Binangonan", "barangay": "Kaytome", "level": "barangay" }, "geometry": { "type": "Polygon", "coordinates": [ [ [ 121.217135390000067, 14.353127683000025 ], [ 121.217749396000045, 14.352928035 ], [ 121.217957158000218, 14.352662015000021 ], [ 121.21808072500005, 14.352313645000152 ], [ 121.218517950000205, 14.352014071000042 ], [ 121.218689828000038, 14.35164890600015 ], [ 121.219029543000033, 14.351602097000068 ], [ 121.229731407000145, 14.352049850000071 ], [ 121.230029495000281, 14.349475589000178 ], [ 121.229303627000263, 14.346777879000058 ], [ 121.227689691000137, 14.346851239000102 ], [ 121.224865305000208, 14.346044272000029 ], [ 121.220628725000324, 14.34824509200007 ], [ 121.219601675000035, 14.346667838000087 ], [ 121.217198865000228, 14.348151523000013 ], [ 121.216499361000047, 14.349242526000126 ], [ 121.216002461000016, 14.349638932000062 ], [ 121.215873975000022, 14.349623371000121 ], [ 121.215847252000231, 14.349734064000131 ], [ 121.21631217800018, 14.349767652000082 ], [ 121.216608807000057, 14.349968115000081 ], [ 121.217209239000226, 14.351175232 ], [ 121.217352273000301, 14.351942800000131 ], [ 121.216926642000203, 14.352626798000017 ], [ 121.217135390000067, 14.353127683000025 ] ] ] } },
{ "type": "Feature", "properties": { "psgc_code": "0405804018", "name": "Kinaboogan", "region": "Region IV-A (Calabarzon)", "province": "Rizal", "municipality": "Binangonan", "barangay": "Kinaboogan", "level": "barangay" }, "geometry": { "type": "Polygon", "coordinates": [ [ [ 121.222910364000199, 14.384820128000058 ], [ 121.223664585000165, 14.383759105000138 ], [ 121.224060870000017, 14.383056018000104 ], [ 121.225364778000085, 14.381624277000071 ], [ 121.227512389000026, 14.382033344999968 ], [ 121.228062076000128, 14.382276230000116 ], [ 121.228420011000026, 14.382033344999968 ], [ 121.229100616000096, 14.382523733000028 ], [ 121.229739898000048, 14.380339544000094 ], [ 121.230095689000109, 14.373242229000027 ], [ 121.229043968000042, 14.373278083000116 ], [ 121.229127627000139, 14.37301515300004 ], [ 121.22778880300018, 14.373048060000031 ], [ 121.227230731000191, 14.373180934000175 ], [ 121.227191505000292, 14.373385646000088 ], [ 121.225028306000127, 14.373588819000076 ], [ 121.224041745000136, 14.373393533000126 ], [ 121.223696272000211, 14.373606132000191 ], [ 121.223333082000181, 14.373712432000104 ], [ 121.222686427000099, 14.373287234000088 ], [ 121.221362511000279, 14.373275561000128 ], [ 121.221444357000109, 14.373593938000056 ], [ 121.221392000000151, 14.374214667 ], [ 121.221260449000056, 14.374563886000033 ], [ 121.220857047000209, 14.375003569000114 ], [ 121.220901285000309, 14.376265971000066 ], [ 121.220617877000109, 14.377816647000145 ], [ 121.220551519000196, 14.379349131000083 ], [ 121.220410726000182, 14.380008841000176 ], [ 121.220398927000133, 14.380643090000149 ], [ 121.22059015800005, 14.381318513000167 ], [ 121.220594007000159, 14.381688573000076 ], [ 121.220344917000148, 14.382327644999975 ], [ 121.22023118200002, 14.382994165000071 ], [ 121.220278814000039, 14.383827091000057 ], [ 121.220399465000014, 14.384164482000187 ], [ 121.22072806500023, 14.383989015000168 ], [ 121.220662932000096, 14.383833182000103 ], [ 121.221682200000032, 14.383782998000072 ], [ 121.222232844000132, 14.385011879000047 ], [ 121.222667479000052, 14.385050229 ], [ 121.222910364000199, 14.384820128000058 ] ] ] } },
{ "type": "Feature", "properties": { "psgc_code": "0405804019", "name": "Kinagatan", "region": "Region IV-A (Calabarzon)", "province": "Rizal", "municipality": "Binangonan", "barangay": "Kinagatan", "level": "barangay" }, "geometry": { "type": "Polygon", "coordinates": [ [ [ 121.221373517000302, 14.388936074000128 ], [ 121.221632413000066, 14.389135224000086 ], [ 121.222607143000232, 14.389127603000077 ], [ 121.223461790000215, 14.38900277200014 ], [ 121.223404850000065, 14.388697094000065 ], [ 121.224838733000183, 14.388717009000175 ], [ 121.224944665000066, 14.389015556000118 ], [ 121.225481568000305, 14.389156173000117 ], [ 121.226133522000055, 14.389232874000129 ], [ 121.227908675000094, 14.389192052000169 ], [ 121.228017648000218, 14.387500421000084 ], [ 121.229100616000096, 14.382523733000028 ], [ 121.228420011000026, 14.382033344999968 ], [ 121.228062076000128, 14.382276230000116 ], [ 121.227512389000026, 14.382033344999968 ], [ 121.225364778000085, 14.381624277000071 ], [ 121.224060870000017, 14.383056018000104 ], [ 121.223664585000165, 14.383759105000138 ], [ 121.222910364000199, 14.384820128000058 ], [ 121.222667479000052, 14.385050229 ], [ 121.222232844000132, 14.385011879000047 ], [ 121.221682200000032, 14.383782998000072 ], [ 121.220662932000096, 14.383833182000103 ], [ 121.22072806500023, 14.383989015000168 ], [ 121.220399465000014, 14.384164482000187 ], [ 121.220917390000182, 14.385364879000122 ], [ 121.221080362000293, 14.386185458000057 ], [ 121.22103686700018, 14.386541946000079 ], [ 121.220770628000082, 14.386777819000145 ], [ 121.220664819000149, 14.387299030000179 ], [ 121.221034281000129, 14.387724702000071 ], [ 121.221372885000051, 14.387766896000187 ], [ 121.22161291000009, 14.387913027000081 ], [ 121.220812140000135, 14.388383799000167 ], [ 121.220019714000159, 14.389137828000116 ], [ 121.220029276000218, 14.389243172000135 ], [ 121.221373517000302, 14.388936074000128 ] ] ] } },
{ "type": "Feature", "properties": { "psgc_code": "0405804020", "name": "Libis (Pob.)", "region": "Region IV-A (Calabarzon)", "province": "Rizal", "municipality": "Binangonan", "barangay": "Libis (Pob.)", "level": "barangay" }, "geometry": { "type": "Polygon", "coordinates": [ [ [ 121.189496346000055, 14.466694482999969 ], [ 121.189858728000218, 14.466367611000123 ], [ 121.190157984000052, 14.466252224000073 ], [ 121.190653513000143, 14.466347518000134 ], [ 121.190709421000179, 14.466585594000151 ], [ 121.193505906000155, 14.465681470000106 ], [ 121.19345406900004, 14.465355638000119 ], [ 121.193209695000064, 14.465229748000013 ], [ 121.193317071000251, 14.464959455000155 ], [ 121.193250220000095, 14.464630287000091 ], [ 121.191839941000239, 14.462540128000057 ], [ 121.191754216000163, 14.462593920000074 ], [ 121.191695758000151, 14.462852404000159 ], [ 121.191160903000196, 14.463272003000156 ], [ 121.19096803900004, 14.463223441000025 ], [ 121.190720082000098, 14.463017527000034 ], [ 121.190283535000049, 14.46305494 ], [ 121.190014512000289, 14.463181344000191 ], [ 121.189367915000162, 14.463084374000175 ], [ 121.188881131000016, 14.463238335000028 ], [ 121.187774403000162, 14.463334952000082 ], [ 121.185041635000175, 14.464365267000176 ], [ 121.184785395000063, 14.464363290000108 ], [ 121.184500608000235, 14.464198565000061 ], [ 121.184366051000211, 14.46420845900019 ], [ 121.184690842, 14.465300098000171 ], [ 121.185068511000054, 14.465727753000124 ], [ 121.185607246000131, 14.465744415000074 ], [ 121.186545865000085, 14.465605566000022 ], [ 121.187756629000091, 14.465922142000124 ], [ 121.189256106000244, 14.466738575000079 ], [ 121.189496346000055, 14.466694482999969 ] ] ] } },
{ "type": "Feature", "properties": { "psgc_code": "0405804021", "name": "Limbon-limbon", "region": "Region IV-A (Calabarzon)", "province": "Rizal", "municipality": "Binangonan", "barangay": "Limbon-limbon", "level": "barangay" }, "geometry": { "type": "Polygon", "coordinates": [ [ [ 121.202110005, 14.443071785000143 ], [ 121.202502759000026, 14.443089328000099 ], [ 121.20334914700004, 14.442848714999968 ], [ 121.204798326000173, 14.442606654000087 ], [ 121.20671490400025, 14.441833350000081 ], [ 121.209893477000264, 14.43866469000011 ], [ 121.210914621000029, 14.43802184700013 ], [ 121.209202617000301, 14.436766525000166 ], [ 121.210111506000089, 14.435852251000028 ], [ 121.20917025100016, 14.435233216000029 ], [ 121.209011022000027, 14.435380677000069 ], [ 121.20817398600002, 14.436347289000082 ], [ 121.207798552000213, 14.436980005000066 ], [ 121.207659424000099, 14.437261423000052 ], [ 121.207481493000046, 14.438366433 ], [ 121.207326009000099, 14.438679112000045 ], [ 121.206732623000221, 14.439380787000118 ], [ 121.206470839000076, 14.439896666000038 ], [ 121.205700573000058, 14.440565605000074 ], [ 121.204862688000162, 14.440629843000067 ], [ 121.204694243000176, 14.440550095000049 ], [ 121.204542656000285, 14.44037631600014 ], [ 121.204059596000093, 14.439368279000121 ], [ 121.204037143000164, 14.439156250999986 ], [ 121.203868259000046, 14.439131425000085 ], [ 121.203154032000157, 14.439840015000073 ], [ 121.202170474000127, 14.439997290000065 ], [ 121.202024860000165, 14.440082491000055 ], [ 121.20179608900014, 14.440496612000118 ], [ 121.20131012100012, 14.440853843000127 ], [ 121.200454303000015, 14.441145477000077 ], [ 121.200432838000097, 14.441812267000046 ], [ 121.199897044000181, 14.442357430000072 ], [ 121.199822816000051, 14.442576566000128 ], [ 121.199972633000129, 14.442970036000133 ], [ 121.200413808000121, 14.443177416000083 ], [ 121.201596769000048, 14.443257066000115 ], [ 121.201935238000033, 14.443435429000033 ], [ 121.202110005, 14.443071785000143 ] ] ] } },
{ "type": "Feature", "properties": { "psgc_code": "0405804022", "name": "Lunsad", "region": "Region IV-A (Calabarzon)", "province": "Rizal", "municipality": "Binangonan", "barangay": "Lunsad", "level": "barangay" }, "geometry": { "type": "Polygon", "coordinates": [ [ [ 121.194758340000021, 14.462616323000077 ], [ 121.194932225000116, 14.462305379000099 ], [ 121.195597202000044, 14.462542490000089 ], [ 121.195845976000328, 14.461364190000097 ], [ 121.196945349000089, 14.461218260000123 ], [ 121.197112007000214, 14.461051602 ], [ 121.197468049, 14.460896308000144 ], [ 121.197801364000156, 14.460862219000035 ], [ 121.198436142000105, 14.46086761100014 ], [ 121.198492957000099, 14.461113810000029 ], [ 121.198602521000225, 14.461211024000079 ], [ 121.198919971, 14.461022066000055 ], [ 121.199672300000202, 14.461385188000065 ], [ 121.200539006000099, 14.460857973000088 ], [ 121.201008351000155, 14.460194426000157 ], [ 121.201553600000238, 14.46010809500018 ], [ 121.201767156000187, 14.459467427000106 ], [ 121.20178533100011, 14.459013052000103 ], [ 121.201862575000177, 14.458967615000176 ], [ 121.201817137000148, 14.458813127000155 ], [ 121.201871662000144, 14.458740428000112 ], [ 121.202117024000017, 14.458713165000063 ], [ 121.202126112000201, 14.45845871500012 ], [ 121.202216987000156, 14.458408733999988 ], [ 121.202303318000077, 14.458113390999983 ], [ 121.202189724000164, 14.45786802900011 ], [ 121.202271512000152, 14.457686279000029 ], [ 121.202684992000059, 14.457597676000034 ], [ 121.202943986000037, 14.457315964000031 ], [ 121.20366808100016, 14.45743518800009 ], [ 121.203838414000074, 14.457608860000107 ], [ 121.20478025400007, 14.457602181000141 ], [ 121.204966173000116, 14.457202511000105 ], [ 121.204972853000072, 14.456948681000085 ], [ 121.20480919900001, 14.456658114000106 ], [ 121.20476912100014, 14.455719612999985 ], [ 121.205548291000127, 14.45447207899997 ], [ 121.204467997000052, 14.453275404000181 ], [ 121.20259919800003, 14.454107489000023 ], [ 121.201397558000167, 14.454056355000034 ], [ 121.201205807000179, 14.45349388600016 ], [ 121.199811505000071, 14.453499779000026 ], [ 121.19940151000003, 14.452120127000057 ], [ 121.196743477000041, 14.450215617000026 ], [ 121.196433919000015, 14.450459921 ], [ 121.195586174000141, 14.45074374800015 ], [ 121.194417509000345, 14.450883874 ], [ 121.194826170000169, 14.451130249000073 ], [ 121.194873402000326, 14.451264001000084 ], [ 121.195955922000053, 14.451821550000147 ], [ 121.196046527000135, 14.45256766100016 ], [ 121.195208108000088, 14.454687636000131 ], [ 121.194857835000221, 14.45518712500018 ], [ 121.194307410000079, 14.455543843000044 ], [ 121.192797570000039, 14.456050126000093 ], [ 121.192676225000014, 14.456119813000043 ], [ 121.192610480000099, 14.45628408400006 ], [ 121.193806372000154, 14.456764051000107 ], [ 121.194084314000065, 14.457244819000096 ], [ 121.194063775000018, 14.458790419000081 ], [ 121.193567162000249, 14.46045790800008 ], [ 121.193386471000167, 14.460895924000113 ], [ 121.193091400000185, 14.461323094000079 ], [ 121.193166979000125, 14.461482368000134 ], [ 121.193086071000153, 14.461564102000125 ], [ 121.193376601000068, 14.461859289000131 ], [ 121.194758340000021, 14.462616323000077 ] ] ] } },
{ "type": "Feature", "properties": { "psgc_code": "0405804023", "name": "Mahabang Parang", "region": "Region IV-A (Calabarzon)", "province": "Rizal", "municipality": "Binangonan", "barangay": "Mahabang Parang", "level": "barangay" }, "geometry": { "type": "Polygon", "coordinates": [ [ [ 121.211638834000041, 14.477666976000023 ], [ 121.213900712000054, 14.476490889000161 ], [ 121.217632238000078, 14.474626145000059 ], [ 121.218092496000168, 14.474662274000138 ], [ 121.218186198000126, 14.474460562000161 ], [ 121.218273015000136, 14.473581547000151 ], [ 121.21860942800015, 14.472914146999983 ], [ 121.218383528000118, 14.471906782000019 ], [ 121.217491074, 14.469288983000069 ], [ 121.217592134000029, 14.455835778000107 ], [ 121.216545758000052, 14.451160130000119 ], [ 121.21486900900004, 14.451273653000044 ], [ 121.213245029000063, 14.452456889000018 ], [ 121.205548291000127, 14.45447207899997 ], [ 121.20476912100014, 14.455719612999985 ], [ 121.20480919900001, 14.456658114000106 ], [ 121.204972853000072, 14.456948681000085 ], [ 121.204966173000116, 14.457202511000105 ], [ 121.20478025400007, 14.457602181000141 ], [ 121.203838414000074, 14.457608860000107 ], [ 121.20366808100016, 14.45743518800009 ], [ 121.202943986000037, 14.457315964000031 ], [ 121.202684992000059, 14.457597676000034 ], [ 121.202271512000152, 14.457686279000029 ], [ 121.202189724000164, 14.45786802900011 ], [ 121.202303318000077, 14.458113390999983 ], [ 121.202216987000156, 14.458408733999988 ], [ 121.202126112000201, 14.45845871500012 ], [ 121.202117024000017, 14.458713165000063 ], [ 121.201871662000144, 14.458740428000112 ], [ 121.201817137000148, 14.458813127000155 ], [ 121.201862575000177, 14.458967615000176 ], [ 121.20178533100011, 14.459013052000103 ], [ 121.201767156000187, 14.459467427000106 ], [ 121.201553600000238, 14.46010809500018 ], [ 121.201008351000155, 14.460194426000157 ], [ 121.200539006000099, 14.460857973000088 ], [ 121.199672300000202, 14.461385188000065 ], [ 121.200528623000082, 14.46179279200004 ], [ 121.2011884100001, 14.462221948000035 ], [ 121.202052893000086, 14.463867772000128 ], [ 121.201134557000159, 14.464075625000191 ], [ 121.199747606000074, 14.464699186000189 ], [ 121.199660686000129, 14.464767211000037 ], [ 121.199653127000147, 14.464907040000128 ], [ 121.199736269000027, 14.465288735 ], [ 121.199592661000111, 14.46540211000007 ], [ 121.198840608000296, 14.465730897000185 ], [ 121.198206654000046, 14.465785694000033 ], [ 121.198286017000328, 14.466074800000115 ], [ 121.198132961000283, 14.466199512000173 ], [ 121.198172642000145, 14.466721036000138 ], [ 121.198269011000207, 14.466721036000138 ], [ 121.198291686000175, 14.46769039000003 ], [ 121.19776497700002, 14.468135330000109 ], [ 121.198117231000083, 14.468828474000077 ], [ 121.198992184000076, 14.468839837000019 ], [ 121.199134222000112, 14.468930741000122 ], [ 121.199486475000185, 14.469527300000152 ], [ 121.199821685000074, 14.469589797000083 ], [ 121.20029893200001, 14.469890917000157 ], [ 121.200440970000045, 14.469896599000094 ], [ 121.200656867000021, 14.47037384600003 ], [ 121.200645504000249, 14.470674966000104 ], [ 121.200923898000042, 14.470851093000022 ], [ 121.201230700000224, 14.47061815100011 ], [ 121.201440916000024, 14.470629514000052 ], [ 121.201531820000014, 14.470561336000117 ], [ 121.201707947000159, 14.46996477700003 ], [ 121.201838622000196, 14.469907962000036 ], [ 121.201997704000064, 14.470044318000134 ], [ 121.202185194000094, 14.469902280000099 ], [ 121.202286028000117, 14.470075561000158 ], [ 121.202421874000152, 14.469917980000162 ], [ 121.202644661000022, 14.469874509000022 ], [ 121.202785941000116, 14.469749531000161 ], [ 121.203090236000207, 14.469706060000021 ], [ 121.203568414000188, 14.469445236000126 ], [ 121.203671657000086, 14.469505008000112 ], [ 121.204003121000142, 14.469879943000137 ], [ 121.204215041000111, 14.470341819000168 ], [ 121.204562806000013, 14.470434194000063 ], [ 121.204801895000173, 14.470591776000106 ], [ 121.206031174000032, 14.472732379000036 ], [ 121.205904964000069, 14.473042437000117 ], [ 121.20714415000009, 14.473380329 ], [ 121.207731869000099, 14.473679216000164 ], [ 121.208168435000175, 14.474627779 ], [ 121.207809381000175, 14.474851247000061 ], [ 121.207942457000172, 14.475355931000081 ], [ 121.207576249000226, 14.476544231000162 ], [ 121.210083021000173, 14.477305317000059 ], [ 121.211638834000041, 14.477666976000023 ] ] ] } },
{ "type": "Feature", "properties": { "psgc_code": "0405804024", "name": "Macamot", "region": "Region IV-A (Calabarzon)", "province": "Rizal", "municipality": "Binangonan", "barangay": "Macamot", "level": "barangay" }, "geometry": { "type": "Polygon", "coordinates": [ [ [ 121.203745390000222, 14.49993394400019 ], [ 121.203773069000135, 14.499123355000165 ], [ 121.203492328000038, 14.498577690000047 ], [ 121.203266945000337, 14.498455113000091 ], [ 121.203124597000283, 14.49826136300004 ], [ 121.202859673000034, 14.497462636000137 ], [ 121.203535823000038, 14.496766715000035 ], [ 121.203721665000103, 14.495944264000116 ], [ 121.203595134000011, 14.495228573000134 ], [ 121.203460695000217, 14.494659183000067 ], [ 121.20290712200017, 14.494038391000061 ], [ 121.202835948000143, 14.493639027000086 ], [ 121.202689647000057, 14.493469001000051 ], [ 121.202171661000307, 14.49317639800006 ], [ 121.202928543000098, 14.490669720000142 ], [ 121.20298923200005, 14.49019059200009 ], [ 121.202861465000183, 14.489973387000191 ], [ 121.20213319000004, 14.4901650380001 ], [ 121.20208208300005, 14.489232335000111 ], [ 121.202312064000125, 14.488976800000046 ], [ 121.202708144000212, 14.487737455000058 ], [ 121.202631483000346, 14.487481920000164 ], [ 121.202375948000054, 14.487392483000122 ], [ 121.202631483000346, 14.486817529000177 ], [ 121.202375948000054, 14.486344789000157 ], [ 121.202503716000024, 14.48629368200011 ], [ 121.202286511000011, 14.48533542500013 ], [ 121.202018199, 14.485373756000172 ], [ 121.202043752000122, 14.484556043000111 ], [ 121.201813771000047, 14.484581597000101 ], [ 121.201800994000109, 14.484044973000096 ], [ 121.201456022000343, 14.483878875000016 ], [ 121.200492714, 14.483632015000012 ], [ 121.20032349700034, 14.483224508000148 ], [ 121.200374774000011, 14.482582126000125 ], [ 121.200855514000068, 14.481527953000011 ], [ 121.201072719000194, 14.481336301000169 ], [ 121.20100306900008, 14.480841886 ], [ 121.201220034000016, 14.480778605000012 ], [ 121.200120795000089, 14.479283706000047 ], [ 121.199779835000299, 14.478661569 ], [ 121.199457664000192, 14.4785358150001 ], [ 121.199290034000228, 14.478118489 ], [ 121.199550981000016, 14.477228946000025 ], [ 121.199361158000215, 14.476787887000057 ], [ 121.198908933000212, 14.476815802000147 ], [ 121.19822924000016, 14.476375668000117 ], [ 121.198013178000224, 14.476518686000077 ], [ 121.197908195000196, 14.476398203000144 ], [ 121.197675711000102, 14.476357946000121 ], [ 121.1976644450001, 14.476227064999989 ], [ 121.195787284000062, 14.476541058000123 ], [ 121.194681838000065, 14.477011896000022 ], [ 121.193624158000034, 14.477694269999972 ], [ 121.192559654000206, 14.478656418000014 ], [ 121.193055948000051, 14.478877541000088 ], [ 121.192147851000186, 14.479664351 ], [ 121.192028539000034, 14.480005242000061 ], [ 121.192054106000114, 14.480218299 ], [ 121.191892183000164, 14.48046544500005 ], [ 121.191457547000027, 14.480559190000065 ], [ 121.190519356000095, 14.480969666000135 ], [ 121.190874864000079, 14.483753834000083 ], [ 121.191718557000172, 14.483004448000088 ], [ 121.192385409000053, 14.482918896000115 ], [ 121.192738009000095, 14.483581115999982 ], [ 121.19316588200013, 14.485052044000042 ], [ 121.193542913000101, 14.485506156000099 ], [ 121.19476472000008, 14.487875009000106 ], [ 121.193992931000025, 14.494256649000022 ], [ 121.203891069000292, 14.500137128000119 ], [ 121.203745390000222, 14.49993394400019 ] ] ] } },
{ "type": "Feature", "properties": { "psgc_code": "0405804025", "name": "Mambog", "region": "Region IV-A (Calabarzon)", "province": "Rizal", "municipality": "Binangonan", "barangay": "Mambog", "level": "barangay" }, "geometry": { "type": "Polygon", "coordinates": [ [ [ 121.215786685000126, 14.488301943000067 ], [ 121.219584695000094, 14.483581146000176 ], [ 121.219845925000072, 14.48219816600016 ], [ 121.219861291000029, 14.481038 ], [ 121.219753218000051, 14.479908808000062 ], [ 121.219101526000031, 14.478914480000071 ], [ 121.218676530000039, 14.477612928000042 ], [ 121.21862534100012, 14.47633555900012 ], [ 121.218384579000144, 14.474922053000057 ], [ 121.218092496000168, 14.474662274000138 ], [ 121.217632238000078, 14.474626145000059 ], [ 121.211638834000041, 14.477666976000023 ], [ 121.210083021000173, 14.477305317000059 ], [ 121.207128755000099, 14.476412976 ], [ 121.207026403000214, 14.476743297000098 ], [ 121.206844004000118, 14.476841512000135 ], [ 121.206453391000196, 14.477348170000141 ], [ 121.206880623000075, 14.479737280000109 ], [ 121.20634001000019, 14.479990998000119 ], [ 121.206790468000122, 14.480405212000107 ], [ 121.206904461000022, 14.480708478000167 ], [ 121.207284633000086, 14.481272955000065 ], [ 121.20883343100013, 14.483309285000132 ], [ 121.20937987100001, 14.483331741000086 ], [ 121.215125772000192, 14.486990445000117 ], [ 121.215192896000076, 14.487403515000153 ], [ 121.215786685000126, 14.488301943000067 ] ] ] } },
{ "type": "Feature", "properties": { "psgc_code": "0405804026", "name": "Palangoy", "region": "Region IV-A (Calabarzon)", "province": "Rizal", "municipality": "Binangonan", "barangay": "Palangoy", "level": "barangay" }, "geometry": { "type": "Polygon", "coordinates": [ [ [ 121.190943888000106, 14.534912578999979 ], [ 121.193829271000027, 14.53449503600018 ], [ 121.197866247000093, 14.533509403000096 ], [ 121.196259661000227, 14.524450189000163 ], [ 121.196064240000055, 14.522691398000177 ], [ 121.195475443000305, 14.520311120000088 ], [ 121.19547930300007, 14.520102671000132 ], [ 121.195664592000071, 14.519681912000067 ], [ 121.195764956000062, 14.518944620000127 ], [ 121.195591248000028, 14.517782708000141 ], [ 121.195062405000044, 14.5168292460001 ], [ 121.192930882000041, 14.516193634999979 ], [ 121.192447953000283, 14.515943649000121 ], [ 121.191930935000187, 14.515943649000121 ], [ 121.191743445000043, 14.515693662000103 ], [ 121.191516185000069, 14.515784565999979 ], [ 121.191300287000217, 14.51565957300005 ], [ 121.191050301000132, 14.515790248000087 ], [ 121.190857129000278, 14.515648210000052 ], [ 121.190550328000086, 14.515687981000099 ], [ 121.190198074000023, 14.515534580000065 ], [ 121.1897321900002, 14.5156766180001 ], [ 121.18915835700011, 14.515477765000071 ], [ 121.189044727000123, 14.515369816000145 ], [ 121.188959504000081, 14.51522777800011 ], [ 121.188902689000088, 14.514421003000052 ], [ 121.189243580000266, 14.513415374999965 ], [ 121.189135631000113, 14.512932446999969 ], [ 121.189306890000012, 14.511907528 ], [ 121.188361148000126, 14.510842121000053 ], [ 121.187531212000181, 14.510336439000127 ], [ 121.187307322000152, 14.510058506000121 ], [ 121.187187656000333, 14.509633888 ], [ 121.187299601000063, 14.508498997000174 ], [ 121.187778263000268, 14.506345022 ], [ 121.18769333900002, 14.505395420000127 ], [ 121.187496470000156, 14.505005543000152 ], [ 121.186998508000102, 14.504735331000177 ], [ 121.186732156000176, 14.504496000000131 ], [ 121.186566169000344, 14.504194907 ], [ 121.186419482000019, 14.503588860000036 ], [ 121.185786414000063, 14.502596796000034 ], [ 121.18526915100017, 14.501604732000033 ], [ 121.184867694000104, 14.501299779000135 ], [ 121.184190315000023, 14.501297314000169 ], [ 121.183664040000167, 14.500248359000182 ], [ 121.183354290000239, 14.499797779000176 ], [ 121.183035805000145, 14.498833476000073 ], [ 121.182009574000176, 14.497245472000145 ], [ 121.181589350000081, 14.496435988000087 ], [ 121.181062965000137, 14.495728243000087 ], [ 121.180824309000059, 14.495048037000117 ], [ 121.179568202000155, 14.493779133000089 ], [ 121.179078325000205, 14.49347849500009 ], [ 121.179136308000125, 14.493360186000189 ], [ 121.17814996300001, 14.492760283 ], [ 121.178050972000051, 14.492918948000067 ], [ 121.177720760000057, 14.49283962800007 ], [ 121.177209418000075, 14.493624821000139 ], [ 121.176229633000048, 14.494743417000109 ], [ 121.176379666000116, 14.494829252000045 ], [ 121.176517754000201, 14.494683169000098 ], [ 121.176812413000107, 14.495150247000026 ], [ 121.177010709000228, 14.495183695000151 ], [ 121.177163230000133, 14.495096973000102 ], [ 121.177421474000198, 14.495410784 ], [ 121.1775533120001, 14.495322892000047 ], [ 121.177759130000027, 14.495694774000071 ], [ 121.177386132000265, 14.496035979000169 ], [ 121.177879607000023, 14.496463999000014 ], [ 121.17806831900009, 14.496575843000073 ], [ 121.178393063000044, 14.496562341000185 ], [ 121.178546045000076, 14.496635042000037 ], [ 121.17887478800003, 14.497138966000023 ], [ 121.179780304000133, 14.497422552000046 ], [ 121.17974227000002, 14.497727026000177 ], [ 121.179423734000125, 14.498363448000077 ], [ 121.178382379000027, 14.498806935000061 ], [ 121.178610062000075, 14.49898854200012 ], [ 121.178656630000091, 14.499474870000029 ], [ 121.178199052000195, 14.500224877000164 ], [ 121.178469773000302, 14.500777122000102 ], [ 121.178756965000048, 14.501155485000083 ], [ 121.178802551000103, 14.501857509000047 ], [ 121.178975403000095, 14.502328534000071 ], [ 121.178447022000114, 14.502510343000097 ], [ 121.178316347000077, 14.502788737 ], [ 121.178197035000153, 14.502873960000045 ], [ 121.177867508000304, 14.502805781 ], [ 121.177163, 14.502885323000044 ], [ 121.176612067000065, 14.503260153000156 ], [ 121.180973875000063, 14.505484615000171 ], [ 121.181144320000044, 14.505424959000038 ], [ 121.18145112200034, 14.505459048000091 ], [ 121.18162156700032, 14.505339736000167 ], [ 121.182499361000168, 14.505297125000084 ], [ 121.182661284000119, 14.505169291000186 ], [ 121.182806163000123, 14.505211902000042 ], [ 121.182814685000267, 14.50556983700011 ], [ 121.183172620000164, 14.505944817000056 ], [ 121.183189665000214, 14.506072651000125 ], [ 121.183053309000115, 14.506123785000113 ], [ 121.182942519000221, 14.506311274999973 ], [ 121.182951041000024, 14.506575464999969 ], [ 121.183215232000066, 14.507402125000169 ], [ 121.183462377000069, 14.507649271000048 ], [ 121.183535869000252, 14.508185227000126 ], [ 121.18368737600008, 14.508473091000155 ], [ 121.183785855000338, 14.508586721000142 ], [ 121.183827520000136, 14.508408700000075 ], [ 121.184115383000062, 14.50845415200007 ], [ 121.184354007000138, 14.509007153000084 ], [ 121.185613093000029, 14.509909882000102 ], [ 121.185834672000169, 14.510853013000087 ], [ 121.185889892000091, 14.511611437000113 ], [ 121.185758893000184, 14.511901561000116 ], [ 121.185817347000011, 14.512154862000045 ], [ 121.185505592000254, 14.512797857000066 ], [ 121.185184094000078, 14.514171528000134 ], [ 121.184852855000031, 14.514541737000116 ], [ 121.185367366000037, 14.51640627300003 ], [ 121.188544079000053, 14.520346941000071 ], [ 121.189476037000077, 14.52184195600006 ], [ 121.188773563000041, 14.525425246000054 ], [ 121.187644004000049, 14.527528571000119 ], [ 121.188014362000217, 14.530292362000068 ], [ 121.188404587000036, 14.531360346000156 ], [ 121.189852527000085, 14.533373086000097 ], [ 121.190581632000317, 14.534831295 ], [ 121.190943888000106, 14.534912578999979 ] ] ] } },
{ "type": "Feature", "properties": { "psgc_code": "0405804027", "name": "Pantok", "region": "Region IV-A (Calabarzon)", "province": "Rizal", "municipality": "Binangonan", "barangay": "Pantok", "level": "barangay" }, "geometry": { "type": "Polygon", "coordinates": [ [ [ 121.203114225000149, 14.539013592000117 ], [ 121.205808536000063, 14.538279657000089 ], [ 121.206391711000038, 14.537464547000127 ], [ 121.207734160000086, 14.537348687000133 ], [ 121.208679351000342, 14.536702265000088 ], [ 121.208617800000184, 14.536004983000169 ], [ 121.207587979000095, 14.536130043000185 ], [ 121.207572785000139, 14.535837894999986 ], [ 121.207667620000052, 14.535486673999969 ], [ 121.207541300000116, 14.535369711000158 ], [ 121.207733120000171, 14.534901859000172 ], [ 121.207765869000127, 14.534340435999979 ], [ 121.208107402000223, 14.53357783600012 ], [ 121.208355364000113, 14.533283089000179 ], [ 121.208795145000181, 14.53328776800015 ], [ 121.209071178000045, 14.53361994300019 ], [ 121.209281711000131, 14.534293650000052 ], [ 121.209740207000209, 14.534550969000122 ], [ 121.210114489000034, 14.534555648000037 ], [ 121.210577663000208, 14.534387221000031 ], [ 121.210582341000077, 14.534031653000113 ], [ 121.209791671000062, 14.533325196000021 ], [ 121.209684064000044, 14.532412884000053 ], [ 121.209351889000231, 14.531977781000023 ], [ 121.208448934000216, 14.531355537000024 ], [ 121.206951806, 14.530883006000124 ], [ 121.206703844000231, 14.530672472999981 ], [ 121.206736594000063, 14.530382404000079 ], [ 121.207031341000061, 14.53005022900004 ], [ 121.207298017000085, 14.529905194000037 ], [ 121.207719084000018, 14.529928587000086 ], [ 121.208172901000012, 14.530312226000149 ], [ 121.208462970000141, 14.530312226000149 ], [ 121.208622039000034, 14.530232691000037 ], [ 121.208968250000225, 14.52986308800007 ], [ 121.20898228600015, 14.529437342000051 ], [ 121.208257114000162, 14.528613922000147 ], [ 121.207499194000093, 14.528758956000047 ], [ 121.207045377000327, 14.528595208000183 ], [ 121.206797415000096, 14.528052499000125 ], [ 121.206586881000021, 14.526396301000034 ], [ 121.206381026000031, 14.526110911000046 ], [ 121.206062886000154, 14.525862949000157 ], [ 121.205796211, 14.525923770000134 ], [ 121.205861710000022, 14.526564728000039 ], [ 121.205618427000218, 14.526817367999968 ], [ 121.205005540000229, 14.526887546000125 ], [ 121.203601983000226, 14.526831404000063 ], [ 121.203405485000076, 14.526653620000104 ], [ 121.203335307000316, 14.526204482000082 ], [ 121.204453474000047, 14.524057039000127 ], [ 121.204476867000267, 14.523790363000103 ], [ 121.204299083000137, 14.523350582000035 ], [ 121.204069835000155, 14.52325233300013 ], [ 121.203531805000011, 14.523818434000191 ], [ 121.202975060000085, 14.524033646000021 ], [ 121.202600778000033, 14.524038325000163 ], [ 121.20251656500011, 14.523912005 ], [ 121.202586743000211, 14.523467545000187 ], [ 121.202469780000229, 14.522915479000176 ], [ 121.202628849000121, 14.522611375000054 ], [ 121.203115416000173, 14.522115451000047 ], [ 121.204037085000095, 14.521493207000105 ], [ 121.202806252000187, 14.520751850000124 ], [ 121.200547660000325, 14.520741767000061 ], [ 121.200225004000117, 14.519269649000137 ], [ 121.198067241000217, 14.5185940880001 ], [ 121.197723634000113, 14.511877957000138 ], [ 121.196674740000162, 14.510365597999964 ], [ 121.194479357000318, 14.510651198000176 ], [ 121.194194333000041, 14.50878890000007 ], [ 121.194296717000157, 14.508107817000109 ], [ 121.194409681000025, 14.507980118000148 ], [ 121.194448274000138, 14.50740382400005 ], [ 121.194012257000054, 14.506537895000065 ], [ 121.193427154, 14.501814435000085 ], [ 121.189264194000202, 14.499251261999973 ], [ 121.187256862000027, 14.498495345000038 ], [ 121.187184896000076, 14.498226420000094 ], [ 121.187025814000094, 14.498207481000065 ], [ 121.186737951000168, 14.497453734000146 ], [ 121.186450087000026, 14.497010576000037 ], [ 121.186514478000049, 14.496256829000117 ], [ 121.186461450000138, 14.496203800999979 ], [ 121.186181162000025, 14.496328795000011 ], [ 121.186184950000325, 14.496120472000143 ], [ 121.186063745000183, 14.496018205000098 ], [ 121.186147073000143, 14.495559896000088 ], [ 121.186078895000037, 14.495279607999976 ], [ 121.185874361000174, 14.495143252000105 ], [ 121.185828909000065, 14.494946293000055 ], [ 121.185559984000179, 14.494654642000171 ], [ 121.185499381000227, 14.494457683000121 ], [ 121.185226668000269, 14.494575101000066 ], [ 121.18491986700019, 14.494143306000126 ], [ 121.184582763000208, 14.49415088100011 ], [ 121.184552462000056, 14.494063765000021 ], [ 121.184268386000213, 14.494181182999966 ], [ 121.18408657800012, 14.494143306000126 ], [ 121.184120667000116, 14.493969073000187 ], [ 121.184272174000171, 14.493798627000103 ], [ 121.183757050000168, 14.493658483000047 ], [ 121.183597968000186, 14.493548641000018 ], [ 121.183575242000074, 14.493370620000121 ], [ 121.183346558000153, 14.493334635999986 ], [ 121.182963378000068, 14.493698395000024 ], [ 121.182775888000037, 14.493621695000058 ], [ 121.182631009000033, 14.493195581000123 ], [ 121.182077062000076, 14.492599022000093 ], [ 121.182111151000186, 14.492394488 ], [ 121.18240943, 14.492096209000124 ], [ 121.182290118000083, 14.491661573000044 ], [ 121.181685037000079, 14.491388860000143 ], [ 121.18113109, 14.490979791000143 ], [ 121.180986211000118, 14.490783779000083 ], [ 121.178903781000031, 14.489588133000098 ], [ 121.178977816000156, 14.490155874000095 ], [ 121.17890855200028, 14.49037875300013 ], [ 121.178467280000064, 14.491558123 ], [ 121.177720760000057, 14.49283962800007 ], [ 121.178050972000051, 14.492918948000067 ], [ 121.17814996300001, 14.492760283 ], [ 121.179136308000125, 14.493360186000189 ], [ 121.179078325000205, 14.49347849500009 ], [ 121.179568202000155, 14.493779133000089 ], [ 121.180824309000059, 14.495048037000117 ], [ 121.181062965000137, 14.495728243000087 ], [ 121.181589350000081, 14.496435988000087 ], [ 121.182009574000176, 14.497245472000145 ], [ 121.183035805000145, 14.498833476000073 ], [ 121.183354290000239, 14.499797779000176 ], [ 121.183664040000167, 14.500248359000182 ], [ 121.184190315000023, 14.501297314000169 ], [ 121.184867694000104, 14.501299779000135 ], [ 121.18526915100017, 14.501604732000033 ], [ 121.185786414000063, 14.502596796000034 ], [ 121.186419482000019, 14.503588860000036 ], [ 121.186566169000344, 14.504194907 ], [ 121.186732156000176, 14.504496000000131 ], [ 121.186998508000102, 14.504735331000177 ], [ 121.187496470000156, 14.505005543000152 ], [ 121.18769333900002, 14.505395420000127 ], [ 121.187778263000268, 14.506345022 ], [ 121.187299601000063, 14.508498997000174 ], [ 121.187187656000333, 14.509633888 ], [ 121.187307322000152, 14.510058506000121 ], [ 121.187531212000181, 14.510336439000127 ], [ 121.188361148000126, 14.510842121000053 ], [ 121.189306890000012, 14.511907528 ], [ 121.189135631000113, 14.512932446999969 ], [ 121.189243580000266, 14.513415374999965 ], [ 121.188902689000088, 14.514421003000052 ], [ 121.188959504000081, 14.51522777800011 ], [ 121.18915835700011, 14.515477765000071 ], [ 121.1897321900002, 14.5156766180001 ], [ 121.190198074000023, 14.515534580000065 ], [ 121.190550328000086, 14.515687981000099 ], [ 121.190857129000278, 14.515648210000052 ], [ 121.191050301000132, 14.515790248000087 ], [ 121.191300287000217, 14.51565957300005 ], [ 121.191516185000069, 14.515784565999979 ], [ 121.191743445000043, 14.515693662000103 ], [ 121.191930935000187, 14.515943649000121 ], [ 121.192447953000283, 14.515943649000121 ], [ 121.192930882000041, 14.516193634999979 ], [ 121.195062405000044, 14.5168292460001 ], [ 121.195591248000028, 14.517782708000141 ], [ 121.195764956000062, 14.518944620000127 ], [ 121.195664592000071, 14.519681912000067 ], [ 121.19547930300007, 14.520102671000132 ], [ 121.195475443000305, 14.520311120000088 ], [ 121.196064240000055, 14.522691398000177 ], [ 121.196259661000227, 14.524450189000163 ], [ 121.19896581200021, 14.539551791000179 ], [ 121.203114225000149, 14.539013592000117 ] ] ] } },
{ "type": "Feature", "properties": { "psgc_code": "0405804028", "name": "Pila Pila", "region": "Region IV-A (Calabarzon)", "province": "Rizal", "municipality": "Binangonan", "barangay": "Pila Pila", "level": "barangay" }, "geometry": { "type": "Polygon", "coordinates": [ [ [ 121.205548291000127, 14.45447207899997 ], [ 121.213245029000063, 14.452456889000018 ], [ 121.21486900900004, 14.451273653000044 ], [ 121.216545758000052, 14.451160130000119 ], [ 121.214010325000231, 14.440099149000048 ], [ 121.212931908000087, 14.437442009000108 ], [ 121.210914621000029, 14.43802184700013 ], [ 121.209893477000264, 14.43866469000011 ], [ 121.20671490400025, 14.441833350000081 ], [ 121.204798326000173, 14.442606654000087 ], [ 121.20334914700004, 14.442848714999968 ], [ 121.202502759000026, 14.443089328000099 ], [ 121.202110005, 14.443071785000143 ], [ 121.201935238000033, 14.443435429000033 ], [ 121.202695123000126, 14.44384608900009 ], [ 121.203031070000065, 14.444123279999985 ], [ 121.203316695000012, 14.444651175999979 ], [ 121.203338139000039, 14.444988740000042 ], [ 121.20371660100011, 14.44598813500005 ], [ 121.203678032000198, 14.446780340000146 ], [ 121.203431072000171, 14.447453258 ], [ 121.203005972000028, 14.448250361000134 ], [ 121.202551121000056, 14.448741221000091 ], [ 121.20181516200023, 14.449143622000065 ], [ 121.201000579000038, 14.449310025999978 ], [ 121.200523588000124, 14.449549623 ], [ 121.199095577000207, 14.449899648000098 ], [ 121.198064487000124, 14.449954533000096 ], [ 121.197768733000203, 14.449685490000149 ], [ 121.197294078000027, 14.449634778000018 ], [ 121.196743477000041, 14.450215617000026 ], [ 121.19940151000003, 14.452120127000057 ], [ 121.199811505000071, 14.453499779000026 ], [ 121.201205807000179, 14.45349388600016 ], [ 121.201397558000167, 14.454056355000034 ], [ 121.20259919800003, 14.454107489000023 ], [ 121.204467997000052, 14.453275404000181 ], [ 121.205548291000127, 14.45447207899997 ] ] ] } },
{ "type": "Feature", "properties": { "psgc_code": "0405804029", "name": "Pinagdilawan", "region": "Region IV-A (Calabarzon)", "province": "Rizal", "municipality": "Binangonan", "barangay": "Pinagdilawan", "level": "barangay" }, "geometry": { "type": "Polygon", "coordinates": [ [ [ 121.229630822000104, 14.330097679000176 ], [ 121.228579739000224, 14.325720500000102 ], [ 121.226280778000046, 14.32610110000013 ], [ 121.225611500000014, 14.325971143000174 ], [ 121.225075428000082, 14.32605561500003 ], [ 121.224597526000025, 14.325747106000165 ], [ 121.224617245000104, 14.32556224200016 ], [ 121.224393857000109, 14.325462855000183 ], [ 121.223627709000084, 14.326226428000041 ], [ 121.223652995000066, 14.326457888 ], [ 121.224151495000115, 14.326838258000066 ], [ 121.224147855000183, 14.327300773000047 ], [ 121.223341509000079, 14.328147134000176 ], [ 121.222566410000013, 14.328806908000047 ], [ 121.222626965000131, 14.32889322200009 ], [ 121.222364325000058, 14.3290225880001 ], [ 121.223468431000128, 14.329622525000104 ], [ 121.224294469000029, 14.328913448000151 ], [ 121.224521081000148, 14.328971927999987 ], [ 121.224499151000146, 14.329176610000047 ], [ 121.224659973000144, 14.329512873999988 ], [ 121.225083957000038, 14.329644455000164 ], [ 121.225785724000048, 14.329681005000168 ], [ 121.226787204000175, 14.329271641000048 ], [ 121.227262358000075, 14.329249711000159 ], [ 121.228029916000082, 14.329666385 ], [ 121.228205358000082, 14.329922238000108 ], [ 121.229630822000104, 14.330097679000176 ] ] ] } },
{ "type": "Feature", "properties": { "psgc_code": "0405804030", "name": "Pipindan", "region": "Region IV-A (Calabarzon)", "province": "Rizal", "municipality": "Binangonan", "barangay": "Pipindan", "level": "barangay" }, "geometry": { "type": "Polygon", "coordinates": [ [ [ 121.21503070000017, 14.421985640000116 ], [ 121.215969617000155, 14.421712625000168 ], [ 121.216921935000073, 14.417599178999978 ], [ 121.217041001000098, 14.417412027000125 ], [ 121.216884849000166, 14.416848679000054 ], [ 121.217272398000205, 14.416643419000138 ], [ 121.217358214000342, 14.416351762999966 ], [ 121.217589860000203, 14.416261389000169 ], [ 121.217981998000141, 14.415649142 ], [ 121.217891303000101, 14.414867685000104 ], [ 121.217610117000163, 14.414481472000034 ], [ 121.217534598000043, 14.414229040000123 ], [ 121.217945979000092, 14.413678049999987 ], [ 121.217967060000092, 14.413464126000065 ], [ 121.21753123700023, 14.413026374000083 ], [ 121.217532238000217, 14.412900450000166 ], [ 121.218008216000158, 14.412349947000166 ], [ 121.218030147000036, 14.412028987999975 ], [ 121.217710104000162, 14.411655076000159 ], [ 121.21694367900011, 14.411359647000097 ], [ 121.216181312000117, 14.41136648100013 ], [ 121.215760268000167, 14.411508121000168 ], [ 121.215532218000249, 14.411751963000086 ], [ 121.215484895000031, 14.412016059000052 ], [ 121.215139864000093, 14.412347168000053 ], [ 121.215149778000068, 14.412725035000108 ], [ 121.215803382000104, 14.412585155999977 ], [ 121.216099586000155, 14.412707029000046 ], [ 121.21675950100007, 14.41339833800015 ], [ 121.216820396000116, 14.41386474300009 ], [ 121.216507013000182, 14.414277947000187 ], [ 121.214959573000215, 14.414707009000153 ], [ 121.214362848000178, 14.415004729000088 ], [ 121.21410259400011, 14.415235733000031 ], [ 121.214016005000303, 14.415562497000053 ], [ 121.214391881000097, 14.416226477000123 ], [ 121.214610811000171, 14.417128539000146 ], [ 121.214608404000046, 14.417430755000112 ], [ 121.214391411000065, 14.417907651000121 ], [ 121.214104108000015, 14.418289565000123 ], [ 121.213122314000202, 14.419075497000108 ], [ 121.212324358000046, 14.419491321000066 ], [ 121.211869087000082, 14.419871960000023 ], [ 121.210877223000125, 14.420298902000184 ], [ 121.210440524000319, 14.42078042300011 ], [ 121.209798406000118, 14.421096674000125 ], [ 121.209209023000085, 14.421281098000065 ], [ 121.208369118000178, 14.421725870000103 ], [ 121.208578646000092, 14.422180809 ], [ 121.210874751000119, 14.422088965000057 ], [ 121.211953920000155, 14.422628549000081 ], [ 121.214422233000164, 14.422640030000082 ], [ 121.21503070000017, 14.421985640000116 ] ] ] } },
{ "type": "Feature", "properties": { "psgc_code": "0405804031", "name": "Rayap", "region": "Region IV-A (Calabarzon)", "province": "Rizal", "municipality": "Binangonan", "barangay": "Rayap", "level": "barangay" }, "geometry": { "type": "MultiPolygon", "coordinates": [ [ [ [ 121.244139922000272, 14.308134924000058 ], [ 121.243944084000077, 14.308047575000046 ], [ 121.243307237000067, 14.308029653000176 ], [ 121.242330663000075, 14.308128158000045 ], [ 121.241784579000182, 14.307767297000112 ], [ 121.241741105000301, 14.307258176 ], [ 121.241586748000032, 14.307065408000028 ], [ 121.241248255000073, 14.307023257000026 ], [ 121.240895350000073, 14.306221102 ], [ 121.240864504000115, 14.305831015000138 ], [ 121.241204393000089, 14.30482253800011 ], [ 121.241264976000252, 14.30400362 ], [ 121.241216012000109, 14.30332926300008 ], [ 121.24106925600006, 14.3030308270001 ], [ 121.240552140000091, 14.302432299000145 ], [ 121.239035598000214, 14.301390257000094 ], [ 121.238857077000034, 14.300820665 ], [ 121.238594621000061, 14.300587448000158 ], [ 121.237589506000063, 14.300005123000062 ], [ 121.237502348000021, 14.29988553700008 ], [ 121.237553023000032, 14.299469622000061 ], [ 121.237399601000106, 14.299157919000095 ], [ 121.237387697000031, 14.298946382000111 ], [ 121.237707755000201, 14.298743913000123 ], [ 121.238128521000021, 14.298661130000141 ], [ 121.237902728000108, 14.29807136400018 ], [ 121.238252563000174, 14.297525509000025 ], [ 121.238188254000079, 14.297082312000043 ], [ 121.238487928000154, 14.296886298000175 ], [ 121.238799200000017, 14.296941466000135 ], [ 121.23919706300012, 14.297188899999981 ], [ 121.239454489000082, 14.297197413000049 ], [ 121.239739738000026, 14.297113623000087 ], [ 121.240213353000058, 14.296818993000045 ], [ 121.23976452300019, 14.296333511000171 ], [ 121.239690274000168, 14.296061977000079 ], [ 121.2392055480002, 14.295557933000111 ], [ 121.238840141000082, 14.29546868500006 ], [ 121.237873634000152, 14.295440506000091 ], [ 121.237026057000094, 14.295764482000095 ], [ 121.236680336000177, 14.296002741000166 ], [ 121.236465679000048, 14.295943114000124 ], [ 121.235114131000159, 14.29617367200018 ], [ 121.235302678000039, 14.296665651000126 ], [ 121.235500713000192, 14.297642487000132 ], [ 121.234932226000296, 14.300914056000181 ], [ 121.236499675000232, 14.305117769000105 ], [ 121.237163772000031, 14.308277261000057 ], [ 121.236821661000022, 14.312946065000176 ], [ 121.235308953000299, 14.312948826000138 ], [ 121.231898691000083, 14.318173968999986 ], [ 121.234854297000197, 14.317743148000147 ], [ 121.239987188000214, 14.315688949999981 ], [ 121.242367906000027, 14.315644581000129 ], [ 121.242477145000066, 14.315430849000052 ], [ 121.242987010000093, 14.315223172 ], [ 121.243424392000065, 14.314750645000061 ], [ 121.244014645000107, 14.3146625010001 ], [ 121.244117009000092, 14.314570748000051 ], [ 121.244161672000132, 14.314055670000073 ], [ 121.24426526700006, 14.313805339000055 ], [ 121.244668659000013, 14.313345775000187 ], [ 121.245149411000057, 14.312523350999982 ], [ 121.245358341000269, 14.311798036000141 ], [ 121.24537887300005, 14.310899527000117 ], [ 121.24499843100034, 14.309277807000058 ], [ 121.244637398, 14.308647399000108 ], [ 121.244139922000272, 14.308134924000058 ] ] ], [ [ [ 121.249420679000309, 14.300682091000112 ], [ 121.249849798000014, 14.300685250000072 ], [ 121.250498220000054, 14.300869370000044 ], [ 121.250939601000027, 14.300872617000039 ], [ 121.25098919900006, 14.300801243000024 ], [ 121.250965880000194, 14.300645637000116 ], [ 121.250550778000161, 14.300415410000141 ], [ 121.24964895800008, 14.299703338000029 ], [ 121.249089286000185, 14.299163367 ], [ 121.244499092000183, 14.299397798000143 ], [ 121.244225551000341, 14.300213352000128 ], [ 121.244333018000134, 14.300584796000123 ], [ 121.244515533000026, 14.30076549100005 ], [ 121.244575351000321, 14.300957236000045 ], [ 121.244581577000304, 14.301734454000041 ], [ 121.244469282000182, 14.301984711000046 ], [ 121.24446556800001, 14.302462942000091 ], [ 121.244743850000191, 14.302943256000049 ], [ 121.24509773800014, 14.303161085000056 ], [ 121.245990448000043, 14.303466586000184 ], [ 121.246616577000282, 14.303363596 ], [ 121.246911854000132, 14.303234252000152 ], [ 121.247134215000301, 14.303020675000141 ], [ 121.247692247000145, 14.302211747000172 ], [ 121.247563867000167, 14.30137384700015 ], [ 121.24763882100001, 14.301195051999969 ], [ 121.249420679000309, 14.300682091000112 ] ] ], [ [ [ 121.252295041000139, 14.303178236000122 ], [ 121.252086425000243, 14.303200616000026 ], [ 121.252011750000065, 14.303343545000018 ], [ 121.25203488600016, 14.303523063000171 ], [ 121.252530736000153, 14.30441149 ], [ 121.253150122000079, 14.30518126100003 ], [ 121.253152340000042, 14.304894320000187 ], [ 121.252903179000327, 14.303816402000166 ], [ 121.252636955000185, 14.303360097000166 ], [ 121.252295041000139, 14.303178236000122 ] ] ], [ [ [ 121.258241758000167, 14.309808147000069 ], [ 121.257797049000033, 14.309852280000086 ], [ 121.257635901000071, 14.310040670000035 ], [ 121.257731326000226, 14.311172027000111 ], [ 121.257970360000058, 14.311688331000028 ], [ 121.258412985000064, 14.311914999000123 ], [ 121.25930142000027, 14.311955362000162 ], [ 121.259663131000138, 14.311869996000041 ], [ 121.259754172000044, 14.311769106000042 ], [ 121.259735533000025, 14.311484613000061 ], [ 121.259469401000047, 14.310880097000108 ], [ 121.25924868900006, 14.310688909000078 ], [ 121.259064099000057, 14.310315183000114 ], [ 121.258560190000026, 14.309932349 ], [ 121.258241758000167, 14.309808147000069 ] ] ] ] } },
{ "type": "Feature", "properties": { "psgc_code": "0405804032", "name": "Sapang", "region": "Region IV-A (Calabarzon)", "province": "Rizal", "municipality": "Binangonan", "barangay": "Sapang", "level": "barangay" }, "geometry": { "type": "Polygon", "coordinates": [ [ [ 121.21908514200004, 14.343658318000166 ], [ 121.229336367000087, 14.343207250000148 ], [ 121.229577625000047, 14.341529276000188 ], [ 121.228557446000082, 14.339904707000187 ], [ 121.228556986000058, 14.337911604 ], [ 121.229428638000059, 14.335670214000174 ], [ 121.217913690000159, 14.33590553200014 ], [ 121.217931356, 14.336219256000163 ], [ 121.217016061000209, 14.336205483000128 ], [ 121.216568039000094, 14.336818206000146 ], [ 121.21678053200003, 14.336803085000042 ], [ 121.216591524000023, 14.33718588 ], [ 121.217345056000113, 14.337432247000038 ], [ 121.217727262000153, 14.337950519000117 ], [ 121.218017936000024, 14.338045212000054 ], [ 121.218177709000202, 14.338409835000107 ], [ 121.218141149000076, 14.339605554 ], [ 121.218334495000022, 14.340010076999988 ], [ 121.218222774000083, 14.340425523000079 ], [ 121.217740762000062, 14.341386624000108 ], [ 121.217709357000217, 14.342787221000094 ], [ 121.217808974000036, 14.343045669000162 ], [ 121.217617819000111, 14.343240149999986 ], [ 121.217737983000234, 14.343320732000109 ], [ 121.21765057600021, 14.343433253000057 ], [ 121.217308750000029, 14.343556159000116 ], [ 121.218489866000027, 14.343772707000085 ], [ 121.21908514200004, 14.343658318000166 ] ] ] } },
{ "type": "Feature", "properties": { "psgc_code": "0405804033", "name": "Tabon", "region": "Region IV-A (Calabarzon)", "province": "Rizal", "municipality": "Binangonan", "barangay": "Tabon", "level": "barangay" }, "geometry": { "type": "Polygon", "coordinates": [ [ [ 121.230261186, 14.31318755500007 ], [ 121.232914588000199, 14.312988936000067 ], [ 121.236821661000022, 14.312946065000176 ], [ 121.237163772000031, 14.308277261000057 ], [ 121.236499675000232, 14.305117769000105 ], [ 121.234490613000048, 14.305687953000017 ], [ 121.233886888000143, 14.305379383000059 ], [ 121.233422915, 14.305763978000186 ], [ 121.232859438000219, 14.305381619000116 ], [ 121.233000307000111, 14.304798018000042 ], [ 121.232054472000073, 14.304113797000184 ], [ 121.232271159000106, 14.303368182000042 ], [ 121.231378129000177, 14.302563922000104 ], [ 121.231363719000228, 14.303275992000067 ], [ 121.231122427000287, 14.303802818000122 ], [ 121.231122637000112, 14.304642005000176 ], [ 121.231359488000066, 14.306414646 ], [ 121.231586200000038, 14.306885484000077 ], [ 121.23156830500011, 14.307440403000101 ], [ 121.23129043900019, 14.308310560000052 ], [ 121.230846480000082, 14.308756582000171 ], [ 121.230681320000144, 14.309079132000022 ], [ 121.23033289600005, 14.309439965000138 ], [ 121.229623994, 14.309969912000042 ], [ 121.22902521500032, 14.310282622000159 ], [ 121.227329535000194, 14.310555470000168 ], [ 121.22877535300006, 14.311644703000127 ], [ 121.229137588000071, 14.31156420700006 ], [ 121.230261186, 14.31318755500007 ] ] ] } },
{ "type": "Feature", "properties": { "psgc_code": "0405804034", "name": "Tagpos", "region": "Region IV-A (Calabarzon)", "province": "Rizal", "municipality": "Binangonan", "barangay": "Tagpos", "level": "barangay" }, "geometry": { "type": "Polygon", "coordinates": [ [ [ 121.166837760000021, 14.532101756000031 ], [ 121.167504577000045, 14.531559668000114 ], [ 121.16766288600013, 14.531526087000088 ], [ 121.167993896000098, 14.531554871000026 ], [ 121.16813301600007, 14.531650816000024 ], [ 121.168420850000075, 14.532087365 ], [ 121.169231584000045, 14.531948245000024 ], [ 121.169289151000271, 14.531871489000082 ], [ 121.169250773000158, 14.531247847000031 ], [ 121.169428271000015, 14.531147105 ], [ 121.169816848000323, 14.53110872700006 ], [ 121.169840834000183, 14.530993594 ], [ 121.169648944000073, 14.530494680000118 ], [ 121.169605769000214, 14.529583204 ], [ 121.169672931000036, 14.529535232000171 ], [ 121.170224613000073, 14.52948726000011 ], [ 121.170692960000338, 14.529938125000172 ], [ 121.171020598000268, 14.530082950000178 ], [ 121.171827822000068, 14.530094820999977 ], [ 121.17247360100032, 14.530196911000075 ], [ 121.172689652000031, 14.530277633000026 ], [ 121.173088515000018, 14.530678871000191 ], [ 121.173285573000044, 14.530776213000081 ], [ 121.174275609, 14.530512678000036 ], [ 121.17458662800027, 14.530538794000051 ], [ 121.174793182000144, 14.530909167000061 ], [ 121.175110810000092, 14.531065753000064 ], [ 121.175460675000068, 14.530978287000096 ], [ 121.17593299300006, 14.530558448000079 ], [ 121.176914922000037, 14.530193181000129 ], [ 121.17744228000015, 14.529582982000022 ], [ 121.17798378100008, 14.529199082000048 ], [ 121.17846223000015, 14.529203709000171 ], [ 121.178871862000051, 14.529473866000046 ], [ 121.17936167400012, 14.529578825000101 ], [ 121.180113160000133, 14.529347464000068 ], [ 121.182160597, 14.529158987000187 ], [ 121.183063668000045, 14.528136711000172 ], [ 121.183733725000138, 14.527096967000091 ], [ 121.184565521000195, 14.526334487999975 ], [ 121.185535949000041, 14.52591859000006 ], [ 121.186598798000091, 14.525826168000037 ], [ 121.187014696000233, 14.526380699000185 ], [ 121.187644004000049, 14.527528571000119 ], [ 121.188773563000041, 14.525425246000054 ], [ 121.189476037000077, 14.52184195600006 ], [ 121.188544079000053, 14.520346941000071 ], [ 121.185367366000037, 14.51640627300003 ], [ 121.184852855000031, 14.514541737000116 ], [ 121.185184094000078, 14.514171528000134 ], [ 121.185505592000254, 14.512797857000066 ], [ 121.185817347000011, 14.512154862000045 ], [ 121.185758893000184, 14.511901561000116 ], [ 121.185889892000091, 14.511611437000113 ], [ 121.185834672000169, 14.510853013000087 ], [ 121.185613093000029, 14.509909882000102 ], [ 121.184354007000138, 14.509007153000084 ], [ 121.184115383000062, 14.50845415200007 ], [ 121.183827520000136, 14.508408700000075 ], [ 121.183785855000338, 14.508586721000142 ], [ 121.183615410000016, 14.508351885000081 ], [ 121.183462377000069, 14.507649271000048 ], [ 121.183215232000066, 14.507402125000169 ], [ 121.182951041000024, 14.506575464999969 ], [ 121.182942519000221, 14.506311274999973 ], [ 121.183053309000115, 14.506123785000113 ], [ 121.183189665000214, 14.506072651000125 ], [ 121.183172620000164, 14.505944817000056 ], [ 121.182814685000267, 14.50556983700011 ], [ 121.182806163000123, 14.505211902000042 ], [ 121.182661284000119, 14.505169291000186 ], [ 121.182499361000168, 14.505297125000084 ], [ 121.18162156700032, 14.505339736000167 ], [ 121.18145112200034, 14.505459048000091 ], [ 121.181144320000044, 14.505424959000038 ], [ 121.180973875000063, 14.505484615000171 ], [ 121.176612067000065, 14.503260153000156 ], [ 121.176266286000327, 14.503223634000051 ], [ 121.175901644000191, 14.503400144000068 ], [ 121.175687888000084, 14.503235807000067 ], [ 121.175581011000077, 14.502974084000186 ], [ 121.175124757000162, 14.502487617000156 ], [ 121.175039535000224, 14.502248993000137 ], [ 121.174886134000189, 14.502121159000012 ], [ 121.174374798000144, 14.502070026000183 ], [ 121.174161741000034, 14.501933669000152 ], [ 121.174170263000065, 14.501592778000088 ], [ 121.17406799600019, 14.501396766000028 ], [ 121.172218663000194, 14.500996220000104 ], [ 121.171664716000123, 14.500186604000135 ], [ 121.171374959000218, 14.50005877000018 ], [ 121.171110768000062, 14.500143993000052 ], [ 121.170812489000014, 14.500433750000127 ], [ 121.170471598000177, 14.501030309000043 ], [ 121.170250019000036, 14.501192232 ], [ 121.169465970000033, 14.5010814420001 ], [ 121.169167691000212, 14.500928041000066 ], [ 121.168733055000075, 14.500229215000161 ], [ 121.168272853000076, 14.499786057000108 ], [ 121.167688656000109, 14.498903661000099 ], [ 121.167558753000094, 14.49929280200007 ], [ 121.167689855000276, 14.499753797000096 ], [ 121.167969761000222, 14.500163385000064 ], [ 121.167994253000074, 14.500465844000132 ], [ 121.167611067000166, 14.501133098000082 ], [ 121.167765796000253, 14.502001680000035 ], [ 121.167383363000113, 14.502576945000101 ], [ 121.167313867000075, 14.502826101000096 ], [ 121.167497843000206, 14.503418929000134 ], [ 121.167481868000209, 14.503721072000189 ], [ 121.166729290000148, 14.505016257000136 ], [ 121.165923939000209, 14.50616646400016 ], [ 121.16578255800016, 14.506953881000015 ], [ 121.165579579000109, 14.507031146000145 ], [ 121.165389111000195, 14.507226788000139 ], [ 121.165449953, 14.508028927000169 ], [ 121.165394482000011, 14.508212481999976 ], [ 121.165204448000054, 14.508355558000119 ], [ 121.164944911000021, 14.508747790000029 ], [ 121.164954069000032, 14.509273542000017 ], [ 121.164367169000343, 14.509990916000049 ], [ 121.164858331000119, 14.510025705000032 ], [ 121.165464285000212, 14.510475522000036 ], [ 121.166751770000019, 14.511021825000171 ], [ 121.168415127000117, 14.511563194000132 ], [ 121.1707149140002, 14.509972176000133 ], [ 121.171379355000226, 14.510407153000131 ], [ 121.169973263000202, 14.511555011000041 ], [ 121.170494686000097, 14.51172547900012 ], [ 121.171969618000276, 14.512006900000074 ], [ 121.172505965000028, 14.512244552000027 ], [ 121.173218420000012, 14.512294347000136 ], [ 121.174570642000049, 14.510863615000062 ], [ 121.175476739000146, 14.511082071000033 ], [ 121.175909183000044, 14.512334606000024 ], [ 121.17700756000022, 14.514989507 ], [ 121.177160735000029, 14.516904189000172 ], [ 121.17754677500011, 14.518007632000092 ], [ 121.176375715000063, 14.517804089000037 ], [ 121.17501629100002, 14.517928543000039 ], [ 121.17499733000011, 14.516340484000182 ], [ 121.174614208000094, 14.514501263000113 ], [ 121.173239563000152, 14.514267033000124 ], [ 121.172438365000062, 14.514543611000079 ], [ 121.172438365000062, 14.515796385000158 ], [ 121.171492393000108, 14.516444077000131 ], [ 121.171151503000033, 14.516520778000142 ], [ 121.170802090000166, 14.51607762000009 ], [ 121.170154397000147, 14.515847518000044 ], [ 121.169847595000078, 14.516503733000093 ], [ 121.169932818, 14.51747527200007 ], [ 121.169847595000078, 14.517850252000187 ], [ 121.169532272000083, 14.517909907000046 ], [ 121.169285126000204, 14.517782073000149 ], [ 121.168822507000073, 14.516754925999976 ], [ 121.168514807000179, 14.517594584 ], [ 121.168211424000219, 14.517425954000089 ], [ 121.16760350200002, 14.518590663999987 ], [ 121.167160273000036, 14.521373624000034 ], [ 121.166773631000183, 14.522938948000046 ], [ 121.167272529000229, 14.523799709000116 ], [ 121.167408180000166, 14.523700694000013 ], [ 121.16759765900008, 14.523321736000128 ], [ 121.168046996000044, 14.523175566000077 ], [ 121.169183912000221, 14.523895132000121 ], [ 121.16833922800015, 14.525813063000101 ], [ 121.168131913000138, 14.527981363000094 ], [ 121.166081102000135, 14.527744353 ], [ 121.166113377000102, 14.531636424000112 ], [ 121.166252497000187, 14.531612438000082 ], [ 121.166483667000307, 14.532083748000161 ], [ 121.166593101000103, 14.532149729000025 ], [ 121.166837760000021, 14.532101756000031 ] ] ] } },
{ "type": "Feature", "properties": { "psgc_code": "0405804035", "name": "Tatala", "region": "Region IV-A (Calabarzon)", "province": "Rizal", "municipality": "Binangonan", "barangay": "Tatala", "level": "barangay" }, "geometry": { "type": "Polygon", "coordinates": [ [ [ 121.205983951000121, 14.49834280000016 ], [ 121.207130730000017, 14.498039515000187 ], [ 121.207401258000232, 14.498051697000108 ], [ 121.207608872000151, 14.498136971000065 ], [ 121.208021021000036, 14.499355426000079 ], [ 121.210632194000027, 14.500015393000069 ], [ 121.211069494000185, 14.499956608000105 ], [ 121.211273880000022, 14.499688714000115 ], [ 121.21126444700019, 14.499292961000151 ], [ 121.211427956000307, 14.499378200000024 ], [ 121.211905905000322, 14.499213810000072 ], [ 121.212314678000098, 14.499213810000072 ], [ 121.212563086000046, 14.498948959000131 ], [ 121.21332717700011, 14.49847709800008 ], [ 121.213572440000121, 14.498431434 ], [ 121.214185599000302, 14.498127007000164 ], [ 121.214974845000029, 14.498111786000038 ], [ 121.215889867000101, 14.497594258000049 ], [ 121.217531247000011, 14.496184751000044 ], [ 121.218411680000145, 14.495216662000132 ], [ 121.21877328700009, 14.495097933000181 ], [ 121.219622276000109, 14.494531690000088 ], [ 121.219751197000051, 14.494187680999971 ], [ 121.220128525000177, 14.493712765000112 ], [ 121.220119092000346, 14.493590992000065 ], [ 121.21811300000013, 14.490666540000063 ], [ 121.217753082000172, 14.490269290000072 ], [ 121.217321884000057, 14.490120807000096 ], [ 121.216362702000083, 14.48934178900015 ], [ 121.215192896000076, 14.487403515000153 ], [ 121.215125772000192, 14.486990445000117 ], [ 121.20937987100001, 14.483331741000086 ], [ 121.20883343100013, 14.483309285000132 ], [ 121.207284633000086, 14.481272955000065 ], [ 121.206904461000022, 14.480708478000167 ], [ 121.206790468000122, 14.480405212000107 ], [ 121.20634001000019, 14.479990998000119 ], [ 121.206880623000075, 14.479737280000109 ], [ 121.206453391000196, 14.477348170000141 ], [ 121.206844004000118, 14.476841512000135 ], [ 121.207026403000214, 14.476743297000098 ], [ 121.207128755000099, 14.476412976 ], [ 121.206070661000012, 14.476131634000012 ], [ 121.204678618000344, 14.475558440000043 ], [ 121.203805179000142, 14.475449260000062 ], [ 121.2022357190001, 14.47566079600017 ], [ 121.20249509100006, 14.475891754000088 ], [ 121.20223083000019, 14.476229585000056 ], [ 121.201940513000068, 14.476397076000126 ], [ 121.201181223000049, 14.476570149000167 ], [ 121.200929208000275, 14.47685001900004 ], [ 121.200578256000199, 14.476765555000156 ], [ 121.200483345000066, 14.476854883000101 ], [ 121.200539175000245, 14.477055872000108 ], [ 121.200377268000125, 14.477206613000078 ], [ 121.199969707000037, 14.477122868000151 ], [ 121.199550981000016, 14.477228946000025 ], [ 121.199290034000228, 14.478118489 ], [ 121.199457664000192, 14.4785358150001 ], [ 121.199779835000299, 14.478661569 ], [ 121.200120795000089, 14.479283706000047 ], [ 121.201220034000016, 14.480778605000012 ], [ 121.20100306900008, 14.480841886 ], [ 121.201072719000194, 14.481336301000169 ], [ 121.200855514000068, 14.481527953000011 ], [ 121.200374774000011, 14.482582126000125 ], [ 121.20032349700034, 14.483224508000148 ], [ 121.200492714, 14.483632015000012 ], [ 121.201456022000343, 14.483878875000016 ], [ 121.201800994000109, 14.484044973000096 ], [ 121.201813771000047, 14.484581597000101 ], [ 121.202043752000122, 14.484556043000111 ], [ 121.202018199, 14.485373756000172 ], [ 121.202286511000011, 14.48533542500013 ], [ 121.202503716000024, 14.48629368200011 ], [ 121.202375948000054, 14.486344789000157 ], [ 121.202631483000346, 14.486817529000177 ], [ 121.202375948000054, 14.487392483000122 ], [ 121.202631483000346, 14.487481920000164 ], [ 121.202708144000212, 14.487737455000058 ], [ 121.202312064000125, 14.488976800000046 ], [ 121.20208208300005, 14.489232335000111 ], [ 121.20213319000004, 14.4901650380001 ], [ 121.202861465000183, 14.489973387000191 ], [ 121.20298923200005, 14.49019059200009 ], [ 121.202928543000098, 14.490669720000142 ], [ 121.202171661000307, 14.49317639800006 ], [ 121.202689647000057, 14.493469001000051 ], [ 121.202835948000143, 14.493639027000086 ], [ 121.20290712200017, 14.494038391000061 ], [ 121.203460695000217, 14.494659183000067 ], [ 121.203721665000103, 14.495944264000116 ], [ 121.203693987000179, 14.496264545000031 ], [ 121.203448833000152, 14.496913017000054 ], [ 121.203172046000077, 14.497075134000056 ], [ 121.202859673000034, 14.497462636000137 ], [ 121.203124597000283, 14.49826136300004 ], [ 121.203266945000337, 14.498455113000091 ], [ 121.203492328000038, 14.498577690000047 ], [ 121.203773069000135, 14.499123355000165 ], [ 121.203745390000222, 14.49993394400019 ], [ 121.203891069000292, 14.500137128000119 ], [ 121.205983951000121, 14.49834280000016 ] ] ] } },
{ "type": "Feature", "properties": { "psgc_code": "0405804036", "name": "Tayuman", "region": "Region IV-A (Calabarzon)", "province": "Rizal", "municipality": "Binangonan", "barangay": "Tayuman", "level": "barangay" }, "geometry": { "type": "MultiPolygon", "coordinates": [ [ [ [ 121.162803995000104, 14.522313011000051 ], [ 121.164433803000179, 14.522066638000183 ], [ 121.16463580900006, 14.522098942000184 ], [ 121.165039695000019, 14.521975943000029 ], [ 121.165559553000094, 14.522282745000041 ], [ 121.166073595000171, 14.522014130000116 ], [ 121.166285980000225, 14.522062072000153 ], [ 121.16640030900021, 14.522253636000016 ], [ 121.167131900000072, 14.521384973000181 ], [ 121.167135032000147, 14.521118210000054 ], [ 121.166933154000162, 14.521082815000057 ], [ 121.166777783000157, 14.520950873000174 ], [ 121.165968138000039, 14.520073520000096 ], [ 121.16576241700011, 14.520035624000172 ], [ 121.165264358000059, 14.520257584999968 ], [ 121.165231875000131, 14.520582407000063 ], [ 121.164977432000114, 14.520582407000063 ], [ 121.164809607000052, 14.520430823000083 ], [ 121.16460505900011, 14.520049910000125 ], [ 121.165031172000113, 14.51976015300005 ], [ 121.164417784000193, 14.518994287999988 ], [ 121.164524164000113, 14.518831614000021 ], [ 121.165083725000159, 14.518515120000131 ], [ 121.164966974000322, 14.518406140000025 ], [ 121.165332462000038, 14.51803537700016 ], [ 121.16520446800007, 14.517738755000096 ], [ 121.164794471000164, 14.517879946000164 ], [ 121.164480492000052, 14.517040094000151 ], [ 121.164655116000063, 14.516881431000058 ], [ 121.163828175000162, 14.515905996000072 ], [ 121.163971637000145, 14.515655156000093 ], [ 121.164226260000191, 14.515665178000063 ], [ 121.164241971000138, 14.515473543000098 ], [ 121.164000026000053, 14.515312325000082 ], [ 121.163437584000121, 14.515214986000103 ], [ 121.163305745000116, 14.514782197000102 ], [ 121.163378014000159, 14.514646834000189 ], [ 121.163337166000133, 14.514528202000122 ], [ 121.163132928000095, 14.514496263000069 ], [ 121.163074798000252, 14.5145890390001 ], [ 121.162548491000166, 14.514528202000122 ], [ 121.162587767000218, 14.514339607000068 ], [ 121.162307902000066, 14.514244990000122 ], [ 121.164717085, 14.511652618000085 ], [ 121.165464285000212, 14.510475522000036 ], [ 121.164858331000119, 14.510025705000032 ], [ 121.164367169000343, 14.509990916000049 ], [ 121.164014451000071, 14.51034383700005 ], [ 121.163454468000054, 14.511180542999966 ], [ 121.162327072000039, 14.51211793900012 ], [ 121.16216444500003, 14.512208659000123 ], [ 121.161098051000067, 14.512292296000055 ], [ 121.160919328000091, 14.512698297000156 ], [ 121.160473646000014, 14.512760512000057 ], [ 121.160310800000047, 14.512877513999968 ], [ 121.160068866000074, 14.512770480000029 ], [ 121.159279638000157, 14.511962628000106 ], [ 121.159564428000067, 14.511780874000181 ], [ 121.159202072000085, 14.511554618000105 ], [ 121.158332571000187, 14.510667281000167 ], [ 121.157884283000044, 14.51104487900011 ], [ 121.158163964000209, 14.51148076000004 ], [ 121.158925990000171, 14.512314686000138 ], [ 121.158959612000103, 14.513142894999987 ], [ 121.159399970000095, 14.513724598000067 ], [ 121.159355483000127, 14.51421050200014 ], [ 121.159190571000181, 14.514577183000029 ], [ 121.158620330000076, 14.515019534000089 ], [ 121.158227730000135, 14.515187298000114 ], [ 121.157755486000156, 14.515757888999985 ], [ 121.159306934000256, 14.517286696000099 ], [ 121.159917959000268, 14.517592741000101 ], [ 121.161298969000313, 14.519017112000085 ], [ 121.162827911000022, 14.51975352300019 ], [ 121.163075846000197, 14.519747141000039 ], [ 121.162937592000276, 14.520215574000133 ], [ 121.163028714, 14.520373746000075 ], [ 121.162391806000073, 14.521766103000118 ], [ 121.162823885000194, 14.5227141740001 ], [ 121.162803995000104, 14.522313011000051 ] ] ], [ [ [ 121.19896581200021, 14.539551791000179 ], [ 121.197866247000093, 14.533509403000096 ], [ 121.193829271000027, 14.53449503600018 ], [ 121.192751969000028, 14.541406298000027 ], [ 121.195759162000058, 14.541076352000118 ], [ 121.196455230000083, 14.540758455000173 ], [ 121.197541979000107, 14.539865262000092 ], [ 121.19896581200021, 14.539551791000179 ] ] ] ] } },
{ "type": "Feature", "properties": { "psgc_code": "0405804037", "name": "Layunan (Pob.)", "region": "Region IV-A (Calabarzon)", "province": "Rizal", "municipality": "Binangonan", "barangay": "Layunan (Pob.)", "level": "barangay" }, "geometry": { "type": "Polygon", "coordinates": [ [ [ 121.193637574000036, 14.470020101000159 ], [ 121.193708598000057, 14.469796697000163 ], [ 121.194111891000148, 14.469613249000076 ], [ 121.193692427000087, 14.469218419000072 ], [ 121.194276932000207, 14.469174368000097 ], [ 121.194686001000036, 14.469015286000058 ], [ 121.194925408000017, 14.468362041000091 ], [ 121.195043303000261, 14.46841007300003 ], [ 121.195314026, 14.468353308000189 ], [ 121.195375156000068, 14.468257245000132 ], [ 121.195300926000186, 14.468178649000038 ], [ 121.19554108300008, 14.467899193 ], [ 121.196030130000281, 14.467781298000091 ], [ 121.196169858000303, 14.467445078000026 ], [ 121.196401282000124, 14.467401413000061 ], [ 121.196018612000216, 14.466784496000059 ], [ 121.195234682000205, 14.466815913000062 ], [ 121.194949904000055, 14.467142897000144 ], [ 121.194581469000241, 14.466890227000022 ], [ 121.194468884000116, 14.466708359000052 ], [ 121.194520843000191, 14.466317476000143 ], [ 121.194363251000141, 14.466216518000124 ], [ 121.194412444000022, 14.466119973000048 ], [ 121.193798415000288, 14.465559283 ], [ 121.190709421000179, 14.466585594000151 ], [ 121.190697984000167, 14.467046341000128 ], [ 121.190761513000211, 14.467173400000092 ], [ 121.191118464000169, 14.467417097000066 ], [ 121.19158739500017, 14.46749740000007 ], [ 121.191663630000107, 14.467897635000043 ], [ 121.19229892400017, 14.467973870000037 ], [ 121.192959630000246, 14.468272459000161 ], [ 121.192867917000058, 14.468770981000034 ], [ 121.192629294000085, 14.469145960000048 ], [ 121.192529334000028, 14.469543326000064 ], [ 121.192673737000177, 14.470015412000066 ], [ 121.193028765, 14.470073208000031 ], [ 121.193637574000036, 14.470020101000159 ] ] ] } },
{ "type": "Feature", "properties": { "psgc_code": "0405804038", "name": "Libid (Pob.)", "region": "Region IV-A (Calabarzon)", "province": "Rizal", "municipality": "Binangonan", "barangay": "Libid (Pob.)", "level": "barangay" }, "geometry": { "type": "Polygon", "coordinates": [ [ [ 121.198291686000175, 14.46769039000003 ], [ 121.198269011000207, 14.466721036000138 ], [ 121.198172642000145, 14.466721036000138 ], [ 121.198132961000283, 14.466199512000173 ], [ 121.198286017000328, 14.466074800000115 ], [ 121.198206654000046, 14.465785694000033 ], [ 121.198840608000296, 14.465730897000185 ], [ 121.199592661000111, 14.46540211000007 ], [ 121.199736269000027, 14.465288735 ], [ 121.199653127000147, 14.464907040000128 ], [ 121.199660686000129, 14.464767211000037 ], [ 121.199747606000074, 14.464699186000189 ], [ 121.201134557000159, 14.464075625000191 ], [ 121.202052893000086, 14.463867772000128 ], [ 121.2011884100001, 14.462221948000035 ], [ 121.200528623000082, 14.46179279200004 ], [ 121.199297886000295, 14.461173232000135 ], [ 121.198919971, 14.461022066000055 ], [ 121.198602521000225, 14.461211024000079 ], [ 121.198492957000099, 14.461113810000029 ], [ 121.198436142000105, 14.46086761100014 ], [ 121.197801364000156, 14.460862219000035 ], [ 121.197468049, 14.460896308000144 ], [ 121.197112007000214, 14.461051602 ], [ 121.196945349000089, 14.461218260000123 ], [ 121.195845976000328, 14.461364190000097 ], [ 121.195597202000044, 14.462542490000089 ], [ 121.194932225000116, 14.462305379000099 ], [ 121.194758340000021, 14.462616323000077 ], [ 121.193376601000068, 14.461859289000131 ], [ 121.193086071000153, 14.461564102000125 ], [ 121.193166979000125, 14.461482368000134 ], [ 121.193091400000185, 14.461323094000079 ], [ 121.192508117000102, 14.461971994000123 ], [ 121.191839941000239, 14.462540128000057 ], [ 121.193250220000095, 14.464630287000091 ], [ 121.193317071000251, 14.464959455000155 ], [ 121.193209695000064, 14.465229748000013 ], [ 121.19345406900004, 14.465355638000119 ], [ 121.193505906000155, 14.465681470000106 ], [ 121.193798415000288, 14.465559283 ], [ 121.194412444000022, 14.466119973000048 ], [ 121.194363251000141, 14.466216518000124 ], [ 121.194520843000191, 14.466317476000143 ], [ 121.194468884000116, 14.466708359000052 ], [ 121.194581469000241, 14.466890227000022 ], [ 121.194949904000055, 14.467142897000144 ], [ 121.195234682000205, 14.466815913000062 ], [ 121.196018612000216, 14.466784496000059 ], [ 121.196471146000022, 14.467462544000057 ], [ 121.196571575000235, 14.467449444000181 ], [ 121.196650172000091, 14.467567340000187 ], [ 121.197069355000053, 14.467711434000023 ], [ 121.19776497700002, 14.468135330000109 ], [ 121.198291686000175, 14.46769039000003 ] ] ] } },
{ "type": "Feature", "properties": { "psgc_code": "0405804039", "name": "Malakaban", "region": "Region IV-A (Calabarzon)", "province": "Rizal", "municipality": "Binangonan", "barangay": "Malakaban", "level": "barangay" }, "geometry": { "type": "Polygon", "coordinates": [ [ [ 121.21678053200003, 14.336803085000042 ], [ 121.216568039000094, 14.336818206000146 ], [ 121.217016061000209, 14.336205483000128 ], [ 121.217931356, 14.336219256000163 ], [ 121.217913690000159, 14.33590553200014 ], [ 121.229428638000059, 14.335670214000174 ], [ 121.229691435000063, 14.33347249600007 ], [ 121.229543406000289, 14.331909968000105 ], [ 121.229823016000182, 14.331169823000039 ], [ 121.229559853000183, 14.330577707000089 ], [ 121.229630822000104, 14.330097679000176 ], [ 121.228205358000082, 14.329922238000108 ], [ 121.228029916000082, 14.329666385 ], [ 121.227262358000075, 14.329249711000159 ], [ 121.226787204000175, 14.329271641000048 ], [ 121.225785724000048, 14.329681005000168 ], [ 121.225083957000038, 14.329644455000164 ], [ 121.224659973000144, 14.329512873999988 ], [ 121.224499151000146, 14.329176610000047 ], [ 121.224521081000148, 14.328971927999987 ], [ 121.224294469000029, 14.328913448000151 ], [ 121.223468431000128, 14.329622525000104 ], [ 121.222364325000058, 14.3290225880001 ], [ 121.222626965000131, 14.32889322200009 ], [ 121.222566410000013, 14.328806908000047 ], [ 121.221903059000056, 14.329226636000101 ], [ 121.221053691000179, 14.329511011000136 ], [ 121.220883286000117, 14.32963528 ], [ 121.220848048000107, 14.329806815999973 ], [ 121.221183285000052, 14.330265262000069 ], [ 121.221287648000043, 14.330781446000174 ], [ 121.221375644000091, 14.33165432300018 ], [ 121.221237715000257, 14.331957245000183 ], [ 121.221242772000096, 14.332175337000137 ], [ 121.221403016000181, 14.332480493000162 ], [ 121.221514521000245, 14.332950476000065 ], [ 121.221471985000107, 14.333188035000092 ], [ 121.221233393000261, 14.333364655000139 ], [ 121.220487796000157, 14.333378888000141 ], [ 121.219805485000052, 14.333102852000025 ], [ 121.218822912000064, 14.333088871000029 ], [ 121.218006575000118, 14.333479204000071 ], [ 121.217476412000224, 14.334532454 ], [ 121.217258094000044, 14.334715829000174 ], [ 121.216852727000173, 14.335413199000129 ], [ 121.215342480000231, 14.336135297000055 ], [ 121.215042365000158, 14.336377523000181 ], [ 121.215038600000071, 14.336853249000114 ], [ 121.215341988000318, 14.337053762000096 ], [ 121.216033119000031, 14.337072176 ], [ 121.216591524000023, 14.33718588 ], [ 121.21678053200003, 14.336803085000042 ] ] ] } },
{ "type": "Feature", "properties": { "psgc_code": "0405804040", "name": "Pag-Asa", "region": "Region IV-A (Calabarzon)", "province": "Rizal", "municipality": "Binangonan", "barangay": "Pag-Asa", "level": "barangay" }, "geometry": { "type": "Polygon", "coordinates": [ [ [ 121.165743989000021, 14.532144932000051 ], [ 121.165979054000218, 14.53196263600006 ], [ 121.166113377000102, 14.531636424000112 ], [ 121.166121362000126, 14.527111799000068 ], [ 121.163336381000136, 14.526777583000126 ], [ 121.163666325000122, 14.526429246000191 ], [ 121.163542752000126, 14.525003187000038 ], [ 121.163235950000058, 14.524747519000073 ], [ 121.162434857000335, 14.524542984000107 ], [ 121.162823885000194, 14.5227141740001 ], [ 121.162391806000073, 14.521766103000118 ], [ 121.163028714, 14.520373746000075 ], [ 121.162937592000276, 14.520215574000133 ], [ 121.163075846000197, 14.519747141000039 ], [ 121.162827911000022, 14.51975352300019 ], [ 121.161298969000313, 14.519017112000085 ], [ 121.159917959000268, 14.517592741000101 ], [ 121.159306934000256, 14.517286696000099 ], [ 121.157755486000156, 14.515757888999985 ], [ 121.157494201000077, 14.515799209000022 ], [ 121.157198417000018, 14.515678607000041 ], [ 121.156352624000078, 14.515185708 ], [ 121.156121239000186, 14.515433586000086 ], [ 121.156144734000122, 14.515854312999977 ], [ 121.156384819000323, 14.516184750000036 ], [ 121.156436926000083, 14.516408573000035 ], [ 121.156273204000058, 14.516630699000075 ], [ 121.15589746500018, 14.516391190000093 ], [ 121.155737335000026, 14.516179659000102 ], [ 121.155386506000241, 14.516190042000119 ], [ 121.155148585, 14.517226385000185 ], [ 121.154891198000087, 14.51735577900007 ], [ 121.154311158000041, 14.517351215000019 ], [ 121.154109909000226, 14.517218212000103 ], [ 121.153678688000014, 14.517162250000126 ], [ 121.153485041000067, 14.517738971000142 ], [ 121.153323060000048, 14.517750837000051 ], [ 121.152867259000118, 14.517405557000075 ], [ 121.152584093000087, 14.517390184000135 ], [ 121.152040921000093, 14.517819589000055 ], [ 121.15166974400006, 14.517946848 ], [ 121.151857237000172, 14.519423662000179 ], [ 121.152478761000111, 14.520692264000161 ], [ 121.154918849000182, 14.523185028000171 ], [ 121.155447826000341, 14.52271138500015 ], [ 121.155804827000111, 14.523123995 ], [ 121.155557868000074, 14.523302483 ], [ 121.156216623000091, 14.523983918 ], [ 121.15615683700014, 14.524058972000034 ], [ 121.157827075000114, 14.525756813000044 ], [ 121.157776910000166, 14.52619756200005 ], [ 121.158655077000049, 14.526899252000021 ], [ 121.161383979000107, 14.529710109000121 ], [ 121.162582701000133, 14.530794498999967 ], [ 121.163954618000048, 14.531785138000146 ], [ 121.165460952000331, 14.532149729000025 ], [ 121.165743989000021, 14.532144932000051 ] ] ] } },
{ "type": "Feature", "properties": { "psgc_code": "0405804041", "name": "San Carlos", "region": "Region IV-A (Calabarzon)", "province": "Rizal", "municipality": "Binangonan", "barangay": "San Carlos", "level": "barangay" }, "geometry": { "type": "Polygon", "coordinates": [ [ [ 121.168131913000138, 14.527981363000094 ], [ 121.16833922800015, 14.525813063000101 ], [ 121.169183912000221, 14.523895132000121 ], [ 121.168046996000044, 14.523175566000077 ], [ 121.16759765900008, 14.523321736000128 ], [ 121.167408180000166, 14.523700694000013 ], [ 121.167272529000229, 14.523799709000116 ], [ 121.166773631000183, 14.522938948000046 ], [ 121.167160273000036, 14.521373624000034 ], [ 121.16760350200002, 14.518590663999987 ], [ 121.168211424000219, 14.517425954000089 ], [ 121.168514807000179, 14.517594584 ], [ 121.168822507000073, 14.516754925999976 ], [ 121.169285126000204, 14.517782073000149 ], [ 121.169532272000083, 14.517909907000046 ], [ 121.169847595000078, 14.517850252000187 ], [ 121.169932818, 14.51747527200007 ], [ 121.169847595000078, 14.516503733000093 ], [ 121.170154397000147, 14.515847518000044 ], [ 121.170802090000166, 14.51607762000009 ], [ 121.171151503000033, 14.516520778000142 ], [ 121.171492393000108, 14.516444077000131 ], [ 121.172438365000062, 14.515796385000158 ], [ 121.172438365000062, 14.514543611000079 ], [ 121.173239563000152, 14.514267033000124 ], [ 121.174614208000094, 14.514501263000113 ], [ 121.17499733000011, 14.516340484000182 ], [ 121.17501629100002, 14.517928543000039 ], [ 121.176375715000063, 14.517804089000037 ], [ 121.17754677500011, 14.518007632000092 ], [ 121.177160735000029, 14.516904189000172 ], [ 121.17700756000022, 14.514989507 ], [ 121.175909183000044, 14.512334606000024 ], [ 121.175476739000146, 14.511082071000033 ], [ 121.174570642000049, 14.510863615000062 ], [ 121.173218420000012, 14.512294347000136 ], [ 121.172505965000028, 14.512244552000027 ], [ 121.171969618000276, 14.512006900000074 ], [ 121.170494686000097, 14.51172547900012 ], [ 121.169973263000202, 14.511555011000041 ], [ 121.171379355000226, 14.510407153000131 ], [ 121.1707149140002, 14.509972176000133 ], [ 121.168415127000117, 14.511563194000132 ], [ 121.166751770000019, 14.511021825000171 ], [ 121.165464285000212, 14.510475522000036 ], [ 121.164717085, 14.511652618000085 ], [ 121.162307902000066, 14.514244990000122 ], [ 121.162587767000218, 14.514339607000068 ], [ 121.162548491000166, 14.514528202000122 ], [ 121.163074798000252, 14.5145890390001 ], [ 121.163132928000095, 14.514496263000069 ], [ 121.163337166000133, 14.514528202000122 ], [ 121.163378014000159, 14.514646834000189 ], [ 121.163305745000116, 14.514782197000102 ], [ 121.163437584000121, 14.515214986000103 ], [ 121.164000026000053, 14.515312325000082 ], [ 121.164241971000138, 14.515473543000098 ], [ 121.164226260000191, 14.515665178000063 ], [ 121.163971637000145, 14.515655156000093 ], [ 121.163828175000162, 14.515905996000072 ], [ 121.164655116000063, 14.516881431000058 ], [ 121.164480492000052, 14.517040094000151 ], [ 121.164794471000164, 14.517879946000164 ], [ 121.16520446800007, 14.517738755000096 ], [ 121.165332462000038, 14.51803537700016 ], [ 121.164966974000322, 14.518406140000025 ], [ 121.165083725000159, 14.518515120000131 ], [ 121.164524164000113, 14.518831614000021 ], [ 121.164417784000193, 14.518994287999988 ], [ 121.165031172000113, 14.51976015300005 ], [ 121.16460505900011, 14.520049910000125 ], [ 121.164809607000052, 14.520430823000083 ], [ 121.164977432000114, 14.520582407000063 ], [ 121.165231875000131, 14.520582407000063 ], [ 121.165264358000059, 14.520257584999968 ], [ 121.16576241700011, 14.520035624000172 ], [ 121.165968138000039, 14.520073520000096 ], [ 121.166777783000157, 14.520950873000174 ], [ 121.166933154000162, 14.521082815000057 ], [ 121.167135032000147, 14.521118210000054 ], [ 121.167131900000072, 14.521384973000181 ], [ 121.16640030900021, 14.522253636000016 ], [ 121.166285980000225, 14.522062072000153 ], [ 121.166073595000171, 14.522014130000116 ], [ 121.165559553000094, 14.522282745000041 ], [ 121.165039695000019, 14.521975943000029 ], [ 121.16463580900006, 14.522098942000184 ], [ 121.164433803000179, 14.522066638000183 ], [ 121.162803995000104, 14.522313011000051 ], [ 121.162823885000194, 14.5227141740001 ], [ 121.162434857000335, 14.524542984000107 ], [ 121.163235950000058, 14.524747519000073 ], [ 121.163542752000126, 14.525003187000038 ], [ 121.163666325000122, 14.526429246000191 ], [ 121.163336381000136, 14.526777583000126 ], [ 121.166121362000126, 14.527111799000068 ], [ 121.166081102000135, 14.527744353 ], [ 121.168131913000138, 14.527981363000094 ] ] ] } },
{ "type": "Feature", "properties": { "psgc_code": "0405805014", "name": "San Andres (Pob.)", "region": "Region IV-A (Calabarzon)", "province": "Rizal", "municipality": "Cainta", "barangay": "San Andres (Pob.)", "level": "barangay" }, "geometry": { "type": "Polygon", "coordinates": [ [ [ 121.111840619000304, 14.58004507600009 ], [ 121.112315162000073, 14.579539718000035 ], [ 121.112237232000211, 14.579407697000022 ], [ 121.113114883000094, 14.579088555000112 ], [ 121.113305886000148, 14.579229454000142 ], [ 121.113543511000216, 14.579202070000179 ], [ 121.113539723000031, 14.579332381000029 ], [ 121.114292379000176, 14.579369762 ], [ 121.114362893000134, 14.578882969000176 ], [ 121.114604793000012, 14.578714144000116 ], [ 121.114460433000204, 14.578532125000095 ], [ 121.114953515000138, 14.578456947000063 ], [ 121.115189012000201, 14.578340141000183 ], [ 121.115560156000129, 14.578313765000132 ], [ 121.116339355000036, 14.578448816000048 ], [ 121.116424841000025, 14.578098124000121 ], [ 121.117722931000117, 14.578265389000023 ], [ 121.117681880000191, 14.578511911000192 ], [ 121.118115383000259, 14.578622677000112 ], [ 121.118283681000321, 14.578286082000034 ], [ 121.118716447000111, 14.578129805000174 ], [ 121.11929947800013, 14.577396508000163 ], [ 121.119381697000222, 14.577087716000051 ], [ 121.117398179000247, 14.576470850000135 ], [ 121.116732108000292, 14.576542714000027 ], [ 121.116069178000203, 14.576371862000144 ], [ 121.115819312000099, 14.575044962000106 ], [ 121.114296790000026, 14.574990801000183 ], [ 121.11426660900031, 14.574315861000116 ], [ 121.114696790000153, 14.574320537000119 ], [ 121.114826363000134, 14.573047027000086 ], [ 121.112949348000143, 14.572806409000066 ], [ 121.113259826000103, 14.570370596000089 ], [ 121.114109503000122, 14.570338400000082 ], [ 121.114167868000095, 14.569588712000041 ], [ 121.114115835000121, 14.56886214400015 ], [ 121.114545250000219, 14.568842643000039 ], [ 121.114517184000192, 14.567822679000187 ], [ 121.116572832000088, 14.567808688000184 ], [ 121.116865172000075, 14.567136360000177 ], [ 121.116558630000327, 14.566553329000158 ], [ 121.115951556000027, 14.565880139000058 ], [ 121.115350493000278, 14.565375245000041 ], [ 121.114587143000222, 14.565056682000034 ], [ 121.113072464000197, 14.565844075000086 ], [ 121.112543528000288, 14.565952266000068 ], [ 121.111677997000015, 14.565687798000056 ], [ 121.111342011000261, 14.565367827000102 ], [ 121.110532213000056, 14.566620034999971 ], [ 121.110029810000015, 14.567240921 ], [ 121.10860423500003, 14.566364926000119 ], [ 121.107617851000327, 14.565651548000062 ], [ 121.115284319000011, 14.554979837000189 ], [ 121.113595727000074, 14.553766485000153 ], [ 121.113512981000099, 14.552801406000185 ], [ 121.113298276000023, 14.552064602000144 ], [ 121.112585847000332, 14.550817698000174 ], [ 121.111620708000146, 14.550163574000067 ], [ 121.110058189000142, 14.548456117000057 ], [ 121.109560464000083, 14.548323868000068 ], [ 121.108682127000066, 14.547775977000128 ], [ 121.105640452000102, 14.55043253000008 ], [ 121.104906496000126, 14.550952972000175 ], [ 121.103878957000234, 14.551433380000105 ], [ 121.101818754000078, 14.552660610000032 ], [ 121.101014751000207, 14.553572467000095 ], [ 121.100298992000035, 14.553562662000104 ], [ 121.099338110000303, 14.553219490000117 ], [ 121.099122402000035, 14.553317539000147 ], [ 121.098093472000187, 14.554774911000095 ], [ 121.098243188000311, 14.554934872000103 ], [ 121.098298307000164, 14.555188374000124 ], [ 121.098256581000101, 14.555582871000183 ], [ 121.097862084000212, 14.556497042000046 ], [ 121.097827945000176, 14.556846020000137 ], [ 121.098036573000172, 14.557927094000092 ], [ 121.098230028000103, 14.558450561000143 ], [ 121.098180716000115, 14.558598497000105 ], [ 121.097008605000042, 14.559311627000113 ], [ 121.096371166000154, 14.55998440400009 ], [ 121.096371166000154, 14.560206091000055 ], [ 121.096519277000084, 14.560510291000185 ], [ 121.097179301000097, 14.561625504000176 ], [ 121.09799105400009, 14.562202076000119 ], [ 121.098084768000035, 14.562368499000115 ], [ 121.097050302000071, 14.563211212000112 ], [ 121.096027547000062, 14.563784082000097 ], [ 121.095891447000326, 14.564003354000135 ], [ 121.09598596100011, 14.564392751000071 ], [ 121.096258161000151, 14.564702756000088 ], [ 121.096322790000045, 14.564929271999972 ], [ 121.096285357000056, 14.565129079000087 ], [ 121.09661020100009, 14.565067988000067 ], [ 121.096810527000343, 14.56684588000013 ], [ 121.096896551000214, 14.569254547000185 ], [ 121.098344534000034, 14.570055250999985 ], [ 121.099977747000025, 14.572030332000111 ], [ 121.101763417000029, 14.573731944000031 ], [ 121.100974534000215, 14.574820267000064 ], [ 121.101997448000247, 14.575679091000097 ], [ 121.103185124000106, 14.57643825800011 ], [ 121.104360308000196, 14.576967527000136 ], [ 121.105081404000202, 14.577645414000187 ], [ 121.105744853000033, 14.577693569000132 ], [ 121.106545276000134, 14.578669642000023 ], [ 121.107559841000011, 14.578838736000137 ], [ 121.108022032000122, 14.578993337000043 ], [ 121.108353924000085, 14.579272341000035 ], [ 121.108765454000149, 14.58008941900016 ], [ 121.109036165000134, 14.579963428000099 ], [ 121.111780519000149, 14.580213444000037 ], [ 121.111840619000304, 14.58004507600009 ] ] ] } },
{ "type": "Feature", "properties": { "psgc_code": "0405805015", "name": "San Isidro", "region": "Region IV-A (Calabarzon)", "province": "Rizal", "municipality": "Cainta", "barangay": "San Isidro", "level": "barangay" }, "geometry": { "type": "MultiPolygon", "coordinates": [ [ [ [ 121.110778683000035, 14.635865803000115 ], [ 121.111105114000111, 14.635857104000024 ], [ 121.11167269900011, 14.636065219000102 ], [ 121.111703057000113, 14.635691194000174 ], [ 121.111565212000187, 14.635000841000135 ], [ 121.111508917000037, 14.63501706600016 ], [ 121.110957044000088, 14.63354070400004 ], [ 121.110890348000112, 14.633567810000159 ], [ 121.110027178000109, 14.63062698300007 ], [ 121.109487254000214, 14.628685060000066 ], [ 121.109232251000321, 14.626849507000031 ], [ 121.108627765000051, 14.626759423000181 ], [ 121.108610720000115, 14.626338991000068 ], [ 121.108349371000145, 14.625935604000176 ], [ 121.10839482300014, 14.625316319000149 ], [ 121.107769856000232, 14.62415160900008 ], [ 121.107730970000034, 14.623761472000012 ], [ 121.108180717000209, 14.623747418000107 ], [ 121.108163149, 14.623554167 ], [ 121.108416132000229, 14.623462812000184 ], [ 121.108430186000305, 14.62304468800005 ], [ 121.108560191000151, 14.622756569000103 ], [ 121.108540750000088, 14.62194909100009 ], [ 121.107130463000317, 14.621660929000029 ], [ 121.107108624000034, 14.621008490000179 ], [ 121.107539619000249, 14.618941131000099 ], [ 121.106912476000161, 14.618863806000149 ], [ 121.106793554000092, 14.618230715000095 ], [ 121.110972800000013, 14.618549800000096 ], [ 121.111608904000036, 14.618484290000026 ], [ 121.111508043000185, 14.617248559000188 ], [ 121.112374309000074, 14.617163855000115 ], [ 121.112345723000203, 14.616755861000115 ], [ 121.111434618000203, 14.616805402000011 ], [ 121.111450554000271, 14.616330491999975 ], [ 121.113353408000194, 14.616228409000144 ], [ 121.113369153000122, 14.615875355000071 ], [ 121.113759802000232, 14.615785944000038 ], [ 121.113634185000024, 14.614425595 ], [ 121.113943870000185, 14.614285636000091 ], [ 121.114209830000163, 14.614387863000104 ], [ 121.11460136200003, 14.614842583000041 ], [ 121.114827381000168, 14.61466844600011 ], [ 121.115345006000098, 14.614887177000014 ], [ 121.11549465600001, 14.614988913000104 ], [ 121.11560359900011, 14.61528490600017 ], [ 121.115977360000215, 14.615198559000021 ], [ 121.116336097000158, 14.614996153000163 ], [ 121.116495225000108, 14.615018796000186 ], [ 121.116655925000146, 14.615174203000151 ], [ 121.117157195000232, 14.615241121000167 ], [ 121.117212064000228, 14.615366236000114 ], [ 121.117345481000143, 14.615288119000184 ], [ 121.118289434000189, 14.615542052000137 ], [ 121.118597876000081, 14.615551110000183 ], [ 121.118961187000082, 14.615418590000047 ], [ 121.119392961000131, 14.615503866000154 ], [ 121.119580342000063, 14.615456194000103 ], [ 121.119876126, 14.615578526000093 ], [ 121.119829568000114, 14.615203702000031 ], [ 121.119956937000211, 14.615102498000169 ], [ 121.120627879000153, 14.615050488000122 ], [ 121.121768824000128, 14.614771161000021 ], [ 121.122334340000066, 14.614445722000028 ], [ 121.12250304500003, 14.614468820000127 ], [ 121.122829167000191, 14.614330858000073 ], [ 121.123061930000176, 14.614950387000079 ], [ 121.123961253000061, 14.614215735000073 ], [ 121.124818339000285, 14.614126064 ], [ 121.124686843000063, 14.61271407900017 ], [ 121.124240933000124, 14.612623677000158 ], [ 121.123931667000079, 14.612219802000027 ], [ 121.123754145000021, 14.610737156000084 ], [ 121.124240144000169, 14.61077199500005 ], [ 121.124260188000221, 14.611132793000081 ], [ 121.124512903000095, 14.611142519000168 ], [ 121.124722419000022, 14.610758709000038 ], [ 121.12682154100014, 14.610031475000085 ], [ 121.127484034000304, 14.610120725000172 ], [ 121.127354360000027, 14.61081775700012 ], [ 121.127079900000126, 14.611029960000167 ], [ 121.126757360000056, 14.611454511000034 ], [ 121.126975917000095, 14.612673382000082 ], [ 121.12714706700001, 14.612664554000048 ], [ 121.127150286000074, 14.612510562000125 ], [ 121.127734909000196, 14.612558733000128 ], [ 121.127906848000293, 14.613058538000132 ], [ 121.127573811000047, 14.613052987000117 ], [ 121.127640536000285, 14.614313794000111 ], [ 121.12780951000002, 14.61433338300003 ], [ 121.127790045000097, 14.614468313000032 ], [ 121.127936740000109, 14.614539092000086 ], [ 121.127931867000143, 14.614735961000122 ], [ 121.128622656000061, 14.614816066000117 ], [ 121.128570662000016, 14.615150409000137 ], [ 121.129385523000337, 14.615324644000054 ], [ 121.131641595000133, 14.61547710800005 ], [ 121.132019749000165, 14.614740778000055 ], [ 121.13301021000018, 14.613508224000043 ], [ 121.13353044400003, 14.612035563000177 ], [ 121.132852465000155, 14.611919316000069 ], [ 121.132451450000076, 14.610726186000079 ], [ 121.131051900000102, 14.609295678000024 ], [ 121.130785859000071, 14.607265734000123 ], [ 121.130602661000012, 14.607118666000019 ], [ 121.130563216000041, 14.606839919000151 ], [ 121.130800141, 14.605874524000114 ], [ 121.130257516000142, 14.605739824000182 ], [ 121.130090715000051, 14.605435836000083 ], [ 121.130199933000085, 14.605093620000162 ], [ 121.130345556000066, 14.604955278000091 ], [ 121.130068455000014, 14.604903508000064 ], [ 121.128611781000131, 14.606586029000084 ], [ 121.128580046000025, 14.607337833000145 ], [ 121.128190148000158, 14.607230936000065 ], [ 121.127290954000159, 14.607190481000032 ], [ 121.1273075040001, 14.606846618000077 ], [ 121.12716176500021, 14.60605724100003 ], [ 121.126687042000071, 14.606001765000087 ], [ 121.126331654000182, 14.606199461000074 ], [ 121.12571713300008, 14.605773456000122 ], [ 121.124775753000108, 14.606106184999987 ], [ 121.123339338000051, 14.605643611000119 ], [ 121.122509620000301, 14.605790440000078 ], [ 121.121669779000058, 14.606136227000036 ], [ 121.121526440000139, 14.605677981000099 ], [ 121.121302116000038, 14.605676018000054 ], [ 121.121179140000208, 14.605266120000067 ], [ 121.121218579000015, 14.604359018000139 ], [ 121.120804467000198, 14.604082944000027 ], [ 121.120830760000104, 14.603359890999968 ], [ 121.118129175000149, 14.603511075000029 ], [ 121.117333817000031, 14.603622819000066 ], [ 121.117353537000099, 14.603110109999989 ], [ 121.114265787000022, 14.603124590000164 ], [ 121.11407833300018, 14.60303072 ], [ 121.113286546000154, 14.601639693000095 ], [ 121.109436065000182, 14.600791559000129 ], [ 121.109558793000019, 14.601025328000162 ], [ 121.109436065000182, 14.601329227000178 ], [ 121.109821784000019, 14.601750012000082 ], [ 121.10945944200023, 14.602141575000076 ], [ 121.109155542000281, 14.60212988700016 ], [ 121.109126321000076, 14.602538983000102 ], [ 121.106821, 14.601586876000113 ], [ 121.106569821000107, 14.601981536000039 ], [ 121.105719494000027, 14.603391834000035 ], [ 121.105590908000067, 14.603731965 ], [ 121.101932758000089, 14.615649672000131 ], [ 121.101666700000237, 14.616932567000163 ], [ 121.10162320100028, 14.617594174000089 ], [ 121.101644406000219, 14.618594488000099 ], [ 121.101878665000072, 14.620657343000119 ], [ 121.104959842000085, 14.621358134000104 ], [ 121.104691113000285, 14.622044361000178 ], [ 121.104399437000097, 14.622481875000119 ], [ 121.104628611000066, 14.622783969000068 ], [ 121.104816117000155, 14.623242317000177 ], [ 121.104784866000159, 14.623606913000117 ], [ 121.104639028000179, 14.623784002000093 ], [ 121.104711947000055, 14.624106929000106 ], [ 121.104389020000099, 14.624481942000159 ], [ 121.103990208000141, 14.624620055000094 ], [ 121.104003590000161, 14.625086129000124 ], [ 121.103889003000177, 14.6252632180001 ], [ 121.104082502000097, 14.625949190000028 ], [ 121.103836625000099, 14.626708193000013 ], [ 121.104645228000095, 14.62745353300005 ], [ 121.104779773000018, 14.62786567600017 ], [ 121.104914318000056, 14.628364585000156 ], [ 121.10503404200017, 14.629886167000109 ], [ 121.105145662000155, 14.630011182000032 ], [ 121.105409087000226, 14.630073690000074 ], [ 121.105534101000217, 14.630569285000092 ], [ 121.105471594000164, 14.631247937000126 ], [ 121.105801991000021, 14.631917659000123 ], [ 121.105815385000028, 14.63202928000004 ], [ 121.105502848000015, 14.632319493000182 ], [ 121.105462664000129, 14.632524875000115 ], [ 121.105498383000281, 14.632654354000067 ], [ 121.105663581000272, 14.632779369 ], [ 121.105699300000083, 14.633016005000059 ], [ 121.105890444000124, 14.633347035000099 ], [ 121.106872620000217, 14.634448512000176 ], [ 121.107075221000059, 14.634747082000047 ], [ 121.107149863000018, 14.635184274000153 ], [ 121.107277822000015, 14.635344222000072 ], [ 121.107800320000024, 14.635984015000133 ], [ 121.108344144000284, 14.636399881000102 ], [ 121.108536082000228, 14.636495850000131 ], [ 121.109846968000284, 14.636311172000092 ], [ 121.110778683000035, 14.635865803000115 ] ] ], [ [ [ 121.132182979000163, 14.596012464000182 ], [ 121.132821044000138, 14.595314799000107 ], [ 121.133455603000129, 14.595777572000088 ], [ 121.133646813000155, 14.595473905000119 ], [ 121.133184412000332, 14.595018844000037 ], [ 121.132956881000041, 14.595040863000179 ], [ 121.132824767000329, 14.594916089000151 ], [ 121.132934862000297, 14.59417478 ], [ 121.131121958000222, 14.59372705800007 ], [ 121.129756775000146, 14.593756417000122 ], [ 121.129816658000095, 14.592280055000174 ], [ 121.130116950000229, 14.590702035 ], [ 121.129830216000073, 14.589473371000111 ], [ 121.130040916000098, 14.589351848000092 ], [ 121.129985509000107, 14.588917710999965 ], [ 121.130160433000015, 14.588779612 ], [ 121.130345063000163, 14.588733911000077 ], [ 121.131016644000056, 14.588816438000038 ], [ 121.131271243000015, 14.587852546000022 ], [ 121.130585786000097, 14.587195365000127 ], [ 121.13044440200008, 14.587327323000011 ], [ 121.129860016000066, 14.587270769000156 ], [ 121.129407588000163, 14.58738387600016 ], [ 121.129087118000257, 14.587610090000055 ], [ 121.128917458000046, 14.587308472000132 ], [ 121.128342497000062, 14.586978576000035 ], [ 121.128301786000293, 14.586678357000153 ], [ 121.128031453000062, 14.586724086000117 ], [ 121.127918346000229, 14.586922023000056 ], [ 121.127531898000029, 14.586799490000146 ], [ 121.127098321000062, 14.587016279000068 ], [ 121.126617616000203, 14.586922023000056 ], [ 121.126372551000145, 14.58711996 ], [ 121.125986102000184, 14.587101109000116 ], [ 121.125957826000331, 14.586629830000106 ], [ 121.125590228000078, 14.586563851000108 ], [ 121.125269758000059, 14.586017166999966 ], [ 121.125458270000081, 14.585479909000128 ], [ 121.125477121000131, 14.584876672 ], [ 121.12538286500012, 14.584433669000077 ], [ 121.12507182100012, 14.583830432000127 ], [ 121.1247513510001, 14.583679623000023 ], [ 121.12475841100013, 14.583489008000129 ], [ 121.117283576000091, 14.585860280000077 ], [ 121.117442193000329, 14.586863252000057 ], [ 121.117334001000131, 14.58695942300011 ], [ 121.11672091700018, 14.587067614000091 ], [ 121.116558630000327, 14.587512401000083 ], [ 121.116662597000186, 14.587766576000035 ], [ 121.116919268000174, 14.587704741000152 ], [ 121.117171714000051, 14.587458305000041 ], [ 121.117406129000187, 14.587596549000068 ], [ 121.117544373000101, 14.587800911000102 ], [ 121.117640544000096, 14.588660431 ], [ 121.117562405000172, 14.588960963000034 ], [ 121.117183736000015, 14.589093197000125 ], [ 121.116943310000011, 14.588978995000105 ], [ 121.116546609000125, 14.58912325 ], [ 121.116466652000213, 14.589233032000038 ], [ 121.116680268000096, 14.589427652000154 ], [ 121.116756134000184, 14.589718222000045 ], [ 121.116294162000145, 14.591485428000055 ], [ 121.116378311000062, 14.59166574700015 ], [ 121.11681107600009, 14.591882130000045 ], [ 121.116991395000014, 14.592224736000162 ], [ 121.117476263000185, 14.59203043500014 ], [ 121.117999181000073, 14.592084905000036 ], [ 121.118293322000113, 14.591965070000128 ], [ 121.118500311000162, 14.592019541000127 ], [ 121.118992509, 14.592496389000132 ], [ 121.119038167000099, 14.592840895000052 ], [ 121.120077308000191, 14.592952122000099 ], [ 121.120077308000191, 14.593359980000116 ], [ 121.120515806000185, 14.593318222 ], [ 121.120292916000039, 14.594609467 ], [ 121.12168022600008, 14.594796602000145 ], [ 121.122885051000026, 14.595065700000191 ], [ 121.123097824000297, 14.594045018000088 ], [ 121.124324626000202, 14.594308206000051 ], [ 121.124324124000168, 14.594115377000151 ], [ 121.126425653000069, 14.594533691000152 ], [ 121.127411679000147, 14.595270720000087 ], [ 121.128238347000092, 14.595579474999965 ], [ 121.129383730000086, 14.595718913000155 ], [ 121.130824574000144, 14.596449040999971 ], [ 121.13152413600028, 14.596490489000018 ], [ 121.132292279000012, 14.596239738000179 ], [ 121.132182979000163, 14.596012464000182 ] ] ] ] } },
{ "type": "Feature", "properties": { "psgc_code": "0405805016", "name": "San Juan", "region": "Region IV-A (Calabarzon)", "province": "Rizal", "municipality": "Cainta", "barangay": "San Juan", "level": "barangay" }, "geometry": { "type": "Polygon", "coordinates": [ [ [ 121.136403926000071, 14.599633005000157 ], [ 121.136743969000122, 14.598409741000012 ], [ 121.137241825000046, 14.597169526000187 ], [ 121.137069999000232, 14.596859107000171 ], [ 121.137123770000017, 14.596375169999988 ], [ 121.137062318000062, 14.595983412000066 ], [ 121.136831872000016, 14.595522520000145 ], [ 121.136970139000141, 14.595238302999974 ], [ 121.137769019000189, 14.594877271000144 ], [ 121.137893350000013, 14.595065086000147 ], [ 121.138069889, 14.595130126000186 ], [ 121.138218375000065, 14.595070652000061 ], [ 121.138885728000105, 14.596119350000151 ], [ 121.139314741000021, 14.597120380000035 ], [ 121.139564998000196, 14.597275301000138 ], [ 121.14163856000016, 14.597942655000111 ], [ 121.141960320000067, 14.597918820000189 ], [ 121.14238933300021, 14.59777581600008 ], [ 121.143282172000227, 14.596918257000084 ], [ 121.144543650000173, 14.596418281000126 ], [ 121.145135930000151, 14.596364437000091 ], [ 121.145420531000013, 14.596472125000105 ], [ 121.145662900000048, 14.596682000000158 ], [ 121.146358100000043, 14.596366399999965 ], [ 121.146890300000337, 14.596283300000039 ], [ 121.147122000000195, 14.596042399999988 ], [ 121.147138537000046, 14.595692317000101 ], [ 121.147559700000102, 14.595534 ], [ 121.148040300000275, 14.59468680000009 ], [ 121.148435100000256, 14.594371100000103 ], [ 121.148409400000105, 14.593922600000099 ], [ 121.148006000000123, 14.593150100000116 ], [ 121.148100400000089, 14.59280960000001 ], [ 121.148435100000256, 14.592427500000042 ], [ 121.148581100000115, 14.592319499999974 ], [ 121.148795600000085, 14.592369400000052 ], [ 121.148915800000054, 14.59288429999998 ], [ 121.149327800000037, 14.593681700000047 ], [ 121.149447900000041, 14.593781400000125 ], [ 121.14956810000001, 14.593839500000172 ], [ 121.15010030000019, 14.593681700000047 ], [ 121.150254800000198, 14.593548800000065 ], [ 121.1502719, 14.593133500000022 ], [ 121.150126000000228, 14.592452400000127 ], [ 121.150074500000187, 14.591704900000138 ], [ 121.149351875000207, 14.59152789 ], [ 121.148869034000086, 14.59118990200011 ], [ 121.148695212000121, 14.59059118000016 ], [ 121.147661934000098, 14.590359417000059 ], [ 121.146722688000182, 14.590278311000134 ], [ 121.146326718000068, 14.589795948000074 ], [ 121.144273409000107, 14.58971268200014 ], [ 121.143577897000114, 14.589586796 ], [ 121.143179303000011, 14.589371555000071 ], [ 121.142350227000179, 14.589148342000158 ], [ 121.14073937, 14.58985798000009 ], [ 121.140552289000084, 14.589351158000056 ], [ 121.14006367900015, 14.589157986000032 ], [ 121.140853286000038, 14.58849098200011 ], [ 121.141113667000127, 14.588173644000165 ], [ 121.141341613, 14.587683641000183 ], [ 121.140800350000063, 14.587111151999977 ], [ 121.140016819000152, 14.584793592000096 ], [ 121.139675928000088, 14.584469746000082 ], [ 121.139552830000071, 14.58413785800019 ], [ 121.139344937000033, 14.584155678000059 ], [ 121.139273659000082, 14.58404876100019 ], [ 121.139392455, 14.583413202000088 ], [ 121.139267720000248, 14.58289050000019 ], [ 121.139142984000046, 14.582771704000095 ], [ 121.138863813000171, 14.582831102000057 ], [ 121.13866186000007, 14.582985537000127 ], [ 121.138733137000031, 14.583442901000126 ], [ 121.138635873000112, 14.583676039000068 ], [ 121.138275030000045, 14.583956694000108 ], [ 121.137539980000156, 14.585012494000068 ], [ 121.137473157000045, 14.585266421000028 ], [ 121.136871752000047, 14.585373337000021 ], [ 121.136751471000025, 14.585065952000036 ], [ 121.136818812000115, 14.584018146000062 ], [ 121.136434188000067, 14.582565322000107 ], [ 121.134366468000053, 14.583856732000186 ], [ 121.132156162000342, 14.583534221000036 ], [ 121.131000159000223, 14.581540075000078 ], [ 121.131083633000117, 14.581519920000119 ], [ 121.129864055000326, 14.577837585000168 ], [ 121.130083485000227, 14.57752535200018 ], [ 121.126368506000063, 14.575430737000147 ], [ 121.125836057000129, 14.574720303000163 ], [ 121.125974716000087, 14.57459673600016 ], [ 121.12584384600018, 14.574441960000115 ], [ 121.125563768000234, 14.574566781999977 ], [ 121.125506842000163, 14.574484656000095 ], [ 121.125437489000205, 14.574538853999968 ], [ 121.12498913200011, 14.573671609000087 ], [ 121.124901831000102, 14.573734148000028 ], [ 121.123898111000017, 14.571294199000022 ], [ 121.124000558000034, 14.571049902000141 ], [ 121.123514217000206, 14.569002000000182 ], [ 121.123271939000233, 14.568504142 ], [ 121.123149764000118, 14.567243856000175 ], [ 121.121480574000088, 14.567179033000059 ], [ 121.121360408000101, 14.566427811000096 ], [ 121.120331061000115, 14.563095262000104 ], [ 121.119219225000279, 14.563479566000126 ], [ 121.118702641000027, 14.563044842000011 ], [ 121.118531345000065, 14.562471475000109 ], [ 121.117584667000074, 14.561005936000072 ], [ 121.11915284600002, 14.560371731000089 ], [ 121.118085708000194, 14.559494177000147 ], [ 121.116842993000319, 14.557397682000158 ], [ 121.118353683000123, 14.55505820500008 ], [ 121.116096162000076, 14.553816076000089 ], [ 121.11354305500015, 14.557468227000015 ], [ 121.107617851000327, 14.565651548000062 ], [ 121.10860423500003, 14.566364926000119 ], [ 121.110029810000015, 14.567240921 ], [ 121.110532213000056, 14.566620034999971 ], [ 121.111342011000261, 14.565367827000102 ], [ 121.111677997000015, 14.565687798000056 ], [ 121.112543528000288, 14.565952266000068 ], [ 121.113072464000197, 14.565844075000086 ], [ 121.114587143000222, 14.565056682000034 ], [ 121.115350493000278, 14.565375245000041 ], [ 121.115951556000027, 14.565880139000058 ], [ 121.116558630000327, 14.566553329000158 ], [ 121.116865172000075, 14.567136360000177 ], [ 121.116572832000088, 14.567808688000184 ], [ 121.114517184000192, 14.567822679000187 ], [ 121.114545250000219, 14.568842643000039 ], [ 121.114115835000121, 14.56886214400015 ], [ 121.114167868000095, 14.569588712000041 ], [ 121.116552717000104, 14.569278681000071 ], [ 121.116489699000226, 14.568883284000094 ], [ 121.11670188100004, 14.568886499000087 ], [ 121.116769002000183, 14.568729178000126 ], [ 121.117171714000051, 14.568795295000029 ], [ 121.117995171000075, 14.568548859000089 ], [ 121.118361819000029, 14.568669071000045 ], [ 121.118494053000177, 14.568867422000039 ], [ 121.118506074000038, 14.569053752000173 ], [ 121.118439958000067, 14.569336252000085 ], [ 121.118163468000034, 14.569769017000112 ], [ 121.118181500000105, 14.569919283000104 ], [ 121.119047031000036, 14.570814867000138 ], [ 121.119227350000187, 14.571397898000157 ], [ 121.11911314800011, 14.571518111000046 ], [ 121.118415915000128, 14.571740504000104 ], [ 121.118043256000078, 14.571962897000105 ], [ 121.118013203000146, 14.572311514000091 ], [ 121.119215329000099, 14.573976459000107 ], [ 121.119329531000176, 14.57423491600008 ], [ 121.11913719100005, 14.57497422400013 ], [ 121.119720222000069, 14.575437042000033 ], [ 121.119834424000146, 14.575821723000161 ], [ 121.119744265, 14.576050127000087 ], [ 121.119443733000026, 14.576386722000109 ], [ 121.119383627000047, 14.577186136000023 ], [ 121.11929947800013, 14.577396508000163 ], [ 121.118716447000111, 14.578129805000174 ], [ 121.118283681000321, 14.578286082000034 ], [ 121.118163468000034, 14.578448369000057 ], [ 121.117995171000075, 14.579530282000178 ], [ 121.118115383000259, 14.580672302000153 ], [ 121.118061288000149, 14.580978844000128 ], [ 121.118976701000292, 14.581131321000043 ], [ 121.119946787000117, 14.581509938000181 ], [ 121.120005181000124, 14.581323455000131 ], [ 121.122632772000202, 14.582172723000042 ], [ 121.123273398000265, 14.582285077000108 ], [ 121.123474846000022, 14.581734143000176 ], [ 121.12376430900008, 14.581892032000155 ], [ 121.123685365000028, 14.582242896000082 ], [ 121.12369413600004, 14.58302356900009 ], [ 121.123857656000155, 14.58377669000015 ], [ 121.12475841100013, 14.583489008000129 ], [ 121.1247513510001, 14.583679623000023 ], [ 121.12507182100012, 14.583830432000127 ], [ 121.12538286500012, 14.584433669000077 ], [ 121.125514823000231, 14.585150014000078 ], [ 121.125269758000059, 14.586017166999966 ], [ 121.125590228000078, 14.586563851000108 ], [ 121.125957826000331, 14.586629830000106 ], [ 121.125986102000184, 14.587101109000116 ], [ 121.126372551000145, 14.58711996 ], [ 121.126617616000203, 14.586922023000056 ], [ 121.127098321000062, 14.587016279000068 ], [ 121.127531898000029, 14.586799490000146 ], [ 121.127918346000229, 14.586922023000056 ], [ 121.128031453000062, 14.586724086000117 ], [ 121.128301786000293, 14.586678357000153 ], [ 121.128342497000062, 14.586978576000035 ], [ 121.128917458000046, 14.587308472000132 ], [ 121.129087118000257, 14.587610090000055 ], [ 121.129407588000163, 14.58738387600016 ], [ 121.129860016000066, 14.587270769000156 ], [ 121.13044440200008, 14.587327323000011 ], [ 121.130585786000097, 14.587195365000127 ], [ 121.131271243000015, 14.587852546000022 ], [ 121.131016644000056, 14.588816438000038 ], [ 121.130345063000163, 14.588733911000077 ], [ 121.130160433000015, 14.588779612 ], [ 121.129985509000107, 14.588917710999965 ], [ 121.130040916000098, 14.589351848000092 ], [ 121.129830216000073, 14.589473371000111 ], [ 121.130116950000229, 14.590702035 ], [ 121.129816658000095, 14.592280055000174 ], [ 121.129756775000146, 14.593756417000122 ], [ 121.131121958000222, 14.59372705800007 ], [ 121.132934862000297, 14.59417478 ], [ 121.132824767000329, 14.594916089000151 ], [ 121.132956881000041, 14.595040863000179 ], [ 121.133184412000332, 14.595018844000037 ], [ 121.133646813000155, 14.595473905000119 ], [ 121.133455603000129, 14.595777572000088 ], [ 121.132821044000138, 14.595314799000107 ], [ 121.132182979000163, 14.596012464000182 ], [ 121.133223297000086, 14.59822543100006 ], [ 121.133100805000254, 14.599025230000052 ], [ 121.133172859000183, 14.599399911000091 ], [ 121.134397777000117, 14.599486376000016 ], [ 121.136387132000095, 14.600013673000035 ], [ 121.136403926000071, 14.599633005000157 ] ] ] } },
{ "type": "Feature", "properties": { "psgc_code": "0405805017", "name": "San Roque", "region": "Region IV-A (Calabarzon)", "province": "Rizal", "municipality": "Cainta", "barangay": "San Roque", "level": "barangay" }, "geometry": { "type": "Polygon", "coordinates": [ [ [ 121.119381697000222, 14.577087716000051 ], [ 121.119443733000026, 14.576386722000109 ], [ 121.119744265, 14.576050127000087 ], [ 121.119834424000146, 14.575821723000161 ], [ 121.119810381000207, 14.575617361000127 ], [ 121.119563946000085, 14.575256723000166 ], [ 121.11913719100005, 14.57497422400013 ], [ 121.119329531000176, 14.57423491600008 ], [ 121.11909511600004, 14.573760076000042 ], [ 121.118013203000146, 14.572311514000091 ], [ 121.118043256000078, 14.571962897000105 ], [ 121.118415915000128, 14.571740504000104 ], [ 121.11911314800011, 14.571518111000046 ], [ 121.119227350000187, 14.571397898000157 ], [ 121.119047031000036, 14.570814867000138 ], [ 121.118181500000105, 14.569919283000104 ], [ 121.118163468000034, 14.569769017000112 ], [ 121.118439958000067, 14.569336252000085 ], [ 121.118506074000038, 14.569053752000173 ], [ 121.118494053000177, 14.568867422000039 ], [ 121.118361819000029, 14.568669071000045 ], [ 121.117995171000075, 14.568548859000089 ], [ 121.117171714000051, 14.568795295000029 ], [ 121.116769002000183, 14.568729178000126 ], [ 121.11670188100004, 14.568886499000087 ], [ 121.116489699000226, 14.568883284000094 ], [ 121.116552717000104, 14.569278681000071 ], [ 121.114167868000095, 14.569588712000041 ], [ 121.114109503000122, 14.570338400000082 ], [ 121.113259826000103, 14.570370596000089 ], [ 121.112949348000143, 14.572806409000066 ], [ 121.114826363000134, 14.573047027000086 ], [ 121.114696790000153, 14.574320537000119 ], [ 121.11426660900031, 14.574315861000116 ], [ 121.114296790000026, 14.574990801000183 ], [ 121.115819312000099, 14.575044962000106 ], [ 121.116069178000203, 14.576371862000144 ], [ 121.116220081000165, 14.576461738000091 ], [ 121.116732108000292, 14.576542714000027 ], [ 121.117398179000247, 14.576470850000135 ], [ 121.119381697000222, 14.577087716000051 ] ] ] } },
{ "type": "Feature", "properties": { "psgc_code": "0405805018", "name": "Santa Rosa", "region": "Region IV-A (Calabarzon)", "province": "Rizal", "municipality": "Cainta", "barangay": "Santa Rosa", "level": "barangay" }, "geometry": { "type": "Polygon", "coordinates": [ [ [ 121.116892079000081, 14.580872831000136 ], [ 121.117215141000202, 14.579318182000179 ], [ 121.117282786000033, 14.579197807000071 ], [ 121.117565860000013, 14.579206319999969 ], [ 121.117722931000117, 14.578265389000023 ], [ 121.116424841000025, 14.578098124000121 ], [ 121.116184494000095, 14.5788960860001 ], [ 121.116576306000184, 14.578989524000178 ], [ 121.1161411920001, 14.580620616000147 ], [ 121.116262271000096, 14.580667265000159 ], [ 121.116302006000069, 14.580570467000143 ], [ 121.116433123000206, 14.580600533000165 ], [ 121.116411002000063, 14.580670765000093 ], [ 121.11654885400003, 14.580756675000089 ], [ 121.116892079000081, 14.580872831000136 ] ] ] } },
{ "type": "Feature", "properties": { "psgc_code": "0405805019", "name": "Santo Niño", "region": "Region IV-A (Calabarzon)", "province": "Rizal", "municipality": "Cainta", "barangay": "Santo Niño", "level": "barangay" }, "geometry": { "type": "Polygon", "coordinates": [ [ [ 121.117283576000091, 14.585860280000077 ], [ 121.123857656000155, 14.58377669000015 ], [ 121.12369413600004, 14.58302356900009 ], [ 121.123685365000028, 14.582242896000082 ], [ 121.12376430900008, 14.581892032000155 ], [ 121.123474846000022, 14.581734143000176 ], [ 121.123273398000265, 14.582285077000108 ], [ 121.122632772000202, 14.582172723000042 ], [ 121.120005181000124, 14.581323455000131 ], [ 121.119946787000117, 14.581509938000181 ], [ 121.118976701000292, 14.581131321000043 ], [ 121.118061288000149, 14.580978844000128 ], [ 121.118115383000259, 14.580672302000153 ], [ 121.117995171000075, 14.579530282000178 ], [ 121.118115383000259, 14.578622677000112 ], [ 121.117681880000191, 14.578511911000192 ], [ 121.117565860000013, 14.579206319999969 ], [ 121.117282786000033, 14.579197807000071 ], [ 121.117215141000202, 14.579318182000179 ], [ 121.116952675000334, 14.580785680000133 ], [ 121.116892079000081, 14.580872831000136 ], [ 121.11654885400003, 14.580756675000089 ], [ 121.116411002000063, 14.580670765000093 ], [ 121.116433123000206, 14.580600533000165 ], [ 121.116302006000069, 14.580570467000143 ], [ 121.116262271000096, 14.580667265000159 ], [ 121.1161411920001, 14.580620616000147 ], [ 121.116114161000041, 14.580742708000116 ], [ 121.115948671000069, 14.580665412000087 ], [ 121.115849129000026, 14.58089899099997 ], [ 121.115981609000073, 14.58126134400004 ], [ 121.115302408000161, 14.582048737000093 ], [ 121.115230280000219, 14.582235066000123 ], [ 121.115230280000219, 14.582421396000086 ], [ 121.115530812000202, 14.582745970000133 ], [ 121.115945546000034, 14.582667832000027 ], [ 121.116083790000289, 14.582709906000161 ], [ 121.116101822000019, 14.582974374 ], [ 121.115632993000077, 14.583551395000086 ], [ 121.115693099000055, 14.583671607000042 ], [ 121.116528577000054, 14.584044266000092 ], [ 121.116660811000202, 14.584194532000083 ], [ 121.116318205000084, 14.584999957000036 ], [ 121.116282141000056, 14.585414690000107 ], [ 121.116522566000185, 14.585625062000133 ], [ 121.117015438000067, 14.58546277500011 ], [ 121.117273895000267, 14.585480807000181 ], [ 121.117283576000091, 14.585860280000077 ] ] ] } },
{ "type": "Feature", "properties": { "psgc_code": "0405805020", "name": "Santo Domingo", "region": "Region IV-A (Calabarzon)", "province": "Rizal", "municipality": "Cainta", "barangay": "Santo Domingo", "level": "barangay" }, "geometry": { "type": "Polygon", "coordinates": [ [ [ 121.122509620000301, 14.605790440000078 ], [ 121.123339338000051, 14.605643611000119 ], [ 121.124775753000108, 14.606106184999987 ], [ 121.12571713300008, 14.605773456000122 ], [ 121.125714648000098, 14.601815189000092 ], [ 121.125504306000153, 14.60138793100009 ], [ 121.127795335000087, 14.600811399000122 ], [ 121.127791967000121, 14.599526855000079 ], [ 121.128499413000213, 14.598539510000023 ], [ 121.127590204000057, 14.598268912000037 ], [ 121.126615813000171, 14.598162468000112 ], [ 121.126674520000165, 14.59789222500001 ], [ 121.125552275000132, 14.597693540000023 ], [ 121.125706276000301, 14.59598747300015 ], [ 121.128264611000191, 14.596621702000164 ], [ 121.12974704900023, 14.596747562000076 ], [ 121.130100839000193, 14.596615300000167 ], [ 121.129174573000114, 14.596157147000156 ], [ 121.129383730000086, 14.595718913000155 ], [ 121.128238347000092, 14.595579474999965 ], [ 121.127411679000147, 14.595270720000087 ], [ 121.126425653000069, 14.594533691000152 ], [ 121.124324124000168, 14.594115377000151 ], [ 121.124324626000202, 14.594308206000051 ], [ 121.123097824000297, 14.594045018000088 ], [ 121.122885051000026, 14.595065700000191 ], [ 121.12168022600008, 14.594796602000145 ], [ 121.120292916000039, 14.594609467 ], [ 121.120515806000185, 14.593318222 ], [ 121.120077308000191, 14.593359980000116 ], [ 121.120077308000191, 14.592952122000099 ], [ 121.119038167000099, 14.592840895000052 ], [ 121.118992509, 14.592496389000132 ], [ 121.118500311000162, 14.592019541000127 ], [ 121.118293322000113, 14.591965070000128 ], [ 121.117999181000073, 14.592084905000036 ], [ 121.117476263000185, 14.59203043500014 ], [ 121.116991395000014, 14.592224736000162 ], [ 121.11681107600009, 14.591882130000045 ], [ 121.116378311000062, 14.59166574700015 ], [ 121.116299512000069, 14.591333023000175 ], [ 121.116756134000184, 14.589718222000045 ], [ 121.116680268000096, 14.589427652000154 ], [ 121.116466652000213, 14.589233032000038 ], [ 121.116546609000125, 14.58912325 ], [ 121.116943310000011, 14.588978995000105 ], [ 121.117183736000015, 14.589093197000125 ], [ 121.117562405000172, 14.588960963000034 ], [ 121.117640544000096, 14.588660431 ], [ 121.117544373000101, 14.587800911000102 ], [ 121.117406129000187, 14.587596549000068 ], [ 121.117171714000051, 14.587458305000041 ], [ 121.116919268000174, 14.587704741000152 ], [ 121.116662597000186, 14.587766576000035 ], [ 121.116558630000327, 14.587512401000083 ], [ 121.11672091700018, 14.587067614000091 ], [ 121.117334001000131, 14.58695942300011 ], [ 121.117442193000329, 14.586863252000057 ], [ 121.117303948000199, 14.586244157000124 ], [ 121.117273895000267, 14.585480807000181 ], [ 121.117015438000067, 14.58546277500011 ], [ 121.116522566000185, 14.585625062000133 ], [ 121.116282141000056, 14.585414690000107 ], [ 121.116318205000084, 14.584999957000036 ], [ 121.116660811000202, 14.584194532000083 ], [ 121.116528577000054, 14.584044266000092 ], [ 121.115693099000055, 14.583671607000042 ], [ 121.115632993000077, 14.583551395000086 ], [ 121.116101822000019, 14.582974374 ], [ 121.116083790000289, 14.582709906000161 ], [ 121.115945546000034, 14.582667832000027 ], [ 121.115530812000202, 14.582745970000133 ], [ 121.115230280000219, 14.582421396000086 ], [ 121.115302408000161, 14.582048737000093 ], [ 121.115981609000073, 14.58126134400004 ], [ 121.115849129000026, 14.58089899099997 ], [ 121.115948671000069, 14.580665412000087 ], [ 121.116114161000041, 14.580742708000116 ], [ 121.116576306000184, 14.578989524000178 ], [ 121.116184494000095, 14.5788960860001 ], [ 121.116339355000036, 14.578448816000048 ], [ 121.115398134000088, 14.578308113 ], [ 121.114953515000138, 14.578456947000063 ], [ 121.114572952000344, 14.578481439000143 ], [ 121.114460433000204, 14.578532125000095 ], [ 121.114604793000012, 14.578714144000116 ], [ 121.114362893000134, 14.578882969000176 ], [ 121.114292379000176, 14.579369762 ], [ 121.113539723000031, 14.579332381000029 ], [ 121.113543511000216, 14.579202070000179 ], [ 121.113305886000148, 14.579229454000142 ], [ 121.113114883000094, 14.579088555000112 ], [ 121.112237232000211, 14.579407697000022 ], [ 121.112315162000073, 14.579539718000035 ], [ 121.111840619000304, 14.58004507600009 ], [ 121.111780519000149, 14.580213444000037 ], [ 121.109036165000134, 14.579963428000099 ], [ 121.108765454000149, 14.58008941900016 ], [ 121.109068806000209, 14.581016025000054 ], [ 121.108875555000168, 14.581532970000126 ], [ 121.109028545000342, 14.58226893200009 ], [ 121.108935141000075, 14.582560418000071 ], [ 121.10869679800021, 14.582710187000089 ], [ 121.108671032000188, 14.582992011000158 ], [ 121.108440742000084, 14.583206197000095 ], [ 121.108369883000023, 14.583653894000122 ], [ 121.108181464000154, 14.58375213000005 ], [ 121.108131541000034, 14.583863249000103 ], [ 121.108282920000192, 14.584104812000135 ], [ 121.108176633000198, 14.584483261000059 ], [ 121.108340895000083, 14.585402811000108 ], [ 121.108207231000051, 14.585650816000111 ], [ 121.108402798000043, 14.58613493200005 ], [ 121.10849300800021, 14.586692117000041 ], [ 121.108339119000107, 14.587164396000105 ], [ 121.108642718000169, 14.587715427000148 ], [ 121.103456731000165, 14.588897737000082 ], [ 121.103551446000097, 14.589481541999987 ], [ 121.10353552000015, 14.590500772000155 ], [ 121.103695172000016, 14.593668617000162 ], [ 121.104732518000105, 14.59358362100005 ], [ 121.104845804000206, 14.593488223000122 ], [ 121.104726556000287, 14.592528273000141 ], [ 121.10475710500009, 14.592228198000043 ], [ 121.10668952900005, 14.592275763000032 ], [ 121.106644268000196, 14.591792054000052 ], [ 121.106774268000095, 14.591662054000096 ], [ 121.10757307900019, 14.591596938000066 ], [ 121.107643117000066, 14.591823213000055 ], [ 121.107908029000214, 14.591836399000044 ], [ 121.107940367000197, 14.592313055000091 ], [ 121.110449782000046, 14.59223544800011 ], [ 121.110270491000051, 14.592971484000088 ], [ 121.110289364000096, 14.593971738999983 ], [ 121.110180846000048, 14.594523767 ], [ 121.109855291000031, 14.594769112000165 ], [ 121.109756209000011, 14.59506164000004 ], [ 121.109444809000138, 14.595538176000048 ], [ 121.109440863000032, 14.597255581000127 ], [ 121.106821, 14.601586876000113 ], [ 121.109126321000076, 14.602538983000102 ], [ 121.109155542000281, 14.60212988700016 ], [ 121.10945944200023, 14.602141575000076 ], [ 121.109821784000019, 14.601750012000082 ], [ 121.109436065000182, 14.601329227000178 ], [ 121.109558793000019, 14.601025328000162 ], [ 121.109436065000182, 14.600791559000129 ], [ 121.113286546000154, 14.601639693000095 ], [ 121.11407833300018, 14.60303072 ], [ 121.114265787000022, 14.603124590000164 ], [ 121.117353537000099, 14.603110109999989 ], [ 121.117333817000031, 14.603622819000066 ], [ 121.118129175000149, 14.603511075000029 ], [ 121.120830760000104, 14.603359890999968 ], [ 121.120804467000198, 14.604082944000027 ], [ 121.121218579000015, 14.604359018000139 ], [ 121.121179140000208, 14.605266120000067 ], [ 121.121302116000038, 14.605676018000054 ], [ 121.121526440000139, 14.605677981000099 ], [ 121.121669779000058, 14.606136227000036 ], [ 121.122509620000301, 14.605790440000078 ] ] ] } },
{ "type": "Feature", "properties": { "psgc_code": "0405806002", "name": "Balibago", "region": "Region IV-A (Calabarzon)", "province": "Rizal", "municipality": "Cardona", "barangay": "Balibago", "level": "barangay" }, "geometry": { "type": "Polygon", "coordinates": [ [ [ 121.231147704000023, 14.332812826 ], [ 121.242529319000141, 14.330260964000104 ], [ 121.242798197000184, 14.329831830000103 ], [ 121.242114102000187, 14.329852956000082 ], [ 121.241633336000177, 14.328930913000079 ], [ 121.24161067700004, 14.32749024900005 ], [ 121.24112376100004, 14.326488867000023 ], [ 121.241155347000017, 14.325914225000076 ], [ 121.24123790100009, 14.325756249000108 ], [ 121.240994378000096, 14.324829356000066 ], [ 121.240988580000135, 14.324703766000027 ], [ 121.241270743000086, 14.324150802000077 ], [ 121.241265511000051, 14.323952530000042 ], [ 121.24074003200019, 14.323552170000085 ], [ 121.240518077000047, 14.322466849000079 ], [ 121.240503259000207, 14.321759708000116 ], [ 121.240625771000055, 14.32082231000004 ], [ 121.240715099000113, 14.320664384999986 ], [ 121.240720763000127, 14.319937571000082 ], [ 121.241124225000021, 14.319471407000037 ], [ 121.241249185000129, 14.319089082000119 ], [ 121.241301664000048, 14.318441907000135 ], [ 121.241543570000204, 14.317835781999975 ], [ 121.241761559000224, 14.316819797000051 ], [ 121.242317434000142, 14.315925252 ], [ 121.242431835000048, 14.315529783000045 ], [ 121.242367906000027, 14.315644581000129 ], [ 121.239987188000214, 14.315688949999981 ], [ 121.234854297000197, 14.317743148000147 ], [ 121.231898691000083, 14.318173968999986 ], [ 121.230536357000119, 14.323414446000072 ], [ 121.228579739000224, 14.325720500000102 ], [ 121.229630822000104, 14.330097679000176 ], [ 121.229559853000183, 14.330577707000089 ], [ 121.229823016000182, 14.331169823000039 ], [ 121.229543406000289, 14.331909968000105 ], [ 121.229691435000063, 14.33347249600007 ], [ 121.231147704000023, 14.332812826 ] ] ] } },
{ "type": "Feature", "properties": { "psgc_code": "0405806005", "name": "Boor", "region": "Region IV-A (Calabarzon)", "province": "Rizal", "municipality": "Cardona", "barangay": "Boor", "level": "barangay" }, "geometry": { "type": "Polygon", "coordinates": [ [ [ 121.235952543000053, 14.37281571300008 ], [ 121.236165994000089, 14.372324073000073 ], [ 121.236259013000222, 14.371587676000161 ], [ 121.236555700000167, 14.37083862500009 ], [ 121.236698002000026, 14.369379681000169 ], [ 121.237444859000107, 14.368704853000111 ], [ 121.237945537000314, 14.367900617000032 ], [ 121.238005805000171, 14.36763174400005 ], [ 121.238230777000126, 14.364897683000038 ], [ 121.238304695000011, 14.364742309000178 ], [ 121.23832877700022, 14.363523456000109 ], [ 121.238417900000059, 14.363283147000061 ], [ 121.238843977000215, 14.362719323000135 ], [ 121.238880487000074, 14.361769883000079 ], [ 121.239062165000178, 14.360849870999971 ], [ 121.23906781900007, 14.360126998000112 ], [ 121.239443249000033, 14.356742007000094 ], [ 121.239548346000106, 14.356317543000159 ], [ 121.23991425600002, 14.356008416000066 ], [ 121.240017468000019, 14.355824910000138 ], [ 121.239993044000016, 14.355229386000076 ], [ 121.24017183, 14.354677896000112 ], [ 121.240133419000017, 14.354011393000121 ], [ 121.240379266000332, 14.352647685000079 ], [ 121.229731407000145, 14.352049850000071 ], [ 121.229717922000191, 14.358028368000021 ], [ 121.229817479000189, 14.360932112000114 ], [ 121.229497505000154, 14.36245245300006 ], [ 121.230258098000149, 14.370393485000022 ], [ 121.230095689000109, 14.373242229000027 ], [ 121.235952543000053, 14.37281571300008 ] ] ] } },
{ "type": "Feature", "properties": { "psgc_code": "0405806007", "name": "Calahan", "region": "Region IV-A (Calabarzon)", "province": "Rizal", "municipality": "Cardona", "barangay": "Calahan", "level": "barangay" }, "geometry": { "type": "MultiPolygon", "coordinates": [ [ [ [ 121.233030876000043, 14.500679266000191 ], [ 121.238439042000209, 14.498625354000069 ], [ 121.238523197000177, 14.498728930000141 ], [ 121.239559146000147, 14.498433514 ], [ 121.239758375000065, 14.49793276000014 ], [ 121.239724822000198, 14.497271368000156 ], [ 121.239330217000088, 14.496500227000183 ], [ 121.239236911000035, 14.496039878000033 ], [ 121.238176237000062, 14.495320409000101 ], [ 121.237855706000119, 14.494990583000174 ], [ 121.237891800000057, 14.494512314000133 ], [ 121.238219844000014, 14.493891415000178 ], [ 121.238189273000103, 14.493670805000022 ], [ 121.237998190000098, 14.493316763000053 ], [ 121.238428882000107, 14.492791081000064 ], [ 121.238431070000047, 14.492514049000079 ], [ 121.237670111000057, 14.492306851000137 ], [ 121.237449256000218, 14.491631460000121 ], [ 121.237219003000064, 14.4913274970001 ], [ 121.236272935000102, 14.49082926300008 ], [ 121.235978261000128, 14.490499628000123 ], [ 121.235985034, 14.489643347000026 ], [ 121.235767162000116, 14.48940873700019 ], [ 121.235336137000104, 14.489159934000099 ], [ 121.234515106000117, 14.488379287999976 ], [ 121.23415303000013, 14.487452771000164 ], [ 121.234038056000031, 14.487525581000114 ], [ 121.234020224, 14.487754628000175 ], [ 121.233568585000057, 14.487948631000165 ], [ 121.231644338000024, 14.490852589999974 ], [ 121.228837868000028, 14.493500669000184 ], [ 121.225923353000212, 14.495513189000064 ], [ 121.225977135000221, 14.495705269000155 ], [ 121.226100067000061, 14.495812834000048 ], [ 121.226576427000055, 14.495974182000111 ], [ 121.226691675000325, 14.496496641000078 ], [ 121.227098886000022, 14.496704088000115 ], [ 121.22673009100015, 14.49688848500017 ], [ 121.226674388000106, 14.497656807000112 ], [ 121.226847260000113, 14.498486595000031 ], [ 121.227100807000056, 14.498670993000019 ], [ 121.227504176000139, 14.499339433000102 ], [ 121.227458076000062, 14.499800426000149 ], [ 121.227607899000077, 14.500100072000066 ], [ 121.228126517000078, 14.500526491000073 ], [ 121.228241765, 14.500745462000168 ], [ 121.227737470000079, 14.501161847000049 ], [ 121.22752812900012, 14.501502868000102 ], [ 121.227295549000019, 14.502108814000167 ], [ 121.227310827000224, 14.502366981000137 ], [ 121.233030876000043, 14.500679266000191 ] ] ], [ [ [ 121.245874368000045, 14.487119092000171 ], [ 121.245186012000318, 14.486753720000138 ], [ 121.244991072000175, 14.486331992000032 ], [ 121.244690747000277, 14.486024333999978 ], [ 121.244347894000043, 14.486013941000124 ], [ 121.244073669000045, 14.486134581000158 ], [ 121.243894101000137, 14.486483030000102 ], [ 121.243896993000021, 14.486796297000183 ], [ 121.24400304400001, 14.486938051000038 ], [ 121.244638281000221, 14.486903642000129 ], [ 121.245072279000055, 14.487280685000144 ], [ 121.245721423000077, 14.487507002000086 ], [ 121.246125920000281, 14.487496866000185 ], [ 121.246367895000162, 14.487389036000138 ], [ 121.246307570000226, 14.487224132000165 ], [ 121.245874368000045, 14.487119092000171 ] ] ], [ [ [ 121.236326380000037, 14.487756976000185 ], [ 121.236126395000042, 14.487828734000061 ], [ 121.236048589, 14.488159409 ], [ 121.235742209000136, 14.488456515000053 ], [ 121.235744294000028, 14.488606234000088 ], [ 121.235838287000092, 14.488708864999978 ], [ 121.236050870000099, 14.488697721000108 ], [ 121.236665690000223, 14.488256412000112 ], [ 121.236326380000037, 14.487756976000185 ] ] ] ] } },
{ "type": "Feature", "properties": { "psgc_code": "0405806008", "name": "Dalig", "region": "Region IV-A (Calabarzon)", "province": "Rizal", "municipality": "Cardona", "barangay": "Dalig", "level": "barangay" }, "geometry": { "type": "MultiPolygon", "coordinates": [ [ [ [ 121.232254213000147, 14.482544266 ], [ 121.232565137000165, 14.482452156000022 ], [ 121.233208744000194, 14.482784417000062 ], [ 121.233757217000175, 14.482889284000123 ], [ 121.235551825000016, 14.482317182000031 ], [ 121.235975090000125, 14.481911081000135 ], [ 121.236193710000066, 14.481232693000095 ], [ 121.236481769000193, 14.480762610000056 ], [ 121.237289666000152, 14.479931225000087 ], [ 121.237256514000023, 14.479219464000096 ], [ 121.237440381000056, 14.478849344000025 ], [ 121.237456736000127, 14.478415002000133 ], [ 121.237101931000325, 14.477518228000179 ], [ 121.236372740000093, 14.476568273000169 ], [ 121.23637438600008, 14.475541943000167 ], [ 121.235851683000078, 14.474631315000124 ], [ 121.235498673000052, 14.474326431000122 ], [ 121.235490676000154, 14.473703010000179 ], [ 121.235082002000127, 14.473082879000117 ], [ 121.234709113, 14.472840810000037 ], [ 121.23379245700005, 14.471902035000085 ], [ 121.233411567000189, 14.471855099000095 ], [ 121.232961739000075, 14.471536892000188 ], [ 121.232069978000141, 14.471536487000037 ], [ 121.23168993500019, 14.471382512 ], [ 121.23158113400018, 14.471249466000188 ], [ 121.231432387000041, 14.470448684000189 ], [ 121.230943297000067, 14.470193144000177 ], [ 121.230570967000176, 14.469881811999983 ], [ 121.230202804000101, 14.469860151999967 ], [ 121.229923208000059, 14.470078428000136 ], [ 121.229518194000207, 14.470629477000159 ], [ 121.229149183000118, 14.470714851000082 ], [ 121.229148234000149, 14.470834479000075 ], [ 121.229281731000015, 14.471112532000063 ], [ 121.229290760000026, 14.471603732 ], [ 121.229367153000226, 14.471749127000066 ], [ 121.230264002000013, 14.472738140999979 ], [ 121.230235162000326, 14.473115718000088 ], [ 121.229530504000081, 14.474074503000054 ], [ 121.230094716000053, 14.474521244000186 ], [ 121.230040494000036, 14.474614872000132 ], [ 121.230477723000035, 14.474592193000092 ], [ 121.230717139000149, 14.475130279000041 ], [ 121.230779078000069, 14.475762100000168 ], [ 121.230442235000169, 14.476435313000025 ], [ 121.229076306000024, 14.480350279000106 ], [ 121.228876735000085, 14.480804121000176 ], [ 121.228732659000116, 14.480904538000061 ], [ 121.228610412000194, 14.482017853000059 ], [ 121.228775137000071, 14.482217594000133 ], [ 121.230109109000296, 14.482902296000134 ], [ 121.232268321000106, 14.483125660000155 ], [ 121.232254213000147, 14.482544266 ] ] ], [ [ [ 121.237633410000171, 14.480407879000097 ], [ 121.237443139000106, 14.480451314000049 ], [ 121.237141752000184, 14.480718227000182 ], [ 121.237094250000155, 14.480902926000113 ], [ 121.237207844000295, 14.481094441000039 ], [ 121.237489620000019, 14.481124593000061 ], [ 121.237820714, 14.480740140000137 ], [ 121.237816774000066, 14.480510193000043 ], [ 121.237633410000171, 14.480407879000097 ] ] ], [ [ [ 121.238198731000125, 14.480972892000011 ], [ 121.238066055000331, 14.481011152000178 ], [ 121.237868080000226, 14.48130127100012 ], [ 121.237803359000054, 14.48148023400006 ], [ 121.237860156000124, 14.481575991000113 ], [ 121.237946615000055, 14.481559816000072 ], [ 121.23817965100011, 14.481202666 ], [ 121.238198731000125, 14.480972892000011 ] ] ], [ [ [ 121.234005646000014, 14.485793868000144 ], [ 121.233872883000117, 14.485421372000019 ], [ 121.233948203000182, 14.484886730000028 ], [ 121.234488092000106, 14.484443730000123 ], [ 121.234526067000047, 14.484544761000052 ], [ 121.234681157000068, 14.484545926000067 ], [ 121.234718299000065, 14.483935438000174 ], [ 121.234842224000317, 14.483791547000067 ], [ 121.235224629000072, 14.483649599000046 ], [ 121.235388023000269, 14.483417852000173 ], [ 121.235647798000173, 14.48325609200009 ], [ 121.235702084000081, 14.482929078000041 ], [ 121.235554553000043, 14.482789445000151 ], [ 121.235354131000122, 14.482800534000091 ], [ 121.234614174000058, 14.483210551000184 ], [ 121.234574604000045, 14.483310998000036 ], [ 121.234675904000028, 14.483576216000131 ], [ 121.234577629000228, 14.48374548400011 ], [ 121.234070251000162, 14.484163543000136 ], [ 121.232907341000214, 14.485493885000096 ], [ 121.233195522000187, 14.485878429000081 ], [ 121.233308209000143, 14.486211369000102 ], [ 121.234256740000205, 14.486097881000148 ], [ 121.234005646000014, 14.485793868000144 ] ] ] ] } },
{ "type": "Feature", "properties": { "psgc_code": "0405806009", "name": "Del Remedio (Pob.)", "region": "Region IV-A (Calabarzon)", "province": "Rizal", "municipality": "Cardona", "barangay": "Del Remedio (Pob.)", "level": "barangay" }, "geometry": { "type": "Polygon", "coordinates": [ [ [ 121.226674388000106, 14.497656807000112 ], [ 121.22673009100015, 14.49688848500017 ], [ 121.227098886000022, 14.496704088000115 ], [ 121.226691675000325, 14.496496641000078 ], [ 121.226576427000055, 14.495974182000111 ], [ 121.226100067000061, 14.495812834000048 ], [ 121.225977135000221, 14.495705269000155 ], [ 121.225923353000212, 14.495513189000064 ], [ 121.228837868000028, 14.493500669000184 ], [ 121.231644338000024, 14.490852589999974 ], [ 121.233568585000057, 14.487948631000165 ], [ 121.233039296000015, 14.487436416000151 ], [ 121.232325610000089, 14.487057377000099 ], [ 121.231618754000237, 14.486801270000171 ], [ 121.231055318000017, 14.485647079000159 ], [ 121.230521761000205, 14.485770864000187 ], [ 121.22780400900001, 14.487000314000113 ], [ 121.227898241000162, 14.487283011000159 ], [ 121.227383592000137, 14.489444298000024 ], [ 121.226748445000226, 14.489884802 ], [ 121.225662550000038, 14.49040726100003 ], [ 121.221712418000038, 14.491336168000032 ], [ 121.220458688, 14.49180700300019 ], [ 121.220986948000018, 14.492817729000137 ], [ 121.221490134000078, 14.493085291000057 ], [ 121.221928078000133, 14.493208222000021 ], [ 121.223028059000058, 14.494854993000104 ], [ 121.223074158000031, 14.495239154000046 ], [ 121.223279044000151, 14.495587460000081 ], [ 121.22464153500016, 14.497431433000145 ], [ 121.22464153500016, 14.4978412050001 ], [ 121.226755062000166, 14.498037126999975 ], [ 121.226674388000106, 14.497656807000112 ] ] ] } },
{ "type": "Feature", "properties": { "psgc_code": "0405806012", "name": "Iglesia (Pob.)", "region": "Region IV-A (Calabarzon)", "province": "Rizal", "municipality": "Cardona", "barangay": "Iglesia (Pob.)", "level": "barangay" }, "geometry": { "type": "Polygon", "coordinates": [ [ [ 121.210076973000014, 14.509812422000039 ], [ 121.20996561600009, 14.508990406000066 ], [ 121.209728983000332, 14.50876131900003 ], [ 121.209979536000219, 14.508343572000172 ], [ 121.20996561600009, 14.507939299000043 ], [ 121.209798581000086, 14.507777590000046 ], [ 121.209826420000127, 14.507629357000155 ], [ 121.209742903000233, 14.507548502000134 ], [ 121.210035215000062, 14.507211607000045 ], [ 121.211190543000157, 14.506322202000092 ], [ 121.211608131000048, 14.506160492000049 ], [ 121.212290192000069, 14.50614701600017 ], [ 121.212365272000056, 14.506206679000059 ], [ 121.212945429000229, 14.505992468000159 ], [ 121.213704094000036, 14.505474790000164 ], [ 121.22019293700032, 14.503992724000057 ], [ 121.22069264300012, 14.503052613000023 ], [ 121.221404114000052, 14.502784971000096 ], [ 121.227310827000224, 14.502366981000137 ], [ 121.227295549000019, 14.502108814000167 ], [ 121.22752812900012, 14.501502868000102 ], [ 121.227737470000079, 14.501161847000049 ], [ 121.228241765, 14.500745462000168 ], [ 121.228126517000078, 14.500526491000073 ], [ 121.227607899000077, 14.500100072000066 ], [ 121.227458076000062, 14.499800426000149 ], [ 121.227504176000139, 14.499339433000102 ], [ 121.227100807000056, 14.498670993000019 ], [ 121.226847260000113, 14.498486595000031 ], [ 121.226755062000166, 14.498037126999975 ], [ 121.22464153500016, 14.4978412050001 ], [ 121.22464153500016, 14.497431433000145 ], [ 121.223279044000151, 14.495587460000081 ], [ 121.223074158000031, 14.495239154000046 ], [ 121.223028059000058, 14.494854993000104 ], [ 121.221928078000133, 14.493208222000021 ], [ 121.221490134000078, 14.493085291000057 ], [ 121.220986948000018, 14.492817729000137 ], [ 121.220458688, 14.49180700300019 ], [ 121.221712418000038, 14.491336168000032 ], [ 121.225662550000038, 14.49040726100003 ], [ 121.226748445000226, 14.489884802 ], [ 121.227383592000137, 14.489444298000024 ], [ 121.227898241000162, 14.487283011000159 ], [ 121.22780400900001, 14.487000314000113 ], [ 121.230813723000324, 14.485663299000066 ], [ 121.230695737000019, 14.485381881000023 ], [ 121.22755941700018, 14.48667585600009 ], [ 121.227506246000189, 14.486582158000147 ], [ 121.225452545000167, 14.48763858500007 ], [ 121.225447420000137, 14.487446660000103 ], [ 121.225222046000113, 14.487118843000076 ], [ 121.225175946000036, 14.486703949 ], [ 121.22522716800006, 14.486376131000043 ], [ 121.22556522900004, 14.485525855000049 ], [ 121.225560107000319, 14.485290236000026 ], [ 121.225334733000182, 14.484521914000027 ], [ 121.224791785000207, 14.48393798900014 ], [ 121.224658609000016, 14.483553828000026 ], [ 121.223864676000062, 14.483687004000046 ], [ 121.223301240000069, 14.484040431999972 ], [ 121.22316806400022, 14.484183852000115 ], [ 121.223101476000011, 14.484419471000024 ], [ 121.222338276000073, 14.485392679000029 ], [ 121.221718497000097, 14.484844609 ], [ 121.221226770000158, 14.484598746000188 ], [ 121.220996274000072, 14.484086531000173 ], [ 121.220914319000144, 14.483625538000126 ], [ 121.219473399000094, 14.483748818000038 ], [ 121.215786685000126, 14.488301943000067 ], [ 121.216362702000083, 14.48934178900015 ], [ 121.217321884000057, 14.490120807000096 ], [ 121.217753082000172, 14.490269290000072 ], [ 121.21811300000013, 14.490666540000063 ], [ 121.219999605000112, 14.493365711000024 ], [ 121.220128525000177, 14.493712765000112 ], [ 121.219751197000051, 14.494187680999971 ], [ 121.21968202000005, 14.494470803000127 ], [ 121.21877328700009, 14.495097933000181 ], [ 121.218411680000145, 14.495216662000132 ], [ 121.217531247000011, 14.496184751000044 ], [ 121.215889867000101, 14.497594258000049 ], [ 121.214974845000029, 14.498111786000038 ], [ 121.214185599000302, 14.498127007000164 ], [ 121.213572440000121, 14.498431434 ], [ 121.21332717700011, 14.49847709800008 ], [ 121.212563086000046, 14.498948959000131 ], [ 121.212314678000098, 14.499213810000072 ], [ 121.211905905000322, 14.499213810000072 ], [ 121.211427956000307, 14.499378200000024 ], [ 121.21126444700019, 14.499292961000151 ], [ 121.211273880000022, 14.499688714000115 ], [ 121.211069494000185, 14.499956608000105 ], [ 121.210632194000027, 14.500015393000069 ], [ 121.208021021000036, 14.499355426000079 ], [ 121.207608872000151, 14.498136971000065 ], [ 121.207262848000141, 14.498021242 ], [ 121.205983951000121, 14.49834280000016 ], [ 121.203891069000292, 14.500137128000119 ], [ 121.205771439000046, 14.501168461000077 ], [ 121.205989247000161, 14.501584277 ], [ 121.205978109000171, 14.502538682000022 ], [ 121.206083919000207, 14.50323014300011 ], [ 121.205911977000028, 14.503588678000028 ], [ 121.205766488000108, 14.503652702000181 ], [ 121.209373144000097, 14.510846667000067 ], [ 121.210076973000014, 14.509812422000039 ] ] ] } },
{ "type": "Feature", "properties": { "psgc_code": "0405806013", "name": "Lambac", "region": "Region IV-A (Calabarzon)", "province": "Rizal", "municipality": "Cardona", "barangay": "Lambac", "level": "barangay" }, "geometry": { "type": "Polygon", "coordinates": [ [ [ 121.240379266000332, 14.352647685000079 ], [ 121.240566522000222, 14.350683524000033 ], [ 121.240561062000097, 14.349521148000122 ], [ 121.240606559000071, 14.3492805140001 ], [ 121.240930721000041, 14.348730101000115 ], [ 121.241370415, 14.348279768000054 ], [ 121.241618342000038, 14.348182383999983 ], [ 121.242301316000066, 14.348229973000116 ], [ 121.242549465000025, 14.348104239 ], [ 121.242929343000014, 14.347866083000042 ], [ 121.243750232000025, 14.347007500000132 ], [ 121.244319216, 14.346756567000057 ], [ 121.244609982000043, 14.346758719999968 ], [ 121.245450558000016, 14.347105139000121 ], [ 121.245606949000035, 14.347559893000096 ], [ 121.245808390000093, 14.347830706000025 ], [ 121.246098607000022, 14.347903728000063 ], [ 121.246302586000184, 14.347848537000175 ], [ 121.246729935000076, 14.347114605000058 ], [ 121.247325679000028, 14.347161535 ], [ 121.248364295000101, 14.346347067000124 ], [ 121.249033059000226, 14.34635200800011 ], [ 121.2492795510002, 14.346438878000185 ], [ 121.249394096000174, 14.346666522000191 ], [ 121.249462163000203, 14.347262370000067 ], [ 121.249923319000118, 14.347790246000045 ], [ 121.250257703000102, 14.347792714000093 ], [ 121.250446263000072, 14.34785080600011 ], [ 121.250691767000149, 14.348065240999972 ], [ 121.251127591000113, 14.348110982000151 ], [ 121.252262802000018, 14.34796343 ], [ 121.252424154000209, 14.347780345000047 ], [ 121.253079704000129, 14.34761507800016 ], [ 121.253255045000174, 14.34750297100004 ], [ 121.25353863600003, 14.34655534 ], [ 121.253744151000092, 14.34630170600019 ], [ 121.254269949000104, 14.345993729000043 ], [ 121.254604551000057, 14.345967844000086 ], [ 121.25611292300016, 14.346446716000116 ], [ 121.256519998000044, 14.346449710000172 ], [ 121.256797325000093, 14.346310001000063 ], [ 121.257148329000074, 14.346043257000019 ], [ 121.257647786000234, 14.345380705000082 ], [ 121.258670399000039, 14.344750344999966 ], [ 121.258817534000059, 14.344524626000066 ], [ 121.258891978000179, 14.344298373000072 ], [ 121.258928938000054, 14.343278047000013 ], [ 121.258772959000339, 14.342766604000076 ], [ 121.258720062000179, 14.342085817000168 ], [ 121.258885347000046, 14.341392457000154 ], [ 121.258876282000074, 14.340683642000045 ], [ 121.25956963800013, 14.339384635000101 ], [ 121.25957164600004, 14.339124507000065 ], [ 121.259477315000026, 14.339085381000075 ], [ 121.259694852000166, 14.338720373000058 ], [ 121.254746202000319, 14.339088742000058 ], [ 121.248273689000257, 14.33989780600001 ], [ 121.241415907000032, 14.339281376000031 ], [ 121.228557446000082, 14.339904707000187 ], [ 121.229577625000047, 14.341529276000188 ], [ 121.229336367000087, 14.343207250000148 ], [ 121.228713202000222, 14.344704197000056 ], [ 121.230029495000281, 14.349475589000178 ], [ 121.229731407000145, 14.352049850000071 ], [ 121.240379266000332, 14.352647685000079 ] ] ] } },
{ "type": "Feature", "properties": { "psgc_code": "0405806014", "name": "Looc", "region": "Region IV-A (Calabarzon)", "province": "Rizal", "municipality": "Cardona", "barangay": "Looc", "level": "barangay" }, "geometry": { "type": "Polygon", "coordinates": [ [ [ 121.223101476000011, 14.484419471000024 ], [ 121.22316806400022, 14.484183852000115 ], [ 121.223301240000069, 14.484040431999972 ], [ 121.223864676000062, 14.483687004000046 ], [ 121.224658609000016, 14.483553828000026 ], [ 121.223775740000065, 14.483045988000129 ], [ 121.223949570000059, 14.482104407000122 ], [ 121.226538952000055, 14.480820097999981 ], [ 121.227938057000074, 14.479948396000168 ], [ 121.229076306000024, 14.480350279000106 ], [ 121.230442235000169, 14.476435313000025 ], [ 121.230779078000069, 14.475762100000168 ], [ 121.230717139000149, 14.475130279000041 ], [ 121.230477723000035, 14.474592193000092 ], [ 121.230040494000036, 14.474614872000132 ], [ 121.230094716000053, 14.474521244000186 ], [ 121.229530504000081, 14.474074503000054 ], [ 121.229372029000046, 14.474393718000101 ], [ 121.229210156000249, 14.475248831000101 ], [ 121.228968123000072, 14.475618506000046 ], [ 121.22874001300022, 14.475862353000025 ], [ 121.228312735000031, 14.475959879000129 ], [ 121.228098347000014, 14.476103084000158 ], [ 121.227412309000101, 14.477048692000039 ], [ 121.226892713000098, 14.477378491000081 ], [ 121.226224843000068, 14.477663094999969 ], [ 121.224479649000273, 14.477712888000099 ], [ 121.224252884000066, 14.477786733000073 ], [ 121.224055923000037, 14.478175631000113 ], [ 121.223965107000026, 14.478219020999973 ], [ 121.223415399000146, 14.478271537000069 ], [ 121.222902457000032, 14.478576190000126 ], [ 121.222339925000028, 14.478616013000135 ], [ 121.222160398000142, 14.478438352000126 ], [ 121.222036478000177, 14.477769982000041 ], [ 121.221537523000052, 14.477130259000148 ], [ 121.221398824000175, 14.47669474900016 ], [ 121.221561674000327, 14.476532271000053 ], [ 121.221723519000307, 14.476495716000102 ], [ 121.222852677000105, 14.476712039000176 ], [ 121.223246896000319, 14.47670872100008 ], [ 121.223385050000047, 14.476401235000026 ], [ 121.222989882000206, 14.475711927000191 ], [ 121.222117450000155, 14.474905672000034 ], [ 121.221473233000211, 14.474655235000171 ], [ 121.221023119000051, 14.47437478300003 ], [ 121.220779781000033, 14.474095895000062 ], [ 121.220387223000102, 14.473891436000144 ], [ 121.220019223, 14.472419475000095 ], [ 121.219865520000326, 14.472490908000054 ], [ 121.2199676460001, 14.472743220000154 ], [ 121.218547567000087, 14.472812906000058 ], [ 121.21860942800015, 14.472914146999983 ], [ 121.218273015000136, 14.473581547000151 ], [ 121.218186198000126, 14.474460562000161 ], [ 121.218092496000168, 14.474662274000138 ], [ 121.218384579000144, 14.474922053000057 ], [ 121.21862534100012, 14.47633555900012 ], [ 121.218676530000039, 14.477612928000042 ], [ 121.219101526000031, 14.478914480000071 ], [ 121.219753218000051, 14.479908808000062 ], [ 121.219815192000056, 14.480454075000182 ], [ 121.219845925000072, 14.48219816600016 ], [ 121.219584695000094, 14.483581146000176 ], [ 121.219473399000094, 14.483748818000038 ], [ 121.220914319000144, 14.483625538000126 ], [ 121.220996274000072, 14.484086531000173 ], [ 121.221226770000158, 14.484598746000188 ], [ 121.221718497000097, 14.484844609 ], [ 121.222338276000073, 14.485392679000029 ], [ 121.223101476000011, 14.484419471000024 ] ] ] } },
{ "type": "Feature", "properties": { "psgc_code": "0405806016", "name": "Malanggam-Calubacan", "region": "Region IV-A (Calabarzon)", "province": "Rizal", "municipality": "Cardona", "barangay": "Malanggam-Calubacan", "level": "barangay" }, "geometry": { "type": "Polygon", "coordinates": [ [ [ 121.22640058800016, 14.398934426000096 ], [ 121.234253020000097, 14.397931085000153 ], [ 121.234193151000341, 14.397991822000108 ], [ 121.234350409000058, 14.397973420000028 ], [ 121.234703057000047, 14.397515882000164 ], [ 121.235317813000165, 14.397010182000088 ], [ 121.23526421400004, 14.396428618000073 ], [ 121.235568187000126, 14.394758266999986 ], [ 121.235834987000089, 14.392265502000043 ], [ 121.23622140700013, 14.391205279000189 ], [ 121.235865225000111, 14.390267086999984 ], [ 121.235867451000104, 14.38998360800008 ], [ 121.235436897000227, 14.389257482000062 ], [ 121.235151200000132, 14.3886033120001 ], [ 121.235053309000136, 14.388106464000032 ], [ 121.234666942000217, 14.387309794000032 ], [ 121.234777079000196, 14.386247510000032 ], [ 121.235235526000224, 14.385272873000133 ], [ 121.235241911000116, 14.382608065999989 ], [ 121.235463469000138, 14.382170301000144 ], [ 121.235918009000102, 14.38169174900014 ], [ 121.236056215000303, 14.380757245000098 ], [ 121.236308964000045, 14.380050391000054 ], [ 121.236333401000024, 14.37878901800002 ], [ 121.236136064000107, 14.377993760000152 ], [ 121.235750260000145, 14.377126222000129 ], [ 121.235737276000123, 14.376927678000015 ], [ 121.235758379000231, 14.376091525000049 ], [ 121.235968502000105, 14.375256779000097 ], [ 121.235893713000223, 14.373668647000102 ], [ 121.235952543000053, 14.37281571300008 ], [ 121.230095689000109, 14.373242229000027 ], [ 121.229739898000048, 14.380339544000094 ], [ 121.229100616000096, 14.382523733000028 ], [ 121.228017648000218, 14.387500421000084 ], [ 121.227833714000099, 14.391099251000128 ], [ 121.227501346000054, 14.392109140000116 ], [ 121.22762918, 14.394052217000024 ], [ 121.227590830000054, 14.394678604000092 ], [ 121.227335162000031, 14.394947055000159 ], [ 121.227399079000065, 14.395368907999966 ], [ 121.22762918, 14.395675709000045 ], [ 121.227309595000293, 14.39618704500009 ], [ 121.226303963000078, 14.397368 ], [ 121.22640058800016, 14.398934426000096 ] ] ] } },
{ "type": "Feature", "properties": { "psgc_code": "0405806017", "name": "Nagsulo", "region": "Region IV-A (Calabarzon)", "province": "Rizal", "municipality": "Cardona", "barangay": "Nagsulo", "level": "barangay" }, "geometry": { "type": "Polygon", "coordinates": [ [ [ 121.214925689000097, 14.44421134300012 ], [ 121.215875622000112, 14.443211035000104 ], [ 121.216336196000157, 14.44244101400011 ], [ 121.216868734000172, 14.441886886000077 ], [ 121.217336504000173, 14.44150547400011 ], [ 121.217847453000104, 14.441253597000184 ], [ 121.218466349000096, 14.441339955000046 ], [ 121.218732618000217, 14.441196026000114 ], [ 121.219114030000014, 14.440461987000049 ], [ 121.219481050000127, 14.440109360000065 ], [ 121.219991999000058, 14.439965431000132 ], [ 121.220891556000311, 14.439857484000186 ], [ 121.221614958000146, 14.439505527000108 ], [ 121.221596737000141, 14.439907520000077 ], [ 121.221666055000014, 14.439909421000152 ], [ 121.221812127000021, 14.43936567500009 ], [ 121.221724029000029, 14.439069073000041 ], [ 121.221742452000058, 14.438376591000122 ], [ 121.22192029100006, 14.437949768000067 ], [ 121.221771287000024, 14.437186761000135 ], [ 121.221895280000012, 14.436218027000052 ], [ 121.221789100000137, 14.435757577000174 ], [ 121.221468271000163, 14.435478109000144 ], [ 121.221385683000108, 14.435301183000036 ], [ 121.221128302000011, 14.434354757000108 ], [ 121.22167959, 14.433275910000077 ], [ 121.222129466000069, 14.432762984000078 ], [ 121.222496602000092, 14.432092021000074 ], [ 121.222326917000146, 14.431492569000056 ], [ 121.221736001000068, 14.431053651000184 ], [ 121.22115295000026, 14.43043848700006 ], [ 121.22025824900004, 14.430016164000051 ], [ 121.220274472000028, 14.429600714000117 ], [ 121.220361917000105, 14.429490755000188 ], [ 121.220205235000094, 14.429502335000052 ], [ 121.22034547800024, 14.429122901000085 ], [ 121.217441707000035, 14.432224434000148 ], [ 121.216980984000088, 14.43309980700019 ], [ 121.216612407000184, 14.433514457 ], [ 121.212931908000087, 14.437442009000108 ], [ 121.214010325000231, 14.440099149000048 ], [ 121.214925689000097, 14.44421134300012 ] ] ] } },
{ "type": "Feature", "properties": { "psgc_code": "0405806018", "name": "Navotas", "region": "Region IV-A (Calabarzon)", "province": "Rizal", "municipality": "Cardona", "barangay": "Navotas", "level": "barangay" }, "geometry": { "type": "Polygon", "coordinates": [ [ [ 121.224833522000154, 14.422644497000022 ], [ 121.225243535000232, 14.422293215000082 ], [ 121.22554950100016, 14.422224643999982 ], [ 121.225541691000217, 14.421374105000041 ], [ 121.225615978000064, 14.421176219000188 ], [ 121.226526953000075, 14.420006571000044 ], [ 121.227573175000089, 14.41828512100011 ], [ 121.228352458000018, 14.417213698000182 ], [ 121.228442739000116, 14.416831659000081 ], [ 121.228447779000021, 14.416193836000161 ], [ 121.228364106000072, 14.415739619000135 ], [ 121.227819775000057, 14.414686606000146 ], [ 121.227888027000063, 14.413411397000061 ], [ 121.228093526000066, 14.413171970000064 ], [ 121.228619856000137, 14.412821553000128 ], [ 121.229092378000132, 14.411917918000029 ], [ 121.229582572000027, 14.410617522000109 ], [ 121.229916618000061, 14.410328309000079 ], [ 121.229761575000111, 14.410199471000055 ], [ 121.229972540000063, 14.409943558000123 ], [ 121.224985944000196, 14.409151779000069 ], [ 121.223596887000099, 14.409069681000176 ], [ 121.223182873000269, 14.410028584000031 ], [ 121.223125736000043, 14.411250576000043 ], [ 121.223620585000049, 14.412113299000112 ], [ 121.223922819000222, 14.41247238699998 ], [ 121.224104966000141, 14.412586088000069 ], [ 121.224504882000133, 14.412595703000079 ], [ 121.22483554300004, 14.412789813000131 ], [ 121.224941552000018, 14.41310117200004 ], [ 121.224890594000044, 14.413543502000095 ], [ 121.225164513000095, 14.414054354000086 ], [ 121.225607006000018, 14.415537802000074 ], [ 121.225788580000085, 14.415724183000123 ], [ 121.225711185000023, 14.416080415000124 ], [ 121.224292155000057, 14.417199656999969 ], [ 121.223495472000081, 14.417636376000132 ], [ 121.223426109000116, 14.417834085000095 ], [ 121.223466809000115, 14.418686782000179 ], [ 121.223279473000048, 14.419227201000069 ], [ 121.223367053000061, 14.42015293500009 ], [ 121.223440264000033, 14.42032528500016 ], [ 121.223831425000071, 14.420585930000129 ], [ 121.22387799, 14.420698611000091 ], [ 121.223903014000257, 14.420963106000045 ], [ 121.224169425000014, 14.421566410000082 ], [ 121.224166224000214, 14.42242685500014 ], [ 121.224833522000154, 14.422644497000022 ] ] ] } },
{ "type": "Feature", "properties": { "psgc_code": "0405806019", "name": "Patunhay", "region": "Region IV-A (Calabarzon)", "province": "Rizal", "municipality": "Cardona", "barangay": "Patunhay", "level": "barangay" }, "geometry": { "type": "Polygon", "coordinates": [ [ [ 121.234062989000108, 14.486713597000119 ], [ 121.234256740000205, 14.486097881000148 ], [ 121.233308209000143, 14.486211369000102 ], [ 121.233195522000187, 14.485878429000081 ], [ 121.232907341000214, 14.485493885000096 ], [ 121.232287801000098, 14.484830171000056 ], [ 121.232031802000165, 14.484732258 ], [ 121.231965152000157, 14.485102581000035 ], [ 121.231699684000205, 14.485060686000054 ], [ 121.231221058000187, 14.485214207000013 ], [ 121.231366915000081, 14.48547378000012 ], [ 121.231055318000017, 14.485647079000159 ], [ 121.231618754000237, 14.486801270000171 ], [ 121.232325610000089, 14.487057377000099 ], [ 121.233039296000015, 14.487436416000151 ], [ 121.233568585000057, 14.487948631000165 ], [ 121.234020224, 14.487754628000175 ], [ 121.234038056000031, 14.487525581000114 ], [ 121.23415303000013, 14.487452771000164 ], [ 121.234062989000108, 14.486713597000119 ] ] ] } },
{ "type": "Feature", "properties": { "psgc_code": "0405806022", "name": "Real (Pob.)", "region": "Region IV-A (Calabarzon)", "province": "Rizal", "municipality": "Cardona", "barangay": "Real (Pob.)", "level": "barangay" }, "geometry": { "type": "Polygon", "coordinates": [ [ [ 121.22755941700018, 14.48667585600009 ], [ 121.230695737000019, 14.485381881000023 ], [ 121.230813723000324, 14.485663299000066 ], [ 121.231055318000017, 14.485647079000159 ], [ 121.231366915000081, 14.48547378000012 ], [ 121.231221058000187, 14.485214207000013 ], [ 121.231699684000205, 14.485060686000054 ], [ 121.231965152000157, 14.485102581000035 ], [ 121.232031802000165, 14.484732258 ], [ 121.23157110700015, 14.484584581000149 ], [ 121.230220919000089, 14.485078834000092 ], [ 121.230279083000141, 14.485194430000092 ], [ 121.227414224000199, 14.486421509000081 ], [ 121.22755941700018, 14.48667585600009 ] ] ] } },
{ "type": "Feature", "properties": { "psgc_code": "0405806023", "name": "Sampad", "region": "Region IV-A (Calabarzon)", "province": "Rizal", "municipality": "Cardona", "barangay": "Sampad", "level": "barangay" }, "geometry": { "type": "Polygon", "coordinates": [ [ [ 121.2199676460001, 14.472743220000154 ], [ 121.219865520000326, 14.472490908000054 ], [ 121.220019223, 14.472419475000095 ], [ 121.219423600000027, 14.469936218000043 ], [ 121.219376073000035, 14.469413247000034 ], [ 121.219392761000222, 14.468941133000044 ], [ 121.22025322200011, 14.467190912000092 ], [ 121.220585425000081, 14.46604745500008 ], [ 121.220581622000054, 14.465713710000102 ], [ 121.220220441000151, 14.464816871000039 ], [ 121.220164845000113, 14.464495327000122 ], [ 121.220170463000045, 14.463790158000108 ], [ 121.220465947000207, 14.462388265000016 ], [ 121.220709340000326, 14.460224096000104 ], [ 121.220582074000276, 14.459165315000178 ], [ 121.220731841000202, 14.458209374000035 ], [ 121.220709557000077, 14.456949898000119 ], [ 121.220429980000176, 14.455543656000089 ], [ 121.220712574000117, 14.453323113000124 ], [ 121.220864436000056, 14.45291498500012 ], [ 121.220939866000094, 14.452367756000058 ], [ 121.221580213000038, 14.451472187000093 ], [ 121.221888489000094, 14.45089523200005 ], [ 121.222381268000163, 14.449054064000109 ], [ 121.222565278000047, 14.448665067000036 ], [ 121.222699850000026, 14.447992351000153 ], [ 121.222710513000266, 14.447463521000088 ], [ 121.22262361200012, 14.447015810000039 ], [ 121.222258834000286, 14.445760045000156 ], [ 121.222462357000154, 14.443727794000154 ], [ 121.222420582000041, 14.443293017000144 ], [ 121.221973477, 14.442641100000117 ], [ 121.221716990000232, 14.441581343999985 ], [ 121.221703361000095, 14.440857137000023 ], [ 121.221603691000041, 14.440390441000147 ], [ 121.221666055000014, 14.439909421000152 ], [ 121.221596737000141, 14.439907520000077 ], [ 121.221614958000146, 14.439505527000108 ], [ 121.220891556000311, 14.439857484000186 ], [ 121.219991999000058, 14.439965431000132 ], [ 121.219481050000127, 14.440109360000065 ], [ 121.219114030000014, 14.440461987000049 ], [ 121.218732618000217, 14.441196026000114 ], [ 121.218466349000096, 14.441339955000046 ], [ 121.217847453000104, 14.441253597000184 ], [ 121.217336504000173, 14.44150547400011 ], [ 121.216451339000059, 14.442311477000089 ], [ 121.215875622000112, 14.443211035000104 ], [ 121.214925689000097, 14.44421134300012 ], [ 121.217592134000029, 14.455835778000107 ], [ 121.217491074, 14.469288983000069 ], [ 121.218383528000118, 14.471906782000019 ], [ 121.218547567000087, 14.472812906000058 ], [ 121.2199676460001, 14.472743220000154 ] ] ] } },
{ "type": "Feature", "properties": { "psgc_code": "0405806027", "name": "San Roque (Pob.)", "region": "Region IV-A (Calabarzon)", "province": "Rizal", "municipality": "Cardona", "barangay": "San Roque (Pob.)", "level": "barangay" }, "geometry": { "type": "Polygon", "coordinates": [ [ [ 121.225452545000167, 14.48763858500007 ], [ 121.227506246000189, 14.486582158000147 ], [ 121.227414224000199, 14.486421509000081 ], [ 121.230279083000141, 14.485194430000092 ], [ 121.230220919000089, 14.485078834000092 ], [ 121.23157110700015, 14.484584581000149 ], [ 121.231830686000194, 14.484623404000104 ], [ 121.231858236000335, 14.484398774000169 ], [ 121.232239919000222, 14.483532718999982 ], [ 121.232268321000106, 14.483125660000155 ], [ 121.230109109000296, 14.482902296000134 ], [ 121.228775137000071, 14.482217594000133 ], [ 121.228610412000194, 14.482017853000059 ], [ 121.228693365000026, 14.481074810000109 ], [ 121.229076306000024, 14.480350279000106 ], [ 121.228090865000127, 14.479983324000045 ], [ 121.227938057000074, 14.479948396000168 ], [ 121.227759053000227, 14.480035715000042 ], [ 121.226538952000055, 14.480820097999981 ], [ 121.223949570000059, 14.482104407000122 ], [ 121.223775740000065, 14.483045988000129 ], [ 121.224658609000016, 14.483553828000026 ], [ 121.224791785000207, 14.48393798900014 ], [ 121.225426931000129, 14.48470118900002 ], [ 121.22556522900004, 14.485525855000049 ], [ 121.22522716800006, 14.486376131000043 ], [ 121.225175946000036, 14.486898590000067 ], [ 121.225222046000113, 14.487118843000076 ], [ 121.225447420000137, 14.487446660000103 ], [ 121.225452545000167, 14.48763858500007 ] ] ] } },
{ "type": "Feature", "properties": { "psgc_code": "0405806030", "name": "Subay", "region": "Region IV-A (Calabarzon)", "province": "Rizal", "municipality": "Cardona", "barangay": "Subay", "level": "barangay" }, "geometry": { "type": "Polygon", "coordinates": [ [ [ 121.23031416300023, 14.410056019000081 ], [ 121.23084271800019, 14.409422119000055 ], [ 121.23100536600009, 14.409083144000135 ], [ 121.231080423000208, 14.40878603699997 ], [ 121.231011849000197, 14.408261059999973 ], [ 121.231264877000172, 14.407525870000086 ], [ 121.231126272000211, 14.406660174000024 ], [ 121.230897398000025, 14.406176519999974 ], [ 121.229990192000173, 14.405035747 ], [ 121.229962450000016, 14.404865442000073 ], [ 121.230227671000193, 14.404428014000075 ], [ 121.23031794100018, 14.404045973 ], [ 121.230251826000085, 14.403209171000071 ], [ 121.230316253000069, 14.402415870000027 ], [ 121.230624089000116, 14.402106332000187 ], [ 121.23109121500022, 14.401883034000036 ], [ 121.231546032000097, 14.401376149999976 ], [ 121.231784617000017, 14.400626676000172 ], [ 121.233159908000061, 14.399573860000089 ], [ 121.233497267000189, 14.399207840000031 ], [ 121.233646140000133, 14.398769536000145 ], [ 121.234350409000058, 14.397973420000028 ], [ 121.234193151000341, 14.397991822000108 ], [ 121.234253020000097, 14.397931085000153 ], [ 121.22640058800016, 14.398934426000096 ], [ 121.225652759000013, 14.399337103000107 ], [ 121.225154207000173, 14.40043008400005 ], [ 121.225350948000028, 14.401585903000012 ], [ 121.225102658000083, 14.40162525400018 ], [ 121.225011064000114, 14.401833347999968 ], [ 121.225620492000076, 14.401833555999985 ], [ 121.225972154000033, 14.40194192000007 ], [ 121.226113413000121, 14.402081742000121 ], [ 121.226207063000061, 14.402241030000141 ], [ 121.226013600000101, 14.402702117000047 ], [ 121.226179990000219, 14.403093219000027 ], [ 121.226556160000086, 14.403532152000025 ], [ 121.226544785000101, 14.404113543000108 ], [ 121.22637045700003, 14.404726750000123 ], [ 121.226240405000112, 14.404884358 ], [ 121.225153376000321, 14.405180146000134 ], [ 121.224812601000281, 14.405408855000132 ], [ 121.224564900000132, 14.405869531000064 ], [ 121.224852003000024, 14.406426735000025 ], [ 121.224935790000131, 14.406975802000034 ], [ 121.224858869000059, 14.407272570000089 ], [ 121.224393925000072, 14.407771259000071 ], [ 121.223698179000053, 14.408307857000011 ], [ 121.223596887000099, 14.409069681000176 ], [ 121.224985944000196, 14.409151779000069 ], [ 121.229972540000063, 14.409943558000123 ], [ 121.229761575000111, 14.410199471000055 ], [ 121.229916618000061, 14.410328309000079 ], [ 121.23031416300023, 14.410056019000081 ] ] ] } },
{ "type": "Feature", "properties": { "psgc_code": "0405806032", "name": "Ticulio", "region": "Region IV-A (Calabarzon)", "province": "Rizal", "municipality": "Cardona", "barangay": "Ticulio", "level": "barangay" }, "geometry": { "type": "Polygon", "coordinates": [ [ [ 121.22034547800024, 14.429122901000085 ], [ 121.220205235000094, 14.429502335000052 ], [ 121.220361917000105, 14.429490755000188 ], [ 121.221201853000139, 14.428348401000164 ], [ 121.221735803000115, 14.42782351600016 ], [ 121.222379561000025, 14.426487202999965 ], [ 121.222423020000065, 14.425895653000055 ], [ 121.222091963000025, 14.424463840000158 ], [ 121.222349258000122, 14.423792046000187 ], [ 121.222334773000057, 14.423174874000097 ], [ 121.221775714000273, 14.421980611000151 ], [ 121.221544380000182, 14.421009198000149 ], [ 121.221200178000117, 14.420421023000074 ], [ 121.221098100000177, 14.41944428700009 ], [ 121.22079917200017, 14.418850157000122 ], [ 121.220261421000146, 14.418229039000039 ], [ 121.219882175000066, 14.417986910000025 ], [ 121.218929434000188, 14.417557852000016 ], [ 121.217575423000085, 14.417220209000106 ], [ 121.217358585000284, 14.416865965000056 ], [ 121.217445769000051, 14.416463644000089 ], [ 121.217589860000203, 14.416261389000169 ], [ 121.217358214000342, 14.416351762999966 ], [ 121.217272398000205, 14.416643419000138 ], [ 121.216884849000166, 14.416848679000054 ], [ 121.217041001000098, 14.417412027000125 ], [ 121.216921935000073, 14.417599178999978 ], [ 121.215969617000155, 14.421712625000168 ], [ 121.216123798000012, 14.422719940000093 ], [ 121.21567153400008, 14.422853563000047 ], [ 121.215611880000097, 14.423121217000187 ], [ 121.217558525000186, 14.43007518200011 ], [ 121.217441707000035, 14.432224434000148 ], [ 121.22034547800024, 14.429122901000085 ] ] ] } },
{ "type": "Feature", "properties": { "psgc_code": "0405806033", "name": "Tuna", "region": "Region IV-A (Calabarzon)", "province": "Rizal", "municipality": "Cardona", "barangay": "Tuna", "level": "barangay" }, "geometry": { "type": "Polygon", "coordinates": [ [ [ 121.228557446000082, 14.339904707000187 ], [ 121.241415907000032, 14.339281376000031 ], [ 121.248273689000257, 14.33989780600001 ], [ 121.254746202000319, 14.339088742000058 ], [ 121.259694852000166, 14.338720373000058 ], [ 121.259516716, 14.338946011000075 ], [ 121.259477315000026, 14.339085381000075 ], [ 121.25957164600004, 14.339124507000065 ], [ 121.259572483000056, 14.339016104999985 ], [ 121.259910357000081, 14.338564986000051 ], [ 121.260610146000204, 14.338314969000066 ], [ 121.261235167000109, 14.33833372700002 ], [ 121.261644088000139, 14.338095749000047 ], [ 121.262094108000042, 14.338184096000191 ], [ 121.263286218000076, 14.338192827000114 ], [ 121.264079232000199, 14.337163857000064 ], [ 121.264371845000142, 14.336925023 ], [ 121.264720644000136, 14.336941750000051 ], [ 121.264821864000169, 14.337013365000018 ], [ 121.265109240000129, 14.337454892000039 ], [ 121.265399345000105, 14.337542064000161 ], [ 121.265748800000097, 14.337473744000022 ], [ 121.266283276000081, 14.336757668000075 ], [ 121.26533054000015, 14.336016019000112 ], [ 121.264736475000291, 14.335908561999986 ], [ 121.264404480000053, 14.335674127000061 ], [ 121.264084184000012, 14.335207774000139 ], [ 121.263645211000039, 14.334273318000044 ], [ 121.263373225000123, 14.333971654000152 ], [ 121.263377566000031, 14.33340778400003 ], [ 121.263237621000258, 14.333126419000109 ], [ 121.262856010000064, 14.332898065000052 ], [ 121.262390140000093, 14.332453200000089 ], [ 121.261347777000083, 14.332051636000074 ], [ 121.260798737000073, 14.331688916000132 ], [ 121.25953968500005, 14.331165554000165 ], [ 121.259380184000065, 14.331176341000059 ], [ 121.259057378000193, 14.331430090000026 ], [ 121.258628726000211, 14.33140185700006 ], [ 121.258396456000014, 14.331490055000074 ], [ 121.257626249000168, 14.332372973000133 ], [ 121.255725643000119, 14.333573738000098 ], [ 121.254773519000196, 14.333577191000131 ], [ 121.254033043000049, 14.333109686000057 ], [ 121.253777766000098, 14.33312244300015 ], [ 121.253259030000208, 14.333373697000127 ], [ 121.252891863000059, 14.333435807000114 ], [ 121.25220705300012, 14.333257231000118 ], [ 121.251503517000174, 14.333281318000047 ], [ 121.25069239100003, 14.333076719000076 ], [ 121.249784473000204, 14.333187104000103 ], [ 121.249506615000314, 14.333070063999969 ], [ 121.249172470000076, 14.332745623000051 ], [ 121.248943589000078, 14.332672849000062 ], [ 121.248700546, 14.332767230000172 ], [ 121.248072126000011, 14.3333354560001 ], [ 121.247181377000175, 14.333443868000188 ], [ 121.246834743000022, 14.333347224000022 ], [ 121.246524188000194, 14.333022954000171 ], [ 121.2460460100001, 14.33302151100014 ], [ 121.245788103000109, 14.33282098300009 ], [ 121.245563069000013, 14.332541417000016 ], [ 121.245674221000172, 14.332192025999973 ], [ 121.24561482300021, 14.331986746000041 ], [ 121.245143224000117, 14.331626438000114 ], [ 121.24492729300016, 14.331505901000128 ], [ 121.244067673000245, 14.331367386000124 ], [ 121.243716568000082, 14.331199593 ], [ 121.243481542000154, 14.330920327 ], [ 121.243336519000195, 14.33039723800016 ], [ 121.243297556000016, 14.330178893000152 ], [ 121.243475602000217, 14.329942331000098 ], [ 121.243435456000043, 14.329875955000091 ], [ 121.242643251000118, 14.329784190000055 ], [ 121.242531161000102, 14.329825601000039 ], [ 121.242798197000184, 14.329831830000103 ], [ 121.242529319000141, 14.330260964000104 ], [ 121.231147704000023, 14.332812826 ], [ 121.229691435000063, 14.33347249600007 ], [ 121.229428638000059, 14.335670214000174 ], [ 121.228556986000058, 14.337911604 ], [ 121.228557446000082, 14.339904707000187 ] ] ] } },
{ "type": "Feature", "properties": { "psgc_code": "0405807001", "name": "Bagumbong", "region": "Region IV-A (Calabarzon)", "province": "Rizal", "municipality": "Jala-jala", "barangay": "Bagumbong", "level": "barangay" }, "geometry": { "type": "Polygon", "coordinates": [ [ [ 121.369198316000052, 14.375142206000078 ], [ 121.368041375000303, 14.373091266000074 ], [ 121.363932495000199, 14.363358943000094 ], [ 121.365349949, 14.355935850000094 ], [ 121.379925145000016, 14.344324137000058 ], [ 121.380301508000116, 14.339244813999983 ], [ 121.380427233000205, 14.33794179 ], [ 121.380494558000123, 14.337943743000096 ], [ 121.379958251000062, 14.33785175600002 ], [ 121.37935673100003, 14.337859864000166 ], [ 121.378841734000162, 14.338033491000033 ], [ 121.378288795000117, 14.338255725000124 ], [ 121.377355477000037, 14.339098421000074 ], [ 121.37655595800004, 14.339630496000098 ], [ 121.375456334000205, 14.34007499300003 ], [ 121.374654154000041, 14.340106148000018 ], [ 121.373359598000093, 14.339779633000092 ], [ 121.373109969000097, 14.33964353500005 ], [ 121.372605991000114, 14.339157509000131 ], [ 121.371756077000214, 14.338858471000094 ], [ 121.371631529000183, 14.338753771000142 ], [ 121.37124826600018, 14.338036451000107 ], [ 121.370893242000079, 14.337746915000139 ], [ 121.370504995000033, 14.337719815000014 ], [ 121.369957300000124, 14.338082559000043 ], [ 121.36924857200006, 14.338187640000115 ], [ 121.368910798000229, 14.338112016000082 ], [ 121.368486464000057, 14.337876978000168 ], [ 121.368156194000107, 14.337630367000088 ], [ 121.367914251000116, 14.337298847 ], [ 121.367672883000182, 14.336887920000038 ], [ 121.367440966000117, 14.336037250000174 ], [ 121.367342055000222, 14.335853316000055 ], [ 121.367111494000028, 14.335680692000153 ], [ 121.366529132000323, 14.335640033000061 ], [ 121.366036114000053, 14.335373975000095 ], [ 121.365667110000231, 14.3352859150001 ], [ 121.365335075000075, 14.335283628000184 ], [ 121.364649864000057, 14.335602653000024 ], [ 121.364160500000139, 14.335697014000118 ], [ 121.363696638000079, 14.33573046600003 ], [ 121.36283915700028, 14.335614598 ], [ 121.362420924000048, 14.335404025000116 ], [ 121.361243978000061, 14.33441855000018 ], [ 121.360821079000061, 14.334164917000066 ], [ 121.360454144000073, 14.334579517000066 ], [ 121.360314217000109, 14.334320904000094 ], [ 121.3594175180001, 14.335364668000125 ], [ 121.340596017000053, 14.345252224000035 ], [ 121.342824372000109, 14.353424913000083 ], [ 121.349188288000164, 14.379762164999988 ], [ 121.369198316000052, 14.375142206000078 ] ] ] } },
{ "type": "Feature", "properties": { "psgc_code": "0405807002", "name": "Bayugo", "region": "Region IV-A (Calabarzon)", "province": "Rizal", "municipality": "Jala-jala", "barangay": "Bayugo", "level": "barangay" }, "geometry": { "type": "Polygon", "coordinates": [ [ [ 121.315890618000026, 14.337388602999965 ], [ 121.31660410700033, 14.336326431000032 ], [ 121.318595769000126, 14.334654182000122 ], [ 121.320337734000077, 14.334443027000191 ], [ 121.322498942000038, 14.335412835000113 ], [ 121.324561959000107, 14.334543850000045 ], [ 121.328901133000159, 14.329681245000188 ], [ 121.326451747000192, 14.327113816000121 ], [ 121.325707764000185, 14.324359939999965 ], [ 121.325609026000166, 14.323125716000163 ], [ 121.325065968000104, 14.322138337000126 ], [ 121.322984538000014, 14.320379483000067 ], [ 121.322106084000211, 14.316838216000065 ], [ 121.320737041000029, 14.314588001000118 ], [ 121.319697748000067, 14.31150596000009 ], [ 121.316794895000157, 14.311720986000125 ], [ 121.314107069000102, 14.308710621000046 ], [ 121.313246964000086, 14.30294075400019 ], [ 121.304149501000097, 14.303311951000069 ], [ 121.304174697000121, 14.30345523800014 ], [ 121.304017658000134, 14.303798722000124 ], [ 121.303912443000058, 14.304463776000091 ], [ 121.303948192000121, 14.304708362000099 ], [ 121.304221324000082, 14.305040158000168 ], [ 121.30409846200007, 14.305552378000073 ], [ 121.304395032000116, 14.306934967000188 ], [ 121.304385652000065, 14.307350263999979 ], [ 121.304172848, 14.308161148000124 ], [ 121.304317819000062, 14.308876853000072 ], [ 121.304046879000339, 14.310756272000106 ], [ 121.304061710000042, 14.312118525000074 ], [ 121.304145371000118, 14.312656652000101 ], [ 121.304515663000075, 14.313398397000128 ], [ 121.304411754000057, 14.314723154000035 ], [ 121.304847882000104, 14.315874624000116 ], [ 121.304829807000147, 14.316613598000117 ], [ 121.304944331000343, 14.317213027000093 ], [ 121.305141253000102, 14.317684771000017 ], [ 121.305179692000024, 14.318405822999978 ], [ 121.305402176000143, 14.31881055700012 ], [ 121.30531863300007, 14.319090942000116 ], [ 121.305341399000326, 14.319396519000065 ], [ 121.305502480000087, 14.319635891000189 ], [ 121.305698487000086, 14.320229794 ], [ 121.306255941000018, 14.321076714000128 ], [ 121.306394245000092, 14.321847344999981 ], [ 121.306381657000088, 14.322690199000135 ], [ 121.306118955000215, 14.32347018500019 ], [ 121.305872203000035, 14.324629 ], [ 121.304956149000077, 14.32648548700007 ], [ 121.304897568000115, 14.326778267000122 ], [ 121.304950414000018, 14.327248981000025 ], [ 121.30520454800012, 14.327611184000034 ], [ 121.305672222000112, 14.327901613 ], [ 121.306640455000206, 14.328275019000159 ], [ 121.30797824900003, 14.328657166000085 ], [ 121.308671312000115, 14.32896752 ], [ 121.308901769000045, 14.329146302000026 ], [ 121.310086660000138, 14.330706249000059 ], [ 121.310953630000085, 14.331219409000084 ], [ 121.311032508000039, 14.331562035 ], [ 121.311004203000266, 14.33199552300016 ], [ 121.311202931000025, 14.332229053000106 ], [ 121.312064284000144, 14.332656654000061 ], [ 121.312449032000018, 14.333148054000048 ], [ 121.313067638, 14.335039918000064 ], [ 121.313575674000163, 14.335800959000096 ], [ 121.314808819000291, 14.336780942000075 ], [ 121.315694481000037, 14.337312547000067 ], [ 121.315890618000026, 14.337388602999965 ] ] ] } },
{ "type": "Feature", "properties": { "psgc_code": "0405807004", "name": "Second District (Pob.)", "region": "Region IV-A (Calabarzon)", "province": "Rizal", "municipality": "Jala-jala", "barangay": "Second District (Pob.)", "level": "barangay" }, "geometry": { "type": "Polygon", "coordinates": [ [ [ 121.320652645000109, 14.353674376000015 ], [ 121.32894195300014, 14.352164882000181 ], [ 121.328373580000061, 14.351220300000023 ], [ 121.329301355000212, 14.350520237000069 ], [ 121.332612586000209, 14.348511189000135 ], [ 121.331669578000174, 14.346808015000079 ], [ 121.327235038000026, 14.347795789000088 ], [ 121.325892502000102, 14.349513221000052 ], [ 121.325816560000249, 14.350347138000075 ], [ 121.325454499000102, 14.350486103000094 ], [ 121.324438607000047, 14.349903450000113 ], [ 121.324229982000247, 14.350024672000018 ], [ 121.324472417000152, 14.350230227000054 ], [ 121.324613106000015, 14.350828226999965 ], [ 121.324609353000142, 14.351181033000046 ], [ 121.324474236000015, 14.351349930000083 ], [ 121.32429783300006, 14.351286124000126 ], [ 121.32405387100016, 14.351563865000116 ], [ 121.32350223800006, 14.35172298700013 ], [ 121.323544724000044, 14.351966462000121 ], [ 121.319965302000014, 14.352511951000054 ], [ 121.319775270000264, 14.352530318000049 ], [ 121.319766574000255, 14.352389931000062 ], [ 121.319648833000201, 14.352349701000094 ], [ 121.319807775000072, 14.352820186000031 ], [ 121.320652645000109, 14.353674376000015 ] ] ] } },
{ "type": "Feature", "properties": { "psgc_code": "0405807005", "name": "Third District (Pob.)", "region": "Region IV-A (Calabarzon)", "province": "Rizal", "municipality": "Jala-jala", "barangay": "Third District (Pob.)", "level": "barangay" }, "geometry": { "type": "Polygon", "coordinates": [ [ [ 121.319775270000264, 14.352530318000049 ], [ 121.323544724000044, 14.351966462000121 ], [ 121.32350223800006, 14.35172298700013 ], [ 121.32405387100016, 14.351563865000116 ], [ 121.32429783300006, 14.351286124000126 ], [ 121.324474236000015, 14.351349930000083 ], [ 121.324609353000142, 14.351181033000046 ], [ 121.324613106000015, 14.350828226999965 ], [ 121.324472417000152, 14.350230227000054 ], [ 121.324229982000247, 14.350024672000018 ], [ 121.324438607000047, 14.349903450000113 ], [ 121.325454499000102, 14.350486103000094 ], [ 121.325816560000249, 14.350347138000075 ], [ 121.325892502000102, 14.349513221000052 ], [ 121.327235038000026, 14.347795789000088 ], [ 121.331669578000174, 14.346808015000079 ], [ 121.332612586000209, 14.348511189000135 ], [ 121.340596017000053, 14.345252224000035 ], [ 121.338961288000064, 14.339282461000039 ], [ 121.335806632000299, 14.332720845000154 ], [ 121.334537673000227, 14.331746993000024 ], [ 121.328901133000159, 14.329681245000188 ], [ 121.324561959000107, 14.334543850000045 ], [ 121.322498942000038, 14.335412835000113 ], [ 121.320337734000077, 14.334443027000191 ], [ 121.318595769000126, 14.334654182000122 ], [ 121.31660410700033, 14.336326431000032 ], [ 121.316151896000179, 14.336951252000119 ], [ 121.315890618000026, 14.337388602999965 ], [ 121.317906310000012, 14.338116213000148 ], [ 121.318596138000089, 14.338866318000157 ], [ 121.319001506000063, 14.339956471 ], [ 121.319199566000066, 14.340281615000094 ], [ 121.320040989000177, 14.3408678670001 ], [ 121.320158155000058, 14.341119138000181 ], [ 121.320128709000073, 14.342548276000116 ], [ 121.320503705000078, 14.344352886000081 ], [ 121.320478538000202, 14.345207872000117 ], [ 121.320181581000043, 14.345541726000022 ], [ 121.321289265000019, 14.347394283000085 ], [ 121.321450640000194, 14.348439948000191 ], [ 121.321348034000039, 14.348756853 ], [ 121.320777260000227, 14.349681275000137 ], [ 121.320667112000024, 14.350169159000188 ], [ 121.320438200000012, 14.350619553000115 ], [ 121.319662856000036, 14.351249322000115 ], [ 121.319727171000068, 14.351866717000121 ], [ 121.319648833000201, 14.352349701000094 ], [ 121.319766574000255, 14.352389931000062 ], [ 121.319775270000264, 14.352530318000049 ] ] ] } },
{ "type": "Feature", "properties": { "psgc_code": "0405807007", "name": "Lubo", "region": "Region IV-A (Calabarzon)", "province": "Rizal", "municipality": "Jala-jala", "barangay": "Lubo", "level": "barangay" }, "geometry": { "type": "Polygon", "coordinates": [ [ [ 121.3594175180001, 14.335364668000125 ], [ 121.360314217000109, 14.334320904000094 ], [ 121.360454144000073, 14.334579517000066 ], [ 121.360821079000061, 14.334164917000066 ], [ 121.359948457000201, 14.333371165000131 ], [ 121.358530808000069, 14.33275052 ], [ 121.357802106, 14.332159069 ], [ 121.357597461000182, 14.331870557000116 ], [ 121.357323467000128, 14.330781361000049 ], [ 121.357156456000212, 14.330487000000119 ], [ 121.356917740000199, 14.329715686999975 ], [ 121.356824215000188, 14.329653955000026 ], [ 121.356334730000071, 14.329766625000104 ], [ 121.355833604000168, 14.329757046000111 ], [ 121.355396729000176, 14.329528008000182 ], [ 121.354602726000167, 14.329302602000041 ], [ 121.354310250000253, 14.329031803000078 ], [ 121.352842351000049, 14.328435214000024 ], [ 121.35203286400008, 14.327757669000164 ], [ 121.351686287000121, 14.327174964 ], [ 121.351534225000023, 14.326550850000046 ], [ 121.351860138, 14.325673502000143 ], [ 121.35246732600001, 14.324883623000062 ], [ 121.352476444000217, 14.324492747000022 ], [ 121.352402831000063, 14.324278443000082 ], [ 121.351634424000054, 14.323124727 ], [ 121.351329207000049, 14.322884380000119 ], [ 121.350605213000222, 14.322512848000088 ], [ 121.349310269000171, 14.322259512000073 ], [ 121.349023357000078, 14.322086481999975 ], [ 121.348781549000137, 14.321742731000029 ], [ 121.348806104000118, 14.320954917000051 ], [ 121.348729313000035, 14.320319108000149 ], [ 121.348513011000136, 14.319914450000056 ], [ 121.348036311000101, 14.319616123000117 ], [ 121.347366804000217, 14.320334138000135 ], [ 121.34699691000003, 14.320962674999976 ], [ 121.345518163000293, 14.32234625500007 ], [ 121.335806632000299, 14.332720845000154 ], [ 121.338961288000064, 14.339282461000039 ], [ 121.340596017000053, 14.345252224000035 ], [ 121.3594175180001, 14.335364668000125 ] ] ] } },
{ "type": "Feature", "properties": { "psgc_code": "0405807008", "name": "Pagkalinawan", "region": "Region IV-A (Calabarzon)", "province": "Rizal", "municipality": "Jala-jala", "barangay": "Pagkalinawan", "level": "barangay" }, "geometry": { "type": "Polygon", "coordinates": [ [ [ 121.345518163000293, 14.32234625500007 ], [ 121.34699691000003, 14.320962674999976 ], [ 121.347366804000217, 14.320334138000135 ], [ 121.348036311000101, 14.319616123000117 ], [ 121.34732659000008, 14.319386982000083 ], [ 121.346694566000224, 14.319290958000124 ], [ 121.346002047000184, 14.318901306000043 ], [ 121.345584801000086, 14.318562438000072 ], [ 121.344795685, 14.317677331000141 ], [ 121.344022015000178, 14.31639528400018 ], [ 121.343258506000097, 14.31543705100006 ], [ 121.342254591000142, 14.314800883000146 ], [ 121.341879549000168, 14.314688315000069 ], [ 121.340712369000016, 14.314105977000054 ], [ 121.339787342000022, 14.313818529000059 ], [ 121.337172940000187, 14.313256599000113 ], [ 121.335361212000066, 14.312584208000146 ], [ 121.335042870000166, 14.31242926800013 ], [ 121.334594603000141, 14.312053516000105 ], [ 121.33330938600011, 14.309643916000084 ], [ 121.332843868000168, 14.309060356000089 ], [ 121.331743127000095, 14.307971450000082 ], [ 121.331520015000137, 14.307646141000077 ], [ 121.331512136000242, 14.30616786100012 ], [ 121.331803794000052, 14.304844393000053 ], [ 121.331862694000165, 14.303653675000135 ], [ 121.331553200000258, 14.303150617000085 ], [ 121.33111104000011, 14.302799336000021 ], [ 121.330574339, 14.302526800000066 ], [ 121.330078633000198, 14.30235556800011 ], [ 121.329166805000114, 14.303537171000073 ], [ 121.329368977000286, 14.303550886000039 ], [ 121.327241895000157, 14.305160745000137 ], [ 121.322146189000023, 14.310018023 ], [ 121.319697748000067, 14.31150596000009 ], [ 121.320737041000029, 14.314588001000118 ], [ 121.322106084000211, 14.316838216000065 ], [ 121.322984538000014, 14.320379483000067 ], [ 121.325065968000104, 14.322138337000126 ], [ 121.325609026000166, 14.323125716000163 ], [ 121.325707764000185, 14.324359939999965 ], [ 121.326451747000192, 14.327113816000121 ], [ 121.328901133000159, 14.329681245000188 ], [ 121.334537673000227, 14.331746993000024 ], [ 121.335806632000299, 14.332720845000154 ], [ 121.345518163000293, 14.32234625500007 ] ] ] } },
{ "type": "Feature", "properties": { "psgc_code": "0405807009", "name": "Palaypalay", "region": "Region IV-A (Calabarzon)", "province": "Rizal", "municipality": "Jala-jala", "barangay": "Palaypalay", "level": "barangay" }, "geometry": { "type": "Polygon", "coordinates": [ [ [ 121.319697748000067, 14.31150596000009 ], [ 121.322146189000023, 14.310018023 ], [ 121.327241895000157, 14.305160745000137 ], [ 121.329368977000286, 14.303550886000039 ], [ 121.329166805000114, 14.303537171000073 ], [ 121.330078633000198, 14.30235556800011 ], [ 121.329231191000076, 14.302034805000119 ], [ 121.328763396000227, 14.301762749000147 ], [ 121.328677238000182, 14.301554459000158 ], [ 121.328589378000174, 14.300729214000171 ], [ 121.327649383000107, 14.299934626000152 ], [ 121.327278396000111, 14.299278422000043 ], [ 121.326868264000041, 14.297986674000072 ], [ 121.326263945000051, 14.297542620000115 ], [ 121.326025812000012, 14.296710207999979 ], [ 121.325920325000084, 14.296575081000071 ], [ 121.325042087000043, 14.295903087999989 ], [ 121.324962923000044, 14.295597112999985 ], [ 121.32457383700023, 14.294849153000087 ], [ 121.32321508400014, 14.293935544000078 ], [ 121.321965189000025, 14.293548012000031 ], [ 121.321086522000087, 14.292937086999984 ], [ 121.319877895000104, 14.29289801200008 ], [ 121.31925671800002, 14.292327429000181 ], [ 121.319023056000219, 14.293286708000039 ], [ 121.31822046000002, 14.293975818000035 ], [ 121.318232320000106, 14.293916755000055 ], [ 121.317138016000058, 14.294568892000086 ], [ 121.313246964000086, 14.30294075400019 ], [ 121.314107069000102, 14.308710621000046 ], [ 121.316794895000157, 14.311720986000125 ], [ 121.319697748000067, 14.31150596000009 ] ] ] } },
{ "type": "Feature", "properties": { "psgc_code": "0405807010", "name": "Punta", "region": "Region IV-A (Calabarzon)", "province": "Rizal", "municipality": "Jala-jala", "barangay": "Punta", "level": "barangay" }, "geometry": { "type": "MultiPolygon", "coordinates": [ [ [ [ 121.304149501000097, 14.303311951000069 ], [ 121.313246964000086, 14.30294075400019 ], [ 121.317138016000058, 14.294568892000086 ], [ 121.318232320000106, 14.293916755000055 ], [ 121.31822046000002, 14.293975818000035 ], [ 121.319023056000219, 14.293286708000039 ], [ 121.31925671800002, 14.292327429000181 ], [ 121.318962655000064, 14.292152438000187 ], [ 121.318437388000234, 14.292032667000115 ], [ 121.318062987000076, 14.291840663000073 ], [ 121.317136685000037, 14.290899536999973 ], [ 121.31712116600022, 14.290459628000121 ], [ 121.317614208, 14.289858389000187 ], [ 121.317640851000192, 14.289644786000167 ], [ 121.317530107000039, 14.289375236000069 ], [ 121.31733095200002, 14.289202795000108 ], [ 121.316261232000102, 14.289018086 ], [ 121.316093258000251, 14.288864189000151 ], [ 121.315276499000106, 14.287514575000046 ], [ 121.314759872000081, 14.287077226000179 ], [ 121.313877201000309, 14.287009891000025 ], [ 121.313156603000039, 14.287047542000039 ], [ 121.31271281900024, 14.28692223000013 ], [ 121.31229741500033, 14.286351211000067 ], [ 121.312066310000091, 14.286264055000117 ], [ 121.311675937000246, 14.286536160000026 ], [ 121.310822463000022, 14.287592951000136 ], [ 121.310267962000012, 14.288034922 ], [ 121.308957971000041, 14.288153891000036 ], [ 121.308656464000137, 14.288267806000135 ], [ 121.308144981000169, 14.288820026000167 ], [ 121.305366051000078, 14.293552509000108 ], [ 121.304896056000189, 14.294416539 ], [ 121.304614512000171, 14.295208610000088 ], [ 121.304242126000076, 14.295584670000153 ], [ 121.30372590800016, 14.29592916200005 ], [ 121.303678902000229, 14.296350299000153 ], [ 121.303923672000224, 14.297121690000097 ], [ 121.303913103000127, 14.297695793000116 ], [ 121.303632007000147, 14.298426784000071 ], [ 121.303527346000124, 14.299018542000056 ], [ 121.303543877000152, 14.300154802000066 ], [ 121.303285417000211, 14.300372856000024 ], [ 121.30289076300005, 14.300376148000112 ], [ 121.302888654000185, 14.300657114000046 ], [ 121.302974832000018, 14.300859302000106 ], [ 121.303352835000283, 14.301405637000073 ], [ 121.303397123000082, 14.302181706000113 ], [ 121.303520059000107, 14.302494107000086 ], [ 121.303390201000184, 14.303104009000094 ], [ 121.304016298000079, 14.303145125000128 ], [ 121.304122501000052, 14.303470360000119 ], [ 121.304149501000097, 14.303311951000069 ] ] ], [ [ [ 121.311412376000021, 14.285003073999974 ], [ 121.311859132000222, 14.284732703000088 ], [ 121.312486321000165, 14.284775397999965 ], [ 121.312761554000076, 14.284681732000024 ], [ 121.313037498000199, 14.284492452 ], [ 121.313038781000046, 14.284320348000165 ], [ 121.312942021000026, 14.28414755100016 ], [ 121.312219501000072, 14.283740831999978 ], [ 121.311927798000056, 14.283413664000136 ], [ 121.311380474000089, 14.283180299000094 ], [ 121.31092948100013, 14.283177100000103 ], [ 121.310634356000151, 14.283308872000134 ], [ 121.310436701000071, 14.283517827000139 ], [ 121.310452171000065, 14.284072519000176 ], [ 121.310565399000211, 14.284666153999979 ], [ 121.310720555000103, 14.284896736000064 ], [ 121.310993503000077, 14.28510903300014 ], [ 121.311105689000101, 14.285101509000071 ], [ 121.311412376000021, 14.285003073999974 ] ] ], [ [ [ 121.308183150000218, 14.278380759000129 ], [ 121.307975470000088, 14.278243590000102 ], [ 121.307791887, 14.278266958000074 ], [ 121.307581166000091, 14.27853684400003 ], [ 121.307391498000015, 14.279374321000091 ], [ 121.307243694000249, 14.279687828000021 ], [ 121.307036810000227, 14.281135797000047 ], [ 121.306823409000231, 14.28176339800018 ], [ 121.306825583000204, 14.282318518000068 ], [ 121.307804455000223, 14.283355504000099 ], [ 121.308153725000011, 14.284011776000057 ], [ 121.308418384000106, 14.28498817500008 ], [ 121.308605762000184, 14.285304065000105 ], [ 121.30871890800006, 14.285397386000113 ], [ 121.309016009000061, 14.285418001000153 ], [ 121.309168760000034, 14.285289563000163 ], [ 121.309323029000097, 14.284957594000161 ], [ 121.309151326, 14.283389747000172 ], [ 121.309250152000232, 14.28286001500004 ], [ 121.309309910000025, 14.281633040000031 ], [ 121.309866419000059, 14.280792 ], [ 121.309856212000227, 14.280465033000098 ], [ 121.308183150000218, 14.278380759000129 ] ] ] ] } },
{ "type": "Feature", "properties": { "psgc_code": "0405807014", "name": "Sipsipin", "region": "Region IV-A (Calabarzon)", "province": "Rizal", "municipality": "Jala-jala", "barangay": "Sipsipin", "level": "barangay" }, "geometry": { "type": "Polygon", "coordinates": [ [ [ 121.335164446000135, 14.382797354000047 ], [ 121.349188288000164, 14.379762164999988 ], [ 121.343725009000082, 14.357273264000071 ], [ 121.329276689000153, 14.362240477000114 ], [ 121.322911228000066, 14.365129106000097 ], [ 121.32389405400022, 14.365285659 ], [ 121.324448773000199, 14.36568051800009 ], [ 121.324690673000077, 14.366012078000153 ], [ 121.324801043000207, 14.366336600000182 ], [ 121.324835044000224, 14.366819398000189 ], [ 121.324673528000176, 14.368314792999968 ], [ 121.32505935800009, 14.36867180500002 ], [ 121.325072652000017, 14.369411005000075 ], [ 121.32525884800009, 14.369650547000049 ], [ 121.326264571000138, 14.370066918000077 ], [ 121.326400960000115, 14.370263349000084 ], [ 121.326625020000051, 14.37130945500013 ], [ 121.32697389600014, 14.372423636000065 ], [ 121.327437829000019, 14.373233213000162 ], [ 121.327884964000191, 14.374616853000077 ], [ 121.327932094000175, 14.375020336000148 ], [ 121.327880286000095, 14.37524597800018 ], [ 121.327462156000024, 14.375859963999972 ], [ 121.327473461000295, 14.376024968000138 ], [ 121.327703797000026, 14.37622817100015 ], [ 121.328165924000132, 14.376439119000054 ], [ 121.328094184000065, 14.376817329000062 ], [ 121.328135866000139, 14.377110822000077 ], [ 121.329028931000039, 14.377514172000076 ], [ 121.329346630000146, 14.377766857000097 ], [ 121.329805948000285, 14.37835649800013 ], [ 121.33006290000003, 14.379195153000182 ], [ 121.330758378000041, 14.380049119000091 ], [ 121.33083303300009, 14.380965894000042 ], [ 121.330576497000038, 14.3817581670001 ], [ 121.330624765000266, 14.382008949000067 ], [ 121.330961088000095, 14.382286197000099 ], [ 121.332015962000014, 14.382843387000037 ], [ 121.332482379000112, 14.38332312600005 ], [ 121.332711789000086, 14.383751965000044 ], [ 121.335164446000135, 14.382797354000047 ] ] ] } },
{ "type": "Feature", "properties": { "psgc_code": "0405807015", "name": "Special District (Pob.)", "region": "Region IV-A (Calabarzon)", "province": "Rizal", "municipality": "Jala-jala", "barangay": "Special District (Pob.)", "level": "barangay" }, "geometry": { "type": "Polygon", "coordinates": [ [ [ 121.322911228000066, 14.365129106000097 ], [ 121.329276689000153, 14.362240477000114 ], [ 121.334944577000101, 14.360290563999968 ], [ 121.335842435000018, 14.355521801 ], [ 121.335723940000207, 14.351995463000094 ], [ 121.335887886000137, 14.351037519000101 ], [ 121.336399772000163, 14.349839127000052 ], [ 121.335901629000091, 14.347146180999971 ], [ 121.332612586000209, 14.348511189000135 ], [ 121.329301355000212, 14.350520237000069 ], [ 121.328373580000061, 14.351220300000023 ], [ 121.32894195300014, 14.352164882000181 ], [ 121.320652645000109, 14.353674376000015 ], [ 121.320687570000246, 14.354988764000041 ], [ 121.320409783000059, 14.356110724000189 ], [ 121.32043782900007, 14.356550721000076 ], [ 121.320386295000276, 14.356739714000184 ], [ 121.319898857000112, 14.357408172000078 ], [ 121.319868190000307, 14.358159276000038 ], [ 121.320323984000197, 14.35921313800003 ], [ 121.320355971000254, 14.359964687000115 ], [ 121.320554002000222, 14.360295938999968 ], [ 121.320989479000104, 14.360714392000034 ], [ 121.32174481200002, 14.361092352000071 ], [ 121.322035278000044, 14.361631942000145 ], [ 121.322249969000154, 14.36225040100004 ], [ 121.322560326000144, 14.362643532000163 ], [ 121.323170835000155, 14.363118196000187 ], [ 121.323251011000025, 14.363289796000174 ], [ 121.323252726000078, 14.363900640000054 ], [ 121.322961192000093, 14.364344482000035 ], [ 121.322431341000197, 14.364817178000067 ], [ 121.322373358000164, 14.365030558000115 ], [ 121.322579118000135, 14.365166397999985 ], [ 121.323197543000219, 14.365203659000144 ], [ 121.322911228000066, 14.365129106000097 ] ] ] } },
{ "type": "Feature", "properties": { "psgc_code": "0405807016", "name": "Paalaman", "region": "Region IV-A (Calabarzon)", "province": "Rizal", "municipality": "Jala-jala", "barangay": "Paalaman", "level": "barangay" }, "geometry": { "type": "Polygon", "coordinates": [ [ [ 121.343725009000082, 14.357273264000071 ], [ 121.342824372000109, 14.353424913000083 ], [ 121.340596017000053, 14.345252224000035 ], [ 121.335901629000091, 14.347146180999971 ], [ 121.336399772000163, 14.349839127000052 ], [ 121.335887886000137, 14.351037519000101 ], [ 121.335723940000207, 14.351995463000094 ], [ 121.335842435000018, 14.355521801 ], [ 121.334944577000101, 14.360290563999968 ], [ 121.343725009000082, 14.357273264000071 ] ] ] } },
{ "type": "Feature", "properties": { "psgc_code": "0405808001", "name": "Balite (Pob.)", "region": "Region IV-A (Calabarzon)", "province": "Rizal", "municipality": "Rodriguez (Montalban)", "barangay": "Balite (Pob.)", "level": "barangay" }, "geometry": { "type": "Polygon", "coordinates": [ [ [ 121.144733100000053, 14.737527599999964 ], [ 121.147292296000046, 14.736714903000177 ], [ 121.148003094000046, 14.736660305999976 ], [ 121.148704793000093, 14.736793552 ], [ 121.148714623000046, 14.735895539000069 ], [ 121.148637919000066, 14.735382184000116 ], [ 121.148842769000112, 14.735379818000069 ], [ 121.148490100000231, 14.734135000000151 ], [ 121.14798380000002, 14.734119600000099 ], [ 121.147791500000153, 14.733138 ], [ 121.148103900000024, 14.733063 ], [ 121.148024400000054, 14.732730600000082 ], [ 121.147887100000048, 14.732642900000144 ], [ 121.147672500000226, 14.731938400000104 ], [ 121.147529502000111, 14.731093686 ], [ 121.14802730800011, 14.730987391000042 ], [ 121.148224259000131, 14.730753490000097 ], [ 121.148790070000018, 14.730542336000042 ], [ 121.15061831200012, 14.730245597000078 ], [ 121.150295500000198, 14.729159200000026 ], [ 121.148980696000081, 14.729590898000026 ], [ 121.14891485700025, 14.729337301000101 ], [ 121.148608328000023, 14.729399080000121 ], [ 121.147964900000261, 14.727572300000134 ], [ 121.147544400000129, 14.728447200000062 ], [ 121.147317700000031, 14.728644600000052 ], [ 121.145819500000016, 14.729205800000159 ], [ 121.145541, 14.729124300000137 ], [ 121.144327034000185, 14.729559884000139 ], [ 121.145157941000093, 14.732086471000173 ], [ 121.14292501000034, 14.732516159000056 ], [ 121.143477391000147, 14.734341909000079 ], [ 121.143464865000169, 14.734507369000141 ], [ 121.143000162000021, 14.734604745000183 ], [ 121.142173019000211, 14.73515147 ], [ 121.140216888000054, 14.735562537000021 ], [ 121.140203353000175, 14.736135218000072 ], [ 121.140569400000118, 14.736111600000072 ], [ 121.141293500000188, 14.736222100000134 ], [ 121.142084400000044, 14.7364867 ], [ 121.142985300000191, 14.737171900000021 ], [ 121.143923100000166, 14.73749 ], [ 121.144733100000053, 14.737527599999964 ] ] ] } },
{ "type": "Feature", "properties": { "psgc_code": "0405808002", "name": "Burgos", "region": "Region IV-A (Calabarzon)", "province": "Rizal", "municipality": "Rodriguez (Montalban)", "barangay": "Burgos", "level": "barangay" }, "geometry": { "type": "Polygon", "coordinates": [ [ [ 121.140773900000227, 14.723556200000019 ], [ 121.14222570000004, 14.72354590000009 ], [ 121.142565000000218, 14.723405600000035 ], [ 121.143190200000049, 14.722698900000182 ], [ 121.144136700000104, 14.721869700000127 ], [ 121.144636800000058, 14.721918100000039 ], [ 121.144988200000171, 14.721752500000036 ], [ 121.14507, 14.721434100000124 ], [ 121.145684600000095, 14.721161700000152 ], [ 121.146231200000216, 14.720308600000124 ], [ 121.14655810000022, 14.72046180000018 ], [ 121.14691740000012, 14.721018600000036 ], [ 121.147510000000125, 14.721074800000054 ], [ 121.147763700000155, 14.7209454 ], [ 121.148075300000187, 14.720523100000094 ], [ 121.148044600000276, 14.719787600000132 ], [ 121.148347700000159, 14.719455500000038 ], [ 121.148599700000204, 14.719307400000048 ], [ 121.148630300000036, 14.719188200000133 ], [ 121.148640600000022, 14.718748900000037 ], [ 121.148374900000249, 14.718469700000185 ], [ 121.148437600000079, 14.718044100000157 ], [ 121.149266500000181, 14.7167288 ], [ 121.149768500000278, 14.716619400000013 ], [ 121.149737200000345, 14.7161799000001 ], [ 121.149818500000151, 14.715704500000186 ], [ 121.149696500000232, 14.715576200000044 ], [ 121.149336800000128, 14.715433900000164 ], [ 121.14977470000008, 14.71498820000005 ], [ 121.150076600000034, 14.7149554 ], [ 121.150156300000049, 14.714875599999971 ], [ 121.149466032000078, 14.714341379000132 ], [ 121.148695498000166, 14.713942826999983 ], [ 121.148773099000095, 14.713844560000098 ], [ 121.148747794000201, 14.713424499000098 ], [ 121.148881067000161, 14.713235556000029 ], [ 121.149530559000027, 14.713109031000101 ], [ 121.150129441000217, 14.71330134800013 ], [ 121.150348751000024, 14.713156267000102 ], [ 121.150380803000076, 14.712947080000106 ], [ 121.150304889000154, 14.712778381000078 ], [ 121.149970864000011, 14.712321205000137 ], [ 121.149839279000048, 14.711971998000081 ], [ 121.148680315000206, 14.711833665000086 ], [ 121.148563467000145, 14.711374174000184 ], [ 121.148371586000167, 14.711355900000115 ], [ 121.147887316000038, 14.711566055000162 ], [ 121.147622338000019, 14.711502095000185 ], [ 121.147174616000029, 14.710963000999982 ], [ 121.146973598000159, 14.710944727000083 ], [ 121.146443642, 14.711081784000157 ], [ 121.146169526000222, 14.711045236000132 ], [ 121.145950234000225, 14.710743709000155 ], [ 121.145813176000047, 14.710350810000079 ], [ 121.145721805000221, 14.709802579999973 ], [ 121.145794394000063, 14.708944700000075 ], [ 121.145595407000087, 14.708351799000127 ], [ 121.145497944000113, 14.708270579000157 ], [ 121.143635837000147, 14.709018297000057 ], [ 121.143481235000081, 14.708955702000083 ], [ 121.143076566000104, 14.709384957000168 ], [ 121.143189109000105, 14.709796499000106 ], [ 121.143098622000139, 14.710033377000173 ], [ 121.14220711300004, 14.709832484000174 ], [ 121.141997390000029, 14.710609697000052 ], [ 121.141790280000123, 14.710995489000027 ], [ 121.141522256000144, 14.711101074000169 ], [ 121.140831892000051, 14.710650307000037 ], [ 121.140539502000138, 14.710102076000112 ], [ 121.140226808000079, 14.709890906 ], [ 121.140040003000081, 14.709878722999974 ], [ 121.139934418000166, 14.709959942000069 ], [ 121.139693806000196, 14.710347764000176 ], [ 121.139389233000088, 14.710621880000133 ], [ 121.137842004000049, 14.710195478000173 ], [ 121.136018156000318, 14.709874032000073 ], [ 121.13375238000026, 14.711522556000034 ], [ 121.132496867000214, 14.711902537000128 ], [ 121.130364568000118, 14.712843249000116 ], [ 121.130121993000216, 14.713317923000147 ], [ 121.129858896000201, 14.714447834000111 ], [ 121.129452177000189, 14.714921146000052 ], [ 121.128479559000198, 14.715367306000189 ], [ 121.128034905000163, 14.715852717000075 ], [ 121.127357505000077, 14.716107277000049 ], [ 121.127200394000283, 14.716430777000141 ], [ 121.125595193000095, 14.717889362000108 ], [ 121.125503516000094, 14.718553780000036 ], [ 121.125063575000013, 14.719831102 ], [ 121.125343789000112, 14.720708356000159 ], [ 121.125815270000089, 14.721399373 ], [ 121.126667572000088, 14.721929496000087 ], [ 121.127402897000252, 14.721974968000154 ], [ 121.127952405000087, 14.721880154000075 ], [ 121.128496692000112, 14.722149664000028 ], [ 121.128828969000097, 14.722416098000053 ], [ 121.130229325000187, 14.722638601000085 ], [ 121.130987955000023, 14.722917543000051 ], [ 121.131184431000179, 14.723201714000027 ], [ 121.133162852000169, 14.72235630300014 ], [ 121.133324981000328, 14.722814944000163 ], [ 121.133516573000065, 14.722914445000129 ], [ 121.133545900000058, 14.723280900000191 ], [ 121.13483407300032, 14.723508249000076 ], [ 121.135603369000023, 14.722561054000153 ], [ 121.135661066000125, 14.72234469000017 ], [ 121.135430278000172, 14.722089861000143 ], [ 121.134761952000304, 14.721647516000019 ], [ 121.134675406000042, 14.720233935000067 ], [ 121.134342400000037, 14.719815900000185 ], [ 121.134471800000142, 14.719629900000086 ], [ 121.134956000000216, 14.719506200000126 ], [ 121.1350658, 14.718975800000123 ], [ 121.135591600000225, 14.718919200000073 ], [ 121.135981100000095, 14.719179200000099 ], [ 121.136025200000063, 14.719558400000039 ], [ 121.136257300000011, 14.719888100000105 ], [ 121.136652500000082, 14.719870300000082 ], [ 121.137755900000229, 14.719600100000093 ], [ 121.138587400000119, 14.7195453 ], [ 121.139010900000017, 14.720025 ], [ 121.139217600000052, 14.720448500000145 ], [ 121.139896200000067, 14.7226478 ], [ 121.140138600000228, 14.723058600000059 ], [ 121.140462700000057, 14.723420900000065 ], [ 121.140773900000227, 14.723556200000019 ] ] ] } },
{ "type": "Feature", "properties": { "psgc_code": "0405808003", "name": "Geronimo", "region": "Region IV-A (Calabarzon)", "province": "Rizal", "municipality": "Rodriguez (Montalban)", "barangay": "Geronimo", "level": "barangay" }, "geometry": { "type": "Polygon", "coordinates": [ [ [ 121.150570989000016, 14.73709707800009 ], [ 121.150867400000038, 14.7342238 ], [ 121.151544800000011, 14.734246400000131 ], [ 121.151126778000048, 14.731934086000081 ], [ 121.15143460000013, 14.731844662000185 ], [ 121.15115150000031, 14.730966390000162 ], [ 121.151314832000139, 14.730967740999972 ], [ 121.151313000000187, 14.730863000000113 ], [ 121.150755000000231, 14.729820800000027 ], [ 121.150511900000197, 14.729863800000032 ], [ 121.15061831200012, 14.730245597000078 ], [ 121.148790070000018, 14.730542336000042 ], [ 121.148224259000131, 14.730753490000097 ], [ 121.14802730800011, 14.730987391000042 ], [ 121.147529502000111, 14.731093686 ], [ 121.147672500000226, 14.731938400000104 ], [ 121.147887100000048, 14.732642900000144 ], [ 121.148024400000054, 14.732730600000082 ], [ 121.148103900000024, 14.733063 ], [ 121.147791500000153, 14.733138 ], [ 121.14798380000002, 14.734119600000099 ], [ 121.148490100000231, 14.734135000000151 ], [ 121.148842769000112, 14.735379818000069 ], [ 121.148637919000066, 14.735382184000116 ], [ 121.148714623000046, 14.735895539000069 ], [ 121.148704793000093, 14.736793552 ], [ 121.150570989000016, 14.73709707800009 ] ] ] } },
{ "type": "Feature", "properties": { "psgc_code": "0405808004", "name": "Macabud", "region": "Region IV-A (Calabarzon)", "province": "Rizal", "municipality": "Rodriguez (Montalban)", "barangay": "Macabud", "level": "barangay" }, "geometry": { "type": "Polygon", "coordinates": [ [ [ 121.160573186000079, 14.809570342000086 ], [ 121.159782174000156, 14.807633002000046 ], [ 121.159571237000023, 14.805797612000049 ], [ 121.158727490000274, 14.802585642 ], [ 121.157092730000045, 14.799424608000152 ], [ 121.156618122000054, 14.796212543000024 ], [ 121.154271451000113, 14.796314514000187 ], [ 121.154469204000065, 14.795613462000119 ], [ 121.154324185000178, 14.794708465000099 ], [ 121.154337369000018, 14.794262338000067 ], [ 121.154258268000149, 14.794032901000151 ], [ 121.154020964000097, 14.793981915000188 ], [ 121.153955046000078, 14.79385444900015 ], [ 121.154284635000067, 14.793395574000101 ], [ 121.154113249000147, 14.792503314000157 ], [ 121.153902312000014, 14.792095422000159 ], [ 121.153691375000221, 14.791853236 ], [ 121.153092585000081, 14.791825128000028 ], [ 121.153061450000109, 14.791533594000043 ], [ 121.152608583000188, 14.791131673999985 ], [ 121.152820864000091, 14.790441050000084 ], [ 121.152798221000012, 14.790183482000089 ], [ 121.152472722000198, 14.789982522000116 ], [ 121.152387810000278, 14.789679666000097 ], [ 121.152113259000089, 14.789478706000182 ], [ 121.151850029000116, 14.788929604000032 ], [ 121.151632087000053, 14.788836200000162 ], [ 121.151148556000066, 14.788215630000138 ], [ 121.150856079000164, 14.788047691000031 ], [ 121.150703236000027, 14.787853335000079 ], [ 121.150359811000044, 14.787691058000064 ], [ 121.149695605000034, 14.787942022000038 ], [ 121.149522006000097, 14.787864657000114 ], [ 121.149371050000127, 14.787540102000037 ], [ 121.149438980000014, 14.787260833000119 ], [ 121.149284250000051, 14.787160825000171 ], [ 121.149482380000222, 14.786896652000053 ], [ 121.149446528000112, 14.786668331000101 ], [ 121.149305007000066, 14.786611723000021 ], [ 121.149352180000164, 14.786360759000047 ], [ 121.149159711000266, 14.786230559000103 ], [ 121.14882698100007, 14.786257109000189 ], [ 121.148724087000119, 14.786184275000039 ], [ 121.148653061000118, 14.785783365000043 ], [ 121.148693460000118, 14.785439020000069 ], [ 121.14823303300011, 14.785133901000165 ], [ 121.14823303300011, 14.784976057000051 ], [ 121.148372820000077, 14.784997210000142 ], [ 121.148563209000145, 14.784598323000068 ], [ 121.148116919000131, 14.783964603000015 ], [ 121.148088107000035, 14.783736292000071 ], [ 121.14821511200023, 14.783534176000046 ], [ 121.148189841000089, 14.783402733000059 ], [ 121.147876120000205, 14.783337567000046 ], [ 121.147777375000146, 14.783077183000159 ], [ 121.147929421000072, 14.782582043000048 ], [ 121.147562407000123, 14.782204139000044 ], [ 121.147384381000279, 14.782367758000134 ], [ 121.147126914000069, 14.78225591100005 ], [ 121.147154442000215, 14.782119343000147 ], [ 121.147422707000032, 14.781990919000179 ], [ 121.147543960000121, 14.781833651000113 ], [ 121.147146587000179, 14.780745976999981 ], [ 121.146698192000258, 14.780608517000189 ], [ 121.146170562000293, 14.78072556799998 ], [ 121.145963472000062, 14.78055629500011 ], [ 121.146384855000179, 14.78039242300008 ], [ 121.146320027000115, 14.780145716000163 ], [ 121.145270587000027, 14.780053640000176 ], [ 121.14544816800003, 14.77962414000018 ], [ 121.145426353000062, 14.779272372000037 ], [ 121.145046384000011, 14.77902719400015 ], [ 121.144998368000302, 14.778830198000037 ], [ 121.145148114000108, 14.778771008000092 ], [ 121.145148728000095, 14.778599469000028 ], [ 121.144904579000126, 14.778451414000131 ], [ 121.142854869000189, 14.773116356000116 ], [ 121.143074565, 14.772889457000076 ], [ 121.142966518000094, 14.772106117000135 ], [ 121.142701108000097, 14.771854246000146 ], [ 121.142395669000166, 14.771380401000101 ], [ 121.142118348000054, 14.771367795000117 ], [ 121.142307431000177, 14.770823958000165 ], [ 121.142681631000187, 14.770409901000107 ], [ 121.142755306000026, 14.770154952000041 ], [ 121.142597755000224, 14.770045623000158 ], [ 121.142141759000083, 14.770220695999967 ], [ 121.14189080600022, 14.770199989000162 ], [ 121.141590198000017, 14.769873902000086 ], [ 121.141713740000114, 14.769665784999972 ], [ 121.141522894000332, 14.769723952000106 ], [ 121.141397804000121, 14.769642154999985 ], [ 121.141338625000117, 14.76948377400015 ], [ 121.141388210000059, 14.769392315000118 ], [ 121.141790195000112, 14.769132608 ], [ 121.141871922000064, 14.769010620000074 ], [ 121.141844632000129, 14.768854844000145 ], [ 121.140955658000166, 14.768085125000141 ], [ 121.141100087000041, 14.767313160000128 ], [ 121.140011315000038, 14.765934340000058 ], [ 121.140143268000088, 14.765444907000187 ], [ 121.140718279000112, 14.765102729000091 ], [ 121.140716114000043, 14.765025159000061 ], [ 121.140098620000117, 14.764158087000112 ], [ 121.139843166000105, 14.763666630000046 ], [ 121.139821754000081, 14.76341928700009 ], [ 121.140153693000116, 14.763438944000029 ], [ 121.140194139000073, 14.763298943000052 ], [ 121.140524916000231, 14.76298389100009 ], [ 121.140605787000027, 14.76278097300019 ], [ 121.140912851000053, 14.76250976100016 ], [ 121.141027872000222, 14.762284642000054 ], [ 121.14034648400002, 14.761849558000165 ], [ 121.140358585000058, 14.761404996000124 ], [ 121.140508448000105, 14.760883632000173 ], [ 121.138347607000242, 14.758606666000048 ], [ 121.138082491000205, 14.758508167000173 ], [ 121.137640905000012, 14.758585069000105 ], [ 121.137514624000119, 14.759145511000156 ], [ 121.136829571000021, 14.759556425000028 ], [ 121.136168000000112, 14.760281400000054 ], [ 121.135786102000111, 14.76022347900016 ], [ 121.135586271000079, 14.759825776000014 ], [ 121.134932783000181, 14.759948704000067 ], [ 121.134844225000052, 14.760028554000087 ], [ 121.134850126000174, 14.760658511000088 ], [ 121.129455617000076, 14.760441312000125 ], [ 121.126907985000344, 14.760996516999967 ], [ 121.125311620000161, 14.759811556000102 ], [ 121.124549350000166, 14.760157812000159 ], [ 121.125375548000079, 14.760804571999984 ], [ 121.125296737000099, 14.761276952 ], [ 121.126114310000162, 14.762754468000026 ], [ 121.125564852000139, 14.763311481000017 ], [ 121.125512992000154, 14.763458653000157 ], [ 121.1255521490001, 14.764895532000082 ], [ 121.124914274000162, 14.765389599000059 ], [ 121.12465190100022, 14.766150471000117 ], [ 121.124780070000043, 14.766289029 ], [ 121.126472832000104, 14.767236921000119 ], [ 121.126690708000069, 14.767448771000034 ], [ 121.127737331000048, 14.769021584000086 ], [ 121.127782008000054, 14.769236801000034 ], [ 121.127652685000157, 14.769891168000072 ], [ 121.12821550600006, 14.77037101999997 ], [ 121.128764151000269, 14.770298254000181 ], [ 121.128734240000199, 14.770751301000132 ], [ 121.128829117, 14.771027056000094 ], [ 121.129531334000035, 14.772123479000129 ], [ 121.1299807500003, 14.772627813000099 ], [ 121.13020958200002, 14.772749060000137 ], [ 121.131358065000086, 14.772760355000059 ], [ 121.133240043000228, 14.773120168000105 ], [ 121.133330857000146, 14.773490003000063 ], [ 121.133221196000022, 14.773972512000114 ], [ 121.133288351000147, 14.774261170000159 ], [ 121.133864175000213, 14.775387955000042 ], [ 121.134971792000101, 14.776730445000112 ], [ 121.134576818000255, 14.77682063200001 ], [ 121.134356674000173, 14.777006811000035 ], [ 121.134190623000222, 14.777526351000063 ], [ 121.133983058000013, 14.777684855000018 ], [ 121.13351383700001, 14.777615667000191 ], [ 121.132187941000097, 14.776423115000057 ], [ 121.131628146000025, 14.77632625200016 ], [ 121.131060803000082, 14.776483497000129 ], [ 121.130787825000198, 14.776658355 ], [ 121.129963857000234, 14.777325077000114 ], [ 121.129946551000216, 14.777485055 ], [ 121.128834975000132, 14.777562997000075 ], [ 121.127092816000072, 14.776440567000122 ], [ 121.125135749000037, 14.775459382000179 ], [ 121.12456953800006, 14.774520612000117 ], [ 121.123692791000053, 14.775541844000088 ], [ 121.121199222000087, 14.776029560000097 ], [ 121.119890276000092, 14.775129153000137 ], [ 121.119596697000247, 14.774686977000158 ], [ 121.118425639000179, 14.77338284700005 ], [ 121.117315911000219, 14.772960405000106 ], [ 121.114652653000121, 14.772163486000181 ], [ 121.114292688000091, 14.770858340000188 ], [ 121.113244574000078, 14.768538131000128 ], [ 121.110298955000076, 14.76548601200011 ], [ 121.109682245000045, 14.763837527000021 ], [ 121.10491462400023, 14.762656063000179 ], [ 121.101977884000235, 14.765484873000105 ], [ 121.099729179000065, 14.765222305000066 ], [ 121.099808599000085, 14.765742362000026 ], [ 121.099685061000173, 14.766454212000099 ], [ 121.099879118000104, 14.767112952000048 ], [ 121.099725569000157, 14.767486028 ], [ 121.099700646000088, 14.767838126000015 ], [ 121.099467300000015, 14.768251215000191 ], [ 121.099396581000065, 14.768718734000061 ], [ 121.099505134000083, 14.769211051000013 ], [ 121.099884265000128, 14.768920015000106 ], [ 121.10007213200015, 14.768856416000062 ], [ 121.10041214000023, 14.768900951000148 ], [ 121.100614271000154, 14.769676601000185 ], [ 121.10074606000012, 14.769828884000106 ], [ 121.101172251000094, 14.769961851000176 ], [ 121.101649047000137, 14.770227383000076 ], [ 121.101989051000032, 14.770276824 ], [ 121.102430629000082, 14.770272388000024 ], [ 121.102594476000263, 14.770088547000171 ], [ 121.102600196000026, 14.769847283000104 ], [ 121.102845938000087, 14.769686437000132 ], [ 121.103328604000126, 14.769670834000124 ], [ 121.103618956000105, 14.769899942000109 ], [ 121.104129582000269, 14.770621664000146 ], [ 121.104259085000081, 14.770672446000049 ], [ 121.104666866000116, 14.77059576900001 ], [ 121.105068082000116, 14.770390349000081 ], [ 121.105318117000138, 14.770126633000132 ], [ 121.105552889000023, 14.770040539000092 ], [ 121.106170739000163, 14.769955746000107 ], [ 121.106468688000064, 14.770052052000096 ], [ 121.106657416000189, 14.770261971000139 ], [ 121.106723862000194, 14.770485337000139 ], [ 121.106629491000263, 14.770811422 ], [ 121.106466974000227, 14.77099972700006 ], [ 121.106519162000154, 14.771458256000074 ], [ 121.106762607000064, 14.771619423000175 ], [ 121.107052482000199, 14.771649121000166 ], [ 121.107272662000128, 14.771322069000064 ], [ 121.107632930000022, 14.771264811000151 ], [ 121.107958861000157, 14.771777897000163 ], [ 121.108365561000028, 14.772159416000022 ], [ 121.108357339, 14.772580409000113 ], [ 121.108564967, 14.772661145000029 ], [ 121.10884408600009, 14.773056110000141 ], [ 121.109653796000089, 14.77357303499997 ], [ 121.110096796000221, 14.774030258000096 ], [ 121.110153150000087, 14.774185175000184 ], [ 121.10992073500006, 14.77452597000007 ], [ 121.109683709000024, 14.774643241999968 ], [ 121.108868334000135, 14.774750746000166 ], [ 121.108792045000314, 14.775031621000039 ], [ 121.109062795000114, 14.775652888000025 ], [ 121.109787244000017, 14.776487298000177 ], [ 121.110320081000054, 14.777006111 ], [ 121.110890448000077, 14.77727309100004 ], [ 121.111630150000224, 14.777407942000139 ], [ 121.11187539000025, 14.777705314000059 ], [ 121.11238117500011, 14.777847991000044 ], [ 121.112600371000099, 14.778304856000091 ], [ 121.112959010000054, 14.778705510000179 ], [ 121.11311751900007, 14.778716978999967 ], [ 121.113837668000087, 14.778398229000061 ], [ 121.114565748000132, 14.778712700000085 ], [ 121.114880894000066, 14.778960670000174 ], [ 121.116010040000106, 14.780490291000149 ], [ 121.116417475000276, 14.780911945000071 ], [ 121.11661885, 14.781326427000067 ], [ 121.116817214000093, 14.782323277000103 ], [ 121.116769153000064, 14.782947633000106 ], [ 121.116957328000126, 14.783735925000144 ], [ 121.117435081000281, 14.784462357 ], [ 121.117774800000234, 14.785540999000091 ], [ 121.117631710000296, 14.786962012000174 ], [ 121.117685079000012, 14.787190742000064 ], [ 121.118279565000194, 14.787237082000161 ], [ 121.118521960000066, 14.7871299950001 ], [ 121.119362930000193, 14.787117473000137 ], [ 121.119537517000026, 14.787033618 ], [ 121.119623512000089, 14.786917521000134 ], [ 121.119629948000124, 14.786567748000039 ], [ 121.119925085000091, 14.785989444000165 ], [ 121.119893043000047, 14.785855126000058 ], [ 121.120608115000095, 14.785482605000027 ], [ 121.120960577000119, 14.784728935000032 ], [ 121.121124804000146, 14.784547005000093 ], [ 121.121265036000182, 14.784510515000079 ], [ 121.121370392000017, 14.784533338000131 ], [ 121.121668380000187, 14.78496738900003 ], [ 121.12193304400023, 14.785511285000098 ], [ 121.122495582000056, 14.785730658000034 ], [ 121.122639529000139, 14.785883365000188 ], [ 121.122767739000096, 14.786587939000185 ], [ 121.122870903000262, 14.786780906999979 ], [ 121.123168840000176, 14.78696062500012 ], [ 121.124054787000205, 14.786866235000105 ], [ 121.124500230000194, 14.78704377300005 ], [ 121.124733513000024, 14.787225184000079 ], [ 121.124982528000146, 14.787605040000074 ], [ 121.124678398000015, 14.788204125000163 ], [ 121.124836873000049, 14.788446461000149 ], [ 121.124967853000044, 14.788449633000027 ], [ 121.125122158000067, 14.788314497000044 ], [ 121.125507146000018, 14.787157948000186 ], [ 121.125674629000059, 14.78705925100013 ], [ 121.126302163000105, 14.787196261000076 ], [ 121.126550094000095, 14.787174044000096 ], [ 121.126965505000157, 14.787478795000027 ], [ 121.127291477000085, 14.787994869000102 ], [ 121.127495098000168, 14.788642172000095 ], [ 121.127410254000097, 14.78924196000014 ], [ 121.12668246800024, 14.789593031000152 ], [ 121.126176513000019, 14.790079610000191 ], [ 121.125897809000094, 14.790909782000142 ], [ 121.125944395000033, 14.79130281700003 ], [ 121.125872549000292, 14.79150640600011 ], [ 121.124936152000032, 14.792617219000078 ], [ 121.12482925200004, 14.792828989000043 ], [ 121.124860779000073, 14.792960555999969 ], [ 121.125376864000032, 14.793430268000122 ], [ 121.12600723800017, 14.793599825 ], [ 121.126527439000142, 14.792835540000112 ], [ 121.127043761000209, 14.792310284000166 ], [ 121.127275858000189, 14.791552143000047 ], [ 121.127608640000176, 14.791336192000074 ], [ 121.12776327600011, 14.791386668000143 ], [ 121.12795965100031, 14.791600450999965 ], [ 121.128057039000055, 14.792233302 ], [ 121.127659268000116, 14.79314026600008 ], [ 121.127345844000047, 14.793427899 ], [ 121.126970483000036, 14.793629526000075 ], [ 121.1269273260001, 14.79388209800004 ], [ 121.127402693000022, 14.794361650999974 ], [ 121.127788472000134, 14.794525718000159 ], [ 121.128192367000224, 14.794402703 ], [ 121.128354977000185, 14.793604911000102 ], [ 121.128564475000076, 14.793290980000165 ], [ 121.128840147, 14.793097315000182 ], [ 121.129289037000035, 14.793042626000044 ], [ 121.130179739000027, 14.793413317000045 ], [ 121.130348803000288, 14.794005259000187 ], [ 121.130110799000136, 14.794374659000027 ], [ 121.129405923000036, 14.79481878200005 ], [ 121.129362251000202, 14.7957742480001 ], [ 121.129506461, 14.79644246700002 ], [ 121.129346890000079, 14.796673821000184 ], [ 121.129381293000165, 14.79676678900006 ], [ 121.129641262000064, 14.796970849000047 ], [ 121.130168745000105, 14.797038808000082 ], [ 121.130279209000037, 14.796986461000131 ], [ 121.130213835000177, 14.796452709000164 ], [ 121.130304319000174, 14.796295454000017 ], [ 121.130571866000196, 14.796333056000151 ], [ 121.131170877000272, 14.797227056000054 ], [ 121.131611116000045, 14.797349725000117 ], [ 121.131974423000315, 14.797554485000035 ], [ 121.132120818000089, 14.797749528000111 ], [ 121.132081735000156, 14.798062298000048 ], [ 121.131767451000087, 14.798744355000053 ], [ 121.131769098000291, 14.799349451000069 ], [ 121.131949593000058, 14.799445700000092 ], [ 121.132144231000211, 14.799411811000027 ], [ 121.132598945000154, 14.799057679000043 ], [ 121.132768091000116, 14.799013767000133 ], [ 121.133969224000111, 14.79976668900008 ], [ 121.134032031000061, 14.800367817000108 ], [ 121.134582400000227, 14.801027468000086 ], [ 121.134617827000056, 14.80126250800015 ], [ 121.134744807000061, 14.801414775000069 ], [ 121.134928201000093, 14.801479268000151 ], [ 121.135549883000067, 14.801399136999976 ], [ 121.136011522000103, 14.801437904000068 ], [ 121.13649333900014, 14.801305573999969 ], [ 121.136772128000189, 14.801354218000085 ], [ 121.13720360800005, 14.802104105000069 ], [ 121.137394287000234, 14.802600927000128 ], [ 121.137388774000215, 14.802730532000112 ], [ 121.137151264000067, 14.802833816000145 ], [ 121.136945049000019, 14.803063371 ], [ 121.136977215000229, 14.803357104000099 ], [ 121.137147577000064, 14.803652908000061 ], [ 121.137433625000085, 14.803811643000131 ], [ 121.138089494000155, 14.803731814000173 ], [ 121.138411146000067, 14.803530008000166 ], [ 121.138686035000205, 14.803162146000091 ], [ 121.138887854000131, 14.803144925000026 ], [ 121.13959417600006, 14.803444500000012 ], [ 121.140216919000181, 14.803875672000174 ], [ 121.14034779900021, 14.803898126000092 ], [ 121.140648802000101, 14.803749707000122 ], [ 121.140827066000156, 14.803983425000126 ], [ 121.143188300000133, 14.804041920000088 ], [ 121.143659475000277, 14.803922391000071 ], [ 121.147818649000328, 14.801415686000041 ], [ 121.150529629000062, 14.801784266000141 ], [ 121.151881489000061, 14.803293339000049 ], [ 121.154676830000312, 14.805253077000032 ], [ 121.155958125000211, 14.807303648000129 ], [ 121.160278660000017, 14.810089310000023 ], [ 121.160995060000118, 14.811201772000061 ], [ 121.160573186000079, 14.809570342000086 ] ] ] } },
{ "type": "Feature", "properties": { "psgc_code": "0405808005", "name": "Manggahan", "region": "Region IV-A (Calabarzon)", "province": "Rizal", "municipality": "Rodriguez (Montalban)", "barangay": "Manggahan", "level": "barangay" }, "geometry": { "type": "Polygon", "coordinates": [ [ [ 121.139719145000072, 14.729818373000114 ], [ 121.144088682000188, 14.728896947000067 ], [ 121.144327034000185, 14.729559884000139 ], [ 121.145541, 14.729124300000137 ], [ 121.145819500000016, 14.729205800000159 ], [ 121.147317700000031, 14.728644600000052 ], [ 121.147544400000129, 14.728447200000062 ], [ 121.147964900000261, 14.727572300000134 ], [ 121.148608328000023, 14.729399080000121 ], [ 121.14891485700025, 14.729337301000101 ], [ 121.148980696000081, 14.729590898000026 ], [ 121.150295500000198, 14.729159200000026 ], [ 121.150339600000279, 14.72904050000011 ], [ 121.150102185000264, 14.728610787000036 ], [ 121.150278321000087, 14.728489663000119 ], [ 121.150201285000094, 14.728340654000135 ], [ 121.15192856200008, 14.727426355000091 ], [ 121.151584737, 14.726550186000168 ], [ 121.151855803000103, 14.726219034999986 ], [ 121.151424951000081, 14.725829931000135 ], [ 121.153135736000195, 14.724362863000067 ], [ 121.153338803000224, 14.724017762000017 ], [ 121.153684019000025, 14.723779277000119 ], [ 121.153036224000289, 14.723077940999985 ], [ 121.152510486000097, 14.721954850000088 ], [ 121.151498, 14.720261400000084 ], [ 121.154258900000059, 14.719191099999989 ], [ 121.151409447000106, 14.713904870000135 ], [ 121.151360103000115, 14.713684717000149 ], [ 121.150348751000024, 14.713156267000102 ], [ 121.150129441000217, 14.71330134800013 ], [ 121.149530559000027, 14.713109031000101 ], [ 121.148938425000097, 14.713213625000037 ], [ 121.148754542, 14.713390759000163 ], [ 121.148773099000095, 14.713844560000098 ], [ 121.148695498000166, 14.713942826999983 ], [ 121.149466032000078, 14.714341379000132 ], [ 121.150156300000049, 14.714875599999971 ], [ 121.150076600000034, 14.7149554 ], [ 121.14977470000008, 14.71498820000005 ], [ 121.149336800000128, 14.715433900000164 ], [ 121.149696500000232, 14.715576200000044 ], [ 121.149818500000151, 14.715704500000186 ], [ 121.149737200000345, 14.7161799000001 ], [ 121.149768500000278, 14.716619400000013 ], [ 121.149266500000181, 14.7167288 ], [ 121.148437600000079, 14.718044100000157 ], [ 121.148374900000249, 14.718469700000185 ], [ 121.148640600000022, 14.718748900000037 ], [ 121.148630300000036, 14.719188200000133 ], [ 121.148599700000204, 14.719307400000048 ], [ 121.148347700000159, 14.719455500000038 ], [ 121.148044600000276, 14.719787600000132 ], [ 121.148029300000076, 14.72010430000006 ], [ 121.148111, 14.720320500000184 ], [ 121.14803530000006, 14.720656800000143 ], [ 121.147600200000284, 14.721049300000118 ], [ 121.147028100000057, 14.7210612 ], [ 121.146825500000091, 14.720940300000166 ], [ 121.146513900000286, 14.720417600000076 ], [ 121.146231200000216, 14.720308600000124 ], [ 121.145684600000095, 14.721161700000152 ], [ 121.14507, 14.721434100000124 ], [ 121.144988200000171, 14.721752500000036 ], [ 121.144636800000058, 14.721918100000039 ], [ 121.144136700000104, 14.721869700000127 ], [ 121.143190200000049, 14.722698900000182 ], [ 121.14265690000002, 14.723344400000087 ], [ 121.14222570000004, 14.72354590000009 ], [ 121.140773900000227, 14.723556200000019 ], [ 121.140347800000086, 14.723313800000085 ], [ 121.139896200000067, 14.7226478 ], [ 121.139217600000052, 14.720448500000145 ], [ 121.139010900000017, 14.720025 ], [ 121.138538900000185, 14.7195198 ], [ 121.136257300000011, 14.719888100000105 ], [ 121.136025200000063, 14.719558400000039 ], [ 121.135981100000095, 14.719179200000099 ], [ 121.135721000000103, 14.718959600000062 ], [ 121.135417100000154, 14.718912200000034 ], [ 121.135157100000129, 14.718935300000169 ], [ 121.13500230000011, 14.719042800000182 ], [ 121.134956000000216, 14.719506200000126 ], [ 121.134642900000017, 14.719554800000083 ], [ 121.134395600000062, 14.719709600000101 ], [ 121.134342400000037, 14.719815900000185 ], [ 121.134675406000042, 14.720233935000067 ], [ 121.134761952000304, 14.721647516000019 ], [ 121.135430278000172, 14.722089861000143 ], [ 121.135661066000125, 14.72234469000017 ], [ 121.135603369000023, 14.722561054000153 ], [ 121.134694639000145, 14.723695765000116 ], [ 121.13462732500011, 14.724215040000047 ], [ 121.134728295000059, 14.72429677700012 ], [ 121.134891771000298, 14.725003568000091 ], [ 121.134610338000016, 14.725369694000165 ], [ 121.13482289600006, 14.72610003 ], [ 121.13513189400021, 14.726194972000087 ], [ 121.13561151600004, 14.726145966999979 ], [ 121.13609800100005, 14.726250737000157 ], [ 121.136414003000141, 14.726212129000146 ], [ 121.136503073000085, 14.726849806000075 ], [ 121.136862108000173, 14.726954775000138 ], [ 121.13688757500006, 14.727066540000067 ], [ 121.136696446000315, 14.727331949000074 ], [ 121.136883323000234, 14.727639441000122 ], [ 121.137150818000123, 14.727667524000026 ], [ 121.137517396000021, 14.727568823000126 ], [ 121.137924879000252, 14.727423913000052 ], [ 121.138231305000204, 14.727161176999971 ], [ 121.13844958500033, 14.727153326000121 ], [ 121.138656008000112, 14.727314929999977 ], [ 121.139320029000032, 14.727551860000062 ], [ 121.139407900000151, 14.727631500000086 ], [ 121.139690100000053, 14.729032100000154 ], [ 121.139719145000072, 14.729818373000114 ] ] ] } },
{ "type": "Feature", "properties": { "psgc_code": "0405808006", "name": "Mascap", "region": "Region IV-A (Calabarzon)", "province": "Rizal", "municipality": "Rodriguez (Montalban)", "barangay": "Mascap", "level": "barangay" }, "geometry": { "type": "Polygon", "coordinates": [ [ [ 121.17769450000003, 14.783259700000087 ], [ 121.177874, 14.782949500000143 ], [ 121.17819030000021, 14.782644000000118 ], [ 121.178724800000055, 14.782644000000118 ], [ 121.178681200000142, 14.782393200000115 ], [ 121.178844800000206, 14.782251400000121 ], [ 121.179341100000215, 14.782273200000134 ], [ 121.179624700000204, 14.782087700000091 ], [ 121.180077400000187, 14.782202300000165 ], [ 121.180966400000216, 14.781989600000145 ], [ 121.181222700000262, 14.782289500000104 ], [ 121.181419, 14.782224100000178 ], [ 121.181631700000025, 14.781984100000045 ], [ 121.181762600000184, 14.782235000000185 ], [ 121.182079, 14.782115 ], [ 121.18236260000026, 14.782142300000146 ], [ 121.182438900000193, 14.781951399999969 ], [ 121.182329900000013, 14.781869600000164 ], [ 121.182444400000122, 14.781766000000118 ], [ 121.183060700000283, 14.781602300000088 ], [ 121.183753300000035, 14.781013299999984 ], [ 121.185193200000185, 14.780953300000021 ], [ 121.18550950000008, 14.780822400000034 ], [ 121.185580400000049, 14.7800153 ], [ 121.185482200000138, 14.779649800000186 ], [ 121.186681056000339, 14.777092090999986 ], [ 121.190833488000067, 14.773789778000094 ], [ 121.190788932000032, 14.773492038000143 ], [ 121.192545524000138, 14.77256194000006 ], [ 121.192550820000179, 14.771921445000089 ], [ 121.192773764000322, 14.771496167000123 ], [ 121.192810403000067, 14.770855918000166 ], [ 121.192906706000144, 14.770582156000046 ], [ 121.193159228000241, 14.770370620000165 ], [ 121.193472673000201, 14.770373073000087 ], [ 121.193662252000081, 14.770191546000092 ], [ 121.193729477000261, 14.769643041000052 ], [ 121.193888215000129, 14.769400269000073 ], [ 121.19413972600023, 14.769310731000132 ], [ 121.1947342630001, 14.769437387000096 ], [ 121.195079303000057, 14.769409582000037 ], [ 121.195393755000168, 14.769290033000175 ], [ 121.195426358000077, 14.769137779000175 ], [ 121.195627822, 14.769382218999965 ], [ 121.196109862000185, 14.769598101999975 ], [ 121.19658065100009, 14.769569670000124 ], [ 121.196925325000052, 14.769376444000102 ], [ 121.19721872200023, 14.7690596650001 ], [ 121.197781814000109, 14.767468669000095 ], [ 121.198454279000089, 14.766499651000061 ], [ 121.198846488000072, 14.766112126000053 ], [ 121.198817609000116, 14.765791832 ], [ 121.198886182000024, 14.765722833000098 ], [ 121.199234135000097, 14.765785901000129 ], [ 121.199317152000162, 14.76588665100013 ], [ 121.19965964000005, 14.767156740000132 ], [ 121.200112485000091, 14.767531951000024 ], [ 121.20051057000012, 14.767286247000129 ], [ 121.200913269000125, 14.76664823599998 ], [ 121.200651626000081, 14.766158978000021 ], [ 121.200896560000047, 14.765235579000091 ], [ 121.201251739000099, 14.764752696000187 ], [ 121.201247748000014, 14.764561139000079 ], [ 121.201028256000086, 14.76452921300006 ], [ 121.200621537000302, 14.764753862000077 ], [ 121.200402883000152, 14.764660653000135 ], [ 121.200279264000187, 14.764446176000035 ], [ 121.199655402000076, 14.76407529300019 ], [ 121.199251699000115, 14.76361461800019 ], [ 121.198437769000066, 14.763486264000051 ], [ 121.198127097000111, 14.763148321000017 ], [ 121.197726919000047, 14.762260647000119 ], [ 121.197352054000021, 14.762105212000165 ], [ 121.197198857000103, 14.761676992000048 ], [ 121.197170781000068, 14.761280250000084 ], [ 121.197299171000054, 14.760915229000034 ], [ 121.197646459000225, 14.760612921000074 ], [ 121.198242734000019, 14.760526067000171 ], [ 121.198401995000154, 14.760309370000073 ], [ 121.198586100000057, 14.76034748 ], [ 121.199715748000017, 14.760125531000028 ], [ 121.200071032000324, 14.759932795000111 ], [ 121.200713304000033, 14.759795172000167 ], [ 121.201080923000177, 14.759577874000115 ], [ 121.201319458000057, 14.75955052400019 ], [ 121.201949222000167, 14.759743219000029 ], [ 121.202143546000229, 14.75998917000004 ], [ 121.202833466000129, 14.759652352000046 ], [ 121.203320035000161, 14.759860003000085 ], [ 121.203504981000151, 14.760118183000145 ], [ 121.20407241700002, 14.760237685000106 ], [ 121.204289066000115, 14.760574889999987 ], [ 121.204663434000167, 14.760791313000084 ], [ 121.204787055000224, 14.761005788000148 ], [ 121.205102491000162, 14.760764222000034 ], [ 121.205198523000149, 14.760520953000082 ], [ 121.204981622000219, 14.760214249000114 ], [ 121.205140340000185, 14.759971467000071 ], [ 121.205671424000116, 14.760189106000041 ], [ 121.206079137000188, 14.760161770000138 ], [ 121.20629729000018, 14.760315973000161 ], [ 121.20635822600002, 14.760529960000042 ], [ 121.206735847000118, 14.760349880000035 ], [ 121.206895063000161, 14.760046097000043 ], [ 121.207995076000088, 14.759688608000033 ], [ 121.20887268800027, 14.759695412999974 ], [ 121.210599812000169, 14.759312271000056 ], [ 121.211101303000191, 14.759316154000146 ], [ 121.211757767000108, 14.759534749000181 ], [ 121.21241223800007, 14.759997345000102 ], [ 121.212933115000055, 14.761465472000168 ], [ 121.213275902000078, 14.761712139000053 ], [ 121.213429880000035, 14.76204885300001 ], [ 121.221230217000198, 14.760697893000156 ], [ 121.237804367000194, 14.766400760000124 ], [ 121.237648205000028, 14.765761960000191 ], [ 121.237294779000081, 14.765065307000043 ], [ 121.237349152000093, 14.764776129000097 ], [ 121.237675391000039, 14.764302929 ], [ 121.239809538000259, 14.762475839 ], [ 121.240230930000166, 14.762304960000165 ], [ 121.240842628000109, 14.762410116000183 ], [ 121.241209647000233, 14.762265526000078 ], [ 121.241467920000218, 14.761897477000105 ], [ 121.241427140000042, 14.761450559000082 ], [ 121.240992155000185, 14.760228104000078 ], [ 121.240951375, 14.75984690700011 ], [ 121.241155274000107, 14.759478854000122 ], [ 121.241631039000254, 14.759268537000025 ], [ 121.242365077000045, 14.759321116000024 ], [ 121.243194268000025, 14.759518288000152 ], [ 121.244540004000328, 14.760188670000048 ], [ 121.247136323000177, 14.762186658000132 ], [ 121.247734427000069, 14.76235753800006 ], [ 121.248115040000016, 14.762081501000068 ], [ 121.248278159000279, 14.761568861000114 ], [ 121.248101446000305, 14.760951062000061 ], [ 121.247516935000021, 14.760569866000139 ], [ 121.24656540400008, 14.760136091000049 ], [ 121.2457362130001, 14.75988634100014 ], [ 121.245532314000229, 14.75953143300012 ], [ 121.245600281000065, 14.759137089000149 ], [ 121.245831367000164, 14.759005642000034 ], [ 121.246144012000173, 14.758992497000065 ], [ 121.247258662000036, 14.759189669000079 ], [ 121.24778880100007, 14.758900483000104 ], [ 121.248264566000103, 14.75850613900019 ], [ 121.248427685000024, 14.758098649000033 ], [ 121.248386905000075, 14.757480839999971 ], [ 121.248250972000051, 14.75716536300007 ], [ 121.247367408000173, 14.756435819000103 ], [ 121.247530528000198, 14.75504245000019 ], [ 121.247013983000102, 14.752965525000036 ], [ 121.247115933000032, 14.752498871000171 ], [ 121.247482951000052, 14.752196532000085 ], [ 121.248529635000295, 14.752301694000096 ], [ 121.249290859000098, 14.752827501000183 ], [ 121.250813308000033, 14.753116694000028 ], [ 121.250949241000171, 14.75299838799998 ], [ 121.251030801000297, 14.752117661000057 ], [ 121.250493607000067, 14.75063554400009 ], [ 121.249996259000113, 14.749915841000131 ], [ 121.248808297000096, 14.747135569000136 ], [ 121.248617658000057, 14.747042449000048 ], [ 121.247197116000052, 14.747212990000037 ], [ 121.246776100000034, 14.747122424 ], [ 121.246714930000167, 14.746918668000035 ], [ 121.246600995000108, 14.74651078200003 ], [ 121.246776100000034, 14.746070780000025 ], [ 121.248210193000205, 14.745190025000113 ], [ 121.248747313000194, 14.744322052000143 ], [ 121.248733534000053, 14.744177809000178 ], [ 121.248516042, 14.744026634000022 ], [ 121.247088746000031, 14.744092362000117 ], [ 121.24673728900018, 14.743901544000153 ], [ 121.246341115000064, 14.743126152000116 ], [ 121.24668587300016, 14.742356494000035 ], [ 121.24721108600022, 14.742074489000061 ], [ 121.249605562000056, 14.742257807000101 ], [ 121.251778432000037, 14.741443489000062 ], [ 121.251998064000304, 14.74069039900013 ], [ 121.251995924000312, 14.740391818000035 ], [ 121.251757620000149, 14.739652240000112 ], [ 121.251559175000011, 14.739396739000028 ], [ 121.25121828500005, 14.739155210000035 ], [ 121.25106478400005, 14.739142952000066 ], [ 121.249820998000132, 14.739550477000137 ], [ 121.249052977000133, 14.739655645000141 ], [ 121.248468465000087, 14.73934014200006 ], [ 121.248060666000129, 14.738748572000134 ], [ 121.24815581900009, 14.738157 ], [ 121.249052977000133, 14.737736326 ], [ 121.250262780000071, 14.736632053000051 ], [ 121.25042589900022, 14.736027329000137 ], [ 121.250303560000134, 14.735593505000111 ], [ 121.249882167000123, 14.735396312000034 ], [ 121.248849077000045, 14.735882721000053 ], [ 121.248074260000067, 14.735895868000171 ], [ 121.247122729000239, 14.735409458000049 ], [ 121.246742117000053, 14.734765292000077 ], [ 121.246538218000069, 14.734160564000092 ], [ 121.246266352000021, 14.732306928000014 ], [ 121.245831367000164, 14.730558449000057 ], [ 121.245545907000178, 14.730387545000099 ], [ 121.245029362000196, 14.730466424000156 ], [ 121.241834939000114, 14.729270087000032 ], [ 121.241617446000078, 14.729072889000065 ], [ 121.24106012100026, 14.727705637999975 ], [ 121.240978561000134, 14.727284943000086 ], [ 121.241535886000065, 14.725312928000108 ], [ 121.24137276700003, 14.724642439000149 ], [ 121.241141681000045, 14.724287473000061 ], [ 121.240652322000187, 14.723985095000103 ], [ 121.240054218000068, 14.723827332000099 ], [ 121.24045999000009, 14.716980910000075 ], [ 121.231572003000224, 14.718226673000061 ], [ 121.205024901000115, 14.723721750000038 ], [ 121.197077431000025, 14.728557302000127 ], [ 121.194672501000127, 14.729487001000052 ], [ 121.193334620000201, 14.730878663000055 ], [ 121.192265750000047, 14.73230615000017 ], [ 121.191421331000242, 14.734030377000067 ], [ 121.185390891000111, 14.737408949000042 ], [ 121.180421577000175, 14.744393539999976 ], [ 121.180371456000216, 14.744621011000106 ], [ 121.180197962000079, 14.744867759000044 ], [ 121.179608080000094, 14.745133784000132 ], [ 121.178771451000216, 14.745380531000023 ], [ 121.17804663000004, 14.745191615000067 ], [ 121.177522291000059, 14.745291856000051 ], [ 121.177186868000149, 14.745087518000048 ], [ 121.174971600000163, 14.745179300000189 ], [ 121.17512180000017, 14.744940700000143 ], [ 121.175143200000093, 14.744608700000015 ], [ 121.1753026, 14.74424660000011 ], [ 121.175229100000138, 14.743695599999967 ], [ 121.171790177000048, 14.740853155000082 ], [ 121.167723050000063, 14.741481892000138 ], [ 121.167632900000058, 14.742470200000014 ], [ 121.167882500000019, 14.742504800000063 ], [ 121.168103500000143, 14.742363400000045 ], [ 121.169639800000027, 14.741848700000105 ], [ 121.16975780000007, 14.741983600000083 ], [ 121.169773700000178, 14.742585400000166 ], [ 121.169591500000024, 14.742798000000164 ], [ 121.169403900000134, 14.74322050000012 ], [ 121.168334800000139, 14.744301800000073 ], [ 121.16794450000009, 14.744460500000059 ], [ 121.168070797000041, 14.744771762000028 ], [ 121.168500025000185, 14.748808744000087 ], [ 121.168615661000104, 14.748818611000104 ], [ 121.169006780000132, 14.749509295000053 ], [ 121.169646175000139, 14.749709921000147 ], [ 121.17151674500019, 14.750923546000081 ], [ 121.171870453000111, 14.751397153000141 ], [ 121.171996292000017, 14.751729336000153 ], [ 121.171999693000203, 14.752472633000139 ], [ 121.171775224000044, 14.753298151000024 ], [ 121.171336490000158, 14.754021710000131 ], [ 121.170996387000173, 14.754192733000139 ], [ 121.170829736000087, 14.754597266000133 ], [ 121.171020194000107, 14.755332332000023 ], [ 121.17129737900018, 14.755978596000034 ], [ 121.171382404000042, 14.756545925000182 ], [ 121.171450425000216, 14.757080364000046 ], [ 121.1712684700002, 14.757759511000017 ], [ 121.171305881000194, 14.758025907000047 ], [ 121.17151164400002, 14.758212959000048 ], [ 121.172279534000154, 14.758555764000107 ], [ 121.172725767000088, 14.758402968000098 ], [ 121.172974061000332, 14.75852103700015 ], [ 121.173071295000227, 14.758899555000028 ], [ 121.172904608000181, 14.759536782999987 ], [ 121.172691041, 14.759701734000089 ], [ 121.172335096000097, 14.759693052000046 ], [ 121.17220660800001, 14.759788550000167 ], [ 121.172303842000019, 14.760213948000171 ], [ 121.172487892000163, 14.760458769000081 ], [ 121.17295148900007, 14.760552530000098 ], [ 121.17322582700001, 14.760498704000099 ], [ 121.17394813500016, 14.760580311000183 ], [ 121.176200140000219, 14.76126615700008 ], [ 121.17656129500017, 14.761224485000014 ], [ 121.176743608000038, 14.76136512700009 ], [ 121.176759235000191, 14.762021455000081 ], [ 121.176653319000138, 14.762384346000147 ], [ 121.176297374000114, 14.763011157000051 ], [ 121.176274802000194, 14.763247296000145 ], [ 121.176606439000011, 14.763544206 ], [ 121.175944820000041, 14.76583689500012 ], [ 121.175545940000234, 14.767772458000081 ], [ 121.174123381000072, 14.770145351000053 ], [ 121.173500544000149, 14.772440843000084 ], [ 121.173151500000017, 14.774193 ], [ 121.173477600000183, 14.774292600000081 ], [ 121.173825900000224, 14.774625600000149 ], [ 121.174181500000145, 14.775753200000167 ], [ 121.174250100000108, 14.776400600000102 ], [ 121.173735100000158, 14.77728860000019 ], [ 121.173692200000119, 14.777645500000062 ], [ 121.173329500000023, 14.778785 ], [ 121.172993400000109, 14.779271000000108 ], [ 121.173001200000044, 14.779436800000099 ], [ 121.173313300000245, 14.779614600000116 ], [ 121.174567700000125, 14.77938 ], [ 121.174854600000231, 14.77949690000014 ], [ 121.175686900000187, 14.781206100000134 ], [ 121.175943400000051, 14.781410600000186 ], [ 121.177179600000045, 14.781938100000161 ], [ 121.177348700000039, 14.782288900000026 ], [ 121.177235600000245, 14.783176300000093 ], [ 121.177410000000123, 14.783268100000043 ], [ 121.17769450000003, 14.783259700000087 ] ] ] } },
{ "type": "Feature", "properties": { "psgc_code": "0405808007", "name": "Puray", "region": "Region IV-A (Calabarzon)", "province": "Rizal", "municipality": "Rodriguez (Montalban)", "barangay": "Puray", "level": "barangay" }, "geometry": { "type": "Polygon", "coordinates": [ [ [ 121.33035662500015, 14.834802543000137 ], [ 121.330847820000031, 14.833084768000049 ], [ 121.331010933000243, 14.831127338999977 ], [ 121.331500302000109, 14.828925229000049 ], [ 121.331581068000105, 14.825747015000161 ], [ 121.331908075000229, 14.822808265 ], [ 121.331989190000058, 14.819628624000075 ], [ 121.332723676000114, 14.817343773000118 ], [ 121.3336208730002, 14.815631016999987 ], [ 121.33499960100005, 14.814183425000124 ], [ 121.335023269000089, 14.811861209000028 ], [ 121.335500400000228, 14.800851961000035 ], [ 121.334925775000329, 14.799645348000126 ], [ 121.33174470400013, 14.793854650000071 ], [ 121.331592245000024, 14.793453291000162 ], [ 121.330710167000234, 14.789730174000056 ], [ 121.328978269000118, 14.788200564000135 ], [ 121.329180794000081, 14.784632316000113 ], [ 121.333563438000169, 14.776580837000154 ], [ 121.333971112000086, 14.774134826000022 ], [ 121.333766447000016, 14.772401832000185 ], [ 121.333869157000095, 14.770363897000038 ], [ 121.334378760000277, 14.768529387000115 ], [ 121.331594699000107, 14.768180849000032 ], [ 121.326002957000128, 14.763605521000045 ], [ 121.315636599000072, 14.764566463000165 ], [ 121.309268094000117, 14.760710379000102 ], [ 121.244473088000177, 14.767508446000136 ], [ 121.243681884000011, 14.766596677000052 ], [ 121.24341061400014, 14.766468577000126 ], [ 121.243101667000246, 14.766430901000035 ], [ 121.24240842200004, 14.766596677000052 ], [ 121.241632288000119, 14.766528859000175 ], [ 121.241112354000052, 14.76633294200019 ], [ 121.240946578000035, 14.766121954000141 ], [ 121.240712984000083, 14.76603153100001 ], [ 121.240193050000016, 14.76609181300006 ], [ 121.238708600000109, 14.766604212000061 ], [ 121.238030425000034, 14.766543930000068 ], [ 121.237804367000194, 14.766400760000124 ], [ 121.221230217000198, 14.760697893000156 ], [ 121.213429880000035, 14.76204885300001 ], [ 121.213275902000078, 14.761712139000053 ], [ 121.212933115000055, 14.761465472000168 ], [ 121.21241223800007, 14.759997345000102 ], [ 121.211757767000108, 14.759534749000181 ], [ 121.211101303000191, 14.759316154000146 ], [ 121.210599812000169, 14.759312271000056 ], [ 121.20887268800027, 14.759695412999974 ], [ 121.207995076000088, 14.759688608000033 ], [ 121.206895063000161, 14.760046097000043 ], [ 121.206735847000118, 14.760349880000035 ], [ 121.20635822600002, 14.760529960000042 ], [ 121.20629729000018, 14.760315973000161 ], [ 121.206079137000188, 14.760161770000138 ], [ 121.205671424000116, 14.760189106000041 ], [ 121.205140340000185, 14.759971467000071 ], [ 121.204981622000219, 14.760214249000114 ], [ 121.205198523000149, 14.760520953000082 ], [ 121.205102491000162, 14.760764222000034 ], [ 121.204787055000224, 14.761005788000148 ], [ 121.204663434000167, 14.760791313000084 ], [ 121.204289066000115, 14.760574889999987 ], [ 121.20407241700002, 14.760237685000106 ], [ 121.203504981000151, 14.760118183000145 ], [ 121.203165875000195, 14.759763104000172 ], [ 121.202833466000129, 14.759652352000046 ], [ 121.202143546000229, 14.75998917000004 ], [ 121.201949222000167, 14.759743219000029 ], [ 121.201319458000057, 14.75955052400019 ], [ 121.201080923000177, 14.759577874000115 ], [ 121.200713304000033, 14.759795172000167 ], [ 121.200071032000324, 14.759932795000111 ], [ 121.199715748000017, 14.760125531000028 ], [ 121.198586100000057, 14.76034748 ], [ 121.198401995000154, 14.760309370000073 ], [ 121.198242734000019, 14.760526067000171 ], [ 121.197646459000225, 14.760612921000074 ], [ 121.197299171000054, 14.760915229000034 ], [ 121.197170781000068, 14.761280250000084 ], [ 121.197198857000103, 14.761676992000048 ], [ 121.197352054000021, 14.762105212000165 ], [ 121.197726919000047, 14.762260647000119 ], [ 121.198127097000111, 14.763148321000017 ], [ 121.198437769000066, 14.763486264000051 ], [ 121.199251699000115, 14.76361461800019 ], [ 121.199655402000076, 14.76407529300019 ], [ 121.200279264000187, 14.764446176000035 ], [ 121.200402883000152, 14.764660653000135 ], [ 121.200621537000302, 14.764753862000077 ], [ 121.201028256000086, 14.76452921300006 ], [ 121.201247748000014, 14.764561139000079 ], [ 121.201251739000099, 14.764752696000187 ], [ 121.200896560000047, 14.765235579000091 ], [ 121.200651626000081, 14.766158978000021 ], [ 121.200913269000125, 14.76664823599998 ], [ 121.20051057000012, 14.767286247000129 ], [ 121.200112485000091, 14.767531951000024 ], [ 121.19965964000005, 14.767156740000132 ], [ 121.199317152000162, 14.76588665100013 ], [ 121.199234135000097, 14.765785901000129 ], [ 121.198886182000024, 14.765722833000098 ], [ 121.198817609000116, 14.765791832 ], [ 121.198846488000072, 14.766112126000053 ], [ 121.198454279000089, 14.766499651000061 ], [ 121.197781814000109, 14.767468669000095 ], [ 121.19721872200023, 14.7690596650001 ], [ 121.197071967000056, 14.769241865000083 ], [ 121.19658065100009, 14.769569670000124 ], [ 121.196269474000019, 14.76961349000004 ], [ 121.195627822, 14.769382218999965 ], [ 121.195426358000077, 14.769137779000175 ], [ 121.195393755000168, 14.769290033000175 ], [ 121.195079303000057, 14.769409582000037 ], [ 121.1947342630001, 14.769437387000096 ], [ 121.19413972600023, 14.769310731000132 ], [ 121.193888215000129, 14.769400269000073 ], [ 121.193729477000261, 14.769643041000052 ], [ 121.193662252000081, 14.770191546000092 ], [ 121.193472673000201, 14.770373073000087 ], [ 121.193159228000241, 14.770370620000165 ], [ 121.192906706000144, 14.770582156000046 ], [ 121.192810403000067, 14.770855918000166 ], [ 121.192773764000322, 14.771496167000123 ], [ 121.192550820000179, 14.771921445000089 ], [ 121.192545524000138, 14.77256194000006 ], [ 121.190788932000032, 14.773492038000143 ], [ 121.190833488000067, 14.773789778000094 ], [ 121.186681056000339, 14.777092090999986 ], [ 121.187150857, 14.777141534000123 ], [ 121.187333875000263, 14.777475315000117 ], [ 121.187886911000192, 14.777813281000022 ], [ 121.188777913000195, 14.778533105000065 ], [ 121.189133012000184, 14.779101575000027 ], [ 121.189103055000146, 14.779879132000133 ], [ 121.189241078000236, 14.78024623500005 ], [ 121.189730605000022, 14.78075335300008 ], [ 121.190362140000275, 14.78114720300016 ], [ 121.190524053000104, 14.78146874100014 ], [ 121.190590792000194, 14.781926789000181 ], [ 121.190537709000182, 14.782658412000046 ], [ 121.190911400000118, 14.782958734000033 ], [ 121.191119957000183, 14.783326388000091 ], [ 121.191353540000023, 14.783511230999977 ], [ 121.192222076, 14.783678172000066 ], [ 121.192755609000187, 14.784551650000026 ], [ 121.193315494000217, 14.785082190000026 ], [ 121.1937128940001, 14.785359817000028 ], [ 121.194111428000156, 14.785500195000054 ], [ 121.194623921000016, 14.786076113000149 ], [ 121.194574631000023, 14.786350243000072 ], [ 121.194245301000137, 14.786370541000167 ], [ 121.193985744000088, 14.786482891000048 ], [ 121.193983851000212, 14.786711638000043 ], [ 121.195017732000224, 14.786788360000173 ], [ 121.19530042100007, 14.786721943000089 ], [ 121.196234404000165, 14.787507043000062 ], [ 121.196465539000201, 14.787989253000148 ], [ 121.196504812000171, 14.78892748800007 ], [ 121.196758326, 14.789547130000187 ], [ 121.196779002000085, 14.789890436000178 ], [ 121.197268379000207, 14.79042041800011 ], [ 121.197214745000338, 14.791220668999983 ], [ 121.197377242000016, 14.791473579000126 ], [ 121.197682126000018, 14.791567467000107 ], [ 121.198152907, 14.791502517000026 ], [ 121.198484700000336, 14.791184841000074 ], [ 121.198790528000245, 14.791164354000045 ], [ 121.199774960000013, 14.791538063000132 ], [ 121.199984105000112, 14.791837088000079 ], [ 121.200003465, 14.792340518 ], [ 121.200208460000113, 14.793142790000161 ], [ 121.200628452000046, 14.793534966000095 ], [ 121.201143054000227, 14.793859250000082 ], [ 121.202198601000077, 14.794164876000139 ], [ 121.202314271000205, 14.794394542000134 ], [ 121.202829444000145, 14.79465019800017 ], [ 121.203085806000217, 14.794926713000052 ], [ 121.203247559000033, 14.79527111900012 ], [ 121.203597967000064, 14.795548365000116 ], [ 121.20370648800008, 14.795884598000157 ], [ 121.204018599000051, 14.795980298000075 ], [ 121.20411013200021, 14.796170018000169 ], [ 121.204671016000248, 14.79658616100005 ], [ 121.204903495000053, 14.79690824100004 ], [ 121.205535292000036, 14.797279183000171 ], [ 121.206093737000288, 14.797992698000144 ], [ 121.206249855000237, 14.799023349000038 ], [ 121.206576949000123, 14.799277536000034 ], [ 121.207115650000219, 14.799533367000151 ], [ 121.20755899000028, 14.799948590000156 ], [ 121.2084962670001, 14.800344777000134 ], [ 121.208751704000065, 14.800735660999976 ], [ 121.209572366000089, 14.80101655500016 ], [ 121.209808799000029, 14.800858258000119 ], [ 121.209999522000089, 14.800539469000114 ], [ 121.210422548000111, 14.800565631000154 ], [ 121.210442682, 14.800977563000117 ], [ 121.210744021000096, 14.801506060000065 ], [ 121.210812306000207, 14.801781108000057 ], [ 121.211722522000173, 14.80261172400003 ], [ 121.212657196, 14.803328146000183 ], [ 121.213079291000099, 14.803468678000058 ], [ 121.213386261000096, 14.803310924000186 ], [ 121.213927229000092, 14.803292241000122 ], [ 121.215352489000225, 14.804401355000039 ], [ 121.215962875000059, 14.804520465000166 ], [ 121.216997232000153, 14.804551348000132 ], [ 121.217511513000204, 14.804921351000075 ], [ 121.217884161000256, 14.805358888000171 ], [ 121.218398071000138, 14.805774639 ], [ 121.219029733000184, 14.806168424000191 ], [ 121.219233314000235, 14.807153687000039 ], [ 121.219838480000021, 14.807913290000101 ], [ 121.219905470000072, 14.808348461000151 ], [ 121.219808430000057, 14.808713736000072 ], [ 121.21932922800022, 14.808893170000033 ], [ 121.218908027000111, 14.809543126000165 ], [ 121.21886082400033, 14.809750096000016 ], [ 121.219067659000302, 14.810291113000119 ], [ 121.218581234000112, 14.809815455000034 ], [ 121.218392419000224, 14.809750096000016 ], [ 121.21827259500003, 14.809982483000169 ], [ 121.218345013000203, 14.810189393000087 ], [ 121.218196343000159, 14.81074863200007 ], [ 121.218377840000016, 14.811287719000177 ], [ 121.219179070000223, 14.812634391000017 ], [ 121.219182701000022, 14.813001126000074 ], [ 121.219462291000127, 14.813611141000024 ], [ 121.219516756000075, 14.814500747000068 ], [ 121.219244428000138, 14.815531963000126 ], [ 121.219672891000073, 14.816940807000037 ], [ 121.219596639000201, 14.817332959000112 ], [ 121.219872662000057, 14.817643693999969 ], [ 121.220163082000113, 14.817605287000106 ], [ 121.220377313000085, 14.817932081000151 ], [ 121.220301061000214, 14.818237089000149 ], [ 121.220472117000327, 14.818177524000134 ], [ 121.22078388500006, 14.818266601000118 ], [ 121.221157321000192, 14.818540682000162 ], [ 121.221349177000093, 14.818804485000044 ], [ 121.221287509000149, 14.819345796000164 ], [ 121.221078522000198, 14.819743213000095 ], [ 121.221074359000113, 14.820293536000065 ], [ 121.221499084000129, 14.820927357000187 ], [ 121.221407604000206, 14.821172390000129 ], [ 121.221482748000199, 14.821417424000117 ], [ 121.221891137000171, 14.821845416000031 ], [ 121.222021822000215, 14.822188463000089 ], [ 121.222325664000095, 14.822348551000175 ], [ 121.222417143000143, 14.822577249000062 ], [ 121.221943857000042, 14.823328534000154 ], [ 121.220814302, 14.825712833000182 ], [ 121.219792836000011, 14.829528635000031 ], [ 121.219251844000041, 14.833223191000059 ], [ 121.220316814000057, 14.833937502000083 ], [ 121.221695546000092, 14.834210990000145 ], [ 121.224757815000203, 14.833559604000072 ], [ 121.22941203400012, 14.832133559000113 ], [ 121.229712609000217, 14.831940799000165 ], [ 121.229931506000071, 14.831587950000028 ], [ 121.230294155000024, 14.831326581000155 ], [ 121.230483648000131, 14.831287375999977 ], [ 121.230888770000092, 14.831418060000146 ], [ 121.231251420000035, 14.831676163000111 ], [ 121.231872171000191, 14.831731703000059 ], [ 121.232492923000223, 14.832107421999979 ], [ 121.233499194000046, 14.832378592000055 ], [ 121.233950056000026, 14.832401462000178 ], [ 121.234443390000024, 14.832362257000057 ], [ 121.234874649000062, 14.832081285000072 ], [ 121.235260169000185, 14.832029010999975 ], [ 121.236410193000097, 14.831333116000053 ], [ 121.236736905000157, 14.831274307000058 ], [ 121.23702114300022, 14.831349451000051 ], [ 121.237743176000208, 14.831039075000149 ], [ 121.240399813000181, 14.831417437000027 ], [ 121.24321654400012, 14.831573923000178 ], [ 121.252996860000167, 14.829226647000098 ], [ 121.33035662500015, 14.834802543000137 ] ] ] } },
{ "type": "Feature", "properties": { "psgc_code": "0405808008", "name": "Rosario", "region": "Region IV-A (Calabarzon)", "province": "Rizal", "municipality": "Rodriguez (Montalban)", "barangay": "Rosario", "level": "barangay" }, "geometry": { "type": "Polygon", "coordinates": [ [ [ 121.140216888000054, 14.735562537000021 ], [ 121.142173019000211, 14.73515147 ], [ 121.143000162000021, 14.734604745000183 ], [ 121.143464865000169, 14.734507369000141 ], [ 121.143477391000147, 14.734341909000079 ], [ 121.14292501000034, 14.732516159000056 ], [ 121.145157941000093, 14.732086471000173 ], [ 121.144088682000188, 14.728896947000067 ], [ 121.139719145000072, 14.729818373000114 ], [ 121.139748858000075, 14.730661164000139 ], [ 121.139585478000072, 14.730721099 ], [ 121.139984067000114, 14.73314466000005 ], [ 121.138163400000053, 14.733530100000166 ], [ 121.138253500000019, 14.734100100000092 ], [ 121.138478188000136, 14.734688582000103 ], [ 121.140754627000092, 14.734497803000011 ], [ 121.140732046000267, 14.734825893 ], [ 121.140216888000054, 14.735562537000021 ] ] ] } },
{ "type": "Feature", "properties": { "psgc_code": "0405808009", "name": "San Isidro", "region": "Region IV-A (Calabarzon)", "province": "Rizal", "municipality": "Rodriguez (Montalban)", "barangay": "San Isidro", "level": "barangay" }, "geometry": { "type": "Polygon", "coordinates": [ [ [ 121.177397662000203, 14.823596705000057 ], [ 121.187988293000103, 14.823554115999968 ], [ 121.188292134000108, 14.823413631 ], [ 121.189154653000287, 14.822652393000055 ], [ 121.190458231000321, 14.821963032000156 ], [ 121.191912097000227, 14.821404355000027 ], [ 121.192519780000111, 14.82091428800004 ], [ 121.193790688000263, 14.820875083000089 ], [ 121.194810027000017, 14.820584310000129 ], [ 121.195277225000041, 14.820734597000012 ], [ 121.195574532000251, 14.820979630000124 ], [ 121.19606459900001, 14.821005767000088 ], [ 121.196388044000059, 14.821172390000129 ], [ 121.196652680000284, 14.821126651000156 ], [ 121.196737625000083, 14.820937158 ], [ 121.196548132000203, 14.82023799600006 ], [ 121.196528530000137, 14.819698922000043 ], [ 121.196669015000111, 14.819587840000111 ], [ 121.197221158000048, 14.819666251000115 ], [ 121.197338774000059, 14.819568237000169 ], [ 121.197139480000033, 14.819097773000124 ], [ 121.197283233, 14.818803732000049 ], [ 121.197247295000011, 14.818441083000153 ], [ 121.198070607000091, 14.818375739999965 ], [ 121.198518202000059, 14.818428014000062 ], [ 121.199158556000157, 14.81877106100012 ], [ 121.200566683000034, 14.818882143000053 ], [ 121.202082624000013, 14.818346336000047 ], [ 121.202187171000219, 14.818140508000056 ], [ 121.202343993000227, 14.81805556300003 ], [ 121.202647834000231, 14.818035961000021 ], [ 121.203206511000189, 14.817830132000154 ], [ 121.203686777000257, 14.81793141300011 ], [ 121.204055961000108, 14.818212385000038 ], [ 121.20491521200006, 14.818362672000148 ], [ 121.205156978000105, 14.818486822000125 ], [ 121.205506559000014, 14.818761260000088 ], [ 121.205914949000089, 14.819261128000051 ], [ 121.206486694000205, 14.819685853000124 ], [ 121.206833008000103, 14.819336272000044 ], [ 121.207172788000094, 14.818797198000027 ], [ 121.207751067000117, 14.818869075000066 ], [ 121.207836012000143, 14.818676315000062 ], [ 121.207688992000044, 14.818199316000118 ], [ 121.208041840000078, 14.817941214000086 ], [ 121.208355483000219, 14.817918344000134 ], [ 121.209365021000053, 14.818065365000166 ], [ 121.209753808000187, 14.818032693000134 ], [ 121.210240608000163, 14.818287528000155 ], [ 121.210730675000036, 14.818663246000142 ], [ 121.211057387000096, 14.819738127 ], [ 121.211531118000153, 14.81977079800015 ], [ 121.21232502700002, 14.820175920000054 ], [ 121.212609266000186, 14.820159585000056 ], [ 121.213190812000107, 14.81982307200019 ], [ 121.213710283000069, 14.819666251000115 ], [ 121.214432316000057, 14.819924353000147 ], [ 121.214778630000069, 14.819767531000139 ], [ 121.215226224000162, 14.819894949 ], [ 121.215592141000116, 14.820117112 ], [ 121.216010332000224, 14.820211859000096 ], [ 121.217140753000081, 14.820228194000151 ], [ 121.217490335000207, 14.820041969000101 ], [ 121.217859518000068, 14.819303601000115 ], [ 121.218094751000081, 14.819208855000113 ], [ 121.218656694000174, 14.819195785999966 ], [ 121.219061816000135, 14.819310135000137 ], [ 121.219254576000026, 14.819826339000031 ], [ 121.219195768000191, 14.820143249000125 ], [ 121.219254576000026, 14.820211859000096 ], [ 121.219597623000141, 14.819878613000071 ], [ 121.220006012000226, 14.819202320000159 ], [ 121.220123629000113, 14.819123910000087 ], [ 121.220375196000077, 14.819104307000146 ], [ 121.220548353000027, 14.81918271800015 ], [ 121.221078522000198, 14.819743213000095 ], [ 121.221328621000112, 14.8191984770001 ], [ 121.221349177000093, 14.818804485000044 ], [ 121.221236119000309, 14.818619480000109 ], [ 121.220711939000125, 14.818228915000191 ], [ 121.220386467000026, 14.818177524000134 ], [ 121.220301061000214, 14.818237089000149 ], [ 121.220377313000085, 14.817932081000151 ], [ 121.220163082000113, 14.817605287000106 ], [ 121.219872662000057, 14.817643693999969 ], [ 121.219596639000201, 14.817332959000112 ], [ 121.219672891000073, 14.816940807000037 ], [ 121.219244428000138, 14.815531963000126 ], [ 121.219516756000075, 14.814500747000068 ], [ 121.219462291000127, 14.813611141000024 ], [ 121.219182701000022, 14.813001126000074 ], [ 121.219179070000223, 14.812634391000017 ], [ 121.218377840000016, 14.811287719000177 ], [ 121.218196343000159, 14.81074863200007 ], [ 121.218345013000203, 14.810189393000087 ], [ 121.21827259500003, 14.809982483000169 ], [ 121.218392419000224, 14.809750096000016 ], [ 121.218581234000112, 14.809815455000034 ], [ 121.219067659000302, 14.810291113000119 ], [ 121.21886082400033, 14.809750096000016 ], [ 121.218908027000111, 14.809543126000165 ], [ 121.21932922800022, 14.808893170000033 ], [ 121.219808430000057, 14.808713736000072 ], [ 121.219905470000072, 14.808348461000151 ], [ 121.219838480000021, 14.807913290000101 ], [ 121.219233314000235, 14.807153687000039 ], [ 121.219029733000184, 14.806168424000191 ], [ 121.218398071000138, 14.805774639 ], [ 121.217884161000256, 14.805358888000171 ], [ 121.217511513000204, 14.804921351000075 ], [ 121.216997232000153, 14.804551348000132 ], [ 121.215962875000059, 14.804520465000166 ], [ 121.215352489000225, 14.804401355000039 ], [ 121.213927229000092, 14.803292241000122 ], [ 121.213386261000096, 14.803310924000186 ], [ 121.213079291000099, 14.803468678000058 ], [ 121.212657196, 14.803328146000183 ], [ 121.211722522000173, 14.80261172400003 ], [ 121.210812306000207, 14.801781108000057 ], [ 121.210744021000096, 14.801506060000065 ], [ 121.210442682, 14.800977563000117 ], [ 121.210422548000111, 14.800565631000154 ], [ 121.209999522000089, 14.800539469000114 ], [ 121.209808799000029, 14.800858258000119 ], [ 121.209572366000089, 14.80101655500016 ], [ 121.208751704000065, 14.800735660999976 ], [ 121.2084962670001, 14.800344777000134 ], [ 121.20755899000028, 14.799948590000156 ], [ 121.207115650000219, 14.799533367000151 ], [ 121.206576949000123, 14.799277536000034 ], [ 121.206249855000237, 14.799023349000038 ], [ 121.206093737000288, 14.797992698000144 ], [ 121.205535292000036, 14.797279183000171 ], [ 121.204903495000053, 14.79690824100004 ], [ 121.204671016000248, 14.79658616100005 ], [ 121.20411013200021, 14.796170018000169 ], [ 121.204018599000051, 14.795980298000075 ], [ 121.20370648800008, 14.795884598000157 ], [ 121.203597967000064, 14.795548365000116 ], [ 121.203247559000033, 14.79527111900012 ], [ 121.203085806000217, 14.794926713000052 ], [ 121.202829444000145, 14.79465019800017 ], [ 121.202314271000205, 14.794394542000134 ], [ 121.202198601000077, 14.794164876000139 ], [ 121.201143054000227, 14.793859250000082 ], [ 121.200628452000046, 14.793534966000095 ], [ 121.200208460000113, 14.793142790000161 ], [ 121.200003465, 14.792340518 ], [ 121.199984105000112, 14.791837088000079 ], [ 121.199774960000013, 14.791538063000132 ], [ 121.198790528000245, 14.791164354000045 ], [ 121.198484700000336, 14.791184841000074 ], [ 121.198152907, 14.791502517000026 ], [ 121.197682126000018, 14.791567467000107 ], [ 121.197377242000016, 14.791473579000126 ], [ 121.197214745000338, 14.791220668999983 ], [ 121.197268379000207, 14.79042041800011 ], [ 121.196779002000085, 14.789890436000178 ], [ 121.196758326, 14.789547130000187 ], [ 121.196504812000171, 14.78892748800007 ], [ 121.196465539000201, 14.787989253000148 ], [ 121.196234404000165, 14.787507043000062 ], [ 121.19530042100007, 14.786721943000089 ], [ 121.195017732000224, 14.786788360000173 ], [ 121.193983851000212, 14.786711638000043 ], [ 121.193985744000088, 14.786482891000048 ], [ 121.194245301000137, 14.786370541000167 ], [ 121.194574631000023, 14.786350243000072 ], [ 121.194623921000016, 14.786076113000149 ], [ 121.194111428000156, 14.785500195000054 ], [ 121.1937128940001, 14.785359817000028 ], [ 121.193315494000217, 14.785082190000026 ], [ 121.192755609000187, 14.784551650000026 ], [ 121.192222076, 14.783678172000066 ], [ 121.191353540000023, 14.783511230999977 ], [ 121.191119957000183, 14.783326388000091 ], [ 121.190911400000118, 14.782958734000033 ], [ 121.190537709000182, 14.782658412000046 ], [ 121.190590792000194, 14.781926789000181 ], [ 121.190524053000104, 14.78146874100014 ], [ 121.190362140000275, 14.78114720300016 ], [ 121.189730605000022, 14.78075335300008 ], [ 121.189241078000236, 14.78024623500005 ], [ 121.189103055000146, 14.779879132000133 ], [ 121.189133012000184, 14.779101575000027 ], [ 121.188777913000195, 14.778533105000065 ], [ 121.187886911000192, 14.777813281000022 ], [ 121.187333875000263, 14.777475315000117 ], [ 121.187150857, 14.777141534000123 ], [ 121.186681056000339, 14.777092090999986 ], [ 121.185482200000138, 14.779649800000186 ], [ 121.185580400000049, 14.7800153 ], [ 121.18550950000008, 14.780822400000034 ], [ 121.185193200000185, 14.780953300000021 ], [ 121.183753300000035, 14.781013299999984 ], [ 121.183060700000283, 14.781602300000088 ], [ 121.182444400000122, 14.781766000000118 ], [ 121.182329900000013, 14.781869600000164 ], [ 121.182438900000193, 14.781951399999969 ], [ 121.18236260000026, 14.782142300000146 ], [ 121.182079, 14.782115 ], [ 121.181762600000184, 14.782235000000185 ], [ 121.181631700000025, 14.781984100000045 ], [ 121.181419, 14.782224100000178 ], [ 121.181222700000262, 14.782289500000104 ], [ 121.180966400000216, 14.781989600000145 ], [ 121.180077400000187, 14.782202300000165 ], [ 121.179624700000204, 14.782087700000091 ], [ 121.179341100000215, 14.782273200000134 ], [ 121.178844800000206, 14.782251400000121 ], [ 121.178681200000142, 14.782393200000115 ], [ 121.178724800000055, 14.782644000000118 ], [ 121.17819030000021, 14.782644000000118 ], [ 121.177874, 14.782949500000143 ], [ 121.17769450000003, 14.783259700000087 ], [ 121.177410000000123, 14.783268100000043 ], [ 121.177235600000245, 14.783176300000093 ], [ 121.177348700000039, 14.782288900000026 ], [ 121.177179600000045, 14.781938100000161 ], [ 121.175943400000051, 14.781410600000186 ], [ 121.175686900000187, 14.781206100000134 ], [ 121.174854600000231, 14.77949690000014 ], [ 121.174567700000125, 14.77938 ], [ 121.173313300000245, 14.779614600000116 ], [ 121.173001200000044, 14.779436800000099 ], [ 121.172993400000109, 14.779271000000108 ], [ 121.173404100000084, 14.778567100000089 ], [ 121.173735100000158, 14.77728860000019 ], [ 121.174250100000108, 14.776400600000102 ], [ 121.174181500000145, 14.775753200000167 ], [ 121.173825900000224, 14.774625600000149 ], [ 121.173477600000183, 14.774292600000081 ], [ 121.173151500000017, 14.774193 ], [ 121.173500544000149, 14.772440843000084 ], [ 121.174123381000072, 14.770145351000053 ], [ 121.175545940000234, 14.767772458000081 ], [ 121.175944820000041, 14.76583689500012 ], [ 121.176606439000011, 14.763544206 ], [ 121.176274802000194, 14.763247296000145 ], [ 121.176297374000114, 14.763011157000051 ], [ 121.176731454000105, 14.762132579000024 ], [ 121.176759235000191, 14.761438052000187 ], [ 121.17662032900023, 14.761241848000111 ], [ 121.176200140000219, 14.76126615700008 ], [ 121.17394813500016, 14.760580311000183 ], [ 121.172607698000093, 14.760505649000038 ], [ 121.172303842000019, 14.760213948000171 ], [ 121.17220660800001, 14.759788550000167 ], [ 121.172335096000097, 14.759693052000046 ], [ 121.172691041, 14.759701734000089 ], [ 121.172904608000181, 14.759536782999987 ], [ 121.173057404000019, 14.759040196000058 ], [ 121.173029623000161, 14.758637371000191 ], [ 121.172921971000164, 14.758456793000164 ], [ 121.172725767000088, 14.758402968000098 ], [ 121.172279534000154, 14.758555764000107 ], [ 121.17151164400002, 14.758212959000048 ], [ 121.171305881000194, 14.758025907000047 ], [ 121.1712684700002, 14.757759511000017 ], [ 121.171450425000216, 14.757080364000046 ], [ 121.171382404000042, 14.756545925000182 ], [ 121.17129737900018, 14.755978596000034 ], [ 121.171020194000107, 14.755332332000023 ], [ 121.170829736000087, 14.754597266000133 ], [ 121.170996387000173, 14.754192733000139 ], [ 121.171336490000158, 14.754021710000131 ], [ 121.171775224000044, 14.753298151000024 ], [ 121.171999693000203, 14.752472633000139 ], [ 121.171996292000017, 14.751729336000153 ], [ 121.171870453000111, 14.751397153000141 ], [ 121.17151674500019, 14.750923546000081 ], [ 121.169646175000139, 14.749709921000147 ], [ 121.169006780000132, 14.749509295000053 ], [ 121.168615661000104, 14.748818611000104 ], [ 121.168500025000185, 14.748808744000087 ], [ 121.168070797000041, 14.744771762000028 ], [ 121.16794450000009, 14.744460500000059 ], [ 121.168334800000139, 14.744301800000073 ], [ 121.169403900000134, 14.74322050000012 ], [ 121.169591500000024, 14.742798000000164 ], [ 121.169773700000178, 14.742585400000166 ], [ 121.16975780000007, 14.741983600000083 ], [ 121.169639800000027, 14.741848700000105 ], [ 121.168103500000143, 14.742363400000045 ], [ 121.167882500000019, 14.742504800000063 ], [ 121.167632900000058, 14.742470200000014 ], [ 121.167632334000018, 14.742227600000035 ], [ 121.167723050000063, 14.741481892000138 ], [ 121.171790177000048, 14.740853155000082 ], [ 121.175229100000138, 14.743695599999967 ], [ 121.175400700000296, 14.743135399999971 ], [ 121.175175400000171, 14.742678800000078 ], [ 121.175196900000174, 14.742191200000036 ], [ 121.174767700000189, 14.741651600000125 ], [ 121.174799900000153, 14.741340400000183 ], [ 121.174449600000116, 14.740194900000063 ], [ 121.174331600000301, 14.739919900000018 ], [ 121.174154600000065, 14.73999770000006 ], [ 121.173993700000096, 14.739722800000095 ], [ 121.173907800000052, 14.7393078 ], [ 121.174201900000071, 14.738827700000115 ], [ 121.174236300000075, 14.738437700000134 ], [ 121.17385390000004, 14.7382235 ], [ 121.173437153000123, 14.737701489000074 ], [ 121.173340300000177, 14.7378888 ], [ 121.173082800000202, 14.738029900000186 ], [ 121.172276, 14.737805800000103 ], [ 121.171795400000065, 14.737556800000107 ], [ 121.171452, 14.737258 ], [ 121.170404900000108, 14.735481600000185 ], [ 121.169246200000202, 14.735066600000096 ], [ 121.166671300000075, 14.734336100000064 ], [ 121.165250200000173, 14.733989200000167 ], [ 121.164139300000102, 14.73386290000019 ], [ 121.163152200000127, 14.733472800000072 ], [ 121.162594300000137, 14.733555799999976 ], [ 121.162225200000307, 14.733738400000163 ], [ 121.161881900000139, 14.734087100000067 ], [ 121.161435600000345, 14.73431950000014 ], [ 121.16073960000017, 14.735050199999989 ], [ 121.160295100000099, 14.735238 ], [ 121.1600793, 14.735464600000171 ], [ 121.159652700000265, 14.735693900000172 ], [ 121.157702000000199, 14.736477699999966 ], [ 121.156646200000068, 14.736726700000133 ], [ 121.155770794000091, 14.737208203000137 ], [ 121.155101295, 14.737158406000162 ], [ 121.153951195000104, 14.737274605000096 ], [ 121.151582195000174, 14.737241405000191 ], [ 121.148003094000046, 14.736660305999976 ], [ 121.147292296000046, 14.736714903000177 ], [ 121.14755080000009, 14.73701090000003 ], [ 121.147728900000061, 14.737407200000177 ], [ 121.147788500000047, 14.7381378 ], [ 121.147734, 14.738654200000099 ], [ 121.147400600000083, 14.739388500000132 ], [ 121.146935800000051, 14.741066500000045 ], [ 121.146732800000109, 14.741458100000102 ], [ 121.146136, 14.741778000000124 ], [ 121.145762900000136, 14.742753000000164 ], [ 121.145960300000183, 14.743500000000154 ], [ 121.146518200000287, 14.743832 ], [ 121.146279310000068, 14.744254415000114 ], [ 121.146462862000021, 14.745520515000067 ], [ 121.146193998000285, 14.745985400000109 ], [ 121.146062831000222, 14.746807859 ], [ 121.146177073000217, 14.747446183000079 ], [ 121.146532494000098, 14.747953568000014 ], [ 121.14644363900004, 14.748383208000064 ], [ 121.145725517000187, 14.748297363000177 ], [ 121.145501042000319, 14.748468395000089 ], [ 121.14523915500024, 14.748448661000054 ], [ 121.145157528000141, 14.748524309000118 ], [ 121.145004477000043, 14.748823615000163 ], [ 121.145269766000069, 14.749711661000106 ], [ 121.145143924000081, 14.749862958000108 ], [ 121.144831020000311, 14.749879403000136 ], [ 121.144470500000011, 14.749530763000053 ], [ 121.144358262000083, 14.749547208000081 ], [ 121.144229019000022, 14.749830067000119 ], [ 121.144395675000055, 14.751047013000118 ], [ 121.144327652000015, 14.751402229000178 ], [ 121.14391271400018, 14.751290402000109 ], [ 121.143497776000117, 14.751556813000036 ], [ 121.143079437000097, 14.751596281000104 ], [ 121.142807347000144, 14.751944918000049 ], [ 121.142606680000085, 14.752060033000078 ], [ 121.14211691700018, 14.751842958000168 ], [ 121.141899245000104, 14.751895582000088 ], [ 121.140753064000023, 14.752832951000073 ], [ 121.140263301000118, 14.753122384000164 ], [ 121.139950397, 14.753214476000096 ], [ 121.140011617000255, 14.753494041000067 ], [ 121.140443561000097, 14.753928188000032 ], [ 121.140487775000224, 14.754888570999981 ], [ 121.140334724000127, 14.75506946500002 ], [ 121.140157866000209, 14.755099066000071 ], [ 121.139756532000206, 14.754635320000091 ], [ 121.139549063000345, 14.754609008000045 ], [ 121.139443628000095, 14.755033286000128 ], [ 121.139259967000044, 14.755332583000154 ], [ 121.139096713000072, 14.755342449000068 ], [ 121.13844029400002, 14.755043152999974 ], [ 121.138192012000104, 14.755145111000104 ], [ 121.138059368000086, 14.755352316000085 ], [ 121.138601848, 14.756735323000044 ], [ 121.138620778000018, 14.75707039800011 ], [ 121.138317185, 14.757323020000058 ], [ 121.137366190000307, 14.757719255000097 ], [ 121.137356587000113, 14.758020698000053 ], [ 121.137640905000012, 14.758585069000105 ], [ 121.138082491000205, 14.758508167000173 ], [ 121.138347607000242, 14.758606666000048 ], [ 121.140508448000105, 14.760883632000173 ], [ 121.140358585000058, 14.761404996000124 ], [ 121.14034648400002, 14.761849558000165 ], [ 121.141027872000222, 14.762284642000054 ], [ 121.140912851000053, 14.76250976100016 ], [ 121.140605787000027, 14.76278097300019 ], [ 121.140524916000231, 14.76298389100009 ], [ 121.140194139000073, 14.763298943000052 ], [ 121.140153693000116, 14.763438944000029 ], [ 121.139821754000081, 14.76341928700009 ], [ 121.139843166000105, 14.763666630000046 ], [ 121.140098620000117, 14.764158087000112 ], [ 121.140716114000043, 14.765025159000061 ], [ 121.140718279000112, 14.765102729000091 ], [ 121.140143268000088, 14.765444907000187 ], [ 121.140011315000038, 14.765934340000058 ], [ 121.141100087000041, 14.767313160000128 ], [ 121.140955658000166, 14.768085125000141 ], [ 121.141844632000129, 14.768854844000145 ], [ 121.141871922000064, 14.769010620000074 ], [ 121.141790195000112, 14.769132608 ], [ 121.141388210000059, 14.769392315000118 ], [ 121.141338625000117, 14.76948377400015 ], [ 121.141397804000121, 14.769642154999985 ], [ 121.141522894000332, 14.769723952000106 ], [ 121.141713740000114, 14.769665784999972 ], [ 121.141590198000017, 14.769873902000086 ], [ 121.14189080600022, 14.770199989000162 ], [ 121.142141759000083, 14.770220695999967 ], [ 121.142597755000224, 14.770045623000158 ], [ 121.142755306000026, 14.770154952000041 ], [ 121.142681631000187, 14.770409901000107 ], [ 121.142307431000177, 14.770823958000165 ], [ 121.142118348000054, 14.771367795000117 ], [ 121.142395669000166, 14.771380401000101 ], [ 121.142701108000097, 14.771854246000146 ], [ 121.142966518000094, 14.772106117000135 ], [ 121.143074565, 14.772889457000076 ], [ 121.142854869000189, 14.773116356000116 ], [ 121.144904579000126, 14.778451414000131 ], [ 121.145148728000095, 14.778599469000028 ], [ 121.145148114000108, 14.778771008000092 ], [ 121.144998368000302, 14.778830198000037 ], [ 121.145046384000011, 14.77902719400015 ], [ 121.145426353000062, 14.779272372000037 ], [ 121.14544816800003, 14.77962414000018 ], [ 121.145270587000027, 14.780053640000176 ], [ 121.146320027000115, 14.780145716000163 ], [ 121.146384855000179, 14.78039242300008 ], [ 121.145963472000062, 14.78055629500011 ], [ 121.146170562000293, 14.78072556799998 ], [ 121.146698192000258, 14.780608517000189 ], [ 121.147146587000179, 14.780745976999981 ], [ 121.147543960000121, 14.781833651000113 ], [ 121.147422707000032, 14.781990919000179 ], [ 121.147154442000215, 14.782119343000147 ], [ 121.147126914000069, 14.78225591100005 ], [ 121.147384381000279, 14.782367758000134 ], [ 121.147562407000123, 14.782204139000044 ], [ 121.147929421000072, 14.782582043000048 ], [ 121.147777375000146, 14.783077183000159 ], [ 121.147876120000205, 14.783337567000046 ], [ 121.148189841000089, 14.783402733000059 ], [ 121.14821511200023, 14.783534176000046 ], [ 121.148088107000035, 14.783736292000071 ], [ 121.148116919000131, 14.783964603000015 ], [ 121.148563209000145, 14.784598323000068 ], [ 121.148372820000077, 14.784997210000142 ], [ 121.14823303300011, 14.784976057000051 ], [ 121.14823303300011, 14.785133901000165 ], [ 121.148693460000118, 14.785439020000069 ], [ 121.148653061000118, 14.785783365000043 ], [ 121.148724087000119, 14.786184275000039 ], [ 121.14882698100007, 14.786257109000189 ], [ 121.149159711000266, 14.786230559000103 ], [ 121.149352180000164, 14.786360759000047 ], [ 121.149305007000066, 14.786611723000021 ], [ 121.149446528000112, 14.786668331000101 ], [ 121.149482380000222, 14.786896652000053 ], [ 121.149284250000051, 14.787160825000171 ], [ 121.149438980000014, 14.787260833000119 ], [ 121.149361615000089, 14.787445754000032 ], [ 121.149491814000157, 14.787809936000144 ], [ 121.149695605000034, 14.787942022000038 ], [ 121.150359811000044, 14.787691058000064 ], [ 121.150703236000027, 14.787853335000079 ], [ 121.150856079000164, 14.788047691000031 ], [ 121.151148556000066, 14.788215630000138 ], [ 121.151632087000053, 14.788836200000162 ], [ 121.151850029000116, 14.788929604000032 ], [ 121.152113259000089, 14.789478706000182 ], [ 121.152387810000278, 14.789679666000097 ], [ 121.152472722000198, 14.789982522000116 ], [ 121.152798221000012, 14.790183482000089 ], [ 121.152820864000091, 14.790441050000084 ], [ 121.152608583000188, 14.791131673999985 ], [ 121.153061450000109, 14.791533594000043 ], [ 121.153092585000081, 14.791825128000028 ], [ 121.153691375000221, 14.791853236 ], [ 121.153902312000014, 14.792095422000159 ], [ 121.154113249000147, 14.792503314000157 ], [ 121.154284635000067, 14.793395574000101 ], [ 121.153955046000078, 14.79385444900015 ], [ 121.154020964000097, 14.793981915000188 ], [ 121.154258268000149, 14.794032901000151 ], [ 121.154337369000018, 14.794262338000067 ], [ 121.154324185000178, 14.794708465000099 ], [ 121.154469204000065, 14.795613462000119 ], [ 121.154271451000113, 14.796314514000187 ], [ 121.156618122000054, 14.796212543000024 ], [ 121.157092730000045, 14.799424608000152 ], [ 121.158727490000274, 14.802585642 ], [ 121.159571237000023, 14.805797612000049 ], [ 121.159782174000156, 14.807633002000046 ], [ 121.160573186000079, 14.809570342000086 ], [ 121.160995060000118, 14.811201772000061 ], [ 121.162501280000015, 14.811941010000112 ], [ 121.162649595000175, 14.812138565000055 ], [ 121.162883603000182, 14.812275578000083 ], [ 121.163248433000149, 14.813052743000185 ], [ 121.163450564000073, 14.813187220000032 ], [ 121.163382546000321, 14.813281923000147 ], [ 121.16353113900027, 14.814549316000125 ], [ 121.163515792000112, 14.815117176 ], [ 121.163423706000344, 14.815239957000131 ], [ 121.163466975000119, 14.816153344000156 ], [ 121.163618586000098, 14.816618543000175 ], [ 121.163493342000038, 14.817179331000034 ], [ 121.163658136000208, 14.817619038000089 ], [ 121.163513117000207, 14.817963156000133 ], [ 121.163618586000098, 14.818173450000131 ], [ 121.16351970900007, 14.818938153999966 ], [ 121.163598810000053, 14.81916119300007 ], [ 121.163895440000147, 14.819282270000031 ], [ 121.164330497000151, 14.819785698000146 ], [ 121.16436345600016, 14.820199910000099 ], [ 121.165284636000138, 14.823417534000043 ], [ 121.175298883000096, 14.823949699000138 ], [ 121.177397662000203, 14.823596705000057 ] ] ] } },
{ "type": "Feature", "properties": { "psgc_code": "0405808010", "name": "San Jose", "region": "Region IV-A (Calabarzon)", "province": "Rizal", "municipality": "Rodriguez (Montalban)", "barangay": "San Jose", "level": "barangay" }, "geometry": { "type": "Polygon", "coordinates": [ [ [ 121.129455617000076, 14.760441312000125 ], [ 121.134850126000174, 14.760658511000088 ], [ 121.134844225000052, 14.760028554000087 ], [ 121.134932783000181, 14.759948704000067 ], [ 121.135586271000079, 14.759825776000014 ], [ 121.135786102000111, 14.76022347900016 ], [ 121.135923300000286, 14.760292500000105 ], [ 121.136271800000031, 14.760229500000037 ], [ 121.136829571000021, 14.759556425000028 ], [ 121.137514624000119, 14.759145511000156 ], [ 121.137640905000012, 14.758585069000105 ], [ 121.137356587000113, 14.758020698000053 ], [ 121.137366190000307, 14.757719255000097 ], [ 121.138317185, 14.757323020000058 ], [ 121.138620778000018, 14.75707039800011 ], [ 121.138601848, 14.756735323000044 ], [ 121.138358667000261, 14.756250203000036 ], [ 121.138059368000086, 14.755352316000085 ], [ 121.138093379000338, 14.755250358000183 ], [ 121.13844029400002, 14.755043152999974 ], [ 121.139096713000072, 14.755342449000068 ], [ 121.139259967000044, 14.755332583000154 ], [ 121.139443628000095, 14.755033286000128 ], [ 121.139549063000345, 14.754609008000045 ], [ 121.139756532000206, 14.754635320000091 ], [ 121.140157866000209, 14.755099066000071 ], [ 121.140334724000127, 14.75506946500002 ], [ 121.140487775000224, 14.754888570999981 ], [ 121.140443561000097, 14.753928188000032 ], [ 121.140011617000255, 14.753494041000067 ], [ 121.139950397, 14.753214476000096 ], [ 121.140263301000118, 14.753122384000164 ], [ 121.140753064000023, 14.752832951000073 ], [ 121.141899245000104, 14.751895582000088 ], [ 121.14211691700018, 14.751842958000168 ], [ 121.142606680000085, 14.752060033000078 ], [ 121.142807347000144, 14.751944918000049 ], [ 121.143079437000097, 14.751596281000104 ], [ 121.143497776000117, 14.751556813000036 ], [ 121.14391271400018, 14.751290402000109 ], [ 121.144327652000015, 14.751402229000178 ], [ 121.144395675000055, 14.751047013000118 ], [ 121.144229019000022, 14.749830067000119 ], [ 121.144358262000083, 14.749547208000081 ], [ 121.144470500000011, 14.749530763000053 ], [ 121.144831020000311, 14.749879403000136 ], [ 121.145143924000081, 14.749862958000108 ], [ 121.145269766000069, 14.749711661000106 ], [ 121.145004477000043, 14.748823615000163 ], [ 121.145157528000141, 14.748524309000118 ], [ 121.14523915500024, 14.748448661000054 ], [ 121.145501042000319, 14.748468395000089 ], [ 121.145725517000187, 14.748297363000177 ], [ 121.14644363900004, 14.748383208000064 ], [ 121.146545188000232, 14.748117240000056 ], [ 121.146490182000093, 14.747867640000038 ], [ 121.146177073000217, 14.747446183000079 ], [ 121.146062831000222, 14.746807859 ], [ 121.146193998000285, 14.745985400000109 ], [ 121.146462862000021, 14.745520515000067 ], [ 121.146279310000068, 14.744254415000114 ], [ 121.146518200000287, 14.743832 ], [ 121.145960300000183, 14.743500000000154 ], [ 121.145762900000136, 14.742753000000164 ], [ 121.146136, 14.741778000000124 ], [ 121.146732800000109, 14.741458100000102 ], [ 121.146935800000051, 14.741066500000045 ], [ 121.147400600000083, 14.739388500000132 ], [ 121.147734, 14.738654200000099 ], [ 121.147788500000047, 14.7381378 ], [ 121.147728900000061, 14.737407200000177 ], [ 121.14755080000009, 14.73701090000003 ], [ 121.147292296000046, 14.736714903000177 ], [ 121.144733100000053, 14.737527599999964 ], [ 121.143923100000166, 14.73749 ], [ 121.142985300000191, 14.737171900000021 ], [ 121.142084400000044, 14.7364867 ], [ 121.141293500000188, 14.736222100000134 ], [ 121.140569400000118, 14.736111600000072 ], [ 121.140203353000175, 14.736135218000072 ], [ 121.140216888000054, 14.735562537000021 ], [ 121.140732046000267, 14.734825893 ], [ 121.140754627000092, 14.734497803000011 ], [ 121.138478188000136, 14.734688582000103 ], [ 121.138253500000019, 14.734100100000092 ], [ 121.138163400000053, 14.733530100000166 ], [ 121.139984067000114, 14.73314466000005 ], [ 121.139585478000072, 14.730721099 ], [ 121.139748858000075, 14.730661164000139 ], [ 121.139731900000129, 14.729331700000046 ], [ 121.139407900000151, 14.727631500000086 ], [ 121.138656008000112, 14.727314929999977 ], [ 121.13844958500033, 14.727153326000121 ], [ 121.138231305000204, 14.727161176999971 ], [ 121.137924879000252, 14.727423913000052 ], [ 121.137517396000021, 14.727568823000126 ], [ 121.137150818000123, 14.727667524000026 ], [ 121.136883323000234, 14.727639441000122 ], [ 121.136696446000315, 14.727331949000074 ], [ 121.13688757500006, 14.727066540000067 ], [ 121.136862108000173, 14.726954775000138 ], [ 121.136503073000085, 14.726849806000075 ], [ 121.136414003000141, 14.726212129000146 ], [ 121.13609800100005, 14.726250737000157 ], [ 121.13561151600004, 14.726145966999979 ], [ 121.13513189400021, 14.726194972000087 ], [ 121.13482289600006, 14.72610003 ], [ 121.134610338000016, 14.725369694000165 ], [ 121.134891771000298, 14.725003568000091 ], [ 121.134728295000059, 14.72429677700012 ], [ 121.13462732500011, 14.724215040000047 ], [ 121.134694639000145, 14.723695765000116 ], [ 121.13483407300032, 14.723508249000076 ], [ 121.133545900000058, 14.723280900000191 ], [ 121.133516573000065, 14.722914445000129 ], [ 121.133324981000328, 14.722814944000163 ], [ 121.133162852000169, 14.72235630300014 ], [ 121.131184431000179, 14.723201714000027 ], [ 121.131469000000152, 14.723613300000125 ], [ 121.131532800000286, 14.724144300000034 ], [ 121.131502818000286, 14.724533383000164 ], [ 121.131243181000059, 14.725514235000162 ], [ 121.130853725000179, 14.726473451000118 ], [ 121.130543603000092, 14.726906180000128 ], [ 121.130305602000021, 14.72704321000009 ], [ 121.129858449000039, 14.727829334000091 ], [ 121.129901722000113, 14.728391882000096 ], [ 121.129493866000189, 14.729312865 ], [ 121.129483417000074, 14.728557761000047 ], [ 121.129267053000149, 14.728125032000037 ], [ 121.127766926000049, 14.727108120000139 ], [ 121.126800499000183, 14.726740300000074 ], [ 121.126666452000336, 14.726618124000083 ], [ 121.126140726000017, 14.726651681000078 ], [ 121.125156386000072, 14.72689776600015 ], [ 121.124339831000157, 14.727401122 ], [ 121.124026632000096, 14.727803806000111 ], [ 121.123796695000124, 14.728356507000115 ], [ 121.123503839000023, 14.727668790000166 ], [ 121.122504339000102, 14.726774597000144 ], [ 121.121698775000141, 14.725227084000096 ], [ 121.121547342000099, 14.725103087000036 ], [ 121.121422743000039, 14.725149640999973 ], [ 121.121041210000158, 14.725795842000082 ], [ 121.121454855000025, 14.726179922000085 ], [ 121.12145707600007, 14.726492812 ], [ 121.12121597300029, 14.726662012000133 ], [ 121.120320095000238, 14.726522029000023 ], [ 121.119682206000107, 14.727630881000096 ], [ 121.119341435000138, 14.728907101 ], [ 121.118989210000223, 14.729549507000058 ], [ 121.118829789000074, 14.729683316000035 ], [ 121.118613097000093, 14.729730594000046 ], [ 121.118347156000027, 14.729703015000155 ], [ 121.118057577000059, 14.729549361000068 ], [ 121.11802297800034, 14.729928850000078 ], [ 121.118368590000159, 14.730737135000084 ], [ 121.118384135000156, 14.732093947000067 ], [ 121.118613423000056, 14.732800538000049 ], [ 121.11929351300023, 14.733364306000112 ], [ 121.11964715900001, 14.733807803000161 ], [ 121.120972363000078, 14.734728619000123 ], [ 121.121298806000141, 14.734875197000179 ], [ 121.121820391000028, 14.73493861999998 ], [ 121.121892616000082, 14.735080235999988 ], [ 121.121784225000056, 14.736276133000104 ], [ 121.122444482000105, 14.737935082000149 ], [ 121.122346593000088, 14.738127089000102 ], [ 121.119461314000205, 14.739755534000096 ], [ 121.119190846000151, 14.739765756000054 ], [ 121.118415903000255, 14.739320612000029 ], [ 121.118185553000217, 14.739273322000031 ], [ 121.117664321000234, 14.740594381000165 ], [ 121.117636555000104, 14.740768134000064 ], [ 121.118367072000069, 14.743532162000122 ], [ 121.118381609000039, 14.743822795000142 ], [ 121.118256742000312, 14.744896614000083 ], [ 121.11777222700016, 14.746046385000056 ], [ 121.117777403000218, 14.746261217999972 ], [ 121.118659038000033, 14.747389493000185 ], [ 121.118740107000121, 14.747603487000106 ], [ 121.118215052000096, 14.749510186000066 ], [ 121.120492464000222, 14.751638564000132 ], [ 121.120772189000036, 14.752021505000073 ], [ 121.120899983000072, 14.753024405000133 ], [ 121.121126948000096, 14.753302608000126 ], [ 121.121281295000017, 14.753713312000173 ], [ 121.120931076000261, 14.755190303000063 ], [ 121.121412179000231, 14.75583753899997 ], [ 121.121516109000254, 14.756186059000072 ], [ 121.121219024000084, 14.756821594000144 ], [ 121.121239279000065, 14.757043186000033 ], [ 121.121441799000195, 14.757590123000057 ], [ 121.121547425000017, 14.757692329000179 ], [ 121.122941658000173, 14.757765341000152 ], [ 121.12314378300016, 14.757847832000152 ], [ 121.123365957000033, 14.759635358000082 ], [ 121.123468590000243, 14.759770858000081 ], [ 121.124184365000019, 14.759764301000189 ], [ 121.124549350000166, 14.760157812000159 ], [ 121.125311620000161, 14.759811556000102 ], [ 121.126907985000344, 14.760996516999967 ], [ 121.129455617000076, 14.760441312000125 ] ] ] } },
{ "type": "Feature", "properties": { "psgc_code": "0405808011", "name": "San Rafael", "region": "Region IV-A (Calabarzon)", "province": "Rizal", "municipality": "Rodriguez (Montalban)", "barangay": "San Rafael", "level": "barangay" }, "geometry": { "type": "Polygon", "coordinates": [ [ [ 121.178941090000308, 14.74534968800009 ], [ 121.180197962000079, 14.744867759000044 ], [ 121.180371456000216, 14.744621011000106 ], [ 121.180421577000175, 14.744393539999976 ], [ 121.185390891000111, 14.737408949000042 ], [ 121.191421331000242, 14.734030377000067 ], [ 121.192265750000047, 14.73230615000017 ], [ 121.193334620000201, 14.730878663000055 ], [ 121.194672501000127, 14.729487001000052 ], [ 121.197077431000025, 14.728557302000127 ], [ 121.205024901000115, 14.723721750000038 ], [ 121.231572003000224, 14.718226673000061 ], [ 121.24045999000009, 14.716980910000075 ], [ 121.240504590000228, 14.716758210000137 ], [ 121.241109391000123, 14.71579711000004 ], [ 121.241198490000102, 14.715455710000015 ], [ 121.241217090000191, 14.715236810000022 ], [ 121.240660391000233, 14.714316510000117 ], [ 121.24098699000001, 14.712991710000097 ], [ 121.240953590000117, 14.711448010000083 ], [ 121.240912790000039, 14.711162210000055 ], [ 121.239213400000153, 14.706410900000037 ], [ 121.237159843000313, 14.70443695400013 ], [ 121.235522656000171, 14.704243622000149 ], [ 121.234538522000094, 14.704477287000032 ], [ 121.233487943000114, 14.7038718660001 ], [ 121.231600050000111, 14.703460207000035 ], [ 121.231401685000151, 14.702386643000068 ], [ 121.230247042000087, 14.702109906000146 ], [ 121.230393270000263, 14.700734327000134 ], [ 121.22864133500002, 14.700594339000077 ], [ 121.227580911000018, 14.699377203999973 ], [ 121.227295334000132, 14.697314431000109 ], [ 121.225738664000119, 14.69492405800014 ], [ 121.22269430900019, 14.693956996000054 ], [ 121.221327351000014, 14.692606371000124 ], [ 121.220938987000068, 14.690257700000018 ], [ 121.21916963700005, 14.68916321800009 ], [ 121.215915879000136, 14.688906407000047 ], [ 121.215612022000073, 14.689796274000059 ], [ 121.214939196000046, 14.69081636500016 ], [ 121.213897401000054, 14.691901569000095 ], [ 121.213767176000033, 14.6922054260001 ], [ 121.213810584000271, 14.692552691000117 ], [ 121.213593544000105, 14.69294336400003 ], [ 121.214222962000122, 14.695504444 ], [ 121.214266370000018, 14.696090453000124 ], [ 121.2135718400001, 14.697110545000101 ], [ 121.2135718400001, 14.698152340000092 ], [ 121.213767176000033, 14.699042206000172 ], [ 121.213528432000203, 14.699693328000023 ], [ 121.213528432000203, 14.700344450000102 ], [ 121.21250834000034, 14.702167592000137 ], [ 121.211792106000075, 14.702731898000081 ], [ 121.211206096000069, 14.703404724000166 ], [ 121.209947261000138, 14.70329620300015 ], [ 121.209339547000127, 14.703035755000087 ], [ 121.208970578000049, 14.702623377000066 ], [ 121.209100802000307, 14.702167592000137 ], [ 121.208796945000131, 14.700583195000036 ], [ 121.207972191000067, 14.699845257000106 ], [ 121.206995508000205, 14.699194135000027 ], [ 121.205997121000109, 14.698803462000114 ], [ 121.205085550000263, 14.698629829000083 ], [ 121.20462976400006, 14.698911982000027 ], [ 121.204434428000013, 14.699324359000173 ], [ 121.203870122000239, 14.699715032000086 ], [ 121.203739898000094, 14.700149114000112 ], [ 121.202218132000212, 14.700821135000183 ], [ 121.201037830000018, 14.701235400000087 ], [ 121.200117240000054, 14.70183378400003 ], [ 121.199334739000051, 14.702570255000126 ], [ 121.198966503000179, 14.70367496200015 ], [ 121.199150621000285, 14.70487172900016 ], [ 121.192004395000026, 14.702688181000099 ], [ 121.180440649000161, 14.705375886000184 ], [ 121.180203103000053, 14.705323098000065 ], [ 121.179956759000106, 14.70485680400003 ], [ 121.179657627000211, 14.704804016000139 ], [ 121.17854907800006, 14.704909592000149 ], [ 121.176305586000012, 14.704804016000139 ], [ 121.175223432000053, 14.70483920800001 ], [ 121.174862714000028, 14.704566469000099 ], [ 121.174317237000082, 14.704548873000078 ], [ 121.173397316000091, 14.704754513000012 ], [ 121.172961815, 14.704338807999989 ], [ 121.17215129900012, 14.704206837000186 ], [ 121.171947439000178, 14.704294613000172 ], [ 121.171865368000226, 14.704549943000131 ], [ 121.171637395000062, 14.704659370000059 ], [ 121.171318232000203, 14.704677608000168 ], [ 121.16967682500001, 14.704422278000152 ], [ 121.168974667000043, 14.704467873000112 ], [ 121.167834800000151, 14.705115317000036 ], [ 121.166129560000059, 14.705480074000093 ], [ 121.165317975000107, 14.705480074000093 ], [ 121.164989694000042, 14.705388885000104 ], [ 121.164743483000052, 14.705452717000071 ], [ 121.164041325000198, 14.705863069000088 ], [ 121.163913660000048, 14.706355492000057 ], [ 121.163567140000168, 14.706893508000178 ], [ 121.163320929000065, 14.70702117400009 ], [ 121.163184145000173, 14.707385931000147 ], [ 121.16342123700008, 14.70805161300018 ], [ 121.16342123700008, 14.708306943000139 ], [ 121.162956172, 14.708306943000139 ], [ 121.16274643700001, 14.708142802000168 ], [ 121.16244551200009, 14.708069851000062 ], [ 121.161679522000099, 14.70822487300012 ], [ 121.161405954000202, 14.708653462000143 ], [ 121.161451548000059, 14.708917911000071 ], [ 121.161907495000037, 14.710103372 ], [ 121.162153706000254, 14.710513724000066 ], [ 121.162235776000102, 14.710851125000147 ], [ 121.161889257000098, 14.71131619 ], [ 121.161287407000032, 14.711498569000071 ], [ 121.160849699000096, 14.711525926000149 ], [ 121.159326837000208, 14.711225001000173 ], [ 121.158250803000215, 14.711170287000073 ], [ 121.15777661900006, 14.711243239000112 ], [ 121.157348029000104, 14.71144385499997 ], [ 121.157028866000019, 14.711498569000071 ], [ 121.155542481000111, 14.711489450000101 ], [ 121.155150367000147, 14.711890683000036 ], [ 121.154895036000084, 14.71236486700019 ], [ 121.154639706000125, 14.712401343000181 ], [ 121.154220235000139, 14.712218964999977 ], [ 121.153928430000065, 14.711899802000175 ], [ 121.152670017000105, 14.711753899000087 ], [ 121.152597066000226, 14.711370904000091 ], [ 121.152779444000203, 14.710796411000047 ], [ 121.152706493000096, 14.710650508000185 ], [ 121.152478520000159, 14.710595795000188 ], [ 121.151894908000031, 14.710741698000049 ], [ 121.151156274000186, 14.711179406000042 ], [ 121.150764160000108, 14.711234120000142 ], [ 121.150125835000267, 14.711170287000073 ], [ 121.14928689300018, 14.711270596000134 ], [ 121.14864856800034, 14.71151680700018 ], [ 121.148577408000165, 14.711481083000081 ], [ 121.148680315000206, 14.711833665000086 ], [ 121.149839279000048, 14.711971998000081 ], [ 121.149970864000011, 14.712321205000137 ], [ 121.150380803000076, 14.712947080000106 ], [ 121.150348751000024, 14.713156267000102 ], [ 121.151360103000115, 14.713684717000149 ], [ 121.151409447000106, 14.713904870000135 ], [ 121.154258900000059, 14.719191099999989 ], [ 121.151498, 14.720261400000084 ], [ 121.152510486000097, 14.721954850000088 ], [ 121.153036224000289, 14.723077940999985 ], [ 121.153684019000025, 14.723779277000119 ], [ 121.153338803000224, 14.724017762000017 ], [ 121.153135736000195, 14.724362863000067 ], [ 121.151424951000081, 14.725829931000135 ], [ 121.151855803000103, 14.726219034999986 ], [ 121.151584737, 14.726550186000168 ], [ 121.15192856200008, 14.727426355000091 ], [ 121.150201285000094, 14.728340654000135 ], [ 121.150278321000087, 14.728489663000119 ], [ 121.150102185000264, 14.728610787000036 ], [ 121.150339600000279, 14.72904050000011 ], [ 121.150295500000198, 14.729159200000026 ], [ 121.150435100000209, 14.72977 ], [ 121.150511900000197, 14.729863800000032 ], [ 121.150755000000231, 14.729820800000027 ], [ 121.151313000000187, 14.730863000000113 ], [ 121.151314832000139, 14.730967740999972 ], [ 121.15115150000031, 14.730966390000162 ], [ 121.15143460000013, 14.731844662000185 ], [ 121.151126778000048, 14.731934086000081 ], [ 121.151544800000011, 14.734246400000131 ], [ 121.150867400000038, 14.7342238 ], [ 121.150570989000016, 14.73709707800009 ], [ 121.151582195000174, 14.737241405000191 ], [ 121.153951195000104, 14.737274605000096 ], [ 121.155101295, 14.737158406000162 ], [ 121.155770794000091, 14.737208203000137 ], [ 121.156646200000068, 14.736726700000133 ], [ 121.157702000000199, 14.736477699999966 ], [ 121.159652700000265, 14.735693900000172 ], [ 121.1600793, 14.735464600000171 ], [ 121.160295100000099, 14.735238 ], [ 121.16073960000017, 14.735050199999989 ], [ 121.161435600000345, 14.73431950000014 ], [ 121.161881900000139, 14.734087100000067 ], [ 121.162225200000307, 14.733738400000163 ], [ 121.162594300000137, 14.733555799999976 ], [ 121.163152200000127, 14.733472800000072 ], [ 121.164139300000102, 14.73386290000019 ], [ 121.165250200000173, 14.733989200000167 ], [ 121.169246200000202, 14.735066600000096 ], [ 121.170404900000108, 14.735481600000185 ], [ 121.171452, 14.737258 ], [ 121.171795400000065, 14.737556800000107 ], [ 121.172276, 14.737805800000103 ], [ 121.173082800000202, 14.738029900000186 ], [ 121.173340300000177, 14.7378888 ], [ 121.173437153000123, 14.737701489000074 ], [ 121.17385390000004, 14.7382235 ], [ 121.174236300000075, 14.738437700000134 ], [ 121.174201900000071, 14.738827700000115 ], [ 121.173907800000052, 14.7393078 ], [ 121.173993700000096, 14.739722800000095 ], [ 121.174154600000065, 14.73999770000006 ], [ 121.174331600000301, 14.739919900000018 ], [ 121.174449600000116, 14.740194900000063 ], [ 121.174799900000153, 14.741340400000183 ], [ 121.174767700000189, 14.741651600000125 ], [ 121.175196900000174, 14.742191200000036 ], [ 121.175175400000171, 14.742678800000078 ], [ 121.175400700000296, 14.743135399999971 ], [ 121.175229100000138, 14.743695599999967 ], [ 121.1753026, 14.74424660000011 ], [ 121.175143200000093, 14.744608700000015 ], [ 121.17512180000017, 14.744940700000143 ], [ 121.174971600000163, 14.745179300000189 ], [ 121.177186868000149, 14.745087518000048 ], [ 121.177522291000059, 14.745291856000051 ], [ 121.17804663000004, 14.745191615000067 ], [ 121.178574824000066, 14.74534968800009 ], [ 121.178941090000308, 14.74534968800009 ] ] ] } },
{ "type": "Feature", "properties": { "psgc_code": "0405809001", "name": "Bombongan", "region": "Region IV-A (Calabarzon)", "province": "Rizal", "municipality": "Morong", "barangay": "Bombongan", "level": "barangay" }, "geometry": { "type": "Polygon", "coordinates": [ [ [ 121.214671372000112, 14.513853177000158 ], [ 121.21513922400004, 14.51368007100001 ], [ 121.217333452000048, 14.511846090000063 ], [ 121.218825901000059, 14.511687020000068 ], [ 121.219251647000078, 14.511485843 ], [ 121.219607215000224, 14.51114431100018 ], [ 121.220065710000199, 14.510849564000068 ], [ 121.220355779000101, 14.51074195800004 ], [ 121.220978023000271, 14.510578210000176 ], [ 121.222760541000184, 14.510344283000052 ], [ 121.223434248000217, 14.509993394000105 ], [ 121.224402703000123, 14.508903298000121 ], [ 121.225235480000038, 14.50766816700019 ], [ 121.22572204700009, 14.507382776999975 ], [ 121.226101007000125, 14.507448277000094 ], [ 121.22877971600019, 14.505062987000088 ], [ 121.227957926000045, 14.50295753000006 ], [ 121.227551070000118, 14.502693377000128 ], [ 121.227310827000224, 14.502366981000137 ], [ 121.221404114000052, 14.502784971000096 ], [ 121.22069264300012, 14.503052613000023 ], [ 121.22019293700032, 14.503992724000057 ], [ 121.213704094000036, 14.505474790000164 ], [ 121.212945429000229, 14.505992468000159 ], [ 121.212365272000056, 14.506206679000059 ], [ 121.212290192000069, 14.50614701600017 ], [ 121.211608131000048, 14.506160492000049 ], [ 121.211190543000157, 14.506322202000092 ], [ 121.210035215000062, 14.507211607000045 ], [ 121.209742903000233, 14.507548502000134 ], [ 121.209826420000127, 14.507629357000155 ], [ 121.209798581000086, 14.507777590000046 ], [ 121.20996561600009, 14.507939299000043 ], [ 121.209979536000219, 14.508343572000172 ], [ 121.209728983000332, 14.50876131900003 ], [ 121.20996561600009, 14.508990406000066 ], [ 121.210076973000014, 14.509812422000039 ], [ 121.210313607000217, 14.509839373000034 ], [ 121.210257928000146, 14.510324496000123 ], [ 121.210856472000273, 14.510391874 ], [ 121.211280456000054, 14.510718845000156 ], [ 121.211620570000036, 14.510747477000052 ], [ 121.211608131000048, 14.511227361000124 ], [ 121.211290232000124, 14.511942993 ], [ 121.212013470000102, 14.512253762000057 ], [ 121.212435037000091, 14.512716295000075 ], [ 121.213384777000101, 14.513460181000141 ], [ 121.214166091000152, 14.513829784000052 ], [ 121.214671372000112, 14.513853177000158 ] ] ] } },
{ "type": "Feature", "properties": { "psgc_code": "0405809002", "name": "Can-Cal-Lan (Caniogan-Calero-Lanang)", "region": "Region IV-A (Calabarzon)", "province": "Rizal", "municipality": "Morong", "barangay": "Can-Cal-Lan (Caniogan-Calero-Lanang)", "level": "barangay" }, "geometry": { "type": "Polygon", "coordinates": [ [ [ 121.240630444000203, 14.539481011000191 ], [ 121.242156883000234, 14.539043611000011 ], [ 121.245123031000162, 14.538507571000082 ], [ 121.251933926000333, 14.535177424000153 ], [ 121.253720891000171, 14.528353562000063 ], [ 121.253746951000153, 14.525711574000127 ], [ 121.253510458000051, 14.525014852000027 ], [ 121.256071279000139, 14.524379682000074 ], [ 121.25520095800016, 14.516658035000034 ], [ 121.254315392000194, 14.517008369000109 ], [ 121.253570932000116, 14.5171494760001 ], [ 121.253434691000052, 14.517280851000066 ], [ 121.253103821000082, 14.518010713000081 ], [ 121.252914056000122, 14.518258866000053 ], [ 121.251502990000063, 14.519650470000101 ], [ 121.250505511000028, 14.52032194300017 ], [ 121.249493436000193, 14.520555499000125 ], [ 121.249191759000041, 14.520837713000049 ], [ 121.249191759000041, 14.521285361000139 ], [ 121.249386389000165, 14.521893580000096 ], [ 121.249707529000034, 14.522482335 ], [ 121.250194104000116, 14.522891058000027 ], [ 121.25025735800034, 14.523192734000077 ], [ 121.250194104000116, 14.523294915000122 ], [ 121.249688066000317, 14.523562531000039 ], [ 121.249522630000115, 14.524000449000027 ], [ 121.249364494000019, 14.523963144000049 ], [ 121.249202302000072, 14.523758783000119 ], [ 121.249082280000152, 14.52372310100003 ], [ 121.248488659000145, 14.523989095 ], [ 121.248572999000203, 14.524222651000116 ], [ 121.248404319000088, 14.524410793000072 ], [ 121.248449733000257, 14.524663812000142 ], [ 121.248310248000053, 14.524946025000133 ], [ 121.248485415000232, 14.525114705000078 ], [ 121.248485415000232, 14.525954857000102 ], [ 121.247736090000103, 14.52618192500006 ], [ 121.247596605000012, 14.526558210000019 ], [ 121.247048398000061, 14.527245902000061 ], [ 121.246993252000152, 14.527456751000045 ], [ 121.247207345000106, 14.527716258000112 ], [ 121.247265734000052, 14.528024422000044 ], [ 121.247100299000181, 14.528251490000173 ], [ 121.24704191, 14.529325197999981 ], [ 121.246892694000167, 14.529912332000094 ], [ 121.247183775000167, 14.530141045999983 ], [ 121.247133039000232, 14.530321158000163 ], [ 121.246843846000047, 14.530587519999983 ], [ 121.24671954400003, 14.530579910000085 ], [ 121.246222334000095, 14.530932523000047 ], [ 121.246169062000149, 14.531082193000145 ], [ 121.245834206000154, 14.531026384000086 ], [ 121.245509498000047, 14.531127855000022 ], [ 121.245468910000113, 14.531272452000167 ], [ 121.245222842000203, 14.531386607000115 ], [ 121.24514673800013, 14.531579401999977 ], [ 121.245024973000227, 14.531604770000115 ], [ 121.245032583000011, 14.531731609000076 ], [ 121.244829640000148, 14.531723999000121 ], [ 121.244522690000167, 14.53205885400007 ], [ 121.244454196000333, 14.5319802140001 ], [ 121.244492248000142, 14.531805176000034 ], [ 121.244157393000023, 14.531569255000136 ], [ 121.244043238000131, 14.531665653000118 ], [ 121.244058458000154, 14.531893963000186 ], [ 121.243934156000137, 14.531954846000133 ], [ 121.243885957000089, 14.532094369000049 ], [ 121.243827611000142, 14.532129884000085 ], [ 121.243713456000023, 14.532028413000091 ], [ 121.243442020000089, 14.532155252000052 ], [ 121.243478803000016, 14.532445291000158 ], [ 121.243214978000083, 14.532775073000096 ], [ 121.242883505, 14.532178083000076 ], [ 121.242514826000274, 14.532222054000044 ], [ 121.242129023000075, 14.531748098000094 ], [ 121.241827780000108, 14.531833081000116 ], [ 121.241777045000049, 14.53201826600008 ], [ 121.24159947000021, 14.532203451000044 ], [ 121.24117582700012, 14.532345511000074 ], [ 121.24111494400006, 14.532525622000151 ], [ 121.241229100000169, 14.532670219000124 ], [ 121.241188511000018, 14.532748859000037 ], [ 121.240716670000211, 14.532799595000142 ], [ 121.24059236700009, 14.533116693000068 ], [ 121.239917583000079, 14.533159818 ], [ 121.23953960200015, 14.533317099000158 ], [ 121.239423227000202, 14.533738205000191 ], [ 121.239240579000011, 14.533795282000028 ], [ 121.239154963000033, 14.533915145000094 ], [ 121.239217748000328, 14.534229072000016 ], [ 121.23914354700014, 14.534371766000106 ], [ 121.238738296000065, 14.534662862000062 ], [ 121.238384415000041, 14.534725647000187 ], [ 121.240071518000263, 14.538165095000181 ], [ 121.240630444000203, 14.539481011000191 ] ] ] } },
{ "type": "Feature", "properties": { "psgc_code": "0405809003", "name": "Lagundi", "region": "Region IV-A (Calabarzon)", "province": "Rizal", "municipality": "Morong", "barangay": "Lagundi", "level": "barangay" }, "geometry": { "type": "Polygon", "coordinates": [ [ [ 121.25853174100007, 14.574570096000059 ], [ 121.262078440000209, 14.57168018200008 ], [ 121.261934935000113, 14.557026535999967 ], [ 121.261989464000067, 14.547969845000182 ], [ 121.260852623000119, 14.545431588000042 ], [ 121.261009714000011, 14.544972718000054 ], [ 121.26189438300014, 14.54410045000003 ], [ 121.261981196000306, 14.543749063000178 ], [ 121.261881981000215, 14.543335666000132 ], [ 121.261691818000031, 14.543004949000078 ], [ 121.261125465000077, 14.542682499000023 ], [ 121.260703800000101, 14.54214508300015 ], [ 121.26017878600021, 14.540983438000069 ], [ 121.259781925000198, 14.540491496000186 ], [ 121.258633444000111, 14.537008431000061 ], [ 121.256108180000069, 14.527993348000109 ], [ 121.256140553000137, 14.524994295000056 ], [ 121.256071279000139, 14.524379682000074 ], [ 121.253510458000051, 14.525014852000027 ], [ 121.253746951000153, 14.525711574000127 ], [ 121.253720891000171, 14.528353562000063 ], [ 121.251933926000333, 14.535177424000153 ], [ 121.245123031000162, 14.538507571000082 ], [ 121.242156883000234, 14.539043611000011 ], [ 121.239016489000278, 14.539965197000072 ], [ 121.239644073000022, 14.541590349000103 ], [ 121.239794295000024, 14.541780630000119 ], [ 121.247191891000284, 14.566316568 ], [ 121.249364190000165, 14.574308526000095 ], [ 121.249557121000066, 14.575273112000161 ], [ 121.251304520000303, 14.581267763000142 ], [ 121.253174711000042, 14.584697371 ], [ 121.25853174100007, 14.574570096000059 ] ] ] } },
{ "type": "Feature", "properties": { "psgc_code": "0405809004", "name": "Maybancal", "region": "Region IV-A (Calabarzon)", "province": "Rizal", "municipality": "Morong", "barangay": "Maybancal", "level": "barangay" }, "geometry": { "type": "Polygon", "coordinates": [ [ [ 121.256963400000132, 14.590196100000128 ], [ 121.257623847000104, 14.589898967000181 ], [ 121.253174711000042, 14.584697371 ], [ 121.251304520000303, 14.581267763000142 ], [ 121.249557121000066, 14.575273112000161 ], [ 121.249364190000165, 14.574308526000095 ], [ 121.247191891000284, 14.566316568 ], [ 121.239794295000024, 14.541780630000119 ], [ 121.239644073000022, 14.541590349000103 ], [ 121.239016489000278, 14.539965197000072 ], [ 121.240630444000203, 14.539481011000191 ], [ 121.240071518000263, 14.538165095000181 ], [ 121.238384415000041, 14.534725647000187 ], [ 121.238738296000065, 14.534662862000062 ], [ 121.23914354700014, 14.534371766000106 ], [ 121.239217748000328, 14.534229072000016 ], [ 121.239154963000033, 14.533915145000094 ], [ 121.239240579000011, 14.533795282000028 ], [ 121.239423227000202, 14.533738205000191 ], [ 121.23953960200015, 14.533317099000158 ], [ 121.239917583000079, 14.533159818 ], [ 121.24059236700009, 14.533116693000068 ], [ 121.240716670000211, 14.532799595000142 ], [ 121.241188511000018, 14.532748859000037 ], [ 121.241229100000169, 14.532670219000124 ], [ 121.24111494400006, 14.532525622000151 ], [ 121.24117582700012, 14.532345511000074 ], [ 121.24159947000021, 14.532203451000044 ], [ 121.241777045000049, 14.53201826600008 ], [ 121.241827780000108, 14.531833081000116 ], [ 121.241944473000103, 14.531774735000056 ], [ 121.242129023000075, 14.531748098000094 ], [ 121.242514826000274, 14.532222054000044 ], [ 121.242883505, 14.532178083000076 ], [ 121.243214978000083, 14.532775073000096 ], [ 121.243478803000016, 14.532445291000158 ], [ 121.243442020000089, 14.532155252000052 ], [ 121.243713456000023, 14.532028413000091 ], [ 121.243827611000142, 14.532129884000085 ], [ 121.243885957000089, 14.532094369000049 ], [ 121.243934156000137, 14.531954846000133 ], [ 121.244058458000154, 14.531893963000186 ], [ 121.244043238000131, 14.531665653000118 ], [ 121.244157393000023, 14.531569255000136 ], [ 121.244492248000142, 14.531805176000034 ], [ 121.244454196000333, 14.5319802140001 ], [ 121.244522690000167, 14.53205885400007 ], [ 121.244829640000148, 14.531723999000121 ], [ 121.245032583000011, 14.531731609000076 ], [ 121.245024973000227, 14.531604770000115 ], [ 121.24514673800013, 14.531579401999977 ], [ 121.245222842000203, 14.531386607000115 ], [ 121.245468910000113, 14.531272452000167 ], [ 121.245509498000047, 14.531127855000022 ], [ 121.245834206000154, 14.531026384000086 ], [ 121.246169062000149, 14.531082193000145 ], [ 121.246222334000095, 14.530932523000047 ], [ 121.246968148000178, 14.53048858600016 ], [ 121.247201532000076, 14.530242518000023 ], [ 121.247183775000167, 14.530141045999983 ], [ 121.246892694000167, 14.529912332000094 ], [ 121.24704191, 14.529325197999981 ], [ 121.247100299000181, 14.528251490000173 ], [ 121.247265734000052, 14.528024422000044 ], [ 121.247207345000106, 14.527716258000112 ], [ 121.246993252000152, 14.527456751000045 ], [ 121.247048398000061, 14.527245902000061 ], [ 121.247596605000012, 14.526558210000019 ], [ 121.247736090000103, 14.52618192500006 ], [ 121.248485415000232, 14.525954857000102 ], [ 121.248485415000232, 14.525114705000078 ], [ 121.248310248000053, 14.524946025000133 ], [ 121.248449733000257, 14.524663812000142 ], [ 121.248404319000088, 14.524410793000072 ], [ 121.248572999000203, 14.524222651000116 ], [ 121.248488659000145, 14.523989095 ], [ 121.249082280000152, 14.52372310100003 ], [ 121.249202302000072, 14.523758783000119 ], [ 121.249364494000019, 14.523963144000049 ], [ 121.249522630000115, 14.524000449000027 ], [ 121.249688066000317, 14.523562531000039 ], [ 121.250194104000116, 14.523294915000122 ], [ 121.25025735800034, 14.523192734000077 ], [ 121.250194104000116, 14.522891058000027 ], [ 121.249707529000034, 14.522482335 ], [ 121.249473973000136, 14.522083344000123 ], [ 121.249191759000041, 14.521285361000139 ], [ 121.249191759000041, 14.520837713000049 ], [ 121.241497619000029, 14.523202203000096 ], [ 121.240508079000051, 14.523672161999968 ], [ 121.240120055000148, 14.52307310100008 ], [ 121.23993278900025, 14.522609131000024 ], [ 121.239658879000103, 14.521359764000124 ], [ 121.239127667000048, 14.521336186000156 ], [ 121.239133161000041, 14.521738078000169 ], [ 121.238878783000132, 14.521806241000036 ], [ 121.238805406000097, 14.522083672000178 ], [ 121.238514757000189, 14.522198978000119 ], [ 121.238301987000114, 14.522134722000146 ], [ 121.238353140000072, 14.52180115699997 ], [ 121.237845216000096, 14.521779517000141 ], [ 121.237990060000016, 14.523021826000161 ], [ 121.237809841000058, 14.523264598000026 ], [ 121.237948805000087, 14.523469082000076 ], [ 121.237932805000014, 14.523675900000114 ], [ 121.237454862000163, 14.523796959000094 ], [ 121.236622069000077, 14.523049090000143 ], [ 121.235984077000012, 14.524827995000123 ], [ 121.235042705000296, 14.525378822000164 ], [ 121.234514453000088, 14.526117020000129 ], [ 121.234609268000099, 14.526830385000096 ], [ 121.234437699000182, 14.527266080000174 ], [ 121.234284190000153, 14.527442164000149 ], [ 121.234071986000231, 14.527500859000156 ], [ 121.233719818000168, 14.527428619000034 ], [ 121.232245680000233, 14.526575289000107 ], [ 121.231877709000059, 14.52647821700009 ], [ 121.230660924000063, 14.526649786000121 ], [ 121.229936271000042, 14.527491829000098 ], [ 121.229816624000023, 14.527753697000094 ], [ 121.229755672000124, 14.528597997000134 ], [ 121.230116870000188, 14.529600321000089 ], [ 121.234094062000054, 14.534562618999985 ], [ 121.229445553000119, 14.538520916000039 ], [ 121.225328495000213, 14.542226268000036 ], [ 121.229948493000165, 14.550758742000085 ], [ 121.233099500000208, 14.555137065000054 ], [ 121.237155252000207, 14.560449451000125 ], [ 121.240563592000171, 14.56944330400006 ], [ 121.251188443000046, 14.585690880000072 ], [ 121.251836700000126, 14.58596760000006 ], [ 121.252949700000045, 14.585852100000068 ], [ 121.253405300000054, 14.585953600000153 ], [ 121.253630500000213, 14.586208800000122 ], [ 121.253808000000163, 14.586637 ], [ 121.254045800000085, 14.587661200000014 ], [ 121.255030300000044, 14.589188700000136 ], [ 121.256180500000028, 14.590087 ], [ 121.256587200000013, 14.590220400000021 ], [ 121.256963400000132, 14.590196100000128 ] ] ] } },
{ "type": "Feature", "properties": { "psgc_code": "0405809005", "name": "San Guillermo", "region": "Region IV-A (Calabarzon)", "province": "Rizal", "municipality": "Morong", "barangay": "San Guillermo", "level": "barangay" }, "geometry": { "type": "Polygon", "coordinates": [ [ [ 121.229445553000119, 14.538520916000039 ], [ 121.234094062000054, 14.534562618999985 ], [ 121.230116870000188, 14.529600321000089 ], [ 121.229773732000012, 14.528692811000155 ], [ 121.229172292000158, 14.528631008000104 ], [ 121.229330538000113, 14.528314515000147 ], [ 121.229560151000214, 14.526918223000052 ], [ 121.229696677000106, 14.526542775999985 ], [ 121.229885952000018, 14.526306958000191 ], [ 121.229898364000178, 14.526151814000173 ], [ 121.229513608000161, 14.525782571999969 ], [ 121.228775124000322, 14.524696567000092 ], [ 121.228244533000066, 14.522977576000073 ], [ 121.225708107000173, 14.519988363000095 ], [ 121.222297488000095, 14.51088237700003 ], [ 121.222245903000044, 14.510409783000171 ], [ 121.220978023000271, 14.510578210000176 ], [ 121.220065710000199, 14.510849564000068 ], [ 121.219607215000224, 14.51114431100018 ], [ 121.219251647000078, 14.511485843 ], [ 121.218825901000059, 14.511687020000068 ], [ 121.217333452000048, 14.511846090000063 ], [ 121.21513922400004, 14.51368007100001 ], [ 121.214671372000112, 14.513853177000158 ], [ 121.214166091000152, 14.513829784000052 ], [ 121.213688881000053, 14.513623929000175 ], [ 121.212991781000142, 14.513188826000146 ], [ 121.212013470000102, 14.512253762000057 ], [ 121.21059169800003, 14.511593449000031 ], [ 121.210437307, 14.511649591999969 ], [ 121.210325022, 14.511934982000128 ], [ 121.210451342000169, 14.513006364000148 ], [ 121.210147238000218, 14.513581822000162 ], [ 121.21017998800005, 14.514545598000154 ], [ 121.209946062000085, 14.515205270000024 ], [ 121.209557744000108, 14.515514053000061 ], [ 121.208977607000179, 14.515654409000149 ], [ 121.207784584000137, 14.515514053000061 ], [ 121.207480479000083, 14.515663766000102 ], [ 121.207335445000012, 14.516304724000065 ], [ 121.207377552000025, 14.516884861000165 ], [ 121.207560014000023, 14.517652139000063 ], [ 121.20745708700008, 14.518681414000071 ], [ 121.207316731000219, 14.518793699000184 ], [ 121.206998591000229, 14.518835805000094 ], [ 121.206142421000095, 14.518452166000088 ], [ 121.205740068000068, 14.518709485000159 ], [ 121.20464061500013, 14.5191165170001 ], [ 121.204416046000119, 14.519411264000041 ], [ 121.204476867000267, 14.520145792000051 ], [ 121.204158727000049, 14.521334138000157 ], [ 121.204037085000095, 14.521493207000105 ], [ 121.203115416000173, 14.522115451000047 ], [ 121.202628849000121, 14.522611375000054 ], [ 121.202469780000229, 14.522915479000176 ], [ 121.202586743000211, 14.523467545000187 ], [ 121.20251656500011, 14.523912005 ], [ 121.202600778000033, 14.524038325000163 ], [ 121.202975060000085, 14.524033646000021 ], [ 121.203531805000011, 14.523818434000191 ], [ 121.204069835000155, 14.52325233300013 ], [ 121.204299083000137, 14.523350582000035 ], [ 121.204476867000267, 14.523790363000103 ], [ 121.204453474000047, 14.524057039000127 ], [ 121.203335307000316, 14.526204482000082 ], [ 121.203363378000063, 14.526517943000158 ], [ 121.203489698000226, 14.526770583000086 ], [ 121.203601983000226, 14.526831404000063 ], [ 121.205005540000229, 14.526887546000125 ], [ 121.205618427000218, 14.526817367999968 ], [ 121.205861710000022, 14.526564728000039 ], [ 121.205796211, 14.525923770000134 ], [ 121.206062886000154, 14.525862949000157 ], [ 121.206381026000031, 14.526110911000046 ], [ 121.206586881000021, 14.526396301000034 ], [ 121.206797415000096, 14.528052499000125 ], [ 121.207045377000327, 14.528595208000183 ], [ 121.207499194000093, 14.528758956000047 ], [ 121.208257114000162, 14.528613922000147 ], [ 121.20898228600015, 14.529437342000051 ], [ 121.208968250000225, 14.52986308800007 ], [ 121.208622039000034, 14.530232691000037 ], [ 121.208462970000141, 14.530312226000149 ], [ 121.208172901000012, 14.530312226000149 ], [ 121.207719084000018, 14.529928587000086 ], [ 121.207298017000085, 14.529905194000037 ], [ 121.207031341000061, 14.53005022900004 ], [ 121.206736594000063, 14.530382404000079 ], [ 121.206703844000231, 14.530672472999981 ], [ 121.206951806, 14.530883006000124 ], [ 121.208448934000216, 14.531355537000024 ], [ 121.209351889000231, 14.531977781000023 ], [ 121.209684064000044, 14.532412884000053 ], [ 121.209791671000062, 14.533325196000021 ], [ 121.210582341000077, 14.534031653000113 ], [ 121.210619769000118, 14.534274936000088 ], [ 121.21047005700018, 14.534457399000189 ], [ 121.210114489000034, 14.534555648000037 ], [ 121.209740207000209, 14.534550969000122 ], [ 121.209281711000131, 14.534293650000052 ], [ 121.209071178000045, 14.53361994300019 ], [ 121.208795145000181, 14.53328776800015 ], [ 121.208355364000113, 14.533283089000179 ], [ 121.208107402000223, 14.53357783600012 ], [ 121.207765869000127, 14.534340435999979 ], [ 121.207733120000171, 14.534901859000172 ], [ 121.207541300000116, 14.535369711000158 ], [ 121.207770548000212, 14.535528780999982 ], [ 121.208406827000204, 14.535556852000127 ], [ 121.209220891000086, 14.535715922000122 ], [ 121.209857170000191, 14.535987276000185 ], [ 121.210161274000143, 14.536029383000027 ], [ 121.210245487000066, 14.536398987000041 ], [ 121.218472655000141, 14.536209864000114 ], [ 121.225328495000213, 14.542226268000036 ], [ 121.229445553000119, 14.538520916000039 ] ] ] } },
{ "type": "Feature", "properties": { "psgc_code": "0405809006", "name": "San Jose (Pob.)", "region": "Region IV-A (Calabarzon)", "province": "Rizal", "municipality": "Morong", "barangay": "San Jose (Pob.)", "level": "barangay" }, "geometry": { "type": "Polygon", "coordinates": [ [ [ 121.228244533000066, 14.522977576000073 ], [ 121.228399677000084, 14.522732450000035 ], [ 121.228666524000232, 14.522682804 ], [ 121.229761837000183, 14.522747964000075 ], [ 121.230543761000035, 14.522949651000147 ], [ 121.231030912000051, 14.522949651000147 ], [ 121.231217084000036, 14.522847256000091 ], [ 121.231713543000183, 14.522350796000069 ], [ 121.232190868000316, 14.521680576000051 ], [ 121.23280937400034, 14.520184992000111 ], [ 121.233179650000238, 14.519669915 ], [ 121.233376951000309, 14.51944595700013 ], [ 121.233691596000199, 14.519345636000139 ], [ 121.234389129000078, 14.518902396000044 ], [ 121.234059559000116, 14.518251929000144 ], [ 121.23420266200003, 14.516677797999989 ], [ 121.236942724000073, 14.516637016000175 ], [ 121.236798729000157, 14.515868687000136 ], [ 121.237292622000041, 14.515715031000184 ], [ 121.237179209000146, 14.515232114000128 ], [ 121.237045532000025, 14.51502489 ], [ 121.23721703800004, 14.514930111000069 ], [ 121.237469784000155, 14.515119670000047 ], [ 121.237961736000102, 14.515237016000185 ], [ 121.238649642000041, 14.515169317000129 ], [ 121.238265914000067, 14.513863443000105 ], [ 121.238842738000017, 14.513715430000047 ], [ 121.238725348000116, 14.513352079000072 ], [ 121.238063994000072, 14.513600536000126 ], [ 121.236913077000168, 14.51322625500012 ], [ 121.236328262000029, 14.513221576000035 ], [ 121.235691982000276, 14.513483573000144 ], [ 121.234751599000219, 14.514306994000151 ], [ 121.234363281000014, 14.514756132000173 ], [ 121.234082570000169, 14.514985380000098 ], [ 121.233483719000105, 14.51528948400005 ], [ 121.233104758000081, 14.515369019000161 ], [ 121.23181816400006, 14.515135092999969 ], [ 121.23140645400008, 14.514976023000145 ], [ 121.230592391000187, 14.514386529000035 ], [ 121.230068396000206, 14.51382510600007 ], [ 121.229918683000164, 14.513577144000124 ], [ 121.229712828000061, 14.512641439000049 ], [ 121.229277725000088, 14.511972410000055 ], [ 121.227953703000139, 14.510919742000169 ], [ 121.226947820000078, 14.510690494000016 ], [ 121.226606288000085, 14.510437854000088 ], [ 121.226489325000102, 14.510269427000082 ], [ 121.226241363000213, 14.509441328000037 ], [ 121.225909188000173, 14.509038975000067 ], [ 121.225937259000261, 14.508669372000156 ], [ 121.226091650000171, 14.508374624999988 ], [ 121.226044865000063, 14.507962914000132 ], [ 121.226166506000141, 14.507546526000112 ], [ 121.226007437000021, 14.507387456000117 ], [ 121.22572204700009, 14.507382776999975 ], [ 121.225235480000038, 14.50766816700019 ], [ 121.224402703000123, 14.508903298000121 ], [ 121.223434248000217, 14.509993394000105 ], [ 121.222985110000195, 14.510278784000093 ], [ 121.222245903000044, 14.510409783000171 ], [ 121.222297488000095, 14.51088237700003 ], [ 121.225708107000173, 14.519988363000095 ], [ 121.228244533000066, 14.522977576000073 ] ] ] } },
{ "type": "Feature", "properties": { "psgc_code": "0405809007", "name": "San Juan (Pob.)", "region": "Region IV-A (Calabarzon)", "province": "Rizal", "municipality": "Morong", "barangay": "San Juan (Pob.)", "level": "barangay" }, "geometry": { "type": "Polygon", "coordinates": [ [ [ 121.229773732000012, 14.528692811000155 ], [ 121.229882092000253, 14.527584386 ], [ 121.230344876000345, 14.526954547000059 ], [ 121.230751224000073, 14.526606894000167 ], [ 121.2320605660002, 14.526505306999979 ], [ 121.233719818000168, 14.527428619000034 ], [ 121.234071986000231, 14.527500859000156 ], [ 121.234284190000153, 14.527442164000149 ], [ 121.234437699000182, 14.527266080000174 ], [ 121.234609268000099, 14.526830385000096 ], [ 121.234514453000088, 14.526117020000129 ], [ 121.235042705000296, 14.525378822000164 ], [ 121.235984077000012, 14.524827995000123 ], [ 121.236622069000077, 14.523049090000143 ], [ 121.237454862000163, 14.523796959000094 ], [ 121.237932805000014, 14.523675900000114 ], [ 121.237948805000087, 14.523469082000076 ], [ 121.237809841000058, 14.523264598000026 ], [ 121.237990060000016, 14.523021826000161 ], [ 121.237845216000096, 14.521779517000141 ], [ 121.238353140000072, 14.52180115699997 ], [ 121.238301987000114, 14.522134722000146 ], [ 121.238514757000189, 14.522198978000119 ], [ 121.238805406000097, 14.522083672000178 ], [ 121.238878783000132, 14.521806241000036 ], [ 121.239133161000041, 14.521738078000169 ], [ 121.239127667000048, 14.521336186000156 ], [ 121.239658879000103, 14.521359764000124 ], [ 121.23993278900025, 14.522609131000024 ], [ 121.240120055000148, 14.52307310100008 ], [ 121.240508079000051, 14.523672161999968 ], [ 121.241497619000029, 14.523202203000096 ], [ 121.249191759000041, 14.520837713000049 ], [ 121.249493436000193, 14.520555499000125 ], [ 121.250505511000028, 14.52032194300017 ], [ 121.251502990000063, 14.519650470000101 ], [ 121.252914056000122, 14.518258866000053 ], [ 121.253103821000082, 14.518010713000081 ], [ 121.253434691000052, 14.517280851000066 ], [ 121.253570932000116, 14.5171494760001 ], [ 121.254315392000194, 14.517008369000109 ], [ 121.25520095800016, 14.516658035000034 ], [ 121.255029920000197, 14.51653235200007 ], [ 121.255349998000042, 14.515983367 ], [ 121.25540902900002, 14.515329352000151 ], [ 121.255343868000068, 14.51445331900004 ], [ 121.257957309000176, 14.511252535999972 ], [ 121.258837841000059, 14.508480613000074 ], [ 121.260580363000145, 14.506346581000059 ], [ 121.260739724000132, 14.504787419000024 ], [ 121.260178842000073, 14.504742168000121 ], [ 121.259515863000161, 14.504567740000027 ], [ 121.258329476000199, 14.503901438000184 ], [ 121.257847806000086, 14.503466377000166 ], [ 121.257269099000041, 14.502629930000126 ], [ 121.257322485000032, 14.501197176000062 ], [ 121.257715131000054, 14.499530648000189 ], [ 121.257678978000172, 14.498759869000082 ], [ 121.257575624000083, 14.498491992000027 ], [ 121.257007162000036, 14.498369628000034 ], [ 121.256923571000129, 14.498271408999983 ], [ 121.256934004000186, 14.496263021000118 ], [ 121.256762959000298, 14.495886769000037 ], [ 121.256243757000107, 14.495135335000043 ], [ 121.256071239000107, 14.495072760000141 ], [ 121.256065832000104, 14.495390133000171 ], [ 121.256410347000042, 14.495418376000089 ], [ 121.256211702000087, 14.498876222000035 ], [ 121.256073049000065, 14.499562322000145 ], [ 121.255826555000112, 14.500129098000173 ], [ 121.255302756000219, 14.500695873000041 ], [ 121.254039475000013, 14.501695183000152 ], [ 121.253808387000049, 14.502097888000151 ], [ 121.253846902000191, 14.503037532000121 ], [ 121.254378404000136, 14.503835480000021 ], [ 121.254979233000199, 14.504350044000148 ], [ 121.255310459000043, 14.504804946000149 ], [ 121.255395191000275, 14.505222561000153 ], [ 121.255233430000089, 14.505595431000074 ], [ 121.254963827000097, 14.505766951000055 ], [ 121.254574507000029, 14.505871614000114 ], [ 121.254303153000023, 14.505857578000189 ], [ 121.252717133000033, 14.505394404000072 ], [ 121.252146353000057, 14.505366333000154 ], [ 121.251336968000146, 14.505651723000142 ], [ 121.250845723000111, 14.506011969999975 ], [ 121.250513548000072, 14.506447072000128 ], [ 121.250172016000079, 14.507644775000188 ], [ 121.250059731000079, 14.508496266 ], [ 121.250134588000151, 14.509955966000177 ], [ 121.249975518000156, 14.510423818000163 ], [ 121.24939538100034, 14.511017991000017 ], [ 121.248450319000312, 14.511752519000083 ], [ 121.24719647400002, 14.512262478000082 ], [ 121.247028047000072, 14.512636760000134 ], [ 121.246803478000061, 14.513572465000038 ], [ 121.246443232000047, 14.514021604000163 ], [ 121.246143806000191, 14.514091782000094 ], [ 121.245727417000126, 14.514016925000021 ], [ 121.24536249300013, 14.513703464000116 ], [ 121.244899319000183, 14.512954900000182 ], [ 121.244768320000048, 14.512884722000024 ], [ 121.244132041000057, 14.512936186000047 ], [ 121.24360804600019, 14.512851973000068 ], [ 121.243205693000164, 14.512608689000047 ], [ 121.242957731000047, 14.512239086000079 ], [ 121.242634913000188, 14.511972410000055 ], [ 121.242251274000182, 14.511869482000066 ], [ 121.242045419000078, 14.511925625000174 ], [ 121.241119071000185, 14.512552546999984 ], [ 121.238725348000116, 14.513352079000072 ], [ 121.238842738000017, 14.513715430000047 ], [ 121.238265914000067, 14.513863443000105 ], [ 121.238649642000041, 14.515169317000129 ], [ 121.237961736000102, 14.515237016000185 ], [ 121.237469784000155, 14.515119670000047 ], [ 121.23721703800004, 14.514930111000069 ], [ 121.237045532000025, 14.51502489 ], [ 121.237179209000146, 14.515232114000128 ], [ 121.237292622000041, 14.515715031000184 ], [ 121.236798729000157, 14.515868687000136 ], [ 121.236942724000073, 14.516637016000175 ], [ 121.23420266200003, 14.516677797999989 ], [ 121.234059559000116, 14.518251929000144 ], [ 121.234389129000078, 14.518902396000044 ], [ 121.233691596000199, 14.519345636000139 ], [ 121.233376951000309, 14.51944595700013 ], [ 121.232958312000051, 14.519947105000028 ], [ 121.232494950000046, 14.520849007000095 ], [ 121.232190868000316, 14.521680576000051 ], [ 121.231713543000183, 14.522350796000069 ], [ 121.231030912000051, 14.522949651000147 ], [ 121.230388617000017, 14.52293103300002 ], [ 121.229761837000183, 14.522747964000075 ], [ 121.22892095900022, 14.522685906999982 ], [ 121.228508277000174, 14.522698318000039 ], [ 121.228263150000089, 14.522865873000171 ], [ 121.228353134000031, 14.523470933000112 ], [ 121.228728581000155, 14.524404897000124 ], [ 121.228775124000322, 14.524696567000092 ], [ 121.229513608000161, 14.525782571999969 ], [ 121.229898364000178, 14.526151814000173 ], [ 121.229885952000018, 14.526306958000191 ], [ 121.229696677000106, 14.526542775999985 ], [ 121.229560151000214, 14.526918223000052 ], [ 121.229330538000113, 14.528314515000147 ], [ 121.229172292000158, 14.528631008000104 ], [ 121.229773732000012, 14.528692811000155 ] ] ] } },
{ "type": "Feature", "properties": { "psgc_code": "0405809008", "name": "San Pedro (Pob.)", "region": "Region IV-A (Calabarzon)", "province": "Rizal", "municipality": "Morong", "barangay": "San Pedro (Pob.)", "level": "barangay" }, "geometry": { "type": "Polygon", "coordinates": [ [ [ 121.233249793000141, 14.515350305000027 ], [ 121.234082570000169, 14.514985380000098 ], [ 121.235472092, 14.513661357000103 ], [ 121.23614112100006, 14.51327304 ], [ 121.236721258000216, 14.513193505000118 ], [ 121.237890889000028, 14.513577144000124 ], [ 121.238283885000101, 14.513558429999989 ], [ 121.241119071000185, 14.512552546999984 ], [ 121.242045419000078, 14.511925625000174 ], [ 121.242251274000182, 14.511869482000066 ], [ 121.242634913000188, 14.511972410000055 ], [ 121.242957731000047, 14.512239086000079 ], [ 121.243205693000164, 14.512608689000047 ], [ 121.24360804600019, 14.512851973000068 ], [ 121.244132041000057, 14.512936186000047 ], [ 121.244768320000048, 14.512884722000024 ], [ 121.244899319000183, 14.512954900000182 ], [ 121.24536249300013, 14.513703464000116 ], [ 121.245727417000126, 14.514016925000021 ], [ 121.246302876000186, 14.514082425000083 ], [ 121.246602302000042, 14.513885926000114 ], [ 121.246803478000061, 14.513572465000038 ], [ 121.247028047000072, 14.512636760000134 ], [ 121.24719647400002, 14.512262478000082 ], [ 121.248450319000312, 14.511752519000083 ], [ 121.24939538100034, 14.511017991000017 ], [ 121.249975518000156, 14.510423818000163 ], [ 121.250134588000151, 14.509955966000177 ], [ 121.250059731000079, 14.508496266 ], [ 121.250172016000079, 14.507644775000188 ], [ 121.250513548000072, 14.506447072000128 ], [ 121.250845723000111, 14.506011969999975 ], [ 121.251336968000146, 14.505651723000142 ], [ 121.252146353000057, 14.505366333000154 ], [ 121.252717133000033, 14.505394404000072 ], [ 121.254303153000023, 14.505857578000189 ], [ 121.254574507000029, 14.505871614000114 ], [ 121.254963827000097, 14.505766951000055 ], [ 121.255233430000089, 14.505595431000074 ], [ 121.255395191000275, 14.505222561000153 ], [ 121.255310459000043, 14.504804946000149 ], [ 121.254979233000199, 14.504350044000148 ], [ 121.254378404000136, 14.503835480000021 ], [ 121.253846902000191, 14.503037532000121 ], [ 121.253808387000049, 14.502097888000151 ], [ 121.254039475000013, 14.501695183000152 ], [ 121.255302756000219, 14.500695873000041 ], [ 121.255826555000112, 14.500129098000173 ], [ 121.256073049000065, 14.499562322000145 ], [ 121.256211702000087, 14.498876222000035 ], [ 121.256410347000042, 14.495418376000089 ], [ 121.256065832000104, 14.495390133000171 ], [ 121.256071239000107, 14.495072760000141 ], [ 121.255957915000295, 14.495043011000064 ], [ 121.255548497000177, 14.495446264000122 ], [ 121.255315534000033, 14.496918778000065 ], [ 121.254695168000012, 14.498039113000175 ], [ 121.254066022000188, 14.498933364000152 ], [ 121.253230371000086, 14.500611997000021 ], [ 121.252932151000095, 14.500989895000032 ], [ 121.252545030000078, 14.501274670999976 ], [ 121.252064660000315, 14.501348146000112 ], [ 121.251680680000163, 14.501232278000145 ], [ 121.251083535000021, 14.500061795000022 ], [ 121.250189303000184, 14.499125384000081 ], [ 121.249463785000103, 14.498190230000148 ], [ 121.249344545000099, 14.497932505000051 ], [ 121.24922920500012, 14.497849457000086 ], [ 121.248897105000196, 14.497841844000106 ], [ 121.248679620000189, 14.498009734000107 ], [ 121.24815682100018, 14.498786615000029 ], [ 121.247759235000331, 14.499061031000167 ], [ 121.246951920000015, 14.499142329000108 ], [ 121.246437659000094, 14.499503196000035 ], [ 121.246011307000117, 14.499412687000131 ], [ 121.245444323000129, 14.499773157000106 ], [ 121.245132461000026, 14.49987356000014 ], [ 121.244686291000107, 14.500328249 ], [ 121.244344632000207, 14.50086447800004 ], [ 121.244033607000119, 14.501081318000047 ], [ 121.243648322000126, 14.501206282000112 ], [ 121.24295936600015, 14.501803834000157 ], [ 121.242428301000132, 14.502585204000127 ], [ 121.242038424000157, 14.502582748000123 ], [ 121.241752332000033, 14.502442474000077 ], [ 121.24064726600011, 14.501585141000078 ], [ 121.240572251000231, 14.501263453000149 ], [ 121.240457118000222, 14.501111472000048 ], [ 121.239878073000341, 14.500779709000085 ], [ 121.239369725000074, 14.49968029300004 ], [ 121.239368734000209, 14.498987663000094 ], [ 121.239559146000147, 14.498433514 ], [ 121.238523197000177, 14.498728930000141 ], [ 121.238439042000209, 14.498625354000069 ], [ 121.233030876000043, 14.500679266000191 ], [ 121.227310827000224, 14.502366981000137 ], [ 121.227447838000103, 14.502596218000178 ], [ 121.228018651000184, 14.503048617000047 ], [ 121.22877971600019, 14.505062987000088 ], [ 121.226101007000125, 14.507448277000094 ], [ 121.226166506000141, 14.507546526000112 ], [ 121.226044865000063, 14.507962914000132 ], [ 121.226091650000171, 14.508374624999988 ], [ 121.22589983100022, 14.508851834000154 ], [ 121.225970008000218, 14.509188688000108 ], [ 121.226241363000213, 14.509441328000037 ], [ 121.226489325000102, 14.510269427000082 ], [ 121.226606288000085, 14.510437854000088 ], [ 121.226947820000078, 14.510690494000016 ], [ 121.227953703000139, 14.510919742000169 ], [ 121.229277725000088, 14.511972410000055 ], [ 121.229712828000061, 14.512641439000049 ], [ 121.229918683000164, 14.513577144000124 ], [ 121.230592391000187, 14.514386529000035 ], [ 121.23140645400008, 14.514976023000145 ], [ 121.23181816400006, 14.515135092999969 ], [ 121.233249793000141, 14.515350305000027 ] ] ] } },
{ "type": "Feature", "properties": { "psgc_code": "0405810001", "name": "Bagumbayan (Pob.)", "region": "Region IV-A (Calabarzon)", "province": "Rizal", "municipality": "Pililla", "barangay": "Bagumbayan (Pob.)", "level": "barangay" }, "geometry": { "type": "Polygon", "coordinates": [ [ [ 121.362258100000076, 14.486432838000042 ], [ 121.361753477000207, 14.47718141900009 ], [ 121.339383845000043, 14.473353129000088 ], [ 121.320090748000098, 14.46643956000014 ], [ 121.319952493000073, 14.466090596000015 ], [ 121.319519614000114, 14.466194615 ], [ 121.318565700000022, 14.46603268500013 ], [ 121.318432662000191, 14.466083438000169 ], [ 121.318085046000078, 14.466442891000156 ], [ 121.315686624000023, 14.467847625 ], [ 121.314137728000105, 14.469180864000123 ], [ 121.313737627000137, 14.469462374000102 ], [ 121.313445207000086, 14.469537836000143 ], [ 121.312492654000039, 14.46919492100011 ], [ 121.31217429000003, 14.469192637000106 ], [ 121.308950964000132, 14.467338821 ], [ 121.308243392, 14.467290166000168 ], [ 121.307810594000102, 14.467366928000104 ], [ 121.30697735800004, 14.468166937000149 ], [ 121.306775504000029, 14.468252620000044 ], [ 121.306237831000089, 14.468401236999966 ], [ 121.304507400000034, 14.46860661 ], [ 121.303507063000097, 14.468839022000054 ], [ 121.302960667000207, 14.469154577000154 ], [ 121.302621480000084, 14.469660419000093 ], [ 121.302149376000102, 14.470005553000021 ], [ 121.302080876000105, 14.470193852000079 ], [ 121.302101851000202, 14.470375535000073 ], [ 121.302293442000291, 14.470660108000118 ], [ 121.302591565000057, 14.470654998000043 ], [ 121.303346557000168, 14.470348210000054 ], [ 121.304000872000188, 14.470541723000167 ], [ 121.304608383000073, 14.471010824000189 ], [ 121.305664943000124, 14.472209288000045 ], [ 121.305658442000208, 14.473066073000155 ], [ 121.305812670000023, 14.473364897000181 ], [ 121.306000798000127, 14.47410690300012 ], [ 121.305946817000176, 14.474346138000101 ], [ 121.305660507000084, 14.474757968000063 ], [ 121.305761461000088, 14.475700726000071 ], [ 121.306052550000118, 14.475744132000102 ], [ 121.306075199000134, 14.475661728000034 ], [ 121.308656355000039, 14.476259593000066 ], [ 121.308808537000118, 14.476249217000088 ], [ 121.309469142000012, 14.475882599000101 ], [ 121.309977565000054, 14.475882599000101 ], [ 121.309531890000017, 14.478223688000128 ], [ 121.309824910000088, 14.478619157000026 ], [ 121.309595215000058, 14.479227440000045 ], [ 121.309350039000037, 14.479540535000069 ], [ 121.309032297000044, 14.479743595000173 ], [ 121.308825067000271, 14.480211298000086 ], [ 121.308573663000061, 14.480390268000122 ], [ 121.30834951400027, 14.48035657600019 ], [ 121.308140727000136, 14.480016811000041 ], [ 121.308005674000242, 14.479932344000076 ], [ 121.307841349000228, 14.480645964000132 ], [ 121.307627213000274, 14.480771455000138 ], [ 121.307317279000017, 14.480711438000071 ], [ 121.306891455000027, 14.481085480000104 ], [ 121.306898771000078, 14.481396405000169 ], [ 121.307271880000144, 14.482186518000049 ], [ 121.307535251000104, 14.48262547000013 ], [ 121.30812052000033, 14.482991263000144 ], [ 121.308119919000205, 14.483348572000125 ], [ 121.314242973000205, 14.486440851999987 ], [ 121.319335033000016, 14.488126691000161 ], [ 121.323675781000134, 14.489974635000067 ], [ 121.366715602000113, 14.498207372000138 ], [ 121.362258100000076, 14.486432838000042 ] ] ] } },
{ "type": "Feature", "properties": { "psgc_code": "0405810003", "name": "Halayhayin", "region": "Region IV-A (Calabarzon)", "province": "Rizal", "municipality": "Pililla", "barangay": "Halayhayin", "level": "barangay" }, "geometry": { "type": "Polygon", "coordinates": [ [ [ 121.361753477000207, 14.47718141900009 ], [ 121.37619811400009, 14.464224662 ], [ 121.376262749000034, 14.457144719000155 ], [ 121.375433001000147, 14.451434985000049 ], [ 121.371595938000155, 14.451691908999976 ], [ 121.36774626200031, 14.453398836000076 ], [ 121.362431902000026, 14.454193887000031 ], [ 121.348339684000052, 14.454958023000017 ], [ 121.347295727000073, 14.454528566000135 ], [ 121.346381055000279, 14.45340856700011 ], [ 121.345256934000076, 14.45335773000005 ], [ 121.344670785000176, 14.453116695000119 ], [ 121.343683381000233, 14.453495611 ], [ 121.343750037000063, 14.452884022000148 ], [ 121.343263567000122, 14.452767048000055 ], [ 121.343196282000122, 14.452576076000071 ], [ 121.340507746000071, 14.451667241000052 ], [ 121.33256661300004, 14.448628968000151 ], [ 121.33148370400022, 14.448091879 ], [ 121.330985915000156, 14.447633390000021 ], [ 121.330640956000138, 14.447445627000036 ], [ 121.329951038000218, 14.44736266200016 ], [ 121.329007859000058, 14.447467460000155 ], [ 121.326681810000082, 14.446447903000035 ], [ 121.326810418000036, 14.446244818000025 ], [ 121.326734732000205, 14.446177175000059 ], [ 121.326552561000312, 14.446433511000123 ], [ 121.325195095000254, 14.447476062000135 ], [ 121.325092735000112, 14.448037303000092 ], [ 121.325003921000075, 14.450237669000103 ], [ 121.32479446800005, 14.450916617000132 ], [ 121.324893975, 14.451274140000123 ], [ 121.325599099000101, 14.452631733000146 ], [ 121.325746279000214, 14.45344598700018 ], [ 121.327164793000179, 14.452783927000098 ], [ 121.328342648000216, 14.452418879000106 ], [ 121.329371074000051, 14.451538287000062 ], [ 121.329721301000177, 14.451391406000084 ], [ 121.329994149000186, 14.451343553000129 ], [ 121.330068553000046, 14.451642811 ], [ 121.329573758000265, 14.451763772000163 ], [ 121.328024989000141, 14.452765142000032 ], [ 121.326383722000287, 14.453608180000174 ], [ 121.32592279500011, 14.453754269000115 ], [ 121.326641477000067, 14.454439815000171 ], [ 121.326758886000107, 14.454681293000078 ], [ 121.326778594000075, 14.455461447000118 ], [ 121.326500466000198, 14.457351422000102 ], [ 121.325561129000221, 14.459975217000022 ], [ 121.325104705000058, 14.460857079000164 ], [ 121.324062883000011, 14.461806212999988 ], [ 121.323530740000137, 14.462009244 ], [ 121.322574898000084, 14.462105844 ], [ 121.322360915000104, 14.462336993000065 ], [ 121.322066178000114, 14.462722681000173 ], [ 121.321819840000103, 14.463729179000154 ], [ 121.321603523000135, 14.464270541000133 ], [ 121.320664875000034, 14.465608182000096 ], [ 121.319952493000073, 14.466090596000015 ], [ 121.320090748000098, 14.46643956000014 ], [ 121.339383845000043, 14.473353129000088 ], [ 121.361753477000207, 14.47718141900009 ] ] ] } },
{ "type": "Feature", "properties": { "psgc_code": "0405810004", "name": "Hulo (Pob.)", "region": "Region IV-A (Calabarzon)", "province": "Rizal", "municipality": "Pililla", "barangay": "Hulo (Pob.)", "level": "barangay" }, "geometry": { "type": "Polygon", "coordinates": [ [ [ 121.356104154000036, 14.515893338000126 ], [ 121.359104123000179, 14.512131486000044 ], [ 121.35985237500006, 14.50929196900006 ], [ 121.363375548000022, 14.507291974000054 ], [ 121.366472698000052, 14.505296777000069 ], [ 121.370510311000089, 14.504429723000101 ], [ 121.366715602000113, 14.498207372000138 ], [ 121.323675781000134, 14.489974635000067 ], [ 121.319335033000016, 14.488126691000161 ], [ 121.314242973000205, 14.486440851999987 ], [ 121.308119919000205, 14.483348572000125 ], [ 121.306564307000258, 14.483689329000185 ], [ 121.305247787000098, 14.483594089000121 ], [ 121.304470424000101, 14.483462813000074 ], [ 121.30277150500001, 14.482862170000033 ], [ 121.302451002000225, 14.483259556000064 ], [ 121.301326332000031, 14.484151828000165 ], [ 121.301004840000132, 14.484287467000115 ], [ 121.300176823000015, 14.484390400000166 ], [ 121.298813636000318, 14.484307923000188 ], [ 121.296316486000137, 14.483403962000068 ], [ 121.295698739000045, 14.483297826000182 ], [ 121.29504212400002, 14.483401982000089 ], [ 121.2938946700001, 14.483371872000077 ], [ 121.29310758400004, 14.483611361000101 ], [ 121.293492295000306, 14.48483939 ], [ 121.293301422000013, 14.485175577 ], [ 121.29335680600002, 14.485477133000131 ], [ 121.292683314000101, 14.486199080000063 ], [ 121.292250355000078, 14.487084044000085 ], [ 121.292106035000188, 14.487736121000125 ], [ 121.291769290000161, 14.488364907000118 ], [ 121.291889556000115, 14.488877250000144 ], [ 121.294370739000328, 14.492710844000101 ], [ 121.294840934000035, 14.493271779000054 ], [ 121.295445571000073, 14.494203851000066 ], [ 121.295955109000147, 14.495225511000058 ], [ 121.295993986000099, 14.49603732800017 ], [ 121.296057051000048, 14.496121197000093 ], [ 121.298252872000148, 14.496524329000067 ], [ 121.298770480000144, 14.496480004000034 ], [ 121.299249858000053, 14.496841702000097 ], [ 121.300717108000072, 14.496864990000063 ], [ 121.301270334000037, 14.496492390000185 ], [ 121.302905956000018, 14.495886915000085 ], [ 121.303964301000065, 14.494745822000084 ], [ 121.304397259000211, 14.493721162000043 ], [ 121.304661846000158, 14.493255405000127 ], [ 121.304854272000057, 14.493092391000118 ], [ 121.306114135000144, 14.493639155999972 ], [ 121.30627327600007, 14.49383725500013 ], [ 121.306023196000183, 14.494585628000152 ], [ 121.306750702000159, 14.495356009000034 ], [ 121.307159924000075, 14.495488074000036 ], [ 121.307296331000089, 14.495245955000144 ], [ 121.307341800000017, 14.494563616999983 ], [ 121.307500942000047, 14.494453562000047 ], [ 121.30781922500023, 14.494497584000158 ], [ 121.30834212000002, 14.494959813000094 ], [ 121.308842280000022, 14.495047857000088 ], [ 121.30906962500012, 14.495289977000084 ], [ 121.309478847000037, 14.494849759000033 ], [ 121.309956273000125, 14.494761715000038 ], [ 121.310501902000055, 14.494981824000035 ], [ 121.310706513000014, 14.496214431000169 ], [ 121.310956593000242, 14.496786709999981 ], [ 121.311661364000202, 14.496676657000023 ], [ 121.31225246200006, 14.49680872100015 ], [ 121.31241160400009, 14.497138881000069 ], [ 121.31241160400009, 14.497865233000141 ], [ 121.312570745000016, 14.498459518 ], [ 121.313480127000162, 14.498899729000129 ], [ 121.314228310000317, 14.499496545000113 ], [ 121.31477808000011, 14.499598531000061 ], [ 121.316662964000102, 14.499714116000121 ], [ 121.316799371000116, 14.500264376000132 ], [ 121.317276796000101, 14.500352418000148 ], [ 121.317731487000174, 14.500616542000159 ], [ 121.318027036000217, 14.500660562000064 ], [ 121.318254382000191, 14.501651025000058 ], [ 121.317640549000089, 14.502025199000116 ], [ 121.317390469000202, 14.501981178000108 ], [ 121.317185858000244, 14.502289321000092 ], [ 121.317072185000029, 14.502289321000092 ], [ 121.316799371000116, 14.502553443000124 ], [ 121.316867574000071, 14.502817564 ], [ 121.317140389000087, 14.503015655000127 ], [ 121.317867894000187, 14.505062585000076 ], [ 121.318231647000175, 14.505348713000103 ], [ 121.319777596000108, 14.50708748600016 ], [ 121.32011861400008, 14.50708748600016 ], [ 121.320323225000038, 14.507197534000056 ], [ 121.320414164000226, 14.507901843000127 ], [ 121.320868854000196, 14.508408063000104 ], [ 121.322687618000032, 14.50867217800004 ], [ 121.32305137100002, 14.508474092000142 ], [ 121.323028636000117, 14.507637727000144 ], [ 121.322869494000088, 14.507197534000056 ], [ 121.322983167000075, 14.506911408000178 ], [ 121.323233247000076, 14.506889398000112 ], [ 121.324028956, 14.507109495000122 ], [ 121.324506382000209, 14.506999447000055 ], [ 121.324665524000011, 14.506867388999979 ], [ 121.325415764000127, 14.507153515000027 ], [ 121.32555217100014, 14.506889398000112 ], [ 121.325347560000182, 14.506119057000092 ], [ 121.326484287000198, 14.50576690000014 ], [ 121.326620694000212, 14.505524792000188 ], [ 121.326552491000143, 14.504776456000116 ], [ 121.326757102000101, 14.504622386000108 ], [ 121.327257262000103, 14.504710426000145 ], [ 121.327780156000017, 14.505084595000085 ], [ 121.327825625000173, 14.504600376999974 ], [ 121.327757422000104, 14.503279776000056 ], [ 121.327916563000031, 14.503059675000088 ], [ 121.328484927000318, 14.502751534000083 ], [ 121.328848680000306, 14.502355351000062 ], [ 121.328962353000065, 14.501122779000013 ], [ 121.329394309000122, 14.500704583000072 ], [ 121.330121814000108, 14.50030839700014 ], [ 121.330849320000084, 14.500462469000126 ], [ 121.331417683000154, 14.500088293000033 ], [ 121.332304331000159, 14.500088293000033 ], [ 121.332486207000102, 14.500374428000043 ], [ 121.333350120000091, 14.500550511000085 ], [ 121.334600520000208, 14.50176107599998 ], [ 121.335282556000152, 14.502861585 ], [ 121.335328025000081, 14.503499877000081 ], [ 121.335077945000307, 14.503741987000012 ], [ 121.335328025000081, 14.504116157000055 ], [ 121.335669043000053, 14.50407213699998 ], [ 121.335964593000313, 14.503653947000032 ], [ 121.336692098000071, 14.502971635000051 ], [ 121.337396869000031, 14.502861585 ], [ 121.337533276000158, 14.502993645000117 ], [ 121.33801070200002, 14.502971635000051 ], [ 121.338238047000118, 14.501849117000063 ], [ 121.33841992300006, 14.501695046000066 ], [ 121.339147429000036, 14.501739066000141 ], [ 121.34010228000011, 14.502025199000116 ], [ 121.340488767000011, 14.502597463000029 ], [ 121.339352040000222, 14.503279776000056 ], [ 121.338829145000204, 14.503984097000171 ], [ 121.338715472000104, 14.504490327000156 ], [ 121.338874614000133, 14.504710426000145 ], [ 121.339420243000063, 14.504886506000162 ], [ 121.340170483000179, 14.504864496000096 ], [ 121.340466032000222, 14.505260674 ], [ 121.340488767000011, 14.506031018000158 ], [ 121.339874934000136, 14.506559252000159 ], [ 121.339920403000065, 14.507175524000161 ], [ 121.340079545000094, 14.507483660000105 ], [ 121.34067064300018, 14.507637727000144 ], [ 121.340920723000067, 14.508011891000024 ], [ 121.341170803000182, 14.508716197000183 ], [ 121.342125654000029, 14.509156387000189 ], [ 121.342648549000046, 14.509002321000082 ], [ 121.342966832000116, 14.509156387000189 ], [ 121.343057771000076, 14.509398491000184 ], [ 121.342853160000118, 14.509904708000022 ], [ 121.342330265000101, 14.509838680000087 ], [ 121.341943778000086, 14.510014755000157 ], [ 121.341898309000157, 14.510234849000085 ], [ 121.342375734000257, 14.512611849000109 ], [ 121.34385348, 14.512831941 ], [ 121.344285436000177, 14.513162077000175 ], [ 121.344330905000106, 14.51349221300012 ], [ 121.345081145000222, 14.513624268000115 ], [ 121.345035676000066, 14.514196502000061 ], [ 121.345808651000198, 14.514350565000086 ], [ 121.345899589000055, 14.514878780000174 ], [ 121.346240607000027, 14.515164895000169 ], [ 121.34653615600007, 14.515671099000087 ], [ 121.346899909000058, 14.515803152000103 ], [ 121.347286396000186, 14.515737126000147 ], [ 121.347695618000103, 14.515539046000129 ], [ 121.348173043000088, 14.515539046000129 ], [ 121.349059691000093, 14.515913196000156 ], [ 121.34935524000025, 14.515891187000022 ], [ 121.350128214000051, 14.515539046000129 ], [ 121.351287676000084, 14.515715117000184 ], [ 121.351515021000182, 14.515957214000082 ], [ 121.351833305000014, 14.515979223000045 ], [ 121.352447138000116, 14.515803152000103 ], [ 121.352742687000159, 14.516155293 ], [ 121.352742687000159, 14.516573460000075 ], [ 121.353265581000073, 14.51692559900016 ], [ 121.353515661000188, 14.51692559900016 ], [ 121.356104154000036, 14.515893338000126 ] ] ] } },
{ "type": "Feature", "properties": { "psgc_code": "0405810005", "name": "Imatong (Pob.)", "region": "Region IV-A (Calabarzon)", "province": "Rizal", "municipality": "Pililla", "barangay": "Imatong (Pob.)", "level": "barangay" }, "geometry": { "type": "Polygon", "coordinates": [ [ [ 121.306455, 14.48367990800017 ], [ 121.308119919000205, 14.483348572000125 ], [ 121.308138810000059, 14.483207081000046 ], [ 121.30812052000033, 14.482991263000144 ], [ 121.307535251000104, 14.48262547000013 ], [ 121.307103615000301, 14.481871936000175 ], [ 121.30687316500007, 14.48124642900018 ], [ 121.306975270000066, 14.480771502000039 ], [ 121.306502746000092, 14.480743526000026 ], [ 121.306455, 14.48367990800017 ] ] ] } },
{ "type": "Feature", "properties": { "psgc_code": "0405810006", "name": "Malaya", "region": "Region IV-A (Calabarzon)", "province": "Rizal", "municipality": "Pililla", "barangay": "Malaya", "level": "barangay" }, "geometry": { "type": "Polygon", "coordinates": [ [ [ 121.336167033000038, 14.403751665000186 ], [ 121.340080513000203, 14.402604755000141 ], [ 121.346443977000035, 14.400893622000069 ], [ 121.366798209000081, 14.398949062999975 ], [ 121.366798209000081, 14.391378643000166 ], [ 121.369198316000052, 14.375142206000078 ], [ 121.349188288000164, 14.379762164999988 ], [ 121.335164446000135, 14.382797354000047 ], [ 121.332711789000086, 14.383751965000044 ], [ 121.33303671800013, 14.384622 ], [ 121.333192161000056, 14.385630970000022 ], [ 121.33318226900019, 14.386119567000037 ], [ 121.333060462000276, 14.387334266999972 ], [ 121.332793487000117, 14.388688434000017 ], [ 121.331779695000137, 14.390190040000107 ], [ 121.331505166000056, 14.390872236000064 ], [ 121.331509890000234, 14.391079952000041 ], [ 121.332051016000037, 14.391627411000115 ], [ 121.332087571000329, 14.39176816000014 ], [ 121.332039170000144, 14.393925755000055 ], [ 121.331817410000099, 14.393953282000098 ], [ 121.331809462000024, 14.394376333000025 ], [ 121.332091163000086, 14.394392112000162 ], [ 121.333983492000129, 14.39408617700019 ], [ 121.333944631, 14.394471884000041 ], [ 121.330699370000161, 14.395194631000038 ], [ 121.330736215000115, 14.396291425000186 ], [ 121.330849553, 14.396783473000028 ], [ 121.331063842000276, 14.397013065000067 ], [ 121.331306172000041, 14.397102500000074 ], [ 121.331882585000244, 14.397045164000133 ], [ 121.332361242000161, 14.396820463000097 ], [ 121.333362446000024, 14.396520495000118 ], [ 121.334793856000033, 14.39646040700012 ], [ 121.33482777100005, 14.396741359000146 ], [ 121.333341061000169, 14.396976503000019 ], [ 121.333219511000038, 14.397589706000076 ], [ 121.333244556000068, 14.397853051000084 ], [ 121.334021772000028, 14.398630493000098 ], [ 121.334413645000041, 14.399185910000142 ], [ 121.334595279000041, 14.400178459000131 ], [ 121.334914445000095, 14.400829858000122 ], [ 121.335546969, 14.401702771000089 ], [ 121.33561168000017, 14.402685723000104 ], [ 121.335814246000041, 14.403283666999982 ], [ 121.336167033000038, 14.403751665000186 ] ] ] } },
{ "type": "Feature", "properties": { "psgc_code": "0405810007", "name": "Niogan", "region": "Region IV-A (Calabarzon)", "province": "Rizal", "municipality": "Pililla", "barangay": "Niogan", "level": "barangay" }, "geometry": { "type": "Polygon", "coordinates": [ [ [ 121.339376391000201, 14.414233560000127 ], [ 121.340311734000011, 14.413505019000183 ], [ 121.340576560000045, 14.413503655000056 ], [ 121.340880828000081, 14.413705573000072 ], [ 121.340993520000097, 14.41336449500011 ], [ 121.341655585000126, 14.413184406000028 ], [ 121.34188942000003, 14.413432711000041 ], [ 121.342002112000046, 14.413361767000026 ], [ 121.342038737000053, 14.413053432000027 ], [ 121.342281025000148, 14.412966116000064 ], [ 121.342343005000089, 14.413238979000027 ], [ 121.342951541000048, 14.41322260700008 ], [ 121.344375989000127, 14.412898701000074 ], [ 121.345769785000016, 14.411844132000169 ], [ 121.346619738000072, 14.411477841000135 ], [ 121.34917711200012, 14.410688516000107 ], [ 121.351773266000123, 14.408403715000134 ], [ 121.352395449000028, 14.408344625000041 ], [ 121.352628334000201, 14.408240349000152 ], [ 121.352565768000204, 14.407791959000178 ], [ 121.352033957000117, 14.407305335000046 ], [ 121.35202005400015, 14.407124589000034 ], [ 121.352805604000082, 14.407239293000089 ], [ 121.353688480000187, 14.407652924000104 ], [ 121.354213338000022, 14.407520840000188 ], [ 121.366633634000095, 14.407342356000186 ], [ 121.366798209000081, 14.398949062999975 ], [ 121.346443977000035, 14.400893622000069 ], [ 121.340080513000203, 14.402604755000141 ], [ 121.336145931000033, 14.403758709000044 ], [ 121.336831098000175, 14.404518950000181 ], [ 121.337204924000048, 14.405083008000133 ], [ 121.337536477000185, 14.407708259000174 ], [ 121.337836101000107, 14.40857005200013 ], [ 121.337982989000011, 14.409395682000081 ], [ 121.338695539000014, 14.411620088000063 ], [ 121.338870959000133, 14.413454732 ], [ 121.338829867000072, 14.414216061000047 ], [ 121.339376391000201, 14.414233560000127 ] ] ] } },
{ "type": "Feature", "properties": { "psgc_code": "0405810008", "name": "Quisao", "region": "Region IV-A (Calabarzon)", "province": "Rizal", "municipality": "Pililla", "barangay": "Quisao", "level": "barangay" }, "geometry": { "type": "MultiPolygon", "coordinates": [ [ [ [ 121.362431902000026, 14.454193887000031 ], [ 121.363342147000026, 14.431370212000161 ], [ 121.364658742000074, 14.424128940000173 ], [ 121.366633634000095, 14.407342356000186 ], [ 121.354213338000022, 14.407520840000188 ], [ 121.353688480000187, 14.407652924000104 ], [ 121.352805604000082, 14.407239293000089 ], [ 121.35202005400015, 14.407124589000034 ], [ 121.352033957000117, 14.407305335000046 ], [ 121.352565768000204, 14.407791959000178 ], [ 121.352628334000201, 14.408240349000152 ], [ 121.352395449000028, 14.408344625000041 ], [ 121.351773266000123, 14.408403715000134 ], [ 121.34917711200012, 14.410688516000107 ], [ 121.346619738000072, 14.411477841000135 ], [ 121.345769785000016, 14.411844132000169 ], [ 121.344375989000127, 14.412898701000074 ], [ 121.342951541000048, 14.41322260700008 ], [ 121.342343005000089, 14.413238979000027 ], [ 121.342281025000148, 14.412966116000064 ], [ 121.342038737000053, 14.413053432000027 ], [ 121.342002112000046, 14.413361767000026 ], [ 121.34188942000003, 14.413432711000041 ], [ 121.341655585000126, 14.413184406000028 ], [ 121.340993520000097, 14.41336449500011 ], [ 121.340880828000081, 14.413705573000072 ], [ 121.340576560000045, 14.413503655000056 ], [ 121.340311734000011, 14.413505019000183 ], [ 121.339376391000201, 14.414233560000127 ], [ 121.338829867000072, 14.414216061000047 ], [ 121.338803023000196, 14.414059768000129 ], [ 121.338825277000069, 14.414761483000063 ], [ 121.339105742000243, 14.415781042000106 ], [ 121.33914710400029, 14.41627258200009 ], [ 121.33917394200023, 14.417509664000136 ], [ 121.339105352000047, 14.418263599000056 ], [ 121.338074177000067, 14.421379275000106 ], [ 121.337989857000025, 14.421826067000154 ], [ 121.338024645000019, 14.423203561000093 ], [ 121.337288619000105, 14.426566932000071 ], [ 121.33623956200006, 14.429656148000106 ], [ 121.336084662000076, 14.429909452000061 ], [ 121.335623738000095, 14.430160595000189 ], [ 121.33410223400017, 14.430202485000052 ], [ 121.333633351000117, 14.430313212999977 ], [ 121.332881726000096, 14.430921958 ], [ 121.332096838000098, 14.431162031000042 ], [ 121.33173471900011, 14.431440182000074 ], [ 121.331449816000031, 14.432227669000156 ], [ 121.331419089000065, 14.432727471000078 ], [ 121.330674096000052, 14.433652055000039 ], [ 121.330663265000112, 14.433897602 ], [ 121.330911756000091, 14.434373062000077 ], [ 121.330971884000178, 14.434759468000095 ], [ 121.330316761000063, 14.435702232000097 ], [ 121.330205414000147, 14.436148827000011 ], [ 121.32986076300017, 14.436497275000079 ], [ 121.329338252000184, 14.436554978000174 ], [ 121.328795580000019, 14.436902022000083 ], [ 121.328426085000046, 14.436960808000151 ], [ 121.328100873000039, 14.437116401000139 ], [ 121.327991355000336, 14.437317386000188 ], [ 121.328024738000181, 14.437668512000073 ], [ 121.32771549500012, 14.438096158000121 ], [ 121.327750647000016, 14.438210447000074 ], [ 121.32809137300012, 14.438388308000128 ], [ 121.328439529000093, 14.438776757000028 ], [ 121.328556411000022, 14.438795130000074 ], [ 121.328800223000144, 14.438691592 ], [ 121.329171948000067, 14.438334565000048 ], [ 121.329468783000038, 14.438362986000186 ], [ 121.330076988000201, 14.438884859000098 ], [ 121.330379423000068, 14.439369474000159 ], [ 121.330437327000027, 14.440054120000127 ], [ 121.330135960000234, 14.441413161000014 ], [ 121.329734614000245, 14.442582084000037 ], [ 121.329339424000068, 14.442926031000184 ], [ 121.328627207000068, 14.443004678000023 ], [ 121.328331594000019, 14.443158020000055 ], [ 121.327515596000012, 14.443989205000037 ], [ 121.327353777000212, 14.444298933000084 ], [ 121.327099013000065, 14.445552589000044 ], [ 121.326734732000205, 14.446177175000059 ], [ 121.326810418000036, 14.446244818000025 ], [ 121.326681810000082, 14.446447903000035 ], [ 121.329007859000058, 14.447467460000155 ], [ 121.329951038000218, 14.44736266200016 ], [ 121.330640956000138, 14.447445627000036 ], [ 121.330985915000156, 14.447633390000021 ], [ 121.33148370400022, 14.448091879 ], [ 121.33256661300004, 14.448628968000151 ], [ 121.340507746000071, 14.451667241000052 ], [ 121.343196282000122, 14.452576076000071 ], [ 121.343263567000122, 14.452767048000055 ], [ 121.343750037000063, 14.452884022000148 ], [ 121.343683381000233, 14.453495611 ], [ 121.344670785000176, 14.453116695000119 ], [ 121.345256934000076, 14.45335773000005 ], [ 121.346381055000279, 14.45340856700011 ], [ 121.347295727000073, 14.454528566000135 ], [ 121.348339684000052, 14.454958023000017 ], [ 121.362431902000026, 14.454193887000031 ] ] ], [ [ [ 121.323340415000075, 14.441540971000109 ], [ 121.323079196000094, 14.441682061999984 ], [ 121.322873568000091, 14.442160694000165 ], [ 121.322855627000308, 14.442708090000167 ], [ 121.323038850000103, 14.443003384000065 ], [ 121.323191368000153, 14.442964012 ], [ 121.323507474000166, 14.442515835000165 ], [ 121.32355658400013, 14.441871562000017 ], [ 121.323340415000075, 14.441540971000109 ] ] ] ] } },
{ "type": "Feature", "properties": { "psgc_code": "0405810009", "name": "Wawa (Pob.)", "region": "Region IV-A (Calabarzon)", "province": "Rizal", "municipality": "Pililla", "barangay": "Wawa (Pob.)", "level": "barangay" }, "geometry": { "type": "Polygon", "coordinates": [ [ [ 121.306891455000027, 14.481085480000104 ], [ 121.307317279000017, 14.480711438000071 ], [ 121.307627213000274, 14.480771455000138 ], [ 121.307841349000228, 14.480645964000132 ], [ 121.308005674000242, 14.479932344000076 ], [ 121.308140727000136, 14.480016811000041 ], [ 121.30834951400027, 14.48035657600019 ], [ 121.308573663000061, 14.480390268000122 ], [ 121.308825067000271, 14.480211298000086 ], [ 121.309032297000044, 14.479743595000173 ], [ 121.309350039000037, 14.479540535000069 ], [ 121.309595215000058, 14.479227440000045 ], [ 121.309824910000088, 14.478619157000026 ], [ 121.309531890000017, 14.478223688000128 ], [ 121.309977565000054, 14.475882599000101 ], [ 121.309469142000012, 14.475882599000101 ], [ 121.308808537000118, 14.476249217000088 ], [ 121.308656355000039, 14.476259593000066 ], [ 121.306075199000134, 14.475661728000034 ], [ 121.306052550000118, 14.475744132000102 ], [ 121.305761461000088, 14.475700726000071 ], [ 121.305700712000089, 14.476333957000179 ], [ 121.305479923000121, 14.476949575000106 ], [ 121.305080009000221, 14.477600208000013 ], [ 121.303782659000149, 14.478665521000153 ], [ 121.303474204000167, 14.479048143 ], [ 121.30345681700021, 14.479374775000053 ], [ 121.304007605000152, 14.480446157000074 ], [ 121.304002121000053, 14.48066294400013 ], [ 121.306975270000066, 14.480771502000039 ], [ 121.306891455000027, 14.481085480000104 ] ] ] } },
{ "type": "Feature", "properties": { "psgc_code": "0405810010", "name": "Takungan (Pob.)", "region": "Region IV-A (Calabarzon)", "province": "Rizal", "municipality": "Pililla", "barangay": "Takungan (Pob.)", "level": "barangay" }, "geometry": { "type": "Polygon", "coordinates": [ [ [ 121.306455, 14.48367990800017 ], [ 121.306502746000092, 14.480743526000026 ], [ 121.304002121000053, 14.48066294400013 ], [ 121.303890582000122, 14.481135134000112 ], [ 121.303588305000062, 14.481684810000104 ], [ 121.30277150500001, 14.482862170000033 ], [ 121.304470424000101, 14.483462813000074 ], [ 121.306455, 14.48367990800017 ] ] ] } },
{ "type": "Feature", "properties": { "psgc_code": "0405811001", "name": "Ampid I", "region": "Region IV-A (Calabarzon)", "province": "Rizal", "municipality": "San Mateo", "barangay": "Ampid I", "level": "barangay" }, "geometry": { "type": "Polygon", "coordinates": [ [ [ 121.121025140000029, 14.686696551000182 ], [ 121.121526244000165, 14.686449873000186 ], [ 121.121820707000097, 14.686039175000133 ], [ 121.122051887000225, 14.685860947000151 ], [ 121.122693765, 14.685612978000165 ], [ 121.122763506000183, 14.685416669000176 ], [ 121.1223140620001, 14.685248774 ], [ 121.122267568000211, 14.684993056 ], [ 121.122449670000151, 14.684880695000061 ], [ 121.122835830000099, 14.684817411000154 ], [ 121.122972730000129, 14.68424656600007 ], [ 121.123674017000099, 14.68392239800005 ], [ 121.123816083000179, 14.68340837900007 ], [ 121.12429910600008, 14.683422585000187 ], [ 121.124570322000068, 14.683137163000026 ], [ 121.125046887000053, 14.682965393000188 ], [ 121.125535076, 14.68291114900012 ], [ 121.125726219000057, 14.683049341000014 ], [ 121.126167913000018, 14.683142329000077 ], [ 121.127211450000118, 14.682946020000088 ], [ 121.126702689000012, 14.681989823000094 ], [ 121.125635553000052, 14.681237129000181 ], [ 121.125526713000113, 14.680586381000182 ], [ 121.125957773000096, 14.680014758000027 ], [ 121.12585492900007, 14.679654538000079 ], [ 121.124614281000277, 14.679666354000176 ], [ 121.124685938000084, 14.678841528000135 ], [ 121.124842028000216, 14.678789498000071 ], [ 121.12488062400007, 14.678409787000191 ], [ 121.124230834000059, 14.677349445000061 ], [ 121.125047471000016, 14.676187158000062 ], [ 121.124918390000175, 14.675527677000105 ], [ 121.125551769000026, 14.675346981000075 ], [ 121.125645001000294, 14.674829113000044 ], [ 121.125596485000187, 14.674112132000175 ], [ 121.125375471000211, 14.674121638000031 ], [ 121.125225752, 14.673988555000165 ], [ 121.124774220000063, 14.674247591999972 ], [ 121.124660148000089, 14.674097873000107 ], [ 121.123923437000144, 14.674292745000059 ], [ 121.123906802000079, 14.674418699 ], [ 121.12403275600002, 14.674634960000049 ], [ 121.124004238000339, 14.674834585000156 ], [ 121.123913931000061, 14.674855973000149 ], [ 121.123643012000116, 14.67467060700011 ], [ 121.123557458000164, 14.674841714000138 ], [ 121.123345951000147, 14.674986680000018 ], [ 121.123540823000098, 14.675495248 ], [ 121.123445763000063, 14.675637838000114 ], [ 121.121841634000134, 14.676308007000046 ], [ 121.121577844000171, 14.676471985000092 ], [ 121.121306924000123, 14.67686648200015 ], [ 121.121090664, 14.676990059000161 ], [ 121.120622496000124, 14.677047095000091 ], [ 121.120304046000115, 14.67686410500005 ], [ 121.120064021000189, 14.676885494000089 ], [ 121.119693289000111, 14.677294249999989 ], [ 121.119728936000115, 14.677574675000017 ], [ 121.119469899000023, 14.677722017000121 ], [ 121.119372463000218, 14.678111761000082 ], [ 121.119208485000286, 14.678240092000124 ], [ 121.118947072000083, 14.678263857000047 ], [ 121.118759329000113, 14.67841357500015 ], [ 121.118395726000131, 14.678468235000082 ], [ 121.118386220000048, 14.678202068000132 ], [ 121.11817471300003, 14.6781592910001 ], [ 121.118065395000031, 14.677921642000058 ], [ 121.11775169800012, 14.677909760000148 ], [ 121.11770892100003, 14.677676864000034 ], [ 121.117514049000079, 14.677493875000096 ], [ 121.117340566000053, 14.677481992000082 ], [ 121.117117176000193, 14.677617452000106 ], [ 121.11640185300007, 14.67722057900005 ], [ 121.11595745000011, 14.677365544000054 ], [ 121.115793472000064, 14.677137401000095 ], [ 121.115577212000176, 14.677118390000032 ], [ 121.115444128000149, 14.677232461000131 ], [ 121.11528015100032, 14.677156413000034 ], [ 121.115014261000169, 14.67783423100019 ], [ 121.114465468000162, 14.678459371000031 ], [ 121.113620609, 14.678985000000125 ], [ 121.113227076000044, 14.678924456000061 ], [ 121.112828222000076, 14.679207501000121 ], [ 121.114014509000071, 14.680574828000033 ], [ 121.113583733000155, 14.680760470000109 ], [ 121.113545589000182, 14.680629690000103 ], [ 121.113431156000047, 14.680596994999974 ], [ 121.112564737000184, 14.680716877000123 ], [ 121.112657373000047, 14.680945742000176 ], [ 121.112166948000095, 14.680978437000078 ], [ 121.111523725000211, 14.681197866000048 ], [ 121.111453758000039, 14.680947838000122 ], [ 121.110542557000031, 14.681152381000118 ], [ 121.111192161000304, 14.682829053000091 ], [ 121.111861843000156, 14.683871555000053 ], [ 121.112134894000064, 14.684617895000144 ], [ 121.112319647000163, 14.684572586000058 ], [ 121.112548430000174, 14.684659366000119 ], [ 121.11405787800004, 14.685516647999975 ], [ 121.114289291000091, 14.685727024000187 ], [ 121.114460222000048, 14.685671800000023 ], [ 121.115151832000151, 14.685109045000104 ], [ 121.115498953000156, 14.684956522 ], [ 121.115972298000088, 14.684814518000167 ], [ 121.11653242400007, 14.684959152000033 ], [ 121.116884804000165, 14.684798740000076 ], [ 121.117405484000074, 14.68496967100009 ], [ 121.117905127000085, 14.685253678000095 ], [ 121.118410029000302, 14.685301013000185 ], [ 121.118728223000176, 14.685650763000183 ], [ 121.118883375000223, 14.685700727000039 ], [ 121.119101640000054, 14.685582391000025 ], [ 121.119472428000222, 14.684672515000045 ], [ 121.119722249, 14.684622550000086 ], [ 121.120266597000068, 14.684867112000063 ], [ 121.120745202000194, 14.685248419000061 ], [ 121.121013432000154, 14.685619206000126 ], [ 121.121058136000102, 14.685808545000043 ], [ 121.12082935300009, 14.686465969000096 ], [ 121.120858279000231, 14.686686864000023 ], [ 121.121025140000029, 14.686696551000182 ] ] ] } },
{ "type": "Feature", "properties": { "psgc_code": "0405811002", "name": "Dulong Bayan 1", "region": "Region IV-A (Calabarzon)", "province": "Rizal", "municipality": "San Mateo", "barangay": "Dulong Bayan 1", "level": "barangay" }, "geometry": { "type": "Polygon", "coordinates": [ [ [ 121.11977186300021, 14.711820449000072 ], [ 121.121552018000102, 14.710533670000075 ], [ 121.121607179000193, 14.709491034000166 ], [ 121.121358369000177, 14.70918002000019 ], [ 121.120848307000074, 14.708010610000031 ], [ 121.120238720000202, 14.707027807000031 ], [ 121.120076993000225, 14.7065426260001 ], [ 121.125008683000033, 14.704404792000162 ], [ 121.125670001000231, 14.704037393000021 ], [ 121.125956573000167, 14.703625906000184 ], [ 121.126143364000086, 14.702330161000191 ], [ 121.125994718000015, 14.702068750000137 ], [ 121.125891107000029, 14.702116779000107 ], [ 121.125474754000152, 14.701693985000134 ], [ 121.125332721000063, 14.701442298000131 ], [ 121.125395018000177, 14.701414420000162 ], [ 121.125248532000114, 14.701134976000105 ], [ 121.125330917000042, 14.701092625000115 ], [ 121.125222234000034, 14.700898577000032 ], [ 121.124761386000273, 14.701053338000122 ], [ 121.123785709000117, 14.699262538000085 ], [ 121.123111835000145, 14.699781259000133 ], [ 121.122890544000029, 14.699428448000162 ], [ 121.12227886200003, 14.698824474000105 ], [ 121.12021383900003, 14.699414198000056 ], [ 121.12021383900003, 14.700036225000076 ], [ 121.120375566000121, 14.70072045500001 ], [ 121.120437769000205, 14.701429566000172 ], [ 121.120251161000056, 14.701790341000105 ], [ 121.119629134000206, 14.702188438000064 ], [ 121.119367883000109, 14.702673619000166 ], [ 121.118139140000039, 14.703424914000038 ], [ 121.117699175000098, 14.70409359100006 ], [ 121.116963748000103, 14.704816305000179 ], [ 121.116405837000229, 14.705626875000064 ], [ 121.116458948000059, 14.70668138800005 ], [ 121.115992428000027, 14.709234545000186 ], [ 121.117912549000039, 14.71218583000018 ], [ 121.11977186300021, 14.711820449000072 ] ] ] } },
{ "type": "Feature", "properties": { "psgc_code": "0405811003", "name": "Dulong Bayan 2", "region": "Region IV-A (Calabarzon)", "province": "Rizal", "municipality": "San Mateo", "barangay": "Dulong Bayan 2", "level": "barangay" }, "geometry": { "type": "Polygon", "coordinates": [ [ [ 121.125994718000015, 14.702068750000137 ], [ 121.125940609000054, 14.701973592000058 ], [ 121.126908525000204, 14.701445617000161 ], [ 121.130719651000049, 14.699774876000049 ], [ 121.133706881000307, 14.698920562000069 ], [ 121.142722457000218, 14.694544528000165 ], [ 121.148285220000162, 14.691969458000074 ], [ 121.159855743000094, 14.686115703000098 ], [ 121.160082136000142, 14.685816864000117 ], [ 121.160299474000112, 14.685282576000134 ], [ 121.160543978000078, 14.684992793000049 ], [ 121.160571146000052, 14.684838846000048 ], [ 121.160308530000179, 14.684567174000108 ], [ 121.159638406000113, 14.684159666000141 ], [ 121.159357678000219, 14.683625377999988 ], [ 121.159348623000028, 14.68311825800015 ], [ 121.159919133000017, 14.6826564160001 ], [ 121.160643591000053, 14.682312298000056 ], [ 121.161023932000035, 14.681850456000063 ], [ 121.161368050000078, 14.681153165000183 ], [ 121.161594443000126, 14.681098831000099 ], [ 121.161902337000015, 14.680745657000045 ], [ 121.162092508000342, 14.680401540000048 ], [ 121.162110619000146, 14.680129868000165 ], [ 121.161983839000186, 14.67994875300019 ], [ 121.161657833000163, 14.679731416000038 ], [ 121.161521997000136, 14.679468800000166 ], [ 121.161557654000148, 14.679212215000177 ], [ 121.160673189000022, 14.679222786000082 ], [ 121.160401859000217, 14.679423641000085 ], [ 121.160053007000101, 14.679853540000011 ], [ 121.159813391000171, 14.679828874000123 ], [ 121.145631311000216, 14.687255033000042 ], [ 121.145471329000088, 14.687142613000162 ], [ 121.145259460000034, 14.687133965000157 ], [ 121.145073534000176, 14.687177204000079 ], [ 121.144796808000137, 14.687415016000045 ], [ 121.144541701000094, 14.687371777000067 ], [ 121.144182822000175, 14.687155585000141 ], [ 121.142825133000201, 14.687069108000173 ], [ 121.142362481000077, 14.686952364000092 ], [ 121.141943068000273, 14.687164232000043 ], [ 121.141770114000224, 14.687812810000082 ], [ 121.141398263000042, 14.687825781000186 ], [ 121.141013441000041, 14.687696066 ], [ 121.140814544000023, 14.687765247000129 ], [ 121.140645913000185, 14.687869020000107 ], [ 121.140447016000167, 14.688253842000165 ], [ 121.140619970000103, 14.688630017000094 ], [ 121.139981521000095, 14.689347805000182 ], [ 121.140074944000048, 14.689421105000179 ], [ 121.140038251000192, 14.689599326000121 ], [ 121.140229629000032, 14.690235087000019 ], [ 121.138916374000132, 14.689935819000141 ], [ 121.13861802800011, 14.689966086000084 ], [ 121.138557495000214, 14.690048239000021 ], [ 121.138648295000053, 14.690225517000158 ], [ 121.138600733000089, 14.690433062000182 ], [ 121.138267797000026, 14.690554130000066 ], [ 121.138025661000029, 14.690908685000181 ], [ 121.138090519000116, 14.691436195000108 ], [ 121.137407351000093, 14.691751836000037 ], [ 121.137083062000329, 14.692076124000039 ], [ 121.137307902000089, 14.692491214000086 ], [ 121.136974966000139, 14.693217621000088 ], [ 121.137018204000128, 14.693680272000051 ], [ 121.136520962000191, 14.693606767000119 ], [ 121.136084253000035, 14.694043476000104 ], [ 121.13584644100024, 14.69403915200013 ], [ 121.135569715000088, 14.69415157200018 ], [ 121.135353523000163, 14.694510451000099 ], [ 121.135020586000223, 14.694700701000045 ], [ 121.132703004000291, 14.695790310000064 ], [ 121.132331153000223, 14.695690862000163 ], [ 121.132162522000158, 14.695742748000043 ], [ 121.131544212000335, 14.696214048000115 ], [ 121.129896826000277, 14.697113408000121 ], [ 121.129364992000205, 14.697070170000075 ], [ 121.12873371, 14.697169618000146 ], [ 121.128504547000148, 14.697065846000044 ], [ 121.128171610000209, 14.696525365000014 ], [ 121.127834350000171, 14.696482126000092 ], [ 121.127752197000063, 14.696642109000095 ], [ 121.127661396000235, 14.696650756 ], [ 121.127596538000034, 14.696611842000152 ], [ 121.127601943000059, 14.696415107000121 ], [ 121.127491685000109, 14.696317820000161 ], [ 121.127143260000025, 14.696269487000166 ], [ 121.12732207900001, 14.696900615000175 ], [ 121.127566641000158, 14.696963728000128 ], [ 121.12597108500006, 14.697871068000097 ], [ 121.123785709000117, 14.699262538000085 ], [ 121.124761386000273, 14.701053338000122 ], [ 121.125222234000034, 14.700898577000032 ], [ 121.125330917000042, 14.701092625000115 ], [ 121.125248532000114, 14.701134976000105 ], [ 121.125395018000177, 14.701414420000162 ], [ 121.125332721000063, 14.701442298000131 ], [ 121.125474754000152, 14.701693985000134 ], [ 121.125891107000029, 14.702116779000107 ], [ 121.125994718000015, 14.702068750000137 ] ] ] } },
{ "type": "Feature", "properties": { "psgc_code": "0405811004", "name": "Guinayang", "region": "Region IV-A (Calabarzon)", "province": "Rizal", "municipality": "San Mateo", "barangay": "Guinayang", "level": "barangay" }, "geometry": { "type": "Polygon", "coordinates": [ [ [ 121.130849414000068, 14.70953766800011 ], [ 121.130994060000148, 14.709272027000054 ], [ 121.131556784000168, 14.708836272000156 ], [ 121.131953974000112, 14.708844495000051 ], [ 121.132172375000209, 14.708691111000121 ], [ 121.132634740000185, 14.708293261999984 ], [ 121.132804095000097, 14.707892724999965 ], [ 121.132900869000082, 14.707828209000127 ], [ 121.140791635000141, 14.70449120100011 ], [ 121.139630084000032, 14.701460909 ], [ 121.138536834000206, 14.701915260000021 ], [ 121.137105965000046, 14.702304794000099 ], [ 121.135599688000184, 14.702898205999986 ], [ 121.133385592000081, 14.70359656200003 ], [ 121.134006179000039, 14.70420599300013 ], [ 121.133257468000011, 14.704195698999968 ], [ 121.132876865000071, 14.704403460000037 ], [ 121.132766376000063, 14.704356301000132 ], [ 121.12952378500006, 14.704620126000179 ], [ 121.129904428000032, 14.705052465000165 ], [ 121.129686490000154, 14.705095874000108 ], [ 121.12994677100005, 14.705396451000013 ], [ 121.127794714000061, 14.705620291000059 ], [ 121.128151909000053, 14.706137112000135 ], [ 121.127627485000062, 14.706528545000083 ], [ 121.127464862000011, 14.706619406000073 ], [ 121.126353058000177, 14.706729020000068 ], [ 121.124182371000074, 14.707749359000047 ], [ 121.124617789000013, 14.708744602000024 ], [ 121.124667552, 14.70940395000008 ], [ 121.124841719000074, 14.710125501000164 ], [ 121.124804398000151, 14.711867176000112 ], [ 121.130849414000068, 14.70953766800011 ] ] ] } },
{ "type": "Feature", "properties": { "psgc_code": "0405811005", "name": "Guitnang Bayan I (Pob.)", "region": "Region IV-A (Calabarzon)", "province": "Rizal", "municipality": "San Mateo", "barangay": "Guitnang Bayan I (Pob.)", "level": "barangay" }, "geometry": { "type": "Polygon", "coordinates": [ [ [ 121.11964157500006, 14.698107942000149 ], [ 121.12116208100008, 14.696194633 ], [ 121.124024463000183, 14.694346844000165 ], [ 121.12640484800022, 14.692611192000072 ], [ 121.128052406000052, 14.691622657000096 ], [ 121.131745579000039, 14.688939751000134 ], [ 121.135371883000062, 14.68702459800005 ], [ 121.136713507000081, 14.686109855000154 ], [ 121.138110306000044, 14.684138074000145 ], [ 121.138174192000065, 14.683606652000037 ], [ 121.137552748000076, 14.683438223000053 ], [ 121.137471437000045, 14.683266890000027 ], [ 121.137634058000117, 14.6829329360001 ], [ 121.137968012000215, 14.682662869000012 ], [ 121.138377469000034, 14.682540903000074 ], [ 121.139460641000142, 14.682532191000064 ], [ 121.140572853000322, 14.681570985000121 ], [ 121.141542771000104, 14.681080218000091 ], [ 121.141641506000042, 14.680911789000106 ], [ 121.1416589290003, 14.680479101000174 ], [ 121.141772183000057, 14.680362943000148 ], [ 121.142204871000217, 14.680577835000179 ], [ 121.142399436000233, 14.680586547000189 ], [ 121.143485512000211, 14.680203226000174 ], [ 121.144342177000112, 14.679712458999973 ], [ 121.146263637000061, 14.68036977200012 ], [ 121.146517348000089, 14.680422628000031 ], [ 121.146839772000249, 14.680353915000126 ], [ 121.14698248500008, 14.680089632000033 ], [ 121.146592228000031, 14.679391927000097 ], [ 121.145890999000017, 14.679043074000106 ], [ 121.145714811000175, 14.678799935000143 ], [ 121.14591918900021, 14.678038802000174 ], [ 121.14641604000019, 14.677517285000079 ], [ 121.14653937200012, 14.677471476000107 ], [ 121.146722607000015, 14.677527856000154 ], [ 121.147050317000208, 14.678000040000143 ], [ 121.14775507000013, 14.67839117799997 ], [ 121.14897781600007, 14.679363737000074 ], [ 121.149421811000138, 14.67939897499997 ], [ 121.150559986000076, 14.679074788000094 ], [ 121.150820745000033, 14.678919743000108 ], [ 121.150958172000173, 14.678634318000036 ], [ 121.150975791000064, 14.677545475000102 ], [ 121.151053313000261, 14.677312906000111 ], [ 121.151247120000221, 14.677126147000024 ], [ 121.152117490000137, 14.676699771000131 ], [ 121.152871576000166, 14.675466454000116 ], [ 121.153157001000068, 14.675311408000084 ], [ 121.153438902000062, 14.675276171000121 ], [ 121.153710231000218, 14.675357217000055 ], [ 121.153949847000149, 14.67555454800015 ], [ 121.154238796000186, 14.676386156000035 ], [ 121.154538316000071, 14.676685676000091 ], [ 121.155426305000105, 14.676664534000111 ], [ 121.155708206000213, 14.676484822000191 ], [ 121.156102867000072, 14.675966828000128 ], [ 121.156331912000155, 14.675917496000125 ], [ 121.156617337000057, 14.67598797100004 ], [ 121.159112162000156, 14.67819737100001 ], [ 121.159217875000081, 14.678436987000168 ], [ 121.159112162000156, 14.67871536399997 ], [ 121.159115686000064, 14.678962028000171 ], [ 121.159443396000029, 14.679501163999987 ], [ 121.159813391000171, 14.679828874000123 ], [ 121.159968437000202, 14.679878206000126 ], [ 121.160186910000107, 14.679761922000068 ], [ 121.160401859000217, 14.679423641000085 ], [ 121.160673189000022, 14.679222786000082 ], [ 121.161247563000188, 14.679184025000154 ], [ 121.162001648000114, 14.679275643000096 ], [ 121.161733705000074, 14.679149561000145 ], [ 121.161446181000088, 14.678767155000116 ], [ 121.16106377500023, 14.677565306000076 ], [ 121.161092527000164, 14.677105268 ], [ 121.161377175000212, 14.676435337999976 ], [ 121.161316795000062, 14.675615895000135 ], [ 121.161171185000057, 14.675636071000042 ], [ 121.160604210000088, 14.675426537000078 ], [ 121.160534365000103, 14.675147158000186 ], [ 121.159963281000159, 14.674974600000098 ], [ 121.159823592000066, 14.674678787000062 ], [ 121.159408632, 14.67464591900017 ], [ 121.159158012000034, 14.674502120000113 ], [ 121.159158012000034, 14.674173439000185 ], [ 121.158981346000132, 14.674029641000175 ], [ 121.158761540000114, 14.673527033000141 ], [ 121.158556114000135, 14.673474991000091 ], [ 121.158460249000086, 14.673318868000081 ], [ 121.158802625000021, 14.672666983000056 ], [ 121.158733848000111, 14.672317996 ], [ 121.158406974000059, 14.671760222000046 ], [ 121.157065571000203, 14.671066670000073 ], [ 121.155456916000048, 14.669689057000028 ], [ 121.152960219000306, 14.669530431000055 ], [ 121.151305546000117, 14.671937458000173 ], [ 121.150743113000203, 14.674188076000064 ], [ 121.150359441000091, 14.675347473000159 ], [ 121.149142198000163, 14.676057436000178 ], [ 121.148578867000197, 14.674815608000074 ], [ 121.147355591000064, 14.674429983999971 ], [ 121.14615718500022, 14.673360149000189 ], [ 121.145057513000097, 14.674098782000101 ], [ 121.144066750000093, 14.674607019000177 ], [ 121.136281010000062, 14.679699561000177 ], [ 121.13606637800001, 14.679545239 ], [ 121.136030901000026, 14.67935544 ], [ 121.136114271000224, 14.679055664000089 ], [ 121.136062830000128, 14.678782495000121 ], [ 121.135619375000147, 14.678787817000057 ], [ 121.135243325000033, 14.678965199000174 ], [ 121.134899203000032, 14.679300451000188 ], [ 121.134838893000051, 14.679797122000139 ], [ 121.134700535000093, 14.679992242000139 ], [ 121.134512510000263, 14.680061421000062 ], [ 121.13445574800005, 14.680015302000072 ], [ 121.133721385000058, 14.680377161000081 ], [ 121.133320501000185, 14.680375388000016 ], [ 121.13322471500021, 14.680483591000041 ], [ 121.133203429000218, 14.681136357000014 ], [ 121.133733802000165, 14.681393561000164 ], [ 121.133747993000156, 14.681797993000032 ], [ 121.133396776000154, 14.682608630000061 ], [ 121.132463745000109, 14.682793107000123 ], [ 121.132172839000077, 14.682777143000067 ], [ 121.13176995900028, 14.682626368000115 ], [ 121.130535784000017, 14.683258564000027 ], [ 121.130128960000093, 14.683899151 ], [ 121.129605900000229, 14.683841032999965 ], [ 121.129341142000158, 14.683599522000179 ], [ 121.128945941000211, 14.682862072000091 ], [ 121.128827123000178, 14.682818161000114 ], [ 121.128190410000116, 14.683072588000073 ], [ 121.127540783000086, 14.682916315000057 ], [ 121.126167913000018, 14.683142329000077 ], [ 121.125726219000057, 14.683049341000014 ], [ 121.125535076, 14.68291114900012 ], [ 121.125046887000053, 14.682965393000188 ], [ 121.124570322000068, 14.683137163000026 ], [ 121.12429910600008, 14.683422585000187 ], [ 121.123816083000179, 14.68340837900007 ], [ 121.123674017000099, 14.68392239800005 ], [ 121.122972730000129, 14.68424656600007 ], [ 121.122835830000099, 14.684817411000154 ], [ 121.122449670000151, 14.684880695000061 ], [ 121.122267568000211, 14.684993056 ], [ 121.1223140620001, 14.685248774 ], [ 121.122763506000183, 14.685416669000176 ], [ 121.122693765, 14.685612978000165 ], [ 121.122051887000225, 14.685860947000151 ], [ 121.121820707000097, 14.686039175000133 ], [ 121.121526244000165, 14.686449873000186 ], [ 121.121025140000029, 14.686696551000182 ], [ 121.120858279000231, 14.686686864000023 ], [ 121.12082935300009, 14.686465969000096 ], [ 121.120952948000081, 14.686126738000041 ], [ 121.119223167000087, 14.686950010000089 ], [ 121.118879330000141, 14.686984394000092 ], [ 121.116458547000093, 14.687721136000107 ], [ 121.117617440000231, 14.694901984000069 ], [ 121.117190287000085, 14.694932485000038 ], [ 121.117355043000089, 14.695973977000051 ], [ 121.117572756000072, 14.696691842 ], [ 121.117649250000113, 14.696838946000128 ], [ 121.117766933000212, 14.696856598000181 ], [ 121.118123829000069, 14.697461034000071 ], [ 121.118870261000211, 14.697485915000073 ], [ 121.11964157500006, 14.698107942000149 ] ] ] } },
{ "type": "Feature", "properties": { "psgc_code": "0405811006", "name": "Guitnang Bayan II (Pob.)", "region": "Region IV-A (Calabarzon)", "province": "Rizal", "municipality": "San Mateo", "barangay": "Guitnang Bayan II (Pob.)", "level": "barangay" }, "geometry": { "type": "Polygon", "coordinates": [ [ [ 121.123111835000145, 14.699781259000133 ], [ 121.124318544000062, 14.698884293000162 ], [ 121.127566641000158, 14.696963728000128 ], [ 121.12732207900001, 14.696900615000175 ], [ 121.127143260000025, 14.696269487000166 ], [ 121.127491685000109, 14.696317820000161 ], [ 121.127601943000059, 14.696415107000121 ], [ 121.127596538000034, 14.696611842000152 ], [ 121.127661396000235, 14.696650756 ], [ 121.127752197000063, 14.696642109000095 ], [ 121.127834350000171, 14.696482126000092 ], [ 121.128171610000209, 14.696525365000014 ], [ 121.128504547000148, 14.697065846000044 ], [ 121.12873371, 14.697169618000146 ], [ 121.129364992000205, 14.697070170000075 ], [ 121.130013570000187, 14.697087464999981 ], [ 121.130381097000168, 14.696802091 ], [ 121.131544212000335, 14.696214048000115 ], [ 121.132162522000158, 14.695742748000043 ], [ 121.132331153000223, 14.695690862000163 ], [ 121.132703004000291, 14.695790310000064 ], [ 121.135219483000014, 14.694596928000067 ], [ 121.135422704000121, 14.694432621999965 ], [ 121.135569715000088, 14.69415157200018 ], [ 121.13584644100024, 14.69403915200013 ], [ 121.136084253000035, 14.694043476000104 ], [ 121.136520962000191, 14.693606767000119 ], [ 121.137018204000128, 14.693680272000051 ], [ 121.136974966000139, 14.693217621000088 ], [ 121.137307902000089, 14.692491214000086 ], [ 121.137083062000329, 14.692076124000039 ], [ 121.137407351000093, 14.691751836000037 ], [ 121.138090519000116, 14.691436195000108 ], [ 121.138025661000029, 14.690908685000181 ], [ 121.138267797000026, 14.690554130000066 ], [ 121.138600733000089, 14.690433062000182 ], [ 121.138648295000053, 14.690225517000158 ], [ 121.138557495000214, 14.690048239000021 ], [ 121.13861802800011, 14.689966086000084 ], [ 121.138916374000132, 14.689935819000141 ], [ 121.140229629000032, 14.690235087000019 ], [ 121.140038251000192, 14.689599326000121 ], [ 121.140074944000048, 14.689421105000179 ], [ 121.139981521000095, 14.689347805000182 ], [ 121.140619970000103, 14.688630017000094 ], [ 121.140447016000167, 14.688253842000165 ], [ 121.140645913000185, 14.687869020000107 ], [ 121.141013441000041, 14.687696066 ], [ 121.141398263000042, 14.687825781000186 ], [ 121.141770114000224, 14.687812810000082 ], [ 121.141943068000273, 14.687164232000043 ], [ 121.142362481000077, 14.686952364000092 ], [ 121.142825133000201, 14.687069108000173 ], [ 121.144182822000175, 14.687155585000141 ], [ 121.144541701000094, 14.687371777000067 ], [ 121.144796808000137, 14.687415016000045 ], [ 121.145073534000176, 14.687177204000079 ], [ 121.145259460000034, 14.687133965000157 ], [ 121.145471329000088, 14.687142613000162 ], [ 121.145631311000216, 14.687255033000042 ], [ 121.159813391000171, 14.679828874000123 ], [ 121.159443396000029, 14.679501163999987 ], [ 121.159115686000064, 14.678962028000171 ], [ 121.159112162000156, 14.67871536399997 ], [ 121.159217875000081, 14.678436987000168 ], [ 121.159112162000156, 14.67819737100001 ], [ 121.156617337000057, 14.67598797100004 ], [ 121.156331912000155, 14.675917496000125 ], [ 121.156102867000072, 14.675966828000128 ], [ 121.155708206000213, 14.676484822000191 ], [ 121.155426305000105, 14.676664534000111 ], [ 121.154538316000071, 14.676685676000091 ], [ 121.154238796000186, 14.676386156000035 ], [ 121.153949847000149, 14.67555454800015 ], [ 121.153710231000218, 14.675357217000055 ], [ 121.153438902000062, 14.675276171000121 ], [ 121.153157001000068, 14.675311408000084 ], [ 121.152871576000166, 14.675466454000116 ], [ 121.152117490000137, 14.676699771000131 ], [ 121.151247120000221, 14.677126147000024 ], [ 121.151053313000261, 14.677312906000111 ], [ 121.150975791000064, 14.677545475000102 ], [ 121.150958172000173, 14.678634318000036 ], [ 121.150820745000033, 14.678919743000108 ], [ 121.150559986000076, 14.679074788000094 ], [ 121.149421811000138, 14.67939897499997 ], [ 121.14897781600007, 14.679363737000074 ], [ 121.14775507000013, 14.67839117799997 ], [ 121.147050317000208, 14.678000040000143 ], [ 121.146722607000015, 14.677527856000154 ], [ 121.14653937200012, 14.677471476000107 ], [ 121.14641604000019, 14.677517285000079 ], [ 121.14591918900021, 14.678038802000174 ], [ 121.145714811000175, 14.678799935000143 ], [ 121.145890999000017, 14.679043074000106 ], [ 121.146592228000031, 14.679391927000097 ], [ 121.14698248500008, 14.680089632000033 ], [ 121.146839772000249, 14.680353915000126 ], [ 121.146517348000089, 14.680422628000031 ], [ 121.146263637000061, 14.68036977200012 ], [ 121.144342177000112, 14.679712458999973 ], [ 121.143485512000211, 14.680203226000174 ], [ 121.142399436000233, 14.680586547000189 ], [ 121.142204871000217, 14.680577835000179 ], [ 121.141772183000057, 14.680362943000148 ], [ 121.1416589290003, 14.680479101000174 ], [ 121.141641506000042, 14.680911789000106 ], [ 121.141542771000104, 14.681080218000091 ], [ 121.140572853000322, 14.681570985000121 ], [ 121.139460641000142, 14.682532191000064 ], [ 121.138377469000034, 14.682540903000074 ], [ 121.137811199000112, 14.682764507000115 ], [ 121.137634058000117, 14.6829329360001 ], [ 121.137471437000045, 14.683266890000027 ], [ 121.137552748000076, 14.683438223000053 ], [ 121.138174192000065, 14.683606652000037 ], [ 121.138110306000044, 14.684138074000145 ], [ 121.136713507000081, 14.686109855000154 ], [ 121.135371883000062, 14.68702459800005 ], [ 121.131745579000039, 14.688939751000134 ], [ 121.128052406000052, 14.691622657000096 ], [ 121.12640484800022, 14.692611192000072 ], [ 121.124024463000183, 14.694346844000165 ], [ 121.12116208100008, 14.696194633 ], [ 121.11964157500006, 14.698107942000149 ], [ 121.120101874000056, 14.698593123000023 ], [ 121.12021383900003, 14.699414198000056 ], [ 121.12227886200003, 14.698824474000105 ], [ 121.122890544000029, 14.699428448000162 ], [ 121.123111835000145, 14.699781259000133 ] ] ] } },
{ "type": "Feature", "properties": { "psgc_code": "0405811007", "name": "Malanday", "region": "Region IV-A (Calabarzon)", "province": "Rizal", "municipality": "San Mateo", "barangay": "Malanday", "level": "barangay" }, "geometry": { "type": "Polygon", "coordinates": [ [ [ 121.121930633000147, 14.709677642000145 ], [ 121.122627303000058, 14.709491034000166 ], [ 121.122813912000083, 14.709291985000107 ], [ 121.122726828000168, 14.708433588000048 ], [ 121.122403374000214, 14.707811561000028 ], [ 121.122577541000169, 14.707488107000074 ], [ 121.122813912000083, 14.707289059000118 ], [ 121.123249330000021, 14.707239297000115 ], [ 121.123759392000011, 14.707338821000178 ], [ 121.124182371000074, 14.707749359000047 ], [ 121.126353058000177, 14.706729020000068 ], [ 121.127464862000011, 14.706619406000073 ], [ 121.128151909000053, 14.706137112000135 ], [ 121.127794714000061, 14.705620291000059 ], [ 121.12994677100005, 14.705396451000013 ], [ 121.129686490000154, 14.705095874000108 ], [ 121.129904428000032, 14.705052465000165 ], [ 121.12952378500006, 14.704620126000179 ], [ 121.132766376000063, 14.704356301000132 ], [ 121.132876865000071, 14.704403460000037 ], [ 121.133257468000011, 14.704195698999968 ], [ 121.134006179000039, 14.70420599300013 ], [ 121.133385592000081, 14.70359656200003 ], [ 121.135599688000184, 14.702898205999986 ], [ 121.137105965000046, 14.702304794000099 ], [ 121.138536834000206, 14.701915260000021 ], [ 121.139630084000032, 14.701460909 ], [ 121.140791635000141, 14.70449120100011 ], [ 121.159569004000105, 14.696469885000056 ], [ 121.160137569000199, 14.69604406600007 ], [ 121.160589244000107, 14.695413603000077 ], [ 121.160899771000118, 14.695234814000116 ], [ 121.161492595000027, 14.695300684000017 ], [ 121.161821941000085, 14.695535931000052 ], [ 121.162838211, 14.695837047999987 ], [ 121.163713332000157, 14.696204034000175 ], [ 121.164183827000102, 14.696627480000018 ], [ 121.164607273000115, 14.696778038000048 ], [ 121.165986973000031, 14.696515199000089 ], [ 121.166276757000105, 14.696293837000042 ], [ 121.166268707000086, 14.696076499000185 ], [ 121.165186045000041, 14.694204983000077 ], [ 121.16554424900005, 14.693661639000027 ], [ 121.165556323000146, 14.693367831000046 ], [ 121.165105549000145, 14.692848636000178 ], [ 121.164010813000345, 14.692228822000061 ], [ 121.163451370000189, 14.6915647350001 ], [ 121.162948274000087, 14.69130715 ], [ 121.162638367000113, 14.690663187000098 ], [ 121.162590070000078, 14.689983002000076 ], [ 121.162292237000088, 14.689210246000073 ], [ 121.162404930000093, 14.688530061 ], [ 121.162763135000318, 14.687970618000179 ], [ 121.162698738000017, 14.687676810000028 ], [ 121.162541772000054, 14.687519844000178 ], [ 121.161712670000043, 14.68716566400019 ], [ 121.161141153000017, 14.687270308000109 ], [ 121.160417198000118, 14.687043915000118 ], [ 121.159961896000141, 14.686525726000184 ], [ 121.159855743000094, 14.686115703000098 ], [ 121.148285220000162, 14.691969458000074 ], [ 121.142722457000218, 14.694544528000165 ], [ 121.133706881000307, 14.698920562000069 ], [ 121.130719651000049, 14.699774876000049 ], [ 121.126908525000204, 14.701445617000161 ], [ 121.125940609000054, 14.701973592000058 ], [ 121.12613742100018, 14.702424227000108 ], [ 121.125956573000167, 14.703625906000184 ], [ 121.125670001000231, 14.704037393000021 ], [ 121.125008683000033, 14.704404792000162 ], [ 121.120076993000225, 14.7065426260001 ], [ 121.120238720000202, 14.707027807000031 ], [ 121.120848307000074, 14.708010610000031 ], [ 121.121358369000177, 14.70918002000019 ], [ 121.121607179000193, 14.709491034000166 ], [ 121.121930633000147, 14.709677642000145 ] ] ] } },
{ "type": "Feature", "properties": { "psgc_code": "0405811008", "name": "Maly", "region": "Region IV-A (Calabarzon)", "province": "Rizal", "municipality": "San Mateo", "barangay": "Maly", "level": "barangay" }, "geometry": { "type": "Polygon", "coordinates": [ [ [ 121.125625942000056, 14.717823816000021 ], [ 121.127200394000283, 14.716430777000141 ], [ 121.127357505000077, 14.716107277000049 ], [ 121.128034905000163, 14.715852717000075 ], [ 121.128479559000198, 14.715367306000189 ], [ 121.129452177000189, 14.714921146000052 ], [ 121.129858896000201, 14.714447834000111 ], [ 121.130121993000216, 14.713317923000147 ], [ 121.130364568000118, 14.712843249000116 ], [ 121.132496867000214, 14.711902537000128 ], [ 121.13375238000026, 14.711522556000034 ], [ 121.136018156000318, 14.709874032000073 ], [ 121.137842004000049, 14.710195478000173 ], [ 121.139389233000088, 14.710621880000133 ], [ 121.139693806000196, 14.710347764000176 ], [ 121.139934418000166, 14.709959942000069 ], [ 121.140040003000081, 14.709878722999974 ], [ 121.140226808000079, 14.709890906 ], [ 121.140539502000138, 14.710102076000112 ], [ 121.140831892000051, 14.710650307000037 ], [ 121.141522256000144, 14.711101074000169 ], [ 121.141790280000123, 14.710995489000027 ], [ 121.141997390000029, 14.710609697000052 ], [ 121.14220711300004, 14.709832484000174 ], [ 121.143098622000139, 14.710033377000173 ], [ 121.143189109000105, 14.709796499000106 ], [ 121.143076566000104, 14.709384957000168 ], [ 121.143481235000081, 14.708955702000083 ], [ 121.143635837000147, 14.709018297000057 ], [ 121.145497944000113, 14.708270579000157 ], [ 121.145595407000087, 14.708351799000127 ], [ 121.145794394000063, 14.708944700000075 ], [ 121.145721805000221, 14.709802579999973 ], [ 121.145950234000225, 14.710743709000155 ], [ 121.146169526000222, 14.711045236000132 ], [ 121.146443642, 14.711081784000157 ], [ 121.146973598000159, 14.710944727000083 ], [ 121.147174616000029, 14.710963000999982 ], [ 121.147622338000019, 14.711502095000185 ], [ 121.147887316000038, 14.711566055000162 ], [ 121.148371586000167, 14.711355900000115 ], [ 121.148563467000145, 14.711374174000184 ], [ 121.14864856800034, 14.71151680700018 ], [ 121.14928689300018, 14.711270596000134 ], [ 121.150125835000267, 14.711170287000073 ], [ 121.150764160000108, 14.711234120000142 ], [ 121.151156274000186, 14.711179406000042 ], [ 121.151894908000031, 14.710741698000049 ], [ 121.152478520000159, 14.710595795000188 ], [ 121.152706493000096, 14.710650508000185 ], [ 121.152779444000203, 14.710796411000047 ], [ 121.152597066000226, 14.711370904000091 ], [ 121.152670017000105, 14.711753899000087 ], [ 121.153928430000065, 14.711899802000175 ], [ 121.154220235000139, 14.712218964999977 ], [ 121.154639706000125, 14.712401343000181 ], [ 121.154895036000084, 14.71236486700019 ], [ 121.155150367000147, 14.711890683000036 ], [ 121.155542481000111, 14.711489450000101 ], [ 121.157028866000019, 14.711498569000071 ], [ 121.157348029000104, 14.71144385499997 ], [ 121.15777661900006, 14.711243239000112 ], [ 121.158250803000215, 14.711170287000073 ], [ 121.159326837000208, 14.711225001000173 ], [ 121.160849699000096, 14.711525926000149 ], [ 121.161287407000032, 14.711498569000071 ], [ 121.161889257000098, 14.71131619 ], [ 121.162235776000102, 14.710851125000147 ], [ 121.162153706000254, 14.710513724000066 ], [ 121.161907495000037, 14.710103372 ], [ 121.161451548000059, 14.708917911000071 ], [ 121.161405954000202, 14.708653462000143 ], [ 121.161679522000099, 14.70822487300012 ], [ 121.16244551200009, 14.708069851000062 ], [ 121.16274643700001, 14.708142802000168 ], [ 121.162956172, 14.708306943000139 ], [ 121.16342123700008, 14.708306943000139 ], [ 121.16342123700008, 14.70805161300018 ], [ 121.163184145000173, 14.707385931000147 ], [ 121.163238859000103, 14.707176195000045 ], [ 121.163320929000065, 14.70702117400009 ], [ 121.163567140000168, 14.706893508000178 ], [ 121.163913660000048, 14.706355492000057 ], [ 121.164041325000198, 14.705863069000088 ], [ 121.164743483000052, 14.705452717000071 ], [ 121.164989694000042, 14.705388885000104 ], [ 121.166828532000181, 14.701459988000011 ], [ 121.167292754000073, 14.700657009000111 ], [ 121.167368033000116, 14.70046462900018 ], [ 121.167309483000054, 14.700142600999982 ], [ 121.166824350000184, 14.699670015000152 ], [ 121.166786711000213, 14.699389809000081 ], [ 121.16659433000018, 14.699172336000117 ], [ 121.166142655000158, 14.698833579000052 ], [ 121.165604722000012, 14.698678839000024 ], [ 121.164927209000098, 14.698180114000081 ], [ 121.164814290000095, 14.697596700000133 ], [ 121.164908389000175, 14.696975646000055 ], [ 121.164183827000102, 14.696627480000018 ], [ 121.163713332000157, 14.696204034000175 ], [ 121.162838211, 14.695837047999987 ], [ 121.161821941000085, 14.695535931000052 ], [ 121.161492595000027, 14.695300684000017 ], [ 121.160899771000118, 14.695234814000116 ], [ 121.160589244000107, 14.695413603000077 ], [ 121.160137569000199, 14.69604406600007 ], [ 121.159569004000105, 14.696469885000056 ], [ 121.132900869000082, 14.707828209000127 ], [ 121.132804095000097, 14.707892724999965 ], [ 121.132634740000185, 14.708293261999984 ], [ 121.132172375000209, 14.708691111000121 ], [ 121.131953974000112, 14.708844495000051 ], [ 121.131556784000168, 14.708836272000156 ], [ 121.130994060000148, 14.709272027000054 ], [ 121.130849414000068, 14.70953766800011 ], [ 121.124804398000151, 14.711867176000112 ], [ 121.124916362000135, 14.712899741 ], [ 121.124903922000044, 14.71380790000012 ], [ 121.125159498000016, 14.715554877000159 ], [ 121.124969558000089, 14.716218207000168 ], [ 121.124732847000132, 14.716399626000168 ], [ 121.124676036000324, 14.716833780000172 ], [ 121.125052885000173, 14.717664995000121 ], [ 121.125346388000025, 14.717866671000138 ], [ 121.125625942000056, 14.717823816000021 ] ] ] } },
{ "type": "Feature", "properties": { "psgc_code": "0405811010", "name": "Santa Ana", "region": "Region IV-A (Calabarzon)", "province": "Rizal", "municipality": "San Mateo", "barangay": "Santa Ana", "level": "barangay" }, "geometry": { "type": "Polygon", "coordinates": [ [ [ 121.116055881000079, 14.697927290000109 ], [ 121.117414718000077, 14.697560558000134 ], [ 121.118123829000069, 14.697461034000071 ], [ 121.117766933000212, 14.696856598000181 ], [ 121.117649250000113, 14.696838946000128 ], [ 121.117572756000072, 14.696691842 ], [ 121.117355043000089, 14.695973977000051 ], [ 121.117190287000085, 14.694932485000038 ], [ 121.117617440000231, 14.694901984000069 ], [ 121.116415669000162, 14.687397170000168 ], [ 121.115014271000177, 14.687661243000036 ], [ 121.11151532800011, 14.688109049000161 ], [ 121.111211721000018, 14.688998416000118 ], [ 121.111137349000046, 14.690639048000151 ], [ 121.111302738000177, 14.692184012999974 ], [ 121.111363157000028, 14.694017793 ], [ 121.111466445000133, 14.694449971999973 ], [ 121.111440623000249, 14.695435284000155 ], [ 121.111538475000202, 14.695822613000132 ], [ 121.1116770980002, 14.696046857000056 ], [ 121.112110635000136, 14.696317308000118 ], [ 121.112276440000073, 14.6965864 ], [ 121.114395380000019, 14.697727385000178 ], [ 121.114675891000047, 14.697843459000183 ], [ 121.116055881000079, 14.697927290000109 ] ] ] } },
{ "type": "Feature", "properties": { "psgc_code": "0405811011", "name": "Ampid II", "region": "Region IV-A (Calabarzon)", "province": "Rizal", "municipality": "San Mateo", "barangay": "Ampid II", "level": "barangay" }, "geometry": { "type": "Polygon", "coordinates": [ [ [ 121.115014271000177, 14.687661243000036 ], [ 121.116415669000162, 14.687397170000168 ], [ 121.116458547000093, 14.687721136000107 ], [ 121.118879330000141, 14.686984394000092 ], [ 121.119223167000087, 14.686950010000089 ], [ 121.120952948000081, 14.686126738000041 ], [ 121.121042358000068, 14.68569809700017 ], [ 121.120745202000194, 14.685248419000061 ], [ 121.120143001000201, 14.684790851000059 ], [ 121.119722249, 14.684622550000086 ], [ 121.119472428000222, 14.684672515000045 ], [ 121.119101640000054, 14.685582391000025 ], [ 121.118883375000223, 14.685700727000039 ], [ 121.118728223000176, 14.685650763000183 ], [ 121.118410029000302, 14.685301013000185 ], [ 121.117905127000085, 14.685253678000095 ], [ 121.117405484000074, 14.68496967100009 ], [ 121.116884804000165, 14.684798740000076 ], [ 121.11653242400007, 14.684959152000033 ], [ 121.115972298000088, 14.684814518000167 ], [ 121.115498953000156, 14.684956522 ], [ 121.115151832000151, 14.685109045000104 ], [ 121.114460222000048, 14.685671800000023 ], [ 121.114289291000091, 14.685727024000187 ], [ 121.11405787800004, 14.685516647999975 ], [ 121.112548430000174, 14.684659366000119 ], [ 121.112319647000163, 14.684572586000058 ], [ 121.112134894000064, 14.684617895000144 ], [ 121.112168701000087, 14.685239411000055 ], [ 121.111878096000169, 14.686143081000012 ], [ 121.11151532800011, 14.688109049000161 ], [ 121.115014271000177, 14.687661243000036 ] ] ] } },
{ "type": "Feature", "properties": { "psgc_code": "0405811012", "name": "Banaba", "region": "Region IV-A (Calabarzon)", "province": "Rizal", "municipality": "San Mateo", "barangay": "Banaba", "level": "barangay" }, "geometry": { "type": "Polygon", "coordinates": [ [ [ 121.112166948000095, 14.680978437000078 ], [ 121.112657373000047, 14.680945742000176 ], [ 121.112564737000184, 14.680716877000123 ], [ 121.113044265000099, 14.680607893000172 ], [ 121.113431156000047, 14.680596994999974 ], [ 121.113545589000182, 14.680629690000103 ], [ 121.113583733000155, 14.680760470000109 ], [ 121.114014509000071, 14.680574828000033 ], [ 121.112828222000076, 14.679207501000121 ], [ 121.113227076000044, 14.678924456000061 ], [ 121.113620609, 14.678985000000125 ], [ 121.114465468000162, 14.678459371000031 ], [ 121.115014261000169, 14.67783423100019 ], [ 121.11528015100032, 14.677156413000034 ], [ 121.115444128000149, 14.677232461000131 ], [ 121.115577212000176, 14.677118390000032 ], [ 121.115793472000064, 14.677137401000095 ], [ 121.11595745000011, 14.677365544000054 ], [ 121.11640185300007, 14.67722057900005 ], [ 121.117117176000193, 14.677617452000106 ], [ 121.117340566000053, 14.677481992000082 ], [ 121.117514049000079, 14.677493875000096 ], [ 121.11770892100003, 14.677676864000034 ], [ 121.11775169800012, 14.677909760000148 ], [ 121.118065395000031, 14.677921642000058 ], [ 121.11817471300003, 14.6781592910001 ], [ 121.118386220000048, 14.678202068000132 ], [ 121.118395726000131, 14.678468235000082 ], [ 121.118759329000113, 14.67841357500015 ], [ 121.118947072000083, 14.678263857000047 ], [ 121.119208485000286, 14.678240092000124 ], [ 121.119372463000218, 14.678111761000082 ], [ 121.119469899000023, 14.677722017000121 ], [ 121.119728936000115, 14.677574675000017 ], [ 121.119693289000111, 14.677294249999989 ], [ 121.120064021000189, 14.676885494000089 ], [ 121.120304046000115, 14.67686410500005 ], [ 121.120622496000124, 14.677047095000091 ], [ 121.121090664, 14.676990059000161 ], [ 121.121306924000123, 14.67686648200015 ], [ 121.121577844000171, 14.676471985000092 ], [ 121.121841634000134, 14.676308007000046 ], [ 121.123364963000085, 14.675702002999969 ], [ 121.123512305000077, 14.675580802000184 ], [ 121.123500422, 14.675331271000061 ], [ 121.123345951000147, 14.674986680000018 ], [ 121.123557458000164, 14.674841714000138 ], [ 121.123643012000116, 14.67467060700011 ], [ 121.123913931000061, 14.674855973000149 ], [ 121.123770022000144, 14.674106364000011 ], [ 121.123839700000076, 14.67356234000016 ], [ 121.124199781000129, 14.673299109000141 ], [ 121.124229221000064, 14.672821540000143 ], [ 121.125711753000132, 14.672415963000049 ], [ 121.125371666000319, 14.670176269000024 ], [ 121.125743296000337, 14.670101231000046 ], [ 121.125620779000087, 14.670078543000102 ], [ 121.125384821000125, 14.669874348000178 ], [ 121.125371208000161, 14.669769982000048 ], [ 121.125153401000148, 14.669638389999989 ], [ 121.124658796000176, 14.668354234000162 ], [ 121.124731399000211, 14.668022985 ], [ 121.12469056000009, 14.667673585000045 ], [ 121.125121637, 14.667306035000024 ], [ 121.125012733000062, 14.666852270000049 ], [ 121.124381999000093, 14.666525559000092 ], [ 121.124114278000206, 14.666484720000028 ], [ 121.123628748000215, 14.666484720000028 ], [ 121.122762056000056, 14.666639 ], [ 121.122249301000011, 14.666580010000075 ], [ 121.121822762000193, 14.666384891 ], [ 121.121525681000207, 14.666480991000128 ], [ 121.121156129000155, 14.66700346500005 ], [ 121.121013993000133, 14.667704681000146 ], [ 121.120758149000039, 14.668075912000063 ], [ 121.120345956000165, 14.668460893000031 ], [ 121.120021287000213, 14.669060063000018 ], [ 121.120167821000109, 14.66957643100011 ], [ 121.120421483000086, 14.66989931300003 ], [ 121.120533107000142, 14.670488563000106 ], [ 121.120344941000212, 14.670608881000078 ], [ 121.120335374000206, 14.670852603000185 ], [ 121.120246075000182, 14.670976005999989 ], [ 121.119420061000028, 14.671407917000124 ], [ 121.119432818000064, 14.671753446000025 ], [ 121.119311627000116, 14.672003337000035 ], [ 121.119279734000088, 14.672324185000093 ], [ 121.118558965000034, 14.672345781000104 ], [ 121.117943441000079, 14.672083549000092 ], [ 121.117573489000051, 14.671781211000109 ], [ 121.117130184000189, 14.67177504100016 ], [ 121.116871855000227, 14.672265569000047 ], [ 121.116859098000191, 14.672836308000115 ], [ 121.116725150000093, 14.673410133000061 ], [ 121.116150558000186, 14.673949245000074 ], [ 121.11595873400006, 14.674033886000075 ], [ 121.115665949000118, 14.673998077000022 ], [ 121.115188071000034, 14.673792985000148 ], [ 121.114723655000148, 14.673737643000152 ], [ 121.114582311000163, 14.673643236000089 ], [ 121.114528465000149, 14.673376291000125 ], [ 121.114642887000173, 14.673167945000102 ], [ 121.114838076000069, 14.672959597999977 ], [ 121.115060189000246, 14.672901000000138 ], [ 121.115322685000137, 14.672552670000073 ], [ 121.115347789000111, 14.672407999000086 ], [ 121.115018010000085, 14.672057868000024 ], [ 121.114084976000072, 14.671699956000054 ], [ 121.11359432900008, 14.671606588000145 ], [ 121.113248463000104, 14.671692176000136 ], [ 121.112950857000328, 14.67191003500011 ], [ 121.112360984000134, 14.672821908000174 ], [ 121.112101474000156, 14.672916996000026 ], [ 121.111768478000158, 14.672789253000019 ], [ 121.111519132000126, 14.672555832000171 ], [ 121.111422612000069, 14.672244604000184 ], [ 121.111503045000063, 14.671863351000184 ], [ 121.111889129000019, 14.671163089000117 ], [ 121.11187304200007, 14.67074293200011 ], [ 121.111752391000095, 14.670408362000103 ], [ 121.111390438000058, 14.670097135000049 ], [ 121.11069446700003, 14.669853091999983 ], [ 121.110433274000115, 14.669902617000105 ], [ 121.110017531000153, 14.670144213000015 ], [ 121.1098799130001, 14.670395246999988 ], [ 121.109805205000157, 14.67093154700018 ], [ 121.109854149000057, 14.671233115000064 ], [ 121.110662374000071, 14.672711605000188 ], [ 121.110578055000133, 14.672975989 ], [ 121.108936241000038, 14.674084684000036 ], [ 121.108124819000182, 14.674734425000054 ], [ 121.106702343000052, 14.675499389000095 ], [ 121.107400707000124, 14.676096097000084 ], [ 121.108612534000144, 14.677401541999984 ], [ 121.110542557000031, 14.681152381000118 ], [ 121.111453758000039, 14.680947838000122 ], [ 121.111523725000211, 14.681197866000048 ], [ 121.112166948000095, 14.680978437000078 ] ] ] } },
{ "type": "Feature", "properties": { "psgc_code": "0405811013", "name": "Gulod Malaya", "region": "Region IV-A (Calabarzon)", "province": "Rizal", "municipality": "San Mateo", "barangay": "Gulod Malaya", "level": "barangay" }, "geometry": { "type": "Polygon", "coordinates": [ [ [ 121.130199992000144, 14.683869446000131 ], [ 121.130535784000017, 14.683258564000027 ], [ 121.13176995900028, 14.682626368000115 ], [ 121.132172839000077, 14.682777143000067 ], [ 121.132463745000109, 14.682793107000123 ], [ 121.133396776000154, 14.682608630000061 ], [ 121.133747993000156, 14.681797993000032 ], [ 121.133733802000165, 14.681393561000164 ], [ 121.133203429000218, 14.681136357000014 ], [ 121.13322471500021, 14.680483591000041 ], [ 121.133320501000185, 14.680375388000016 ], [ 121.133721385000058, 14.680377161000081 ], [ 121.13445574800005, 14.680015302000072 ], [ 121.134512510000263, 14.680061421000062 ], [ 121.134700535000093, 14.679992242000139 ], [ 121.134838893000051, 14.679797122000139 ], [ 121.134899203000032, 14.679300451000188 ], [ 121.135243325000033, 14.678965199000174 ], [ 121.135619375000147, 14.678787817000057 ], [ 121.136062830000128, 14.678782495000121 ], [ 121.136114271000224, 14.679055664000089 ], [ 121.136030901000026, 14.67935544 ], [ 121.13606637800001, 14.679545239 ], [ 121.136281010000062, 14.679699561000177 ], [ 121.136458393000112, 14.679273844000022 ], [ 121.137467697000261, 14.6779275130001 ], [ 121.137932439000224, 14.677613547000021 ], [ 121.138290751000113, 14.677200246000041 ], [ 121.138255274000016, 14.676928851000071 ], [ 121.138090309000063, 14.676779850000059 ], [ 121.137687651000192, 14.676928851000071 ], [ 121.137540424, 14.677061888000139 ], [ 121.137072135000039, 14.67694659 ], [ 121.136914265000087, 14.676503134000086 ], [ 121.13707923000004, 14.676079191000099 ], [ 121.137627341000325, 14.675823760000185 ], [ 121.138084987000184, 14.675321769000163 ], [ 121.138319132000106, 14.674521775000017 ], [ 121.138139976000048, 14.674220225000113 ], [ 121.137700068000072, 14.674007366000183 ], [ 121.137144862000127, 14.674060581000049 ], [ 121.136995861000173, 14.674411798000051 ], [ 121.136759942000026, 14.674488071999974 ], [ 121.136570143000085, 14.674347940000132 ], [ 121.136504512000101, 14.673918675000039 ], [ 121.135864915000184, 14.673883830000079 ], [ 121.135389214000156, 14.673712874000159 ], [ 121.134497275000172, 14.672902696000108 ], [ 121.134133066000118, 14.673021621000089 ], [ 121.134049447000052, 14.67280978500014 ], [ 121.133701962000032, 14.672545920000061 ], [ 121.133018513000025, 14.671326185000112 ], [ 121.131997694, 14.670406945000082 ], [ 121.131733245000078, 14.670302838999987 ], [ 121.131557096000165, 14.670078550000028 ], [ 121.130815311000333, 14.67023679700003 ], [ 121.130182340000147, 14.670576703000108 ], [ 121.130002325000078, 14.670288680000169 ], [ 121.129134657, 14.670639108000046 ], [ 121.129033850000155, 14.670643908000045 ], [ 121.128865836000045, 14.670456693000119 ], [ 121.12841750400014, 14.670689244000073 ], [ 121.127234991000023, 14.670554762000165 ], [ 121.125778832000265, 14.670265142000176 ], [ 121.125743296000337, 14.670101231000046 ], [ 121.125371666000319, 14.670176269000024 ], [ 121.125711753000132, 14.672415963000049 ], [ 121.124229221000064, 14.672821540000143 ], [ 121.124199781000129, 14.673299109000141 ], [ 121.123839700000076, 14.67356234000016 ], [ 121.123770022000144, 14.674106364000011 ], [ 121.123913931000061, 14.674855973000149 ], [ 121.1240446380001, 14.674732396000138 ], [ 121.123923437000144, 14.674292745000059 ], [ 121.124660148000089, 14.674097873000107 ], [ 121.124774220000063, 14.674247591999972 ], [ 121.125225752, 14.673988555000165 ], [ 121.125375471000211, 14.674121638000031 ], [ 121.125596485000187, 14.674112132000175 ], [ 121.125645001000294, 14.674829113000044 ], [ 121.125551769000026, 14.675346981000075 ], [ 121.124918390000175, 14.675527677000105 ], [ 121.125047471000016, 14.676187158000062 ], [ 121.124230834000059, 14.677349445000061 ], [ 121.12488062400007, 14.678409787000191 ], [ 121.124842028000216, 14.678789498000071 ], [ 121.124685938000084, 14.678841528000135 ], [ 121.124614281000277, 14.679666354000176 ], [ 121.12585492900007, 14.679654538000079 ], [ 121.125957773000096, 14.680014758000027 ], [ 121.125526713000113, 14.680586381000182 ], [ 121.125635553000052, 14.681237129000181 ], [ 121.126702689000012, 14.681989823000094 ], [ 121.127211450000118, 14.682946020000088 ], [ 121.127540783000086, 14.682916315000057 ], [ 121.128190410000116, 14.683072588000073 ], [ 121.128894281000044, 14.682828493000045 ], [ 121.129341142000158, 14.683599522000179 ], [ 121.129605900000229, 14.683841032999965 ], [ 121.130199992000144, 14.683869446000131 ] ] ] } },
{ "type": "Feature", "properties": { "psgc_code": "0405811014", "name": "Pintong Bocawe", "region": "Region IV-A (Calabarzon)", "province": "Rizal", "municipality": "San Mateo", "barangay": "Pintong Bocawe", "level": "barangay" }, "geometry": { "type": "Polygon", "coordinates": [ [ [ 121.166558150000014, 14.705416242000183 ], [ 121.167834800000151, 14.705115317000036 ], [ 121.168974667000043, 14.704467873000112 ], [ 121.16967682500001, 14.704422278000152 ], [ 121.171318232000203, 14.704677608000168 ], [ 121.171637395000062, 14.704659370000059 ], [ 121.171865368000226, 14.704549943000131 ], [ 121.171947439000178, 14.704294613000172 ], [ 121.17215129900012, 14.704206837000186 ], [ 121.172961815, 14.704338807999989 ], [ 121.173397316000091, 14.704754513000012 ], [ 121.174317237000082, 14.704548873000078 ], [ 121.174862714000028, 14.704566469000099 ], [ 121.175223432000053, 14.70483920800001 ], [ 121.176305586000012, 14.704804016000139 ], [ 121.17854907800006, 14.704909592000149 ], [ 121.179657627000211, 14.704804016000139 ], [ 121.179956759000106, 14.70485680400003 ], [ 121.180203103000053, 14.705323098000065 ], [ 121.180440649000161, 14.705375886000184 ], [ 121.192004395000026, 14.702688181000099 ], [ 121.199150621000285, 14.70487172900016 ], [ 121.198966503000179, 14.70367496200015 ], [ 121.199334739000051, 14.702570255000126 ], [ 121.200117240000054, 14.70183378400003 ], [ 121.201037830000018, 14.701235400000087 ], [ 121.202218132000212, 14.700821135000183 ], [ 121.203739898000094, 14.700149114000112 ], [ 121.203870122000239, 14.699715032000086 ], [ 121.204434428000013, 14.699324359000173 ], [ 121.20462976400006, 14.698911982000027 ], [ 121.205085550000263, 14.698629829000083 ], [ 121.205997121000109, 14.698803462000114 ], [ 121.206995508000205, 14.699194135000027 ], [ 121.207972191000067, 14.699845257000106 ], [ 121.208796945000131, 14.700583195000036 ], [ 121.209100802000307, 14.702167592000137 ], [ 121.208970578000049, 14.702623377000066 ], [ 121.209339547000127, 14.703035755000087 ], [ 121.209947261000138, 14.70329620300015 ], [ 121.211206096000069, 14.703404724000166 ], [ 121.211792106000075, 14.702731898000081 ], [ 121.21250834000034, 14.702167592000137 ], [ 121.213528432000203, 14.700344450000102 ], [ 121.213528432000203, 14.699693328000023 ], [ 121.213767176000033, 14.699042206000172 ], [ 121.2135718400001, 14.698152340000092 ], [ 121.2135718400001, 14.697110545000101 ], [ 121.214266370000018, 14.696090453000124 ], [ 121.214222962000122, 14.695504444 ], [ 121.213593544000105, 14.69294336400003 ], [ 121.213810584000271, 14.692552691000117 ], [ 121.213767176000033, 14.6922054260001 ], [ 121.213897401000054, 14.691901569000095 ], [ 121.214939196000046, 14.69081636500016 ], [ 121.215612022000073, 14.689796274000059 ], [ 121.216154624000069, 14.687951429000066 ], [ 121.216024399000048, 14.687213490000033 ], [ 121.215590318000068, 14.686367032000021 ], [ 121.214982604000056, 14.683827656000062 ], [ 121.21478726700002, 14.682568820000142 ], [ 121.214917492000041, 14.679530251000187 ], [ 121.214765563000014, 14.679074465000156 ], [ 121.214960900000051, 14.678748904000088 ], [ 121.21576395000011, 14.678510160000087 ], [ 121.216436776000137, 14.678727200000083 ], [ 121.217153011000164, 14.678683792000072 ], [ 121.217587092000144, 14.678401639000072 ], [ 121.218151398000032, 14.678314823000164 ], [ 121.218162939000081, 14.677491077000013 ], [ 121.218494496000062, 14.676616334000073 ], [ 121.217951947000188, 14.675333373000058 ], [ 121.217801239000323, 14.67440030500012 ], [ 121.217138123000041, 14.673613026000055 ], [ 121.216927132000023, 14.672475840000118 ], [ 121.216173592000018, 14.671717712000088 ], [ 121.216167415000314, 14.670502494000118 ], [ 121.214438649000272, 14.668227812000168 ], [ 121.212992436000036, 14.667845592000162 ], [ 121.212659170000052, 14.666880906000131 ], [ 121.211929138000073, 14.665712870000107 ], [ 121.211898579000035, 14.664965616000075 ], [ 121.212582144000066, 14.664679106 ], [ 121.21255437300033, 14.663954981000074 ], [ 121.211548080000171, 14.663379151000186 ], [ 121.210697200000027, 14.663119975000086 ], [ 121.20856510700014, 14.663569866000046 ], [ 121.207865820000052, 14.663921955000149 ], [ 121.207675106000124, 14.663936625000133 ], [ 121.204856729000085, 14.663309145000085 ], [ 121.203741133000108, 14.662484574000132 ], [ 121.201606949000166, 14.662423944000125 ], [ 121.200915765000104, 14.662266305000117 ], [ 121.199363631000324, 14.662375440000176 ], [ 121.19858756400015, 14.662702843000034 ], [ 121.197508346000063, 14.664715766000029 ], [ 121.196671649000336, 14.665782858000057 ], [ 121.195931961000042, 14.665794984000172 ], [ 121.19491337300019, 14.665491833000033 ], [ 121.194404079000151, 14.665479707000088 ], [ 121.192427534000103, 14.665722228000163 ], [ 121.191796980000163, 14.666001127000072 ], [ 121.191057291000106, 14.666474043000107 ], [ 121.190620753000076, 14.666971210000099 ], [ 121.190390358000172, 14.667432 ], [ 121.188567943000066, 14.666268271000149 ], [ 121.184998841000152, 14.666018465000093 ], [ 121.184286684000085, 14.66442980700009 ], [ 121.182533682000212, 14.663881993000075 ], [ 121.179904178000243, 14.663279399000089 ], [ 121.178260739000052, 14.662019429000111 ], [ 121.178266736000296, 14.661098319000132 ], [ 121.165566383000055, 14.668280504000109 ], [ 121.165413265000211, 14.668775192000169 ], [ 121.16530726100018, 14.668834084000082 ], [ 121.165064628000096, 14.668892975000063 ], [ 121.164821995000011, 14.668692744000111 ], [ 121.164112942000202, 14.668857640000056 ], [ 121.163865598000143, 14.668794037000055 ], [ 121.163679501000161, 14.668963645000019 ], [ 121.163476914000171, 14.668996624000044 ], [ 121.163355009000043, 14.669165054000075 ], [ 121.162495642000295, 14.669129361000103 ], [ 121.162357631000191, 14.669252996000068 ], [ 121.161702077000086, 14.670173072000182 ], [ 121.161837213000126, 14.670377213000108 ], [ 121.161989601000073, 14.670995389000097 ], [ 121.161690576000296, 14.671153527000058 ], [ 121.16162732100031, 14.671314541000072 ], [ 121.16177970800004, 14.672010348000128 ], [ 121.161546814000303, 14.672496263000141 ], [ 121.161595693000208, 14.67281829 ], [ 121.161405370000011, 14.672944993000101 ], [ 121.161201999000127, 14.672855975000061 ], [ 121.159999573000277, 14.672886104000156 ], [ 121.159714716000053, 14.673102486000118 ], [ 121.159323037000036, 14.673075096000161 ], [ 121.158991617000197, 14.672672461000161 ], [ 121.158893013000011, 14.672647810000115 ], [ 121.158802625000021, 14.672666983000056 ], [ 121.15849037800001, 14.67317370000012 ], [ 121.1584876390001, 14.67340377700009 ], [ 121.158761540000114, 14.673527033000141 ], [ 121.158981346000132, 14.674029641000175 ], [ 121.159199097000169, 14.674251501000072 ], [ 121.159158012000034, 14.674502120000113 ], [ 121.159285376000071, 14.67461305 ], [ 121.159823592000066, 14.674678787000062 ], [ 121.159963281000159, 14.674974600000098 ], [ 121.160534365000103, 14.675147158000186 ], [ 121.160604210000088, 14.675426537000078 ], [ 121.161171185000057, 14.675636071000042 ], [ 121.161316795000062, 14.675615895000135 ], [ 121.161377175000212, 14.676435337999976 ], [ 121.161092527000164, 14.677105268 ], [ 121.16106377500023, 14.677565306000076 ], [ 121.161446181000088, 14.678767155000116 ], [ 121.161733705000074, 14.679149561000145 ], [ 121.162001648000114, 14.679275643000096 ], [ 121.161557654000148, 14.679212215000177 ], [ 121.161521997000136, 14.679468800000166 ], [ 121.161657833000163, 14.679731416000038 ], [ 121.161983839000186, 14.67994875300019 ], [ 121.162110619000146, 14.680129868000165 ], [ 121.162092508000342, 14.680401540000048 ], [ 121.161902337000015, 14.680745657000045 ], [ 121.161594443000126, 14.681098831000099 ], [ 121.161368050000078, 14.681153165000183 ], [ 121.160833762000152, 14.682122128000117 ], [ 121.160643591000053, 14.682312298000056 ], [ 121.159919133000017, 14.6826564160001 ], [ 121.159348623000028, 14.68311825800015 ], [ 121.159321455000168, 14.683417097000074 ], [ 121.159638406000113, 14.684159666000141 ], [ 121.160308530000179, 14.684567174000108 ], [ 121.160571146000052, 14.684838846000048 ], [ 121.160543978000078, 14.684992793000049 ], [ 121.160299474000112, 14.685282576000134 ], [ 121.160082136000142, 14.685816864000117 ], [ 121.159855743000094, 14.686115703000098 ], [ 121.159961896000141, 14.686525726000184 ], [ 121.160417198000118, 14.687043915000118 ], [ 121.160697926000239, 14.687179751000031 ], [ 121.161141153000017, 14.687270308000109 ], [ 121.161712670000043, 14.68716566400019 ], [ 121.162541772000054, 14.687519844000178 ], [ 121.162698738000017, 14.687676810000028 ], [ 121.162763135000318, 14.687970618000179 ], [ 121.162404930000093, 14.688530061 ], [ 121.162292237000088, 14.689210246000073 ], [ 121.162590070000078, 14.689983002000076 ], [ 121.162638367000113, 14.690663187000098 ], [ 121.162948274000087, 14.69130715 ], [ 121.163451370000189, 14.6915647350001 ], [ 121.164010813000345, 14.692228822000061 ], [ 121.165105549000145, 14.692848636000178 ], [ 121.165588521000018, 14.693456376000029 ], [ 121.16554424900005, 14.693661639000027 ], [ 121.165186045000041, 14.694204983000077 ], [ 121.165343011000118, 14.694555137000066 ], [ 121.165846106000231, 14.695255447000136 ], [ 121.165862206000156, 14.69547278400006 ], [ 121.16630895500009, 14.696197243000029 ], [ 121.16617211300013, 14.696410555000114 ], [ 121.165986973000031, 14.696515199000089 ], [ 121.164607273000115, 14.696778038000048 ], [ 121.164908389000175, 14.696975646000055 ], [ 121.164833110000131, 14.697878997000089 ], [ 121.164927209000098, 14.698180114000081 ], [ 121.165162457000065, 14.698415361000059 ], [ 121.165604722000012, 14.698678839000024 ], [ 121.166142655000158, 14.698833579000052 ], [ 121.16659433000018, 14.699172336000117 ], [ 121.166786711000213, 14.699389809000081 ], [ 121.166824350000184, 14.699670015000152 ], [ 121.167309483000054, 14.700142600999982 ], [ 121.167368033000116, 14.70046462900018 ], [ 121.166828532000181, 14.701459988000011 ], [ 121.164989694000042, 14.705388885000104 ], [ 121.165317975000107, 14.705480074000093 ], [ 121.166558150000014, 14.705416242000183 ] ] ] } },
{ "type": "Feature", "properties": { "psgc_code": "0405811015", "name": "Santo Niño", "region": "Region IV-A (Calabarzon)", "province": "Rizal", "municipality": "San Mateo", "barangay": "Santo Niño", "level": "barangay" }, "geometry": { "type": "Polygon", "coordinates": [ [ [ 121.136504512000101, 14.673918675000039 ], [ 121.137352399000179, 14.673306707000052 ], [ 121.137292643000023, 14.672240049000038 ], [ 121.137577120000174, 14.671666147 ], [ 121.137760301000185, 14.670800005000103 ], [ 121.137499332000175, 14.670093457000064 ], [ 121.1374638770003, 14.669538010000053 ], [ 121.136796809000202, 14.668278053000165 ], [ 121.136017569000046, 14.666553093000061 ], [ 121.136082271000078, 14.66648536200006 ], [ 121.135911937000174, 14.666176493000023 ], [ 121.135590089000175, 14.666087063000077 ], [ 121.135513462000176, 14.665853835000121 ], [ 121.134172206000017, 14.665729911000028 ], [ 121.133610838000095, 14.665511221000031 ], [ 121.133328352000035, 14.665574608000043 ], [ 121.1330331260001, 14.66577411500009 ], [ 121.132703664000019, 14.666298489000155 ], [ 121.131079579000016, 14.667247046000057 ], [ 121.131211171000018, 14.667669048000107 ], [ 121.131206633000033, 14.667832403000034 ], [ 121.131079579000016, 14.667950382000129 ], [ 121.12950955000008, 14.668694558000084 ], [ 121.128865203000146, 14.668776236000099 ], [ 121.128161866000255, 14.66903942 ], [ 121.127236184000026, 14.669180087000029 ], [ 121.126147147000097, 14.669974176999972 ], [ 121.125743296000337, 14.670101231000046 ], [ 121.125778832000265, 14.670265142000176 ], [ 121.127234991000023, 14.670554762000165 ], [ 121.12841750400014, 14.670689244000073 ], [ 121.128865836000045, 14.670456693000119 ], [ 121.129033850000155, 14.670643908000045 ], [ 121.129134657, 14.670639108000046 ], [ 121.130002325000078, 14.670288680000169 ], [ 121.130182340000147, 14.670576703000108 ], [ 121.130815311000333, 14.67023679700003 ], [ 121.131557096000165, 14.670078550000028 ], [ 121.131733245000078, 14.670302838999987 ], [ 121.131997694, 14.670406945000082 ], [ 121.133018513000025, 14.671326185000112 ], [ 121.133701962000032, 14.672545920000061 ], [ 121.134049447000052, 14.67280978500014 ], [ 121.134133066000118, 14.673021621000089 ], [ 121.134497275000172, 14.672902696000108 ], [ 121.135389214000156, 14.673712874000159 ], [ 121.135864915000184, 14.673883830000079 ], [ 121.136504512000101, 14.673918675000039 ] ] ] } },
{ "type": "Feature", "properties": { "psgc_code": "0405811016", "name": "Silangan", "region": "Region IV-A (Calabarzon)", "province": "Rizal", "municipality": "San Mateo", "barangay": "Silangan", "level": "barangay" }, "geometry": { "type": "Polygon", "coordinates": [ [ [ 121.144066750000093, 14.674607019000177 ], [ 121.145057513000097, 14.674098782000101 ], [ 121.14615718500022, 14.673360149000189 ], [ 121.147355591000064, 14.674429983999971 ], [ 121.148578867000197, 14.674815608000074 ], [ 121.149142198000163, 14.676057436000178 ], [ 121.150359441000091, 14.675347473000159 ], [ 121.150743113000203, 14.674188076000064 ], [ 121.151305546000117, 14.671937458000173 ], [ 121.152960219000306, 14.669530431000055 ], [ 121.155456916000048, 14.669689057000028 ], [ 121.157065571000203, 14.671066670000073 ], [ 121.158406974000059, 14.671760222000046 ], [ 121.158733848000111, 14.672317996 ], [ 121.158802625000021, 14.672666983000056 ], [ 121.158991617000197, 14.672672461000161 ], [ 121.159323037000036, 14.673075096000161 ], [ 121.159714716000053, 14.673102486000118 ], [ 121.159895491000043, 14.672908016000179 ], [ 121.160525463000113, 14.672853236000094 ], [ 121.161201999000127, 14.672855975000061 ], [ 121.161405370000011, 14.672944993000101 ], [ 121.161595693000208, 14.67281829 ], [ 121.161546814000303, 14.672496263000141 ], [ 121.16177970800004, 14.672010348000128 ], [ 121.16162732100031, 14.671314541000072 ], [ 121.161690576000296, 14.671153527000058 ], [ 121.161989601000073, 14.670995389000097 ], [ 121.161837213000126, 14.670377213000108 ], [ 121.161702077000086, 14.670173072000182 ], [ 121.162495642000295, 14.669129361000103 ], [ 121.163355009000043, 14.669165054000075 ], [ 121.163476914000171, 14.668996624000044 ], [ 121.163679501000161, 14.668963645000019 ], [ 121.163865598000143, 14.668794037000055 ], [ 121.164112942000202, 14.668857640000056 ], [ 121.164369709000198, 14.668756347000112 ], [ 121.164680656000087, 14.668770481000024 ], [ 121.164734836000093, 14.668692744000111 ], [ 121.165064628000096, 14.668892975000063 ], [ 121.16530726100018, 14.668834084000082 ], [ 121.165413265000211, 14.668775192000169 ], [ 121.165566383000055, 14.668280504000109 ], [ 121.178266736000296, 14.661098319000132 ], [ 121.173103538000305, 14.660303981000141 ], [ 121.170137784000076, 14.657559681000066 ], [ 121.166392641000243, 14.65596664200018 ], [ 121.166064819000098, 14.654201446000116 ], [ 121.16271094800004, 14.656496204000121 ], [ 121.158028603000048, 14.653614478000065 ], [ 121.157800992000034, 14.653971273000025 ], [ 121.157554927000206, 14.654026638000062 ], [ 121.156656788000191, 14.653620629000102 ], [ 121.155746345000125, 14.653066982000041 ], [ 121.155451027000026, 14.65253183100009 ], [ 121.154872773000079, 14.652476466000053 ], [ 121.15469437600018, 14.652384192000056 ], [ 121.154577534000055, 14.652236511000183 ], [ 121.154497563000177, 14.651756683000087 ], [ 121.154251497000018, 14.651129216000129 ], [ 121.154140768000048, 14.651067699000123 ], [ 121.154036190000056, 14.651110761000098 ], [ 121.153845489000219, 14.650969273000101 ], [ 121.153550210000049, 14.650427929000102 ], [ 121.153253906000032, 14.650134701000184 ], [ 121.152671551000026, 14.649310381000191 ], [ 121.152511609000157, 14.648908474000052 ], [ 121.151711896000165, 14.648436849 ], [ 121.150912183000173, 14.647436182000092 ], [ 121.149960729000099, 14.647358261000136 ], [ 121.149128207000103, 14.64742387900003 ], [ 121.148689391000062, 14.647784775000048 ], [ 121.148357202000057, 14.647842190000119 ], [ 121.148230068000203, 14.647776573000101 ], [ 121.148152148000122, 14.647386969000024 ], [ 121.14780355500011, 14.64670618800011 ], [ 121.147565691000182, 14.646468324000125 ], [ 121.147139178000202, 14.646480628000063 ], [ 121.146483003000299, 14.646825119000084 ], [ 121.145880142000124, 14.646771805000128 ], [ 121.144879476000028, 14.645955688000186 ], [ 121.144945093000047, 14.645328221000057 ], [ 121.144842566000193, 14.644979628000044 ], [ 121.144493973000067, 14.64451620400007 ], [ 121.144104369000161, 14.644179915000052 ], [ 121.143980133000014, 14.643882658000052 ], [ 121.143798627000024, 14.643846356999973 ], [ 121.143698798000059, 14.643555947000095 ], [ 121.143313097000032, 14.643260999000063 ], [ 121.143004537000138, 14.642208263000157 ], [ 121.142859332000057, 14.642103897000084 ], [ 121.142183221000209, 14.642289941000172 ], [ 121.141153173000021, 14.642262715000072 ], [ 121.140209341000059, 14.64201768200013 ], [ 121.139374413000155, 14.642625728000155 ], [ 121.139029551000021, 14.643524183000181 ], [ 121.138947873, 14.644531543000028 ], [ 121.139183831000196, 14.645625118000169 ], [ 121.138925185000062, 14.64658710100008 ], [ 121.137917825000045, 14.647299513000064 ], [ 121.13739599500002, 14.648325022999984 ], [ 121.136787949000336, 14.648406701 ], [ 121.136456700000053, 14.648329560000093 ], [ 121.136193516000048, 14.647925709 ], [ 121.135503793000112, 14.647363040000073 ], [ 121.134591724000074, 14.646886586000107 ], [ 121.13387023700011, 14.646941037999966 ], [ 121.132658683000273, 14.647458331000053 ], [ 121.132617844000038, 14.647639837000156 ], [ 121.132704059000162, 14.647966548000113 ], [ 121.134673402000089, 14.648751562000029 ], [ 121.134854908000193, 14.64894668200003 ], [ 121.135290523000094, 14.649799761000168 ], [ 121.135794202000056, 14.650126472000125 ], [ 121.136493001000076, 14.650444108000102 ], [ 121.13664727600019, 14.651006783000014 ], [ 121.136615511000059, 14.651260891000106 ], [ 121.136502071000109, 14.651397020000104 ], [ 121.135472029000198, 14.651687425000034 ], [ 121.134818607000284, 14.652227406000065 ], [ 121.133856624000032, 14.652658484000028 ], [ 121.133389245000103, 14.653375433000065 ], [ 121.133375632000025, 14.653693069000099 ], [ 121.133439159000204, 14.653797435000172 ], [ 121.134464669000181, 14.654437245 ], [ 121.134727853000072, 14.65471404200008 ], [ 121.134755079000229, 14.655204108000135 ], [ 121.134609874000148, 14.65585299300011 ], [ 121.134823144000052, 14.656506415000138 ], [ 121.135036414000069, 14.657663518000049 ], [ 121.134936586000208, 14.658516597000016 ], [ 121.134868521000158, 14.658852383000124 ], [ 121.134528197000236, 14.659142793000171 ], [ 121.134287701000062, 14.65962832200006 ], [ 121.13394737700014, 14.659855205000099 ], [ 121.133430084000111, 14.660985080999978 ], [ 121.132944555000108, 14.661352631 ], [ 121.132522553000058, 14.662269238000079 ], [ 121.131701237000129, 14.663603308000177 ], [ 121.130743792000203, 14.664669657000047 ], [ 121.130648501000223, 14.664855701000135 ], [ 121.130671190000044, 14.665563576000181 ], [ 121.130752867000183, 14.665736007000135 ], [ 121.130734717000109, 14.666167084000051 ], [ 121.130816395000124, 14.666471107000064 ], [ 121.130761943000039, 14.666648075000126 ], [ 121.131079579000016, 14.667247046000057 ], [ 121.132703664000019, 14.666298489000155 ], [ 121.1330331260001, 14.66577411500009 ], [ 121.133328352000035, 14.665574608000043 ], [ 121.133610838000095, 14.665511221000031 ], [ 121.134172206000017, 14.665729911000028 ], [ 121.135513462000176, 14.665853835000121 ], [ 121.135590089000175, 14.666087063000077 ], [ 121.135911937000174, 14.666176493000023 ], [ 121.136082271000078, 14.66648536200006 ], [ 121.136017569000046, 14.666553093000061 ], [ 121.136796809000202, 14.668278053000165 ], [ 121.1374638770003, 14.669538010000053 ], [ 121.137499332000175, 14.670093457000064 ], [ 121.137760301000185, 14.670800005000103 ], [ 121.137577120000174, 14.671666147 ], [ 121.137292643000023, 14.672240049000038 ], [ 121.137352399000179, 14.673306707000052 ], [ 121.136671251000053, 14.67374484100003 ], [ 121.136504512000101, 14.673918675000039 ], [ 121.136488548000216, 14.674087188000044 ], [ 121.136570143000085, 14.674347940000132 ], [ 121.136759942000026, 14.674488071999974 ], [ 121.136951515000192, 14.674459691000038 ], [ 121.137077457000146, 14.674158141000134 ], [ 121.137210493000111, 14.674037521000116 ], [ 121.137700068000072, 14.674007366000183 ], [ 121.138214476000144, 14.674287630000094 ], [ 121.138328001000218, 14.674645942000097 ], [ 121.138084987000184, 14.675321769000163 ], [ 121.137627341000325, 14.675823760000185 ], [ 121.13707923000004, 14.676079191000099 ], [ 121.136914265000087, 14.676503134000086 ], [ 121.137072135000039, 14.67694659 ], [ 121.137540424, 14.677061888000139 ], [ 121.137687651000192, 14.676928851000071 ], [ 121.138090309000063, 14.676779850000059 ], [ 121.138255274000016, 14.676928851000071 ], [ 121.138290751000113, 14.677200246000041 ], [ 121.137932439000224, 14.677613547000021 ], [ 121.137467697000261, 14.6779275130001 ], [ 121.136458393000112, 14.679273844000022 ], [ 121.136281010000062, 14.679699561000177 ], [ 121.144066750000093, 14.674607019000177 ] ] ] } },
{ "type": "Feature", "properties": { "psgc_code": "0405812001", "name": "Cayabu", "region": "Region IV-A (Calabarzon)", "province": "Rizal", "municipality": "Tanay", "barangay": "Cayabu", "level": "barangay" }, "geometry": { "type": "Polygon", "coordinates": [ [ [ 121.328726016000132, 14.667252891999965 ], [ 121.330564406, 14.666994567000188 ], [ 121.332388351000191, 14.667119382000124 ], [ 121.333794824000279, 14.666902451000055 ], [ 121.341027033000159, 14.666826214000025 ], [ 121.354651616000069, 14.667549564000183 ], [ 121.35295287200006, 14.661251262000064 ], [ 121.35185170900013, 14.659329675000151 ], [ 121.346900368000206, 14.658476501999985 ], [ 121.344150037000077, 14.657900879000067 ], [ 121.33385057400028, 14.656448372000057 ], [ 121.331970535000096, 14.656707100000119 ], [ 121.329024011000342, 14.657760764000102 ], [ 121.326834832000145, 14.658309676000044 ], [ 121.324770680000029, 14.65913858600004 ], [ 121.326834832000145, 14.663916915000073 ], [ 121.327446750000149, 14.666455564000103 ], [ 121.327227196000081, 14.668036635000078 ], [ 121.328726016000132, 14.667252891999965 ] ] ] } },
{ "type": "Feature", "properties": { "psgc_code": "0405812002", "name": "Cuyambay", "region": "Region IV-A (Calabarzon)", "province": "Rizal", "municipality": "Tanay", "barangay": "Cuyambay", "level": "barangay" }, "geometry": { "type": "Polygon", "coordinates": [ [ [ 121.376699894000012, 14.628620539000167 ], [ 121.377636266000081, 14.622976054000048 ], [ 121.378281843000082, 14.621407140000088 ], [ 121.379301916000031, 14.617742173000181 ], [ 121.379948147000164, 14.614899575000152 ], [ 121.381362755000282, 14.611950133 ], [ 121.38179328700005, 14.610291072000166 ], [ 121.382348547000106, 14.609229888000073 ], [ 121.38266159900013, 14.608909940999979 ], [ 121.382868837000046, 14.60853089799997 ], [ 121.383333249000088, 14.606660576000138 ], [ 121.383065682000051, 14.606368813000074 ], [ 121.382658409000214, 14.604984067999965 ], [ 121.382817117000059, 14.604362279000156 ], [ 121.382813887000111, 14.603849818000128 ], [ 121.382227833000115, 14.603114026000128 ], [ 121.382196438000051, 14.601735843000085 ], [ 121.382424504000141, 14.600955756000076 ], [ 121.382409691000021, 14.600019472999975 ], [ 121.382048547000181, 14.599841739000055 ], [ 121.382041926000056, 14.599487805000081 ], [ 121.382245884000099, 14.59916882400006 ], [ 121.382323038000095, 14.598608522000063 ], [ 121.382104837000043, 14.598137253000061 ], [ 121.381153943000072, 14.596743752000123 ], [ 121.380968916000143, 14.596334067000043 ], [ 121.381133705000025, 14.595787261000112 ], [ 121.381124912000018, 14.595384111000158 ], [ 121.380734208000035, 14.595054631000096 ], [ 121.380088229000194, 14.594724444 ], [ 121.379728585000066, 14.593823482000062 ], [ 121.380935511000075, 14.593257954000023 ], [ 121.381102424000119, 14.592757475999974 ], [ 121.381066415000078, 14.592433172000142 ], [ 121.380722522000156, 14.591728673000034 ], [ 121.380307967000022, 14.590524770000172 ], [ 121.380076693000092, 14.590199719 ], [ 121.379984255000068, 14.589685833000146 ], [ 121.379328209000164, 14.589385046000189 ], [ 121.379294729000094, 14.589041622000025 ], [ 121.379007956, 14.588410194000176 ], [ 121.378702894000071, 14.588880868000047 ], [ 121.377877185000216, 14.589609171000177 ], [ 121.376754749000042, 14.59007396200019 ], [ 121.375666477000095, 14.589281432000121 ], [ 121.375169918000097, 14.588814263000131 ], [ 121.374598635000211, 14.587963240000136 ], [ 121.374433744000157, 14.587565229000177 ], [ 121.373919538000223, 14.587296776000073 ], [ 121.373483955000097, 14.586850416000061 ], [ 121.37314129500021, 14.586039336000113 ], [ 121.372571017000269, 14.585489960000132 ], [ 121.372551793000071, 14.585262203000013 ], [ 121.37164335500006, 14.584264139000084 ], [ 121.370443415000068, 14.583714049000037 ], [ 121.367846032000216, 14.584145074000048 ], [ 121.364110259000086, 14.584059554000078 ], [ 121.361320263000039, 14.579848619000131 ], [ 121.361002026000051, 14.577846515000033 ], [ 121.365827277000108, 14.570924511000158 ], [ 121.349779629000068, 14.570241591000126 ], [ 121.345479909000119, 14.569898831000046 ], [ 121.34486293100008, 14.569572124000103 ], [ 121.344171809000272, 14.568963543999985 ], [ 121.343978001000096, 14.568564511000091 ], [ 121.342780894000043, 14.567833721000056 ], [ 121.342285073000312, 14.567339897000068 ], [ 121.342256109000232, 14.566914510000117 ], [ 121.341662016000214, 14.566349726999988 ], [ 121.341439670000113, 14.565942085000017 ], [ 121.341336457000011, 14.564910741000119 ], [ 121.341083851, 14.563914230000023 ], [ 121.341065749000109, 14.563549788000046 ], [ 121.340657053000086, 14.562091832000021 ], [ 121.340317285000083, 14.561553387000174 ], [ 121.339036582000062, 14.560818974000085 ], [ 121.338699744000223, 14.561322786000176 ], [ 121.337822453000058, 14.561850613000047 ], [ 121.337661663000063, 14.562089331000095 ], [ 121.337740997000083, 14.562558325 ], [ 121.337614785000028, 14.563036465000152 ], [ 121.337740629000223, 14.563501172000144 ], [ 121.337690450000196, 14.564151203000165 ], [ 121.337959197000146, 14.564838750000149 ], [ 121.337931818000129, 14.566083408999987 ], [ 121.338302210000052, 14.566431452000131 ], [ 121.338238082000089, 14.566958738000039 ], [ 121.337771872000189, 14.567339646000107 ], [ 121.337532345000227, 14.567647397000087 ], [ 121.337344155000096, 14.568550056000049 ], [ 121.337829620000207, 14.570111090000069 ], [ 121.297258276000093, 14.569564385000092 ], [ 121.297475373000225, 14.569822237999972 ], [ 121.297437635000051, 14.570633542000166 ], [ 121.297200638000049, 14.571748261000096 ], [ 121.29697025400003, 14.572183057000188 ], [ 121.306268608000096, 14.572951736000107 ], [ 121.305348522000145, 14.57507854000005 ], [ 121.305443939000156, 14.577985903000183 ], [ 121.309695612000269, 14.584499703000176 ], [ 121.310799319000012, 14.584830816000135 ], [ 121.311130432000141, 14.58507915000007 ], [ 121.311295988000211, 14.585410262000096 ], [ 121.311523640000019, 14.585418342000082 ], [ 121.311491888000205, 14.58621214700014 ], [ 121.310729835000302, 14.587101208000036 ], [ 121.310698083000034, 14.58900634000014 ], [ 121.310285305000093, 14.589482622999981 ], [ 121.310221800000136, 14.590054162000115 ], [ 121.308983465000097, 14.590625701000079 ], [ 121.308761199000173, 14.591546515000061 ], [ 121.307306009000172, 14.591618136000022 ], [ 121.300473878000048, 14.589292109000041 ], [ 121.297692792000134, 14.591232320000074 ], [ 121.29529881700023, 14.59362719600017 ], [ 121.29454126600001, 14.594950401000176 ], [ 121.294789335000019, 14.595956014000137 ], [ 121.296101028000066, 14.596752178000088 ], [ 121.297955624000224, 14.597424635000039 ], [ 121.298855808000098, 14.599156908000111 ], [ 121.300663693000047, 14.600014117000057 ], [ 121.301046338000106, 14.601418547000094 ], [ 121.301831111000183, 14.600596113999984 ], [ 121.303070356000148, 14.601465611000094 ], [ 121.302463051000018, 14.603349733000016 ], [ 121.303011690000062, 14.604750108000189 ], [ 121.30410935000009, 14.606158911000136 ], [ 121.305205840000212, 14.608524670000179 ], [ 121.305984360000025, 14.608537793000096 ], [ 121.306148391000306, 14.608182697000075 ], [ 121.30648332300018, 14.608004464000146 ], [ 121.307212685000081, 14.607977737000169 ], [ 121.307818464000206, 14.608130514000095 ], [ 121.308127715000296, 14.608391213000061 ], [ 121.308218237, 14.60856667000013 ], [ 121.308349280000243, 14.609380627000064 ], [ 121.308562945000062, 14.609703311000089 ], [ 121.309832698000037, 14.610661335000145 ], [ 121.31043046100001, 14.611373873000105 ], [ 121.31165728100018, 14.612063935000037 ], [ 121.313468959000147, 14.612165800000184 ], [ 121.314237142000025, 14.611767822000104 ], [ 121.31540058500002, 14.611425832000066 ], [ 121.31584361500029, 14.610826564000035 ], [ 121.315990662000104, 14.610731862000023 ], [ 121.316973647000054, 14.610516477000033 ], [ 121.318199428000071, 14.609404394000137 ], [ 121.318378080000116, 14.60870163300018 ], [ 121.318217678000224, 14.608300727000028 ], [ 121.317616853000118, 14.607971478000081 ], [ 121.317350888000078, 14.607646702000011 ], [ 121.317225294000309, 14.606807335000099 ], [ 121.31743790500002, 14.606335387000172 ], [ 121.317743397000072, 14.606133561000149 ], [ 121.318523241000321, 14.605996730000129 ], [ 121.31872781900006, 14.605875260000175 ], [ 121.31954372600012, 14.6066786290001 ], [ 121.320156478000058, 14.609419787000093 ], [ 121.320511122000084, 14.612047369999971 ], [ 121.32057685500024, 14.612117026000078 ], [ 121.318168117000027, 14.614221367000027 ], [ 121.317039511000303, 14.617884378000099 ], [ 121.316056328000059, 14.6203756110001 ], [ 121.316065733000073, 14.620620871000142 ], [ 121.314167271000201, 14.624065992000169 ], [ 121.313287299000194, 14.627381087000117 ], [ 121.320306525000092, 14.626295222000067 ], [ 121.333025597000187, 14.626395446000174 ], [ 121.345722057000103, 14.627233477000175 ], [ 121.356119403000093, 14.627572015999988 ], [ 121.376699894000012, 14.628620539000167 ] ] ] } },
{ "type": "Feature", "properties": { "psgc_code": "0405812003", "name": "Daraitan", "region": "Region IV-A (Calabarzon)", "province": "Rizal", "municipality": "Tanay", "barangay": "Daraitan", "level": "barangay" }, "geometry": { "type": "Polygon", "coordinates": [ [ [ 121.415797135000162, 14.627965106000033 ], [ 121.441737023000201, 14.622482465000189 ], [ 121.439535694000028, 14.603987708000147 ], [ 121.441152143000181, 14.604785113000105 ], [ 121.443986147000146, 14.602748851000058 ], [ 121.444020450000039, 14.601351178000129 ], [ 121.44458317200008, 14.599987260999967 ], [ 121.445322134000094, 14.598793670000077 ], [ 121.446801390000132, 14.598417770000083 ], [ 121.44838657400021, 14.598416774000157 ], [ 121.448949829000185, 14.597870974000102 ], [ 121.448667150000119, 14.596575716000075 ], [ 121.449053954000192, 14.595552739000084 ], [ 121.450075359000039, 14.595313440999973 ], [ 121.451050535000036, 14.595215478000171 ], [ 121.44111363900015, 14.587291411000081 ], [ 121.441320181000037, 14.586056965000068 ], [ 121.441302655000186, 14.585488492000025 ], [ 121.441192701000091, 14.585186049000129 ], [ 121.441502254000056, 14.585137586000144 ], [ 121.442379909000124, 14.585447237999972 ], [ 121.44256587700022, 14.585227876000147 ], [ 121.442572985000083, 14.584319701000027 ], [ 121.443286633000184, 14.582887395 ], [ 121.443169758000181, 14.582128580000187 ], [ 121.442933898000206, 14.581390083000088 ], [ 121.441984016000106, 14.579745051999964 ], [ 121.441581186, 14.578892054000107 ], [ 121.441562291000309, 14.578489869000123 ], [ 121.440820551000229, 14.577092939000181 ], [ 121.4401580870001, 14.577139106 ], [ 121.439888775000099, 14.577062594000097 ], [ 121.439458598000101, 14.576582958000188 ], [ 121.439249061000055, 14.576554204000104 ], [ 121.438308485000221, 14.576950547000138 ], [ 121.437664918000337, 14.576701538000066 ], [ 121.437080390000119, 14.576066514000104 ], [ 121.436807067000018, 14.576028749000045 ], [ 121.43651022500012, 14.575860831000057 ], [ 121.435849014000041, 14.574932320000016 ], [ 121.435065002000215, 14.574219005999964 ], [ 121.434872809000012, 14.574277681000126 ], [ 121.434441160000233, 14.574245369000153 ], [ 121.434135142000173, 14.574397381000097 ], [ 121.433871094000324, 14.574351372000081 ], [ 121.433542021000221, 14.574529584000118 ], [ 121.433251784000049, 14.574790150000183 ], [ 121.432977145000336, 14.57525187900012 ], [ 121.432627583000226, 14.575445907000187 ], [ 121.432207675000086, 14.576036074000058 ], [ 121.431532053000183, 14.576407846000109 ], [ 121.430913996000072, 14.576382373 ], [ 121.430665131000183, 14.57579694400016 ], [ 121.430254066000202, 14.575923299000067 ], [ 121.429307320000021, 14.575717617000066 ], [ 121.42883667500007, 14.575105519999966 ], [ 121.427483097000163, 14.574045963000174 ], [ 121.427034897000226, 14.573424861000092 ], [ 121.426719523000088, 14.573190957000122 ], [ 121.426492819000146, 14.572752863000119 ], [ 121.426010637000218, 14.572577253000134 ], [ 121.425682504000292, 14.57264830400004 ], [ 121.425297289000127, 14.573011869000027 ], [ 121.425168734000067, 14.573016639000059 ], [ 121.424924438000062, 14.572865164000063 ], [ 121.424494091000156, 14.572344379000072 ], [ 121.424370529000043, 14.571935642000085 ], [ 121.424050914000304, 14.571717973000091 ], [ 121.423917194000069, 14.571498619000067 ], [ 121.423435339000093, 14.571094616000096 ], [ 121.422979361000216, 14.569999444000075 ], [ 121.422511056000076, 14.569660492000139 ], [ 121.422201872000073, 14.569646412 ], [ 121.421989648000135, 14.569434619000162 ], [ 121.421837889000244, 14.56893521000012 ], [ 121.421911020000039, 14.567993063000074 ], [ 121.422052978000011, 14.567485976000114 ], [ 121.422565029000225, 14.566509051000025 ], [ 121.422348124000109, 14.565977503000113 ], [ 121.418791481000085, 14.565509877000125 ], [ 121.413364909000165, 14.563920338000173 ], [ 121.411050619000321, 14.561618545000044 ], [ 121.40802320000023, 14.560145022000086 ], [ 121.405193859000178, 14.559768920000067 ], [ 121.404266498000084, 14.560489406000158 ], [ 121.403814895000096, 14.561142075000078 ], [ 121.403633845000058, 14.561884185 ], [ 121.401010215000042, 14.565655889000141 ], [ 121.400659545000167, 14.567467253000075 ], [ 121.400780217000033, 14.568461933000151 ], [ 121.401070503000028, 14.569279717000143 ], [ 121.40133215700007, 14.569391507000148 ], [ 121.402706579000096, 14.569419448000076 ], [ 121.403526740000189, 14.57009697500007 ], [ 121.403997169000036, 14.570322893000139 ], [ 121.405012278000186, 14.571031472000016 ], [ 121.405745640000077, 14.571092521000025 ], [ 121.406485960000055, 14.570922271000143 ], [ 121.407243552000182, 14.571094641 ], [ 121.407490966000069, 14.571453448000113 ], [ 121.407581479000214, 14.57196742800005 ], [ 121.40742836000004, 14.572818916000131 ], [ 121.406906350000213, 14.57365675300008 ], [ 121.406378784000026, 14.574111993000088 ], [ 121.406222149000314, 14.574409884000147 ], [ 121.406346701000189, 14.574607502000163 ], [ 121.406610858000022, 14.574705835000032 ], [ 121.407841454000277, 14.574199755999985 ], [ 121.408269958, 14.574273350000055 ], [ 121.409311692000074, 14.576503511000112 ], [ 121.409667049000063, 14.576828193000154 ], [ 121.410077906000083, 14.576574151999978 ], [ 121.41045238200013, 14.576897540000118 ], [ 121.411104459000171, 14.576913342000182 ], [ 121.411500115000081, 14.577121983000097 ], [ 121.41193706200022, 14.577564151000104 ], [ 121.413012809000179, 14.577531251000039 ], [ 121.413751431000151, 14.577806612000188 ], [ 121.414923998000063, 14.579215296000029 ], [ 121.415242875000104, 14.579121877000034 ], [ 121.416017772000032, 14.57831574000005 ], [ 121.416590241000222, 14.578397694000046 ], [ 121.416930598000022, 14.578964860999974 ], [ 121.416928941000151, 14.579564643000083 ], [ 121.416246476000083, 14.580074289000152 ], [ 121.415969400000108, 14.580425192000121 ], [ 121.415948434000143, 14.581008566000094 ], [ 121.416243109000106, 14.581739418000154 ], [ 121.417027499000142, 14.583141200000114 ], [ 121.416417018000175, 14.583816231000128 ], [ 121.411344708000229, 14.60346419200016 ], [ 121.409168469000065, 14.61636551600003 ], [ 121.411792065000213, 14.623749520000104 ], [ 121.411707024000066, 14.624716383000077 ], [ 121.412452161000147, 14.624456738 ], [ 121.412994986000172, 14.62451771100018 ], [ 121.413544602000229, 14.624899736999964 ], [ 121.414317168000025, 14.62553313899997 ], [ 121.414711837000027, 14.627011105000065 ], [ 121.41470593300005, 14.627555894000125 ], [ 121.415432466000084, 14.627909780999971 ], [ 121.415797135000162, 14.627965106000033 ] ] ] } },
{ "type": "Feature", "properties": { "psgc_code": "0405812004", "name": "Katipunan-Bayan (Pob.)", "region": "Region IV-A (Calabarzon)", "province": "Rizal", "municipality": "Tanay", "barangay": "Katipunan-Bayan (Pob.)", "level": "barangay" }, "geometry": { "type": "Polygon", "coordinates": [ [ [ 121.280294914000024, 14.515225985000029 ], [ 121.280737319000082, 14.515138801000091 ], [ 121.282192387000237, 14.514451562000033 ], [ 121.282029722000061, 14.514324430000158 ], [ 121.282856734000234, 14.511422720000041 ], [ 121.284972458000311, 14.509816303000093 ], [ 121.287967511000033, 14.505877109000096 ], [ 121.288831947000176, 14.504111187000035 ], [ 121.288287181000214, 14.50346317900005 ], [ 121.289156246000061, 14.502033319000077 ], [ 121.28830398800028, 14.50136379800017 ], [ 121.285071701000106, 14.4992376780001 ], [ 121.285336370000095, 14.498761506000164 ], [ 121.285156212000061, 14.498610611000174 ], [ 121.285216351000031, 14.49820502700004 ], [ 121.285123029000033, 14.497810552000146 ], [ 121.284916383000223, 14.497996693 ], [ 121.2846178960001, 14.498056753000185 ], [ 121.284451208000178, 14.498348941000017 ], [ 121.282040663000089, 14.509184 ], [ 121.281655016000059, 14.510535932000039 ], [ 121.280047438000111, 14.515192613000124 ], [ 121.280294914000024, 14.515225985000029 ] ] ] } },
{ "type": "Feature", "properties": { "psgc_code": "0405812005", "name": "Kaybuto (Pob.)", "region": "Region IV-A (Calabarzon)", "province": "Rizal", "municipality": "Tanay", "barangay": "Kaybuto (Pob.)", "level": "barangay" }, "geometry": { "type": "MultiPolygon", "coordinates": [ [ [ [ 121.280647570000042, 14.513539642000069 ], [ 121.282040663000089, 14.509184 ], [ 121.284451208000178, 14.498348941000017 ], [ 121.2846178960001, 14.498056753000185 ], [ 121.284916383000223, 14.497996693 ], [ 121.285235205000163, 14.497696730000143 ], [ 121.282281560000115, 14.496140855000135 ], [ 121.275438317000066, 14.495445880000091 ], [ 121.275312285000155, 14.495632556999965 ], [ 121.274920376000296, 14.495802655000034 ], [ 121.274875324000163, 14.495888812000146 ], [ 121.275198004000345, 14.496634979000135 ], [ 121.274900924000121, 14.497169024000186 ], [ 121.275022721000141, 14.497489924000092 ], [ 121.275278271000161, 14.497733967000102 ], [ 121.275303363000148, 14.497933075000105 ], [ 121.275142377000066, 14.498087571000099 ], [ 121.274760144000197, 14.498153953000042 ], [ 121.274721290000343, 14.49858610800004 ], [ 121.274540542000182, 14.498999923000042 ], [ 121.274445882000123, 14.499760321999986 ], [ 121.274274410000316, 14.500122311000041 ], [ 121.274446522000176, 14.500824129000023 ], [ 121.27473477, 14.501431664000108 ], [ 121.274761504000139, 14.502564852999967 ], [ 121.27467799600015, 14.503031275000012 ], [ 121.274426564000123, 14.503401325000084 ], [ 121.273953408000011, 14.503743799000176 ], [ 121.273135419000141, 14.505052399000078 ], [ 121.27293918700002, 14.505172038000126 ], [ 121.272752033000074, 14.505265798000096 ], [ 121.271970592000116, 14.505294641000091 ], [ 121.27143090800007, 14.505057149000152 ], [ 121.271252330000038, 14.505050396 ], [ 121.271918179000181, 14.507543309000141 ], [ 121.274525027000209, 14.50895481800012 ], [ 121.276154702000099, 14.511492848000159 ], [ 121.277843638000036, 14.512191880999978 ], [ 121.278014194000093, 14.512076330000127 ], [ 121.279339500000219, 14.512731509000048 ], [ 121.280647570000042, 14.513539642000069 ] ] ], [ [ [ 121.276901792000103, 14.49513590600003 ], [ 121.275873574000116, 14.494548177000127 ], [ 121.275566985000069, 14.494838737 ], [ 121.275461585000016, 14.495326322000153 ], [ 121.277032143000156, 14.495457346000137 ], [ 121.277100507000114, 14.495364004000066 ], [ 121.276901792000103, 14.49513590600003 ] ] ] ] } },
{ "type": "Feature", "properties": { "psgc_code": "0405812006", "name": "Laiban", "region": "Region IV-A (Calabarzon)", "province": "Rizal", "municipality": "Tanay", "barangay": "Laiban", "level": "barangay" }, "geometry": { "type": "Polygon", "coordinates": [ [ [ 121.403408515000024, 14.645190997000043 ], [ 121.404749711000022, 14.644270507999977 ], [ 121.404869186000042, 14.643471986000179 ], [ 121.404461308, 14.641022264000185 ], [ 121.404518422000137, 14.640183726999965 ], [ 121.404866518000176, 14.639266049000071 ], [ 121.405627398000092, 14.638627624000094 ], [ 121.406365496000035, 14.638268880000112 ], [ 121.408075032000056, 14.637939024000161 ], [ 121.410151680000126, 14.636614003000034 ], [ 121.41071023800032, 14.636143292000099 ], [ 121.411122170000112, 14.634386258000177 ], [ 121.411515885000085, 14.633436231000189 ], [ 121.412442229000021, 14.632790595000074 ], [ 121.413649953000117, 14.6324226320001 ], [ 121.415855544000124, 14.632384891000072 ], [ 121.416274257000168, 14.632162233000088 ], [ 121.416440358000159, 14.631635152000115 ], [ 121.416432221000264, 14.630872120000049 ], [ 121.415330140000151, 14.629900489000022 ], [ 121.415159352000046, 14.629053810000073 ], [ 121.415370685000198, 14.628479878000178 ], [ 121.415797135000162, 14.627965106000033 ], [ 121.415432466000084, 14.627909780999971 ], [ 121.41470593300005, 14.627555894000125 ], [ 121.414711837000027, 14.627011105000065 ], [ 121.414317168000025, 14.62553313899997 ], [ 121.412994986000172, 14.62451771100018 ], [ 121.412452161000147, 14.624456738 ], [ 121.411707024000066, 14.624716383000077 ], [ 121.411792065000213, 14.623749520000104 ], [ 121.409168469000065, 14.61636551600003 ], [ 121.411344708000229, 14.60346419200016 ], [ 121.416417018000175, 14.583816231000128 ], [ 121.417027499000142, 14.583141200000114 ], [ 121.416243109000106, 14.581739418000154 ], [ 121.415948434000143, 14.581008566000094 ], [ 121.415969400000108, 14.580425192000121 ], [ 121.416246476000083, 14.580074289000152 ], [ 121.416928941000151, 14.579564643000083 ], [ 121.416930598000022, 14.578964860999974 ], [ 121.416590241000222, 14.578397694000046 ], [ 121.416017772000032, 14.57831574000005 ], [ 121.415242875000104, 14.579121877000034 ], [ 121.414923998000063, 14.579215296000029 ], [ 121.413751431000151, 14.577806612000188 ], [ 121.413012809000179, 14.577531251000039 ], [ 121.41193706200022, 14.577564151000104 ], [ 121.411500115000081, 14.577121983000097 ], [ 121.411104459000171, 14.576913342000182 ], [ 121.41045238200013, 14.576897540000118 ], [ 121.410077906000083, 14.576574151999978 ], [ 121.409667049000063, 14.576828193000154 ], [ 121.409311692000074, 14.576503511000112 ], [ 121.408269958, 14.574273350000055 ], [ 121.407841454000277, 14.574199755999985 ], [ 121.406610858000022, 14.574705835000032 ], [ 121.406346701000189, 14.574607502000163 ], [ 121.406222149000314, 14.574409884000147 ], [ 121.406378784000026, 14.574111993000088 ], [ 121.406906350000213, 14.57365675300008 ], [ 121.40742836000004, 14.572818916000131 ], [ 121.407581479000214, 14.57196742800005 ], [ 121.407490966000069, 14.571453448000113 ], [ 121.407243552000182, 14.571094641 ], [ 121.406485960000055, 14.570922271000143 ], [ 121.405745640000077, 14.571092521000025 ], [ 121.405012278000186, 14.571031472000016 ], [ 121.403997169000036, 14.570322893000139 ], [ 121.403526740000189, 14.57009697500007 ], [ 121.402706579000096, 14.569419448000076 ], [ 121.40133215700007, 14.569391507000148 ], [ 121.401070503000028, 14.569279717000143 ], [ 121.400780217000033, 14.568461933000151 ], [ 121.400659545000167, 14.567467253000075 ], [ 121.401010215000042, 14.565655889000141 ], [ 121.403633845000058, 14.561884185 ], [ 121.403208441000061, 14.56194491600013 ], [ 121.402505533000294, 14.561456109000119 ], [ 121.401783539000235, 14.559733562000133 ], [ 121.400838002000114, 14.558964764000109 ], [ 121.400569173000122, 14.558606004000126 ], [ 121.399607773000184, 14.556514776000085 ], [ 121.399206962000108, 14.556269319000137 ], [ 121.398890534000088, 14.556288119000101 ], [ 121.398262932000193, 14.556545761000109 ], [ 121.398125617000119, 14.556449138000175 ], [ 121.398143172000232, 14.555387887000052 ], [ 121.398034008000081, 14.555158290000122 ], [ 121.397407589000068, 14.554428061000181 ], [ 121.397191354000029, 14.554261784 ], [ 121.396932861000209, 14.554193078000026 ], [ 121.396264644000212, 14.554210185000102 ], [ 121.395419551000032, 14.554694020000056 ], [ 121.395160043000033, 14.554480667000121 ], [ 121.395175865000283, 14.553645758000016 ], [ 121.395093264000138, 14.553096751000169 ], [ 121.394751563000341, 14.55281576200008 ], [ 121.394269403000067, 14.55264844300001 ], [ 121.393729989, 14.552654198000084 ], [ 121.393066873000066, 14.552470626000172 ], [ 121.392579354000077, 14.551888056999985 ], [ 121.391456566000102, 14.556539886000053 ], [ 121.390116914000146, 14.571608906000051 ], [ 121.389728778000176, 14.573139686000047 ], [ 121.389605215000188, 14.576220634000038 ], [ 121.389740221000125, 14.585637849000022 ], [ 121.384231736000061, 14.586911171000054 ], [ 121.383964538000214, 14.586947708000139 ], [ 121.383628413000338, 14.586851583999987 ], [ 121.383393565000119, 14.586659720000114 ], [ 121.382430375000013, 14.587083146000168 ], [ 121.382039660000032, 14.586998861000041 ], [ 121.380207970000015, 14.587659028000189 ], [ 121.379007956, 14.588410194000176 ], [ 121.379294729000094, 14.589041622000025 ], [ 121.379328209000164, 14.589385046000189 ], [ 121.379984255000068, 14.589685833000146 ], [ 121.380076693000092, 14.590199719 ], [ 121.380307967000022, 14.590524770000172 ], [ 121.380722522000156, 14.591728673000034 ], [ 121.381066415000078, 14.592433172000142 ], [ 121.381102424000119, 14.592757475999974 ], [ 121.380935511000075, 14.593257954000023 ], [ 121.379728585000066, 14.593823482000062 ], [ 121.380088229000194, 14.594724444 ], [ 121.380734208000035, 14.595054631000096 ], [ 121.381124912000018, 14.595384111000158 ], [ 121.381133705000025, 14.595787261000112 ], [ 121.380968916000143, 14.596334067000043 ], [ 121.381153943000072, 14.596743752000123 ], [ 121.382104837000043, 14.598137253000061 ], [ 121.382323038000095, 14.598608522000063 ], [ 121.382245884000099, 14.59916882400006 ], [ 121.382041926000056, 14.599487805000081 ], [ 121.382048547000181, 14.599841739000055 ], [ 121.382409691000021, 14.600019472999975 ], [ 121.382424504000141, 14.600955756000076 ], [ 121.382196438000051, 14.601735843000085 ], [ 121.382227833000115, 14.603114026000128 ], [ 121.382813887000111, 14.603849818000128 ], [ 121.382817117000059, 14.604362279000156 ], [ 121.382658409000214, 14.604984067999965 ], [ 121.383065682000051, 14.606368813000074 ], [ 121.383333249000088, 14.606660576000138 ], [ 121.382868837000046, 14.60853089799997 ], [ 121.38266159900013, 14.608909940999979 ], [ 121.382348547000106, 14.609229888000073 ], [ 121.38179328700005, 14.610291072000166 ], [ 121.381362755000282, 14.611950133 ], [ 121.379948147000164, 14.614899575000152 ], [ 121.379301916000031, 14.617742173000181 ], [ 121.378281843000082, 14.621407140000088 ], [ 121.377636266000081, 14.622976054000048 ], [ 121.376699894000012, 14.628620539000167 ], [ 121.377347124000153, 14.629838153000037 ], [ 121.378678057000229, 14.631194322000056 ], [ 121.377173560000188, 14.631548199000122 ], [ 121.376260176000073, 14.632210609000026 ], [ 121.373682510000094, 14.636728991000155 ], [ 121.37308579400019, 14.638503039 ], [ 121.371506685000099, 14.641197479000027 ], [ 121.371922290000157, 14.643373769000164 ], [ 121.403054091000058, 14.645571817000132 ], [ 121.403408515000024, 14.645190997000043 ] ] ] } },
{ "type": "Feature", "properties": { "psgc_code": "0405812007", "name": "Mag-Ampon (Pob.)", "region": "Region IV-A (Calabarzon)", "province": "Rizal", "municipality": "Tanay", "barangay": "Mag-Ampon (Pob.)", "level": "barangay" }, "geometry": { "type": "Polygon", "coordinates": [ [ [ 121.288795260000029, 14.50175971200008 ], [ 121.289426325000022, 14.501236604000098 ], [ 121.287754802000109, 14.499903501000063 ], [ 121.286924213000248, 14.499359141000127 ], [ 121.286085516000071, 14.498939643000028 ], [ 121.285853662000022, 14.498753411000109 ], [ 121.286133913000072, 14.498471797999969 ], [ 121.285128317000158, 14.497805180000057 ], [ 121.285216351000031, 14.49820502700004 ], [ 121.285156212000061, 14.498610611000174 ], [ 121.285336370000095, 14.498761506000164 ], [ 121.285071701000106, 14.4992376780001 ], [ 121.28830398800028, 14.50136379800017 ], [ 121.288795260000029, 14.50175971200008 ] ] ] } },
{ "type": "Feature", "properties": { "psgc_code": "0405812008", "name": "Mamuyao", "region": "Region IV-A (Calabarzon)", "province": "Rizal", "municipality": "Tanay", "barangay": "Mamuyao", "level": "barangay" }, "geometry": { "type": "Polygon", "coordinates": [ [ [ 121.373458557000163, 14.701058392 ], [ 121.37652719800019, 14.699695709000139 ], [ 121.37785414200016, 14.69812750300008 ], [ 121.380628662000049, 14.695232352000062 ], [ 121.383161919000145, 14.695594246000155 ], [ 121.388349064000067, 14.694629196000051 ], [ 121.389917270000296, 14.693543514000112 ], [ 121.391726739000205, 14.69306098900006 ], [ 121.393898103000083, 14.691010257000073 ], [ 121.39836146000016, 14.691975308000053 ], [ 121.400170929000069, 14.69064836300015 ], [ 121.404806799000085, 14.690213882000137 ], [ 121.402879271000302, 14.6872280770001 ], [ 121.40285063000033, 14.686078448000103 ], [ 121.403424221000137, 14.685398781000117 ], [ 121.405793111000207, 14.685259657000131 ], [ 121.406773403000102, 14.685432501000037 ], [ 121.407351051000092, 14.684536561000186 ], [ 121.407298788000162, 14.680511166000088 ], [ 121.406400118000079, 14.67973598500015 ], [ 121.405317253000021, 14.679049072000055 ], [ 121.405027127000039, 14.678158624000105 ], [ 121.405890453000097, 14.677619514000071 ], [ 121.407199896000179, 14.677422374000116 ], [ 121.408089388, 14.676785648000191 ], [ 121.408587016000183, 14.675438458000087 ], [ 121.40930065200007, 14.673982864000095 ], [ 121.410348425000166, 14.672328489999984 ], [ 121.410823375000177, 14.670229090000021 ], [ 121.410820759000103, 14.667812216000073 ], [ 121.410028577000162, 14.666828045000102 ], [ 121.40898004800033, 14.666865375000157 ], [ 121.407764404000091, 14.667433555000116 ], [ 121.406758087000071, 14.66755528300007 ], [ 121.406382392000182, 14.666866992000053 ], [ 121.407301553000138, 14.665850026000101 ], [ 121.407720225000276, 14.664874927000142 ], [ 121.407260925000287, 14.663783562000162 ], [ 121.40612887400016, 14.662364281000066 ], [ 121.404886968000028, 14.661738347000153 ], [ 121.404202292000264, 14.660925983000084 ], [ 121.405117236000137, 14.659758989000125 ], [ 121.406219727000121, 14.659138693000159 ], [ 121.406096699000045, 14.657769814000119 ], [ 121.405251576000069, 14.657263267000076 ], [ 121.403609225000309, 14.657328729000142 ], [ 121.402845184000057, 14.656630550000045 ], [ 121.373982327000022, 14.656918340000061 ], [ 121.361163996000187, 14.656768229000136 ], [ 121.358278231000213, 14.660376130000145 ], [ 121.35185170900013, 14.659329675000151 ], [ 121.35295287200006, 14.661251262000064 ], [ 121.356059907000031, 14.672770976000038 ], [ 121.360022303000051, 14.69014410900013 ], [ 121.362717850000081, 14.708406480000122 ], [ 121.373458557000163, 14.701058392 ] ] ] } },
{ "type": "Feature", "properties": { "psgc_code": "0405812009", "name": "Pinagkamaligan (Pob.)", "region": "Region IV-A (Calabarzon)", "province": "Rizal", "municipality": "Tanay", "barangay": "Pinagkamaligan (Pob.)", "level": "barangay" }, "geometry": { "type": "Polygon", "coordinates": [ [ [ 121.285895443000072, 14.497013216000084 ], [ 121.286139012000035, 14.495981767000103 ], [ 121.286121826000226, 14.49469439700016 ], [ 121.284409403000041, 14.494537925000031 ], [ 121.281976354000221, 14.493801270000063 ], [ 121.281737140000018, 14.494630723000057 ], [ 121.284312044000217, 14.495035950999977 ], [ 121.28392842300002, 14.496548892000021 ], [ 121.285895443000072, 14.497013216000084 ] ] ] } },
{ "type": "Feature", "properties": { "psgc_code": "0405812011", "name": "Plaza Aldea (Pob.)", "region": "Region IV-A (Calabarzon)", "province": "Rizal", "municipality": "Tanay", "barangay": "Plaza Aldea (Pob.)", "level": "barangay" }, "geometry": { "type": "Polygon", "coordinates": [ [ [ 121.362654362000171, 14.566479455999968 ], [ 121.362703128000135, 14.549970113000086 ], [ 121.363141938000012, 14.549316823000083 ], [ 121.363260746000037, 14.548844538000139 ], [ 121.363692750000155, 14.548031482 ], [ 121.363239567000051, 14.54794688100003 ], [ 121.362941706000015, 14.54813584600015 ], [ 121.35166358000015, 14.548256758000036 ], [ 121.351609044000043, 14.547697596000091 ], [ 121.351040085000136, 14.546058477000088 ], [ 121.350684863000083, 14.54532449800007 ], [ 121.350545902000022, 14.54556675900011 ], [ 121.350553756000295, 14.546047281000085 ], [ 121.350455005000072, 14.546306701000049 ], [ 121.350299458000222, 14.546455079000054 ], [ 121.3499625070001, 14.546474702000182 ], [ 121.34969239100019, 14.546301309000114 ], [ 121.349610623000331, 14.546143627000049 ], [ 121.349367268000037, 14.545215272000064 ], [ 121.349111090000179, 14.544753666000076 ], [ 121.34885048600006, 14.544565117 ], [ 121.348412748000101, 14.544403187000114 ], [ 121.353447458000119, 14.533079406000127 ], [ 121.354917923000016, 14.526357640000128 ], [ 121.3547543520001, 14.525498864000156 ], [ 121.355921251000041, 14.52394468500006 ], [ 121.355486406000068, 14.523320771000101 ], [ 121.355061611000338, 14.522999921000064 ], [ 121.355038876000322, 14.521701439000083 ], [ 121.354334105000021, 14.521349307000094 ], [ 121.354243167000163, 14.520909141000061 ], [ 121.354334105000021, 14.520512991000146 ], [ 121.354152229000078, 14.520226882000031 ], [ 121.353811211000107, 14.520182865000038 ], [ 121.353811211000107, 14.519962781000118 ], [ 121.354015821000189, 14.519522612 ], [ 121.353652069000077, 14.519038426000122 ], [ 121.353765741000075, 14.517849964000163 ], [ 121.353515661000188, 14.51692559900016 ], [ 121.353265581000073, 14.51692559900016 ], [ 121.352742687000159, 14.516573460000075 ], [ 121.352742687000159, 14.516155293 ], [ 121.352447138000116, 14.515803152000103 ], [ 121.351833305000014, 14.515979223000045 ], [ 121.351515021000182, 14.515957214000082 ], [ 121.351287676000084, 14.515715117000184 ], [ 121.350128214000051, 14.515539046000129 ], [ 121.34935524000025, 14.515891187000022 ], [ 121.349059691000093, 14.515913196000156 ], [ 121.348173043000088, 14.515539046000129 ], [ 121.347695618000103, 14.515539046000129 ], [ 121.347286396000186, 14.515737126000147 ], [ 121.346899909000058, 14.515803152000103 ], [ 121.34653615600007, 14.515671099000087 ], [ 121.346240607000027, 14.515164895000169 ], [ 121.345899589000055, 14.514878780000174 ], [ 121.345808651000198, 14.514350565000086 ], [ 121.345035676000066, 14.514196502000061 ], [ 121.345081145000222, 14.513624268000115 ], [ 121.344330905000106, 14.51349221300012 ], [ 121.344285436000177, 14.513162077000175 ], [ 121.34385348, 14.512831941 ], [ 121.342375734000257, 14.512611849000109 ], [ 121.341898309000157, 14.510234849000085 ], [ 121.341943778000086, 14.510014755000157 ], [ 121.342330265000101, 14.509838680000087 ], [ 121.342853160000118, 14.509904708000022 ], [ 121.343057771000076, 14.509398491000184 ], [ 121.342966832000116, 14.509156387000189 ], [ 121.342648549000046, 14.509002321000082 ], [ 121.342125654000029, 14.509156387000189 ], [ 121.341170803000182, 14.508716197000183 ], [ 121.340920723000067, 14.508011891000024 ], [ 121.34067064300018, 14.507637727000144 ], [ 121.340079545000094, 14.507483660000105 ], [ 121.339920403000065, 14.507175524000161 ], [ 121.339874934000136, 14.506559252000159 ], [ 121.340488767000011, 14.506031018000158 ], [ 121.340466032000222, 14.505260674 ], [ 121.340170483000179, 14.504864496000096 ], [ 121.339420243000063, 14.504886506000162 ], [ 121.338874614000133, 14.504710426000145 ], [ 121.338715472000104, 14.504490327000156 ], [ 121.338829145000204, 14.503984097000171 ], [ 121.339352040000222, 14.503279776000056 ], [ 121.340488767000011, 14.502597463000029 ], [ 121.34010228000011, 14.502025199000116 ], [ 121.339147429000036, 14.501739066000141 ], [ 121.33841992300006, 14.501695046000066 ], [ 121.338238047000118, 14.501849117000063 ], [ 121.33801070200002, 14.502971635000051 ], [ 121.337533276000158, 14.502993645000117 ], [ 121.337396869000031, 14.502861585 ], [ 121.336692098000071, 14.502971635000051 ], [ 121.335964593000313, 14.503653947000032 ], [ 121.335669043000053, 14.50407213699998 ], [ 121.335328025000081, 14.504116157000055 ], [ 121.335077945000307, 14.503741987000012 ], [ 121.335328025000081, 14.503499877000081 ], [ 121.335282556000152, 14.502861585 ], [ 121.334600520000208, 14.50176107599998 ], [ 121.333350120000091, 14.500550511000085 ], [ 121.332486207000102, 14.500374428000043 ], [ 121.332304331000159, 14.500088293000033 ], [ 121.331417683000154, 14.500088293000033 ], [ 121.330849320000084, 14.500462469000126 ], [ 121.330121814000108, 14.50030839700014 ], [ 121.329394309000122, 14.500704583000072 ], [ 121.328962353000065, 14.501122779000013 ], [ 121.328848680000306, 14.502355351000062 ], [ 121.328484927000318, 14.502751534000083 ], [ 121.327916563000031, 14.503059675000088 ], [ 121.327757422000104, 14.503279776000056 ], [ 121.327825625000173, 14.504600376999974 ], [ 121.327780156000017, 14.505084595000085 ], [ 121.327257262000103, 14.504710426000145 ], [ 121.326757102000101, 14.504622386000108 ], [ 121.326552491000143, 14.504776456000116 ], [ 121.326620694000212, 14.505524792000188 ], [ 121.326484287000198, 14.50576690000014 ], [ 121.325347560000182, 14.506119057000092 ], [ 121.32555217100014, 14.506889398000112 ], [ 121.325415764000127, 14.507153515000027 ], [ 121.324665524000011, 14.506867388999979 ], [ 121.324506382000209, 14.506999447000055 ], [ 121.324028956, 14.507109495000122 ], [ 121.323233247000076, 14.506889398000112 ], [ 121.322983167000075, 14.506911408000178 ], [ 121.322869494000088, 14.507197534000056 ], [ 121.323028636000117, 14.507637727000144 ], [ 121.32305137100002, 14.508474092000142 ], [ 121.322687618000032, 14.50867217800004 ], [ 121.320868854000196, 14.508408063000104 ], [ 121.320414164000226, 14.507901843000127 ], [ 121.320323225000038, 14.507197534000056 ], [ 121.32011861400008, 14.50708748600016 ], [ 121.319777596000108, 14.50708748600016 ], [ 121.318231647000175, 14.505348713000103 ], [ 121.317867894000187, 14.505062585000076 ], [ 121.317140389000087, 14.503015655000127 ], [ 121.316867574000071, 14.502817564 ], [ 121.316799371000116, 14.502553443000124 ], [ 121.317072185000029, 14.502289321000092 ], [ 121.317185858000244, 14.502289321000092 ], [ 121.317390469000202, 14.501981178000108 ], [ 121.317640549000089, 14.502025199000116 ], [ 121.318254382000191, 14.501651025000058 ], [ 121.318027036000217, 14.500660562000064 ], [ 121.317731487000174, 14.500616542000159 ], [ 121.317276796000101, 14.500352418000148 ], [ 121.316799371000116, 14.500264376000132 ], [ 121.316662964000102, 14.499714116000121 ], [ 121.31477808000011, 14.499598531000061 ], [ 121.314228310000317, 14.499496545000113 ], [ 121.313480127000162, 14.498899729000129 ], [ 121.312570745000016, 14.498459518 ], [ 121.31241160400009, 14.497865233000141 ], [ 121.31241160400009, 14.497138881000069 ], [ 121.31225246200006, 14.49680872100015 ], [ 121.311661364000202, 14.496676657000023 ], [ 121.310956593000242, 14.496786709999981 ], [ 121.310706513000014, 14.496214431000169 ], [ 121.310501902000055, 14.494981824000035 ], [ 121.309956273000125, 14.494761715000038 ], [ 121.309478847000037, 14.494849759000033 ], [ 121.30906962500012, 14.495289977000084 ], [ 121.308842280000022, 14.495047857000088 ], [ 121.30834212000002, 14.494959813000094 ], [ 121.30781922500023, 14.494497584000158 ], [ 121.307500942000047, 14.494453562000047 ], [ 121.307341800000017, 14.494563616999983 ], [ 121.307296331000089, 14.495245955000144 ], [ 121.307159924000075, 14.495488074000036 ], [ 121.306750702000159, 14.495356009000034 ], [ 121.306023196000183, 14.494585628000152 ], [ 121.30627327600007, 14.49383725500013 ], [ 121.306114135000144, 14.493639155999972 ], [ 121.304854272000057, 14.493092391000118 ], [ 121.304661846000158, 14.493255405000127 ], [ 121.304397259000211, 14.493721162000043 ], [ 121.303964301000065, 14.494745822000084 ], [ 121.302905956000018, 14.495886915000085 ], [ 121.301270334000037, 14.496492390000185 ], [ 121.300717108000072, 14.496864990000063 ], [ 121.299249858000053, 14.496841702000097 ], [ 121.298770480000144, 14.496480004000034 ], [ 121.298134925000227, 14.4965087060001 ], [ 121.296013527000014, 14.49609224500017 ], [ 121.295955109000147, 14.495225511000058 ], [ 121.295525888000043, 14.494348770999977 ], [ 121.294840934000035, 14.493271779000054 ], [ 121.294370739000328, 14.492710844000101 ], [ 121.291889556000115, 14.488877250000144 ], [ 121.291769290000161, 14.488364907000118 ], [ 121.289935753, 14.489870385000188 ], [ 121.28891962900002, 14.491392083000108 ], [ 121.28815101400005, 14.491201458000091 ], [ 121.287915178000048, 14.492084523000074 ], [ 121.287502997000047, 14.492768574000081 ], [ 121.287277661000189, 14.493365910000136 ], [ 121.287307499, 14.493530287000112 ], [ 121.287731264000172, 14.493772671000102 ], [ 121.287227218000226, 14.49453573500017 ], [ 121.286124641000015, 14.494504410000161 ], [ 121.286139012000035, 14.495981767000103 ], [ 121.285895443000072, 14.497013216000084 ], [ 121.286081585000034, 14.497056909000037 ], [ 121.286240611000039, 14.496995258000027 ], [ 121.28643065000017, 14.497542513000099 ], [ 121.286630775000162, 14.497833650000132 ], [ 121.286930565000034, 14.498036767000144 ], [ 121.287840070000129, 14.498230745 ], [ 121.288039305000098, 14.498389385000166 ], [ 121.288549566000029, 14.499369901000136 ], [ 121.289015343000074, 14.499701423000033 ], [ 121.289248778000115, 14.500080365000088 ], [ 121.289599755000154, 14.501163472000087 ], [ 121.290049520000139, 14.501806006000152 ], [ 121.290859183000066, 14.502631393000172 ], [ 121.29129553700011, 14.502758393000022 ], [ 121.291636626000013, 14.502719988000138 ], [ 121.292395412000019, 14.502222525999969 ], [ 121.293260746000101, 14.502543562000085 ], [ 121.293443962000083, 14.502726070000108 ], [ 121.293421096000202, 14.503467187000012 ], [ 121.293528782000067, 14.503685439000151 ], [ 121.294212046000098, 14.504285073 ], [ 121.294927199000199, 14.50470910700011 ], [ 121.296150707000038, 14.505121972999973 ], [ 121.296511060000057, 14.505348413000092 ], [ 121.296668442000282, 14.505893330000106 ], [ 121.296604190000153, 14.506870326000126 ], [ 121.296807189000106, 14.507819255000072 ], [ 121.297364917000095, 14.508568797000066 ], [ 121.29744203100006, 14.509554493999985 ], [ 121.29713593800011, 14.51067573500012 ], [ 121.295394566000027, 14.512384024000028 ], [ 121.295483185000194, 14.512933994000036 ], [ 121.296174841000038, 14.513528167000061 ], [ 121.297335371000145, 14.513983303999964 ], [ 121.298017470000218, 14.514453040000149 ], [ 121.298208517000262, 14.515630233000081 ], [ 121.297923138000215, 14.517027715000097 ], [ 121.298325938000289, 14.517711156000075 ], [ 121.298995565000041, 14.517671050000104 ], [ 121.299604334000037, 14.517209237000031 ], [ 121.301382860000103, 14.517255524 ], [ 121.301843678000068, 14.517649297 ], [ 121.302143299000022, 14.518508787000087 ], [ 121.302144171000123, 14.519622240000103 ], [ 121.301992498000118, 14.520550601000082 ], [ 121.302350106000063, 14.522138027000153 ], [ 121.30348226600006, 14.523177043000146 ], [ 121.303760386000022, 14.523897052000109 ], [ 121.304282087000047, 14.524579190000054 ], [ 121.304855579000105, 14.525568562000046 ], [ 121.304753426000048, 14.526737951000086 ], [ 121.304949689000068, 14.528425777999985 ], [ 121.305624159000104, 14.529584020000073 ], [ 121.306272032000152, 14.530994534000115 ], [ 121.3073219380002, 14.532306222000102 ], [ 121.308493900000144, 14.534538002000033 ], [ 121.308882504000167, 14.535135822000086 ], [ 121.309172353, 14.535828468000034 ], [ 121.308190294000042, 14.536311626000042 ], [ 121.307368924000116, 14.536877482000136 ], [ 121.307008985000152, 14.537325459000158 ], [ 121.30645149600025, 14.538972519000026 ], [ 121.30724978100011, 14.539571808000119 ], [ 121.308446931000049, 14.539609763000158 ], [ 121.309555637000017, 14.540021557000102 ], [ 121.309799330000146, 14.540503638000132 ], [ 121.309592383000336, 14.541179889000034 ], [ 121.309129750000011, 14.541896507 ], [ 121.308810584000071, 14.542573564000179 ], [ 121.309217851000085, 14.543411960000071 ], [ 121.309686871000167, 14.543549198000051 ], [ 121.310215516000085, 14.543577280000079 ], [ 121.310869572000229, 14.543478051000136 ], [ 121.31130048600005, 14.543731822999973 ], [ 121.312310726000078, 14.544601928000134 ], [ 121.312693305000039, 14.544517553000162 ], [ 121.313198990000046, 14.543774318000033 ], [ 121.313412454000172, 14.543320753000103 ], [ 121.313406150000105, 14.542909970000096 ], [ 121.312913823000031, 14.54227804500016 ], [ 121.312817666000115, 14.541933034000124 ], [ 121.312926357000151, 14.541494826000076 ], [ 121.313097963000132, 14.541216089000045 ], [ 121.313934277000044, 14.540772394000157 ], [ 121.314426942000068, 14.540755466000178 ], [ 121.314897139000323, 14.540979877000041 ], [ 121.315433438000014, 14.541092826000011 ], [ 121.316691528000206, 14.540529518000142 ], [ 121.316890454000145, 14.540329230999987 ], [ 121.316472348000048, 14.539779911000039 ], [ 121.316350017000104, 14.539317950000111 ], [ 121.316462524000258, 14.539060560000109 ], [ 121.316653088000066, 14.538969378000047 ], [ 121.317111042000079, 14.53897037500019 ], [ 121.317295638000132, 14.538839991999964 ], [ 121.317153354000084, 14.538625563000096 ], [ 121.316859678000128, 14.537678914000026 ], [ 121.316991806000033, 14.536988359000134 ], [ 121.317156949000037, 14.536677724000128 ], [ 121.317823098000076, 14.536262216000011 ], [ 121.318159712000011, 14.536219258000017 ], [ 121.318674589000011, 14.535835401000156 ], [ 121.319040070000028, 14.535821306000116 ], [ 121.319320909000112, 14.535903267000094 ], [ 121.320567818000086, 14.536695815000087 ], [ 121.321778217000201, 14.536792810000065 ], [ 121.32247790200006, 14.537259525000024 ], [ 121.322740101000022, 14.537245802000029 ], [ 121.323051582000062, 14.536892592000129 ], [ 121.323344998000039, 14.536937384000112 ], [ 121.323835150000264, 14.537262033000047 ], [ 121.324358936000067, 14.537883684000064 ], [ 121.324373989000037, 14.538419089000058 ], [ 121.32451400900004, 14.538975927000138 ], [ 121.324842721000095, 14.539560706000088 ], [ 121.325800905000165, 14.540321787000096 ], [ 121.327608128000179, 14.542268807000085 ], [ 121.328188679000164, 14.54240805000012 ], [ 121.329012066000018, 14.5424502300001 ], [ 121.328616221000175, 14.543734404000134 ], [ 121.328576733000091, 14.544656558000042 ], [ 121.32874328000014, 14.545359304999977 ], [ 121.328974680000101, 14.545531046000065 ], [ 121.329333007000173, 14.54612612000011 ], [ 121.329432569000232, 14.546688301000188 ], [ 121.329028624000102, 14.547501593000163 ], [ 121.328902718000336, 14.548026144000119 ], [ 121.328957900000091, 14.548245668000163 ], [ 121.330095604000121, 14.549395333000177 ], [ 121.330568692000156, 14.550531815000056 ], [ 121.330978845000118, 14.55081635300013 ], [ 121.331419106000226, 14.550934948000076 ], [ 121.33198190100029, 14.551488705000168 ], [ 121.332332416000099, 14.551675404999969 ], [ 121.333269307000023, 14.551972922000175 ], [ 121.333777424000118, 14.552314373000115 ], [ 121.334175274000017, 14.552648597000029 ], [ 121.334752274000152, 14.553581516000065 ], [ 121.335370402000081, 14.554225770000073 ], [ 121.336440189000086, 14.554942345000086 ], [ 121.337061509000137, 14.556057040000042 ], [ 121.337042820000079, 14.556581388000097 ], [ 121.338052338000125, 14.558128543000123 ], [ 121.338156340000069, 14.560025140000107 ], [ 121.339036582000062, 14.560818974000085 ], [ 121.340317285000083, 14.561553387000174 ], [ 121.340657053000086, 14.562091832000021 ], [ 121.341065749000109, 14.563549788000046 ], [ 121.341083851, 14.563914230000023 ], [ 121.341336457000011, 14.564910741000119 ], [ 121.341439670000113, 14.565942085000017 ], [ 121.341555350000021, 14.566222158000187 ], [ 121.342256109000232, 14.566914510000117 ], [ 121.342285073000312, 14.567339897000068 ], [ 121.342780894000043, 14.567833721000056 ], [ 121.343978001000096, 14.568564511000091 ], [ 121.344171809000272, 14.568963543999985 ], [ 121.34486293100008, 14.569572124000103 ], [ 121.345479909000119, 14.569898831000046 ], [ 121.349779629000068, 14.570241591000126 ], [ 121.365827277000108, 14.570924511000158 ], [ 121.362654362000171, 14.566479455999968 ] ] ] } },
{ "type": "Feature", "properties": { "psgc_code": "0405812012", "name": "Sampaloc", "region": "Region IV-A (Calabarzon)", "province": "Rizal", "municipality": "Tanay", "barangay": "Sampaloc", "level": "barangay" }, "geometry": { "type": "Polygon", "coordinates": [ [ [ 121.376754749000042, 14.59007396200019 ], [ 121.377877185000216, 14.589609171000177 ], [ 121.378702894000071, 14.588880868000047 ], [ 121.379007956, 14.588410194000176 ], [ 121.380207970000015, 14.587659028000189 ], [ 121.381522681000206, 14.58715538000007 ], [ 121.382039660000032, 14.586998861000041 ], [ 121.382430375000013, 14.587083146000168 ], [ 121.383393565000119, 14.586659720000114 ], [ 121.383628413000338, 14.586851583999987 ], [ 121.383964538000214, 14.586947708000139 ], [ 121.384231736000061, 14.586911171000054 ], [ 121.389740221000125, 14.585637849000022 ], [ 121.389605215000188, 14.576220634000038 ], [ 121.389728778000176, 14.573139686000047 ], [ 121.390116914000146, 14.571608906000051 ], [ 121.391456566000102, 14.556539886000053 ], [ 121.392579354000077, 14.551888056999985 ], [ 121.393066873000066, 14.552470626000172 ], [ 121.393729989, 14.552654198000084 ], [ 121.394269403000067, 14.55264844300001 ], [ 121.394751563000341, 14.55281576200008 ], [ 121.395093264000138, 14.553096751000169 ], [ 121.395175865000283, 14.553645758000016 ], [ 121.395160043000033, 14.554480667000121 ], [ 121.395419551000032, 14.554694020000056 ], [ 121.396264644000212, 14.554210185000102 ], [ 121.396932861000209, 14.554193078000026 ], [ 121.397191354000029, 14.554261784 ], [ 121.397407589000068, 14.554428061000181 ], [ 121.398034008000081, 14.555158290000122 ], [ 121.398143172000232, 14.555387887000052 ], [ 121.398125617000119, 14.556449138000175 ], [ 121.398262932000193, 14.556545761000109 ], [ 121.398890534000088, 14.556288119000101 ], [ 121.399206962000108, 14.556269319000137 ], [ 121.399607773000184, 14.556514776000085 ], [ 121.400569173000122, 14.558606004000126 ], [ 121.400838002000114, 14.558964764000109 ], [ 121.401783539000235, 14.559733562000133 ], [ 121.402393919000133, 14.561295790000088 ], [ 121.402620461000083, 14.561564278999981 ], [ 121.403208441000061, 14.56194491600013 ], [ 121.403633845000058, 14.561884185 ], [ 121.403814895000096, 14.561142075000078 ], [ 121.404266498000084, 14.560489406000158 ], [ 121.405193859000178, 14.559768920000067 ], [ 121.40802320000023, 14.560145022000086 ], [ 121.411050619000321, 14.561618545000044 ], [ 121.413364909000165, 14.563920338000173 ], [ 121.418791481000085, 14.565509877000125 ], [ 121.422348124000109, 14.565977503000113 ], [ 121.422565029000225, 14.566509051000025 ], [ 121.422052978000011, 14.567485976000114 ], [ 121.421911020000039, 14.567993063000074 ], [ 121.421829988000013, 14.568734901000028 ], [ 121.421927417, 14.569307945000162 ], [ 121.422201872000073, 14.569646412 ], [ 121.422511056000076, 14.569660492000139 ], [ 121.422979361000216, 14.569999444000075 ], [ 121.423435339000093, 14.571094616000096 ], [ 121.423917194000069, 14.571498619000067 ], [ 121.424050914000304, 14.571717973000091 ], [ 121.424370529000043, 14.571935642000085 ], [ 121.424494091000156, 14.572344379000072 ], [ 121.424786192000056, 14.572739496000167 ], [ 121.425168734000067, 14.573016639000059 ], [ 121.425297289000127, 14.573011869000027 ], [ 121.425682504000292, 14.57264830400004 ], [ 121.426010637000218, 14.572577253000134 ], [ 121.426343410000072, 14.572664088000124 ], [ 121.426492819000146, 14.572752863000119 ], [ 121.426719523000088, 14.573190957000122 ], [ 121.427034897000226, 14.573424861000092 ], [ 121.427483097000163, 14.574045963000174 ], [ 121.42883667500007, 14.575105519999966 ], [ 121.429307320000021, 14.575717617000066 ], [ 121.430254066000202, 14.575923299000067 ], [ 121.430665131000183, 14.57579694400016 ], [ 121.430913996000072, 14.576382373 ], [ 121.431532053000183, 14.576407846000109 ], [ 121.432207675000086, 14.576036074000058 ], [ 121.432627583000226, 14.575445907000187 ], [ 121.432977145000336, 14.57525187900012 ], [ 121.433251784000049, 14.574790150000183 ], [ 121.433542021000221, 14.574529584000118 ], [ 121.433871094000324, 14.574351372000081 ], [ 121.434207037000192, 14.574385264000057 ], [ 121.434531166000056, 14.574228668999979 ], [ 121.43896678700014, 14.559757338000168 ], [ 121.4389381000002, 14.55951350100014 ], [ 121.439368401000024, 14.558609870000055 ], [ 121.439454461000196, 14.55826563 ], [ 121.439339714000198, 14.557175536000045 ], [ 121.447556384000222, 14.547628286000077 ], [ 121.447396391000211, 14.547411153000098 ], [ 121.44778494500008, 14.546885462000034 ], [ 121.447556384000222, 14.546108352999966 ], [ 121.447808427000041, 14.545612654000081 ], [ 121.448231592000184, 14.545461524000189 ], [ 121.447989783000139, 14.544977906000156 ], [ 121.425290970000106, 14.542062247000047 ], [ 121.42420227200023, 14.542287311 ], [ 121.422384401000045, 14.541752341000176 ], [ 121.420447595000155, 14.541761899000051 ], [ 121.41888586600021, 14.542036998000185 ], [ 121.418313638000086, 14.542290246000164 ], [ 121.417540648000227, 14.542315280000082 ], [ 121.416779252000083, 14.542598824000095 ], [ 121.415810955000211, 14.543168700000024 ], [ 121.415424655000038, 14.543028641999967 ], [ 121.414488232000053, 14.543192753000142 ], [ 121.411512348000088, 14.544305132999966 ], [ 121.407008245000043, 14.544558496999969 ], [ 121.404281901000218, 14.545414043999983 ], [ 121.404429676000063, 14.545083956000042 ], [ 121.404577450000033, 14.54437976600002 ], [ 121.404406941000047, 14.544104691000086 ], [ 121.404145494000204, 14.544016667000108 ], [ 121.403793108000173, 14.544126697000138 ], [ 121.403463457000157, 14.544720858 ], [ 121.403111072000229, 14.544841890999976 ], [ 121.402451770000198, 14.544907909000131 ], [ 121.402349465000043, 14.544819885000152 ], [ 121.402292628000168, 14.544423778000123 ], [ 121.403327050000144, 14.543290467000077 ], [ 121.403395254000088, 14.543070406000083 ], [ 121.403270214000031, 14.542751317000011 ], [ 121.402872359000071, 14.542630283000165 ], [ 121.401849305000042, 14.542696302000024 ], [ 121.401724265000098, 14.542729311000187 ], [ 121.40175836700007, 14.542960375000121 ], [ 121.401644694000083, 14.543191439000054 ], [ 121.401451450000081, 14.543202443000041 ], [ 121.401337777000094, 14.543048400000032 ], [ 121.400667108000107, 14.542740314000127 ], [ 121.400485232000051, 14.542487243000039 ], [ 121.400166948000333, 14.542355206000025 ], [ 121.400110112000107, 14.542179157000135 ], [ 121.400212417000148, 14.541320913000163 ], [ 121.400417028000106, 14.540869784000051 ], [ 121.399212097000145, 14.541034831000104 ], [ 121.398314083000059, 14.541662010000039 ], [ 121.398098105000145, 14.542344203000084 ], [ 121.398279981000087, 14.543323476000012 ], [ 121.39818904300023, 14.543576546 ], [ 121.397643414000072, 14.5436205580001 ], [ 121.397381967000229, 14.543290467000077 ], [ 121.397075050000126, 14.542509249000091 ], [ 121.395585937000078, 14.542124140999988 ], [ 121.395506367000053, 14.541959095000038 ], [ 121.395540468000036, 14.541452951000053 ], [ 121.395358592000207, 14.541001822000169 ], [ 121.394648909000011, 14.540980854 ], [ 121.394095684000035, 14.540782950000164 ], [ 121.393843124000227, 14.540491915000132 ], [ 121.393650698000101, 14.540491915000132 ], [ 121.393758938000019, 14.540014616000178 ], [ 121.393975417000092, 14.539816711000071 ], [ 121.393831098000305, 14.53951403200017 ], [ 121.392856940000343, 14.538303315000064 ], [ 121.392159395000135, 14.538408089000029 ], [ 121.391870756000117, 14.538571070000103 ], [ 121.391389690000096, 14.539153146000103 ], [ 121.390680118000205, 14.539677013000016 ], [ 121.389946494000014, 14.540084464000074 ], [ 121.388960309000254, 14.539351051999972 ], [ 121.388948283000332, 14.539129863000085 ], [ 121.388936256000306, 14.538605995000069 ], [ 121.389140709000117, 14.538349880999988 ], [ 121.389200842000037, 14.537756162 ], [ 121.389405295000302, 14.537500047000037 ], [ 121.389958520000164, 14.537162441000191 ], [ 121.390150946000063, 14.536917967000022 ], [ 121.39019905300006, 14.536673493000023 ], [ 121.390223106, 14.536417377000191 ], [ 121.389826227000185, 14.535870219 ], [ 121.389705961000118, 14.53527649199998 ], [ 121.389405295000302, 14.534997091000093 ], [ 121.388888149000195, 14.534927241000162 ], [ 121.388635590000149, 14.534985450000079 ], [ 121.388479244000337, 14.535253209000132 ], [ 121.388250738000124, 14.535392909000109 ], [ 121.388082365000059, 14.535392909000109 ], [ 121.38786588500011, 14.53518335900003 ], [ 121.387829805000024, 14.535008733000154 ], [ 121.387276580000162, 14.534822465 ], [ 121.386939834000145, 14.535125150000113 ], [ 121.386831594000114, 14.534997091000093 ], [ 121.386663221000049, 14.53424037800005 ], [ 121.386326476000022, 14.534007543000087 ], [ 121.385821357000054, 14.533844558 ], [ 121.385604877000105, 14.53382127500015 ], [ 121.385376371, 14.533972618000121 ], [ 121.385147865000135, 14.53434515400005 ], [ 121.38501557200027, 14.534286945000133 ], [ 121.385147865000135, 14.533052916000031 ], [ 121.38473895900006, 14.531760670000097 ], [ 121.382477951000055, 14.53155111500007 ], [ 121.38170824700012, 14.531597682999973 ], [ 121.38110691500026, 14.531527832000165 ], [ 121.380746116000182, 14.530782749000082 ], [ 121.380096677000211, 14.528920030000052 ], [ 121.379471292000062, 14.528035233000139 ], [ 121.379783984000142, 14.526719674000049 ], [ 121.378845907000027, 14.52595129000008 ], [ 121.376248153000233, 14.524600794000094 ], [ 121.376494639000043, 14.523409627000035 ], [ 121.377701796000338, 14.522774653000056 ], [ 121.378282509000201, 14.52173144600016 ], [ 121.3783619310002, 14.520565767000107 ], [ 121.376796491000164, 14.519310128000029 ], [ 121.376867771000207, 14.518047452000189 ], [ 121.377334496000117, 14.516372597000043 ], [ 121.377664980000304, 14.514468503999979 ], [ 121.377216425000029, 14.513041027000099 ], [ 121.376829938000014, 14.512270708000017 ], [ 121.37619337000001, 14.512028606000058 ], [ 121.376238839000166, 14.511632439999971 ], [ 121.376693530000011, 14.511280292000151 ], [ 121.376784469000199, 14.510950153000124 ], [ 121.376238839000166, 14.510906134000095 ], [ 121.375670476000096, 14.510708050000062 ], [ 121.37607969800024, 14.510069779000105 ], [ 121.37592055600021, 14.509827675000167 ], [ 121.376102432000039, 14.509563562000039 ], [ 121.376466185000027, 14.509717628000033 ], [ 121.376829938000014, 14.509717628000033 ], [ 121.376898141000197, 14.50938748700014 ], [ 121.376716265000027, 14.508969306000097 ], [ 121.376352512000039, 14.508573135000063 ], [ 121.37592055600021, 14.50839705900006 ], [ 121.37544313, 14.507824809000169 ], [ 121.37544313, 14.507428636000157 ], [ 121.370510311000089, 14.504429723000101 ], [ 121.366472698000052, 14.505296777000069 ], [ 121.363375548000022, 14.507291974000054 ], [ 121.35985237500006, 14.50929196900006 ], [ 121.359104123000179, 14.512131486000044 ], [ 121.356104154000036, 14.515893338000126 ], [ 121.353515661000188, 14.51692559900016 ], [ 121.353765741000075, 14.517849964000163 ], [ 121.353652069000077, 14.519038426000122 ], [ 121.354015821000189, 14.519522612 ], [ 121.353811211000107, 14.519962781000118 ], [ 121.353811211000107, 14.520182865000038 ], [ 121.354152229000078, 14.520226882000031 ], [ 121.354334105000021, 14.520512991000146 ], [ 121.354243167000163, 14.520909141000061 ], [ 121.354334105000021, 14.521349307000094 ], [ 121.355038876000322, 14.521701439000083 ], [ 121.355061611000338, 14.522999921000064 ], [ 121.355486406000068, 14.523320771000101 ], [ 121.355921251000041, 14.52394468500006 ], [ 121.3547543520001, 14.525498864000156 ], [ 121.354917923000016, 14.526357640000128 ], [ 121.353447458000119, 14.533079406000127 ], [ 121.348412748000101, 14.544403187000114 ], [ 121.34885048600006, 14.544565117 ], [ 121.349111090000179, 14.544753666000076 ], [ 121.349367268000037, 14.545215272000064 ], [ 121.349610623000331, 14.546143627000049 ], [ 121.34969239100019, 14.546301309000114 ], [ 121.3499625070001, 14.546474702000182 ], [ 121.350299458000222, 14.546455079000054 ], [ 121.350455005000072, 14.546306701000049 ], [ 121.350553756000295, 14.546047281000085 ], [ 121.350545902000022, 14.54556675900011 ], [ 121.350684863000083, 14.54532449800007 ], [ 121.351040085000136, 14.546058477000088 ], [ 121.351609044000043, 14.547697596000091 ], [ 121.35166358000015, 14.548256758000036 ], [ 121.362941706000015, 14.54813584600015 ], [ 121.363239567000051, 14.54794688100003 ], [ 121.363692750000155, 14.548031482 ], [ 121.363260746000037, 14.548844538000139 ], [ 121.363141938000012, 14.549316823000083 ], [ 121.362703128000135, 14.549970113000086 ], [ 121.362654362000171, 14.566479455999968 ], [ 121.365827277000108, 14.570924511000158 ], [ 121.361002026000051, 14.577846515000033 ], [ 121.361320263000039, 14.579848619000131 ], [ 121.364110259000086, 14.584059554000078 ], [ 121.367846032000216, 14.584145074000048 ], [ 121.370443415000068, 14.583714049000037 ], [ 121.37164335500006, 14.584264139000084 ], [ 121.372551793000071, 14.585262203000013 ], [ 121.372571017000269, 14.585489960000132 ], [ 121.37314129500021, 14.586039336000113 ], [ 121.373483955000097, 14.586850416000061 ], [ 121.373919538000223, 14.587296776000073 ], [ 121.374433744000157, 14.587565229000177 ], [ 121.374598635000211, 14.587963240000136 ], [ 121.375169918000097, 14.588814263000131 ], [ 121.375666477000095, 14.589281432000121 ], [ 121.376754749000042, 14.59007396200019 ] ] ] } },
{ "type": "Feature", "properties": { "psgc_code": "0405812013", "name": "San Andres", "region": "Region IV-A (Calabarzon)", "province": "Rizal", "municipality": "Tanay", "barangay": "San Andres", "level": "barangay" }, "geometry": { "type": "Polygon", "coordinates": [ [ [ 121.358095291000041, 14.643946927000115 ], [ 121.364505797000334, 14.643434831000036 ], [ 121.365064288000099, 14.642857942000035 ], [ 121.365008355000214, 14.64186360400015 ], [ 121.365213588000188, 14.641415474000041 ], [ 121.365878111000029, 14.64132136700016 ], [ 121.366687569000192, 14.641422481000177 ], [ 121.367356292000068, 14.641923244000111 ], [ 121.367075176000071, 14.643009782000149 ], [ 121.371922290000157, 14.643373769000164 ], [ 121.371506685000099, 14.641197479000027 ], [ 121.37308579400019, 14.638503039 ], [ 121.373682510000094, 14.636728991000155 ], [ 121.375070539000149, 14.634195673000136 ], [ 121.376260176000073, 14.632210609000026 ], [ 121.377173560000188, 14.631548199000122 ], [ 121.378678057000229, 14.631194322000056 ], [ 121.377347124000153, 14.629838153000037 ], [ 121.376699894000012, 14.628620539000167 ], [ 121.356119403000093, 14.627572015999988 ], [ 121.345722057000103, 14.627233477000175 ], [ 121.333025597000187, 14.626395446000174 ], [ 121.320306525000092, 14.626295222000067 ], [ 121.313287299000194, 14.627381087000117 ], [ 121.313039095000022, 14.629245751000042 ], [ 121.313612609000074, 14.631699528000127 ], [ 121.313556641000105, 14.642637846000071 ], [ 121.322735807000186, 14.642020328000172 ], [ 121.327242273000024, 14.641420620000076 ], [ 121.329258554000148, 14.640842649000149 ], [ 121.330830676000346, 14.640903741000045 ], [ 121.331134993000205, 14.641036359 ], [ 121.350454429000024, 14.6444037 ], [ 121.358095291000041, 14.643946927000115 ] ] ] } },
{ "type": "Feature", "properties": { "psgc_code": "0405812014", "name": "San Isidro (Pob.)", "region": "Region IV-A (Calabarzon)", "province": "Rizal", "municipality": "Tanay", "barangay": "San Isidro (Pob.)", "level": "barangay" }, "geometry": { "type": "Polygon", "coordinates": [ [ [ 121.285235205000163, 14.497696730000143 ], [ 121.286081585000034, 14.497056909000037 ], [ 121.28392842300002, 14.496548892000021 ], [ 121.284312044000217, 14.495035950999977 ], [ 121.281661961000054, 14.494617861000052 ], [ 121.276706044000093, 14.493533336000098 ], [ 121.276407199000118, 14.494092457000079 ], [ 121.275873574000116, 14.494548177000127 ], [ 121.276901792000103, 14.49513590600003 ], [ 121.277100507000114, 14.495364004000066 ], [ 121.277032143000156, 14.495457346000137 ], [ 121.275461585000016, 14.495326322000153 ], [ 121.275438317000066, 14.495445880000091 ], [ 121.282281560000115, 14.496140855000135 ], [ 121.285235205000163, 14.497696730000143 ] ] ] } },
{ "type": "Feature", "properties": { "psgc_code": "0405812015", "name": "Santa Inez", "region": "Region IV-A (Calabarzon)", "province": "Rizal", "municipality": "Tanay", "barangay": "Santa Inez", "level": "barangay" }, "geometry": { "type": "Polygon", "coordinates": [ [ [ 121.336213366000038, 14.766491032000147 ], [ 121.337436041000046, 14.764555217000122 ], [ 121.336926802000107, 14.763025848000098 ], [ 121.337781462000066, 14.761601208 ], [ 121.338502036000023, 14.756433253000068 ], [ 121.340455074000147, 14.750042663000158 ], [ 121.341797421000138, 14.747120400000028 ], [ 121.340697679000073, 14.745597801000088 ], [ 121.339780503000043, 14.743967344000112 ], [ 121.339067026000066, 14.742438594000078 ], [ 121.337741102000109, 14.74090965500011 ], [ 121.335907370000086, 14.73927919200014 ], [ 121.335397736000232, 14.737342772000147 ], [ 121.334174311000197, 14.73520325800007 ], [ 121.334276526000167, 14.731125843000086 ], [ 121.337436129000025, 14.727966391000166 ], [ 121.353875833000075, 14.722557836000021 ], [ 121.355124442000147, 14.721292240000139 ], [ 121.357308549000095, 14.717323929000145 ], [ 121.362717850000081, 14.708406480000122 ], [ 121.360022303000051, 14.69014410900013 ], [ 121.343476798000097, 14.689337226000077 ], [ 121.322324384000012, 14.688059011000121 ], [ 121.321780927000077, 14.6892891 ], [ 121.324700017000168, 14.69163952100007 ], [ 121.325203028000146, 14.694785753000133 ], [ 121.323916008000083, 14.699137360000066 ], [ 121.322535023000114, 14.701866170000073 ], [ 121.319576936000203, 14.705294732000027 ], [ 121.320889951000026, 14.70827420400019 ], [ 121.320757772000206, 14.712328773000024 ], [ 121.322723398000107, 14.716194022000025 ], [ 121.322811190000152, 14.718729366000161 ], [ 121.321453304000215, 14.723246251999967 ], [ 121.320820892000143, 14.729413881000028 ], [ 121.319732179000198, 14.7337093000001 ], [ 121.318363531000045, 14.74454799199998 ], [ 121.311898292000137, 14.751570727000114 ], [ 121.309268094000117, 14.760710379000102 ], [ 121.315636599000072, 14.764566463000165 ], [ 121.326002957000128, 14.763605521000045 ], [ 121.331594699000107, 14.768180849000032 ], [ 121.334378760000277, 14.768529387000115 ], [ 121.336213366000038, 14.766491032000147 ] ] ] } },
{ "type": "Feature", "properties": { "psgc_code": "0405812016", "name": "Santo Niño", "region": "Region IV-A (Calabarzon)", "province": "Rizal", "municipality": "Tanay", "barangay": "Santo Niño", "level": "barangay" }, "geometry": { "type": "Polygon", "coordinates": [ [ [ 121.361163996000187, 14.656768229000136 ], [ 121.373982327000022, 14.656918340000061 ], [ 121.402845184000057, 14.656630550000045 ], [ 121.402572919000022, 14.654760236000186 ], [ 121.402697798000304, 14.653200957000024 ], [ 121.403337691000047, 14.652465792000044 ], [ 121.403535539000245, 14.652005088000124 ], [ 121.40361628800008, 14.650958913000181 ], [ 121.402817114000072, 14.649795466000057 ], [ 121.403342003000034, 14.648771741000189 ], [ 121.403900660000204, 14.648546712000154 ], [ 121.404222121000089, 14.647574570000188 ], [ 121.404212210000196, 14.646932894000031 ], [ 121.403743942, 14.646474657000056 ], [ 121.40303348700013, 14.645952265000176 ], [ 121.403054091000058, 14.645571817000132 ], [ 121.367075176000071, 14.643009782000149 ], [ 121.367356292000068, 14.641923244000111 ], [ 121.366687569000192, 14.641422481000177 ], [ 121.365878111000029, 14.64132136700016 ], [ 121.365213588000188, 14.641415474000041 ], [ 121.365008355000214, 14.64186360400015 ], [ 121.365064288000099, 14.642857942000035 ], [ 121.364505797000334, 14.643434831000036 ], [ 121.358095291000041, 14.643946927000115 ], [ 121.350454429000024, 14.6444037 ], [ 121.331134993000205, 14.641036359 ], [ 121.330830676000346, 14.640903741000045 ], [ 121.329258554000148, 14.640842649000149 ], [ 121.327242273000024, 14.641420620000076 ], [ 121.322735807000186, 14.642020328000172 ], [ 121.313556641000105, 14.642637846000071 ], [ 121.313533270000221, 14.64720538500012 ], [ 121.321549904000221, 14.654961374000095 ], [ 121.323110928, 14.656593422000128 ], [ 121.324770680000029, 14.65913858600004 ], [ 121.326834832000145, 14.658309676000044 ], [ 121.329024011000342, 14.657760764000102 ], [ 121.331970535000096, 14.656707100000119 ], [ 121.33385057400028, 14.656448372000057 ], [ 121.344150037000077, 14.657900879000067 ], [ 121.346900368000206, 14.658476501999985 ], [ 121.358278231000213, 14.660376130000145 ], [ 121.361163996000187, 14.656768229000136 ] ] ] } },
{ "type": "Feature", "properties": { "psgc_code": "0405812017", "name": "Tabing Ilog (Pob.)", "region": "Region IV-A (Calabarzon)", "province": "Rizal", "municipality": "Tanay", "barangay": "Tabing Ilog (Pob.)", "level": "barangay" }, "geometry": { "type": "Polygon", "coordinates": [ [ [ 121.289426325000022, 14.501236604000098 ], [ 121.289599755000154, 14.501163472000087 ], [ 121.289248778000115, 14.500080365000088 ], [ 121.289015343000074, 14.499701423000033 ], [ 121.288549566000029, 14.499369901000136 ], [ 121.288039305000098, 14.498389385000166 ], [ 121.287840070000129, 14.498230745 ], [ 121.286930565000034, 14.498036767000144 ], [ 121.286630775000162, 14.497833650000132 ], [ 121.28643065000017, 14.497542513000099 ], [ 121.286240611000039, 14.496995258000027 ], [ 121.285670695000135, 14.497293100000149 ], [ 121.285128317000158, 14.497805180000057 ], [ 121.286133913000072, 14.498471797999969 ], [ 121.285853662000022, 14.498753411000109 ], [ 121.286085516000071, 14.498939643000028 ], [ 121.286924213000248, 14.499359141000127 ], [ 121.287754802000109, 14.499903501000063 ], [ 121.289426325000022, 14.501236604000098 ] ] ] } },
{ "type": "Feature", "properties": { "psgc_code": "0405812018", "name": "Tandang Kutyo (Pob.)", "region": "Region IV-A (Calabarzon)", "province": "Rizal", "municipality": "Tanay", "barangay": "Tandang Kutyo (Pob.)", "level": "barangay" }, "geometry": { "type": "Polygon", "coordinates": [ [ [ 121.337829620000207, 14.570111090000069 ], [ 121.337344155000096, 14.568550056000049 ], [ 121.337532345000227, 14.567647397000087 ], [ 121.337771872000189, 14.567339646000107 ], [ 121.338238082000089, 14.566958738000039 ], [ 121.338302210000052, 14.566431452000131 ], [ 121.337931818000129, 14.566083408999987 ], [ 121.337959197000146, 14.564838750000149 ], [ 121.337690450000196, 14.564151203000165 ], [ 121.337740629000223, 14.563501172000144 ], [ 121.337614785000028, 14.563036465000152 ], [ 121.337740997000083, 14.562558325 ], [ 121.337661663000063, 14.562089331000095 ], [ 121.337822453000058, 14.561850613000047 ], [ 121.338699744000223, 14.561322786000176 ], [ 121.339036582000062, 14.560818974000085 ], [ 121.338156340000069, 14.560025140000107 ], [ 121.338052338000125, 14.558128543000123 ], [ 121.337042820000079, 14.556581388000097 ], [ 121.337061509000137, 14.556057040000042 ], [ 121.336440189000086, 14.554942345000086 ], [ 121.335370402000081, 14.554225770000073 ], [ 121.334752274000152, 14.553581516000065 ], [ 121.334175274000017, 14.552648597000029 ], [ 121.333777424000118, 14.552314373000115 ], [ 121.333269307000023, 14.551972922000175 ], [ 121.332332416000099, 14.551675404999969 ], [ 121.33198190100029, 14.551488705000168 ], [ 121.331419106000226, 14.550934948000076 ], [ 121.330978845000118, 14.55081635300013 ], [ 121.330568692000156, 14.550531815000056 ], [ 121.330095604000121, 14.549395333000177 ], [ 121.328957900000091, 14.548245668000163 ], [ 121.328902718000336, 14.548026144000119 ], [ 121.329028624000102, 14.547501593000163 ], [ 121.329432569000232, 14.546688301000188 ], [ 121.329333007000173, 14.54612612000011 ], [ 121.328974680000101, 14.545531046000065 ], [ 121.32874328000014, 14.545359304999977 ], [ 121.328576733000091, 14.544656558000042 ], [ 121.328616221000175, 14.543734404000134 ], [ 121.329012066000018, 14.5424502300001 ], [ 121.328188679000164, 14.54240805000012 ], [ 121.327608128000179, 14.542268807000085 ], [ 121.325800905000165, 14.540321787000096 ], [ 121.324842721000095, 14.539560706000088 ], [ 121.32451400900004, 14.538975927000138 ], [ 121.324373989000037, 14.538419089000058 ], [ 121.324358936000067, 14.537883684000064 ], [ 121.323835150000264, 14.537262033000047 ], [ 121.323344998000039, 14.536937384000112 ], [ 121.323051582000062, 14.536892592000129 ], [ 121.322740101000022, 14.537245802000029 ], [ 121.32247790200006, 14.537259525000024 ], [ 121.321778217000201, 14.536792810000065 ], [ 121.320567818000086, 14.536695815000087 ], [ 121.319320909000112, 14.535903267000094 ], [ 121.319040070000028, 14.535821306000116 ], [ 121.318674589000011, 14.535835401000156 ], [ 121.318159712000011, 14.536219258000017 ], [ 121.317823098000076, 14.536262216000011 ], [ 121.317156949000037, 14.536677724000128 ], [ 121.316991806000033, 14.536988359000134 ], [ 121.316859678000128, 14.537678914000026 ], [ 121.317153354000084, 14.538625563000096 ], [ 121.317295638000132, 14.538839991999964 ], [ 121.317111042000079, 14.53897037500019 ], [ 121.316653088000066, 14.538969378000047 ], [ 121.316462524000258, 14.539060560000109 ], [ 121.316350017000104, 14.539317950000111 ], [ 121.316472348000048, 14.539779911000039 ], [ 121.316890454000145, 14.540329230999987 ], [ 121.316691528000206, 14.540529518000142 ], [ 121.315433438000014, 14.541092826000011 ], [ 121.314897139000323, 14.540979877000041 ], [ 121.314426942000068, 14.540755466000178 ], [ 121.313934277000044, 14.540772394000157 ], [ 121.313097963000132, 14.541216089000045 ], [ 121.312926357000151, 14.541494826000076 ], [ 121.312817666000115, 14.541933034000124 ], [ 121.312913823000031, 14.54227804500016 ], [ 121.313406150000105, 14.542909970000096 ], [ 121.313412454000172, 14.543320753000103 ], [ 121.313198990000046, 14.543774318000033 ], [ 121.312693305000039, 14.544517553000162 ], [ 121.312310726000078, 14.544601928000134 ], [ 121.31130048600005, 14.543731822999973 ], [ 121.310869572000229, 14.543478051000136 ], [ 121.310215516000085, 14.543577280000079 ], [ 121.309686871000167, 14.543549198000051 ], [ 121.309217851000085, 14.543411960000071 ], [ 121.308810584000071, 14.542573564000179 ], [ 121.309129750000011, 14.541896507 ], [ 121.309592383000336, 14.541179889000034 ], [ 121.309799330000146, 14.540503638000132 ], [ 121.309555637000017, 14.540021557000102 ], [ 121.308446931000049, 14.539609763000158 ], [ 121.30724978100011, 14.539571808000119 ], [ 121.30645149600025, 14.538972519000026 ], [ 121.307008985000152, 14.537325459000158 ], [ 121.307368924000116, 14.536877482000136 ], [ 121.308190294000042, 14.536311626000042 ], [ 121.309172353, 14.535828468000034 ], [ 121.308882504000167, 14.535135822000086 ], [ 121.308493900000144, 14.534538002000033 ], [ 121.3073219380002, 14.532306222000102 ], [ 121.306272032000152, 14.530994534000115 ], [ 121.305624159000104, 14.529584020000073 ], [ 121.304949689000068, 14.528425777999985 ], [ 121.304753426000048, 14.526737951000086 ], [ 121.304855579000105, 14.525568562000046 ], [ 121.304282087000047, 14.524579190000054 ], [ 121.303760386000022, 14.523897052000109 ], [ 121.30348226600006, 14.523177043000146 ], [ 121.302350106000063, 14.522138027000153 ], [ 121.301992498000118, 14.520550601000082 ], [ 121.302144171000123, 14.519622240000103 ], [ 121.302143299000022, 14.518508787000087 ], [ 121.301843678000068, 14.517649297 ], [ 121.301382860000103, 14.517255524 ], [ 121.299604334000037, 14.517209237000031 ], [ 121.298995565000041, 14.517671050000104 ], [ 121.298325938000289, 14.517711156000075 ], [ 121.297923138000215, 14.517027715000097 ], [ 121.298208517000262, 14.515630233000081 ], [ 121.298017470000218, 14.514453040000149 ], [ 121.297335371000145, 14.513983303999964 ], [ 121.296174841000038, 14.513528167000061 ], [ 121.295483185000194, 14.512933994000036 ], [ 121.295394566000027, 14.512384024000028 ], [ 121.29713593800011, 14.51067573500012 ], [ 121.29744203100006, 14.509554493999985 ], [ 121.297364917000095, 14.508568797000066 ], [ 121.296807189000106, 14.507819255000072 ], [ 121.296604190000153, 14.506870326000126 ], [ 121.296668442000282, 14.505893330000106 ], [ 121.296511060000057, 14.505348413000092 ], [ 121.296150707000038, 14.505121972999973 ], [ 121.294927199000199, 14.50470910700011 ], [ 121.294212046000098, 14.504285073 ], [ 121.293528782000067, 14.503685439000151 ], [ 121.293421096000202, 14.503467187000012 ], [ 121.293443962000083, 14.502726070000108 ], [ 121.293260746000101, 14.502543562000085 ], [ 121.292395412000019, 14.502222525999969 ], [ 121.291636626000013, 14.502719988000138 ], [ 121.29129553700011, 14.502758393000022 ], [ 121.290859183000066, 14.502631393000172 ], [ 121.290049520000139, 14.501806006000152 ], [ 121.289599755000154, 14.501163472000087 ], [ 121.289490691000196, 14.501161259000185 ], [ 121.288795260000029, 14.50175971200008 ], [ 121.289156246000061, 14.502033319000077 ], [ 121.288287181000214, 14.50346317900005 ], [ 121.288831947000176, 14.504111187000035 ], [ 121.287967511000033, 14.505877109000096 ], [ 121.284972458000311, 14.509816303000093 ], [ 121.282856734000234, 14.511422720000041 ], [ 121.282029722000061, 14.514324430000158 ], [ 121.282192387000237, 14.514451562000033 ], [ 121.280737319000082, 14.515138801000091 ], [ 121.280154086000039, 14.515241717000094 ], [ 121.280047438000111, 14.515192613000124 ], [ 121.27993372200001, 14.515534209000123 ], [ 121.280042657000195, 14.515602910000041 ], [ 121.28118151000001, 14.515754621999974 ], [ 121.278445102000092, 14.51859582600008 ], [ 121.282073940000146, 14.521052682000118 ], [ 121.282978524000214, 14.521024274000069 ], [ 121.286232242000096, 14.52283476600013 ], [ 121.287564872000075, 14.524089752000066 ], [ 121.288722231000179, 14.525629152000079 ], [ 121.288524804000076, 14.527562702000182 ], [ 121.288608801, 14.529449974000045 ], [ 121.290072219000081, 14.532262318 ], [ 121.291158643000131, 14.536066360000177 ], [ 121.291898452000169, 14.540459248 ], [ 121.29192365200015, 14.542004225000028 ], [ 121.291051546000062, 14.543200372000172 ], [ 121.289284155000132, 14.542227043000025 ], [ 121.287939819000258, 14.545784677000029 ], [ 121.288547041000015, 14.546870963 ], [ 121.288857332000021, 14.548515668000107 ], [ 121.29010403000018, 14.550229983000122 ], [ 121.291652891000012, 14.554297775000066 ], [ 121.297624326000118, 14.55312539200014 ], [ 121.297180297000068, 14.553329987000097 ], [ 121.296900939000125, 14.553593328000147 ], [ 121.296434845000022, 14.554466500000103 ], [ 121.296179168000094, 14.55555547900002 ], [ 121.296110575000057, 14.556938813000102 ], [ 121.295890407000115, 14.557604383000125 ], [ 121.295272755000042, 14.558905743000139 ], [ 121.295093312000176, 14.559758398000042 ], [ 121.295005486000036, 14.561490909000156 ], [ 121.294585504000111, 14.563901298000189 ], [ 121.294468638000012, 14.564299677 ], [ 121.293602417000216, 14.56613573400017 ], [ 121.293411753000214, 14.566724990000068 ], [ 121.293392998000172, 14.567206315000021 ], [ 121.293536726000184, 14.567621662000022 ], [ 121.293832578000092, 14.567784948 ], [ 121.294497699000203, 14.567767063000019 ], [ 121.294884143000218, 14.568086845000039 ], [ 121.295282600000064, 14.568670426999972 ], [ 121.29610886200021, 14.568956220000132 ], [ 121.297258276000093, 14.569564385000092 ], [ 121.337829620000207, 14.570111090000069 ] ] ] } },
{ "type": "Feature", "properties": { "psgc_code": "0405812019", "name": "Tinucan", "region": "Region IV-A (Calabarzon)", "province": "Rizal", "municipality": "Tanay", "barangay": "Tinucan", "level": "barangay" }, "geometry": { "type": "Polygon", "coordinates": [ [ [ 121.356059907000031, 14.672770976000038 ], [ 121.354651616000069, 14.667549564000183 ], [ 121.341027033000159, 14.666826214000025 ], [ 121.333794824000279, 14.666902451000055 ], [ 121.332388351000191, 14.667119382000124 ], [ 121.330564406, 14.666994567000188 ], [ 121.328726016000132, 14.667252891999965 ], [ 121.327227196000081, 14.668036635000078 ], [ 121.32672136400015, 14.67167927700001 ], [ 121.326465768000162, 14.678470569000069 ], [ 121.325597177000304, 14.682926034000047 ], [ 121.323270147000017, 14.686054235000142 ], [ 121.322324384000012, 14.688059011000121 ], [ 121.343476798000097, 14.689337226000077 ], [ 121.360022303000051, 14.69014410900013 ], [ 121.356059907000031, 14.672770976000038 ] ] ] } },
{ "type": "Feature", "properties": { "psgc_code": "0405812020", "name": "Wawa (Pob.)", "region": "Region IV-A (Calabarzon)", "province": "Rizal", "municipality": "Tanay", "barangay": "Wawa (Pob.)", "level": "barangay" }, "geometry": { "type": "Polygon", "coordinates": [ [ [ 121.286124641000015, 14.494504410000161 ], [ 121.287227218000226, 14.49453573500017 ], [ 121.287731264000172, 14.493772671000102 ], [ 121.287307499, 14.493530287000112 ], [ 121.287277661000189, 14.493365910000136 ], [ 121.287502997000047, 14.492768574000081 ], [ 121.287915178000048, 14.492084523000074 ], [ 121.28815101400005, 14.491201458000091 ], [ 121.28891962900002, 14.491392083000108 ], [ 121.289935753, 14.489870385000188 ], [ 121.291769290000161, 14.488364907000118 ], [ 121.292106035000188, 14.487736121000125 ], [ 121.292250355000078, 14.487084044000085 ], [ 121.292683314000101, 14.486199080000063 ], [ 121.29335680600002, 14.485477133000131 ], [ 121.293301422000013, 14.485175577 ], [ 121.293492295000306, 14.48483939 ], [ 121.29310758400004, 14.483611361000101 ], [ 121.292841482000199, 14.483683719000055 ], [ 121.292167571000164, 14.484099975000049 ], [ 121.290811067000163, 14.484119158000112 ], [ 121.290684605000024, 14.484089194000092 ], [ 121.290478060000055, 14.483811764000052 ], [ 121.290053847000195, 14.483736066 ], [ 121.289785351000205, 14.483763157000055 ], [ 121.289201305, 14.484121968000181 ], [ 121.288917902000094, 14.484148950000076 ], [ 121.287988568000287, 14.483664393000026 ], [ 121.287361225000041, 14.483061497999984 ], [ 121.287119875000144, 14.482658920000063 ], [ 121.286834311000121, 14.481802919000017 ], [ 121.286615249000079, 14.481603818000167 ], [ 121.286167103000139, 14.481734157000062 ], [ 121.284543964000022, 14.482704032000072 ], [ 121.28411966200008, 14.482834542000035 ], [ 121.283934852000129, 14.482833193000033 ], [ 121.283786571000178, 14.482733357000086 ], [ 121.283397126000182, 14.482207706000054 ], [ 121.283081430000038, 14.482170546000191 ], [ 121.282475419000207, 14.482671499000162 ], [ 121.281621624000195, 14.483606311000017 ], [ 121.280718284000045, 14.484006331000103 ], [ 121.280361578000225, 14.48464851600005 ], [ 121.280357728000013, 14.485148058000163 ], [ 121.280506239000033, 14.485991443000046 ], [ 121.279209115000185, 14.487609083000109 ], [ 121.278646503000118, 14.489196347000188 ], [ 121.277376708000133, 14.490397875000099 ], [ 121.2773387310001, 14.490717603000121 ], [ 121.277479285000027, 14.490908908000051 ], [ 121.277421951000065, 14.491436065000016 ], [ 121.277114472000108, 14.492168960000186 ], [ 121.276706044000093, 14.493533336000098 ], [ 121.281737140000018, 14.494630723000057 ], [ 121.281976354000221, 14.493801270000063 ], [ 121.284409403000041, 14.494537925000031 ], [ 121.286121826000226, 14.49469439700016 ], [ 121.286124641000015, 14.494504410000161 ] ] ] } },
{ "type": "Feature", "properties": { "psgc_code": "0405812021", "name": "Madilay-dilay", "region": "Region IV-A (Calabarzon)", "province": "Rizal", "municipality": "Tanay", "barangay": "Madilay-dilay", "level": "barangay" }, "geometry": { "type": "Polygon", "coordinates": [ [ [ 121.442058431000191, 14.578114140000025 ], [ 121.442855075000011, 14.577874100000088 ], [ 121.444473558000027, 14.577115749000143 ], [ 121.444627614000183, 14.576766826000096 ], [ 121.44461702000001, 14.576175594000063 ], [ 121.444828485000016, 14.575369911000109 ], [ 121.445157677000111, 14.57486385500016 ], [ 121.445697242000051, 14.574490167000135 ], [ 121.446663563000016, 14.574292712000045 ], [ 121.446873651000146, 14.573585431000083 ], [ 121.446988858000168, 14.572691292000059 ], [ 121.44785, 14.572024048000117 ], [ 121.448199636000027, 14.57097829900016 ], [ 121.449587206000047, 14.570418379000046 ], [ 121.449726397000063, 14.570188268999971 ], [ 121.449386260000097, 14.569619882000154 ], [ 121.446038057000123, 14.56249691700009 ], [ 121.444962306000207, 14.562539947000062 ], [ 121.44484793200013, 14.562888949000182 ], [ 121.444824611000058, 14.563339810000116 ], [ 121.443829607000112, 14.563013324999986 ], [ 121.440549202000057, 14.561606326 ], [ 121.44124737900006, 14.561076926000112 ], [ 121.439253654000026, 14.560201982000024 ], [ 121.439038504000109, 14.560001174999968 ], [ 121.43896678700014, 14.559757338000168 ], [ 121.434531166000056, 14.574228668999979 ], [ 121.435166359000164, 14.574247978000074 ], [ 121.435849014000041, 14.574932320000016 ], [ 121.43651022500012, 14.575860831000057 ], [ 121.436807067000018, 14.576028749000045 ], [ 121.437080390000119, 14.576066514000104 ], [ 121.437664918000337, 14.576701538000066 ], [ 121.438308485000221, 14.576950547000138 ], [ 121.439249061000055, 14.576554204000104 ], [ 121.439458598000101, 14.576582958000188 ], [ 121.439888775000099, 14.577062594000097 ], [ 121.4401580870001, 14.577139106 ], [ 121.440820551000229, 14.577092939000181 ], [ 121.441562291000309, 14.578489869000123 ], [ 121.442058431000191, 14.578114140000025 ] ] ] } },
{ "type": "Feature", "properties": { "psgc_code": "0405813001", "name": "Dolores (Pob.)", "region": "Region IV-A (Calabarzon)", "province": "Rizal", "municipality": "Taytay", "barangay": "Dolores (Pob.)", "level": "barangay" }, "geometry": { "type": "Polygon", "coordinates": [ [ [ 121.150136122000163, 14.591595833000042 ], [ 121.151001046000147, 14.591031380000175 ], [ 121.151499420000164, 14.590422917000183 ], [ 121.15193648900015, 14.590100460000031 ], [ 121.152280400000109, 14.589669800000138 ], [ 121.153035700000032, 14.589387400000021 ], [ 121.153224500000078, 14.589196400000048 ], [ 121.153224500000078, 14.589088400000151 ], [ 121.153611119000175, 14.589189401000056 ], [ 121.153665691000015, 14.589375164999979 ], [ 121.153795932000094, 14.589355503000149 ], [ 121.153839001000051, 14.589934195000069 ], [ 121.154477462000159, 14.589927542000112 ], [ 121.156045655000185, 14.589469998000141 ], [ 121.155978673000163, 14.588705891000018 ], [ 121.156110593000221, 14.586661766000134 ], [ 121.156758110000055, 14.586786580000137 ], [ 121.158489708000161, 14.586862538000048 ], [ 121.158193613000094, 14.584411283000179 ], [ 121.157646422000198, 14.582167282 ], [ 121.159044608000045, 14.581639079000126 ], [ 121.159010459000115, 14.581344264000165 ], [ 121.15975310400006, 14.581131210000081 ], [ 121.158742482000093, 14.576801256000124 ], [ 121.15963541900021, 14.575816727000131 ], [ 121.159953628000153, 14.57588318400019 ], [ 121.160064060000195, 14.576783189000139 ], [ 121.160561198000096, 14.576626055000133 ], [ 121.16056707600012, 14.57636740200013 ], [ 121.160370295, 14.575663131 ], [ 121.159923877000097, 14.575300952000134 ], [ 121.160765827000091, 14.573187021000138 ], [ 121.16148828200005, 14.572148430000084 ], [ 121.162011542000073, 14.571030557000029 ], [ 121.162907426000061, 14.56991268400003 ], [ 121.163248338000017, 14.569088153000109 ], [ 121.163982047000104, 14.56847553200015 ], [ 121.163652161000186, 14.567394783000168 ], [ 121.165012831000126, 14.566705271000103 ], [ 121.165262840000082, 14.565254935000041 ], [ 121.166217326000037, 14.564545936000059 ], [ 121.166326564000201, 14.564665585000114 ], [ 121.166375927000104, 14.564610182000024 ], [ 121.166235697000047, 14.563720583000077 ], [ 121.165709556000138, 14.563885034000066 ], [ 121.16479260500023, 14.563715359000184 ], [ 121.164060145, 14.563006433000112 ], [ 121.162485045000039, 14.562620427000184 ], [ 121.162812448000068, 14.561233548000075 ], [ 121.162669712000138, 14.560927704 ], [ 121.162590569000031, 14.560109124000121 ], [ 121.162062949000074, 14.559286035000127 ], [ 121.161330489000079, 14.559436233000156 ], [ 121.160864943000092, 14.55924397900003 ], [ 121.160386982000091, 14.559340106000093 ], [ 121.160064203000161, 14.559117812000181 ], [ 121.159407979000207, 14.559215497000025 ], [ 121.155394858000022, 14.558836929000108 ], [ 121.15177159700022, 14.558088697000017 ], [ 121.147721349000108, 14.560845918000155 ], [ 121.146548061000203, 14.560582240000031 ], [ 121.144966983000131, 14.560970575000113 ], [ 121.143436709000184, 14.561554337000075 ], [ 121.143976628000132, 14.562280129000101 ], [ 121.144175829000233, 14.562700686000142 ], [ 121.143343482000205, 14.563304730000027 ], [ 121.142823817000021, 14.563806152000154 ], [ 121.142324848000044, 14.563307183000177 ], [ 121.142153228000097, 14.563307183000177 ], [ 121.142048350000096, 14.563412061000122 ], [ 121.141660616000195, 14.56334532 ], [ 121.141282416000195, 14.563116494000099 ], [ 121.140996383000015, 14.562633415 ], [ 121.140777091000018, 14.562474508000093 ], [ 121.140646787000037, 14.562474508000093 ], [ 121.139979376000156, 14.562897202000045 ], [ 121.139575751000052, 14.562881311000069 ], [ 121.13952172300003, 14.563075178000076 ], [ 121.138971904000073, 14.563145097000074 ], [ 121.138418906000197, 14.563059287000044 ], [ 121.137961253000071, 14.563192769000125 ], [ 121.137824593000119, 14.563348498000096 ], [ 121.137656151000101, 14.563351677000128 ], [ 121.137440037000147, 14.563618641000176 ], [ 121.137351049000017, 14.56394599000015 ], [ 121.137103153000112, 14.564162104000104 ], [ 121.13729384200019, 14.564251092000177 ], [ 121.137347871000088, 14.56461975700006 ], [ 121.137220745000263, 14.564804090000109 ], [ 121.137371636000012, 14.564942559000087 ], [ 121.137347871000088, 14.565455610000186 ], [ 121.13714764700012, 14.565528707000112 ], [ 121.136645500000213, 14.566113486000063 ], [ 121.136222807000081, 14.566059458000041 ], [ 121.135282075000077, 14.56629781900017 ], [ 121.134875471000214, 14.566299048000189 ], [ 121.134881600000085, 14.566361928000049 ], [ 121.13389363400006, 14.566588029000172 ], [ 121.134132024000223, 14.567461306000041 ], [ 121.133339029000126, 14.567756221000025 ], [ 121.132147490000193, 14.568352606000076 ], [ 121.130938495, 14.569123551000189 ], [ 121.131640923000077, 14.570079626000165 ], [ 121.131869814000083, 14.570619308000062 ], [ 121.132501388000151, 14.570645572000103 ], [ 121.133120710000071, 14.571006843000021 ], [ 121.133349270000167, 14.57121328400018 ], [ 121.133708424000019, 14.571979617000068 ], [ 121.134309708000046, 14.572918700000059 ], [ 121.134674531000087, 14.572722775999978 ], [ 121.13513393900007, 14.573357840000142 ], [ 121.135154207000028, 14.573540252000157 ], [ 121.13570482700004, 14.573510571999975 ], [ 121.136046297000121, 14.573612504000096 ], [ 121.136349543000165, 14.573551345000055 ], [ 121.136464216000149, 14.573599762000072 ], [ 121.137052870000161, 14.573449413000162 ], [ 121.139369621000242, 14.574477145000117 ], [ 121.1400377020002, 14.574862450000126 ], [ 121.141600753000148, 14.576076518000036 ], [ 121.143158888000016, 14.577614993000054 ], [ 121.143032075000065, 14.577716209000073 ], [ 121.141858456000023, 14.578074211 ], [ 121.14219950200004, 14.578390420000176 ], [ 121.142566966000231, 14.579236381999976 ], [ 121.143389334000062, 14.579002929000126 ], [ 121.143484988000182, 14.578835157000128 ], [ 121.144156177000013, 14.578792035999982 ], [ 121.144476926000152, 14.579374137000116 ], [ 121.144637301000216, 14.579522632000078 ], [ 121.145231281000292, 14.579457294000179 ], [ 121.145272860000091, 14.579760223999983 ], [ 121.145047147000014, 14.580134431000147 ], [ 121.145100606000028, 14.580746231000148 ], [ 121.144298732000152, 14.58100164300015 ], [ 121.143686933000026, 14.581678780000118 ], [ 121.143760536000059, 14.581934051000189 ], [ 121.144610046000139, 14.582550893000075 ], [ 121.14484271400022, 14.583043284000041 ], [ 121.145643526000072, 14.583681769000179 ], [ 121.145622040000035, 14.584152669000048 ], [ 121.145091020000109, 14.584510294000097 ], [ 121.144971812000108, 14.584634921000031 ], [ 121.144977230000109, 14.584808315000146 ], [ 121.145671568000012, 14.586304215000098 ], [ 121.147025065000207, 14.587924091 ], [ 121.146405912000091, 14.588147274000107 ], [ 121.146060339000201, 14.588737628999979 ], [ 121.146096336000028, 14.589299186 ], [ 121.146326718000068, 14.589795948000074 ], [ 121.146722688000182, 14.590278311000134 ], [ 121.147661934000098, 14.590359417000059 ], [ 121.148695212000121, 14.59059118000016 ], [ 121.148869034000086, 14.59118990200011 ], [ 121.149351875000207, 14.59152789 ], [ 121.150074500000187, 14.591704900000138 ], [ 121.150136122000163, 14.591595833000042 ] ] ] } },
{ "type": "Feature", "properties": { "psgc_code": "0405813002", "name": "Muzon", "region": "Region IV-A (Calabarzon)", "province": "Rizal", "municipality": "Taytay", "barangay": "Muzon", "level": "barangay" }, "geometry": { "type": "Polygon", "coordinates": [ [ [ 121.160272916000054, 14.551322187000096 ], [ 121.160485159000132, 14.550867382000035 ], [ 121.160711978000336, 14.549393740000141 ], [ 121.159302664000052, 14.548426591000123 ], [ 121.156965713000091, 14.548006350000094 ], [ 121.156945461000191, 14.547713564 ], [ 121.157117380000273, 14.547317760000112 ], [ 121.157760222000206, 14.546911749 ], [ 121.15789632100018, 14.546938436000175 ], [ 121.14679578800019, 14.539994283000169 ], [ 121.139341620000323, 14.533752161999985 ], [ 121.138942155000223, 14.534015834000172 ], [ 121.138851467000222, 14.534285831000034 ], [ 121.138929586000017, 14.535516984000026 ], [ 121.1386874210001, 14.535773471000027 ], [ 121.138068370000155, 14.535780857000077 ], [ 121.137890393000248, 14.53591480100016 ], [ 121.137761397000077, 14.536233714000161 ], [ 121.137344451000217, 14.536242704000188 ], [ 121.137031857000125, 14.535858753000127 ], [ 121.136753858000134, 14.535868847000074 ], [ 121.136370887000112, 14.536345708 ], [ 121.136206160000029, 14.536405923000132 ], [ 121.135892227000113, 14.536181930000112 ], [ 121.135667541000203, 14.535860204000187 ], [ 121.135205051000071, 14.535896627000056 ], [ 121.135547775000077, 14.53654009000013 ], [ 121.13565699600008, 14.5368859780001 ], [ 121.13555242200016, 14.536991861999979 ], [ 121.136167181000133, 14.538857023000048 ], [ 121.137147482000159, 14.540233616000023 ], [ 121.140111140000045, 14.543921996000165 ], [ 121.141346236000118, 14.545667263999974 ], [ 121.141490707000116, 14.545730469000148 ], [ 121.142170319000343, 14.547095998000088 ], [ 121.142873473000122, 14.546826224000142 ], [ 121.143550787000208, 14.547921061000011 ], [ 121.144218823000188, 14.548570540000014 ], [ 121.144877581000173, 14.548913836 ], [ 121.145731182000191, 14.548737549000066 ], [ 121.146324112000229, 14.548958194000136 ], [ 121.146573547000116, 14.549203404000025 ], [ 121.146936984000149, 14.549306951000119 ], [ 121.147354612000072, 14.549306703000127 ], [ 121.147776038000075, 14.549173563000124 ], [ 121.148780475000194, 14.549684396000032 ], [ 121.149645712000051, 14.550258691000181 ], [ 121.150396796000223, 14.550326863000123 ], [ 121.150035212000148, 14.550726023000152 ], [ 121.149797490000196, 14.550842855000042 ], [ 121.149478420000037, 14.55201495700004 ], [ 121.148003042000028, 14.553690068000151 ], [ 121.148558373000242, 14.553749373000187 ], [ 121.148746268000082, 14.55389452300011 ], [ 121.148748740000087, 14.554129524000075 ], [ 121.149016271000164, 14.554771472000084 ], [ 121.148916234000126, 14.555295937000039 ], [ 121.149619835000181, 14.555532737000135 ], [ 121.150035922000029, 14.55584183000019 ], [ 121.150511449000192, 14.556495680000126 ], [ 121.151545721000161, 14.557601281000188 ], [ 121.15177159700022, 14.558088697000017 ], [ 121.155394858000022, 14.558836929000108 ], [ 121.159407979000207, 14.559215497000025 ], [ 121.160272916000054, 14.551322187000096 ] ] ] } },
{ "type": "Feature", "properties": { "psgc_code": "0405813003", "name": "San Isidro", "region": "Region IV-A (Calabarzon)", "province": "Rizal", "municipality": "Taytay", "barangay": "San Isidro", "level": "barangay" }, "geometry": { "type": "Polygon", "coordinates": [ [ [ 121.142350227000179, 14.589148342000158 ], [ 121.143179303000011, 14.589371555000071 ], [ 121.143577897000114, 14.589586796 ], [ 121.144273409000107, 14.58971268200014 ], [ 121.146326718000068, 14.589795948000074 ], [ 121.146096336000028, 14.589299186 ], [ 121.146060339000201, 14.588737628999979 ], [ 121.146405912000091, 14.588147274000107 ], [ 121.147025065000207, 14.587924091 ], [ 121.145671568000012, 14.586304215000098 ], [ 121.144977230000109, 14.584808315000146 ], [ 121.144971812000108, 14.584634921000031 ], [ 121.145091020000109, 14.584510294000097 ], [ 121.145622040000035, 14.584152669000048 ], [ 121.145643526000072, 14.583681769000179 ], [ 121.14484271400022, 14.583043284000041 ], [ 121.144610046000139, 14.582550893000075 ], [ 121.143760536000059, 14.581934051000189 ], [ 121.143686933000026, 14.581678780000118 ], [ 121.144298732000152, 14.58100164300015 ], [ 121.145100606000028, 14.580746231000148 ], [ 121.145047147000014, 14.580134431000147 ], [ 121.145272860000091, 14.579760223999983 ], [ 121.145231281000292, 14.579457294000179 ], [ 121.144637301000216, 14.579522632000078 ], [ 121.144476926000152, 14.579374137000116 ], [ 121.144156177000013, 14.578792035999982 ], [ 121.143484988000182, 14.578835157000128 ], [ 121.143389334000062, 14.579002929000126 ], [ 121.142566966000231, 14.579236381999976 ], [ 121.14219950200004, 14.578390420000176 ], [ 121.141858456000023, 14.578074211 ], [ 121.143032075000065, 14.577716209000073 ], [ 121.143158888000016, 14.577614993000054 ], [ 121.141600753000148, 14.576076518000036 ], [ 121.1400377020002, 14.574862450000126 ], [ 121.139369621000242, 14.574477145000117 ], [ 121.137052870000161, 14.573449413000162 ], [ 121.136464216000149, 14.573599762000072 ], [ 121.136349543000165, 14.573551345000055 ], [ 121.136046297000121, 14.573612504000096 ], [ 121.13570482700004, 14.573510571999975 ], [ 121.135154207000028, 14.573540252000157 ], [ 121.13513393900007, 14.573357840000142 ], [ 121.134674531000087, 14.572722775999978 ], [ 121.134309708000046, 14.572918700000059 ], [ 121.133708424000019, 14.571979617000068 ], [ 121.133349270000167, 14.57121328400018 ], [ 121.133120710000071, 14.571006843000021 ], [ 121.132501388000151, 14.570645572000103 ], [ 121.131869814000083, 14.570619308000062 ], [ 121.131640923000077, 14.570079626000165 ], [ 121.130938495, 14.569123551000189 ], [ 121.130031473000145, 14.569775572000026 ], [ 121.129321628000298, 14.569952521 ], [ 121.129334736000146, 14.570080318 ], [ 121.128368888000182, 14.570362124999974 ], [ 121.128201770000032, 14.569890261000012 ], [ 121.126735392000228, 14.570369115000062 ], [ 121.126047792, 14.569940239000061 ], [ 121.125812376000226, 14.569511362000014 ], [ 121.125276280000094, 14.569115118000127 ], [ 121.125266957000122, 14.568807445000118 ], [ 121.123514217000206, 14.569002000000182 ], [ 121.124000558000034, 14.571049902000141 ], [ 121.123898111000017, 14.571294199000022 ], [ 121.124901831000102, 14.573734148000028 ], [ 121.12498913200011, 14.573671609000087 ], [ 121.125437489000205, 14.574538853999968 ], [ 121.125506842000163, 14.574484656000095 ], [ 121.125563768000234, 14.574566781999977 ], [ 121.12584384600018, 14.574441960000115 ], [ 121.125974716000087, 14.57459673600016 ], [ 121.125836057000129, 14.574720303000163 ], [ 121.126368506000063, 14.575430737000147 ], [ 121.130083485000227, 14.57752535200018 ], [ 121.129864055000326, 14.577837585000168 ], [ 121.131083633000117, 14.581519920000119 ], [ 121.131000159000223, 14.581540075000078 ], [ 121.132156162000342, 14.583534221000036 ], [ 121.134366468000053, 14.583856732000186 ], [ 121.136434188000067, 14.582565322000107 ], [ 121.136818812000115, 14.584018146000062 ], [ 121.136751471000025, 14.585065952000036 ], [ 121.136871752000047, 14.585373337000021 ], [ 121.137473157000045, 14.585266421000028 ], [ 121.137539980000156, 14.585012494000068 ], [ 121.138275030000045, 14.583956694000108 ], [ 121.138635873000112, 14.583676039000068 ], [ 121.138733137000031, 14.583442901000126 ], [ 121.13866186000007, 14.582985537000127 ], [ 121.138863813000171, 14.582831102000057 ], [ 121.139142984000046, 14.582771704000095 ], [ 121.139267720000248, 14.58289050000019 ], [ 121.139392455, 14.583413202000088 ], [ 121.139273659000082, 14.58404876100019 ], [ 121.139344937000033, 14.584155678000059 ], [ 121.139552830000071, 14.58413785800019 ], [ 121.139675928000088, 14.584469746000082 ], [ 121.140016819000152, 14.584793592000096 ], [ 121.140800350000063, 14.587111151999977 ], [ 121.141341613, 14.587683641000183 ], [ 121.141113667000127, 14.588173644000165 ], [ 121.140853286000038, 14.58849098200011 ], [ 121.14006367900015, 14.589157986000032 ], [ 121.140552289000084, 14.589351158000056 ], [ 121.14073937, 14.58985798000009 ], [ 121.142350227000179, 14.589148342000158 ] ] ] } },
{ "type": "Feature", "properties": { "psgc_code": "0405813004", "name": "San Juan", "region": "Region IV-A (Calabarzon)", "province": "Rizal", "municipality": "Taytay", "barangay": "San Juan", "level": "barangay" }, "geometry": { "type": "Polygon", "coordinates": [ [ [ 121.129632991000221, 14.569908067000085 ], [ 121.130031473000145, 14.569775572000026 ], [ 121.131292236000149, 14.568861334000076 ], [ 121.132147490000193, 14.568352606000076 ], [ 121.133339029000126, 14.567756221000025 ], [ 121.134132024000223, 14.567461306000041 ], [ 121.13389363400006, 14.566588029000172 ], [ 121.134881600000085, 14.566361928000049 ], [ 121.134875471000214, 14.566299048000189 ], [ 121.135282075000077, 14.56629781900017 ], [ 121.136222807000081, 14.566059458000041 ], [ 121.136645500000213, 14.566113486000063 ], [ 121.13714764700012, 14.565528707000112 ], [ 121.137347871000088, 14.565455610000186 ], [ 121.137371636000012, 14.564942559000087 ], [ 121.137220745000263, 14.564804090000109 ], [ 121.137347871000088, 14.56461975700006 ], [ 121.13729384200019, 14.564251092000177 ], [ 121.137103153000112, 14.564162104000104 ], [ 121.137351049000017, 14.56394599000015 ], [ 121.137440037000147, 14.563618641000176 ], [ 121.137656151000101, 14.563351677000128 ], [ 121.137824593000119, 14.563348498000096 ], [ 121.137961253000071, 14.563192769000125 ], [ 121.138418906000197, 14.563059287000044 ], [ 121.138971904000073, 14.563145097000074 ], [ 121.13952172300003, 14.563075178000076 ], [ 121.139575751000052, 14.562881311000069 ], [ 121.139979376000156, 14.562897202000045 ], [ 121.140646787000037, 14.562474508000093 ], [ 121.140777091000018, 14.562474508000093 ], [ 121.140996383000015, 14.562633415 ], [ 121.141282416000195, 14.563116494000099 ], [ 121.141660616000195, 14.56334532 ], [ 121.142048350000096, 14.563412061000122 ], [ 121.142153228000097, 14.563307183000177 ], [ 121.142324848000044, 14.563307183000177 ], [ 121.142823817000021, 14.563806152000154 ], [ 121.143343482000205, 14.563304730000027 ], [ 121.144175829000233, 14.562700686000142 ], [ 121.143976628000132, 14.562280129000101 ], [ 121.143436709000184, 14.561554337000075 ], [ 121.144966983000131, 14.560970575000113 ], [ 121.146548061000203, 14.560582240000031 ], [ 121.147721349000108, 14.560845918000155 ], [ 121.15177159700022, 14.558088697000017 ], [ 121.151545721000161, 14.557601281000188 ], [ 121.150511449000192, 14.556495680000126 ], [ 121.150035922000029, 14.55584183000019 ], [ 121.149619835000181, 14.555532737000135 ], [ 121.148916234000126, 14.555295937000039 ], [ 121.149016271000164, 14.554771472000084 ], [ 121.148748740000087, 14.554129524000075 ], [ 121.148746268000082, 14.55389452300011 ], [ 121.148558373000242, 14.553749373000187 ], [ 121.148003042000028, 14.553690068000151 ], [ 121.149478420000037, 14.55201495700004 ], [ 121.149797490000196, 14.550842855000042 ], [ 121.150035212000148, 14.550726023000152 ], [ 121.150396796000223, 14.550326863000123 ], [ 121.149645712000051, 14.550258691000181 ], [ 121.148780475000194, 14.549684396000032 ], [ 121.147776038000075, 14.549173563000124 ], [ 121.147354612000072, 14.549306703000127 ], [ 121.146936984000149, 14.549306951000119 ], [ 121.146573547000116, 14.549203404000025 ], [ 121.146324112000229, 14.548958194000136 ], [ 121.145731182000191, 14.548737549000066 ], [ 121.144877581000173, 14.548913836 ], [ 121.144218823000188, 14.548570540000014 ], [ 121.143550787000208, 14.547921061000011 ], [ 121.142873473000122, 14.546826224000142 ], [ 121.142170319000343, 14.547095998000088 ], [ 121.141490707000116, 14.545730469000148 ], [ 121.141346236000118, 14.545667263999974 ], [ 121.140111140000045, 14.543921996000165 ], [ 121.137147482000159, 14.540233616000023 ], [ 121.136167181000133, 14.538857023000048 ], [ 121.13555242200016, 14.536991861999979 ], [ 121.13565699600008, 14.5368859780001 ], [ 121.135547775000077, 14.53654009000013 ], [ 121.135205051000071, 14.535896627000056 ], [ 121.135021678000157, 14.536051947000146 ], [ 121.134803120000015, 14.536505503000171 ], [ 121.134922724000148, 14.537306299000022 ], [ 121.134581050000065, 14.53737741000009 ], [ 121.134442411000236, 14.537339391000046 ], [ 121.134305839000149, 14.537055281 ], [ 121.134060954, 14.536130433000039 ], [ 121.13393649700015, 14.535907947000112 ], [ 121.13362122400008, 14.535843908000061 ], [ 121.133038518000035, 14.53603614900004 ], [ 121.132543404000103, 14.536327530000108 ], [ 121.132303508000064, 14.536313312000175 ], [ 121.132013912000161, 14.536200255000153 ], [ 121.131901986000116, 14.535990173000187 ], [ 121.131829919000097, 14.535546608000175 ], [ 121.131298877000063, 14.53560389800009 ], [ 121.13122370900021, 14.53552946700006 ], [ 121.131136633000096, 14.535368804000029 ], [ 121.131058661000225, 14.534125349000078 ], [ 121.130896521000182, 14.53387795000009 ], [ 121.13067019000016, 14.533753092000097 ], [ 121.130329246000201, 14.533738066000069 ], [ 121.129887158000201, 14.533246253000129 ], [ 121.129724555000166, 14.53251702700004 ], [ 121.128555479000056, 14.528932630000043 ], [ 121.128312271000027, 14.529188984000086 ], [ 121.128882997000119, 14.530831379000176 ], [ 121.128939997000089, 14.53121927900014 ], [ 121.128380080000056, 14.531872289000148 ], [ 121.126609907000216, 14.534546773000102 ], [ 121.126159727000072, 14.535048025000037 ], [ 121.125493154000083, 14.535482970000032 ], [ 121.125053254000136, 14.535479449000036 ], [ 121.124832025000046, 14.53527221600018 ], [ 121.124265530000116, 14.535273551000046 ], [ 121.123913019000156, 14.534912636000115 ], [ 121.123641849000137, 14.53491046400012 ], [ 121.12333921000004, 14.535066539000127 ], [ 121.123207283000056, 14.534989168000038 ], [ 121.123017228000208, 14.534658904000082 ], [ 121.123075795000204, 14.533432469000104 ], [ 121.123205907000056, 14.533010844000103 ], [ 121.123548216000131, 14.532438290000186 ], [ 121.123604925000109, 14.532145225000022 ], [ 121.123542852000014, 14.531645749000063 ], [ 121.123233418000154, 14.531179511000062 ], [ 121.12287952600002, 14.530982953000091 ], [ 121.122566478000067, 14.530945224000106 ], [ 121.121818673000121, 14.531009674000131 ], [ 121.121588351000014, 14.53116632900003 ], [ 121.121532679000211, 14.531336122000141 ], [ 121.121607643000061, 14.531735908000144 ], [ 121.121452930000146, 14.532216036000079 ], [ 121.121089639000161, 14.532418587000052 ], [ 121.120809249000217, 14.532081727000104 ], [ 121.120531886000094, 14.53138680100011 ], [ 121.119803499000113, 14.531292902000075 ], [ 121.119649803000016, 14.53093944799997 ], [ 121.119434610000098, 14.530732257000182 ], [ 121.11913386200024, 14.530665270000043 ], [ 121.118710911000107, 14.530796893000172 ], [ 121.11844054200003, 14.530700796000133 ], [ 121.118357621000087, 14.530529891000128 ], [ 121.118597594000107, 14.529944782000086 ], [ 121.118385085000227, 14.529420613000184 ], [ 121.118319895000127, 14.529290941999989 ], [ 121.117998339000337, 14.529546655000104 ], [ 121.117770700000051, 14.529386328000101 ], [ 121.117706079000186, 14.529218023999988 ], [ 121.117930112000295, 14.529275281000025 ], [ 121.118018065000228, 14.529223527 ], [ 121.118180382000219, 14.528829887000143 ], [ 121.118933413000263, 14.528563038000186 ], [ 121.119024250000052, 14.528421863000119 ], [ 121.119093141, 14.528225933999977 ], [ 121.118740866000053, 14.527480836000166 ], [ 121.118911154000102, 14.527220224000075 ], [ 121.118924389000085, 14.526980184000138 ], [ 121.118832356000212, 14.52685918800006 ], [ 121.11557459800008, 14.531518758000118 ], [ 121.115040024000109, 14.532010993000085 ], [ 121.115123381000103, 14.532040856000151 ], [ 121.115134333000015, 14.532263869000076 ], [ 121.114282564000291, 14.532560918 ], [ 121.114062596000053, 14.533272460000092 ], [ 121.112391864000188, 14.535904743 ], [ 121.112182114000234, 14.536793401000182 ], [ 121.112316379000049, 14.537333683000156 ], [ 121.112846022000099, 14.538226844000064 ], [ 121.114198650000276, 14.540031420000162 ], [ 121.114447436000091, 14.540229731000125 ], [ 121.114415349000183, 14.54048668300004 ], [ 121.114719657000137, 14.540747279000129 ], [ 121.114997726000183, 14.541862879000064 ], [ 121.114962730000116, 14.542370321000135 ], [ 121.114722791000077, 14.543251592000104 ], [ 121.115612143000135, 14.54368976600017 ], [ 121.116084947000104, 14.544157257 ], [ 121.117317424000021, 14.546016597 ], [ 121.117742416000056, 14.546351278000088 ], [ 121.117917725000098, 14.546600961000081 ], [ 121.118124908000027, 14.547190638000075 ], [ 121.118167101000267, 14.547599741000113 ], [ 121.119613820000154, 14.54871842 ], [ 121.117735333000041, 14.551489249000042 ], [ 121.11983243200018, 14.552808314 ], [ 121.119648608000034, 14.553078182000149 ], [ 121.120573953000076, 14.553793369000061 ], [ 121.120953327000052, 14.553859030000069 ], [ 121.121234210000125, 14.553731356000185 ], [ 121.121464023000044, 14.553767833999984 ], [ 121.121817863000047, 14.554289473000097 ], [ 121.122525541000073, 14.554398908000167 ], [ 121.1227115800001, 14.555033630000139 ], [ 121.123133841000026, 14.555356188000133 ], [ 121.123791337000057, 14.555661057000066 ], [ 121.126446956000109, 14.558860202000176 ], [ 121.126508969000042, 14.559028002000048 ], [ 121.126446956000109, 14.560144237000088 ], [ 121.126311987000236, 14.560611159000189 ], [ 121.126403182000104, 14.560994181000069 ], [ 121.126636643000097, 14.561435568000093 ], [ 121.127242183000135, 14.561402738000027 ], [ 121.127417278000166, 14.561829534000026 ], [ 121.127818539000032, 14.562325638 ], [ 121.127960805000043, 14.562807152000062 ], [ 121.128139548000036, 14.562920234000046 ], [ 121.128602822000175, 14.562949417000027 ], [ 121.128770622000047, 14.563124513000162 ], [ 121.129175531000215, 14.564911948000145 ], [ 121.129638806000116, 14.565933340000129 ], [ 121.129631510000195, 14.566454979000184 ], [ 121.129416288000129, 14.567293980000045 ], [ 121.129292827000313, 14.567690267000103 ], [ 121.129080688000045, 14.567925054000057 ], [ 121.129073392, 14.568030841 ], [ 121.129361571000118, 14.56847587600015 ], [ 121.129449118000025, 14.56917625900013 ], [ 121.129609623000078, 14.569592111000077 ], [ 121.129632991000221, 14.569908067000085 ] ] ] } },
{ "type": "Feature", "properties": { "psgc_code": "0405813005", "name": "Santa Ana", "region": "Region IV-A (Calabarzon)", "province": "Rizal", "municipality": "Taytay", "barangay": "Santa Ana", "level": "barangay" }, "geometry": { "type": "Polygon", "coordinates": [ [ [ 121.126735392000228, 14.570369115000062 ], [ 121.128201770000032, 14.569890261000012 ], [ 121.128368888000182, 14.570362124999974 ], [ 121.129334736000146, 14.570080318 ], [ 121.129321628000298, 14.569952521 ], [ 121.129632991000221, 14.569908067000085 ], [ 121.129361571000118, 14.56847587600015 ], [ 121.129073392, 14.568030841 ], [ 121.129080688000045, 14.567925054000057 ], [ 121.129292827000313, 14.567690267000103 ], [ 121.129416288000129, 14.567293980000045 ], [ 121.129631510000195, 14.566454979000184 ], [ 121.129638806000116, 14.565933340000129 ], [ 121.129175531000215, 14.564911948000145 ], [ 121.128770622000047, 14.563124513000162 ], [ 121.128602822000175, 14.562949417000027 ], [ 121.128139548000036, 14.562920234000046 ], [ 121.127960805000043, 14.562807152000062 ], [ 121.127818539000032, 14.562325638 ], [ 121.127417278000166, 14.561829534000026 ], [ 121.127242183000135, 14.561402738000027 ], [ 121.126636643000097, 14.561435568000093 ], [ 121.126403182000104, 14.560994181000069 ], [ 121.126311987000236, 14.560611159000189 ], [ 121.126446956000109, 14.560144237000088 ], [ 121.126508969000042, 14.559028002000048 ], [ 121.126446956000109, 14.558860202000176 ], [ 121.123791337000057, 14.555661057000066 ], [ 121.123133841000026, 14.555356188000133 ], [ 121.1227115800001, 14.555033630000139 ], [ 121.122525541000073, 14.554398908000167 ], [ 121.121817863000047, 14.554289473000097 ], [ 121.121464023000044, 14.553767833999984 ], [ 121.121234210000125, 14.553731356000185 ], [ 121.120953327000052, 14.553859030000069 ], [ 121.120573953000076, 14.553793369000061 ], [ 121.119648608000034, 14.553078182000149 ], [ 121.11983243200018, 14.552808314 ], [ 121.117735333000041, 14.551489249000042 ], [ 121.119613820000154, 14.54871842 ], [ 121.118167101000267, 14.547599741000113 ], [ 121.118124908000027, 14.547190638000075 ], [ 121.117917725000098, 14.546600961000081 ], [ 121.117742416000056, 14.546351278000088 ], [ 121.117317424000021, 14.546016597 ], [ 121.116084947000104, 14.544157257 ], [ 121.115612143000135, 14.54368976600017 ], [ 121.114722791000077, 14.543251592000104 ], [ 121.114962730000116, 14.542370321000135 ], [ 121.114997726000183, 14.541862879000064 ], [ 121.11481724500004, 14.54099288000009 ], [ 121.114719657000137, 14.540747279000129 ], [ 121.114415349000183, 14.54048668300004 ], [ 121.114447436000091, 14.540229731000125 ], [ 121.114198650000276, 14.540031420000162 ], [ 121.112846022000099, 14.538226844000064 ], [ 121.112316379000049, 14.537333683000156 ], [ 121.112182114000234, 14.536793401000182 ], [ 121.112391864000188, 14.535904743 ], [ 121.114062596000053, 14.533272460000092 ], [ 121.114282564000291, 14.532560918 ], [ 121.115134333000015, 14.532263869000076 ], [ 121.115123381000103, 14.532040856000151 ], [ 121.115040024000109, 14.532010993000085 ], [ 121.11557459800008, 14.531518758000118 ], [ 121.118832356000212, 14.52685918800006 ], [ 121.118319980000024, 14.526898922000157 ], [ 121.118003387000044, 14.527234769000131 ], [ 121.117822171000171, 14.527462543000183 ], [ 121.117601890000174, 14.528334033000135 ], [ 121.117399094000234, 14.528463393000038 ], [ 121.117141385000309, 14.528461322000112 ], [ 121.11628393, 14.527638483000146 ], [ 121.116645277000089, 14.524785450000081 ], [ 121.116828275000216, 14.524607688000117 ], [ 121.116834990000143, 14.524376129000075 ], [ 121.116713136000158, 14.524244494000072 ], [ 121.116950674000122, 14.522339502000023 ], [ 121.117194170000175, 14.522036177000075 ], [ 121.117558691000227, 14.521829947000072 ], [ 121.11754717000008, 14.521004044 ], [ 121.118167863000167, 14.519833418000132 ], [ 121.118563698000116, 14.519425492000153 ], [ 121.119041924000271, 14.519342781000148 ], [ 121.119195043000104, 14.518745385000102 ], [ 121.119657654000093, 14.518319962000135 ], [ 121.119675492000283, 14.51752314200013 ], [ 121.119620396000187, 14.517472215000112 ], [ 121.119423792000248, 14.517521124000154 ], [ 121.119005752000135, 14.51792887400012 ], [ 121.118667912000092, 14.518045167000082 ], [ 121.11732368100013, 14.519348093000076 ], [ 121.117755877000036, 14.515881997000122 ], [ 121.117631878000111, 14.515983991000041 ], [ 121.117288874000224, 14.515406029000189 ], [ 121.110833873000161, 14.515149083000097 ], [ 121.106035875000202, 14.515361097000039 ], [ 121.105593876000285, 14.515718077000088 ], [ 121.102258886000072, 14.517205001000036 ], [ 121.102215893000107, 14.51834892800008 ], [ 121.101599913000314, 14.52170471800008 ], [ 121.102104408000059, 14.524414682000156 ], [ 121.102475706000064, 14.524309028000118 ], [ 121.102648568000177, 14.527728515000149 ], [ 121.103845708000108, 14.53076885500019 ], [ 121.103337841000098, 14.531997657000034 ], [ 121.103590374000078, 14.532237988000134 ], [ 121.104189038000072, 14.534086971000079 ], [ 121.1038191990001, 14.534075537000035 ], [ 121.104292770000143, 14.534692051000036 ], [ 121.104733708000026, 14.536107409000124 ], [ 121.105703584000139, 14.535778660000176 ], [ 121.10564617700004, 14.536047664000023 ], [ 121.105509366000092, 14.536121083000182 ], [ 121.105609046000154, 14.53667959500018 ], [ 121.105786212000226, 14.537018844000102 ], [ 121.105658654000308, 14.53721790000003 ], [ 121.105793881000068, 14.537679178000019 ], [ 121.105686454000306, 14.537736013000028 ], [ 121.105794489000118, 14.537994232000187 ], [ 121.105741366000075, 14.538141355000164 ], [ 121.105823018000024, 14.538329833000148 ], [ 121.10573957400004, 14.538367399000037 ], [ 121.105868332000114, 14.53884199200013 ], [ 121.105786878000117, 14.539011268000138 ], [ 121.105848086000037, 14.539177462 ], [ 121.105757615000243, 14.539228218000119 ], [ 121.105863668000097, 14.539423915000043 ], [ 121.105742274000136, 14.539481678000129 ], [ 121.105887930000108, 14.540384146 ], [ 121.10571950800022, 14.540441413000053 ], [ 121.106477353000287, 14.543177980000053 ], [ 121.106542128000228, 14.543508718000112 ], [ 121.106446666000011, 14.54354817300009 ], [ 121.106553461000203, 14.543940114000065 ], [ 121.106606347000138, 14.543922958000053 ], [ 121.106759608000061, 14.544539455 ], [ 121.106678296000155, 14.544557745000134 ], [ 121.107001683000021, 14.545701014000088 ], [ 121.107116250000104, 14.54566990100011 ], [ 121.107127072000139, 14.545771522999985 ], [ 121.107228214000202, 14.545783619000133 ], [ 121.107329179000089, 14.545944830000053 ], [ 121.109337573000175, 14.545909921999964 ], [ 121.109528064000187, 14.546100413000033 ], [ 121.109722076000253, 14.546624930000178 ], [ 121.108682127000066, 14.547775977000128 ], [ 121.109560464000083, 14.548323868000068 ], [ 121.110058189000142, 14.548456117000057 ], [ 121.111620708000146, 14.550163574000067 ], [ 121.112585847000332, 14.550817698000174 ], [ 121.113298276000023, 14.552064602000144 ], [ 121.113512981000099, 14.552801406000185 ], [ 121.113595727000074, 14.553766485000153 ], [ 121.115284319000011, 14.554979837000189 ], [ 121.116096162000076, 14.553816076000089 ], [ 121.118353683000123, 14.55505820500008 ], [ 121.116842993000319, 14.557397682000158 ], [ 121.118085708000194, 14.559494177000147 ], [ 121.11915284600002, 14.560371731000089 ], [ 121.117584667000074, 14.561005936000072 ], [ 121.118531345000065, 14.562471475000109 ], [ 121.118702641000027, 14.563044842000011 ], [ 121.119219225000279, 14.563479566000126 ], [ 121.120331061000115, 14.563095262000104 ], [ 121.121360408000101, 14.566427811000096 ], [ 121.121480574000088, 14.567179033000059 ], [ 121.123149764000118, 14.567243856000175 ], [ 121.123271939000233, 14.568504142 ], [ 121.123514217000206, 14.569002000000182 ], [ 121.125266957000122, 14.568807445000118 ], [ 121.125276280000094, 14.569115118000127 ], [ 121.125812376000226, 14.569511362000014 ], [ 121.126047792, 14.569940239000061 ], [ 121.126735392000228, 14.570369115000062 ] ] ] } },
{ "type": "Feature", "properties": { "psgc_code": "0405814001", "name": "Bagumbayan", "region": "Region IV-A (Calabarzon)", "province": "Rizal", "municipality": "Teresa", "barangay": "Bagumbayan", "level": "barangay" }, "geometry": { "type": "Polygon", "coordinates": [ [ [ 121.226449450000132, 14.562265352 ], [ 121.2279164790001, 14.55915150900006 ], [ 121.228363647000151, 14.558376731000067 ], [ 121.229842008000105, 14.557437429000117 ], [ 121.233099500000208, 14.555137065000054 ], [ 121.229948493000165, 14.550758742000085 ], [ 121.225328495000213, 14.542226268000036 ], [ 121.221642572000064, 14.538990722 ], [ 121.221491102000186, 14.539745464000134 ], [ 121.221328568000104, 14.541672920000053 ], [ 121.221538869000142, 14.542648623000048 ], [ 121.222373944000083, 14.543501097000103 ], [ 121.220531696000194, 14.543152156000076 ], [ 121.220321654000031, 14.543030332000114 ], [ 121.219930976000228, 14.543093345000102 ], [ 121.219733536000035, 14.542727872000114 ], [ 121.218616113000053, 14.542937914000106 ], [ 121.217876765000028, 14.543408408000118 ], [ 121.217540698000221, 14.543463019000114 ], [ 121.217108011000164, 14.543404207000037 ], [ 121.21681815300019, 14.54357224 ], [ 121.216582906000326, 14.543563839000115 ], [ 121.216456881000113, 14.543719270000111 ], [ 121.216339258000062, 14.543736073000161 ], [ 121.216330856000127, 14.543870500000025 ], [ 121.216150220000031, 14.543668860000025 ], [ 121.216112412000143, 14.543769680000025 ], [ 121.21602839600007, 14.543757077000123 ], [ 121.215982186000019, 14.54363105200008 ], [ 121.216049400000088, 14.543505027000037 ], [ 121.215986387000044, 14.543458818000033 ], [ 121.215793149000092, 14.543538634000072 ], [ 121.215730136000161, 14.543748676000064 ], [ 121.215599910000037, 14.543773881000106 ], [ 121.215389868000216, 14.543605847000038 ], [ 121.215175625000143, 14.543580642000165 ], [ 121.215135396000278, 14.543897220000076 ], [ 121.215264447000209, 14.544635139000093 ], [ 121.215385466000043, 14.544766782000067 ], [ 121.216794586000105, 14.54537580900012 ], [ 121.216962513000226, 14.545642191000127 ], [ 121.216949828000111, 14.545841535000079 ], [ 121.216399722000119, 14.546097287000123 ], [ 121.216083586000082, 14.546482904000129 ], [ 121.216156541000146, 14.546726085000103 ], [ 121.216890120000016, 14.547250656000074 ], [ 121.216973712000026, 14.547429781000062 ], [ 121.216381991000162, 14.548635573000183 ], [ 121.21700429700013, 14.549714120000147 ], [ 121.217327334000061, 14.550440953000191 ], [ 121.217206195000131, 14.550992807000171 ], [ 121.216762019000157, 14.551531202000035 ], [ 121.216694720000191, 14.55177348 ], [ 121.216762019000157, 14.551975378 ], [ 121.217663831000323, 14.552850269000032 ], [ 121.21779842900014, 14.553132927000149 ], [ 121.217811889000131, 14.553375204000019 ], [ 121.217744590000166, 14.553550182000095 ], [ 121.217475392000097, 14.553590562000068 ], [ 121.216903611000134, 14.553457046000062 ], [ 121.216946675000145, 14.553709095000045 ], [ 121.217169561000105, 14.553817946000095 ], [ 121.217076260000113, 14.554206700000066 ], [ 121.217143644000203, 14.554553987000133 ], [ 121.217076260000113, 14.554683571 ], [ 121.21687410800007, 14.554631736999966 ], [ 121.216703056000142, 14.55492719 ], [ 121.217226578000123, 14.555383328000119 ], [ 121.217356162000215, 14.555595846000074 ], [ 121.217387263000205, 14.555855016000066 ], [ 121.217465013000037, 14.555912033000027 ], [ 121.217672349000168, 14.555875749000052 ], [ 121.217718999000112, 14.556010517 ], [ 121.217641248000177, 14.556207486000062 ], [ 121.217485747000183, 14.556254136 ], [ 121.217532397000127, 14.556632523000133 ], [ 121.217941885000073, 14.556565139000099 ], [ 121.218045552000035, 14.556482205000179 ], [ 121.218180320000329, 14.556518489000155 ], [ 121.218283988000053, 14.556974626000112 ], [ 121.217527214000143, 14.557508515000166 ], [ 121.21747538000011, 14.55774695000008 ], [ 121.217511664000085, 14.558000936000155 ], [ 121.21777601600013, 14.558467440000186 ], [ 121.217579048000175, 14.558669592000058 ], [ 121.217599781000217, 14.558778443000051 ], [ 121.217851668000321, 14.559030306000068 ], [ 121.21767009500013, 14.559221211000136 ], [ 121.217797191000159, 14.55936038599998 ], [ 121.218314917000043, 14.559606306000092 ], [ 121.218340803000046, 14.559722794000152 ], [ 121.21810782600005, 14.559942827000157 ], [ 121.218224315000157, 14.560246991000099 ], [ 121.218353746000162, 14.560292291999986 ], [ 121.21868379600005, 14.560085202000096 ], [ 121.218955602000051, 14.560111088000099 ], [ 121.219363311000052, 14.559891055000094 ], [ 121.219835736000164, 14.560091674000091 ], [ 121.220372877000159, 14.560046372999977 ], [ 121.22082588700016, 14.560169332000157 ], [ 121.221045920000165, 14.560635286000149 ], [ 121.221408328000052, 14.560887677000153 ], [ 121.22131125500016, 14.561224199000094 ], [ 121.221375971000157, 14.561340687000154 ], [ 121.221770737000156, 14.561528363000036 ], [ 121.221958412000163, 14.561761339000157 ], [ 121.222184917000163, 14.561864885000034 ], [ 121.222463195000046, 14.562214349000158 ], [ 121.222631456000045, 14.563081540000042 ], [ 121.222916205000047, 14.563320988000157 ], [ 121.222877375000053, 14.563405119000095 ], [ 121.222612041000161, 14.563476306000041 ], [ 121.222599098000046, 14.563592795000147 ], [ 121.222372593000046, 14.563728698000148 ], [ 121.222404951000044, 14.563806356000157 ], [ 121.222275519000164, 14.564065219000156 ], [ 121.222353178000276, 14.564401741000097 ], [ 121.222256104000053, 14.564796507000096 ], [ 121.222353178000276, 14.56493241000004 ], [ 121.222262576000048, 14.565223631000094 ], [ 121.222411422000164, 14.565340119000155 ], [ 121.222463195000046, 14.56555368100004 ], [ 121.226449450000132, 14.562265352 ] ] ] } },
{ "type": "Feature", "properties": { "psgc_code": "0405814003", "name": "Dalig", "region": "Region IV-A (Calabarzon)", "province": "Rizal", "municipality": "Teresa", "barangay": "Dalig", "level": "barangay" }, "geometry": { "type": "Polygon", "coordinates": [ [ [ 121.244217500000104, 14.590110400000185 ], [ 121.24619830000006, 14.588602700000138 ], [ 121.248016, 14.587452700000028 ], [ 121.249230500000294, 14.586071400000094 ], [ 121.250447600000143, 14.585591200000181 ], [ 121.251188443000046, 14.585690880000072 ], [ 121.240563592000171, 14.56944330400006 ], [ 121.237155252000207, 14.560449451000125 ], [ 121.233099500000208, 14.555137065000054 ], [ 121.229842008000105, 14.557437429000117 ], [ 121.228363647000151, 14.558376731000067 ], [ 121.2279164790001, 14.55915150900006 ], [ 121.226449450000132, 14.562265352 ], [ 121.222463195000046, 14.56555368100004 ], [ 121.222411422000164, 14.565340119000155 ], [ 121.222262576000048, 14.565223631000094 ], [ 121.222353178000276, 14.56493241000004 ], [ 121.222256104000053, 14.564796507000096 ], [ 121.222353178000276, 14.564401741000097 ], [ 121.222275519000164, 14.564065219000156 ], [ 121.222404951000044, 14.563806356000157 ], [ 121.222372593000046, 14.563728698000148 ], [ 121.222599098000046, 14.563592795000147 ], [ 121.222612041000161, 14.563476306000041 ], [ 121.222877375000053, 14.563405119000095 ], [ 121.222916205000047, 14.563320988000157 ], [ 121.222631456000045, 14.563081540000042 ], [ 121.22254732500005, 14.562848564000149 ], [ 121.222566740000048, 14.56251204199998 ], [ 121.222327292000045, 14.5620331450001 ], [ 121.221770737000156, 14.561528363000036 ], [ 121.221375971000157, 14.561340687000154 ], [ 121.22131125500016, 14.561224199000094 ], [ 121.221408328000052, 14.560887677000153 ], [ 121.221045920000165, 14.560635286000149 ], [ 121.22082588700016, 14.560169332000157 ], [ 121.220372877000159, 14.560046372999977 ], [ 121.219835736000164, 14.560091674000091 ], [ 121.219363311000052, 14.559891055000094 ], [ 121.218955602000051, 14.560111088000099 ], [ 121.21868379600005, 14.560085202000096 ], [ 121.218353746000162, 14.560292291999986 ], [ 121.218224315000157, 14.560246991000099 ], [ 121.21810782600005, 14.559942827000157 ], [ 121.218340803000046, 14.559722794000152 ], [ 121.218314917000043, 14.559606306000092 ], [ 121.217797191000159, 14.55936038599998 ], [ 121.21767009500013, 14.559221211000136 ], [ 121.217851668000321, 14.559030306000068 ], [ 121.217599781000217, 14.558778443000051 ], [ 121.217579048000175, 14.558669592000058 ], [ 121.21777601600013, 14.558467440000186 ], [ 121.217511664000085, 14.558000936000155 ], [ 121.217496114000028, 14.557586265 ], [ 121.21792633400014, 14.557187145000057 ], [ 121.218283988000053, 14.556974626000112 ], [ 121.218180320000329, 14.556518489000155 ], [ 121.218045552000035, 14.556482205000179 ], [ 121.217941885000073, 14.556565139000099 ], [ 121.217532397000127, 14.556632523000133 ], [ 121.217485747000183, 14.556254136 ], [ 121.217641248000177, 14.556207486000062 ], [ 121.217718999000112, 14.556010517 ], [ 121.217672349000168, 14.555875749000052 ], [ 121.217465013000037, 14.555912033000027 ], [ 121.217387263000205, 14.555855016000066 ], [ 121.217356162000215, 14.555595846000074 ], [ 121.217226578000123, 14.555383328000119 ], [ 121.216703056000142, 14.55492719 ], [ 121.21687410800007, 14.554631736999966 ], [ 121.217076260000113, 14.554683571 ], [ 121.217143644000203, 14.554553987000133 ], [ 121.217076260000113, 14.554206700000066 ], [ 121.217169561000105, 14.553817946000095 ], [ 121.216946675000145, 14.553709095000045 ], [ 121.216903611000134, 14.553457046000062 ], [ 121.216587041000025, 14.553402124000115 ], [ 121.216371683000034, 14.553509803000054 ], [ 121.215914048000059, 14.554801950000126 ], [ 121.215779449000024, 14.555528783000113 ], [ 121.215012236, 14.555824900000061 ], [ 121.214743039000041, 14.555851820000157 ], [ 121.214218104000111, 14.55560954300006 ], [ 121.213881607000189, 14.5556499220001 ], [ 121.213598950000346, 14.555784521000135 ], [ 121.213450891000093, 14.556094098000131 ], [ 121.213410512000223, 14.556484434000083 ], [ 121.213195154000118, 14.557022829000118 ], [ 121.213262453000084, 14.557265105999988 ], [ 121.213827768000101, 14.55772274200001 ], [ 121.215308353000296, 14.558301516000142 ], [ 121.21544295200033, 14.558449575000054 ], [ 121.215335273000051, 14.558718772000191 ], [ 121.21493147700005, 14.558853371000055 ], [ 121.214456144000224, 14.558898237000051 ], [ 121.213762213000109, 14.55919335700014 ], [ 121.213077707000139, 14.559057276000146 ], [ 121.213217196000073, 14.558797825000056 ], [ 121.213234767000017, 14.558467023000048 ], [ 121.212789438000186, 14.558505566000122 ], [ 121.212377515000071, 14.55863325200005 ], [ 121.210151210000049, 14.560447558000078 ], [ 121.209335689000113, 14.560367799000119 ], [ 121.207781591000185, 14.56045775500013 ], [ 121.210606089000066, 14.563947124000094 ], [ 121.210583429000167, 14.564552553000169 ], [ 121.211425181000209, 14.565749809000124 ], [ 121.212155005000113, 14.566288204000159 ], [ 121.212497983000162, 14.567014040000174 ], [ 121.212677448000136, 14.567672078000101 ], [ 121.212964591000173, 14.568186544000184 ], [ 121.212972568000055, 14.568413866000185 ], [ 121.212657507000017, 14.569151667000028 ], [ 121.21253387600018, 14.569650180000167 ], [ 121.212589709000099, 14.569761847000052 ], [ 121.212912746000029, 14.569753871000103 ], [ 121.213259711000092, 14.569343096000125 ], [ 121.21352691500033, 14.569243392999965 ], [ 121.214336501000048, 14.569741907000036 ], [ 121.214527930000145, 14.569749883000156 ], [ 121.214703407000115, 14.569865538000045 ], [ 121.214862931000084, 14.57045976600017 ], [ 121.214583764000167, 14.57063923100003 ], [ 121.213937690000307, 14.570826673000056 ], [ 121.213754237000103, 14.571109828000147 ], [ 121.213734297000087, 14.571891498000127 ], [ 121.213822035000021, 14.572142749000079 ], [ 121.214228822000109, 14.57209090300006 ], [ 121.21431257200004, 14.571959296000045 ], [ 121.214480073000118, 14.571927391000031 ], [ 121.215457160000255, 14.572202570000115 ], [ 121.21833358400022, 14.574469810000153 ], [ 121.218578852000064, 14.574511686000051 ], [ 121.218764300000203, 14.574691151000081 ], [ 121.220066861000191, 14.573969220000095 ], [ 121.223386722000214, 14.574032427000077 ], [ 121.223930961000178, 14.574833051999974 ], [ 121.222886021000022, 14.57673979100008 ], [ 121.219253756000171, 14.577395358000103 ], [ 121.219808763000174, 14.578193960000078 ], [ 121.220822935000228, 14.58109727600015 ], [ 121.221320078000076, 14.581624248000026 ], [ 121.223785908000195, 14.582558877 ], [ 121.225317110000219, 14.583911107000176 ], [ 121.226400882, 14.584438079000051 ], [ 121.233132201000103, 14.585104251000132 ], [ 121.23573723100003, 14.587152481000146 ], [ 121.236711632000265, 14.587659567000173 ], [ 121.237874947000023, 14.587937967000073 ], [ 121.238819400000011, 14.588580200000024 ], [ 121.239319700000237, 14.589502500000151 ], [ 121.239659832000143, 14.589789088000032 ], [ 121.239675974000079, 14.589662058000044 ], [ 121.238771548000045, 14.587955320000049 ], [ 121.238998905000244, 14.588040637000063 ], [ 121.23922162100007, 14.588256173000161 ], [ 121.239416498000082, 14.588256173000161 ], [ 121.239560336000068, 14.58786102300013 ], [ 121.239824811000062, 14.587793668000131 ], [ 121.240084647000231, 14.58715603800016 ], [ 121.240363043000116, 14.587241354000128 ], [ 121.240850235000153, 14.587995733000071 ], [ 121.240970873000037, 14.588040637000063 ], [ 121.24136526600023, 14.588004714000022 ], [ 121.242005576000111, 14.58767691900016 ], [ 121.24222365300011, 14.587658957000087 ], [ 121.242502358000138, 14.588002904000064 ], [ 121.242186753000055, 14.588508274000105 ], [ 121.242235304000246, 14.588589950000141 ], [ 121.242729693000229, 14.588661355000113 ], [ 121.243052237000029, 14.588832641000067 ], [ 121.243320077000021, 14.589202804000024 ], [ 121.243289865000065, 14.589321324000082 ], [ 121.243384834000153, 14.589398896000091 ], [ 121.243579405000219, 14.58933733300006 ], [ 121.243773387000033, 14.589392226000086 ], [ 121.243995307000091, 14.589662332000046 ], [ 121.24407704100031, 14.589649270000052 ], [ 121.244217500000104, 14.590110400000185 ] ] ] } },
{ "type": "Feature", "properties": { "psgc_code": "0405814004", "name": "Dulumbayan", "region": "Region IV-A (Calabarzon)", "province": "Rizal", "municipality": "Teresa", "barangay": "Dulumbayan", "level": "barangay" }, "geometry": { "type": "Polygon", "coordinates": [ [ [ 121.199522777000197, 14.562243432000173 ], [ 121.204367183000045, 14.559600811000109 ], [ 121.20496178000019, 14.559505494000121 ], [ 121.205163448, 14.559620682000059 ], [ 121.205633539000019, 14.559414716000049 ], [ 121.205808219000119, 14.559437547000073 ], [ 121.205073438000113, 14.557913831000121 ], [ 121.205694570000219, 14.557234842000184 ], [ 121.206367893000106, 14.555435227000032 ], [ 121.206621370000335, 14.555310566000117 ], [ 121.206721099000106, 14.555144352000013 ], [ 121.206982887000095, 14.555131885000151 ], [ 121.207140790000153, 14.554940739000131 ], [ 121.207144946000312, 14.554816078000044 ], [ 121.20704106200003, 14.554708038000172 ], [ 121.207169878000059, 14.554566756000042 ], [ 121.207115858000066, 14.554471183000032 ], [ 121.20720727600019, 14.554246793000118 ], [ 121.207606191000195, 14.554076423000026 ], [ 121.207660211000075, 14.553960073000042 ], [ 121.207477375000053, 14.55378970300012 ], [ 121.207481530000109, 14.553706596000097 ], [ 121.207660211000075, 14.553536226 ], [ 121.207693454000037, 14.553307681000035 ], [ 121.207892911000158, 14.553220419000127 ], [ 121.207905377000088, 14.553461430000084 ], [ 121.207967708000183, 14.553490517000057 ], [ 121.20807574700018, 14.553253662000088 ], [ 121.208246117000044, 14.553224574000183 ], [ 121.208362467000029, 14.554001627000105 ], [ 121.208478817000127, 14.554018248000148 ], [ 121.208761382000148, 14.553781393000179 ], [ 121.208964995000201, 14.554022404000136 ], [ 121.209081345000072, 14.554051491000109 ], [ 121.209438706000014, 14.553885277000063 ], [ 121.209683872000028, 14.553606867000099 ], [ 121.209654785000225, 14.553394944000047 ], [ 121.209812688000056, 14.553245351000044 ], [ 121.210053700000117, 14.553274438000017 ], [ 121.210490013000026, 14.553120690000128 ], [ 121.21054403200003, 14.552725931000055 ], [ 121.210772577000171, 14.552601270000139 ], [ 121.210947102000091, 14.552617891000182 ], [ 121.21085568400008, 14.55225637500007 ], [ 121.210967879, 14.552102626000078 ], [ 121.210980345000166, 14.551782663000154 ], [ 121.211267065000015, 14.551641381000024 ], [ 121.211246289000087, 14.551138582000078 ], [ 121.211703378000038, 14.550781221000079 ], [ 121.211803107000037, 14.550548521 ], [ 121.212035807000234, 14.55030335400005 ], [ 121.211973477000015, 14.550220247000027 ], [ 121.212027497000122, 14.550149606000105 ], [ 121.212131381000177, 14.550091431 ], [ 121.212330838000071, 14.550182849000123 ], [ 121.21237654700019, 14.55008727500001 ], [ 121.212368236000088, 14.549987547000114 ], [ 121.212127225000017, 14.549858731000143 ], [ 121.212131381000177, 14.549700827000038 ], [ 121.212247731000048, 14.549634341000058 ], [ 121.212563538000154, 14.549887818000116 ], [ 121.21265911200021, 14.549842109000167 ], [ 121.212559383000212, 14.549376708000125 ], [ 121.212792083000068, 14.549156474000029 ], [ 121.212858569000105, 14.548857288000136 ], [ 121.212721442000088, 14.548786647000043 ], [ 121.212642490000121, 14.548886376000041 ], [ 121.212501208000162, 14.548624588000052 ], [ 121.212380702000132, 14.548599656000135 ], [ 121.212276818000191, 14.548869754000123 ], [ 121.212131381000177, 14.548828201000106 ], [ 121.211944389000109, 14.548462529000062 ], [ 121.212185400000067, 14.548271382000166 ], [ 121.212164624000025, 14.548034526000095 ], [ 121.212362166000162, 14.547462803000144 ], [ 121.212327467000023, 14.54717943300011 ], [ 121.212142409000194, 14.546739920000107 ], [ 121.211864822000052, 14.546560645000113 ], [ 121.211494705000064, 14.546103782000046 ], [ 121.211546753000107, 14.54594763900019 ], [ 121.212142409000194, 14.545843543999979 ], [ 121.212367949000054, 14.545716316000153 ], [ 121.212616621000166, 14.545398247000037 ], [ 121.213015653000184, 14.545224755000049 ], [ 121.212917341000207, 14.544906687000037 ], [ 121.212709150000137, 14.544791025000052 ], [ 121.212697584000011, 14.544681147 ], [ 121.212859510000271, 14.544449824000139 ], [ 121.212544211000022, 14.544166889999985 ], [ 121.212450413000056, 14.543768247000173 ], [ 121.21253248700009, 14.543287529000168 ], [ 121.213036654, 14.541868826000098 ], [ 121.212954580000314, 14.541657779000161 ], [ 121.212731808000058, 14.541563981000024 ], [ 121.212380064000058, 14.541153612000073 ], [ 121.212297990000025, 14.540801868000131 ], [ 121.21232144000021, 14.540485298000021 ], [ 121.212204192000058, 14.540145278000125 ], [ 121.211676575000183, 14.539594212000054 ], [ 121.211242757000036, 14.538398280000024 ], [ 121.210879287000125, 14.538198958000066 ], [ 121.210269597000092, 14.537624442000094 ], [ 121.210231452000244, 14.536122954000064 ], [ 121.210161274000143, 14.536029383000027 ], [ 121.209857170000191, 14.535987276000185 ], [ 121.209220891000086, 14.535715922000122 ], [ 121.207667620000052, 14.535486673999969 ], [ 121.207572785000139, 14.535837894999986 ], [ 121.207587979000095, 14.536130043000185 ], [ 121.208617800000184, 14.536004983000169 ], [ 121.208679351000342, 14.536702265000088 ], [ 121.207734160000086, 14.537348687000133 ], [ 121.206391711000038, 14.537464547000127 ], [ 121.205808536000063, 14.538279657000089 ], [ 121.203114225000149, 14.539013592000117 ], [ 121.19896581200021, 14.539551791000179 ], [ 121.197541979000107, 14.539865262000092 ], [ 121.196455230000083, 14.540758455000173 ], [ 121.195759162000058, 14.541076352000118 ], [ 121.192751969000028, 14.541406298000027 ], [ 121.192527876000099, 14.543002832000127 ], [ 121.192205151000053, 14.544578211000044 ], [ 121.191097412000204, 14.548485104000065 ], [ 121.190132086000062, 14.548253727000031 ], [ 121.190239948000112, 14.549061986000027 ], [ 121.191748273000144, 14.552357648000054 ], [ 121.191932666000184, 14.553054030999988 ], [ 121.191932666000184, 14.553508727000178 ], [ 121.191724519000104, 14.554005968000183 ], [ 121.192473210000117, 14.554185553000025 ], [ 121.193366857000115, 14.556029293000165 ], [ 121.194392728000025, 14.555859078000026 ], [ 121.194834896000202, 14.557678811000017 ], [ 121.194155366000246, 14.557726595000076 ], [ 121.194748091000179, 14.558985544000052 ], [ 121.19491668600017, 14.55895710700014 ], [ 121.195125958000062, 14.559399410000026 ], [ 121.195172661000129, 14.55954973200005 ], [ 121.195088455000132, 14.559798223000087 ], [ 121.195671579000191, 14.561148108000111 ], [ 121.195613941000033, 14.561275329000068 ], [ 121.199522777000197, 14.562243432000173 ] ] ] } },
{ "type": "Feature", "properties": { "psgc_code": "0405814005", "name": "May-Iba", "region": "Region IV-A (Calabarzon)", "province": "Rizal", "municipality": "Teresa", "barangay": "May-Iba", "level": "barangay" }, "geometry": { "type": "Polygon", "coordinates": [ [ [ 121.219253756000171, 14.577395358000103 ], [ 121.222886021000022, 14.57673979100008 ], [ 121.223930961000178, 14.574833051999974 ], [ 121.223386722000214, 14.574032427000077 ], [ 121.220066861000191, 14.573969220000095 ], [ 121.218764300000203, 14.574691151000081 ], [ 121.218578852000064, 14.574511686000051 ], [ 121.21833358400022, 14.574469810000153 ], [ 121.215457160000255, 14.572202570000115 ], [ 121.214480073000118, 14.571927391000031 ], [ 121.21431257200004, 14.571959296000045 ], [ 121.214228822000109, 14.57209090300006 ], [ 121.213822035000021, 14.572142749000079 ], [ 121.213734297000087, 14.571891498000127 ], [ 121.213754237000103, 14.571109828000147 ], [ 121.213937690000307, 14.570826673000056 ], [ 121.214583764000167, 14.57063923100003 ], [ 121.214862931000084, 14.57045976600017 ], [ 121.214703407000115, 14.569865538000045 ], [ 121.214527930000145, 14.569749883000156 ], [ 121.214336501000048, 14.569741907000036 ], [ 121.21352691500033, 14.569243392999965 ], [ 121.213259711000092, 14.569343096000125 ], [ 121.212912746000029, 14.569753871000103 ], [ 121.212589709000099, 14.569761847000052 ], [ 121.21253387600018, 14.569650180000167 ], [ 121.212657507000017, 14.569151667000028 ], [ 121.212972568000055, 14.568413866000185 ], [ 121.212964591000173, 14.568186544000184 ], [ 121.212677448000136, 14.567672078000101 ], [ 121.212497983000162, 14.567014040000174 ], [ 121.212155005000113, 14.566288204000159 ], [ 121.211425181000209, 14.565749809000124 ], [ 121.210583429000167, 14.564552553000169 ], [ 121.210606089000066, 14.563947124000094 ], [ 121.207781591000185, 14.56045775500013 ], [ 121.207216601000141, 14.560869270000126 ], [ 121.206598991000192, 14.560802732000127 ], [ 121.206367826000132, 14.560345220000102 ], [ 121.205475924000098, 14.560523225 ], [ 121.201941420000026, 14.563149103000057 ], [ 121.20419926600016, 14.567005437999967 ], [ 121.204795407, 14.567857052000136 ], [ 121.204410886000232, 14.569200241000146 ], [ 121.205253671000037, 14.569150978000039 ], [ 121.20639406600003, 14.569374066000023 ], [ 121.206483853000236, 14.569143277000023 ], [ 121.206884032000062, 14.568924692000166 ], [ 121.207187047000161, 14.568651367000029 ], [ 121.20879401500008, 14.569876917000158 ], [ 121.208893088000195, 14.571116441000072 ], [ 121.209138969000037, 14.572033825000119 ], [ 121.209016643000041, 14.573231308000175 ], [ 121.208966954000061, 14.575029610000115 ], [ 121.208860586000014, 14.575752778000037 ], [ 121.210730385000033, 14.575760667999987 ], [ 121.21098229200004, 14.576507449000076 ], [ 121.211793068000134, 14.576798841000027 ], [ 121.211984869000162, 14.57659027699998 ], [ 121.211956566000026, 14.576251356000114 ], [ 121.211747801000229, 14.575898591000112 ], [ 121.211280910000028, 14.575593341000115 ], [ 121.211115130000053, 14.575080681000145 ], [ 121.212015554000118, 14.574332115 ], [ 121.211922243000117, 14.574199911000107 ], [ 121.211690762000217, 14.57418129500013 ], [ 121.210829540000191, 14.574248415 ], [ 121.210719406000294, 14.574108958000124 ], [ 121.210736081000164, 14.573943793000069 ], [ 121.211214052000059, 14.573262009000132 ], [ 121.211822705000031, 14.572825808000175 ], [ 121.211893714000098, 14.572663500999965 ], [ 121.211863281000205, 14.572450473000117 ], [ 121.211543739000035, 14.572191795000037 ], [ 121.211761839000133, 14.571715017000031 ], [ 121.211721263000186, 14.571583143000112 ], [ 121.21087422100004, 14.571385331000101 ], [ 121.210630760000072, 14.571111437000184 ], [ 121.210691625000095, 14.570888265000178 ], [ 121.211011168000141, 14.57082232700003 ], [ 121.211467657000298, 14.571157086000142 ], [ 121.211716190000175, 14.571086077000018 ], [ 121.211775261000184, 14.570979106000152 ], [ 121.211983728000064, 14.571373155000174 ], [ 121.212132871000108, 14.571492469000077 ], [ 121.212938243000167, 14.571939898000039 ], [ 121.213286244000074, 14.572327670000163 ], [ 121.214519159000019, 14.572973956000169 ], [ 121.215443845000095, 14.573789271000066 ], [ 121.216607160000194, 14.575101729000096 ], [ 121.217173904000219, 14.575608815000123 ], [ 121.217959390000033, 14.576086073 ], [ 121.219132648000254, 14.577130073000092 ], [ 121.219253756000171, 14.577395358000103 ] ] ] } },
{ "type": "Feature", "properties": { "psgc_code": "0405814006", "name": "Poblacion", "region": "Region IV-A (Calabarzon)", "province": "Rizal", "municipality": "Teresa", "barangay": "Poblacion", "level": "barangay" }, "geometry": { "type": "Polygon", "coordinates": [ [ [ 121.205475924000098, 14.560523225 ], [ 121.206367826000132, 14.560345220000102 ], [ 121.206598991000192, 14.560802732000127 ], [ 121.207216601000141, 14.560869270000126 ], [ 121.207781591000185, 14.56045775500013 ], [ 121.209335689000113, 14.560367799000119 ], [ 121.209355326000036, 14.559756766000135 ], [ 121.20920708600022, 14.558766485000149 ], [ 121.20851351400006, 14.558877032000169 ], [ 121.20832565600017, 14.55801910200006 ], [ 121.20808563300011, 14.558100024000169 ], [ 121.207465925000179, 14.558324363000168 ], [ 121.207529937000118, 14.558607310000014 ], [ 121.207305203000033, 14.558757888000059 ], [ 121.207002198000055, 14.558699618000048 ], [ 121.206477089000032, 14.558806023000045 ], [ 121.206305868000186, 14.559116250000045 ], [ 121.205937646000052, 14.559205926000175 ], [ 121.205787862000079, 14.559469183000033 ], [ 121.205633539000019, 14.559414716000049 ], [ 121.205163448, 14.559620682000059 ], [ 121.20496178000019, 14.559505494000121 ], [ 121.204367183000045, 14.559600811000109 ], [ 121.199522777000197, 14.562243432000173 ], [ 121.201941420000026, 14.563149103000057 ], [ 121.205475924000098, 14.560523225 ] ] ] } },
{ "type": "Feature", "properties": { "psgc_code": "0405814007", "name": "Prinza", "region": "Region IV-A (Calabarzon)", "province": "Rizal", "municipality": "Teresa", "barangay": "Prinza", "level": "barangay" }, "geometry": { "type": "Polygon", "coordinates": [ [ [ 121.213318049000122, 14.544612433 ], [ 121.21356427, 14.544448286000033 ], [ 121.213962914000263, 14.543920669000158 ], [ 121.21429120900018, 14.543697898000119 ], [ 121.214725027000213, 14.543182006000052 ], [ 121.215123671000129, 14.543158556000094 ], [ 121.215175625000143, 14.543580642000165 ], [ 121.215389868000216, 14.543605847000038 ], [ 121.215599910000037, 14.543773881000106 ], [ 121.215730136000161, 14.543748676000064 ], [ 121.215793149000092, 14.543538634000072 ], [ 121.215986387000044, 14.543458818000033 ], [ 121.216049400000088, 14.543505027000037 ], [ 121.215982186000019, 14.54363105200008 ], [ 121.21602839600007, 14.543757077000123 ], [ 121.216112412000143, 14.543769680000025 ], [ 121.216150220000031, 14.543668860000025 ], [ 121.216330856000127, 14.543870500000025 ], [ 121.216339258000062, 14.543736073000161 ], [ 121.216456881000113, 14.543719270000111 ], [ 121.216582906000326, 14.543563839000115 ], [ 121.21681815300019, 14.54357224 ], [ 121.217108011000164, 14.543404207000037 ], [ 121.217540698000221, 14.543463019000114 ], [ 121.217876765000028, 14.543408408000118 ], [ 121.218616113000053, 14.542937914000106 ], [ 121.219733536000035, 14.542727872000114 ], [ 121.219930976000228, 14.543093345000102 ], [ 121.220321654000031, 14.543030332000114 ], [ 121.220531696000194, 14.543152156000076 ], [ 121.222373944000083, 14.543501097000103 ], [ 121.221538869000142, 14.542648623000048 ], [ 121.221328568000104, 14.541672920000053 ], [ 121.221491102000186, 14.539745464000134 ], [ 121.221642572000064, 14.538990722 ], [ 121.218472655000141, 14.536209864000114 ], [ 121.210245487000066, 14.536398987000041 ], [ 121.210269597000092, 14.537624442000094 ], [ 121.210879287000125, 14.538198958000066 ], [ 121.211242757000036, 14.538398280000024 ], [ 121.211676575000183, 14.539594212000054 ], [ 121.212204192000058, 14.540145278000125 ], [ 121.21232144000021, 14.540485298000021 ], [ 121.212297990000025, 14.540801868000131 ], [ 121.212380064000058, 14.541153612000073 ], [ 121.212731808000058, 14.541563981000024 ], [ 121.212954580000314, 14.541657779000161 ], [ 121.213036654, 14.541868826000098 ], [ 121.21253248700009, 14.543287529000168 ], [ 121.212450413000056, 14.543768247000173 ], [ 121.212544211000022, 14.544166889999985 ], [ 121.213048379000043, 14.544624158000033 ], [ 121.213318049000122, 14.544612433 ] ] ] } },
{ "type": "Feature", "properties": { "psgc_code": "0405814008", "name": "San Gabriel", "region": "Region IV-A (Calabarzon)", "province": "Rizal", "municipality": "Teresa", "barangay": "San Gabriel", "level": "barangay" }, "geometry": { "type": "Polygon", "coordinates": [ [ [ 121.212377515000071, 14.55863325200005 ], [ 121.213234767000017, 14.558467023000048 ], [ 121.213217196000073, 14.558797825000056 ], [ 121.213077707000139, 14.559057276000146 ], [ 121.213762213000109, 14.55919335700014 ], [ 121.214456144000224, 14.558898237000051 ], [ 121.21493147700005, 14.558853371000055 ], [ 121.215335273000051, 14.558718772000191 ], [ 121.21544295200033, 14.558449575000054 ], [ 121.215308353000296, 14.558301516000142 ], [ 121.213827768000101, 14.55772274200001 ], [ 121.213262453000084, 14.557265105999988 ], [ 121.213195154000118, 14.557022829000118 ], [ 121.213598950000346, 14.555784521000135 ], [ 121.213881607000189, 14.5556499220001 ], [ 121.214218104000111, 14.55560954300006 ], [ 121.214743039000041, 14.555851820000157 ], [ 121.215308353000296, 14.555703762000121 ], [ 121.214143433000231, 14.554661839000175 ], [ 121.213216275000036, 14.553665834000071 ], [ 121.210967879, 14.552102626000078 ], [ 121.21085568400008, 14.55225637500007 ], [ 121.210976190000224, 14.552572182 ], [ 121.21054403200003, 14.552725931000055 ], [ 121.210490013000026, 14.553120690000128 ], [ 121.210053700000117, 14.553274438000017 ], [ 121.209812688000056, 14.553245351000044 ], [ 121.209654785000225, 14.553394944000047 ], [ 121.209625697000092, 14.553702441000041 ], [ 121.209160297000039, 14.554039025000179 ], [ 121.208964995000201, 14.554022404000136 ], [ 121.208761382000148, 14.553781393000179 ], [ 121.208478817000127, 14.554018248000148 ], [ 121.208362467000029, 14.554001627000105 ], [ 121.208088574000044, 14.555976939000118 ], [ 121.208811307000246, 14.557786231000023 ], [ 121.20832565600017, 14.55801910200006 ], [ 121.20851351400006, 14.558877032000169 ], [ 121.20920708600022, 14.558766485000149 ], [ 121.209355326000036, 14.559756766000135 ], [ 121.209335689000113, 14.560367799000119 ], [ 121.210151210000049, 14.560447558000078 ], [ 121.212377515000071, 14.55863325200005 ] ] ] } },
{ "type": "Feature", "properties": { "psgc_code": "0405814009", "name": "San Roque", "region": "Region IV-A (Calabarzon)", "province": "Rizal", "municipality": "Teresa", "barangay": "San Roque", "level": "barangay" }, "geometry": { "type": "Polygon", "coordinates": [ [ [ 121.215308353000296, 14.555703762000121 ], [ 121.215779449000024, 14.555528783000113 ], [ 121.215914048000059, 14.554801950000126 ], [ 121.216371683000034, 14.553509803000054 ], [ 121.216587041000025, 14.553402124000115 ], [ 121.217475392000097, 14.553590562000068 ], [ 121.217744590000166, 14.553550182000095 ], [ 121.217811889000131, 14.553375204000019 ], [ 121.21779842900014, 14.553132927000149 ], [ 121.217663831000323, 14.552850269000032 ], [ 121.216762019000157, 14.551975378 ], [ 121.216694720000191, 14.55177348 ], [ 121.216762019000157, 14.551531202000035 ], [ 121.217206195000131, 14.550992807000171 ], [ 121.217327334000061, 14.550440953000191 ], [ 121.21700429700013, 14.549714120000147 ], [ 121.216381991000162, 14.548635573000183 ], [ 121.216973712000026, 14.547429781000062 ], [ 121.216890120000016, 14.547250656000074 ], [ 121.216156541000146, 14.546726085000103 ], [ 121.216083586000082, 14.546482904000129 ], [ 121.216399722000119, 14.546097287000123 ], [ 121.216949828000111, 14.545841535000079 ], [ 121.216962513000226, 14.545642191000127 ], [ 121.216794586000105, 14.54537580900012 ], [ 121.215385466000043, 14.544766782000067 ], [ 121.215264447000209, 14.544635139000093 ], [ 121.215135396000278, 14.543897220000076 ], [ 121.215182295000204, 14.543381328 ], [ 121.215123671000129, 14.543158556000094 ], [ 121.214725027000213, 14.543182006000052 ], [ 121.21429120900018, 14.543697898000119 ], [ 121.213962914000263, 14.543920669000158 ], [ 121.21356427, 14.544448286000033 ], [ 121.213318049000122, 14.544612433 ], [ 121.213048379000043, 14.544624158000033 ], [ 121.212859510000271, 14.544449824000139 ], [ 121.212697584000011, 14.544681147 ], [ 121.212709150000137, 14.544791025000052 ], [ 121.212917341000207, 14.544906687000037 ], [ 121.213015653000184, 14.545224755000049 ], [ 121.212616621000166, 14.545398247000037 ], [ 121.212367949000054, 14.545716316000153 ], [ 121.212142409000194, 14.545843543999979 ], [ 121.211546753000107, 14.54594763900019 ], [ 121.211494705000064, 14.546103782000046 ], [ 121.211569885000017, 14.546231010000099 ], [ 121.211864822000052, 14.546560645000113 ], [ 121.212142409000194, 14.546739920000107 ], [ 121.212327467000023, 14.54717943300011 ], [ 121.212362166000162, 14.547462803000144 ], [ 121.212164624000025, 14.548034526000095 ], [ 121.212185400000067, 14.548271382000166 ], [ 121.211944389000109, 14.548462529000062 ], [ 121.212131381000177, 14.548828201000106 ], [ 121.212276818000191, 14.548869754000123 ], [ 121.212380702000132, 14.548599656000135 ], [ 121.212501208000162, 14.548624588000052 ], [ 121.212642490000121, 14.548886376000041 ], [ 121.212721442000088, 14.548786647000043 ], [ 121.212858569000105, 14.548857288000136 ], [ 121.212854414000049, 14.548986104000164 ], [ 121.212792083000068, 14.549156474000029 ], [ 121.212559383000212, 14.549376708000125 ], [ 121.21265911200021, 14.549842109000167 ], [ 121.212563538000154, 14.549887818000116 ], [ 121.212247731000048, 14.549634341000058 ], [ 121.212131381000177, 14.549700827000038 ], [ 121.212127225000017, 14.549858731000143 ], [ 121.212368236000088, 14.549987547000114 ], [ 121.212330838000071, 14.550182849000123 ], [ 121.212131381000177, 14.550091431 ], [ 121.212027497000122, 14.550149606000105 ], [ 121.211973477000015, 14.550220247000027 ], [ 121.212035807000234, 14.55030335400005 ], [ 121.211803107000037, 14.550548521 ], [ 121.211703378000038, 14.550781221000079 ], [ 121.211246289000087, 14.551138582000078 ], [ 121.211267065000015, 14.551641381000024 ], [ 121.210980345000166, 14.551782663000154 ], [ 121.210947102000091, 14.551874081000108 ], [ 121.210967879, 14.552102626000078 ], [ 121.213216275000036, 14.553665834000071 ], [ 121.214143433000231, 14.554661839000175 ], [ 121.215308353000296, 14.555703762000121 ] ] ] } },
{ "type": "Feature", "properties": { "psgc_code": "0405814010", "name": "Calumpang Santo Cristo", "region": "Region IV-A (Calabarzon)", "province": "Rizal", "municipality": "Teresa", "barangay": "Calumpang Santo Cristo", "level": "barangay" }, "geometry": { "type": "Polygon", "coordinates": [ [ [ 121.205808219000119, 14.559437547000073 ], [ 121.205937646000052, 14.559205926000175 ], [ 121.206305868000186, 14.559116250000045 ], [ 121.206477089000032, 14.558806023000045 ], [ 121.207002198000055, 14.558699618000048 ], [ 121.207305203000033, 14.558757888000059 ], [ 121.207529937000118, 14.558607310000014 ], [ 121.207465925000179, 14.558324363000168 ], [ 121.208811307000246, 14.557786231000023 ], [ 121.208088574000044, 14.555976939000118 ], [ 121.208362467000029, 14.554001627000105 ], [ 121.208246117000044, 14.553224574000183 ], [ 121.20807574700018, 14.553253662000088 ], [ 121.207967708000183, 14.553490517000057 ], [ 121.207905377000088, 14.553461430000084 ], [ 121.207892911000158, 14.553220419000127 ], [ 121.207693454000037, 14.553307681000035 ], [ 121.207660211000075, 14.553536226 ], [ 121.207481530000109, 14.553706596000097 ], [ 121.207477375000053, 14.55378970300012 ], [ 121.207660211000075, 14.553960073000042 ], [ 121.207606191000195, 14.554076423000026 ], [ 121.20720727600019, 14.554246793000118 ], [ 121.207115858000066, 14.554471183000032 ], [ 121.207169878000059, 14.554566756000042 ], [ 121.20704106200003, 14.554708038000172 ], [ 121.207144946000312, 14.554816078000044 ], [ 121.207140790000153, 14.554940739000131 ], [ 121.206982887000095, 14.555131885000151 ], [ 121.206721099000106, 14.555144352000013 ], [ 121.206621370000335, 14.555310566000117 ], [ 121.206367893000106, 14.555435227000032 ], [ 121.205694570000219, 14.557234842000184 ], [ 121.205073438000113, 14.557913831000121 ], [ 121.205808219000119, 14.559437547000073 ] ] ] } }
]
}
