geolocation,date,target,year,season,qdate,quarter_supply,area,yield_proxy,quarter_supply_lag,area_lag,yield_proxy_lag,lag_1,lag_2,lag_3,lag_6,lag_12,lag_24,roll_mean_3,roll_std_3,season_sin,season_cos
Batangas,2010-01-01,10.969999999999999,2010,1,2010-01-01,5065.35,,,,,,,,,,,,,,0.49999999999999994,0.8660254037844387
Batangas,2010-02-01,10.36,2010,2,2010-01-01,5065.35,,,,,,10.969999999999999,,,,,,,,0.8660254037844386,0.5000000000000001
Batangas,2010-03-01,11.0,2010,3,2010-01-01,5065.35,,,,,,10.36,10.969999999999999,,,,,10.665,0.43133513652379357,1.0,6.123233995736766e-17
Batangas,2010-04-01,11.434999999999999,2010,4,2010-04-01,7434.5,,,5065.35,,,11.0,10.36,10.969999999999999,,,,10.776666666666666,0.36115555282084955,0.8660254037844387,-0.4999999999999998
Batangas,2010-05-01,11.715,2010,5,2010-04-01,7434.5,,,5065.35,,,11.434999999999999,11.0,10.36,,,,10.931666666666667,0.540747938815612,0.49999999999999994,-0.8660254037844387
Batangas,2010-06-01,11.74,2010,6,2010-04-01,7434.5,,,5065.35,,,11.715,11.434999999999999,11.0,,,,11.383333333333333,0.36028923566119975,1.2246467991473532e-16,-1.0
Batangas,2010-07-01,11.195,2010,7,2010-07-01,10167.0,,,7434.5,,,11.74,11.715,11.434999999999999,10.969999999999999,,,11.63,0.16933694221875192,-0.4999999999999997,-0.8660254037844388
Batangas,2010-08-01,10.9,2010,8,2010-07-01,10167.0,,,7434.5,,,11.195,11.74,11.715,10.36,,,11.549999999999999,0.3076930288453041,-0.8660254037844385,-0.5000000000000004
Batangas,2010-09-01,11.265,2010,9,2010-07-01,10167.0,,,7434.5,,,10.9,11.195,11.74,11.0,,,11.278333333333334,0.4261552925088842,-1.0,-1.8369701987210297e-16
Batangas,2010-10-01,12.095,2010,10,2010-10-01,10784.86,,,10167.0,,,11.265,10.9,11.195,11.434999999999999,,,11.12,0.19371370627810616,-0.8660254037844386,0.5000000000000001
Batangas,2010-11-01,11.945,2010,11,2010-10-01,10784.86,,,10167.0,,,12.095,11.265,10.9,11.715,,,11.42,0.6123928477701216,-0.5000000000000004,0.8660254037844384
Batangas,2010-12-01,11.745,2010,12,2010-10-01,10784.86,,,10167.0,,,11.945,12.095,11.265,11.74,,,11.768333333333333,0.4423045707805095,-2.4492935982947064e-16,1.0
Batangas,2011-01-01,12.805,2011,1,2011-01-01,5321.0,,,10784.86,,,11.745,11.945,12.095,11.195,10.969999999999999,,11.928333333333333,0.1755942292142024,0.49999999999999994,0.8660254037844387
Batangas,2011-02-01,12.91,2011,2,2011-01-01,5321.0,,,10784.86,,,12.805,11.745,11.945,10.9,10.36,,12.165000000000001,0.5632051136131447,0.8660254037844386,0.5000000000000001
Batangas,2011-03-01,13.85,2011,3,2011-01-01,5321.0,,,10784.86,,,12.91,12.805,11.745,11.265,11.0,,12.486666666666666,0.6444442049807938,1.0,6.123233995736766e-17
Batangas,2011-04-01,14.745000000000001,2011,4,2011-04-01,7777.0,,,5321.0,,,13.85,12.91,12.805,12.095,11.434999999999999,,13.188333333333333,0.5754201363641386,0.8660254037844387,-0.4999999999999998
Batangas,2011-05-01,13.79,2011,5,2011-04-01,7777.0,,,5321.0,,,14.745000000000001,13.85,12.91,11.945,11.715,,13.835,0.9175919572446065,0.49999999999999994,-0.8660254037844387
Batangas,2011-06-01,14.5,2011,6,2011-04-01,7777.0,,,5321.0,,,13.79,14.745000000000001,13.85,11.745,11.74,,14.128333333333332,0.5348909546190883,1.2246467991473532e-16,-1.0
Batangas,2011-07-01,10.175,2011,7,2011-07-01,10321.05,,,7777.0,,,14.5,13.79,14.745000000000001,12.805,11.195,,14.344999999999999,0.49600907249765563,-0.4999999999999997,-0.8660254037844388
Batangas,2011-08-01,10.535,2011,8,2011-07-01,10321.05,,,7777.0,,,10.175,14.5,13.79,12.91,10.9,,12.821666666666667,2.319409048299442,-0.8660254037844385,-0.5000000000000004
Batangas,2011-09-01,11.065000000000001,2011,9,2011-07-01,10321.05,,,7777.0,,,10.535,10.175,14.5,13.85,11.265,,11.736666666666666,2.399876732945535,-1.0,-1.8369701987210297e-16
Batangas,2011-10-01,10.875,2011,10,2011-10-01,10518.85,,,10321.05,,,11.065000000000001,10.535,10.175,14.745000000000001,12.095,,10.591666666666669,0.4476978147515857,-0.8660254037844386,0.5000000000000001
Batangas,2011-11-01,11.709999999999999,2011,11,2011-10-01,10518.85,,,10321.05,,,10.875,11.065000000000001,10.535,13.79,11.945,,10.825000000000001,0.26851443164196953,-0.5000000000000004,0.8660254037844384
Batangas,2011-12-01,12.075000000000001,2011,12,2011-10-01,10518.85,,,10321.05,,,11.709999999999999,10.875,11.065000000000001,14.5,11.745,,11.216666666666669,0.4376737750120971,-2.4492935982947064e-16,1.0
Batangas,2012-01-01,12.59,2012,1,2012-01-01,5413.5,,,10518.85,,,12.075000000000001,11.709999999999999,10.875,10.175,12.805,10.969999999999999,11.553333333333333,0.6151490334328253,0.49999999999999994,0.8660254037844387
Batangas,2012-02-01,11.954999999999998,2012,2,2012-01-01,5413.5,,,10518.85,,,12.59,12.075000000000001,11.709999999999999,10.535,12.91,10.36,12.125,0.44212554778026963,0.8660254037844386,0.5000000000000001
Batangas,2012-03-01,12.23,2012,3,2012-01-01,5413.5,,,10518.85,,,11.954999999999998,12.59,12.075000000000001,11.065000000000001,13.85,11.0,12.206666666666665,0.337354907083529,1.0,6.123233995736766e-17
Batangas,2012-04-01,12.465,2012,4,2012-04-01,7975.5,,,5413.5,,,12.23,11.954999999999998,12.59,10.875,14.745000000000001,11.434999999999999,12.258333333333333,0.31844675117409554,0.8660254037844387,-0.4999999999999998
Batangas,2012-05-01,12.755,2012,5,2012-04-01,7975.5,,,5413.5,,,12.465,12.23,11.954999999999998,11.709999999999999,13.79,11.715,12.216666666666667,0.25526130402655367,0.49999999999999994,-0.8660254037844387
Batangas,2012-06-01,12.245,2012,6,2012-04-01,7975.5,,,5413.5,,,12.755,12.465,12.23,12.075000000000001,14.5,11.74,12.483333333333334,0.2629797203841698,1.2246467991473532e-16,-1.0
Batangas,2012-07-01,11.365,2012,7,2012-07-01,11016.65,,,7975.5,,,12.245,12.755,12.465,12.59,10.175,11.195,12.488333333333332,0.2557994005726681,-0.4999999999999997,-0.8660254037844388
Batangas,2012-08-01,12.235,2012,8,2012-07-01,11016.65,,,7975.5,,,11.365,12.245,12.755,11.954999999999998,10.535,10.9,12.121666666666668,0.7031595361888622,-0.8660254037844385,-0.5000000000000004
Batangas,2012-09-01,11.32,2012,9,2012-07-01,11016.65,,,7975.5,,,12.235,11.365,12.245,12.23,11.065000000000001,11.265,11.948333333333332,0.5052062285179537,-1.0,-1.8369701987210297e-16
Batangas,2012-10-01,12.815000000000001,2012,10,2012-10-01,10018.1,,,11016.65,,,11.32,12.235,11.365,12.465,10.875,12.095,11.64,0.5157761142201148,-0.8660254037844386,0.5000000000000001
Batangas,2012-11-01,12.93,2012,11,2012-10-01,10018.1,,,11016.65,,,12.815000000000001,11.32,12.235,12.755,11.709999999999999,11.945,12.123333333333335,0.7537296155342026,-0.5000000000000004,0.8660254037844384
Batangas,2012-12-01,13.82,2012,12,2012-10-01,10018.1,,,11016.65,,,12.93,12.815000000000001,11.32,12.245,12.075000000000001,11.745,12.354999999999999,0.8981787127292675,-2.4492935982947064e-16,1.0
Batangas,2013-01-01,13.995000000000001,2013,1,2013-01-01,5531.0,,,10018.1,,,13.82,12.93,12.815000000000001,11.365,12.59,12.805,13.188333333333333,0.5500530277467258,0.49999999999999994,0.8660254037844387
Batangas,2013-02-01,14.15,2013,2,2013-01-01,5531.0,,,10018.1,,,13.995000000000001,13.82,12.93,12.235,11.954999999999998,12.91,13.581666666666669,0.5711027344824596,0.8660254037844386,0.5000000000000001
Batangas,2013-03-01,13.969999999999999,2013,3,2013-01-01,5531.0,,,10018.1,,,14.15,13.995000000000001,13.82,11.32,12.23,13.85,13.988333333333335,0.1651009792016506,1.0,6.123233995736766e-17
Batangas,2013-04-01,13.620000000000001,2013,4,2013-04-01,8124.05,,,5531.0,,,13.969999999999999,14.15,13.995000000000001,12.815000000000001,12.465,14.745000000000001,14.038333333333334,0.09751068317545507,0.8660254037844387,-0.4999999999999998
Batangas,2013-05-01,13.71,2013,5,2013-04-01,8124.05,,,5531.0,,,13.620000000000001,13.969999999999999,14.15,12.93,12.755,13.79,13.913333333333334,0.269505720409314,0.49999999999999994,-0.8660254037844387
Batangas,2013-06-01,13.61,2013,6,2013-04-01,8124.05,,,5531.0,,,13.71,13.620000000000001,13.969999999999999,13.82,12.245,14.5,13.766666666666667,0.1817507450695667,1.2246467991473532e-16,-1.0
Batangas,2013-07-01,14.030000000000001,2013,7,2013-07-01,11256.3,,,8124.05,,,13.61,13.71,13.620000000000001,13.995000000000001,11.365,10.175,13.646666666666668,0.055075705472945984,-0.4999999999999997,-0.8660254037844388
Batangas,2013-08-01,14.01,2013,8,2013-07-01,11256.3,,,8124.05,,,14.030000000000001,13.61,13.71,14.15,12.235,10.535,13.783333333333333,0.21939310229208,-0.8660254037844385,-0.5000000000000004
Batangas,2013-09-01,14.07,2013,9,2013-07-01,11256.3,,,8124.05,,,14.01,14.030000000000001,13.61,13.969999999999999,11.32,11.065000000000001,13.883333333333333,0.2369247419189122,-1.0,-1.8369701987210297e-16
Batangas,2013-10-01,14.32,2013,10,2013-10-01,8864.0,,,11256.3,,,14.07,14.01,14.030000000000001,13.620000000000001,12.815000000000001,10.875,14.036666666666667,0.030550504633199024,-0.8660254037844386,0.5000000000000001
Batangas,2013-11-01,14.934999999999999,2013,11,2013-10-01,8864.0,,,11256.3,,,14.32,14.07,14.01,13.71,12.93,11.709999999999999,14.133333333333333,0.16441816606854406,-0.5000000000000004,0.8660254037844384
Batangas,2013-12-01,13.385,2013,12,2013-10-01,8864.0,,,11256.3,,,14.934999999999999,14.32,14.07,13.61,13.82,12.075000000000001,14.441666666666668,0.44514978752476403,-2.4492935982947064e-16,1.0
Batangas,2014-01-01,14.145,2014,1,2014-01-01,5252.5,,,8864.0,,,13.385,14.934999999999999,14.32,14.030000000000001,13.995000000000001,12.59,14.213333333333333,0.780485959728516,0.49999999999999994,0.8660254037844387
Batangas,2014-02-01,14.575000000000001,2014,2,2014-01-01,5252.5,,,8864.0,,,14.145,13.385,14.934999999999999,14.01,14.15,11.954999999999998,14.155,0.7750483855863513,0.8660254037844386,0.5000000000000001
Batangas,2014-03-01,14.9,2014,3,2014-01-01,5252.5,,,8864.0,,,14.575000000000001,14.145,13.385,14.07,13.969999999999999,12.23,14.035000000000002,0.6025777958073222,1.0,6.123233995736766e-17
Batangas,2014-04-01,14.870000000000001,2014,4,2014-04-01,8250.85,,,5252.5,,,14.9,14.575000000000001,14.145,14.32,13.620000000000001,12.465,14.540000000000001,0.3787149323699969,0.8660254037844387,-0.4999999999999998
Batangas,2014-05-01,15.015,2014,5,2014-04-01,8250.85,,,5252.5,,,14.870000000000001,14.9,14.575000000000001,14.934999999999999,13.71,12.755,14.781666666666666,0.17960605038067376,0.49999999999999994,-0.8660254037844387
Batangas,2014-06-01,14.07,2014,6,2014-04-01,8250.85,,,5252.5,,,15.015,14.870000000000001,14.9,13.385,13.61,12.245,14.928333333333335,0.07653975002144861,1.2246467991473532e-16,-1.0
Batangas,2014-07-01,19.065,2014,7,2014-07-01,9951.04,,,8250.85,,,14.07,15.015,14.870000000000001,14.145,14.030000000000001,11.365,14.651666666666669,0.5089286131996754,-0.4999999999999997,-0.8660254037844388
Batangas,2014-08-01,19.165,2014,8,2014-07-01,9951.04,,,8250.85,,,19.065,14.07,15.015,14.575000000000001,14.01,12.235,16.05,2.6534741378050075,-0.8660254037844385,-0.5000000000000004
Batangas,2014-09-01,20.68,2014,9,2014-07-01,9951.04,,,8250.85,,,19.165,19.065,14.07,14.9,14.07,11.32,17.433333333333334,2.9131612268004274,-1.0,-1.8369701987210297e-16
Batangas,2014-10-01,19.295,2014,10,2014-10-01,8562.0,,,9951.04,,,20.68,19.165,19.065,14.870000000000001,14.32,12.815000000000001,19.636666666666667,0.9049355409825579,-0.8660254037844386,0.5000000000000001
Batangas,2014-11-01,18.725,2014,11,2014-10-01,8562.0,,,9951.04,,,19.295,20.68,19.165,15.015,14.934999999999999,12.93,19.713333333333335,0.8396775174633385,-0.5000000000000004,0.8660254037844384
Batangas,2014-12-01,17.54,2014,12,2014-10-01,8562.0,,,9951.04,,,18.725,19.295,20.68,14.07,13.385,13.82,19.566666666666666,1.0054145082170782,-2.4492935982947064e-16,1.0
Batangas,2015-01-01,18.995,2015,1,2015-01-01,5088.8,,,8562.0,,,17.54,18.725,19.295,19.065,14.145,13.995000000000001,18.52,0.8952792860331553,0.49999999999999994,0.8660254037844387
Batangas,2015-02-01,19.46,2015,2,2015-01-01,5088.8,,,8562.0,,,18.995,17.54,18.725,19.165,14.575000000000001,14.15,18.42,0.773967053562381,0.8660254037844386,0.5000000000000001
Batangas,2015-03-01,20.935000000000002,2015,3,2015-01-01,5088.8,,,8562.0,,,19.46,18.995,17.54,20.68,14.9,13.969999999999999,18.665000000000003,1.0016361614878142,1.0,6.123233995736766e-17
Batangas,2015-04-01,18.93,2015,4,2015-04-01,6015.7,,,5088.8,,,20.935000000000002,19.46,18.995,19.295,14.870000000000001,13.620000000000001,19.796666666666667,1.0128713310847601,0.8660254037844387,-0.4999999999999998
Batangas,2015-05-01,18.32,2015,5,2015-04-01,6015.7,,,5088.8,,,18.93,20.935000000000002,19.46,18.725,15.015,13.71,19.775000000000002,1.038953800705344,0.49999999999999994,-0.8660254037844387
Batangas,2015-06-01,17.18,2015,6,2015-04-01,6015.7,,,5088.8,,,18.32,18.93,20.935000000000002,17.54,14.07,13.61,19.395,1.368110010196573,1.2246467991473532e-16,-1.0
Batangas,2015-07-01,16.07,2015,7,2015-07-01,11984.15,,,6015.7,,,17.18,18.32,18.93,18.995,19.065,14.030000000000001,18.143333333333334,0.8882754827942466,-0.4999999999999997,-0.8660254037844388
Batangas,2015-08-01,18.740000000000002,2015,8,2015-07-01,11984.15,,,6015.7,,,16.07,17.18,18.32,19.46,19.165,14.01,17.189999999999998,1.1250333328395117,-0.8660254037844385,-0.5000000000000004
Batangas,2015-09-01,16.135,2015,9,2015-07-01,11984.15,,,6015.7,,,18.740000000000002,16.07,17.18,20.935000000000002,20.68,14.07,17.330000000000002,1.341305334366485,-1.0,-1.8369701987210297e-16
Batangas,2015-10-01,16.045,2015,10,2015-10-01,10063.86,,,11984.15,,,16.135,18.740000000000002,16.07,18.93,19.295,14.32,16.981666666666666,1.523108116101187,-0.8660254037844386,0.5000000000000001
Batangas,2015-11-01,15.69,2015,11,2015-10-01,10063.86,,,11984.15,,,16.045,16.135,18.740000000000002,18.32,18.725,14.934999999999999,16.973333333333333,1.5306398444223595,-0.5000000000000004,0.8660254037844384
Batangas,2015-12-01,18.96,2015,12,2015-10-01,10063.86,,,11984.15,,,15.69,16.045,16.135,17.18,17.54,13.385,15.956666666666669,0.23528351691792043,-2.4492935982947064e-16,1.0
Batangas,2016-01-01,16.55,2016,1,2016-01-01,5377.47,,,10063.86,,,18.96,15.69,16.045,16.07,18.995,14.145,16.898333333333333,1.7942570421579231,0.49999999999999994,0.8660254037844387
Batangas,2016-02-01,17.695,2016,2,2016-01-01,5377.47,,,10063.86,,,16.55,18.96,15.69,18.740000000000002,19.46,14.575000000000001,17.066666666666666,1.695120448031144,0.8660254037844386,0.5000000000000001
Batangas,2016-03-01,16.04,2016,3,2016-01-01,5377.47,,,10063.86,,,17.695,16.55,18.96,16.135,20.935000000000002,14.9,17.735,1.205497822478329,1.0,6.123233995736766e-17
Batangas,2016-04-01,15.905,2016,4,2016-04-01,9297.47,,,5377.47,,,16.04,17.695,16.55,16.045,18.93,14.870000000000001,16.761666666666667,0.84756022401555,0.8660254037844387,-0.4999999999999998
Batangas,2016-05-01,14.77,2016,5,2016-04-01,9297.47,,,5377.47,,,15.905,16.04,17.695,15.69,18.32,15.015,16.546666666666667,0.9967739630093078,0.49999999999999994,-0.8660254037844387
Batangas,2016-06-01,14.295000000000002,2016,6,2016-04-01,9297.47,,,5377.47,,,14.77,15.905,16.04,18.96,17.18,14.07,15.571666666666665,0.6975373347235545,1.2246467991473532e-16,-1.0
Batangas,2016-07-01,17.195,2016,7,2016-07-01,14588.96,,,9297.47,,,14.295000000000002,14.77,15.905,16.55,16.07,19.065,14.99,0.8272393849424019,-0.4999999999999997,-0.8660254037844388
Batangas,2016-08-01,16.855,2016,8,2016-07-01,14588.96,,,9297.47,,,17.195,14.295000000000002,14.77,17.695,18.740000000000002,19.165,15.42,1.5554340230301962,-0.8660254037844385,-0.5000000000000004
Batangas,2016-09-01,18.395,2016,9,2016-07-01,14588.96,,,9297.47,,,16.855,17.195,14.295000000000002,16.04,16.135,20.68,16.115,1.5853075411414428,-1.0,-1.8369701987210297e-16
Batangas,2016-10-01,17.89,2016,10,2016-10-01,10923.01,,,14588.96,,,18.395,16.855,17.195,15.905,16.045,19.295,17.481666666666666,0.8090323438116147,-0.8660254037844386,0.5000000000000001
Batangas,2016-11-01,17.525,2016,11,2016-10-01,10923.01,,,14588.96,,,17.89,18.395,16.855,14.77,15.69,18.725,17.713333333333335,0.7850530767618985,-0.5000000000000004,0.8660254037844384
Batangas,2016-12-01,17.675,2016,12,2016-10-01,10923.01,,,14588.96,,,17.525,17.89,18.395,14.295000000000002,18.96,17.54,17.936666666666664,0.43687336075038136,-2.4492935982947064e-16,1.0
Batangas,2017-01-01,19.634999999999998,2017,1,2017-01-01,3940.1,,,10923.01,,,17.675,17.525,17.89,17.195,16.55,18.995,17.69666666666667,0.18346207600843256,0.49999999999999994,0.8660254037844387
Batangas,2017-02-01,18.195,2017,2,2017-01-01,3940.1,,,10923.01,,,19.634999999999998,17.675,17.525,16.855,17.695,19.46,18.278333333333332,1.1772991690022319,0.8660254037844386,0.5000000000000001
Batangas,2017-03-01,18.39,2017,3,2017-01-01,3940.1,,,10923.01,,,18.195,19.634999999999998,17.675,18.395,16.04,20.935000000000002,18.501666666666665,1.0153488727197928,1.0,6.123233995736766e-17
Batangas,2017-04-01,17.315,2017,4,2017-04-01,9915.25,,,3940.1,,,18.39,18.195,19.634999999999998,17.89,15.905,18.93,18.74,0.7812009984632828,0.8660254037844387,-0.4999999999999998
Batangas,2017-05-01,19.025,2017,5,2017-04-01,9915.25,,,3940.1,,,17.315,18.39,18.195,17.525,14.77,18.32,17.966666666666665,0.5727201178004286,0.49999999999999994,-0.8660254037844387
Batangas,2017-06-01,19.475,2017,6,2017-04-01,9915.25,,,3940.1,,,19.025,17.315,18.39,17.675,14.295000000000002,17.18,18.243333333333332,0.8643832097706118,1.2246467991473532e-16,-1.0
Batangas,2017-07-01,18.965,2017,7,2017-07-01,15895.09,,,9915.25,,,19.475,19.025,17.315,19.634999999999998,17.195,16.07,18.605,1.1396051947933672,-0.4999999999999997,-0.8660254037844388
Batangas,2017-08-01,18.825,2017,8,2017-07-01,15895.09,,,9915.25,,,18.965,19.475,19.025,18.195,16.855,18.740000000000002,19.155,0.2787471972954228,-0.8660254037844385,-0.5000000000000004
Batangas,2017-09-01,18.975,2017,9,2017-07-01,15895.09,,,9915.25,,,18.825,18.965,19.475,18.39,18.395,16.135,19.088333333333335,0.3421013495053537,-1.0,-1.8369701987210297e-16
Batangas,2017-10-01,19.35,2017,10,2017-10-01,11538.82,,,15895.09,,,18.975,18.825,18.965,17.315,17.89,16.045,18.921666666666667,0.08386497083632262,-0.8660254037844386,0.5000000000000001
Batangas,2017-11-01,18.45,2017,11,2017-10-01,11538.82,,,15895.09,,,19.35,18.975,18.825,19.025,17.525,15.69,19.05,0.2704163456598886,-0.5000000000000004,0.8660254037844384
Batangas,2017-12-01,18.03,2017,12,2017-10-01,11538.82,,,15895.09,,,18.45,19.35,18.975,19.475,17.675,18.96,18.925,0.452078533000678,-2.4492935982947064e-16,1.0
Batangas,2018-01-01,17.7,2018,1,2018-01-01,3807.72,,,11538.82,,,18.03,18.45,19.35,18.965,19.634999999999998,16.55,18.61,0.6743886120035198,0.49999999999999994,0.8660254037844387
Batangas,2018-02-01,17.55,2018,2,2018-01-01,3807.72,,,11538.82,,,17.7,18.03,18.45,18.825,18.195,17.695,18.06,0.3758989225842672,0.8660254037844386,0.5000000000000001
Batangas,2018-03-01,17.6,2018,3,2018-01-01,3807.72,,,11538.82,,,17.55,17.7,18.03,18.975,18.39,16.04,17.76,0.24556058315617715,1.0,6.123233995736766e-17
Batangas,2018-04-01,15.61,2018,4,2018-04-01,9177.74,,,3807.72,,,17.6,17.55,17.7,19.35,17.315,15.905,17.61666666666667,0.07637626158256845,0.8660254037844387,-0.4999999999999998
Batangas,2018-05-01,16.785,2018,5,2018-04-01,9177.74,,,3807.72,,,15.61,17.6,17.55,18.45,19.025,14.77,16.92,1.1347686988985777,0.49999999999999994,-0.8660254037844387
Batangas,2018-06-01,18.439999999999998,2018,6,2018-04-01,9177.74,,,3807.72,,,16.785,15.61,17.6,18.03,19.475,14.295000000000002,16.665000000000003,1.0004124149569322,1.2246467991473532e-16,-1.0
Batangas,2018-07-01,16.94,2018,7,2018-07-01,16841.17,,,9177.74,,,18.439999999999998,16.785,15.61,17.7,18.965,17.195,16.944999999999997,1.4217682652246686,-0.4999999999999997,-0.8660254037844388
Batangas,2018-08-01,17.6,2018,8,2018-07-01,16841.17,,,9177.74,,,16.94,18.439999999999998,16.785,17.55,18.825,16.855,17.388333333333332,0.9140614494295823,-0.8660254037844385,-0.5000000000000004
Batangas,2018-09-01,17.005000000000003,2018,9,2018-07-01,16841.17,,,9177.74,,,17.6,16.94,18.439999999999998,17.6,18.975,18.395,17.66,0.7517978451684901,-1.0,-1.8369701987210297e-16
Batangas,2018-10-01,15.945,2018,10,2018-10-01,13436.4,,,16841.17,,,17.005000000000003,17.6,16.94,15.61,19.35,17.89,17.18166666666667,0.3637421247715278,-0.8660254037844386,0.5000000000000001
Batangas,2018-11-01,18.48,2018,11,2018-10-01,13436.4,,,16841.17,,,15.945,17.005000000000003,17.6,16.785,18.45,17.525,16.850000000000005,0.838316765906518,-0.5000000000000004,0.8660254037844384
Batangas,2018-12-01,16.905,2018,12,2018-10-01,13436.4,,,16841.17,,,18.48,15.945,17.005000000000003,18.439999999999998,18.03,17.675,17.143333333333334,1.273148983164698,-2.4492935982947064e-16,1.0
Batangas,2019-01-01,17.195,2019,1,2019-01-01,4278.62,,,13436.4,,,16.905,18.48,15.945,16.94,17.7,19.634999999999998,17.11,1.2798730405786232,0.49999999999999994,0.8660254037844387
Batangas,2019-02-01,18.295,2019,2,2019-01-01,4278.62,,,13436.4,,,17.195,16.905,18.48,17.6,17.55,18.195,17.526666666666667,0.8382471791383005,0.8660254037844386,0.5000000000000001
Batangas,2019-03-01,16.810000000000002,2019,3,2019-01-01,4278.62,,,13436.4,,,18.295,17.195,16.905,17.005000000000003,17.6,18.39,17.465,0.7332803011127353,1.0,6.123233995736766e-17
Batangas,2019-04-01,17.22,2019,4,2019-04-01,8838.37,,,4278.62,,,16.810000000000002,18.295,17.195,15.945,15.61,17.315,17.433333333333334,0.7706544837560572,0.8660254037844387,-0.4999999999999998
Batangas,2019-05-01,18.35,2019,5,2019-04-01,8838.37,,,4278.62,,,17.22,16.810000000000002,18.295,18.48,16.785,19.025,17.441666666666666,0.766914814913179,0.49999999999999994,-0.8660254037844387
Batangas,2019-06-01,19.52,2019,6,2019-04-01,8838.37,,,4278.62,,,18.35,17.22,16.810000000000002,16.905,18.439999999999998,19.475,17.46,0.7975587752636053,1.2246467991473532e-16,-1.0
Batangas,2019-07-01,20.86,2019,7,2019-07-01,14794.95,,,8838.37,,,19.52,18.35,17.22,17.195,16.94,18.965,18.363333333333333,1.1500579695534285,-0.4999999999999997,-0.8660254037844388
Batangas,2019-08-01,17.759999999999998,2019,8,2019-07-01,14794.95,,,8838.37,,,20.86,19.52,18.35,18.295,17.6,18.825,19.576666666666668,1.2559591288467153,-0.8660254037844385,-0.5000000000000004
Batangas,2019-09-01,18.535,2019,9,2019-07-01,14794.95,,,8838.37,,,17.759999999999998,20.86,19.52,16.810000000000002,17.005000000000003,18.975,19.38,1.554734704057275,-1.0,-1.8369701987210297e-16
Batangas,2019-10-01,19.86,2019,10,2019-10-01,13007.85,,,14794.95,,,18.535,17.759999999999998,20.86,17.22,15.945,19.35,19.051666666666666,1.6132911495862676,-0.8660254037844386,0.5000000000000001
Batangas,2019-11-01,22.68,2019,11,2019-10-01,13007.85,,,14794.95,,,19.86,18.535,17.759999999999998,18.35,18.48,18.45,18.718333333333334,1.0619361248838681,-0.5000000000000004,0.8660254037844384
Batangas,2019-12-01,20.595,2019,12,2019-10-01,13007.85,,,14794.95,,,22.68,19.86,18.535,19.52,16.905,18.03,20.35833333333333,2.11695732912438,-2.4492935982947064e-16,1.0
Batangas,2020-01-01,18.875,2020,1,2020-01-01,2790.7,,,13007.85,,,20.595,22.68,19.86,20.86,17.195,17.7,21.044999999999998,1.4628653389837778,0.49999999999999994,0.8660254037844387
Batangas,2020-02-01,21.25,2020,2,2020-01-01,2790.7,,,13007.85,,,18.875,20.595,22.68,17.759999999999998,18.295,17.55,20.716666666666665,1.9054155277349463,0.8660254037844386,0.5000000000000001
Batangas,2020-03-01,26.06,2020,3,2020-01-01,2790.7,,,13007.85,,,21.25,18.875,20.595,18.535,16.810000000000002,17.6,20.24,1.2266519473754947,1.0,6.123233995736766e-17
Batangas,2020-04-01,26.89,2020,4,2020-04-01,8497.59,,,2790.7,,,26.06,21.25,18.875,19.86,17.22,15.61,22.061666666666667,3.660622670166032,0.8660254037844387,-0.4999999999999998
Batangas,2020-05-01,23.055,2020,5,2020-04-01,8497.59,,,2790.7,,,26.89,26.06,21.25,22.68,18.35,16.785,24.733333333333334,3.0450670490702825,0.49999999999999994,-0.8660254037844387
Batangas,2020-06-01,27.79,2020,6,2020-04-01,8497.59,,,2790.7,,,23.055,26.89,26.06,20.595,19.52,18.439999999999998,25.334999999999997,2.017678121009466,1.2246467991473532e-16,-1.0
Batangas,2020-07-01,18.495,2020,7,2020-07-01,13738.38,,,8497.59,,,27.79,23.055,26.89,18.875,20.86,16.94,25.911666666666665,2.5145393879065887,-0.4999999999999997,-0.8660254037844388
Batangas,2020-08-01,22.105,2020,8,2020-07-01,13738.38,,,8497.59,,,18.495,27.79,23.055,21.25,17.759999999999998,17.6,23.113333333333333,4.6477745570685265,-0.8660254037844385,-0.5000000000000004
Batangas,2020-09-01,24.270000000000003,2020,9,2020-07-01,13738.38,,,8497.59,,,22.105,18.495,27.79,26.06,18.535,17.005000000000003,22.796666666666667,4.685942630179496,-1.0,-1.8369701987210297e-16
Batangas,2020-10-01,19.985,2020,10,2020-10-01,9592.5,,,13738.38,,,24.270000000000003,22.105,18.495,26.89,19.86,15.945,21.623333333333335,2.917474649989869,-0.8660254037844386,0.5000000000000001
Batangas,2020-11-01,21.26,2020,11,2020-10-01,9592.5,,,13738.38,,,19.985,24.270000000000003,22.105,23.055,22.68,18.48,22.12,2.1425393812017073,-0.5000000000000004,0.8660254037844384
Batangas,2020-12-01,23.005000000000003,2020,12,2020-10-01,9592.5,,,13738.38,,,21.26,19.985,24.270000000000003,27.79,20.595,16.905,21.838333333333335,2.20026324182665,-2.4492935982947064e-16,1.0
Batangas,2021-01-01,23.96,2021,1,2021-01-01,2341.64,,,9592.5,,,23.005000000000003,21.26,19.985,18.495,18.875,17.195,21.416666666666668,1.516083221110735,0.49999999999999994,0.8660254037844387
Batangas,2021-02-01,28.0,2021,2,2021-01-01,2341.64,,,9592.5,,,23.96,23.005000000000003,21.26,22.105,21.25,18.295,22.74166666666667,1.3691268507094363,0.8660254037844386,0.5000000000000001
Batangas,2021-03-01,23.8,2021,3,2021-01-01,2341.64,,,9592.5,,,28.0,23.96,23.005000000000003,24.270000000000003,26.06,16.810000000000002,24.988333333333333,2.6515294328620254,1.0,6.123233995736766e-17
Batangas,2021-04-01,26.099999999999998,2021,4,2021-04-01,7220.66,,,2341.64,,,23.8,28.0,23.96,19.985,26.89,17.22,25.253333333333334,2.3800280110397076,0.8660254037844387,-0.4999999999999998
Batangas,2021-05-01,25.61,2021,5,2021-04-01,7220.66,,,2341.64,,,26.099999999999998,23.8,28.0,21.26,23.055,18.35,25.96666666666667,2.1031722072463896,0.49999999999999994,-0.8660254037844387
Batangas,2021-06-01,23.665,2021,6,2021-04-01,7220.66,,,2341.64,,,25.61,26.099999999999998,23.8,23.005000000000003,27.79,19.52,25.169999999999998,1.2114866899806565,1.2246467991473532e-16,-1.0
Batangas,2021-07-01,25.425,2021,7,2021-07-01,10254.49,,,7220.66,,,23.665,25.61,26.099999999999998,23.96,18.495,20.86,25.125,1.2879149816662163,-0.4999999999999997,-0.8660254037844388
Batangas,2021-08-01,24.52,2021,8,2021-07-01,10254.49,,,7220.66,,,25.425,23.665,25.61,28.0,22.105,17.759999999999998,24.900000000000002,1.0735338839553623,-0.8660254037844385,-0.5000000000000004
Batangas,2021-09-01,26.869999999999997,2021,9,2021-07-01,10254.49,,,7220.66,,,24.52,25.425,23.665,23.8,24.270000000000003,18.535,24.536666666666665,0.8801183632521311,-1.0,-1.8369701987210297e-16
Batangas,2021-10-01,24.59,2021,10,2021-10-01,9264.42,,,10254.49,,,26.869999999999997,24.52,25.425,26.099999999999998,19.985,19.86,25.605,1.1852953218503375,-0.8660254037844386,0.5000000000000001
Batangas,2021-11-01,26.009999999999998,2021,11,2021-10-01,9264.42,,,10254.49,,,24.59,26.869999999999997,24.52,25.61,21.26,22.68,25.326666666666668,1.3370240586218423,-0.5000000000000004,0.8660254037844384
Batangas,2021-12-01,24.945,2021,12,2021-10-01,9264.42,,,10254.49,,,26.009999999999998,24.59,26.869999999999997,23.665,23.005000000000003,20.595,25.823333333333334,1.1514049389044811,-2.4492935982947064e-16,1.0
Batangas,2022-01-01,25.875,2022,1,2022-01-01,2125.08,,,9264.42,,,24.945,26.009999999999998,24.59,25.425,23.96,18.875,25.18166666666667,0.738991429810673,0.49999999999999994,0.8660254037844387
Batangas,2022-02-01,26.43,2022,2,2022-01-01,2125.08,,,9264.42,,,25.875,24.945,26.009999999999998,24.52,28.0,21.25,25.61,0.5798491183060435,0.8660254037844386,0.5000000000000001
Batangas,2022-03-01,26.740000000000002,2022,3,2022-01-01,2125.08,,,9264.42,,,26.43,25.875,24.945,26.869999999999997,23.8,26.06,25.75,0.7503499183716207,1.0,6.123233995736766e-17
Batangas,2022-04-01,23.655,2022,4,2022-04-01,6976.57,,,2125.08,,,26.740000000000002,26.43,25.875,24.59,26.099999999999998,26.89,26.348333333333333,0.43824460445467783,0.8660254037844387,-0.4999999999999998
Batangas,2022-05-01,24.045,2022,5,2022-04-01,6976.57,,,2125.08,,,23.655,26.740000000000002,26.43,26.009999999999998,25.61,23.055,25.608333333333334,1.6987225592584672,0.49999999999999994,-0.8660254037844387
Batangas,2022-06-01,27.735,2022,6,2022-04-01,6976.57,,,2125.08,,,24.045,23.655,26.740000000000002,24.945,23.665,27.79,24.813333333333336,1.6798983104145437,1.2246467991473532e-16,-1.0
Batangas,2022-07-01,25.770000000000003,2022,7,2022-07-01,11825.91,,,6976.57,,,27.735,24.045,23.655,25.875,25.425,18.495,25.145,2.25146618895339,-0.4999999999999997,-0.8660254037844388
Batangas,2022-08-01,26.955,2022,8,2022-07-01,11825.91,,,6976.57,,,25.770000000000003,27.735,24.045,26.43,24.52,22.105,25.849999999999998,1.8463003547636296,-0.8660254037844385,-0.5000000000000004
Batangas,2022-09-01,22.439999999999998,2022,9,2022-07-01,11825.91,,,6976.57,,,26.955,25.770000000000003,27.735,26.740000000000002,26.869999999999997,24.270000000000003,26.819999999999997,0.989431655042583,-1.0,-1.8369701987210297e-16
Batangas,2022-10-01,22.82,2022,10,2022-10-01,8536.93,,,11825.91,,,22.439999999999998,26.955,25.770000000000003,23.655,24.59,19.985,25.054999999999996,2.3408812443181124,-0.8660254037844386,0.5000000000000001
Batangas,2022-11-01,21.705,2022,11,2022-10-01,8536.93,,,11825.91,,,22.82,22.439999999999998,26.955,24.045,26.009999999999998,21.26,24.07166666666667,2.504258040484974,-0.5000000000000004,0.8660254037844384
Batangas,2022-12-01,21.025,2022,12,2022-10-01,8536.93,,,11825.91,,,21.705,22.82,22.439999999999998,27.735,24.945,23.005000000000003,22.32166666666667,0.5668406595628476,-2.4492935982947064e-16,1.0
Batangas,2023-01-01,22.405,2023,1,2023-01-01,1915.24,,,8536.93,,,21.025,21.705,22.82,25.770000000000003,25.875,23.96,21.849999999999998,0.9062422413462697,0.49999999999999994,0.8660254037844387
Batangas,2023-02-01,24.775,2023,2,2023-01-01,1915.24,,,8536.93,,,22.405,21.025,21.705,26.955,26.43,28.0,21.711666666666662,0.6900241541668266,0.8660254037844386,0.5000000000000001
Batangas,2023-03-01,23.945,2023,3,2023-01-01,1915.24,,,8536.93,,,24.775,22.405,21.025,22.439999999999998,26.740000000000002,23.8,22.735,1.896654950168933,1.0,6.123233995736766e-17
Batangas,2023-04-01,23.84,2023,4,2023-04-01,5777.92,,,1915.24,,,23.945,24.775,22.405,22.82,23.655,26.099999999999998,23.708333333333332,1.202594417637824,0.8660254037844387,-0.4999999999999998
Batangas,2023-05-01,22.689999999999998,2023,5,2023-04-01,5777.92,,,1915.24,,,23.84,23.945,24.775,21.705,24.045,25.61,24.186666666666667,0.5122092671298137,0.49999999999999994,-0.8660254037844387
Batangas,2023-06-01,24.235,2023,6,2023-04-01,5777.92,,,1915.24,,,22.689999999999998,23.84,23.945,21.025,27.735,23.665,23.491666666666664,0.69624588568527,1.2246467991473532e-16,-1.0
Batangas,2023-07-01,22.064999999999998,2023,7,2023-07-01,12043.66,,,5777.92,,,24.235,22.689999999999998,23.84,22.405,25.770000000000003,25.425,23.588333333333335,0.8026570459004673,-0.4999999999999997,-0.8660254037844388
Batangas,2023-08-01,23.18,2023,8,2023-07-01,12043.66,,,5777.92,,,22.064999999999998,24.235,22.689999999999998,24.775,26.955,24.52,22.996666666666666,1.1170310350807935,-0.8660254037844385,-0.5000000000000004
Batangas,2023-09-01,26.985,2023,9,2023-07-01,12043.66,,,5777.92,,,23.18,22.064999999999998,24.235,23.945,22.439999999999998,26.869999999999997,23.159999999999997,1.0851382400414866,-1.0,-1.8369701987210297e-16
Batangas,2023-10-01,22.075,2023,10,2023-10-01,8817.87,,,12043.66,,,26.985,23.18,22.064999999999998,23.84,22.82,24.59,24.076666666666664,2.5796527544097216,-0.8660254037844386,0.5000000000000001
Batangas,2023-11-01,24.03,2023,11,2023-10-01,8817.87,,,12043.66,,,22.075,26.985,23.18,22.689999999999998,21.705,26.009999999999998,24.08,2.5757571702317605,-0.5000000000000004,0.8660254037844384
Batangas,2023-12-01,25.095,2023,12,2023-10-01,8817.87,,,12043.66,,,24.03,22.075,26.985,24.235,21.025,24.945,24.363333333333333,2.4719139008739073,-2.4492935982947064e-16,1.0
Batangas,2024-01-01,31.82,2024,1,2024-01-01,3197.6,,,8817.87,,,25.095,24.03,22.075,22.064999999999998,22.405,25.875,23.733333333333334,1.5317011240231098,0.49999999999999994,0.8660254037844387
Batangas,2024-02-01,28.529999999999998,2024,2,2024-01-01,3197.6,,,8817.87,,,31.82,25.095,24.03,23.18,24.775,26.43,26.981666666666666,4.223820348136703,0.8660254037844386,0.5000000000000001
Batangas,2024-03-01,28.51,2024,3,2024-01-01,3197.6,,,8817.87,,,28.529999999999998,31.82,25.095,26.985,23.945,26.740000000000002,28.481666666666666,3.3627605227452158,1.0,6.123233995736766e-17
Batangas,2024-04-01,18.0,2024,4,2024-04-01,5081.74,,,3197.6,,,28.51,28.529999999999998,31.82,22.075,23.84,23.655,29.62,1.9052821313391761,0.8660254037844387,-0.4999999999999998
Batangas,2024-05-01,15.0,2024,5,2024-04-01,5081.74,,,3197.6,,,18.0,28.51,28.529999999999998,24.03,22.689999999999998,24.045,25.013333333333335,6.073733064049955,0.49999999999999994,-0.8660254037844387
Batangas,2024-06-01,15.0,2024,6,2024-04-01,5081.74,,,3197.6,,,15.0,18.0,28.51,25.095,24.235,27.735,20.503333333333334,7.094366309497534,1.2246467991473532e-16,-1.0
Batangas,2024-07-01,19.065,2024,7,2024-07-01,12777.03,,,5081.74,,,15.0,15.0,18.0,31.82,22.064999999999998,25.770000000000003,16.0,1.7320508075689676,-0.4999999999999997,-0.8660254037844388
Batangas,2024-08-01,21.84,2024,8,2024-07-01,12777.03,,,5081.74,,,19.065,15.0,15.0,28.529999999999998,23.18,26.955,16.355,2.346928844255896,-0.8660254037844385,-0.5000000000000004
Batangas,2024-09-01,25.43,2024,9,2024-07-01,12777.03,,,5081.74,,,21.84,19.065,15.0,28.51,26.985,22.439999999999998,18.635,3.440214382854697,-1.0,-1.8369701987210297e-16
Batangas,2024-10-01,25.805,2024,10,2024-10-01,6694.73,,,12777.03,,,25.43,21.84,19.065,18.0,22.075,22.82,22.111666666666668,3.1911844718432802,-0.8660254037844386,0.5000000000000001
Batangas,2024-11-01,25.0,2024,11,2024-10-01,6694.73,,,12777.03,,,25.805,25.43,21.84,15.0,24.03,21.705,24.358333333333334,2.1889856859590684,-0.5000000000000004,0.8660254037844384
Batangas,2024-12-01,30.21,2024,12,2024-10-01,6694.73,,,12777.03,,,25.0,25.805,25.43,15.0,25.095,21.025,25.411666666666665,0.4028130252781068,-2.4492935982947064e-16,1.0
Batangas,2025-01-01,29.835,2025,1,2025-01-01,2266.69,5414.23,0.4186541761247676,6694.73,,,30.21,25.0,25.805,19.065,31.82,22.405,27.005,2.8046434711029455,0.49999999999999994,0.8660254037844387
Batangas,2025-02-01,23.564999999999998,2025,2,2025-01-01,2266.69,5414.23,0.4186541761247676,6694.73,,,29.835,30.21,25.0,21.84,28.529999999999998,24.775,28.348333333333333,2.9057973661860386,0.8660254037844386,0.5000000000000001
Batangas,2025-03-01,35.129999999999995,2025,3,2025-01-01,2266.69,5414.23,0.4186541761247676,6694.73,,,23.564999999999998,29.835,30.21,25.43,28.51,23.945,27.87,3.7329512453286076,1.0,6.123233995736766e-17
Batangas,2025-04-01,36.5,2025,4,2025-04-01,4508.56,5414.23,0.8327241362114282,2266.69,5414.23,0.4186541761247676,35.129999999999995,23.564999999999998,29.835,25.805,18.0,23.84,29.51,5.789345817965995,0.8660254037844387,-0.4999999999999998
Batangas,2025-05-01,39.205,2025,5,2025-04-01,4508.56,5414.23,0.8327241362114282,2266.69,5414.23,0.4186541761247676,36.5,35.129999999999995,23.564999999999998,25.0,15.0,22.689999999999998,31.731666666666666,7.105635674120484,0.49999999999999994,-0.8660254037844387
Batangas,2025-06-01,38.67,2025,6,2025-04-01,4508.56,5414.23,0.8327241362114282,2266.69,5414.23,0.4186541761247676,39.205,36.5,35.129999999999995,30.21,15.0,24.235,36.945,2.0736260511481497,1.2246467991473532e-16,-1.0
Batangas,2025-07-01,22.424999999999997,2025,7,2025-07-01,11514.35,5414.23,2.1266828339394523,4508.56,5414.23,0.8327241362114282,38.67,39.205,36.5,29.835,19.065,22.064999999999998,38.125,1.4324890924541969,-0.4999999999999997,-0.8660254037844388
Batangas,2025-08-01,28.0,2025,8,2025-07-01,11514.35,5414.23,2.1266828339394523,4508.56,5414.23,0.8327241362114282,22.424999999999997,38.67,39.205,23.564999999999998,21.84,23.18,33.43333333333333,9.537248467631205,-0.8660254037844385,-0.5000000000000004
Batangas,2025-09-01,23.02,2025,9,2025-07-01,11514.35,5414.23,2.1266828339394523,4508.56,5414.23,0.8327241362114282,28.0,22.424999999999997,38.67,35.129999999999995,25.43,26.985,29.698333333333334,8.254590137210563,-1.0,-1.8369701987210297e-16
Batangas,2025-10-01,37.17,2025,10,2025-10-01,7912.43,5414.23,1.4614137190329928,11514.35,5414.23,2.1266828339394523,23.02,28.0,22.424999999999997,36.5,25.805,22.075,24.481666666666666,3.0614552639772588,-0.8660254037844386,0.5000000000000001
Batangas,2025-11-01,20.5,2025,11,2025-10-01,7912.43,5414.23,1.4614137190329928,11514.35,5414.23,2.1266828339394523,37.17,23.02,28.0,39.205,25.0,24.03,29.396666666666665,7.177648175644576,-0.5000000000000004,0.8660254037844384
Batangas,2025-12-01,20.0,2025,12,2025-10-01,7912.43,5414.23,1.4614137190329928,11514.35,5414.23,2.1266828339394523,20.5,37.17,23.02,38.67,30.21,25.095,26.896666666666665,8.985746120013296,-2.4492935982947064e-16,1.0
Batangas,2026-01-01,22.25,2026,1,2026-01-01,1980.55,5414.23,0.36580455577247367,7912.43,5414.23,1.4614137190329928,20.0,20.5,37.17,22.424999999999997,29.835,31.82,25.89,9.771965001984027,0.49999999999999994,0.8660254037844387
Batangas,2026-02-01,27.95,2026,2,2026-01-01,1980.55,5414.23,0.36580455577247367,7912.43,5414.23,1.4614137190329928,22.25,20.0,20.5,28.0,23.564999999999998,28.529999999999998,20.916666666666668,1.1814539065634995,0.8660254037844386,0.5000000000000001
Batangas,2026-03-01,23.0,2026,3,2026-01-01,1980.55,5414.23,0.36580455577247367,7912.43,5414.23,1.4614137190329928,27.95,22.25,20.0,23.02,35.129999999999995,28.51,23.400000000000002,4.097865297932662,1.0,6.123233995736766e-17
Batangas,2026-04-01,25.439999999999998,2026,4,2026-04-01,4743.22,5414.23,0.876065479301766,1980.55,5414.23,0.36580455577247367,23.0,27.95,22.25,37.17,36.5,18.0,24.400000000000002,3.0971761331898313,0.8660254037844387,-0.4999999999999998
Batangas,2026-05-01,31.37,2026,5,2026-04-01,4743.22,5414.23,0.876065479301766,1980.55,5414.23,0.36580455577247367,25.439999999999998,23.0,27.95,20.5,39.205,15.0,25.463333333333335,2.4750824902079565,0.49999999999999994,-0.8660254037844387
Batangas,2026-06-01,25.605,2026,6,2026-04-01,4743.22,5414.23,0.876065479301766,1980.55,5414.23,0.36580455577247367,31.37,25.439999999999998,23.0,20.0,38.67,15.0,26.603333333333335,4.3045595980697025,1.2246467991473532e-16,-1.0
Batangas,2026-07-01,,2026,7,2026-07-01,,,,4743.22,5414.23,0.876065479301766,25.605,31.37,25.439999999999998,22.25,22.424999999999997,19.065,27.471666666666664,3.377063566670603,-0.4999999999999997,-0.8660254037844388
Batangas,2026-08-01,,2026,8,2026-07-01,,,,4743.22,5414.23,0.876065479301766,,25.605,31.37,27.95,28.0,21.84,28.487499999999997,4.076470593540593,-0.8660254037844385,-0.5000000000000004
Batangas,2026-09-01,,2026,9,2026-07-01,,,,4743.22,5414.23,0.876065479301766,,,25.605,23.0,23.02,25.43,,,-1.0,-1.8369701987210297e-16
Batangas,2026-10-01,,2026,10,2026-10-01,,,,,,,,,,25.439999999999998,37.17,25.805,,,-0.8660254037844386,0.5000000000000001
Batangas,2026-11-01,,2026,11,2026-10-01,,,,,,,,,,31.37,20.5,25.0,,,-0.5000000000000004,0.8660254037844384
Batangas,2026-12-01,,2026,12,2026-10-01,,,,,,,,,,25.605,20.0,30.21,,,-2.4492935982947064e-16,1.0
Cavite,2010-01-01,14.01,2010,1,2010-01-01,2812.06,,,,,,,,,,,,,,0.49999999999999994,0.8660254037844387
Cavite,2010-02-01,14.03,2010,2,2010-01-01,2812.06,,,,,,14.01,,,,,,,,0.8660254037844386,0.5000000000000001
Cavite,2010-03-01,14.52,2010,3,2010-01-01,2812.06,,,,,,14.03,14.01,,,,,14.02,0.014142135623730649,1.0,6.123233995736766e-17
Cavite,2010-04-01,14.7,2010,4,2010-04-01,12774.61,,,2812.06,,,14.52,14.03,14.01,,,,14.186666666666667,0.28884828774519933,0.8660254037844387,-0.4999999999999998
Cavite,2010-05-01,14.16,2010,5,2010-04-01,12774.61,,,2812.06,,,14.7,14.52,14.03,,,,14.416666666666666,0.3467467856135566,0.49999999999999994,-0.8660254037844387
Cavite,2010-06-01,14.46,2010,6,2010-04-01,12774.61,,,2812.06,,,14.16,14.7,14.52,,,,14.459999999999999,0.2749545416973505,1.2246467991473532e-16,-1.0
Cavite,2010-07-01,16.39,2010,7,2010-07-01,7220.0,,,12774.61,,,14.46,14.16,14.7,14.01,,,14.44,0.27055498516937376,-0.4999999999999997,-0.8660254037844388
Cavite,2010-08-01,14.32,2010,8,2010-07-01,7220.0,,,12774.61,,,16.39,14.46,14.16,14.03,,,15.003333333333336,1.210220365608403,-0.8660254037844385,-0.5000000000000004
Cavite,2010-09-01,14.61,2010,9,2010-07-01,7220.0,,,12774.61,,,14.32,16.39,14.46,14.52,,,15.056666666666667,1.1568203548232268,-1.0,-1.8369701987210297e-16
Cavite,2010-10-01,14.22,2010,10,2010-10-01,1969.0,,,7220.0,,,14.61,14.32,16.39,14.7,,,15.106666666666667,1.120818153552724,-0.8660254037844386,0.5000000000000001
Cavite,2010-11-01,13.9,2010,11,2010-10-01,1969.0,,,7220.0,,,14.22,14.61,14.32,14.16,,,14.383333333333333,0.20256686138983956,-0.5000000000000004,0.8660254037844384
Cavite,2010-12-01,16.48,2010,12,2010-10-01,1969.0,,,7220.0,,,13.9,14.22,14.61,14.46,,,14.243333333333334,0.35557465226493457,-2.4492935982947064e-16,1.0
Cavite,2011-01-01,12.41,2011,1,2011-01-01,2800.54,,,1969.0,,,16.48,13.9,14.22,16.39,14.01,,14.866666666666667,1.406319072377722,0.49999999999999994,0.8660254037844387
Cavite,2011-02-01,12.38,2011,2,2011-01-01,2800.54,,,1969.0,,,12.41,16.48,13.9,14.32,14.03,,14.263333333333335,2.059182685759894,0.8660254037844386,0.5000000000000001
Cavite,2011-03-01,12.44,2011,3,2011-01-01,2800.54,,,1969.0,,,12.38,12.41,16.48,14.61,14.52,,13.756666666666668,2.3585235494548966,1.0,6.123233995736766e-17
Cavite,2011-04-01,12.49,2011,4,2011-04-01,12823.62,,,2800.54,,,12.44,12.38,12.41,14.22,14.7,,12.410000000000002,0.029999999999652756,0.8660254037844387,-0.4999999999999998
Cavite,2011-05-01,12.58,2011,5,2011-04-01,12823.62,,,2800.54,,,12.49,12.44,12.38,13.9,14.16,,12.436666666666667,0.05507570547267427,0.49999999999999994,-0.8660254037844387
Cavite,2011-06-01,18.92,2011,6,2011-04-01,12823.62,,,2800.54,,,12.58,12.49,12.44,16.48,14.46,,12.503333333333332,0.07094598884583514,1.2246467991473532e-16,-1.0
Cavite,2011-07-01,13.94,2011,7,2011-07-01,7634.2,,,12823.62,,,18.92,12.58,12.49,12.41,16.39,,14.663333333333334,3.6866561181283686,-0.4999999999999997,-0.8660254037844388
Cavite,2011-08-01,15.22,2011,8,2011-07-01,7634.2,,,12823.62,,,13.94,18.92,12.58,12.38,14.32,,15.146666666666667,3.3378036690814117,-0.8660254037844385,-0.5000000000000004
Cavite,2011-09-01,19.0,2011,9,2011-07-01,7634.2,,,12823.62,,,15.22,13.94,18.92,12.44,14.61,,16.026666666666667,2.5861425585866957,-1.0,-1.8369701987210297e-16
Cavite,2011-10-01,9.35,2011,10,2011-10-01,2047.68,,,7634.2,,,19.0,15.22,13.94,12.49,14.22,,16.05333333333333,2.630918724197563,-0.8660254037844386,0.5000000000000001
Cavite,2011-11-01,10.36,2011,11,2011-10-01,2047.68,,,7634.2,,,9.35,19.0,15.22,12.58,13.9,,14.523333333333333,4.862574763778272,-0.5000000000000004,0.8660254037844384
Cavite,2011-12-01,10.98,2011,12,2011-10-01,2047.68,,,7634.2,,,10.36,9.35,19.0,18.92,16.48,,12.903333333333334,5.303963926473605,-2.4492935982947064e-16,1.0
Cavite,2012-01-01,8.75,2012,1,2012-01-01,2853.5,,,2047.68,,,10.98,10.36,9.35,13.94,12.41,14.01,10.229999999999999,0.8227393268830215,0.49999999999999994,0.8660254037844387
Cavite,2012-02-01,9.06,2012,2,2012-01-01,2853.5,,,2047.68,,,8.75,10.98,10.36,15.22,12.38,14.03,10.03,1.1510430052782237,0.8660254037844386,0.5000000000000001
Cavite,2012-03-01,8.9,2012,3,2012-01-01,2853.5,,,2047.68,,,9.06,8.75,10.98,19.0,12.44,14.52,9.596666666666666,1.2079873067765463,1.0,6.123233995736766e-17
Cavite,2012-04-01,10.0,2012,4,2012-04-01,12887.0,,,2853.5,,,8.9,9.06,8.75,9.35,12.49,14.7,8.903333333333334,0.1550268793895025,0.8660254037844387,-0.4999999999999998
Cavite,2012-05-01,9.85,2012,5,2012-04-01,12887.0,,,2853.5,,,10.0,8.9,9.06,10.36,12.58,14.16,9.32,0.5943063183240747,0.49999999999999994,-0.8660254037844387
Cavite,2012-06-01,10.25,2012,6,2012-04-01,12887.0,,,2853.5,,,9.85,10.0,8.9,10.98,18.92,14.46,9.583333333333334,0.5965176722723736,1.2246467991473532e-16,-1.0
Cavite,2012-07-01,10.37,2012,7,2012-07-01,7610.0,,,12887.0,,,10.25,9.85,10.0,8.75,13.94,16.39,10.033333333333333,0.20207259421617135,-0.4999999999999997,-0.8660254037844388
Cavite,2012-08-01,9.04,2012,8,2012-07-01,7610.0,,,12887.0,,,10.37,10.25,9.85,9.06,15.22,14.32,10.156666666666666,0.2722743714220161,-0.8660254037844385,-0.5000000000000004
Cavite,2012-09-01,13.6,2012,9,2012-07-01,7610.0,,,12887.0,,,9.04,10.37,10.25,8.9,19.0,14.61,9.886666666666665,0.7356856212630863,-1.0,-1.8369701987210297e-16
Cavite,2012-10-01,10.32,2012,10,2012-10-01,2070.0,,,7610.0,,,13.6,9.04,10.37,10.0,9.35,14.22,11.003333333333332,2.3450444203326417,-0.8660254037844386,0.5000000000000001
Cavite,2012-11-01,7.67,2012,11,2012-10-01,2070.0,,,7610.0,,,10.32,13.6,9.04,9.85,10.36,13.9,10.986666666666666,2.35196371854101,-0.5000000000000004,0.8660254037844384
Cavite,2012-12-01,10.6,2012,12,2012-10-01,2070.0,,,7610.0,,,7.67,10.32,13.6,10.25,10.98,16.48,10.530000000000001,2.9705723354262767,-2.4492935982947064e-16,1.0
Cavite,2013-01-01,8.81,2013,1,2013-01-01,2848.01,,,2070.0,,,10.6,7.67,10.32,10.37,8.75,12.41,9.53,1.6168797110483903,0.49999999999999994,0.8660254037844387
Cavite,2013-02-01,8.65,2013,2,2013-01-01,2848.01,,,2070.0,,,8.81,10.6,7.67,9.04,9.06,12.38,9.026666666666666,1.4769676141788826,0.8660254037844386,0.5000000000000001
Cavite,2013-03-01,9.76,2013,3,2013-01-01,2848.01,,,2070.0,,,8.65,8.81,10.6,13.6,8.9,12.44,9.353333333333333,1.082604883294575,1.0,6.123233995736766e-17
Cavite,2013-04-01,10.28,2013,4,2013-04-01,12995.12,,,2848.01,,,9.76,8.65,8.81,10.32,10.0,12.49,9.073333333333332,0.6000277771347442,0.8660254037844387,-0.4999999999999998
Cavite,2013-05-01,10.35,2013,5,2013-04-01,12995.12,,,2848.01,,,10.28,9.76,8.65,7.67,9.85,12.58,9.563333333333333,0.8326063495633804,0.49999999999999994,-0.8660254037844387
Cavite,2013-06-01,7.69,2013,6,2013-04-01,12995.12,,,2848.01,,,10.35,10.28,9.76,10.6,10.25,18.92,10.13,0.32233522922560137,1.2246467991473532e-16,-1.0
Cavite,2013-07-01,9.15,2013,7,2013-07-01,7793.7,,,12995.12,,,7.69,10.35,10.28,8.81,10.37,13.94,9.44,1.515948547939516,-0.4999999999999997,-0.8660254037844388
Cavite,2013-08-01,14.18,2013,8,2013-07-01,7793.7,,,12995.12,,,9.15,7.69,10.35,8.65,9.04,15.22,9.063333333333334,1.3321161110553632,-0.8660254037844385,-0.5000000000000004
Cavite,2013-09-01,15.33,2013,9,2013-07-01,7793.7,,,12995.12,,,14.18,9.15,7.69,9.76,13.6,19.0,10.340000000000002,3.404717315725333,-1.0,-1.8369701987210297e-16
Cavite,2013-10-01,21.09,2013,10,2013-10-01,2131.55,,,7793.7,,,15.33,14.18,9.15,10.28,10.32,9.35,12.886666666666668,3.2867359695194907,-0.8660254037844386,0.5000000000000001
Cavite,2013-11-01,21.2,2013,11,2013-10-01,2131.55,,,7793.7,,,21.09,15.33,14.18,10.35,7.67,10.36,16.866666666666664,3.702436134943205,-0.5000000000000004,0.8660254037844384
Cavite,2013-12-01,22.27,2013,12,2013-10-01,2131.55,,,7793.7,,,21.2,21.09,15.33,7.69,10.6,10.98,19.206666666666667,3.357742297040252,-2.4492935982947064e-16,1.0
Cavite,2014-01-01,18.53,2014,1,2014-01-01,2337.17,,,2131.55,,,22.27,21.2,21.09,9.15,8.81,8.75,21.52,0.6518435395091255,0.49999999999999994,0.8660254037844387
Cavite,2014-02-01,23.33,2014,2,2014-01-01,2337.17,,,2131.55,,,18.53,22.27,21.2,14.18,8.65,9.06,20.666666666666668,1.9261965977887947,0.8660254037844386,0.5000000000000001
Cavite,2014-03-01,23.62,2014,3,2014-01-01,2337.17,,,2131.55,,,23.33,18.53,22.27,15.33,9.76,8.9,21.376666666666665,2.521613240235925,1.0,6.123233995736766e-17
Cavite,2014-04-01,14.29,2014,4,2014-04-01,12868.39,,,2337.17,,,23.62,23.33,18.53,21.09,10.28,10.0,21.826666666666664,2.8586768501062023,0.8660254037844387,-0.4999999999999998
Cavite,2014-05-01,21.78,2014,5,2014-04-01,12868.39,,,2337.17,,,14.29,23.62,23.33,21.2,10.35,9.85,20.41333333333333,5.304944234705312,0.49999999999999994,-0.8660254037844387
Cavite,2014-06-01,22.76,2014,6,2014-04-01,12868.39,,,2337.17,,,21.78,14.29,23.62,22.27,7.69,10.25,19.896666666666665,4.941905840192946,1.2246467991473532e-16,-1.0
Cavite,2014-07-01,27.48,2014,7,2014-07-01,6883.95,,,12868.39,,,22.76,21.78,14.29,18.53,9.15,10.37,19.61,4.633238608144395,-0.4999999999999997,-0.8660254037844388
Cavite,2014-08-01,30.0,2014,8,2014-07-01,6883.95,,,12868.39,,,27.48,22.76,21.78,23.33,14.18,9.04,24.00666666666667,3.0476438987081664,-0.8660254037844385,-0.5000000000000004
Cavite,2014-09-01,26.67,2014,9,2014-07-01,6883.95,,,12868.39,,,30.0,27.48,22.76,23.62,15.33,13.6,26.74666666666667,3.675286836878601,-1.0,-1.8369701987210297e-16
Cavite,2014-10-01,30.0,2014,10,2014-10-01,438.75,,,6883.95,,,26.67,30.0,27.48,14.29,21.09,10.32,28.05,1.736634676608695,-0.8660254037844386,0.5000000000000001
Cavite,2014-11-01,20.0,2014,11,2014-10-01,438.75,,,6883.95,,,30.0,26.67,30.0,21.78,21.2,7.67,28.889999999999997,1.9225763964013982,-0.5000000000000004,0.8660254037844384
Cavite,2014-12-01,30.0,2014,12,2014-10-01,438.75,,,6883.95,,,20.0,30.0,26.67,22.76,22.27,10.6,25.55666666666666,5.092114819339125,-2.4492935982947064e-16,1.0
Cavite,2015-01-01,25.88,2015,1,2015-01-01,746.94,,,438.75,,,30.0,20.0,30.0,27.48,18.53,8.81,26.666666666666668,5.7735026918962395,0.49999999999999994,0.8660254037844387
Cavite,2015-02-01,21.935000000000002,2015,2,2015-01-01,746.94,,,438.75,,,25.88,30.0,20.0,30.0,23.33,8.65,25.293333333333333,5.025747042314518,0.8660254037844386,0.5000000000000001
Cavite,2015-03-01,30.0,2015,3,2015-01-01,746.94,,,438.75,,,21.935000000000002,25.88,30.0,26.67,23.62,9.76,25.938333333333333,4.032816426932066,1.0,6.123233995736766e-17
Cavite,2015-04-01,25.07,2015,4,2015-04-01,9962.37,,,746.94,,,30.0,21.935000000000002,25.88,30.0,14.29,10.28,25.938333333333333,4.032816426932066,0.8660254037844387,-0.4999999999999998
Cavite,2015-05-01,27.81,2015,5,2015-04-01,9962.37,,,746.94,,,25.07,30.0,21.935000000000002,20.0,21.78,10.35,25.668333333333333,4.065655953635663,0.49999999999999994,-0.8660254037844387
Cavite,2015-06-01,25.45,2015,6,2015-04-01,9962.37,,,746.94,,,27.81,25.07,30.0,30.0,22.76,7.69,27.626666666666665,2.4701079598538067,1.2246467991473532e-16,-1.0
Cavite,2015-07-01,25.0,2015,7,2015-07-01,7765.66,,,9962.37,,,25.45,27.81,25.07,25.88,27.48,9.15,26.11,1.484452761121012,-0.4999999999999997,-0.8660254037844388
Cavite,2015-08-01,22.9,2015,8,2015-07-01,7765.66,,,9962.37,,,25.0,25.45,27.81,21.935000000000002,30.0,14.18,26.086666666666662,1.509315518151566,-0.8660254037844385,-0.5000000000000004
Cavite,2015-09-01,30.0,2015,9,2015-07-01,7765.66,,,9962.37,,,22.9,25.0,25.45,30.0,26.67,15.33,24.45,1.3610657588815476,-1.0,-1.8369701987210297e-16
Cavite,2015-10-01,11.71,2015,10,2015-10-01,686.31,,,7765.66,,,30.0,22.9,25.0,25.07,30.0,21.09,25.966666666666665,3.647373484212049,-0.8660254037844386,0.5000000000000001
Cavite,2015-11-01,23.37,2015,11,2015-10-01,686.31,,,7765.66,,,11.71,30.0,22.9,27.81,20.0,21.2,21.536666666666665,9.220901980464443,-0.5000000000000004,0.8660254037844384
Cavite,2015-12-01,30.82,2015,12,2015-10-01,686.31,,,7765.66,,,23.37,11.71,30.0,25.45,30.0,22.27,21.69333333333333,9.259559024777213,-2.4492935982947064e-16,1.0
Cavite,2016-01-01,30.82,2016,1,2016-01-01,2328.0,,,686.31,,,30.82,23.37,11.71,25.0,25.88,18.53,21.96666666666667,9.631979720355162,0.49999999999999994,0.8660254037844387
Cavite,2016-02-01,30.7,2016,2,2016-01-01,2328.0,,,686.31,,,30.82,30.82,23.37,22.9,21.935000000000002,23.33,28.336666666666662,4.301259505462691,0.8660254037844386,0.5000000000000001
Cavite,2016-03-01,28.94,2016,3,2016-01-01,2328.0,,,686.31,,,30.7,30.82,30.82,30.0,30.0,23.62,30.779999999999998,0.06928203230149985,1.0,6.123233995736766e-17
Cavite,2016-04-01,28.94,2016,4,2016-04-01,11645.61,,,2328.0,,,28.94,30.7,30.82,11.71,25.07,14.29,30.153333333333336,1.0524891131660987,0.8660254037844387,-0.4999999999999998
Cavite,2016-05-01,24.63,2016,5,2016-04-01,11645.61,,,2328.0,,,28.94,28.94,30.7,23.37,27.81,21.78,29.526666666666667,1.0161364737736587,0.49999999999999994,-0.8660254037844387
Cavite,2016-06-01,22.65,2016,6,2016-04-01,11645.61,,,2328.0,,,24.63,28.94,28.94,30.82,25.45,22.76,27.50333333333333,2.4883796602072588,1.2246467991473532e-16,-1.0
Cavite,2016-07-01,29.22,2016,7,2016-07-01,8840.41,,,11645.61,,,22.65,24.63,28.94,30.82,25.0,27.48,25.406666666666666,3.2161208517922972,-0.4999999999999997,-0.8660254037844388
Cavite,2016-08-01,22.87,2016,8,2016-07-01,8840.41,,,11645.61,,,29.22,22.65,24.63,30.7,22.9,30.0,25.5,3.370296722842051,-0.8660254037844385,-0.5000000000000004
Cavite,2016-09-01,19.67,2016,9,2016-07-01,8840.41,,,11645.61,,,22.87,29.22,22.65,28.94,30.0,26.67,24.91333333333333,3.7313045082562217,-1.0,-1.8369701987210297e-16
Cavite,2016-10-01,27.74,2016,10,2016-10-01,707.14,,,8840.41,,,19.67,22.87,29.22,28.94,11.71,30.0,23.919999999999998,4.860812689252681,-0.8660254037844386,0.5000000000000001
Cavite,2016-11-01,18.105,2016,11,2016-10-01,707.14,,,8840.41,,,27.74,19.67,22.87,24.63,23.37,20.0,23.426666666666666,4.063697003140517,-0.5000000000000004,0.8660254037844384
Cavite,2016-12-01,18.655,2016,12,2016-10-01,707.14,,,8840.41,,,18.105,27.74,19.67,22.65,30.82,30.0,21.838333333333335,5.1705471986370295,-2.4492935982947064e-16,1.0
Cavite,2017-01-01,23.56,2017,1,2017-01-01,2459.27,,,707.14,,,18.655,18.105,27.74,29.22,30.82,25.88,21.5,5.410991129174017,0.49999999999999994,0.8660254037844387
Cavite,2017-02-01,22.21,2017,2,2017-01-01,2459.27,,,707.14,,,23.56,18.655,18.105,22.87,30.7,21.935000000000002,20.106666666666666,3.0032912501675995,0.8660254037844386,0.5000000000000001
Cavite,2017-03-01,24.3,2017,3,2017-01-01,2459.27,,,707.14,,,22.21,23.56,18.655,19.67,28.94,30.0,21.474999999999998,2.533757091751284,1.0,6.123233995736766e-17
Cavite,2017-04-01,21.17,2017,4,2017-04-01,12257.11,,,2459.27,,,24.3,22.21,23.56,27.74,28.94,25.07,23.356666666666666,1.0597326706925925,0.8660254037844387,-0.4999999999999998
Cavite,2017-05-01,23.78,2017,5,2017-04-01,12257.11,,,2459.27,,,21.17,24.3,22.21,18.105,24.63,27.81,22.56,1.5940828083885492,0.49999999999999994,-0.8660254037844387
Cavite,2017-06-01,23.52,2017,6,2017-04-01,12257.11,,,2459.27,,,23.78,21.17,24.3,18.655,22.65,25.45,23.083333333333332,1.6772696066325339,1.2246467991473532e-16,-1.0
Cavite,2017-07-01,21.28,2017,7,2017-07-01,9340.57,,,12257.11,,,23.52,23.78,21.17,23.56,29.22,25.0,22.823333333333334,1.4377180993968377,-0.4999999999999997,-0.8660254037844388
Cavite,2017-08-01,22.07,2017,8,2017-07-01,9340.57,,,12257.11,,,21.28,23.52,23.78,22.21,22.87,22.9,22.86,1.374481720504104,-0.8660254037844385,-0.5000000000000004
Cavite,2017-09-01,23.22,2017,9,2017-07-01,9340.57,,,12257.11,,,22.07,21.28,23.52,24.3,19.67,30.0,22.290000000000003,1.1360897851842164,-1.0,-1.8369701987210297e-16
Cavite,2017-10-01,21.66,2017,10,2017-10-01,688.06,,,9340.57,,,23.22,22.07,21.28,21.17,27.74,11.71,22.189999999999998,0.9755511262870434,-0.8660254037844386,0.5000000000000001
Cavite,2017-11-01,22.41,2017,11,2017-10-01,688.06,,,9340.57,,,21.66,23.22,22.07,23.78,18.105,23.37,22.316666666666666,0.8087232736438674,-0.5000000000000004,0.8660254037844384
Cavite,2017-12-01,22.86,2017,12,2017-10-01,688.06,,,9340.57,,,22.41,21.66,23.22,23.52,18.655,30.82,22.429999999999996,0.780192283991531,-2.4492935982947064e-16,1.0
Cavite,2018-01-01,22.32,2018,1,2018-01-01,2323.54,,,688.06,,,22.86,22.41,21.66,21.28,23.56,30.82,22.31,0.6062177826490414,0.49999999999999994,0.8660254037844387
Cavite,2018-02-01,24.74,2018,2,2018-01-01,2323.54,,,688.06,,,22.32,22.86,22.41,22.07,22.21,30.7,22.53,0.28930952282965217,0.8660254037844386,0.5000000000000001
Cavite,2018-03-01,23.93,2018,3,2018-01-01,2323.54,,,688.06,,,24.74,22.32,22.86,23.22,24.3,28.94,23.30666666666667,1.270328041622815,1.0,6.123233995736766e-17
Cavite,2018-04-01,22.24,2018,4,2018-04-01,11240.34,,,2323.54,,,23.93,24.74,22.32,21.66,21.17,28.94,23.66333333333333,1.2318414400129825,0.8660254037844387,-0.4999999999999998
Cavite,2018-05-01,23.47,2018,5,2018-04-01,11240.34,,,2323.54,,,22.24,23.93,24.74,22.41,23.78,24.63,23.636666666666667,1.2755521680171535,0.49999999999999994,-0.8660254037844387
Cavite,2018-06-01,23.96,2018,6,2018-04-01,11240.34,,,2323.54,,,23.47,22.24,23.93,22.86,23.52,22.65,23.213333333333328,0.8737467215007206,1.2246467991473532e-16,-1.0
Cavite,2018-07-01,22.91,2018,7,2018-07-01,8226.96,,,11240.34,,,23.96,23.47,22.24,22.32,21.28,29.22,23.22333333333333,0.886133925167782,-0.4999999999999997,-0.8660254037844388
Cavite,2018-08-01,24.16,2018,8,2018-07-01,8226.96,,,11240.34,,,22.91,23.96,23.47,24.74,22.07,22.87,23.44666666666667,0.5253887449624924,-0.8660254037844385,-0.5000000000000004
Cavite,2018-09-01,23.44,2018,9,2018-07-01,8226.96,,,11240.34,,,24.16,22.91,23.96,23.93,23.22,19.67,23.676666666666666,0.671441235949408,-1.0,-1.8369701987210297e-16
Cavite,2018-10-01,23.37,2018,10,2018-10-01,628.25,,,8226.96,,,23.44,24.16,22.91,22.24,21.66,27.74,23.50333333333333,0.6274020507882201,-0.8660254037844386,0.5000000000000001
Cavite,2018-11-01,21.91,2018,11,2018-10-01,628.25,,,8226.96,,,23.37,23.44,24.16,23.47,22.41,18.105,23.656666666666666,0.43730233629980403,-0.5000000000000004,0.8660254037844384
Cavite,2018-12-01,23.68,2018,12,2018-10-01,628.25,,,8226.96,,,21.91,23.37,23.44,23.96,22.86,18.655,22.906666666666666,0.863847980453302,-2.4492935982947064e-16,1.0
Cavite,2019-01-01,22.35,2019,1,2019-01-01,2059.42,,,628.25,,,23.68,21.91,23.37,22.91,22.32,23.56,22.986666666666665,0.9452160246913137,0.49999999999999994,0.8660254037844387
Cavite,2019-02-01,21.91,2019,2,2019-01-01,2059.42,,,628.25,,,22.35,23.68,21.91,24.16,24.74,22.21,22.646666666666665,0.9215385685543717,0.8660254037844386,0.5000000000000001
Cavite,2019-03-01,24.35,2019,3,2019-01-01,2059.42,,,628.25,,,21.91,22.35,23.68,23.44,23.93,24.3,22.646666666666665,0.9215385685543717,1.0,6.123233995736766e-17
Cavite,2019-04-01,27.32,2019,4,2019-04-01,9650.77,,,2059.42,,,24.35,21.91,22.35,23.37,22.24,21.17,22.87,1.300461456560675,0.8660254037844387,-0.4999999999999998
Cavite,2019-05-01,25.43,2019,5,2019-04-01,9650.77,,,2059.42,,,27.32,24.35,21.91,21.91,23.47,23.78,24.526666666666667,2.7093234087744644,0.49999999999999994,-0.8660254037844387
Cavite,2019-06-01,24.05,2019,6,2019-04-01,9650.77,,,2059.42,,,25.43,27.32,24.35,23.68,23.96,23.52,25.7,1.5032963779640969,1.2246467991473532e-16,-1.0
Cavite,2019-07-01,24.33,2019,7,2019-07-01,7934.79,,,9650.77,,,24.05,25.43,27.32,22.35,22.91,21.28,25.599999999999998,1.6416150584104574,-0.4999999999999997,-0.8660254037844388
Cavite,2019-08-01,27.48,2019,8,2019-07-01,7934.79,,,9650.77,,,24.33,24.05,25.43,21.91,24.16,22.07,24.603333333333335,0.7294746968423764,-0.8660254037844385,-0.5000000000000004
Cavite,2019-09-01,24.12,2019,9,2019-07-01,7934.79,,,9650.77,,,27.48,24.33,24.05,24.35,23.44,23.22,25.28666666666666,1.9046346981332918,-1.0,-1.8369701987210297e-16
Cavite,2019-10-01,22.74,2019,10,2019-10-01,657.58,,,7934.79,,,24.12,27.48,24.33,27.32,23.37,21.66,25.31,1.8822061523648155,-0.8660254037844386,0.5000000000000001
Cavite,2019-11-01,25.62,2019,11,2019-10-01,657.58,,,7934.79,,,22.74,24.12,27.48,25.43,21.91,22.41,24.78,2.4379499584691966,-0.5000000000000004,0.8660254037844384
Cavite,2019-12-01,24.92,2019,12,2019-10-01,657.58,,,7934.79,,,25.62,22.74,24.12,24.05,23.68,22.86,24.159999999999997,1.4404166064024477,-2.4492935982947064e-16,1.0
Cavite,2020-01-01,23.2,2020,1,2020-01-01,1696.02,,,657.58,,,24.92,25.62,22.74,24.33,22.35,22.32,24.426666666666666,1.502043053089119,0.49999999999999994,0.8660254037844387
Cavite,2020-02-01,25.46,2020,2,2020-01-01,1696.02,,,657.58,,,23.2,24.92,25.62,27.48,21.91,24.74,24.580000000000002,1.2453112060846279,0.8660254037844386,0.5000000000000001
Cavite,2020-03-01,26.43,2020,3,2020-01-01,1696.02,,,657.58,,,25.46,23.2,24.92,24.12,24.35,23.93,24.526666666666667,1.1802259670644788,1.0,6.123233995736766e-17
Cavite,2020-04-01,29.0,2020,4,2020-04-01,8217.05,,,1696.02,,,26.43,25.46,23.2,22.74,27.32,22.24,25.03,1.6573774464496474,0.8660254037844387,-0.4999999999999998
Cavite,2020-05-01,36.96,2020,5,2020-04-01,8217.05,,,1696.02,,,29.0,26.43,25.46,25.62,25.43,23.47,26.963333333333328,1.8292712574501624,0.49999999999999994,-0.8660254037844387
Cavite,2020-06-01,28.08,2020,6,2020-04-01,8217.05,,,1696.02,,,36.96,29.0,26.43,24.92,24.05,23.96,30.796666666666667,5.490103217001784,1.2246467991473532e-16,-1.0
Cavite,2020-07-01,29.54,2020,7,2020-07-01,7365.92,,,8217.05,,,28.08,36.96,29.0,23.2,24.33,22.91,31.346666666666664,4.8830045395569055,-0.4999999999999997,-0.8660254037844388
Cavite,2020-08-01,26.2,2020,8,2020-07-01,7365.92,,,8217.05,,,29.54,28.08,36.96,25.46,27.48,24.16,31.52666666666666,4.761694376304863,-0.8660254037844385,-0.5000000000000004
Cavite,2020-09-01,29.61,2020,9,2020-07-01,7365.92,,,8217.05,,,26.2,29.54,28.08,26.43,24.12,23.44,27.939999999999998,1.6743954132760832,-1.0,-1.8369701987210297e-16
Cavite,2020-10-01,28.49,2020,10,2020-10-01,422.08,,,7365.92,,,29.61,26.2,29.54,29.0,22.74,23.37,28.45,1.94887146831185,-0.8660254037844386,0.5000000000000001
Cavite,2020-11-01,32.91,2020,11,2020-10-01,422.08,,,7365.92,,,28.49,29.61,26.2,36.96,25.62,21.91,28.099999999999998,1.7381311803198245,-0.5000000000000004,0.8660254037844384
Cavite,2020-12-01,29.43,2020,12,2020-10-01,422.08,,,7365.92,,,32.91,28.49,29.61,28.08,24.92,23.68,30.336666666666662,2.2978540713747013,-2.4492935982947064e-16,1.0
Cavite,2021-01-01,28.81,2021,1,2021-01-01,1711.89,,,422.08,,,29.43,32.91,28.49,29.54,23.2,22.35,30.27666666666666,2.328461580815387,0.49999999999999994,0.8660254037844387
Cavite,2021-02-01,34.3,2021,2,2021-01-01,1711.89,,,422.08,,,28.81,29.43,32.91,26.2,25.46,21.91,30.38333333333333,2.210007541465252,0.8660254037844386,0.5000000000000001
Cavite,2021-03-01,32.33,2021,3,2021-01-01,1711.89,,,422.08,,,34.3,28.81,29.43,29.61,26.43,24.35,30.846666666666664,3.0066980781803285,1.0,6.123233995736766e-17
Cavite,2021-04-01,32.07,2021,4,2021-04-01,9242.96,,,1711.89,,,32.33,34.3,28.81,28.49,29.0,27.32,31.813333333333333,2.7812287452371263,0.8660254037844387,-0.4999999999999998
Cavite,2021-05-01,31.51,2021,5,2021-04-01,9242.96,,,1711.89,,,32.07,32.33,34.3,32.91,36.96,25.43,32.9,1.2193850909372084,0.49999999999999994,-0.8660254037844387
Cavite,2021-06-01,29.49,2021,6,2021-04-01,9242.96,,,1711.89,,,31.51,32.07,32.33,29.43,28.08,24.05,31.97,0.4190465367950797,1.2246467991473532e-16,-1.0
Cavite,2021-07-01,29.96,2021,7,2021-07-01,7080.4,,,9242.96,,,29.49,31.51,32.07,28.81,29.54,24.33,31.02333333333333,1.357104761370064,-0.4999999999999997,-0.8660254037844388
Cavite,2021-08-01,30.57,2021,8,2021-07-01,7080.4,,,9242.96,,,29.96,29.49,31.51,34.3,26.2,27.48,30.319999999999997,1.057024124606422,-0.8660254037844385,-0.5000000000000004
Cavite,2021-09-01,28.47,2021,9,2021-07-01,7080.4,,,9242.96,,,30.57,29.96,29.49,32.33,29.61,24.12,30.00666666666666,0.5415102338213998,-1.0,-1.8369701987210297e-16
Cavite,2021-10-01,27.86,2021,10,2021-10-01,415.99,,,7080.4,,,28.47,30.57,29.96,32.07,28.49,22.74,29.666666666666668,1.0802931700854694,-0.8660254037844386,0.5000000000000001
Cavite,2021-11-01,26.15,2021,11,2021-10-01,415.99,,,7080.4,,,27.86,28.47,30.57,31.51,32.91,25.62,28.966666666666665,1.4216305192747247,-0.5000000000000004,0.8660254037844384
Cavite,2021-12-01,24.07,2021,12,2021-10-01,415.99,,,7080.4,,,26.15,27.86,28.47,29.49,29.43,24.92,27.49333333333333,1.2026775683171878,-2.4492935982947064e-16,1.0
Cavite,2022-01-01,30.41,2022,1,2022-01-01,2264.33,,,415.99,,,24.07,26.15,27.86,29.96,28.81,23.2,26.02666666666666,1.8980077274166591,0.49999999999999994,0.8660254037844387
Cavite,2022-02-01,25.32,2022,2,2022-01-01,2264.33,,,415.99,,,30.41,24.07,26.15,30.57,34.3,25.46,26.876666666666665,3.2318622082838493,0.8660254037844386,0.5000000000000001
Cavite,2022-03-01,28.84,2022,3,2022-01-01,2264.33,,,415.99,,,25.32,30.41,24.07,28.47,32.33,26.43,26.599999999999998,3.3582286997761215,1.0,6.123233995736766e-17
Cavite,2022-04-01,27.96,2022,4,2022-04-01,9697.36,,,2264.33,,,28.84,25.32,30.41,27.86,32.07,29.0,28.189999999999998,2.6065110780505103,0.8660254037844387,-0.4999999999999998
Cavite,2022-05-01,27.25,2022,5,2022-04-01,9697.36,,,2264.33,,,27.96,28.84,25.32,26.15,31.51,36.96,27.373333333333335,1.831866079530205,0.49999999999999994,-0.8660254037844387
Cavite,2022-06-01,30.4,2022,6,2022-04-01,9697.36,,,2264.33,,,27.25,27.96,28.84,24.07,29.49,28.08,28.016666666666662,0.7965132348764635,1.2246467991473532e-16,-1.0
Cavite,2022-07-01,27.61,2022,7,2022-07-01,7570.82,,,9697.36,,,30.4,27.25,27.96,30.41,29.96,29.54,28.53666666666666,1.6522812512805949,-0.4999999999999997,-0.8660254037844388
Cavite,2022-08-01,27.13,2022,8,2022-07-01,7570.82,,,9697.36,,,27.61,30.4,27.25,25.32,30.57,26.2,28.419999999999998,1.7241519654601316,-0.8660254037844385,-0.5000000000000004
Cavite,2022-09-01,27.47,2022,9,2022-07-01,7570.82,,,9697.36,,,27.13,27.61,30.4,28.84,28.47,29.61,28.379999999999995,1.7657576277620985,-1.0,-1.8369701987210297e-16
Cavite,2022-10-01,21.73,2022,10,2022-10-01,489.07,,,7570.82,,,27.47,27.13,27.61,27.96,27.86,28.49,27.403333333333332,0.24684678108769723,-0.8660254037844386,0.5000000000000001
Cavite,2022-11-01,25.1,2022,11,2022-10-01,489.07,,,7570.82,,,21.73,27.47,27.13,27.25,26.15,32.91,25.443333333333328,3.220331245902093,-0.5000000000000004,0.8660254037844384
Cavite,2022-12-01,26.36,2022,12,2022-10-01,489.07,,,7570.82,,,25.1,21.73,27.47,30.4,24.07,29.43,24.766666666666666,2.8844814669769194,-2.4492935982947064e-16,1.0
Cavite,2023-01-01,30.58,2023,1,2023-01-01,2016.02,,,489.07,,,26.36,25.1,21.73,27.61,30.41,28.81,24.396666666666665,2.3937905784202007,0.49999999999999994,0.8660254037844387
Cavite,2023-02-01,25.04,2023,2,2023-01-01,2016.02,,,489.07,,,30.58,26.36,25.1,27.13,25.32,34.3,27.346666666666664,2.870145176351428,0.8660254037844386,0.5000000000000001
Cavite,2023-03-01,25.72,2023,3,2023-01-01,2016.02,,,489.07,,,25.04,30.58,26.36,27.47,28.84,32.33,27.326666666666664,2.8937403707543248,1.0,6.123233995736766e-17
Cavite,2023-04-01,26.8,2023,4,2023-04-01,8222.41,,,2016.02,,,25.72,25.04,30.58,21.73,27.96,32.07,27.11333333333333,3.021412473220658,0.8660254037844387,-0.4999999999999998
Cavite,2023-05-01,27.9,2023,5,2023-04-01,8222.41,,,2016.02,,,26.8,25.72,25.04,25.1,27.25,31.51,25.853333333333328,0.8875434261676178,0.49999999999999994,-0.8660254037844387
Cavite,2023-06-01,31.14,2023,6,2023-04-01,8222.41,,,2016.02,,,27.9,26.8,25.72,26.36,30.4,29.49,26.80666666666666,1.0900152904126508,1.2246467991473532e-16,-1.0
Cavite,2023-07-01,37.56,2023,7,2023-07-01,8309.99,,,8222.41,,,31.14,27.9,26.8,30.58,27.61,29.96,28.61333333333333,2.2562210293615785,-0.4999999999999997,-0.8660254037844388
Cavite,2023-08-01,31.21,2023,8,2023-07-01,8309.99,,,8222.41,,,37.56,31.14,27.9,25.04,27.13,30.57,32.199999999999996,4.916462142638767,-0.8660254037844385,-0.5000000000000004
Cavite,2023-09-01,30.18,2023,9,2023-07-01,8309.99,,,8222.41,,,31.21,37.56,31.14,25.72,27.47,28.47,33.303333333333335,3.686547617125473,-1.0,-1.8369701987210297e-16
Cavite,2023-10-01,22.6,2023,10,2023-10-01,444.9,,,8309.99,,,30.18,31.21,37.56,26.8,21.73,27.86,32.98333333333333,3.9968279088964414,-0.8660254037844386,0.5000000000000001
Cavite,2023-11-01,29.46,2023,11,2023-10-01,444.9,,,8309.99,,,22.6,30.18,31.21,27.9,25.1,26.15,27.99666666666666,4.701939316211277,-0.5000000000000004,0.8660254037844384
Cavite,2023-12-01,25.62,2023,12,2023-10-01,444.9,,,8309.99,,,29.46,22.6,30.18,31.14,26.36,24.07,27.413333333333327,4.18398534095584,-2.4492935982947064e-16,1.0
Cavite,2024-01-01,26.314999999999998,2024,1,2024-01-01,2438.77,,,444.9,,,25.62,29.46,22.6,37.56,30.58,30.41,25.89333333333333,3.4381584217911367,0.49999999999999994,0.8660254037844387
Cavite,2024-02-01,25.265,2024,2,2024-01-01,2438.77,,,444.9,,,26.314999999999998,25.62,29.46,31.21,25.04,25.32,27.13166666666666,2.046120312526457,0.8660254037844386,0.5000000000000001
Cavite,2024-03-01,24.369999999999997,2024,3,2024-01-01,2438.77,,,444.9,,,25.265,26.314999999999998,25.62,30.18,25.72,28.84,25.73333333333333,0.5340958091328963,1.0,6.123233995736766e-17
Cavite,2024-04-01,31.79,2024,4,2024-04-01,5918.03,,,2438.77,,,24.369999999999997,25.265,26.314999999999998,22.6,26.8,27.96,25.31666666666666,0.9735288045729892,0.8660254037844387,-0.4999999999999998
Cavite,2024-05-01,41.84,2024,5,2024-04-01,5918.03,,,2438.77,,,31.79,24.369999999999997,25.265,29.46,27.9,27.25,27.141666666666662,4.050371382149219,0.49999999999999994,-0.8660254037844387
Cavite,2024-06-01,29.16,2024,6,2024-04-01,5918.03,,,2438.77,,,41.84,31.79,24.369999999999997,25.62,31.14,30.4,32.666666666666664,8.767932101318623,1.2246467991473532e-16,-1.0
Cavite,2024-07-01,30.03,2024,7,2024-07-01,3681.65,,,5918.03,,,29.16,41.84,31.79,26.314999999999998,37.56,27.61,34.26333333333333,6.692057481323184,-0.4999999999999997,-0.8660254037844388
Cavite,2024-08-01,30.775,2024,8,2024-07-01,3681.65,,,5918.03,,,30.03,29.16,41.84,25.265,31.21,27.13,33.67666666666666,7.083024306984522,-0.8660254037844385,-0.5000000000000004
Cavite,2024-09-01,32.37,2024,9,2024-07-01,3681.65,,,5918.03,,,30.775,30.03,29.16,24.369999999999997,30.18,27.47,29.98833333333333,0.8083058414569314,-1.0,-1.8369701987210297e-16
Cavite,2024-10-01,24.975,2024,10,2024-10-01,371.98,,,3681.65,,,32.37,30.775,30.03,31.79,22.6,21.73,31.058333333333326,1.1954531916112145,-0.8660254037844386,0.5000000000000001
Cavite,2024-11-01,29.415,2024,11,2024-10-01,371.98,,,3681.65,,,24.975,32.37,30.775,41.84,29.46,25.1,29.373333333333324,3.8916588151241305,-0.5000000000000004,0.8660254037844384
Cavite,2024-12-01,29.195,2024,12,2024-10-01,371.98,,,3681.65,,,29.415,24.975,32.37,29.16,25.62,26.36,28.91999999999999,3.7222674541198675,-2.4492935982947064e-16,1.0
Cavite,2025-01-01,25.924999999999997,2025,1,2025-01-01,2088.31,3498.6,0.5968987595038016,371.98,,,29.195,29.415,24.975,30.03,26.314999999999998,30.58,27.86166666666666,2.5023455663303764,0.49999999999999994,0.8660254037844387
Cavite,2025-02-01,42.965,2025,2,2025-01-01,2088.31,3498.6,0.5968987595038016,371.98,,,25.924999999999997,29.195,29.415,30.775,25.265,25.04,28.178333333333327,1.9545417195172152,0.8660254037844386,0.5000000000000001
Cavite,2025-03-01,25.97,2025,3,2025-01-01,2088.31,3498.6,0.5968987595038016,371.98,,,42.965,25.924999999999997,29.195,32.37,24.369999999999997,25.72,32.69499999999999,9.043113401920836,1.0,6.123233995736766e-17
Cavite,2025-04-01,23.165,2025,4,2025-04-01,6543.02,3544.85,1.845781908966529,2088.31,3498.6,0.5968987595038016,25.97,42.965,25.924999999999997,24.975,31.79,26.8,31.619999999999994,9.825083969106839,0.8660254037844387,-0.4999999999999998
Cavite,2025-05-01,24.055,2025,5,2025-04-01,6543.02,3544.85,1.845781908966529,2088.31,3498.6,0.5968987595038016,23.165,25.97,42.965,29.415,41.84,27.9,30.699999999999992,10.713994353181269,0.49999999999999994,-0.8660254037844387
Cavite,2025-06-01,22.14,2025,6,2025-04-01,6543.02,3544.85,1.845781908966529,2088.31,3498.6,0.5968987595038016,24.055,23.165,25.97,29.195,29.16,31.14,24.39666666666666,1.4333730614648472,1.2246467991473532e-16,-1.0
Cavite,2025-07-01,25.175,2025,7,2025-07-01,3366.8,3565.35,0.9443112176925127,6543.02,3544.85,1.845781908966529,22.14,24.055,23.165,25.924999999999997,30.03,37.56,23.119999999999994,0.9582927527638515,-0.4999999999999997,-0.8660254037844388
Cavite,2025-08-01,34.56,2025,8,2025-07-01,3366.8,3565.35,0.9443112176925127,6543.02,3544.85,1.845781908966529,25.175,22.14,24.055,42.965,30.775,31.21,23.789999999999996,1.5347556808820566,-0.8660254037844385,-0.5000000000000004
Cavite,2025-09-01,32.97,2025,9,2025-07-01,3366.8,3565.35,0.9443112176925127,6543.02,3544.85,1.845781908966529,34.56,25.175,22.14,25.97,32.37,30.18,27.291666666666668,6.474898326100048,-1.0,-1.8369701987210297e-16
Cavite,2025-10-01,36.195,2025,10,2025-10-01,401.89,3562.3,0.11281756168767368,3366.8,3565.35,0.9443112176925127,32.97,34.56,25.175,23.165,24.975,22.6,30.90166666666666,5.022754058614985,-0.8660254037844386,0.5000000000000001
Cavite,2025-11-01,31.41,2025,11,2025-10-01,401.89,3562.3,0.11281756168767368,3366.8,3565.35,0.9443112176925127,36.195,32.97,34.56,24.055,29.415,29.46,34.574999999999996,1.6125523247324673,-0.5000000000000004,0.8660254037844384
Cavite,2025-12-01,38.615,2025,12,2025-10-01,401.89,3562.3,0.11281756168767368,3366.8,3565.35,0.9443112176925127,31.41,36.195,32.97,22.14,29.195,25.62,33.525,2.4403022353798827,-2.4492935982947064e-16,1.0
Cavite,2026-01-01,25.33,2026,1,2026-01-01,2683.8,3527.15,0.760897608550813,401.89,3562.3,0.11281756168767368,38.615,31.41,36.195,25.175,25.924999999999997,26.314999999999998,35.406666666666666,3.6666208330468852,0.49999999999999994,0.8660254037844387
Cavite,2026-02-01,25.4,2026,2,2026-01-01,2683.8,3527.15,0.760897608550813,401.89,3562.3,0.11281756168767368,25.33,38.615,31.41,34.56,42.965,25.265,31.785,6.650434196351396,0.8660254037844386,0.5000000000000001
Cavite,2026-03-01,25.725,2026,3,2026-01-01,2683.8,3527.15,0.760897608550813,401.89,3562.3,0.11281756168767368,25.4,25.33,38.615,32.97,25.97,24.369999999999997,29.781666666666666,7.649971132843139,1.0,6.123233995736766e-17
Cavite,2026-04-01,25.89,2026,4,2026-04-01,6032.28,3527.15,1.710241980068894,2683.8,3527.15,0.760897608550813,25.725,25.4,25.33,36.195,23.165,31.79,25.485,0.21077238908331333,0.8660254037844387,-0.4999999999999998
Cavite,2026-05-01,27.085,2026,5,2026-04-01,6032.28,3527.15,1.710241980068894,2683.8,3527.15,0.760897608550813,25.89,25.725,25.4,31.41,24.055,41.84,25.671666666666667,0.24931573021617548,0.49999999999999994,-0.8660254037844387
Cavite,2026-06-01,26.155,2026,6,2026-04-01,6032.28,3527.15,1.710241980068894,2683.8,3527.15,0.760897608550813,27.085,25.89,25.725,38.615,22.14,29.16,26.233333333333334,0.7421646268404578,1.2246467991473532e-16,-1.0
Cavite,2026-07-01,,2026,7,2026-07-01,,,,6032.28,3527.15,1.710241980068894,26.155,27.085,25.89,25.33,25.175,30.03,26.376666666666665,0.6275813360300316,-0.4999999999999997,-0.8660254037844388
Cavite,2026-08-01,,2026,8,2026-07-01,,,,6032.28,3527.15,1.710241980068894,,26.155,27.085,25.4,34.56,30.775,26.619999999999997,0.6576093065033535,-0.8660254037844385,-0.5000000000000004
Cavite,2026-09-01,,2026,9,2026-07-01,,,,6032.28,3527.15,1.710241980068894,,,26.155,25.725,32.97,32.37,,,-1.0,-1.8369701987210297e-16
Cavite,2026-10-01,,2026,10,2026-10-01,,,,,,,,,,25.89,36.195,24.975,,,-0.8660254037844386,0.5000000000000001
Cavite,2026-11-01,,2026,11,2026-10-01,,,,,,,,,,27.085,31.41,29.415,,,-0.5000000000000004,0.8660254037844384
Cavite,2026-12-01,,2026,12,2026-10-01,,,,,,,,,,26.155,38.615,29.195,,,-2.4492935982947064e-16,1.0
Laguna,2010-01-01,13.98,2010,1,2010-01-01,2840.08,,,,,,,,,,,,,,0.49999999999999994,0.8660254037844387
Laguna,2010-02-01,13.32,2010,2,2010-01-01,2840.08,,,,,,13.98,,,,,,,,0.8660254037844386,0.5000000000000001
Laguna,2010-03-01,13.88,2010,3,2010-01-01,2840.08,,,,,,13.32,13.98,,,,,13.65,0.4666904755831215,1.0,6.123233995736766e-17
Laguna,2010-04-01,12.29,2010,4,2010-04-01,3706.04,,,2840.08,,,13.88,13.32,13.98,,,,13.726666666666667,0.3557152419187763,0.8660254037844387,-0.4999999999999998
Laguna,2010-05-01,12.35,2010,5,2010-04-01,3706.04,,,2840.08,,,12.29,13.88,13.32,,,,13.163333333333334,0.8064944719794014,0.49999999999999994,-0.8660254037844387
Laguna,2010-06-01,12.79,2010,6,2010-04-01,3706.04,,,2840.08,,,12.35,12.29,13.88,,,,12.839999999999998,0.9011659114724649,1.2246467991473532e-16,-1.0
Laguna,2010-07-01,12.73,2010,7,2010-07-01,8700.61,,,3706.04,,,12.79,12.35,12.29,13.98,,,12.476666666666665,0.2730079363925677,-0.4999999999999997,-0.8660254037844388
Laguna,2010-08-01,14.08,2010,8,2010-07-01,8700.61,,,3706.04,,,12.73,12.79,12.35,13.32,,,12.623333333333333,0.23860706890896813,-0.8660254037844385,-0.5000000000000004
Laguna,2010-09-01,14.14,2010,9,2010-07-01,8700.61,,,3706.04,,,14.08,12.73,12.79,13.88,,,13.200000000000001,0.7626925986267323,-1.0,-1.8369701987210297e-16
Laguna,2010-10-01,12.91,2010,10,2010-10-01,1102.85,,,8700.61,,,14.14,14.08,12.73,12.29,,,13.65,0.7973079706111047,-0.8660254037844386,0.5000000000000001
Laguna,2010-11-01,13.02,2010,11,2010-10-01,1102.85,,,8700.61,,,12.91,14.14,14.08,12.35,,,13.71,0.6934695379034308,-0.5000000000000004,0.8660254037844384
Laguna,2010-12-01,12.89,2010,12,2010-10-01,1102.85,,,8700.61,,,13.02,12.91,14.14,12.79,,,13.356666666666667,0.680612469275527,-2.4492935982947064e-16,1.0
Laguna,2011-01-01,14.17,2011,1,2011-01-01,3324.19,,,1102.85,,,12.89,13.02,12.91,12.73,13.98,,12.94,0.06999999999996279,0.49999999999999994,0.8660254037844387
Laguna,2011-02-01,13.01,2011,2,2011-01-01,3324.19,,,1102.85,,,14.17,12.89,13.02,14.08,13.32,,13.36,0.7044856279584387,0.8660254037844386,0.5000000000000001
Laguna,2011-03-01,13.5,2011,3,2011-01-01,3324.19,,,1102.85,,,13.01,14.17,12.89,14.14,13.88,,13.356666666666667,0.7069181942299468,1.0,6.123233995736766e-17
Laguna,2011-04-01,13.88,2011,4,2011-04-01,4666.79,,,3324.19,,,13.5,13.01,14.17,12.91,12.29,,13.56,0.5823229344616239,0.8660254037844387,-0.4999999999999998
Laguna,2011-05-01,13.9,2011,5,2011-04-01,4666.79,,,3324.19,,,13.88,13.5,13.01,13.02,12.35,,13.463333333333333,0.4361574639202336,0.49999999999999994,-0.8660254037844387
Laguna,2011-06-01,14.42,2011,6,2011-04-01,4666.79,,,3324.19,,,13.9,13.88,13.5,12.89,12.79,,13.76,0.22538855339168568,1.2246467991473532e-16,-1.0
Laguna,2011-07-01,14.47,2011,7,2011-07-01,9457.72,,,4666.79,,,14.42,13.9,13.88,14.17,12.73,,14.066666666666668,0.3061590000854621,-0.4999999999999997,-0.8660254037844388
Laguna,2011-08-01,14.6,2011,8,2011-07-01,9457.72,,,4666.79,,,14.47,14.42,13.9,13.01,14.08,,14.263333333333334,0.31564748269759774,-0.8660254037844385,-0.5000000000000004
Laguna,2011-09-01,14.61,2011,9,2011-07-01,9457.72,,,4666.79,,,14.6,14.47,14.42,13.5,14.14,,14.496666666666668,0.09291573243175924,-1.0,-1.8369701987210297e-16
Laguna,2011-10-01,13.64,2011,10,2011-10-01,1296.86,,,9457.72,,,14.61,14.6,14.47,13.88,12.91,,14.56,0.07810249675904671,-0.8660254037844386,0.5000000000000001
Laguna,2011-11-01,13.02,2011,11,2011-10-01,1296.86,,,9457.72,,,13.64,14.61,14.6,13.9,13.02,,14.283333333333333,0.5571654452075523,-0.5000000000000004,0.8660254037844384
Laguna,2011-12-01,12.56,2011,12,2011-10-01,1296.86,,,9457.72,,,13.02,13.64,14.61,14.42,12.89,,13.756666666666666,0.801394617734191,-2.4492935982947064e-16,1.0
Laguna,2012-01-01,13.43,2012,1,2012-01-01,3400.33,,,1296.86,,,12.56,13.02,13.64,14.47,14.17,13.98,13.073333333333332,0.5419717089787328,0.49999999999999994,0.8660254037844387
Laguna,2012-02-01,13.73,2012,2,2012-01-01,3400.33,,,1296.86,,,13.43,12.56,13.02,14.6,13.01,13.32,13.003333333333332,0.4352393977265014,0.8660254037844386,0.5000000000000001
Laguna,2012-03-01,13.1,2012,3,2012-01-01,3400.33,,,1296.86,,,13.73,13.43,12.56,14.61,13.5,13.88,13.24,0.6077005841695363,1.0,6.123233995736766e-17
Laguna,2012-04-01,13.06,2012,4,2012-04-01,4713.51,,,3400.33,,,13.1,13.73,13.43,13.64,13.88,12.29,13.42,0.31511902513176976,0.8660254037844387,-0.4999999999999998
Laguna,2012-05-01,13.41,2012,5,2012-04-01,4713.51,,,3400.33,,,13.06,13.1,13.73,13.02,13.9,12.35,13.296666666666667,0.3758102358017002,0.49999999999999994,-0.8660254037844387
Laguna,2012-06-01,11.59,2012,6,2012-04-01,4713.51,,,3400.33,,,13.41,13.06,13.1,12.56,14.42,12.79,13.19,0.19157244060666812,1.2246467991473532e-16,-1.0
Laguna,2012-07-01,12.19,2012,7,2012-07-01,9747.31,,,4713.51,,,11.59,13.41,13.06,13.43,14.47,12.73,12.686666666666667,0.9657294307068247,-0.4999999999999997,-0.8660254037844388
Laguna,2012-08-01,12.94,2012,8,2012-07-01,9747.31,,,4713.51,,,12.19,11.59,13.41,13.73,14.6,14.08,12.396666666666667,0.9274337352788752,-0.8660254037844385,-0.5000000000000004
Laguna,2012-09-01,13.52,2012,9,2012-07-01,9747.31,,,4713.51,,,12.94,12.19,11.59,13.1,14.61,14.14,12.24,0.6763874629234279,-1.0,-1.8369701987210297e-16
Laguna,2012-10-01,12.46,2012,10,2012-10-01,1648.01,,,9747.31,,,13.52,12.94,12.19,13.06,13.64,12.91,12.883333333333333,0.6668083182844434,-0.8660254037844386,0.5000000000000001
Laguna,2012-11-01,13.78,2012,11,2012-10-01,1648.01,,,9747.31,,,12.46,13.52,12.94,13.41,13.02,13.02,12.973333333333334,0.5307855813163421,-0.5000000000000004,0.8660254037844384
Laguna,2012-12-01,14.44,2012,12,2012-10-01,1648.01,,,9747.31,,,13.78,12.46,13.52,11.59,12.56,12.89,13.253333333333336,0.6992376801441188,-2.4492935982947064e-16,1.0
Laguna,2013-01-01,13.03,2013,1,2013-01-01,3439.2,,,1648.01,,,14.44,13.78,12.46,12.19,13.43,14.17,13.56,1.0081666528902837,0.49999999999999994,0.8660254037844387
Laguna,2013-02-01,12.95,2013,2,2013-01-01,3439.2,,,1648.01,,,13.03,14.44,13.78,12.94,13.73,13.01,13.75,0.7054785609782915,0.8660254037844386,0.5000000000000001
Laguna,2013-03-01,12.7,2013,3,2013-01-01,3439.2,,,1648.01,,,12.95,13.03,14.44,13.52,13.1,13.5,13.473333333333334,0.8381129597693456,1.0,6.123233995736766e-17
Laguna,2013-04-01,12.95,2013,4,2013-04-01,4947.78,,,3439.2,,,12.7,12.95,13.03,12.46,13.06,13.88,12.893333333333333,0.17214335111566006,0.8660254037844387,-0.4999999999999998
Laguna,2013-05-01,14.51,2013,5,2013-04-01,4947.78,,,3439.2,,,12.95,12.7,12.95,13.78,13.41,13.9,12.866666666666665,0.14433756729739244,0.49999999999999994,-0.8660254037844387
Laguna,2013-06-01,12.46,2013,6,2013-04-01,4947.78,,,3439.2,,,14.51,12.95,12.7,14.44,11.59,14.42,13.386666666666665,0.9808329793259065,1.2246467991473532e-16,-1.0
Laguna,2013-07-01,12.99,2013,7,2013-07-01,10026.61,,,4947.78,,,12.46,14.51,12.95,13.03,12.19,14.47,13.306666666666667,1.0705294640192449,-0.4999999999999997,-0.8660254037844388
Laguna,2013-08-01,12.55,2013,8,2013-07-01,10026.61,,,4947.78,,,12.99,12.46,14.51,12.95,12.94,14.6,13.32,1.0640958603434176,-0.8660254037844385,-0.5000000000000004
Laguna,2013-09-01,13.41,2013,9,2013-07-01,10026.61,,,4947.78,,,12.55,12.99,12.46,12.7,13.52,14.61,12.666666666666666,0.2836077102853954,-1.0,-1.8369701987210297e-16
Laguna,2013-10-01,13.78,2013,10,2013-10-01,1672.71,,,10026.61,,,13.41,12.55,12.99,12.95,12.46,13.64,12.983333333333334,0.43003875794319923,-0.8660254037844386,0.5000000000000001
Laguna,2013-11-01,13.27,2013,11,2013-10-01,1672.71,,,10026.61,,,13.78,13.41,12.55,14.51,13.78,13.02,13.246666666666668,0.6310573138260362,-0.5000000000000004,0.8660254037844384
Laguna,2013-12-01,13.43,2013,12,2013-10-01,1672.71,,,10026.61,,,13.27,13.78,13.41,12.46,14.44,12.56,13.486666666666666,0.26350205565296114,-2.4492935982947064e-16,1.0
Laguna,2014-01-01,13.99,2014,1,2014-01-01,3251.36,,,1672.71,,,13.43,13.27,13.78,12.99,13.03,13.43,13.493333333333332,0.2608320021265343,0.49999999999999994,0.8660254037844387
Laguna,2014-02-01,13.87,2014,2,2014-01-01,3251.36,,,1672.71,,,13.99,13.43,13.27,12.55,12.95,13.73,13.563333333333333,0.3780652501002138,0.8660254037844386,0.5000000000000001
Laguna,2014-03-01,13.88,2014,3,2014-01-01,3251.36,,,1672.71,,,13.87,13.99,13.43,13.41,12.7,13.1,13.763333333333334,0.29484459183328793,1.0,6.123233995736766e-17
Laguna,2014-04-01,13.64,2014,4,2014-04-01,4835.04,,,3251.36,,,13.88,13.87,13.99,13.78,12.95,13.06,13.913333333333334,0.0665832811848339,0.8660254037844387,-0.4999999999999998
Laguna,2014-05-01,14.32,2014,5,2014-04-01,4835.04,,,3251.36,,,13.64,13.88,13.87,13.27,14.51,13.41,13.796666666666667,0.13576941236279277,0.49999999999999994,-0.8660254037844387
Laguna,2014-06-01,14.28,2014,6,2014-04-01,4835.04,,,3251.36,,,14.32,13.64,13.88,13.43,12.46,11.59,13.946666666666667,0.3448671241700763,1.2246467991473532e-16,-1.0
Laguna,2014-07-01,13.98,2014,7,2014-07-01,7232.09,,,4835.04,,,14.28,14.32,13.64,13.99,12.99,12.19,14.08,0.3815756805667863,-0.4999999999999997,-0.8660254037844388
Laguna,2014-08-01,15.96,2014,8,2014-07-01,7232.09,,,4835.04,,,13.98,14.28,14.32,13.87,12.55,12.94,14.193333333333333,0.18583146486357008,-0.8660254037844385,-0.5000000000000004
Laguna,2014-09-01,16.61,2014,9,2014-07-01,7232.09,,,4835.04,,,15.96,13.98,14.28,13.88,13.41,13.52,14.74,1.0671457257563333,-1.0,-1.8369701987210297e-16
Laguna,2014-10-01,16.58,2014,10,2014-10-01,548.83,,,7232.09,,,16.61,15.96,13.98,13.64,13.78,12.46,15.516666666666666,1.369902672941894,-0.8660254037844386,0.5000000000000001
Laguna,2014-11-01,17.4,2014,11,2014-10-01,548.83,,,7232.09,,,16.58,16.61,15.96,14.32,13.27,13.78,16.383333333333333,0.36692415201693984,-0.5000000000000004,0.8660254037844384
Laguna,2014-12-01,17.11,2014,12,2014-10-01,548.83,,,7232.09,,,17.4,16.58,16.61,14.28,13.43,14.44,16.863333333333333,0.4650089604871695,-2.4492935982947064e-16,1.0
Laguna,2015-01-01,18.6,2015,1,2015-01-01,1562.84,,,548.83,,,17.11,17.4,16.58,13.98,13.99,13.03,17.029999999999998,0.41581245772586994,0.49999999999999994,0.8660254037844387
Laguna,2015-02-01,16.7,2015,2,2015-01-01,1562.84,,,548.83,,,18.6,17.11,17.4,15.96,13.87,12.95,17.703333333333333,0.7899578047803428,0.8660254037844386,0.5000000000000001
Laguna,2015-03-01,15.98,2015,3,2015-01-01,1562.84,,,548.83,,,16.7,18.6,17.11,16.61,13.88,12.7,17.47,0.999849988748332,1.0,6.123233995736766e-17
Laguna,2015-04-01,18.4,2015,4,2015-04-01,2092.1,,,1562.84,,,15.98,16.7,18.6,16.58,13.64,12.95,17.093333333333334,1.3535631988693266,0.8660254037844387,-0.4999999999999998
Laguna,2015-05-01,17.33,2015,5,2015-04-01,2092.1,,,1562.84,,,18.4,15.98,16.7,17.4,14.32,14.51,17.026666666666667,1.2426316161008288,0.49999999999999994,-0.8660254037844387
Laguna,2015-06-01,16.85,2015,6,2015-04-01,2092.1,,,1562.84,,,17.33,18.4,15.98,17.11,14.28,12.46,17.236666666666665,1.2126967194370408,1.2246467991473532e-16,-1.0
Laguna,2015-07-01,15.6,2015,7,2015-07-01,7516.82,,,2092.1,,,16.85,17.33,18.4,18.6,13.98,12.99,17.526666666666667,0.7934943814126002,-0.4999999999999997,-0.8660254037844388
Laguna,2015-08-01,15.89,2015,8,2015-07-01,7516.82,,,2092.1,,,15.6,16.85,17.33,16.7,15.96,12.55,16.593333333333334,0.8931032041893858,-0.8660254037844385,-0.5000000000000004
Laguna,2015-09-01,14.88,2015,9,2015-07-01,7516.82,,,2092.1,,,15.89,15.6,16.85,15.98,16.61,13.41,16.113333333333333,0.654242564599201,-1.0,-1.8369701987210297e-16
Laguna,2015-10-01,15.27,2015,10,2015-10-01,1146.41,,,7516.82,,,14.88,15.89,15.6,18.4,16.58,13.78,15.456666666666669,0.520032050294329,-0.8660254037844386,0.5000000000000001
Laguna,2015-11-01,14.23,2015,11,2015-10-01,1146.41,,,7516.82,,,15.27,14.88,15.89,17.33,17.4,13.27,15.346666666666666,0.5093459858812295,-0.5000000000000004,0.8660254037844384
Laguna,2015-12-01,14.51,2015,12,2015-10-01,1146.41,,,7516.82,,,14.23,15.27,14.88,16.85,17.11,13.43,14.793333333333331,0.525388744962538,-2.4492935982947064e-16,1.0
Laguna,2016-01-01,14.5,2016,1,2016-01-01,2581.81,,,1146.41,,,14.51,14.23,15.27,15.6,18.6,13.99,14.67,0.5381449618829254,0.49999999999999994,0.8660254037844387
Laguna,2016-02-01,15.3,2016,2,2016-01-01,2581.81,,,1146.41,,,14.5,14.51,14.23,15.89,16.7,13.87,14.413333333333334,0.15885003409916137,0.8660254037844386,0.5000000000000001
Laguna,2016-03-01,13.65,2016,3,2016-01-01,2581.81,,,1146.41,,,15.3,14.5,14.51,14.88,15.98,13.88,14.770000000000001,0.45902069670111584,1.0,6.123233995736766e-17
Laguna,2016-04-01,15.17,2016,4,2016-04-01,2626.87,,,2581.81,,,13.65,15.3,14.5,15.27,18.4,13.64,14.483333333333334,0.825126252965754,0.8660254037844387,-0.4999999999999998
Laguna,2016-05-01,15.96,2016,5,2016-04-01,2626.87,,,2581.81,,,15.17,13.65,15.3,14.23,17.33,14.32,14.706666666666669,0.9174057626444854,0.49999999999999994,-0.8660254037844387
Laguna,2016-06-01,18.07,2016,6,2016-04-01,2626.87,,,2581.81,,,15.96,15.17,13.65,14.51,16.85,14.28,14.926666666666668,1.174067005470009,1.2246467991473532e-16,-1.0
Laguna,2016-07-01,16.21,2016,7,2016-07-01,7621.72,,,2626.87,,,18.07,15.96,15.17,14.5,15.6,13.98,16.400000000000002,1.499233137307206,-0.4999999999999997,-0.8660254037844388
Laguna,2016-08-01,15.5,2016,8,2016-07-01,7621.72,,,2626.87,,,16.21,18.07,15.96,15.3,15.89,15.96,16.746666666666666,1.1528370801346328,-0.8660254037844385,-0.5000000000000004
Laguna,2016-09-01,16.3,2016,9,2016-07-01,7621.72,,,2626.87,,,15.5,16.21,18.07,13.65,14.88,16.61,16.593333333333334,1.3271900140271347,-1.0,-1.8369701987210297e-16
Laguna,2016-10-01,14.83,2016,10,2016-10-01,1005.23,,,7621.72,,,16.3,15.5,16.21,15.17,15.27,16.58,16.003333333333334,0.43821608064211853,-0.8660254037844386,0.5000000000000001
Laguna,2016-11-01,15.71,2016,11,2016-10-01,1005.23,,,7621.72,,,14.83,16.3,15.5,15.96,14.23,17.4,15.543333333333335,0.7359574263049016,-0.5000000000000004,0.8660254037844384
Laguna,2016-12-01,15.94,2016,12,2016-10-01,1005.23,,,7621.72,,,15.71,14.83,16.3,18.07,14.51,17.11,15.613333333333335,0.7397522107661021,-2.4492935982947064e-16,1.0
Laguna,2017-01-01,17.44,2017,1,2017-01-01,2771.14,,,1005.23,,,15.94,15.71,14.83,16.21,14.5,18.6,15.493333333333334,0.5858611894752319,0.49999999999999994,0.8660254037844387
Laguna,2017-02-01,18.11,2017,2,2017-01-01,2771.14,,,1005.23,,,17.44,15.94,15.71,15.5,15.3,16.7,16.363333333333333,0.9394856748952308,0.8660254037844386,0.5000000000000001
Laguna,2017-03-01,16.73,2017,3,2017-01-01,2771.14,,,1005.23,,,18.11,17.44,15.94,16.3,13.65,15.98,17.163333333333334,1.1111405551654372,1.0,6.123233995736766e-17
Laguna,2017-04-01,17.73,2017,4,2017-04-01,2510.95,,,2771.14,,,16.73,18.11,17.44,14.83,15.17,18.4,17.426666666666666,0.6900966115938815,0.8660254037844387,-0.4999999999999998
Laguna,2017-05-01,18.8,2017,5,2017-04-01,2510.95,,,2771.14,,,17.73,16.73,18.11,15.71,15.96,17.33,17.523333333333333,0.7128347167004127,0.49999999999999994,-0.8660254037844387
Laguna,2017-06-01,20.8,2017,6,2017-04-01,2510.95,,,2771.14,,,18.8,17.73,16.73,15.94,18.07,16.85,17.753333333333334,1.035197243685164,1.2246467991473532e-16,-1.0
Laguna,2017-07-01,19.31,2017,7,2017-07-01,7619.68,,,2510.95,,,20.8,18.8,17.73,17.44,16.21,15.6,19.11,1.5583003561573248,-0.4999999999999997,-0.8660254037844388
Laguna,2017-08-01,16.64,2017,8,2017-07-01,7619.68,,,2510.95,,,19.31,20.8,18.8,18.11,15.5,15.89,19.636666666666667,1.0392465219250853,-0.8660254037844385,-0.5000000000000004
Laguna,2017-09-01,16.76,2017,9,2017-07-01,7619.68,,,2510.95,,,16.64,19.31,20.8,16.73,16.3,14.88,18.916666666666668,2.1077080759282993,-1.0,-1.8369701987210297e-16
Laguna,2017-10-01,17.04,2017,10,2017-10-01,1069.15,,,7619.68,,,16.76,16.64,19.31,17.73,14.83,15.27,17.57,1.5080782473068204,-0.8660254037844386,0.5000000000000001
Laguna,2017-11-01,16.25,2017,11,2017-10-01,1069.15,,,7619.68,,,17.04,16.76,16.64,18.8,15.71,14.23,16.813333333333336,0.2052640575778694,-0.5000000000000004,0.8660254037844384
Laguna,2017-12-01,18.33,2017,12,2017-10-01,1069.15,,,7619.68,,,16.25,17.04,16.76,20.8,15.94,14.51,16.683333333333334,0.40054130040899427,-2.4492935982947064e-16,1.0
Laguna,2018-01-01,15.61,2018,1,2018-01-01,2743.25,,,1069.15,,,18.33,16.25,17.04,19.31,17.44,14.5,17.206666666666667,1.0499682534883312,0.49999999999999994,0.8660254037844387
Laguna,2018-02-01,17.95,2018,2,2018-01-01,2743.25,,,1069.15,,,15.61,18.33,16.25,16.64,18.11,15.3,16.73,1.4221111067704928,0.8660254037844386,0.5000000000000001
Laguna,2018-03-01,17.34,2018,3,2018-01-01,2743.25,,,1069.15,,,17.95,15.61,18.33,16.76,16.73,13.65,17.296666666666667,1.4730014709202903,1.0,6.123233995736766e-17
Laguna,2018-04-01,17.7,2018,4,2018-04-01,2634.46,,,2743.25,,,17.34,17.95,15.61,17.04,17.73,15.17,16.966666666666665,1.213850622330991,0.8660254037844387,-0.4999999999999998
Laguna,2018-05-01,16.36,2018,5,2018-04-01,2634.46,,,2743.25,,,17.7,17.34,17.95,16.25,18.8,15.96,17.66333333333333,0.3066485501895353,0.49999999999999994,-0.8660254037844387
Laguna,2018-06-01,18.14,2018,6,2018-04-01,2634.46,,,2743.25,,,16.36,17.7,17.34,18.33,20.8,18.07,17.13333333333333,0.6934935712271117,1.2246467991473532e-16,-1.0
Laguna,2018-07-01,19.07,2018,7,2018-07-01,7489.23,,,2634.46,,,18.14,16.36,17.7,15.61,19.31,16.21,17.400000000000002,0.9271461589199448,-0.4999999999999997,-0.8660254037844388
Laguna,2018-08-01,18.96,2018,8,2018-07-01,7489.23,,,2634.46,,,19.07,18.14,16.36,17.95,16.64,15.5,17.856666666666666,1.3770378837683999,-0.8660254037844385,-0.5000000000000004
Laguna,2018-09-01,20.69,2018,9,2018-07-01,7489.23,,,2634.46,,,18.96,19.07,18.14,17.34,16.76,16.3,18.723333333333333,0.5081666393353385,-1.0,-1.8369701987210297e-16
Laguna,2018-10-01,18.81,2018,10,2018-10-01,1080.81,,,7489.23,,,20.69,18.96,19.07,17.7,17.04,14.83,19.573333333333334,0.9686244542305328,-0.8660254037844386,0.5000000000000001
Laguna,2018-11-01,18.79,2018,11,2018-10-01,1080.81,,,7489.23,,,18.81,20.69,18.96,16.36,16.25,15.71,19.486666666666668,1.0448125828747452,-0.5000000000000004,0.8660254037844384
Laguna,2018-12-01,20.12,2018,12,2018-10-01,1080.81,,,7489.23,,,18.79,18.81,20.69,18.14,18.33,15.94,19.429999999999996,1.0912378292563276,-2.4492935982947064e-16,1.0
Laguna,2019-01-01,20.97,2019,1,2019-01-01,2799.01,,,1080.81,,,20.12,18.79,18.81,19.07,15.61,17.44,19.24,0.7621679604916856,0.49999999999999994,0.8660254037844387
Laguna,2019-02-01,20.8,2019,2,2019-01-01,2799.01,,,1080.81,,,20.97,20.12,18.79,18.96,17.95,18.11,19.959999999999997,1.098772041872233,0.8660254037844386,0.5000000000000001
Laguna,2019-03-01,17.71,2019,3,2019-01-01,2799.01,,,1080.81,,,20.8,20.97,20.12,20.69,17.34,16.73,20.63,0.4497777228810839,1.0,6.123233995736766e-17
Laguna,2019-04-01,20.66,2019,4,2019-04-01,2417.45,,,2799.01,,,17.71,20.8,20.97,18.81,17.7,17.73,19.826666666666668,1.835056765697836,0.8660254037844387,-0.4999999999999998
Laguna,2019-05-01,19.47,2019,5,2019-04-01,2417.45,,,2799.01,,,20.66,17.71,20.8,18.79,16.36,18.8,19.723333333333333,1.74500238777298,0.49999999999999994,-0.8660254037844387
Laguna,2019-06-01,19.48,2019,6,2019-04-01,2417.45,,,2799.01,,,19.47,20.66,17.71,20.12,18.14,20.8,19.28,1.48414958814806,1.2246467991473532e-16,-1.0
Laguna,2019-07-01,21.42,2019,7,2019-07-01,7553.83,,,2417.45,,,19.48,19.47,20.66,20.97,19.07,19.31,19.87,0.6841783393239483,-0.4999999999999997,-0.8660254037844388
Laguna,2019-08-01,19.38,2019,8,2019-07-01,7553.83,,,2417.45,,,21.42,19.48,19.47,20.8,18.96,16.64,20.123333333333335,1.1229574049506144,-0.8660254037844385,-0.5000000000000004
Laguna,2019-09-01,20.26,2019,9,2019-07-01,7553.83,,,2417.45,,,19.38,21.42,19.48,17.71,20.69,16.76,20.093333333333334,1.1500144926623397,-1.0,-1.8369701987210297e-16
Laguna,2019-10-01,21.31,2019,10,2019-10-01,1179.05,,,7553.83,,,20.26,19.38,21.42,20.66,18.81,17.04,20.353333333333335,1.0231976022906932,-0.8660254037844386,0.5000000000000001
Laguna,2019-11-01,21.75,2019,11,2019-10-01,1179.05,,,7553.83,,,21.31,20.26,19.38,19.47,18.79,16.25,20.316666666666666,0.9662470353555649,-0.5000000000000004,0.8660254037844384
Laguna,2019-12-01,19.28,2019,12,2019-10-01,1179.05,,,7553.83,,,21.75,21.31,20.26,19.48,20.12,18.33,21.106666666666666,0.7655281401316499,-2.4492935982947064e-16,1.0
Laguna,2020-01-01,27.34,2020,1,2020-01-01,2705.36,,,1179.05,,,19.28,21.75,21.31,21.42,20.97,15.61,20.78,1.3175355782672764,0.49999999999999994,0.8660254037844387
Laguna,2020-02-01,20.52,2020,2,2020-01-01,2705.36,,,1179.05,,,27.34,19.28,21.75,19.38,20.8,17.95,22.790000000000003,4.1294188453098455,0.8660254037844386,0.5000000000000001
Laguna,2020-03-01,14.09,2020,3,2020-01-01,2705.36,,,1179.05,,,20.52,27.34,19.28,20.26,17.71,17.34,22.38,4.340000000000011,1.0,6.123233995736766e-17
Laguna,2020-04-01,23.72,2020,4,2020-04-01,2465.73,,,2705.36,,,14.09,20.52,27.34,21.31,20.66,17.7,20.650000000000002,6.625956534720108,0.8660254037844387,-0.4999999999999998
Laguna,2020-05-01,25.63,2020,5,2020-04-01,2465.73,,,2705.36,,,23.72,14.09,20.52,21.75,19.47,16.36,19.44333333333333,4.9044503599622065,0.49999999999999994,-0.8660254037844387
Laguna,2020-06-01,26.34,2020,6,2020-04-01,2465.73,,,2705.36,,,25.63,23.72,14.09,19.28,19.48,18.14,21.146666666666665,6.185421031209874,1.2246467991473532e-16,-1.0
Laguna,2020-07-01,23.64,2020,7,2020-07-01,7454.28,,,2465.73,,,26.34,25.63,23.72,27.34,21.42,19.07,25.23,1.3550276749941716,-0.4999999999999997,-0.8660254037844388
Laguna,2020-08-01,29.71,2020,8,2020-07-01,7454.28,,,2465.73,,,23.64,26.34,25.63,20.52,19.38,18.96,25.203333333333333,1.3996547193266773,-0.8660254037844385,-0.5000000000000004
Laguna,2020-09-01,30.25,2020,9,2020-07-01,7454.28,,,2465.73,,,29.71,23.64,26.34,14.09,20.26,20.69,26.563333333333333,3.0411565782335934,-1.0,-1.8369701987210297e-16
Laguna,2020-10-01,27.85,2020,10,2020-10-01,1123.82,,,7454.28,,,30.25,29.71,23.64,23.72,21.31,18.81,27.866666666666664,3.670345124553476,-0.8660254037844386,0.5000000000000001
Laguna,2020-11-01,25.82,2020,11,2020-10-01,1123.82,,,7454.28,,,27.85,30.25,29.71,25.63,21.75,18.79,29.27,1.2590472588430324,-0.5000000000000004,0.8660254037844384
Laguna,2020-12-01,27.61,2020,12,2020-10-01,1123.82,,,7454.28,,,25.82,27.85,30.25,26.34,19.28,20.12,27.973333333333333,2.2175737492434116,-2.4492935982947064e-16,1.0
Laguna,2021-01-01,28.81,2021,1,2021-01-01,1593.03,,,1123.82,,,27.61,25.82,27.85,23.64,27.34,20.97,27.093333333333334,1.1092489951915572,0.49999999999999994,0.8660254037844387
Laguna,2021-02-01,28.87,2021,2,2021-01-01,1593.03,,,1123.82,,,28.81,27.61,25.82,29.71,20.52,20.8,27.41333333333333,1.5046705065672934,0.8660254037844386,0.5000000000000001
Laguna,2021-03-01,26.77,2021,3,2021-01-01,1593.03,,,1123.82,,,28.87,28.81,27.61,30.25,14.09,17.71,28.430000000000003,0.7107742257567742,1.0,6.123233995736766e-17
Laguna,2021-04-01,31.71,2021,4,2021-04-01,1873.7,,,1593.03,,,26.77,28.87,28.81,27.85,23.72,20.66,28.150000000000002,1.1954915307103353,0.8660254037844387,-0.4999999999999998
Laguna,2021-05-01,31.56,2021,5,2021-04-01,1873.7,,,1593.03,,,31.71,26.77,28.87,25.82,25.63,19.47,29.116666666666664,2.4792203075429735,0.49999999999999994,-0.8660254037844387
Laguna,2021-06-01,32.88,2021,6,2021-04-01,1873.7,,,1593.03,,,31.56,31.71,26.77,27.61,26.34,19.48,30.013333333333332,2.8098101952504675,1.2246467991473532e-16,-1.0
Laguna,2021-07-01,29.24,2021,7,2021-07-01,6141.21,,,1873.7,,,32.88,31.56,31.71,28.81,23.64,21.42,32.050000000000004,0.722703258606269,-0.4999999999999997,-0.8660254037844388
Laguna,2021-08-01,29.39,2021,8,2021-07-01,6141.21,,,1873.7,,,29.24,32.88,31.56,28.87,29.71,19.38,31.226666666666663,1.8427515658203812,-0.8660254037844385,-0.5000000000000004
Laguna,2021-09-01,28.46,2021,9,2021-07-01,6141.21,,,1873.7,,,29.39,29.24,32.88,26.77,30.25,20.26,30.503333333333334,2.0596197059975596,-1.0,-1.8369701987210297e-16
Laguna,2021-10-01,28.13,2021,10,2021-10-01,1224.74,,,6141.21,,,28.46,29.39,29.24,31.71,27.85,21.31,29.03,0.49929950931294687,-0.8660254037844386,0.5000000000000001
Laguna,2021-11-01,26.5,2021,11,2021-10-01,1224.74,,,6141.21,,,28.13,28.46,29.39,31.56,25.82,21.75,28.66,0.6533758489569045,-0.5000000000000004,0.8660254037844384
Laguna,2021-12-01,27.43,2021,12,2021-10-01,1224.74,,,6141.21,,,26.5,28.13,28.46,32.88,27.61,19.28,27.69666666666667,1.0493966520498805,-2.4492935982947064e-16,1.0
Laguna,2022-01-01,25.26,2022,1,2022-01-01,2495.29,,,1224.74,,,27.43,26.5,28.13,29.24,28.81,27.34,27.353333333333335,0.8177000264971866,0.49999999999999994,0.8660254037844387
Laguna,2022-02-01,24.75,2022,2,2022-01-01,2495.29,,,1224.74,,,25.26,27.43,26.5,29.39,28.87,20.52,26.396666666666665,1.0886842211281949,0.8660254037844386,0.5000000000000001
Laguna,2022-03-01,24.32,2022,3,2022-01-01,2495.29,,,1224.74,,,24.75,25.26,27.43,28.46,26.77,14.09,25.813333333333333,1.4231069296906358,1.0,6.123233995736766e-17
Laguna,2022-04-01,24.98,2022,4,2022-04-01,2497.97,,,2495.29,,,24.32,24.75,25.26,28.13,31.71,23.72,24.776666666666667,0.4705670338363224,0.8660254037844387,-0.4999999999999998
Laguna,2022-05-01,27.9,2022,5,2022-04-01,2497.97,,,2495.29,,,24.98,24.32,24.75,26.5,31.56,25.63,24.683333333333334,0.3350124375803292,0.49999999999999994,-0.8660254037844387
Laguna,2022-06-01,24.15,2022,6,2022-04-01,2497.97,,,2495.29,,,27.9,24.98,24.32,27.43,32.88,26.34,25.73333333333333,1.905185905189705,1.2246467991473532e-16,-1.0
Laguna,2022-07-01,22.29,2022,7,2022-07-01,7013.51,,,2497.97,,,24.15,27.9,24.98,25.26,29.24,23.64,25.676666666666666,1.969678484761795,-0.4999999999999997,-0.8660254037844388
Laguna,2022-08-01,23.31,2022,8,2022-07-01,7013.51,,,2497.97,,,22.29,24.15,27.9,24.75,29.39,29.71,24.78,2.857568896807247,-0.8660254037844385,-0.5000000000000004
Laguna,2022-09-01,23.58,2022,9,2022-07-01,7013.51,,,2497.97,,,23.31,22.29,24.15,24.32,28.46,30.25,23.25,0.9314504817757003,-1.0,-1.8369701987210297e-16
Laguna,2022-10-01,24.84,2022,10,2022-10-01,968.58,,,7013.51,,,23.58,23.31,22.29,24.98,28.13,27.85,23.06,0.6803675477270983,-0.8660254037844386,0.5000000000000001
Laguna,2022-11-01,26.11,2022,11,2022-10-01,968.58,,,7013.51,,,24.84,23.58,23.31,27.9,26.5,25.82,23.909999999999997,0.8166394553290851,-0.5000000000000004,0.8660254037844384
Laguna,2022-12-01,28.13,2022,12,2022-10-01,968.58,,,7013.51,,,26.11,24.84,23.58,24.15,27.43,27.61,24.843333333333334,1.2650032938034252,-2.4492935982947064e-16,1.0
Laguna,2023-01-01,29.24,2023,1,2023-01-01,1890.34,,,968.58,,,28.13,26.11,24.84,22.29,25.26,28.81,26.36,1.6591865476793666,0.49999999999999994,0.8660254037844387
Laguna,2023-02-01,27.3,2023,2,2023-01-01,1890.34,,,968.58,,,29.24,28.13,26.11,23.31,24.75,28.87,27.826666666666664,1.5868942413826803,0.8660254037844386,0.5000000000000001
Laguna,2023-03-01,28.95,2023,3,2023-01-01,1890.34,,,968.58,,,27.3,29.24,28.13,23.58,24.32,26.77,28.223333333333333,0.973361871727834,1.0,6.123233995736766e-17
Laguna,2023-04-01,27.56,2023,4,2023-04-01,2451.65,,,1890.34,,,28.95,27.3,29.24,24.84,24.98,31.71,28.49666666666667,1.0464384039844459,0.8660254037844387,-0.4999999999999998
Laguna,2023-05-01,26.35,2023,5,2023-04-01,2451.65,,,1890.34,,,27.56,28.95,27.3,26.11,27.9,31.56,27.936666666666667,0.8871489916206344,0.49999999999999994,-0.8660254037844387
Laguna,2023-06-01,28.74,2023,6,2023-04-01,2451.65,,,1890.34,,,26.35,27.56,28.95,28.13,24.15,32.88,27.62,1.3010380470993794,1.2246467991473532e-16,-1.0
Laguna,2023-07-01,28.63,2023,7,2023-07-01,6767.16,,,2451.65,,,28.74,26.35,27.56,29.24,22.29,29.24,27.55,1.1950313803411878,-0.4999999999999997,-0.8660254037844388
Laguna,2023-08-01,25.71,2023,8,2023-07-01,6767.16,,,2451.65,,,28.63,28.74,26.35,27.3,23.31,29.39,27.906666666666666,1.3492343507832523,-0.8660254037844385,-0.5000000000000004
Laguna,2023-09-01,26.64,2023,9,2023-07-01,6767.16,,,2451.65,,,25.71,28.63,28.74,28.95,23.58,28.46,27.69333333333333,1.7184974056813405,-1.0,-1.8369701987210297e-16
Laguna,2023-10-01,27.47,2023,10,2023-10-01,1370.95,,,6767.16,,,26.64,25.71,28.63,27.56,24.84,28.13,26.993333333333336,1.49172160047828,-0.8660254037844386,0.5000000000000001
Laguna,2023-11-01,25.34,2023,11,2023-10-01,1370.95,,,6767.16,,,27.47,26.64,25.71,26.35,26.11,26.5,26.60666666666667,0.8804733575375655,-0.5000000000000004,0.8660254037844384
Laguna,2023-12-01,25.32,2023,12,2023-10-01,1370.95,,,6767.16,,,25.34,27.47,26.64,28.74,28.13,27.43,26.48333333333333,1.073607625407658,-2.4492935982947064e-16,1.0
Laguna,2024-01-01,25.55,2024,1,2024-01-01,1974.6,,,1370.95,,,25.32,25.34,27.47,28.63,29.24,25.26,26.043333333333333,1.2355700438799329,0.49999999999999994,0.8660254037844387
Laguna,2024-02-01,23.65,2024,2,2024-01-01,1974.6,,,1370.95,,,25.55,25.32,25.34,25.71,27.3,24.75,25.403333333333332,0.1274100990245595,0.8660254037844386,0.5000000000000001
Laguna,2024-03-01,27.91,2024,3,2024-01-01,1974.6,,,1370.95,,,23.65,25.55,25.32,26.64,28.95,24.32,24.84,1.0369667304210444,1.0,6.123233995736766e-17
Laguna,2024-04-01,35.53,2024,4,2024-04-01,2041.34,,,1974.6,,,27.91,23.65,25.55,27.47,27.56,24.98,25.703333333333333,2.134135265941092,0.8660254037844387,-0.4999999999999998
Laguna,2024-05-01,31.835,2024,5,2024-04-01,2041.34,,,1974.6,,,35.53,27.91,23.65,25.34,26.35,27.9,29.03,6.018670949636652,0.49999999999999994,-0.8660254037844387
Laguna,2024-06-01,31.29,2024,6,2024-04-01,2041.34,,,1974.6,,,31.835,35.53,27.91,25.32,28.74,24.15,31.758333333333336,3.810578477519325,1.2246467991473532e-16,-1.0
Laguna,2024-07-01,38.36,2024,7,2024-07-01,5824.95,,,2041.34,,,31.29,31.835,35.53,25.55,28.63,22.29,32.885,2.306788893678866,-0.4999999999999997,-0.8660254037844388
Laguna,2024-08-01,29.58,2024,8,2024-07-01,5824.95,,,2041.34,,,38.36,31.29,31.835,23.65,25.71,23.31,33.82833333333333,3.933987586830123,-0.8660254037844385,-0.5000000000000004
Laguna,2024-09-01,24.244999999999997,2024,9,2024-07-01,5824.95,,,2041.34,,,29.58,38.36,31.29,27.91,26.64,23.58,33.07666666666667,4.65470013355678,-1.0,-1.8369701987210297e-16
Laguna,2024-10-01,26.28,2024,10,2024-10-01,1131.5,,,5824.95,,,24.244999999999997,29.58,38.36,35.53,27.47,24.84,30.728333333333335,7.127223045010835,-0.8660254037844386,0.5000000000000001
Laguna,2024-11-01,22.9,2024,11,2024-10-01,1131.5,,,5824.95,,,26.28,24.244999999999997,29.58,31.835,25.34,26.11,26.701666666666664,2.6923796785248375,-0.5000000000000004,0.8660254037844384
Laguna,2024-12-01,28.740000000000002,2024,12,2024-10-01,1131.5,,,5824.95,,,22.9,26.28,24.244999999999997,31.29,25.32,28.13,24.474999999999998,1.701697681728504,-2.4492935982947064e-16,1.0
Laguna,2025-01-01,35.09,2025,1,2025-01-01,1763.71,6366.0,0.2770515237197612,1131.5,,,28.740000000000002,22.9,26.28,38.36,25.55,29.24,25.973333333333333,2.932052750776069,0.49999999999999994,0.8660254037844387
Laguna,2025-02-01,32.8,2025,2,2025-01-01,1763.71,6366.0,0.2770515237197612,1131.5,,,35.09,28.740000000000002,22.9,29.58,23.65,27.3,28.91,6.096777837513862,0.8660254037844386,0.5000000000000001
Laguna,2025-03-01,27.77,2025,3,2025-01-01,1763.71,6366.0,0.2770515237197612,1131.5,,,32.8,35.09,28.740000000000002,24.244999999999997,27.91,28.95,32.21,3.215851364724464,1.0,6.123233995736766e-17
Laguna,2025-04-01,20.0,2025,4,2025-04-01,2203.04,6331.0,0.347976622966356,1763.71,6366.0,0.2770515237197612,27.77,32.8,35.09,26.28,35.53,27.56,31.886666666666667,3.7444937352509404,0.8660254037844387,-0.4999999999999998
Laguna,2025-05-01,20.0,2025,5,2025-04-01,2203.04,6331.0,0.347976622966356,1763.71,6366.0,0.2770515237197612,20.0,27.77,32.8,22.9,31.835,26.35,26.856666666666666,6.44869237391066,0.49999999999999994,-0.8660254037844387
Laguna,2025-06-01,25.795,2025,6,2025-04-01,2203.04,6331.0,0.347976622966356,1763.71,6366.0,0.2770515237197612,20.0,20.0,27.77,28.740000000000002,31.29,28.74,22.59,4.486011591603412,1.2246467991473532e-16,-1.0
Laguna,2025-07-01,26.46,2025,7,2025-07-01,6188.95,6332.0,0.9774084017687934,2203.04,6331.0,0.347976622966356,25.795,20.0,20.0,35.09,38.36,28.63,21.93166666666667,3.3457448099539087,-0.4999999999999997,-0.8660254037844388
Laguna,2025-08-01,28.455,2025,8,2025-07-01,6188.95,6332.0,0.9774084017687934,2203.04,6331.0,0.347976622966356,26.46,25.795,20.0,32.8,29.58,25.71,24.085000000000004,3.553304799760384,-0.8660254037844385,-0.5000000000000004
Laguna,2025-09-01,22.84,2025,9,2025-07-01,6188.95,6332.0,0.9774084017687934,2203.04,6331.0,0.347976622966356,28.455,26.46,25.795,27.77,24.244999999999997,26.64,26.903333333333336,1.3843078896450407,-1.0,-1.8369701987210297e-16
Laguna,2025-10-01,27.1,2025,10,2025-10-01,1070.17,6331.0,0.16903648712683622,6188.95,6332.0,0.9774084017687934,22.84,28.455,26.46,20.0,26.28,27.47,25.918333333333333,2.8464202664633866,-0.8660254037844386,0.5000000000000001
Laguna,2025-11-01,22.729999999999997,2025,11,2025-10-01,1070.17,6331.0,0.16903648712683622,6188.95,6332.0,0.9774084017687934,27.1,22.84,28.455,20.0,22.9,25.34,26.131666666666664,2.9300696806276636,-0.5000000000000004,0.8660254037844384
Laguna,2025-12-01,22.85,2025,12,2025-10-01,1070.17,6331.0,0.16903648712683622,6188.95,6332.0,0.9774084017687934,22.729999999999997,27.1,22.84,25.795,28.740000000000002,25.32,24.22333333333333,2.4918734585314524,-2.4492935982947064e-16,1.0
Laguna,2026-01-01,25.14,2026,1,2026-01-01,2255.8,6331.0,0.35631021955457276,1070.17,6331.0,0.16903648712683622,22.85,22.729999999999997,27.1,26.46,35.09,25.55,24.22666666666667,2.4891029173847956,0.49999999999999994,0.8660254037844387
Laguna,2026-02-01,20.73,2026,2,2026-01-01,2255.8,6331.0,0.35631021955457276,1070.17,6331.0,0.16903648712683622,25.14,22.85,22.729999999999997,28.455,32.8,23.65,23.573333333333334,1.358099161819009,0.8660254037844386,0.5000000000000001
Laguna,2026-03-01,24.924999999999997,2026,3,2026-01-01,2255.8,6331.0,0.35631021955457276,1070.17,6331.0,0.16903648712683622,20.73,25.14,22.85,22.84,27.77,27.91,22.906666666666666,2.2055460397220226,1.0,6.123233995736766e-17
Laguna,2026-04-01,33.925,2026,4,2026-04-01,2633.44,6331.0,0.41595956404991313,2255.8,6331.0,0.35631021955457276,24.924999999999997,20.73,25.14,27.1,20.0,35.53,23.598333333333333,2.4863745360129257,0.8660254037844387,-0.4999999999999998
Laguna,2026-05-01,34.74,2026,5,2026-04-01,2633.44,6331.0,0.41595956404991313,2255.8,6331.0,0.35631021955457276,33.925,24.924999999999997,20.73,22.729999999999997,20.0,31.835,26.526666666666667,6.7417362995991965,0.49999999999999994,-0.8660254037844387
Laguna,2026-06-01,28.155,2026,6,2026-04-01,2633.44,6331.0,0.41595956404991313,2255.8,6331.0,0.35631021955457276,34.74,33.925,24.924999999999997,22.85,25.795,31.29,31.19666666666667,5.446687831456239,1.2246467991473532e-16,-1.0
Laguna,2026-07-01,,2026,7,2026-07-01,,,,2633.44,6331.0,0.41595956404991313,28.155,34.74,33.925,25.14,26.46,38.36,32.27333333333333,3.589785276772613,-0.4999999999999997,-0.8660254037844388
Laguna,2026-08-01,,2026,8,2026-07-01,,,,2633.44,6331.0,0.41595956404991313,,28.155,34.74,20.73,28.455,29.58,31.447499999999998,4.656298154113436,-0.8660254037844385,-0.5000000000000004
Laguna,2026-09-01,,2026,9,2026-07-01,,,,2633.44,6331.0,0.41595956404991313,,,28.155,24.924999999999997,22.84,24.244999999999997,,,-1.0,-1.8369701987210297e-16
Laguna,2026-10-01,,2026,10,2026-10-01,,,,,,,,,,33.925,27.1,26.28,,,-0.8660254037844386,0.5000000000000001
Laguna,2026-11-01,,2026,11,2026-10-01,,,,,,,,,,34.74,22.729999999999997,22.9,,,-0.5000000000000004,0.8660254037844384
Laguna,2026-12-01,,2026,12,2026-10-01,,,,,,,,,,28.155,22.85,28.740000000000002,,,-2.4492935982947064e-16,1.0
Quezon,2010-01-01,7.6049999999999995,2010,1,2010-01-01,1032.68,,,,,,,,,,,,,,0.49999999999999994,0.8660254037844387
Quezon,2010-02-01,8.135,2010,2,2010-01-01,1032.68,,,,,,7.6049999999999995,,,,,,,,0.8660254037844386,0.5000000000000001
Quezon,2010-03-01,7.6,2010,3,2010-01-01,1032.68,,,,,,8.135,7.6049999999999995,,,,,7.869999999999999,0.3747665940288707,1.0,6.123233995736766e-17
Quezon,2010-04-01,7.744999999999999,2010,4,2010-04-01,19407.07,,,1032.68,,,7.6,8.135,7.6049999999999995,,,,7.78,0.3074491827928643,0.8660254037844387,-0.4999999999999998
Quezon,2010-05-01,7.72,2010,5,2010-04-01,19407.07,,,1032.68,,,7.744999999999999,7.6,8.135,,,,7.826666666666665,0.27669176592976796,0.49999999999999994,-0.8660254037844387
Quezon,2010-06-01,7.3,2010,6,2010-04-01,19407.07,,,1032.68,,,7.72,7.744999999999999,7.6,,,,7.6883333333333335,0.0775134396948903,1.2246467991473532e-16,-1.0
Quezon,2010-07-01,9.265,2010,7,2010-07-01,5533.69,,,19407.07,,,7.3,7.72,7.744999999999999,7.6049999999999995,,,7.588333333333334,0.25001666611114803,-0.4999999999999997,-0.8660254037844388
Quezon,2010-08-01,9.47,2010,8,2010-07-01,5533.69,,,19407.07,,,9.265,7.3,7.72,8.135,,,8.095,1.0347825858604311,-0.8660254037844385,-0.5000000000000004
Quezon,2010-09-01,8.975,2010,9,2010-07-01,5533.69,,,19407.07,,,9.47,9.265,7.3,7.6,,,8.678333333333335,1.1980644111788536,-1.0,-1.8369701987210297e-16
Quezon,2010-10-01,9.105,2010,10,2010-10-01,2207.98,,,5533.69,,,8.975,9.47,9.265,7.744999999999999,,,9.236666666666666,0.2487133557598606,-0.8660254037844386,0.5000000000000001
Quezon,2010-11-01,9.364999999999998,2010,11,2010-10-01,2207.98,,,5533.69,,,9.105,8.975,9.47,7.72,,,9.183333333333335,0.25662878508330117,-0.5000000000000004,0.8660254037844384
Quezon,2010-12-01,9.025,2010,12,2010-10-01,2207.98,,,5533.69,,,9.364999999999998,9.105,8.975,7.3,,,9.148333333333333,0.19857828011474654,-2.4492935982947064e-16,1.0
Quezon,2011-01-01,9.399999999999999,2011,1,2011-01-01,1188.46,,,2207.98,,,9.025,9.364999999999998,9.105,9.265,7.6049999999999995,,9.165000000000001,0.17776388834630408,0.49999999999999994,0.8660254037844387
Quezon,2011-02-01,9.55,2011,2,2011-01-01,1188.46,,,2207.98,,,9.399999999999999,9.025,9.364999999999998,9.47,8.135,,9.263333333333334,0.20714326765147273,0.8660254037844386,0.5000000000000001
Quezon,2011-03-01,9.295,2011,3,2011-01-01,1188.46,,,2207.98,,,9.55,9.399999999999999,9.025,8.975,7.6,,9.325000000000001,0.2704163456597921,1.0,6.123233995736766e-17
Quezon,2011-04-01,9.725,2011,4,2011-04-01,21602.09,,,1188.46,,,9.295,9.55,9.399999999999999,9.105,7.744999999999999,,9.415000000000001,0.12816005617974527,0.8660254037844387,-0.4999999999999998
Quezon,2011-05-01,9.765,2011,5,2011-04-01,21602.09,,,1188.46,,,9.725,9.295,9.55,9.364999999999998,7.72,,9.523333333333335,0.21623675296611256,0.49999999999999994,-0.8660254037844387
Quezon,2011-06-01,9.125,2011,6,2011-04-01,21602.09,,,1188.46,,,9.765,9.725,9.295,9.025,7.3,,9.595,0.2605762844158952,1.2246467991473532e-16,-1.0
Quezon,2011-07-01,8.105,2011,7,2011-07-01,6692.33,,,21602.09,,,9.125,9.765,9.725,9.399999999999999,9.265,,9.538333333333334,0.358515457593292,-0.4999999999999997,-0.8660254037844388
Quezon,2011-08-01,8.254999999999999,2011,8,2011-07-01,6692.33,,,21602.09,,,8.105,9.125,9.765,9.55,9.47,,8.998333333333333,0.8372176140844955,-0.8660254037844385,-0.5000000000000004
Quezon,2011-09-01,8.59,2011,9,2011-07-01,6692.33,,,21602.09,,,8.254999999999999,8.105,9.125,9.295,8.975,,8.495000000000001,0.5507267925205828,-1.0,-1.8369701987210297e-16
Quezon,2011-10-01,9.004999999999999,2011,10,2011-10-01,2854.14,,,6692.33,,,8.59,8.254999999999999,8.105,9.725,9.105,,8.316666666666666,0.2483109609609384,-0.8660254037844386,0.5000000000000001
Quezon,2011-11-01,8.98,2011,11,2011-10-01,2854.14,,,6692.33,,,9.004999999999999,8.59,8.254999999999999,9.765,9.364999999999998,,8.616666666666665,0.37571043814797106,-0.5000000000000004,0.8660254037844384
Quezon,2011-12-01,8.845,2011,12,2011-10-01,2854.14,,,6692.33,,,8.98,9.004999999999999,8.59,9.125,9.025,,8.858333333333333,0.23271943050234742,-2.4492935982947064e-16,1.0
Quezon,2012-01-01,8.565,2012,1,2012-01-01,1307.34,,,2854.14,,,8.845,8.98,9.004999999999999,8.105,9.399999999999999,7.6049999999999995,8.943333333333333,0.08607167555784943,0.49999999999999994,0.8660254037844387
Quezon,2012-02-01,9.235,2012,2,2012-01-01,1307.34,,,2854.14,,,8.565,8.845,8.98,8.254999999999999,9.55,8.135,8.796666666666669,0.21167978961945888,0.8660254037844386,0.5000000000000001
Quezon,2012-03-01,9.100000000000001,2012,3,2012-01-01,1307.34,,,2854.14,,,9.235,8.565,8.845,8.59,9.295,7.6,8.881666666666668,0.33650160970393045,1.0,6.123233995736766e-17
Quezon,2012-04-01,8.815,2012,4,2012-04-01,22390.41,,,1307.34,,,9.100000000000001,9.235,8.565,9.004999999999999,9.725,7.744999999999999,8.966666666666667,0.35434211340642946,0.8660254037844387,-0.4999999999999998
Quezon,2012-05-01,10.465,2012,5,2012-04-01,22390.41,,,1307.34,,,8.815,9.100000000000001,9.235,8.98,9.765,7.72,9.049999999999999,0.2144178164239151,0.49999999999999994,-0.8660254037844387
Quezon,2012-06-01,10.440000000000001,2012,6,2012-04-01,22390.41,,,1307.34,,,10.465,8.815,9.100000000000001,8.845,9.125,7.3,9.46,0.8819438757653403,1.2246467991473532e-16,-1.0
Quezon,2012-07-01,11.094999999999999,2012,7,2012-07-01,6804.05,,,22390.41,,,10.440000000000001,10.465,8.815,8.565,8.105,9.265,9.906666666666666,0.9454936981986258,-0.4999999999999997,-0.8660254037844388
Quezon,2012-08-01,11.0,2012,8,2012-07-01,6804.05,,,22390.41,,,11.094999999999999,10.440000000000001,10.465,9.235,8.254999999999999,9.47,10.666666666666666,0.3711580974912084,-0.8660254037844385,-0.5000000000000004
Quezon,2012-09-01,9.92,2012,9,2012-07-01,6804.05,,,22390.41,,,11.0,11.094999999999999,10.440000000000001,9.100000000000001,8.59,8.975,10.845,0.3539420856580291,-1.0,-1.8369701987210297e-16
Quezon,2012-10-01,10.129999999999999,2012,10,2012-10-01,3337.49,,,6804.05,,,9.92,11.0,11.094999999999999,8.815,9.004999999999999,9.105,10.671666666666667,0.6526931387208641,-0.8660254037844386,0.5000000000000001
Quezon,2012-11-01,9.625,2012,11,2012-10-01,3337.49,,,6804.05,,,10.129999999999999,9.92,11.0,10.465,8.98,9.364999999999998,10.35,0.5726255320887883,-0.5000000000000004,0.8660254037844384
Quezon,2012-12-01,9.745000000000001,2012,12,2012-10-01,3337.49,,,6804.05,,,9.625,10.129999999999999,9.92,10.440000000000001,8.845,9.025,9.891666666666667,0.25368944269186683,-2.4492935982947064e-16,1.0
Quezon,2013-01-01,10.405000000000001,2013,1,2013-01-01,1238.98,,,3337.49,,,9.745000000000001,9.625,10.129999999999999,11.094999999999999,8.565,9.399999999999999,9.833333333333334,0.26383391240193305,0.49999999999999994,0.8660254037844387
Quezon,2013-02-01,9.585,2013,2,2013-01-01,1238.98,,,3337.49,,,10.405000000000001,9.745000000000001,9.625,11.0,9.235,9.55,9.925000000000002,0.41999999999997245,0.8660254037844386,0.5000000000000001
Quezon,2013-03-01,10.11,2013,3,2013-01-01,1238.98,,,3337.49,,,9.585,10.405000000000001,9.745000000000001,9.92,9.100000000000001,9.295,9.911666666666669,0.4346646216720547,1.0,6.123233995736766e-17
Quezon,2013-04-01,9.71,2013,4,2013-04-01,23160.37,,,1238.98,,,10.11,9.585,10.405000000000001,10.129999999999999,8.815,9.725,10.033333333333333,0.4153412251791385,0.8660254037844387,-0.4999999999999998
Quezon,2013-05-01,10.035,2013,5,2013-04-01,23160.37,,,1238.98,,,9.71,10.11,9.585,9.625,10.465,9.765,9.801666666666668,0.27424137786503383,0.49999999999999994,-0.8660254037844387
Quezon,2013-06-01,10.11,2013,6,2013-04-01,23160.37,,,1238.98,,,10.035,9.71,10.11,9.745000000000001,10.440000000000001,9.125,9.951666666666666,0.2126225137028277,1.2246467991473532e-16,-1.0
Quezon,2013-07-01,9.99,2013,7,2013-07-01,7014.08,,,23160.37,,,10.11,10.035,9.71,10.405000000000001,11.094999999999999,8.105,9.951666666666668,0.2126225137028277,-0.4999999999999997,-0.8660254037844388
Quezon,2013-08-01,10.775,2013,8,2013-07-01,7014.08,,,23160.37,,,9.99,10.11,10.035,9.585,11.0,8.254999999999999,10.045000000000002,0.060621778264698445,-0.8660254037844385,-0.5000000000000004
Quezon,2013-09-01,10.3,2013,9,2013-07-01,7014.08,,,23160.37,,,10.775,9.99,10.11,10.11,9.92,8.59,10.291666666666666,0.4228573439510116,-1.0,-1.8369701987210297e-16
Quezon,2013-10-01,9.555,2013,10,2013-10-01,3480.54,,,7014.08,,,10.3,10.775,9.99,9.71,10.129999999999999,9.004999999999999,10.355,0.395379564469346,-0.8660254037844386,0.5000000000000001
Quezon,2013-11-01,11.37,2013,11,2013-10-01,3480.54,,,7014.08,,,9.555,10.3,10.775,10.035,9.625,8.98,10.21,0.6149593482499252,-0.5000000000000004,0.8660254037844384
Quezon,2013-12-01,10.58,2013,12,2013-10-01,3480.54,,,7014.08,,,11.37,9.555,10.3,10.11,9.745000000000001,8.845,10.408333333333333,0.9123367433866193,-2.4492935982947064e-16,1.0
Quezon,2014-01-01,11.075,2014,1,2014-01-01,1154.56,,,3480.54,,,10.58,11.37,9.555,9.99,10.405000000000001,8.565,10.501666666666667,0.9100320507176111,0.49999999999999994,0.8660254037844387
Quezon,2014-02-01,12.195,2014,2,2014-01-01,1154.56,,,3480.54,,,11.075,10.58,11.37,10.775,9.585,9.235,11.008333333333335,0.39919711087793663,0.8660254037844386,0.5000000000000001
Quezon,2014-03-01,11.14,2014,3,2014-01-01,1154.56,,,3480.54,,,12.195,11.075,10.58,10.3,10.11,9.100000000000001,11.283333333333333,0.8274106195434574,1.0,6.123233995736766e-17
Quezon,2014-04-01,13.625,2014,4,2014-04-01,21147.64,,,1154.56,,,11.14,12.195,11.075,9.555,9.71,8.815,11.47,0.6287089946866925,0.8660254037844387,-0.4999999999999998
Quezon,2014-05-01,13.754999999999999,2014,5,2014-04-01,21147.64,,,1154.56,,,13.625,11.14,12.195,11.37,10.035,10.465,12.32,1.2472068793908797,0.49999999999999994,-0.8660254037844387
Quezon,2014-06-01,13.76,2014,6,2014-04-01,21147.64,,,1154.56,,,13.754999999999999,13.625,11.14,10.58,10.11,10.440000000000001,12.839999999999998,1.4736773731044144,1.2246467991473532e-16,-1.0
Quezon,2014-07-01,13.5,2014,7,2014-07-01,5131.46,,,21147.64,,,13.76,13.754999999999999,13.625,11.075,9.99,11.094999999999999,13.713333333333333,0.07653975002080692,-0.4999999999999997,-0.8660254037844388
Quezon,2014-08-01,20.525,2014,8,2014-07-01,5131.46,,,21147.64,,,13.5,13.76,13.754999999999999,12.195,10.775,11.0,13.671666666666667,0.14868871286432034,-0.8660254037844385,-0.5000000000000004
Quezon,2014-09-01,20.66,2014,9,2014-07-01,5131.46,,,21147.64,,,20.525,13.5,13.76,11.14,10.3,9.92,15.928333333333335,3.982952213287676,-1.0,-1.8369701987210297e-16
Quezon,2014-10-01,16.845,2014,10,2014-10-01,3111.34,,,5131.46,,,20.66,20.525,13.5,13.625,9.555,10.129999999999999,18.228333333333335,4.095413084578057,-0.8660254037844386,0.5000000000000001
Quezon,2014-11-01,13.715,2014,11,2014-10-01,3111.34,,,5131.46,,,16.845,20.66,20.525,13.754999999999999,11.37,9.625,19.343333333333334,2.1646728005250897,-0.5000000000000004,0.8660254037844384
Quezon,2014-12-01,14.205,2014,12,2014-10-01,3111.34,,,5131.46,,,13.715,16.845,20.66,13.76,10.58,9.745000000000001,17.073333333333334,3.478125692572533,-2.4492935982947064e-16,1.0
Quezon,2015-01-01,16.939999999999998,2015,1,2015-01-01,908.57,,,3111.34,,,14.205,13.715,16.845,13.5,11.075,10.405000000000001,14.921666666666667,1.683577540041797,0.49999999999999994,0.8660254037844387
Quezon,2015-02-01,18.189999999999998,2015,2,2015-01-01,908.57,,,3111.34,,,16.939999999999998,14.205,13.715,20.525,12.195,9.585,14.953333333333333,1.7378602743987175,0.8660254037844386,0.5000000000000001
Quezon,2015-03-01,20.835,2015,3,2015-01-01,908.57,,,3111.34,,,18.189999999999998,16.939999999999998,14.205,20.66,11.14,10.11,16.444999999999997,2.0380934718505506,1.0,6.123233995736766e-17
Quezon,2015-04-01,17.695,2015,4,2015-04-01,18741.92,,,908.57,,,20.835,18.189999999999998,16.939999999999998,16.845,13.625,9.71,18.655,1.988699323678622,0.8660254037844387,-0.4999999999999998
Quezon,2015-05-01,14.435,2015,5,2015-04-01,18741.92,,,908.57,,,17.695,20.835,18.189999999999998,13.715,13.754999999999999,10.035,18.906666666666666,1.6882263868726652,0.49999999999999994,-0.8660254037844387
Quezon,2015-06-01,14.975,2015,6,2015-04-01,18741.92,,,908.57,,,14.435,17.695,20.835,14.205,13.76,10.11,17.655,3.200187494507131,1.2246467991473532e-16,-1.0
Quezon,2015-07-01,13.4,2015,7,2015-07-01,5057.54,,,18741.92,,,14.975,14.435,17.695,16.939999999999998,13.5,9.99,15.701666666666668,1.7472645287228845,-0.4999999999999997,-0.8660254037844388
Quezon,2015-08-01,16.41,2015,8,2015-07-01,5057.54,,,18741.92,,,13.4,14.975,14.435,18.189999999999998,20.525,10.775,14.270000000000001,0.800359294317187,-0.8660254037844385,-0.5000000000000004
Quezon,2015-09-01,14.64,2015,9,2015-07-01,5057.54,,,18741.92,,,16.41,13.4,14.975,20.835,20.66,10.3,14.928333333333335,1.5055425378690641,-1.0,-1.8369701987210297e-16
Quezon,2015-10-01,14.504999999999999,2015,10,2015-10-01,3551.95,,,5057.54,,,14.64,16.41,13.4,17.695,16.845,9.555,14.816666666666668,1.5127568652408174,-0.8660254037844386,0.5000000000000001
Quezon,2015-11-01,12.5,2015,11,2015-10-01,3551.95,,,5057.54,,,14.504999999999999,14.64,16.41,14.435,13.715,11.37,15.185000000000002,1.0630263402192266,-0.5000000000000004,0.8660254037844384
Quezon,2015-12-01,14.415,2015,12,2015-10-01,3551.95,,,5057.54,,,12.5,14.504999999999999,14.64,14.975,14.205,10.58,13.881666666666668,1.1984608184389038,-2.4492935982947064e-16,1.0
Quezon,2016-01-01,14.625,2016,1,2016-01-01,931.4,,,3551.95,,,14.415,12.5,14.504999999999999,13.4,16.939999999999998,11.075,13.806666666666667,1.1325009197935552,0.49999999999999994,0.8660254037844387
Quezon,2016-02-01,14.095,2016,2,2016-01-01,931.4,,,3551.95,,,14.625,14.415,12.5,16.41,18.189999999999998,12.195,13.84666666666667,1.1709647020014091,0.8660254037844386,0.5000000000000001
Quezon,2016-03-01,15.29,2016,3,2016-01-01,931.4,,,3551.95,,,14.095,14.625,14.415,14.64,20.835,11.14,14.378333333333336,0.2668957349476356,1.0,6.123233995736766e-17
Quezon,2016-04-01,14.399999999999999,2016,4,2016-04-01,20138.6,,,931.4,,,15.29,14.095,14.625,14.504999999999999,17.695,13.625,14.670000000000002,0.5987695717050909,0.8660254037844387,-0.4999999999999998
Quezon,2016-05-01,18.37,2016,5,2016-04-01,20138.6,,,931.4,,,14.399999999999999,15.29,14.095,12.5,14.435,13.754999999999999,14.595,0.6209065952298298,0.49999999999999994,-0.8660254037844387
Quezon,2016-06-01,17.04,2016,6,2016-04-01,20138.6,,,931.4,,,18.37,14.399999999999999,15.29,14.415,14.975,13.76,16.02,2.0832426646936444,1.2246467991473532e-16,-1.0
Quezon,2016-07-01,15.265,2016,7,2016-07-01,5636.37,,,20138.6,,,17.04,18.37,14.399999999999999,14.625,13.4,13.5,16.603333333333335,2.0207011984291974,-0.4999999999999997,-0.8660254037844388
Quezon,2016-08-01,16.169999999999998,2016,8,2016-07-01,5636.37,,,20138.6,,,15.265,17.04,18.37,14.095,16.41,20.525,16.89166666666667,1.5578056147456851,-0.8660254037844385,-0.5000000000000004
Quezon,2016-09-01,16.175,2016,9,2016-07-01,5636.37,,,20138.6,,,16.169999999999998,15.265,17.04,15.29,14.64,20.66,16.15833333333333,0.8875575098736989,-1.0,-1.8369701987210297e-16
Quezon,2016-10-01,15.535,2016,10,2016-10-01,3954.03,,,5636.37,,,16.175,16.169999999999998,15.265,14.399999999999999,14.504999999999999,16.845,15.87,0.523951333617805,-0.8660254037844386,0.5000000000000001
Quezon,2016-11-01,16.575,2016,11,2016-10-01,3954.03,,,5636.37,,,15.535,16.175,16.169999999999998,18.37,12.5,13.715,15.959999999999999,0.3680692869554238,-0.5000000000000004,0.8660254037844384
Quezon,2016-12-01,16.19,2016,12,2016-10-01,3954.03,,,5636.37,,,16.575,15.535,16.175,17.04,14.415,14.205,16.095,0.5245950819440364,-2.4492935982947064e-16,1.0
Quezon,2017-01-01,15.88,2017,1,2017-01-01,785.46,,,3954.03,,,16.19,16.575,15.535,15.265,14.625,16.939999999999998,16.1,0.5258089006472506,0.49999999999999994,0.8660254037844387
Quezon,2017-02-01,16.62,2017,2,2017-01-01,785.46,,,3954.03,,,15.88,16.19,16.575,16.169999999999998,14.095,18.189999999999998,16.215,0.3481738071708833,0.8660254037844386,0.5000000000000001
Quezon,2017-03-01,17.775,2017,3,2017-01-01,785.46,,,3954.03,,,16.62,15.88,16.19,16.175,15.29,20.835,16.23,0.37161808352106274,1.0,6.123233995736766e-17
Quezon,2017-04-01,16.815,2017,4,2017-04-01,19678.16,,,785.46,,,17.775,16.62,15.88,15.535,14.399999999999999,17.695,16.758333333333333,0.9550436290207812,0.8660254037844387,-0.4999999999999998
Quezon,2017-05-01,17.189999999999998,2017,5,2017-04-01,19678.16,,,785.46,,,16.815,17.775,16.62,16.575,18.37,14.435,17.069999999999997,0.61828391536562,0.49999999999999994,-0.8660254037844387
Quezon,2017-06-01,17.53,2017,6,2017-04-01,19678.16,,,785.46,,,17.189999999999998,16.815,17.775,16.19,17.04,14.975,17.26,0.4838129803961812,1.2246467991473532e-16,-1.0
Quezon,2017-07-01,17.21,2017,7,2017-07-01,5882.59,,,19678.16,,,17.53,17.189999999999998,16.815,15.88,15.265,13.4,17.17833333333333,0.35764274539430063,-0.4999999999999997,-0.8660254037844388
Quezon,2017-08-01,13.75,2017,8,2017-07-01,5882.59,,,19678.16,,,17.21,17.53,17.189999999999998,16.62,16.169999999999998,16.41,17.310000000000002,0.19078784028296014,-0.8660254037844385,-0.5000000000000004
Quezon,2017-09-01,17.6,2017,9,2017-07-01,5882.59,,,19678.16,,,13.75,17.21,17.53,17.775,16.175,14.64,16.163333333333338,2.096123406036297,-1.0,-1.8369701987210297e-16
Quezon,2017-10-01,17.335,2017,10,2017-10-01,3954.43,,,5882.59,,,17.6,13.75,17.21,16.815,15.535,14.504999999999999,16.186666666666667,2.11920582608986,-0.8660254037844386,0.5000000000000001
Quezon,2017-11-01,16.865000000000002,2017,11,2017-10-01,3954.43,,,5882.59,,,17.335,17.6,13.75,17.189999999999998,16.575,12.5,16.228333333333335,2.1503856243318786,-0.5000000000000004,0.8660254037844384
Quezon,2017-12-01,17.15,2017,12,2017-10-01,3954.43,,,5882.59,,,16.865000000000002,17.335,17.6,17.53,16.19,14.415,17.26666666666667,0.37223424524506665,-2.4492935982947064e-16,1.0
Quezon,2018-01-01,15.795000000000002,2018,1,2018-01-01,727.93,,,3954.43,,,17.15,16.865000000000002,17.335,17.21,15.88,14.625,17.116666666666667,0.23676641090570613,0.49999999999999994,0.8660254037844387
Quezon,2018-02-01,16.04,2018,2,2018-01-01,727.93,,,3954.43,,,15.795000000000002,17.15,16.865000000000002,13.75,16.62,14.095,16.603333333333335,0.714393682316118,0.8660254037844386,0.5000000000000001
Quezon,2018-03-01,16.07,2018,3,2018-01-01,727.93,,,3954.43,,,16.04,15.795000000000002,17.15,17.6,17.775,15.29,16.328333333333333,0.7220514755425602,1.0,6.123233995736766e-17
Quezon,2018-04-01,15.364999999999998,2018,4,2018-04-01,20356.17,,,727.93,,,16.07,16.04,15.795000000000002,17.335,16.815,14.399999999999999,15.968333333333334,0.150858653491265,0.8660254037844387,-0.4999999999999998
Quezon,2018-05-01,15.309999999999999,2018,5,2018-04-01,20356.17,,,727.93,,,15.364999999999998,16.07,16.04,16.865000000000002,17.189999999999998,18.37,15.824999999999998,0.39865398530538765,0.49999999999999994,-0.8660254037844387
Quezon,2018-06-01,15.185,2018,6,2018-04-01,20356.17,,,727.93,,,15.309999999999999,15.364999999999998,16.07,17.15,17.53,17.04,15.581666666666665,0.4238022337520259,1.2246467991473532e-16,-1.0
Quezon,2018-07-01,13.259999999999998,2018,7,2018-07-01,6216.11,,,20356.17,,,15.185,15.309999999999999,15.364999999999998,15.795000000000002,17.21,15.265,15.286666666666667,0.09224062734615286,-0.4999999999999997,-0.8660254037844388
Quezon,2018-08-01,13.22,2018,8,2018-07-01,6216.11,,,20356.17,,,13.259999999999998,15.185,15.309999999999999,16.04,13.75,16.169999999999998,14.584999999999999,1.1491844934560747,-0.8660254037844385,-0.5000000000000004
Quezon,2018-09-01,14.329999999999998,2018,9,2018-07-01,6216.11,,,20356.17,,,13.22,13.259999999999998,15.185,16.07,17.6,16.175,13.888333333333334,1.123124362362977,-1.0,-1.8369701987210297e-16
Quezon,2018-10-01,14.885000000000002,2018,10,2018-10-01,4074.96,,,6216.11,,,14.329999999999998,13.22,13.259999999999998,15.364999999999998,17.335,15.535,13.603333333333332,0.6296295206970901,-0.8660254037844386,0.5000000000000001
Quezon,2018-11-01,13.675,2018,11,2018-10-01,4074.96,,,6216.11,,,14.885000000000002,14.329999999999998,13.22,15.309999999999999,16.865000000000002,16.575,14.145000000000001,0.8477765035667721,-0.5000000000000004,0.8660254037844384
Quezon,2018-12-01,13.805,2018,12,2018-10-01,4074.96,,,6216.11,,,13.675,14.885000000000002,14.329999999999998,15.185,17.15,16.19,14.296666666666667,0.6056883136838874,-2.4492935982947064e-16,1.0
Quezon,2019-01-01,15.385,2019,1,2019-01-01,699.55,,,4074.96,,,13.805,13.675,14.885000000000002,13.259999999999998,15.795000000000002,15.88,14.121666666666668,0.6642539674952922,0.49999999999999994,0.8660254037844387
Quezon,2019-02-01,14.975,2019,2,2019-01-01,699.55,,,4074.96,,,15.385,13.805,13.675,13.22,16.04,16.62,14.288333333333334,0.9519628844304963,0.8660254037844386,0.5000000000000001
Quezon,2019-03-01,15.419999999999998,2019,3,2019-01-01,699.55,,,4074.96,,,14.975,15.385,13.805,14.329999999999998,16.07,17.775,14.721666666666666,0.8198983676854219,1.0,6.123233995736766e-17
Quezon,2019-04-01,16.25,2019,4,2019-04-01,19904.32,,,699.55,,,15.419999999999998,14.975,15.385,14.885000000000002,15.364999999999998,16.815,15.26,0.24743686063291473,0.8660254037844387,-0.4999999999999998
Quezon,2019-05-01,15.575000000000001,2019,5,2019-04-01,19904.32,,,699.55,,,16.25,15.419999999999998,14.975,13.675,15.309999999999999,17.189999999999998,15.548333333333332,0.6471153941401793,0.49999999999999994,-0.8660254037844387
Quezon,2019-06-01,16.535,2019,6,2019-04-01,19904.32,,,699.55,,,15.575000000000001,16.25,15.419999999999998,13.805,15.185,17.53,15.748333333333333,0.44131432486742894,1.2246467991473532e-16,-1.0
Quezon,2019-07-01,16.29,2019,7,2019-07-01,5946.02,,,19904.32,,,16.535,15.575000000000001,16.25,15.385,13.259999999999998,17.21,16.12,0.49302636846303743,-0.4999999999999997,-0.8660254037844388
Quezon,2019-08-01,14.350000000000001,2019,8,2019-07-01,5946.02,,,19904.32,,,16.29,16.535,15.575000000000001,14.975,13.22,13.75,16.133333333333336,0.49880690986912296,-0.8660254037844385,-0.5000000000000004
Quezon,2019-09-01,13.899999999999999,2019,9,2019-07-01,5946.02,,,19904.32,,,14.350000000000001,16.29,16.535,15.419999999999998,14.329999999999998,17.6,15.725,1.1970693380083968,-1.0,-1.8369701987210297e-16
Quezon,2019-10-01,16.455,2019,10,2019-10-01,3731.98,,,5946.02,,,13.899999999999999,14.350000000000001,16.29,16.25,14.885000000000002,17.335,14.84666666666667,1.2700524923534546,-0.8660254037844386,0.5000000000000001
Quezon,2019-11-01,16.73,2019,11,2019-10-01,3731.98,,,5946.02,,,16.455,13.899999999999999,14.350000000000001,15.575000000000001,13.675,16.865000000000002,14.901666666666666,1.3639128760053623,-0.5000000000000004,0.8660254037844384
Quezon,2019-12-01,16.33,2019,12,2019-10-01,3731.98,,,5946.02,,,16.73,16.455,13.899999999999999,16.535,13.805,17.15,15.695,1.5605848262750301,-2.4492935982947064e-16,1.0
Quezon,2020-01-01,17.76,2020,1,2020-01-01,317.3,,,3731.98,,,16.33,16.73,16.455,16.29,15.385,15.795000000000002,16.505,0.20463381929641952,0.49999999999999994,0.8660254037844387
Quezon,2020-02-01,20.11,2020,2,2020-01-01,317.3,,,3731.98,,,17.76,16.33,16.73,14.350000000000001,14.975,16.04,16.94,0.7377669008567861,0.8660254037844386,0.5000000000000001
Quezon,2020-03-01,22.5,2020,3,2020-01-01,317.3,,,3731.98,,,20.11,17.76,16.33,13.899999999999999,15.419999999999998,16.07,18.066666666666666,1.908568398913993,1.0,6.123233995736766e-17
Quezon,2020-04-01,21.0,2020,4,2020-04-01,19158.24,,,317.3,,,22.5,20.11,17.76,16.455,16.25,15.364999999999998,20.123333333333335,2.3700281292282273,0.8660254037844387,-0.4999999999999998
Quezon,2020-05-01,27.644999999999996,2020,5,2020-04-01,19158.24,,,317.3,,,21.0,22.5,20.11,16.73,15.575000000000001,15.309999999999999,21.203333333333333,1.207904521612953,0.49999999999999994,-0.8660254037844387
Quezon,2020-06-01,27.35,2020,6,2020-04-01,19158.24,,,317.3,,,27.644999999999996,21.0,22.5,16.33,16.535,15.185,23.715,3.4851362957565373,1.2246467991473532e-16,-1.0
Quezon,2020-07-01,23.475,2020,7,2020-07-01,5575.17,,,19158.24,,,27.35,27.644999999999996,21.0,17.76,16.29,13.259999999999998,25.331666666666667,3.7542320564041987,-0.4999999999999997,-0.8660254037844388
Quezon,2020-08-01,24.68,2020,8,2020-07-01,5575.17,,,19158.24,,,23.475,27.35,27.644999999999996,20.11,14.350000000000001,13.22,26.156666666666666,2.3270707624249147,-0.8660254037844385,-0.5000000000000004
Quezon,2020-09-01,25.465,2020,9,2020-07-01,5575.17,,,19158.24,,,24.68,23.475,27.35,22.5,13.899999999999999,14.329999999999998,25.168333333333337,1.9831183356857207,-1.0,-1.8369701987210297e-16
Quezon,2020-10-01,22.365000000000002,2020,10,2020-10-01,3307.04,,,5575.17,,,25.465,24.68,23.475,21.0,16.455,14.885000000000002,24.540000000000003,1.0023597158702944,-0.8660254037844386,0.5000000000000001
Quezon,2020-11-01,22.42,2020,11,2020-10-01,3307.04,,,5575.17,,,22.365000000000002,25.465,24.68,27.644999999999996,16.73,13.675,24.17,1.6116994136623555,-0.5000000000000004,0.8660254037844384
Quezon,2020-12-01,22.155,2020,12,2020-10-01,3307.04,,,5575.17,,,22.42,22.365000000000002,25.465,27.35,16.33,13.805,23.416666666666668,1.7741218485022165,-2.4492935982947064e-16,1.0
Quezon,2021-01-01,24.78,2021,1,2021-01-01,304.53,,,3307.04,,,22.155,22.42,22.365000000000002,23.475,17.76,15.385,22.313333333333333,0.13985111130389974,0.49999999999999994,0.8660254037844387
Quezon,2021-02-01,21.97,2021,2,2021-01-01,304.53,,,3307.04,,,24.78,22.155,22.42,24.68,20.11,14.975,23.11833333333334,1.4451326352044416,0.8660254037844386,0.5000000000000001
Quezon,2021-03-01,24.115000000000002,2021,3,2021-01-01,304.53,,,3307.04,,,21.97,24.78,22.155,25.465,22.5,15.419999999999998,22.968333333333334,1.5716737362865536,1.0,6.123233995736766e-17
Quezon,2021-04-01,25.14,2021,4,2021-04-01,17985.56,,,304.53,,,24.115000000000002,21.97,24.78,22.365000000000002,21.0,16.25,23.62166666666667,1.46852250011123,0.8660254037844387,-0.4999999999999998
Quezon,2021-05-01,19.015,2021,5,2021-04-01,17985.56,,,304.53,,,25.14,24.115000000000002,21.97,22.42,27.644999999999996,15.575000000000001,23.74166666666667,1.6176397415163057,0.49999999999999994,-0.8660254037844387
Quezon,2021-06-01,20.155,2021,6,2021-04-01,17985.56,,,304.53,,,19.015,25.14,24.115000000000002,22.155,27.35,16.535,22.75666666666667,3.280656692391468,1.2246467991473532e-16,-1.0
Quezon,2021-07-01,17.54,2021,7,2021-07-01,5403.81,,,17985.56,,,20.155,19.015,25.14,24.78,23.475,16.29,21.436666666666667,3.2574389224255476,-0.4999999999999997,-0.8660254037844388
Quezon,2021-08-01,17.990000000000002,2021,8,2021-07-01,5403.81,,,17985.56,,,17.54,20.155,19.015,21.97,24.68,14.350000000000001,18.903333333333332,1.3110714447858602,-0.8660254037844385,-0.5000000000000004
Quezon,2021-09-01,18.84,2021,9,2021-07-01,5403.81,,,17985.56,,,17.990000000000002,17.54,20.155,24.115000000000002,25.465,13.899999999999999,18.56166666666667,1.3980909603215657,-1.0,-1.8369701987210297e-16
Quezon,2021-10-01,16.71,2021,10,2021-10-01,3710.57,,,5403.81,,,18.84,17.990000000000002,17.54,25.14,22.365000000000002,16.455,18.123333333333335,0.6601767440109292,-0.8660254037844386,0.5000000000000001
Quezon,2021-11-01,16.29,2021,11,2021-10-01,3710.57,,,5403.81,,,16.71,18.84,17.990000000000002,19.015,22.42,16.73,17.846666666666668,1.0722095566319416,-0.5000000000000004,0.8660254037844384
Quezon,2021-12-01,17.23,2021,12,2021-10-01,3710.57,,,5403.81,,,16.29,16.71,18.84,20.155,22.155,16.33,17.28,1.3672234638125262,-2.4492935982947064e-16,1.0
Quezon,2022-01-01,16.265,2022,1,2022-01-01,348.45,,,3710.57,,,17.23,16.29,16.71,17.54,24.78,17.76,16.743333333333336,0.47088569030375854,0.49999999999999994,0.8660254037844387
Quezon,2022-02-01,16.384999999999998,2022,2,2022-01-01,348.45,,,3710.57,,,16.265,17.23,16.29,17.990000000000002,21.97,20.11,16.595000000000002,0.5500681775921157,0.8660254037844386,0.5000000000000001
Quezon,2022-03-01,15.295000000000002,2022,3,2022-01-01,348.45,,,3710.57,,,16.384999999999998,16.265,17.23,18.84,24.115000000000002,22.5,16.62666666666667,0.5259356741397614,1.0,6.123233995736766e-17
Quezon,2022-04-01,12.7,2022,4,2022-04-01,19979.66,,,348.45,,,15.295000000000002,16.384999999999998,16.265,16.71,25.14,21.0,15.98166666666667,0.5976899976851158,0.8660254037844387,-0.4999999999999998
Quezon,2022-05-01,10.915,2022,5,2022-04-01,19979.66,,,348.45,,,12.7,15.295000000000002,16.384999999999998,16.29,19.015,27.644999999999996,14.793333333333335,1.8930288781032414,0.49999999999999994,-0.8660254037844387
Quezon,2022-06-01,10.254999999999999,2022,6,2022-04-01,19979.66,,,348.45,,,10.915,12.7,15.295000000000002,17.23,20.155,27.35,12.97,2.2024475022119048,1.2246467991473532e-16,-1.0
Quezon,2022-07-01,9.645,2022,7,2022-07-01,6037.93,,,19979.66,,,10.254999999999999,10.915,12.7,16.265,17.54,23.475,11.290000000000001,1.2649011819108331,-0.4999999999999997,-0.8660254037844388
Quezon,2022-08-01,9.625,2022,8,2022-07-01,6037.93,,,19979.66,,,9.645,10.254999999999999,10.915,16.384999999999998,17.990000000000002,24.68,10.271666666666667,0.6351640208109535,-0.8660254037844385,-0.5000000000000004
Quezon,2022-09-01,11.765,2022,9,2022-07-01,6037.93,,,19979.66,,,9.625,9.645,10.254999999999999,15.295000000000002,18.84,25.465,9.841666666666667,0.3580968211709349,-1.0,-1.8369701987210297e-16
Quezon,2022-10-01,10.545,2022,10,2022-10-01,3599.2,,,6037.93,,,11.765,9.625,9.645,12.7,16.71,22.365000000000002,10.345,1.2297967311712152,-0.8660254037844386,0.5000000000000001
Quezon,2022-11-01,11.23,2022,11,2022-10-01,3599.2,,,6037.93,,,10.545,11.765,9.625,10.915,16.29,22.42,10.645000000000001,1.0734989520252973,-0.5000000000000004,0.8660254037844384
Quezon,2022-12-01,12.29,2022,12,2022-10-01,3599.2,,,6037.93,,,11.23,10.545,11.765,10.254999999999999,17.23,22.155,11.180000000000001,0.6115349540291412,-2.4492935982947064e-16,1.0
Quezon,2023-01-01,12.555,2023,1,2023-01-01,316.19,,,3599.2,,,12.29,11.23,10.545,9.645,16.265,24.78,11.355000000000002,0.8791899680953071,0.49999999999999994,0.8660254037844387
Quezon,2023-02-01,14.625,2023,2,2023-01-01,316.19,,,3599.2,,,12.555,12.29,11.23,9.625,16.384999999999998,21.97,12.025,0.7011240974317199,0.8660254037844386,0.5000000000000001
Quezon,2023-03-01,14.9,2023,3,2023-01-01,316.19,,,3599.2,,,14.625,12.555,12.29,11.765,15.295000000000002,24.115000000000002,13.156666666666668,1.278498468255949,1.0,6.123233995736766e-17
Quezon,2023-04-01,15.41,2023,4,2023-04-01,18562.03,,,316.19,,,14.9,14.625,12.555,10.545,12.7,25.14,14.026666666666669,1.2818963816677353,0.8660254037844387,-0.4999999999999998
Quezon,2023-05-01,15.015,2023,5,2023-04-01,18562.03,,,316.19,,,15.41,14.9,14.625,11.23,10.915,19.015,14.978333333333333,0.39831938608717066,0.49999999999999994,-0.8660254037844387
Quezon,2023-06-01,14.005,2023,6,2023-04-01,18562.03,,,316.19,,,15.015,15.41,14.9,12.29,10.254999999999999,20.155,15.108333333333334,0.2675038940517775,1.2246467991473532e-16,-1.0
Quezon,2023-07-01,12.045,2023,7,2023-07-01,6378.88,,,18562.03,,,14.005,15.015,15.41,12.555,9.645,17.54,14.810000000000002,0.7245860887427525,-0.4999999999999997,-0.8660254037844388
Quezon,2023-08-01,14.489999999999998,2023,8,2023-07-01,6378.88,,,18562.03,,,12.045,14.005,15.015,14.625,9.625,17.990000000000002,13.688333333333334,1.5101103712420538,-0.8660254037844385,-0.5000000000000004
Quezon,2023-09-01,13.33,2023,9,2023-07-01,6378.88,,,18562.03,,,14.489999999999998,12.045,14.005,14.9,11.765,18.84,13.513333333333335,1.2945301592982703,-1.0,-1.8369701987210297e-16
Quezon,2023-10-01,12.370000000000001,2023,10,2023-10-01,3750.63,,,6378.88,,,13.33,14.489999999999998,12.045,15.41,10.545,16.71,13.288333333333334,1.2230324334754155,-0.8660254037844386,0.5000000000000001
Quezon,2023-11-01,12.41,2023,11,2023-10-01,3750.63,,,6378.88,,,12.370000000000001,13.33,14.489999999999998,15.015,11.23,16.29,13.396666666666668,1.061571162632444,-0.5000000000000004,0.8660254037844384
Quezon,2023-12-01,12.565000000000001,2023,12,2023-10-01,3750.63,,,6378.88,,,12.41,12.370000000000001,13.33,14.005,12.29,17.23,12.703333333333335,0.5430776494505851,-2.4492935982947064e-16,1.0
Quezon,2024-01-01,19.09,2024,1,2024-01-01,351.76,,,3750.63,,,12.565000000000001,12.41,12.370000000000001,12.045,12.555,16.265,12.448333333333336,0.10299676370043383,0.49999999999999994,0.8660254037844387
Quezon,2024-02-01,16.53,2024,2,2024-01-01,351.76,,,3750.63,,,19.09,12.565000000000001,12.41,14.489999999999998,14.625,16.384999999999998,14.688333333333334,3.8127428884377768,0.8660254037844386,0.5000000000000001
Quezon,2024-03-01,12.0,2024,3,2024-01-01,351.76,,,3750.63,,,16.53,19.09,12.565000000000001,13.33,14.9,15.295000000000002,16.06166666666667,3.2876143833078855,1.0,6.123233995736766e-17
Quezon,2024-04-01,31.79,2024,4,2024-04-01,18053.97,,,351.76,,,12.0,16.53,19.09,12.370000000000001,15.41,12.7,15.873333333333335,3.5903249620797393,0.8660254037844387,-0.4999999999999998
Quezon,2024-05-01,45.92,2024,5,2024-04-01,18053.97,,,351.76,,,31.79,12.0,16.53,12.41,15.015,10.915,20.10666666666667,10.368482691953197,0.49999999999999994,-0.8660254037844387
Quezon,2024-06-01,29.16,2024,6,2024-04-01,18053.97,,,351.76,,,45.92,31.79,12.0,12.565000000000001,14.005,10.254999999999999,29.903333333333336,17.03852204075616,1.2246467991473532e-16,-1.0
Quezon,2024-07-01,16.59,2024,7,2024-07-01,6914.11,,,18053.97,,,29.16,45.92,31.79,19.09,12.045,9.645,35.623333333333335,9.01361377768837,-0.4999999999999997,-0.8660254037844388
Quezon,2024-08-01,22.2,2024,8,2024-07-01,6914.11,,,18053.97,,,16.59,29.16,45.92,16.53,14.489999999999998,9.625,30.556666666666672,14.714796408150992,-0.8660254037844385,-0.5000000000000004
Quezon,2024-09-01,18.05,2024,9,2024-07-01,6914.11,,,18053.97,,,22.2,16.59,29.16,12.0,13.33,11.765,22.650000000000002,6.297070747577766,-1.0,-1.8369701987210297e-16
Quezon,2024-10-01,24.24,2024,10,2024-10-01,3329.82,,,6914.11,,,18.05,22.2,16.59,31.79,12.370000000000001,10.545,18.94666666666667,2.9105039655243123,-0.8660254037844386,0.5000000000000001
Quezon,2024-11-01,16.41,2024,11,2024-10-01,3329.82,,,6914.11,,,24.24,18.05,22.2,45.92,12.41,11.23,21.49666666666667,3.154367342801541,-0.5000000000000004,0.8660254037844384
Quezon,2024-12-01,24.335,2024,12,2024-10-01,3329.82,,,6914.11,,,16.41,24.24,18.05,29.16,12.565000000000001,12.29,19.566666666666666,4.129459205917014,-2.4492935982947064e-16,1.0
Quezon,2025-01-01,18.315,2025,1,2025-01-01,373.23,9794.79,0.03810495171412557,3329.82,,,24.335,16.41,24.24,16.59,19.09,12.555,21.661666666666672,4.548324783184779,0.49999999999999994,0.8660254037844387
Quezon,2025-02-01,25.685000000000002,2025,2,2025-01-01,373.23,9794.79,0.03810495171412557,3329.82,,,18.315,24.335,16.41,22.2,16.53,14.625,19.68666666666667,4.1367267656122495,0.8660254037844386,0.5000000000000001
Quezon,2025-03-01,21.715,2025,3,2025-01-01,373.23,9794.79,0.03810495171412557,3329.82,,,25.685000000000002,18.315,24.335,18.05,12.0,14.9,22.778333333333336,3.9238543975704436,1.0,6.123233995736766e-17
Quezon,2025-04-01,26.32,2025,4,2025-04-01,19508.05,9800.0,1.9906173469387753,373.23,9794.79,0.03810495171412557,21.715,25.685000000000002,18.315,24.24,31.79,15.41,21.905,3.688671847697968,0.8660254037844387,-0.4999999999999998
Quezon,2025-05-01,18.79,2025,5,2025-04-01,19508.05,9800.0,1.9906173469387753,373.23,9794.79,0.03810495171412557,26.32,21.715,25.685000000000002,16.41,45.92,15.015,24.573333333333338,2.495667913271512,0.49999999999999994,-0.8660254037844387
Quezon,2025-06-01,23.814999999999998,2025,6,2025-04-01,19508.05,9800.0,1.9906173469387753,373.23,9794.79,0.03810495171412557,18.79,26.32,21.715,24.335,29.16,14.005,22.275000000000006,3.7961065580406914,1.2246467991473532e-16,-1.0
Quezon,2025-07-01,25.76,2025,7,2025-07-01,6775.78,9800.0,0.6914061224489796,19508.05,9800.0,1.9906173469387753,23.814999999999998,18.79,26.32,18.315,16.59,12.045,22.975000000000005,3.8346349239529407,-0.4999999999999997,-0.8660254037844388
Quezon,2025-08-01,25.68,2025,8,2025-07-01,6775.78,9800.0,0.6914061224489796,19508.05,9800.0,1.9906173469387753,25.76,23.814999999999998,18.79,25.685000000000002,22.2,14.489999999999998,22.788333333333338,3.5966315259326893,-0.8660254037844385,-0.5000000000000004
Quezon,2025-09-01,20.97,2025,9,2025-07-01,6775.78,9800.0,0.6914061224489796,19508.05,9800.0,1.9906173469387753,25.68,25.76,23.814999999999998,21.715,18.05,13.33,25.085000000000004,1.1005793928652712,-1.0,-1.8369701987210297e-16
Quezon,2025-10-01,36.5,2025,10,2025-10-01,3783.61,9800.0,0.3860826530612245,6775.78,9800.0,0.6914061224489796,20.97,25.68,25.76,26.32,24.24,12.370000000000001,24.13666666666667,2.742705476957558,-0.8660254037844386,0.5000000000000001
Quezon,2025-11-01,33.63,2025,11,2025-10-01,3783.61,9800.0,0.3860826530612245,6775.78,9800.0,0.6914061224489796,36.5,20.97,25.68,18.79,16.41,12.41,27.71666666666667,7.962803107783913,-0.5000000000000004,0.8660254037844384
Quezon,2025-12-01,15.76,2025,12,2025-10-01,3783.61,9800.0,0.3860826530612245,6775.78,9800.0,0.6914061224489796,33.63,36.5,20.97,23.814999999999998,24.335,12.565000000000001,30.366666666666674,8.263306440725364,-2.4492935982947064e-16,1.0
Quezon,2026-01-01,20.09,2026,1,2026-01-01,4997.26,9804.5,0.5096904482635525,3783.61,9800.0,0.3860826530612245,15.76,33.63,36.5,25.76,18.315,19.09,28.630000000000006,11.23774443560628,0.49999999999999994,0.8660254037844387
Quezon,2026-02-01,20.56,2026,2,2026-01-01,4997.26,9804.5,0.5096904482635525,3783.61,9800.0,0.3860826530612245,20.09,15.76,33.63,25.68,25.685000000000002,16.53,23.160000000000007,9.32217249357679,0.8660254037844386,0.5000000000000001
Quezon,2026-03-01,20.44,2026,3,2026-01-01,4997.26,9804.5,0.5096904482635525,3783.61,9800.0,0.3860826530612245,20.56,20.09,15.76,20.97,21.715,12.0,18.803333333333338,2.6460599640470854,1.0,6.123233995736766e-17
Quezon,2026-04-01,22.975,2026,4,2026-04-01,19419.43,9804.5,1.9806650007649549,4997.26,9804.5,0.5096904482635525,20.44,20.56,20.09,36.5,26.32,31.79,20.36333333333334,0.24419937209772236,0.8660254037844387,-0.4999999999999998
Quezon,2026-05-01,19.975,2026,5,2026-04-01,19419.43,9804.5,1.9806650007649549,4997.26,9804.5,0.5096904482635525,22.975,20.44,20.56,33.63,18.79,45.92,21.325000000000006,1.4302010348197967,0.49999999999999994,-0.8660254037844387
Quezon,2026-06-01,28.799999999999997,2026,6,2026-04-01,19419.43,9804.5,1.9806650007649549,4997.26,9804.5,0.5096904482635525,19.975,22.975,20.44,15.76,23.814999999999998,29.16,21.130000000000006,1.6146439235941803,1.2246467991473532e-16,-1.0
Quezon,2026-07-01,,2026,7,2026-07-01,,,,19419.43,9804.5,1.9806650007649549,28.799999999999997,19.975,22.975,20.09,25.76,16.59,23.91666666666667,4.487227243335577,-0.4999999999999997,-0.8660254037844388
Quezon,2026-08-01,,2026,8,2026-07-01,,,,19419.43,9804.5,1.9806650007649549,,28.799999999999997,19.975,20.56,25.68,22.2,24.387500000000006,6.240217343971231,-0.8660254037844385,-0.5000000000000004
Quezon,2026-09-01,,2026,9,2026-07-01,,,,19419.43,9804.5,1.9806650007649549,,,28.799999999999997,20.44,20.97,18.05,,,-1.0,-1.8369701987210297e-16
Quezon,2026-10-01,,2026,10,2026-10-01,,,,,,,,,,22.975,36.5,24.24,,,-0.8660254037844386,0.5000000000000001
Quezon,2026-11-01,,2026,11,2026-10-01,,,,,,,,,,19.975,33.63,16.41,,,-0.5000000000000004,0.8660254037844384
Quezon,2026-12-01,,2026,12,2026-10-01,,,,,,,,,,28.799999999999997,15.76,24.335,,,-2.4492935982947064e-16,1.0
Rizal,2010-01-01,12.504999999999999,2010,1,2010-01-01,178.9,,,,,,,,,,,,,,0.49999999999999994,0.8660254037844387
Rizal,2010-02-01,11.605,2010,2,2010-01-01,178.9,,,,,,12.504999999999999,,,,,,,,0.8660254037844386,0.5000000000000001
Rizal,2010-03-01,11.325,2010,3,2010-01-01,178.9,,,,,,11.605,12.504999999999999,,,,,12.055,0.6363961030678917,1.0,6.123233995736766e-17
Rizal,2010-04-01,11.325,2010,4,2010-04-01,729.79,,,178.9,,,11.325,11.605,12.504999999999999,,,,11.811666666666667,0.6165495384260155,0.8660254037844387,-0.4999999999999998
Rizal,2010-05-01,11.07,2010,5,2010-04-01,729.79,,,178.9,,,11.325,11.325,11.605,,,,11.418333333333331,0.1616580753730942,0.49999999999999994,-0.8660254037844387
Rizal,2010-06-01,11.08,2010,6,2010-04-01,729.79,,,178.9,,,11.07,11.325,11.325,,,,11.24,0.14722431864335242,1.2246467991473532e-16,-1.0
Rizal,2010-07-01,11.935,2010,7,2010-07-01,1214.68,,,729.79,,,11.08,11.07,11.325,12.504999999999999,,,11.158333333333333,0.14442414387259842,-0.4999999999999997,-0.8660254037844388
Rizal,2010-08-01,11.6,2010,8,2010-07-01,1214.68,,,729.79,,,11.935,11.08,11.07,11.605,,,11.361666666666666,0.4965464060219674,-0.8660254037844385,-0.5000000000000004
Rizal,2010-09-01,12.415,2010,9,2010-07-01,1214.68,,,729.79,,,11.6,11.935,11.08,11.325,,,11.538333333333334,0.43082285609439513,-1.0,-1.8369701987210297e-16
Rizal,2010-10-01,12.719999999999999,2010,10,2010-10-01,960.0,,,1214.68,,,12.415,11.6,11.935,11.325,,,11.983333333333334,0.40964415452112835,-0.8660254037844386,0.5000000000000001
Rizal,2010-11-01,13.059999999999999,2010,11,2010-10-01,960.0,,,1214.68,,,12.719999999999999,12.415,11.6,11.07,,,12.245,0.5790293602227751,-0.5000000000000004,0.8660254037844384
Rizal,2010-12-01,13.21,2010,12,2010-10-01,960.0,,,1214.68,,,13.059999999999999,12.719999999999999,12.415,11.08,,,12.731666666666664,0.3226582299172453,-2.4492935982947064e-16,1.0
Rizal,2011-01-01,12.594999999999999,2011,1,2011-01-01,189.11,,,960.0,,,13.21,13.059999999999999,12.719999999999999,11.935,12.504999999999999,,12.996666666666664,0.2510644007686683,0.49999999999999994,0.8660254037844387
Rizal,2011-02-01,12.620000000000001,2011,2,2011-01-01,189.11,,,960.0,,,12.594999999999999,13.21,13.059999999999999,11.6,11.605,,12.954999999999998,0.32066337489647523,0.8660254037844386,0.5000000000000001
Rizal,2011-03-01,12.594999999999999,2011,3,2011-01-01,189.11,,,960.0,,,12.620000000000001,12.594999999999999,13.21,12.415,11.325,,12.808333333333335,0.34807805638007505,1.0,6.123233995736766e-17
Rizal,2011-04-01,12.34,2011,4,2011-04-01,768.13,,,189.11,,,12.594999999999999,12.620000000000001,12.594999999999999,12.719999999999999,11.325,,12.603333333333333,0.014433756729636643,0.8660254037844387,-0.4999999999999998
Rizal,2011-05-01,12.49,2011,5,2011-04-01,768.13,,,189.11,,,12.34,12.594999999999999,12.620000000000001,13.059999999999999,11.07,,12.518333333333333,0.1549462272316775,0.49999999999999994,-0.8660254037844387
Rizal,2011-06-01,12.84,2011,6,2011-04-01,768.13,,,189.11,,,12.49,12.34,12.594999999999999,13.21,11.08,,12.475,0.12816005617975243,1.2246467991473532e-16,-1.0
Rizal,2011-07-01,11.535,2011,7,2011-07-01,1276.38,,,768.13,,,12.84,12.49,12.34,12.594999999999999,11.935,,12.556666666666667,0.2565800719723383,-0.4999999999999997,-0.8660254037844388
Rizal,2011-08-01,11.195,2011,8,2011-07-01,1276.38,,,768.13,,,11.535,12.84,12.49,12.620000000000001,11.6,,12.288333333333334,0.6754689728872318,-0.8660254037844385,-0.5000000000000004
Rizal,2011-09-01,10.82,2011,9,2011-07-01,1276.38,,,768.13,,,11.195,11.535,12.84,12.594999999999999,12.415,,11.856666666666667,0.8683941117564851,-1.0,-1.8369701987210297e-16
Rizal,2011-10-01,10.035,2011,10,2011-10-01,1027.45,,,1276.38,,,10.82,11.195,11.535,12.34,12.719999999999999,,11.183333333333332,0.3576427453945343,-0.8660254037844386,0.5000000000000001
Rizal,2011-11-01,10.045,2011,11,2011-10-01,1027.45,,,1276.38,,,10.035,10.82,11.195,12.49,13.059999999999999,,10.683333333333332,0.5919529823671327,-0.5000000000000004,0.8660254037844384
Rizal,2011-12-01,10.07,2011,12,2011-10-01,1027.45,,,1276.38,,,10.045,10.035,10.82,12.84,13.21,,10.299999999999999,0.4503609663370163,-2.4492935982947064e-16,1.0
Rizal,2012-01-01,9.865,2012,1,2012-01-01,195.16,,,1027.45,,,10.07,10.045,10.035,11.535,12.594999999999999,12.504999999999999,10.049999999999999,0.018027756377636674,0.49999999999999994,0.8660254037844387
Rizal,2012-02-01,9.85,2012,2,2012-01-01,195.16,,,1027.45,,,9.865,10.07,10.045,11.195,12.620000000000001,11.605,9.993333333333334,0.11184066046543556,0.8660254037844386,0.5000000000000001
Rizal,2012-03-01,9.615,2012,3,2012-01-01,195.16,,,1027.45,,,9.85,9.865,10.07,10.82,12.594999999999999,11.325,9.928333333333335,0.1229159604499963,1.0,6.123233995736766e-17
Rizal,2012-04-01,9.6,2012,4,2012-04-01,779.06,,,195.16,,,9.615,9.85,9.865,10.035,12.34,11.325,9.776666666666667,0.14020817855369716,0.8660254037844387,-0.4999999999999998
Rizal,2012-05-01,9.440000000000001,2012,5,2012-04-01,779.06,,,195.16,,,9.6,9.615,9.85,10.045,12.49,11.07,9.688333333333333,0.14020817855369813,0.49999999999999994,-0.8660254037844387
Rizal,2012-06-01,10.05,2012,6,2012-04-01,779.06,,,195.16,,,9.440000000000001,9.6,9.615,10.07,12.84,11.08,9.551666666666668,0.0969965635130752,1.2246467991473532e-16,-1.0
Rizal,2012-07-01,10.05,2012,7,2012-07-01,1250.7,,,779.06,,,10.05,9.440000000000001,9.6,9.865,11.535,11.935,9.696666666666667,0.31628046625320705,-0.4999999999999997,-0.8660254037844388
Rizal,2012-08-01,11.205,2012,8,2012-07-01,1250.7,,,779.06,,,10.05,10.05,9.440000000000001,9.85,11.195,11.6,9.846666666666666,0.3521836642056895,-0.8660254037844385,-0.5000000000000004
Rizal,2012-09-01,11.455,2012,9,2012-07-01,1250.7,,,779.06,,,11.205,10.05,10.05,9.615,10.82,12.415,10.435,0.666839560914027,-1.0,-1.8369701987210297e-16
Rizal,2012-10-01,11.024999999999999,2012,10,2012-10-01,1050.91,,,1250.7,,,11.455,11.205,10.05,9.6,10.035,12.719999999999999,10.903333333333334,0.7495053924644871,-0.8660254037844386,0.5000000000000001
Rizal,2012-11-01,10.59,2012,11,2012-10-01,1050.91,,,1250.7,,,11.024999999999999,11.455,11.205,9.440000000000001,10.045,13.059999999999999,11.228333333333332,0.215947524489967,-0.5000000000000004,0.8660254037844384
Rizal,2012-12-01,10.45,2012,12,2012-10-01,1050.91,,,1250.7,,,10.59,11.024999999999999,11.455,10.05,10.07,13.21,11.023333333333333,0.4325024084711495,-2.4492935982947064e-16,1.0
Rizal,2013-01-01,10.635,2013,1,2013-01-01,206.41,,,1050.91,,,10.45,10.59,11.024999999999999,10.05,9.865,12.594999999999999,10.688333333333333,0.29984718330067023,0.49999999999999994,0.8660254037844387
Rizal,2013-02-01,9.65,2013,2,2013-01-01,206.41,,,1050.91,,,10.635,10.45,10.59,11.205,9.85,12.620000000000001,10.558333333333334,0.09647970425611219,0.8660254037844386,0.5000000000000001
Rizal,2013-03-01,9.780000000000001,2013,3,2013-01-01,206.41,,,1050.91,,,9.65,10.635,10.45,11.455,9.615,12.594999999999999,10.245,0.5235217282978958,1.0,6.123233995736766e-17
Rizal,2013-04-01,10.045,2013,4,2013-04-01,798.8,,,206.41,,,9.780000000000001,9.65,10.635,11.024999999999999,9.6,12.34,10.021666666666667,0.5351245960833338,0.8660254037844387,-0.4999999999999998
Rizal,2013-05-01,9.715,2013,5,2013-04-01,798.8,,,206.41,,,10.045,9.780000000000001,9.65,10.59,9.440000000000001,12.49,9.825000000000001,0.20130822139202395,0.49999999999999994,-0.8660254037844387
Rizal,2013-06-01,10.11,2013,6,2013-04-01,798.8,,,206.41,,,9.715,10.045,9.780000000000001,10.45,10.05,12.84,9.846666666666668,0.1748094200360877,1.2246467991473532e-16,-1.0
Rizal,2013-07-01,10.129999999999999,2013,7,2013-07-01,1319.6,,,798.8,,,10.11,9.715,10.045,10.635,10.05,11.535,9.956666666666665,0.21179785960522046,-0.4999999999999997,-0.8660254037844388
Rizal,2013-08-01,10.65,2013,8,2013-07-01,1319.6,,,798.8,,,10.129999999999999,10.11,9.715,9.65,11.205,11.195,9.985,0.2340405947694098,-0.8660254037844385,-0.5000000000000004
Rizal,2013-09-01,10.780000000000001,2013,9,2013-07-01,1319.6,,,798.8,,,10.65,10.129999999999999,10.11,9.780000000000001,11.455,10.82,10.296666666666667,0.30615900008549796,-1.0,-1.8369701987210297e-16
Rizal,2013-10-01,10.765,2013,10,2013-10-01,1125.15,,,1319.6,,,10.780000000000001,10.65,10.129999999999999,10.045,11.024999999999999,10.035,10.520000000000001,0.34394767043842356,-0.8660254037844386,0.5000000000000001
Rizal,2013-11-01,10.505,2013,11,2013-10-01,1125.15,,,1319.6,,,10.765,10.780000000000001,10.65,9.715,10.59,10.045,10.731666666666667,0.07112196097795748,-0.5000000000000004,0.8660254037844384
Rizal,2013-12-01,10.545,2013,12,2013-10-01,1125.15,,,1319.6,,,10.505,10.765,10.780000000000001,10.11,10.45,10.07,10.683333333333335,0.15462319791464196,-2.4492935982947064e-16,1.0
Rizal,2014-01-01,10.625,2014,1,2014-01-01,219.44,,,1125.15,,,10.545,10.505,10.765,10.129999999999999,10.635,9.865,10.605000000000002,0.14000000000006402,0.49999999999999994,0.8660254037844387
Rizal,2014-02-01,11.075,2014,2,2014-01-01,219.44,,,1125.15,,,10.625,10.545,10.505,10.65,9.65,9.85,10.558333333333335,0.06110100926622814,0.8660254037844386,0.5000000000000001
Rizal,2014-03-01,11.49,2014,3,2014-01-01,219.44,,,1125.15,,,11.075,10.625,10.545,10.780000000000001,9.780000000000001,9.615,10.748333333333333,0.2857154761880246,1.0,6.123233995736766e-17
Rizal,2014-04-01,13.12,2014,4,2014-04-01,775.5,,,219.44,,,11.49,11.075,10.625,10.765,10.045,9.6,11.063333333333333,0.4326179993173502,0.8660254037844387,-0.4999999999999998
Rizal,2014-05-01,13.940000000000001,2014,5,2014-04-01,775.5,,,219.44,,,13.12,11.49,11.075,10.505,9.715,9.440000000000001,11.894999999999998,1.0809833486229123,0.49999999999999994,-0.8660254037844387
Rizal,2014-06-01,14.11,2014,6,2014-04-01,775.5,,,219.44,,,13.940000000000001,13.12,11.49,10.545,10.11,10.05,12.850000000000001,1.2471166745737932,1.2246467991473532e-16,-1.0
Rizal,2014-07-01,15.035,2014,7,2014-07-01,1275.65,,,775.5,,,14.11,13.940000000000001,13.12,10.625,10.129999999999999,10.05,13.723333333333334,0.5293706955747758,-0.4999999999999997,-0.8660254037844388
Rizal,2014-08-01,15.834999999999999,2014,8,2014-07-01,1275.65,,,775.5,,,15.035,14.11,13.940000000000001,11.075,10.65,11.205,14.361666666666666,0.5892862914859931,-0.8660254037844385,-0.5000000000000004
Rizal,2014-09-01,15.585,2014,9,2014-07-01,1275.65,,,775.5,,,15.834999999999999,15.035,14.11,11.49,10.780000000000001,11.455,14.993333333333332,0.8632545009053291,-1.0,-1.8369701987210297e-16
Rizal,2014-10-01,16.72,2014,10,2014-10-01,1075.97,,,1275.65,,,15.585,15.834999999999999,15.035,13.12,10.765,11.024999999999999,15.485,0.409267638593587,-0.8660254037844386,0.5000000000000001
Rizal,2014-11-01,17.415,2014,11,2014-10-01,1075.97,,,1275.65,,,16.72,15.585,15.834999999999999,13.940000000000001,10.505,10.59,16.046666666666667,0.5963709695594664,-0.5000000000000004,0.8660254037844384
Rizal,2014-12-01,17.42,2014,12,2014-10-01,1075.97,,,1275.65,,,17.415,16.72,15.585,14.11,10.545,10.45,16.573333333333334,0.9237739622512046,-2.4492935982947064e-16,1.0
Rizal,2015-01-01,18.0,2015,1,2015-01-01,214.89,,,1075.97,,,17.42,17.415,16.72,15.035,10.625,10.635,17.185,0.4027095727691982,0.49999999999999994,0.8660254037844387
Rizal,2015-02-01,16.67,2015,2,2015-01-01,214.89,,,1075.97,,,18.0,17.42,17.415,15.834999999999999,11.075,9.65,17.611666666666668,0.33631582379256786,0.8660254037844386,0.5000000000000001
Rizal,2015-03-01,14.695,2015,3,2015-01-01,214.89,,,1075.97,,,16.67,18.0,17.42,15.585,11.49,9.780000000000001,17.363333333333333,0.6668083182844077,1.0,6.123233995736766e-17
Rizal,2015-04-01,14.82,2015,4,2015-04-01,741.4,,,214.89,,,14.695,16.67,18.0,16.72,13.12,10.045,16.455000000000002,1.6629567041868443,0.8660254037844387,-0.4999999999999998
Rizal,2015-05-01,15.575,2015,5,2015-04-01,741.4,,,214.89,,,14.82,14.695,16.67,17.415,13.940000000000001,9.715,15.395000000000001,1.1059498180297331,0.49999999999999994,-0.8660254037844387
Rizal,2015-06-01,16.545,2015,6,2015-04-01,741.4,,,214.89,,,15.575,14.82,14.695,17.42,14.11,10.11,15.030000000000001,0.47610398023961753,1.2246467991473532e-16,-1.0
Rizal,2015-07-01,14.059999999999999,2015,7,2015-07-01,1395.1,,,741.4,,,16.545,15.575,14.82,18.0,15.035,10.129999999999999,15.646666666666667,0.8647302084079923,-0.4999999999999997,-0.8660254037844388
Rizal,2015-08-01,12.58,2015,8,2015-07-01,1395.1,,,741.4,,,14.059999999999999,16.545,15.575,16.67,15.834999999999999,10.65,15.393333333333333,1.2524209888585136,-0.8660254037844385,-0.5000000000000004
Rizal,2015-09-01,13.21,2015,9,2015-07-01,1395.1,,,741.4,,,12.58,14.059999999999999,16.545,14.695,15.585,10.780000000000001,14.395000000000001,2.0036154820723517,-1.0,-1.8369701987210297e-16
Rizal,2015-10-01,14.955,2015,10,2015-10-01,1063.19,,,1395.1,,,13.21,12.58,14.059999999999999,14.82,16.72,10.765,13.283333333333333,0.742720225477516,-0.8660254037844386,0.5000000000000001
Rizal,2015-11-01,15.88,2015,11,2015-10-01,1063.19,,,1395.1,,,14.955,13.21,12.58,15.575,17.415,10.505,13.581666666666669,1.23034886651444,-0.5000000000000004,0.8660254037844384
Rizal,2015-12-01,15.88,2015,12,2015-10-01,1063.19,,,1395.1,,,15.88,14.955,13.21,16.545,17.42,10.545,14.681666666666667,1.3558238577829147,-2.4492935982947064e-16,1.0
Rizal,2016-01-01,10.635,2016,1,2016-01-01,184.65,,,1063.19,,,15.88,15.88,14.955,14.059999999999999,18.0,10.625,15.571666666666667,0.5340489990003984,0.49999999999999994,0.8660254037844387
Rizal,2016-02-01,19.27,2016,2,2016-01-01,184.65,,,1063.19,,,10.635,15.88,15.88,12.58,16.67,11.075,14.131666666666668,3.0282021618995922,0.8660254037844386,0.5000000000000001
Rizal,2016-03-01,12.31,2016,3,2016-01-01,184.65,,,1063.19,,,19.27,10.635,15.88,13.21,14.695,11.49,15.261666666666665,4.3505813787738,1.0,6.123233995736766e-17
Rizal,2016-04-01,16.175,2016,4,2016-04-01,742.8,,,184.65,,,12.31,19.27,10.635,14.955,14.82,13.12,14.071666666666665,4.579127464193737,0.8660254037844387,-0.4999999999999998
Rizal,2016-05-01,18.8,2016,5,2016-04-01,742.8,,,184.65,,,16.175,12.31,19.27,15.88,15.575,13.940000000000001,15.918333333333335,3.4870916726311227,0.49999999999999994,-0.8660254037844387
Rizal,2016-06-01,15.16,2016,6,2016-04-01,742.8,,,184.65,,,18.8,16.175,12.31,15.88,16.545,14.11,15.761666666666665,3.2646834966552776,1.2246467991473532e-16,-1.0
Rizal,2016-07-01,13.835,2016,7,2016-07-01,1425.89,,,742.8,,,15.16,18.8,16.175,10.635,14.059999999999999,15.035,16.711666666666666,1.8784057957037146,-0.4999999999999997,-0.8660254037844388
Rizal,2016-08-01,15.594999999999999,2016,8,2016-07-01,1425.89,,,742.8,,,13.835,15.16,18.8,19.27,12.58,15.834999999999999,15.931666666666667,2.570876958030726,-0.8660254037844385,-0.5000000000000004
Rizal,2016-09-01,15.825000000000001,2016,9,2016-07-01,1425.89,,,742.8,,,15.594999999999999,13.835,15.16,12.31,13.21,15.585,14.863333333333335,0.9167378760220061,-1.0,-1.8369701987210297e-16
Rizal,2016-10-01,16.87,2016,10,2016-10-01,1178.52,,,1425.89,,,15.825000000000001,15.594999999999999,13.835,16.175,14.955,16.72,15.085,1.0886229834061028,-0.8660254037844386,0.5000000000000001
Rizal,2016-11-01,15.204999999999998,2016,11,2016-10-01,1178.52,,,1425.89,,,16.87,15.825000000000001,15.594999999999999,18.8,15.88,17.415,16.096666666666668,0.6795280224783423,-0.5000000000000004,0.8660254037844384
Rizal,2016-12-01,15.275,2016,12,2016-10-01,1178.52,,,1425.89,,,15.204999999999998,16.87,15.825000000000001,15.16,15.88,17.42,15.966666666666667,0.8414917309952182,-2.4492935982947064e-16,1.0
Rizal,2017-01-01,16.544999999999998,2017,1,2017-01-01,205.49,,,1178.52,,,15.275,15.204999999999998,16.87,13.835,10.635,18.0,15.783333333333331,0.9417315611857398,0.49999999999999994,0.8660254037844387
Rizal,2017-02-01,19.740000000000002,2017,2,2017-01-01,205.49,,,1178.52,,,16.544999999999998,15.275,15.204999999999998,15.594999999999999,19.27,16.67,15.674999999999999,0.7542545989253203,0.8660254037844386,0.5000000000000001
Rizal,2017-03-01,19.244999999999997,2017,3,2017-01-01,205.49,,,1178.52,,,19.740000000000002,16.544999999999998,15.275,15.825000000000001,12.31,14.695,17.186666666666667,2.3006212928974903,1.0,6.123233995736766e-17
Rizal,2017-04-01,17.835,2017,4,2017-04-01,802.68,,,205.49,,,19.244999999999997,19.740000000000002,16.544999999999998,16.87,16.175,14.82,18.51,1.7196438584776708,0.8660254037844387,-0.4999999999999998
Rizal,2017-05-01,16.439999999999998,2017,5,2017-04-01,802.68,,,205.49,,,17.835,19.244999999999997,19.740000000000002,15.204999999999998,18.8,15.575,18.94,0.9884457496493991,0.49999999999999994,-0.8660254037844387
Rizal,2017-06-01,17.064999999999998,2017,6,2017-04-01,802.68,,,205.49,,,16.439999999999998,17.835,19.244999999999997,15.275,15.16,16.545,17.84,1.4025066844760365,1.2246467991473532e-16,-1.0
Rizal,2017-07-01,16.4,2017,7,2017-07-01,1527.64,,,802.68,,,17.064999999999998,16.439999999999998,17.835,16.544999999999998,13.835,14.059999999999999,17.113333333333333,0.6987548449444229,-0.4999999999999997,-0.8660254037844388
Rizal,2017-08-01,13.705,2017,8,2017-07-01,1527.64,,,802.68,,,16.4,17.064999999999998,16.439999999999998,19.740000000000002,15.594999999999999,12.58,16.634999999999998,0.3729276069158319,-0.8660254037844385,-0.5000000000000004
Rizal,2017-09-01,15.895,2017,9,2017-07-01,1527.64,,,802.68,,,13.705,16.4,17.064999999999998,19.244999999999997,15.825000000000001,13.21,15.723333333333331,1.7792718548140134,-1.0,-1.8369701987210297e-16
Rizal,2017-10-01,14.845,2017,10,2017-10-01,1288.29,,,1527.64,,,15.895,13.705,16.4,17.835,16.87,14.955,15.333333333333334,1.4326054353286888,-0.8660254037844386,0.5000000000000001
Rizal,2017-11-01,14.915,2017,11,2017-10-01,1288.29,,,1527.64,,,14.845,15.895,13.705,16.439999999999998,15.204999999999998,15.88,14.815,1.095308175811708,-0.5000000000000004,0.8660254037844384
Rizal,2017-12-01,15.115,2017,12,2017-10-01,1288.29,,,1527.64,,,14.915,14.845,15.895,17.064999999999998,15.275,15.88,15.218333333333334,0.5870547958524007,-2.4492935982947064e-16,1.0
Rizal,2018-01-01,18.39,2018,1,2018-01-01,220.54,,,1288.29,,,15.115,14.915,14.845,16.4,16.544999999999998,10.635,14.958333333333334,0.1401189970464556,0.49999999999999994,0.8660254037844387
Rizal,2018-02-01,16.865000000000002,2018,2,2018-01-01,220.54,,,1288.29,,,18.39,15.115,14.915,13.705,19.740000000000002,19.27,16.14,1.9511214723845287,0.8660254037844386,0.5000000000000001
Rizal,2018-03-01,16.75,2018,3,2018-01-01,220.54,,,1288.29,,,16.865000000000002,18.39,15.115,15.895,19.244999999999997,12.31,16.790000000000003,1.6387876616572292,1.0,6.123233995736766e-17
Rizal,2018-04-01,17.03,2018,4,2018-04-01,813.27,,,220.54,,,16.75,16.865000000000002,18.39,14.845,17.835,16.175,17.335,0.9154643630420385,0.8660254037844387,-0.4999999999999998
Rizal,2018-05-01,15.875,2018,5,2018-04-01,813.27,,,220.54,,,17.03,16.75,16.865000000000002,14.915,16.439999999999998,18.8,16.881666666666668,0.1407420808901983,0.49999999999999994,-0.8660254037844387
Rizal,2018-06-01,16.835,2018,6,2018-04-01,813.27,,,220.54,,,15.875,17.03,16.75,15.115,17.064999999999998,15.16,16.551666666666666,0.6025017289048297,1.2246467991473532e-16,-1.0
Rizal,2018-07-01,15.864999999999998,2018,7,2018-07-01,1562.03,,,813.27,,,16.835,15.875,17.03,18.39,16.4,13.835,16.580000000000002,0.6182839153657286,-0.4999999999999997,-0.8660254037844388
Rizal,2018-08-01,15.085,2018,8,2018-07-01,1562.03,,,813.27,,,15.864999999999998,16.835,15.875,16.865000000000002,13.705,15.594999999999999,16.191666666666666,0.5571654452075383,-0.8660254037844385,-0.5000000000000004
Rizal,2018-09-01,15.455000000000002,2018,9,2018-07-01,1562.03,,,813.27,,,15.085,15.864999999999998,16.835,16.75,15.895,15.825000000000001,15.928333333333333,0.8767173622857688,-1.0,-1.8369701987210297e-16
Rizal,2018-10-01,14.56,2018,10,2018-10-01,1270.28,,,1562.03,,,15.455000000000002,15.085,15.864999999999998,17.03,14.845,16.87,15.468333333333334,0.3901709027250998,-0.8660254037844386,0.5000000000000001
Rizal,2018-11-01,14.39,2018,11,2018-10-01,1270.28,,,1562.03,,,14.56,15.455000000000002,15.085,15.875,14.915,15.204999999999998,15.033333333333333,0.44973140132008316,-0.5000000000000004,0.8660254037844384
Rizal,2018-12-01,14.08,2018,12,2018-10-01,1270.28,,,1562.03,,,14.39,14.56,15.455000000000002,16.835,15.115,15.275,14.801666666666668,0.5721523689834105,-2.4492935982947064e-16,1.0
Rizal,2019-01-01,17.05,2019,1,2019-01-01,215.53,,,1270.28,,,14.08,14.39,14.56,15.864999999999998,18.39,16.544999999999998,14.343333333333334,0.24337899115028888,0.49999999999999994,0.8660254037844387
Rizal,2019-02-01,15.864999999999998,2019,2,2019-01-01,215.53,,,1270.28,,,17.05,14.08,14.39,15.085,16.865000000000002,19.740000000000002,15.173333333333332,1.6326154885132396,0.8660254037844386,0.5000000000000001
Rizal,2019-03-01,15.670000000000002,2019,3,2019-01-01,215.53,,,1270.28,,,15.864999999999998,17.05,14.08,15.455000000000002,16.75,19.244999999999997,15.665,1.4950668881357736,1.0,6.123233995736766e-17
Rizal,2019-04-01,17.095,2019,4,2019-04-01,795.13,,,215.53,,,15.670000000000002,15.864999999999998,17.05,14.56,17.03,17.835,16.195,0.7468433570702636,0.8660254037844387,-0.4999999999999998
Rizal,2019-05-01,13.585,2019,5,2019-04-01,795.13,,,215.53,,,17.095,15.670000000000002,15.864999999999998,14.39,15.875,16.439999999999998,16.209999999999997,0.7726092155805409,0.49999999999999994,-0.8660254037844387
Rizal,2019-06-01,15.96,2019,6,2019-04-01,795.13,,,215.53,,,13.585,17.095,15.670000000000002,14.08,16.835,17.064999999999998,15.450000000000003,1.7653115872275882,1.2246467991473532e-16,-1.0
Rizal,2019-07-01,16.22,2019,7,2019-07-01,1438.55,,,795.13,,,15.96,13.585,17.095,17.05,15.864999999999998,16.4,15.546666666666667,1.7911332539298461,-0.4999999999999997,-0.8660254037844388
Rizal,2019-08-01,15.54,2019,8,2019-07-01,1438.55,,,795.13,,,16.22,15.96,13.585,15.864999999999998,15.085,13.705,15.255,1.45209331656061,-0.8660254037844385,-0.5000000000000004
Rizal,2019-09-01,15.69,2019,9,2019-07-01,1438.55,,,795.13,,,15.54,16.22,15.96,15.670000000000002,15.455000000000002,15.895,15.906666666666666,0.34312291286551994,-1.0,-1.8369701987210297e-16
Rizal,2019-10-01,14.830000000000002,2019,10,2019-10-01,1358.42,,,1438.55,,,15.69,15.54,16.22,17.095,14.56,14.845,15.816666666666665,0.3572580766523274,-0.8660254037844386,0.5000000000000001
Rizal,2019-11-01,16.705000000000002,2019,11,2019-10-01,1358.42,,,1438.55,,,14.830000000000002,15.69,15.54,13.585,14.39,14.915,15.353333333333333,0.45938364504336093,-0.5000000000000004,0.8660254037844384
Rizal,2019-12-01,13.475000000000001,2019,12,2019-10-01,1358.42,,,1438.55,,,16.705000000000002,14.830000000000002,15.69,15.96,14.08,15.115,15.741666666666667,0.9385671703896972,-2.4492935982947064e-16,1.0
Rizal,2020-01-01,15.93,2020,1,2020-01-01,190.86,,,1358.42,,,13.475000000000001,16.705000000000002,14.830000000000002,16.22,17.05,18.39,15.003333333333336,1.621961261354083,0.49999999999999994,0.8660254037844387
Rizal,2020-02-01,15.615,2020,2,2020-01-01,190.86,,,1358.42,,,15.93,13.475000000000001,16.705000000000002,15.54,15.864999999999998,16.865000000000002,15.37,1.6862458302394676,0.8660254037844386,0.5000000000000001
Rizal,2020-03-01,15.925,2020,3,2020-01-01,190.86,,,1358.42,,,15.615,15.93,13.475000000000001,15.69,15.670000000000002,16.75,15.006666666666668,1.3357800467641836,1.0,6.123233995736766e-17
Rizal,2020-04-01,16.61,2020,4,2020-04-01,729.25,,,190.86,,,15.925,15.615,15.93,14.830000000000002,17.095,17.03,15.823333333333332,0.18043927879849356,0.8660254037844387,-0.4999999999999998
Rizal,2020-05-01,20.325000000000003,2020,5,2020-04-01,729.25,,,190.86,,,16.61,15.925,15.615,16.705000000000002,13.585,15.875,16.05,0.5091414341810986,0.49999999999999994,-0.8660254037844387
Rizal,2020-06-01,21.525,2020,6,2020-04-01,729.25,,,190.86,,,20.325000000000003,16.61,15.925,13.475000000000001,15.96,16.835,17.62,2.3675039598699703,1.2246467991473532e-16,-1.0
Rizal,2020-07-01,21.045,2020,7,2020-07-01,1419.84,,,729.25,,,21.525,20.325000000000003,16.61,15.93,16.22,15.864999999999998,19.486666666666668,2.5625004065040295,-0.4999999999999997,-0.8660254037844388
Rizal,2020-08-01,21.405,2020,8,2020-07-01,1419.84,,,729.25,,,21.045,21.525,20.325000000000003,15.615,15.54,15.085,20.965,0.6039867548216358,-0.8660254037844385,-0.5000000000000004
Rizal,2020-09-01,20.299999999999997,2020,9,2020-07-01,1419.84,,,729.25,,,21.405,21.045,21.525,15.925,15.69,15.455000000000002,21.325,0.24979991993587605,-1.0,-1.8369701987210297e-16
Rizal,2020-10-01,21.895,2020,10,2020-10-01,989.29,,,1419.84,,,20.299999999999997,21.405,21.045,16.61,14.830000000000002,14.56,20.916666666666668,0.5635675055690391,-0.8660254037844386,0.5000000000000001
Rizal,2020-11-01,19.884999999999998,2020,11,2020-10-01,989.29,,,1419.84,,,21.895,20.299999999999997,21.405,20.325000000000003,16.705000000000002,14.39,21.2,0.8170220315266754,-0.5000000000000004,0.8660254037844384
Rizal,2020-12-01,22.96,2020,12,2020-10-01,989.29,,,1419.84,,,19.884999999999998,21.895,20.299999999999997,21.525,13.475000000000001,14.08,20.69333333333333,1.0611589576181826,-2.4492935982947064e-16,1.0
Rizal,2021-01-01,21.75,2021,1,2021-01-01,168.59,,,989.29,,,22.96,19.884999999999998,21.895,21.045,15.93,17.05,21.58,1.561513688700798,0.49999999999999994,0.8660254037844387
Rizal,2021-02-01,23.53,2021,2,2021-01-01,168.59,,,989.29,,,21.75,22.96,19.884999999999998,21.405,15.615,15.864999999999998,21.531666666666666,1.5490830621155556,0.8660254037844386,0.5000000000000001
Rizal,2021-03-01,21.775,2021,3,2021-01-01,168.59,,,989.29,,,23.53,21.75,22.96,20.299999999999997,15.925,15.670000000000002,22.746666666666666,0.9089737803332354,1.0,6.123233995736766e-17
Rizal,2021-04-01,21.27,2021,4,2021-04-01,686.36,,,168.59,,,21.775,23.53,21.75,21.895,16.61,17.095,22.35166666666667,1.0205431560366751,0.8660254037844387,-0.4999999999999998
Rizal,2021-05-01,23.035,2021,5,2021-04-01,686.36,,,168.59,,,21.27,21.775,23.53,19.884999999999998,20.325000000000003,13.585,22.191666666666666,1.1862159724659331,0.49999999999999994,-0.8660254037844387
Rizal,2021-06-01,22.905,2021,6,2021-04-01,686.36,,,168.59,,,23.035,21.27,21.775,22.96,21.525,15.96,22.026666666666667,0.9090150347124619,1.2246467991473532e-16,-1.0
Rizal,2021-07-01,21.135,2021,7,2021-07-01,1349.12,,,686.36,,,22.905,23.035,21.27,21.75,21.045,16.22,22.403333333333332,0.9836454306981214,-0.4999999999999997,-0.8660254037844388
Rizal,2021-08-01,21.375,2021,8,2021-07-01,1349.12,,,686.36,,,21.135,22.905,23.035,23.53,21.405,15.54,22.358333333333334,1.0614298532325592,-0.8660254037844385,-0.5000000000000004
Rizal,2021-09-01,21.505000000000003,2021,9,2021-07-01,1349.12,,,686.36,,,21.375,21.135,22.905,21.775,20.299999999999997,15.69,21.805000000000003,0.9601562372863964,-1.0,-1.8369701987210297e-16
Rizal,2021-10-01,22.085,2021,10,2021-10-01,1336.83,,,1349.12,,,21.505000000000003,21.375,21.135,21.27,21.895,14.830000000000002,21.33833333333334,0.18770544300395792,-0.8660254037844386,0.5000000000000001
Rizal,2021-11-01,22.759999999999998,2021,11,2021-10-01,1336.83,,,1349.12,,,22.085,21.505000000000003,21.375,23.035,19.884999999999998,16.705000000000002,21.655,0.3780211634286788,-0.5000000000000004,0.8660254037844384
Rizal,2021-12-01,21.92,2021,12,2021-10-01,1336.83,,,1349.12,,,22.759999999999998,22.085,21.505000000000003,22.905,22.96,13.475000000000001,22.116666666666664,0.6280989837066229,-2.4492935982947064e-16,1.0
Rizal,2022-01-01,19.775,2022,1,2022-01-01,226.36,,,1336.83,,,21.92,22.759999999999998,22.085,21.135,21.75,15.93,22.255,0.44505617622942517,0.49999999999999994,0.8660254037844387
Rizal,2022-02-01,22.064999999999998,2022,2,2022-01-01,226.36,,,1336.83,,,19.775,21.92,22.759999999999998,21.375,23.53,15.615,21.485,1.5393099103169499,0.8660254037844386,0.5000000000000001
Rizal,2022-03-01,19.299999999999997,2022,3,2022-01-01,226.36,,,1336.83,,,22.064999999999998,19.775,21.92,21.505000000000003,21.775,15.925,21.253333333333334,1.2823253617289625,1.0,6.123233995736766e-17
Rizal,2022-04-01,20.54,2022,4,2022-04-01,832.1,,,226.36,,,19.299999999999997,22.064999999999998,19.775,22.085,21.27,16.61,20.38,1.4784535839856456,0.8660254037844387,-0.4999999999999998
Rizal,2022-05-01,22.705,2022,5,2022-04-01,832.1,,,226.36,,,20.54,19.299999999999997,22.064999999999998,22.759999999999998,23.035,20.325000000000003,20.634999999999998,1.3849458473167802,0.49999999999999994,-0.8660254037844387
Rizal,2022-06-01,22.189999999999998,2022,6,2022-04-01,832.1,,,226.36,,,22.705,20.54,19.299999999999997,21.92,22.905,21.525,20.848333333333333,1.7233131849241217,1.2246467991473532e-16,-1.0
Rizal,2022-07-01,19.285,2022,7,2022-07-01,1402.88,,,832.1,,,22.189999999999998,22.705,20.54,19.775,21.135,21.045,21.811666666666667,1.1309988211016324,-0.4999999999999997,-0.8660254037844388
Rizal,2022-08-01,19.965,2022,8,2022-07-01,1402.88,,,832.1,,,19.285,22.189999999999998,22.705,22.064999999999998,21.375,21.405,21.39333333333333,1.8439382672240674,-0.8660254037844385,-0.5000000000000004
Rizal,2022-09-01,20.83,2022,9,2022-07-01,1402.88,,,832.1,,,19.965,19.285,22.189999999999998,19.299999999999997,21.505000000000003,20.299999999999997,20.48,1.519432459834921,-1.0,-1.8369701987210297e-16
Rizal,2022-10-01,18.935,2022,10,2022-10-01,1248.71,,,1402.88,,,20.83,19.965,19.285,20.54,22.085,21.895,20.026666666666667,0.774343808223034,-0.8660254037844386,0.5000000000000001
Rizal,2022-11-01,20.705,2022,11,2022-10-01,1248.71,,,1402.88,,,18.935,20.83,19.965,22.705,22.759999999999998,19.884999999999998,19.91,0.9486964741159432,-0.5000000000000004,0.8660254037844384
Rizal,2022-12-01,19.8,2022,12,2022-10-01,1248.71,,,1402.88,,,20.705,18.935,20.83,22.189999999999998,21.92,22.96,20.156666666666666,1.0598388242243946,-2.4492935982947064e-16,1.0
Rizal,2023-01-01,19.645,2023,1,2023-01-01,224.53,,,1248.71,,,19.8,20.705,18.935,19.285,19.775,21.75,19.813333333333333,0.8850753263611855,0.49999999999999994,0.8660254037844387
Rizal,2023-02-01,19.595,2023,2,2023-01-01,224.53,,,1248.71,,,19.645,19.8,20.705,19.965,22.064999999999998,23.53,20.049999999999997,0.5725163753116741,0.8660254037844386,0.5000000000000001
Rizal,2023-03-01,21.785,2023,3,2023-01-01,224.53,,,1248.71,,,19.595,19.645,19.8,20.83,19.299999999999997,21.775,19.679999999999996,0.10688779163230974,1.0,6.123233995736766e-17
Rizal,2023-04-01,19.11,2023,4,2023-04-01,968.93,,,224.53,,,21.785,19.595,19.645,18.935,20.54,21.27,20.341666666666665,1.2502133151320005,0.8660254037844387,-0.4999999999999998
Rizal,2023-05-01,20.855,2023,5,2023-04-01,968.93,,,224.53,,,19.11,21.785,19.595,20.705,22.705,23.035,20.16333333333333,1.425187122217062,0.49999999999999994,-0.8660254037844387
Rizal,2023-06-01,20.495,2023,6,2023-04-01,968.93,,,224.53,,,20.855,19.11,21.785,19.8,22.189999999999998,22.905,20.583333333333332,1.358034732005533,1.2246467991473532e-16,-1.0
Rizal,2023-07-01,20.08,2023,7,2023-07-01,1342.15,,,968.93,,,20.495,20.855,19.11,19.645,19.285,21.135,20.153333333333332,0.9213079470694654,-0.4999999999999997,-0.8660254037844388
Rizal,2023-08-01,20.925,2023,8,2023-07-01,1342.15,,,968.93,,,20.08,20.495,20.855,19.595,19.965,21.375,20.476666666666667,0.387825132415814,-0.8660254037844385,-0.5000000000000004
Rizal,2023-09-01,19.25,2023,9,2023-07-01,1342.15,,,968.93,,,20.925,20.08,20.495,21.785,20.83,21.505000000000003,20.5,0.4225221887664715,-1.0,-1.8369701987210297e-16
Rizal,2023-10-01,19.015,2023,10,2023-10-01,1183.77,,,1342.15,,,19.25,20.925,20.08,19.11,18.935,22.085,20.084999999999997,0.837511193955056,-0.8660254037844386,0.5000000000000001
Rizal,2023-11-01,18.805,2023,11,2023-10-01,1183.77,,,1342.15,,,19.015,19.25,20.925,20.855,20.705,22.759999999999998,19.73,1.0415493267243936,-0.5000000000000004,0.8660254037844384
Rizal,2023-12-01,19.44,2023,12,2023-10-01,1183.77,,,1342.15,,,18.805,19.015,19.25,20.495,19.8,21.92,19.023333333333337,0.2226170104313701,-2.4492935982947064e-16,1.0
Rizal,2024-01-01,22.02,2024,1,2024-01-01,221.83,,,1183.77,,,19.44,18.805,19.015,20.08,19.645,19.775,19.08666666666667,0.32350940223337993,0.49999999999999994,0.8660254037844387
Rizal,2024-02-01,18.44,2024,2,2024-01-01,221.83,,,1183.77,,,22.02,19.44,18.805,20.925,19.595,22.064999999999998,20.088333333333335,1.7027355441563319,0.8660254037844386,0.5000000000000001
Rizal,2024-03-01,21.68,2024,3,2024-01-01,221.83,,,1183.77,,,18.44,22.02,19.44,19.25,21.785,19.299999999999997,19.966666666666665,1.8471960733320547,1.0,6.123233995736766e-17
Rizal,2024-04-01,28.0,2024,4,2024-04-01,929.86,,,221.83,,,21.68,18.44,22.02,19.015,19.11,20.54,20.713333333333335,1.9760904162849773,0.8660254037844387,-0.4999999999999998
Rizal,2024-05-01,28.0,2024,5,2024-04-01,929.86,,,221.83,,,28.0,21.68,18.44,18.805,20.855,22.705,22.706666666666667,4.861988619210587,0.49999999999999994,-0.8660254037844387
Rizal,2024-06-01,25.0,2024,6,2024-04-01,929.86,,,221.83,,,28.0,28.0,21.68,19.44,20.495,22.189999999999998,25.893333333333334,3.6488537012784126,1.2246467991473532e-16,-1.0
Rizal,2024-07-01,22.5,2024,7,2024-07-01,1258.75,,,929.86,,,25.0,28.0,28.0,22.02,20.08,19.285,27.0,1.7320508075688184,-0.4999999999999997,-0.8660254037844388
Rizal,2024-08-01,25.0,2024,8,2024-07-01,1258.75,,,929.86,,,22.5,25.0,28.0,18.44,20.925,19.965,25.166666666666668,2.753785273643023,-0.8660254037844385,-0.5000000000000004
Rizal,2024-09-01,27.384999999999998,2024,9,2024-07-01,1258.75,,,929.86,,,25.0,22.5,25.0,21.68,19.25,20.83,24.166666666666668,1.4433756729740204,-1.0,-1.8369701987210297e-16
Rizal,2024-10-01,28.33,2024,10,2024-10-01,1084.75,,,1258.75,,,27.384999999999998,25.0,22.5,28.0,19.015,18.935,24.961666666666662,2.442725595177071,-0.8660254037844386,0.5000000000000001
Rizal,2024-11-01,17.895,2024,11,2024-10-01,1084.75,,,1258.75,,,28.33,27.384999999999998,25.0,28.0,18.805,20.705,26.905,1.716107514114362,-0.5000000000000004,0.8660254037844384
Rizal,2024-12-01,17.5,2024,12,2024-10-01,1084.75,,,1258.75,,,17.895,28.33,27.384999999999998,25.0,19.44,19.8,24.536666666666665,5.771226761558861,-2.4492935982947064e-16,1.0
Rizal,2025-01-01,23.88,2025,1,2025-01-01,207.89,1431.8,0.14519485961726497,1084.75,,,17.5,17.895,28.33,22.5,22.02,19.645,21.241666666666664,6.1418530048620745,0.49999999999999994,0.8660254037844387
Rizal,2025-02-01,24.54,2025,2,2025-01-01,207.89,1431.8,0.14519485961726497,1084.75,,,23.88,17.5,17.895,25.0,18.44,19.595,19.758333333333333,3.5749277381974234,0.8660254037844386,0.5000000000000001
Rizal,2025-03-01,24.07,2025,3,2025-01-01,207.89,1431.8,0.14519485961726497,1084.75,,,24.54,23.88,17.5,27.384999999999998,21.68,21.785,21.97333333333333,3.888050068264715,1.0,6.123233995736766e-17
Rizal,2025-04-01,21.215,2025,4,2025-04-01,908.04,1431.8,0.6341947199329515,207.89,1431.8,0.14519485961726497,24.07,24.54,23.88,28.33,28.0,19.11,24.16333333333333,0.33975481355407094,0.8660254037844387,-0.4999999999999998
Rizal,2025-05-01,21.745,2025,5,2025-04-01,908.04,1431.8,0.6341947199329515,207.89,1431.8,0.14519485961726497,21.215,24.07,24.54,17.895,28.0,20.855,23.275000000000002,1.7994235187970238,0.49999999999999994,-0.8660254037844387
Rizal,2025-06-01,15.9,2025,6,2025-04-01,908.04,1431.8,0.6341947199329515,207.89,1431.8,0.14519485961726497,21.745,21.215,24.07,17.5,25.0,20.495,22.343333333333334,1.518636998539557,1.2246467991473532e-16,-1.0
Rizal,2025-07-01,20.49,2025,7,2025-07-01,1180.57,1243.32,0.9495302898690603,908.04,1431.8,0.6341947199329515,15.9,21.745,21.215,23.88,22.5,20.08,19.62,3.232495166276358,-0.4999999999999997,-0.8660254037844388
Rizal,2025-08-01,23.83,2025,8,2025-07-01,1180.57,1243.32,0.9495302898690603,908.04,1431.8,0.6341947199329515,20.49,15.9,21.745,24.54,25.0,20.925,19.378333333333334,3.076988516932321,-0.8660254037844385,-0.5000000000000004
Rizal,2025-09-01,24.34,2025,9,2025-07-01,1180.57,1243.32,0.9495302898690603,908.04,1431.8,0.6341947199329515,23.83,20.49,15.9,24.07,27.384999999999998,19.25,20.073333333333334,3.9813858558714603,-1.0,-1.8369701987210297e-16
Rizal,2025-10-01,22.75,2025,10,2025-10-01,962.42,1243.32,0.7740726442106618,1180.57,1243.32,0.9495302898690603,24.34,23.83,20.49,21.215,28.33,19.015,22.886666666666667,2.0911798902373753,-0.8660254037844386,0.5000000000000001
Rizal,2025-11-01,22.86,2025,11,2025-10-01,962.42,1243.32,0.7740726442106618,1180.57,1243.32,0.9495302898690603,22.75,24.34,23.83,21.745,17.895,18.805,23.64,0.8118497397916871,-0.5000000000000004,0.8660254037844384
Rizal,2025-12-01,21.06,2025,12,2025-10-01,962.42,1243.32,0.7740726442106618,1180.57,1243.32,0.9495302898690603,22.86,22.75,24.34,15.9,17.5,19.44,23.316666666666666,0.8879376855011721,-2.4492935982947064e-16,1.0
Rizal,2026-01-01,25.0,2026,1,2026-01-01,231.09,1236.88,0.18683299915917467,962.42,1243.32,0.7740726442106618,21.06,22.86,22.75,20.49,23.88,22.02,22.22333333333333,1.0089763789768451,0.49999999999999994,0.8660254037844387
Rizal,2026-02-01,25.46,2026,2,2026-01-01,231.09,1236.88,0.18683299915917467,962.42,1243.32,0.7740726442106618,25.0,21.06,22.86,23.83,24.54,18.44,22.97333333333333,1.9724434930646795,0.8660254037844386,0.5000000000000001
Rizal,2026-03-01,21.97,2026,3,2026-01-01,231.09,1236.88,0.18683299915917467,962.42,1243.32,0.7740726442106618,25.46,25.0,21.06,24.34,24.07,21.68,23.84,2.418511939189018,1.0,6.123233995736766e-17
Rizal,2026-04-01,20.0,2026,4,2026-04-01,791.53,1236.88,0.6399408188344867,231.09,1236.88,0.18683299915917467,21.97,25.46,25.0,22.75,21.215,28.0,24.143333333333334,1.896162791886062,0.8660254037844387,-0.4999999999999998
Rizal,2026-05-01,20.0,2026,5,2026-04-01,791.53,1236.88,0.6399408188344867,231.09,1236.88,0.18683299915917467,20.0,21.97,25.46,22.86,21.745,28.0,22.47666666666667,2.765037673040501,0.49999999999999994,-0.8660254037844387
Rizal,2026-06-01,20.0,2026,6,2026-04-01,791.53,1236.88,0.6399408188344867,231.09,1236.88,0.18683299915917467,20.0,20.0,21.97,21.06,15.9,25.0,20.656666666666666,1.1373800303035593,1.2246467991473532e-16,-1.0
Rizal,2026-07-01,,2026,7,2026-07-01,,,,791.53,1236.88,0.6399408188344867,20.0,20.0,20.0,25.0,20.49,22.5,20.0,0.0,-0.4999999999999997,-0.8660254037844388
Rizal,2026-08-01,,2026,8,2026-07-01,,,,791.53,1236.88,0.6399408188344867,,20.0,20.0,25.46,23.83,25.0,20.0,0.0,-0.8660254037844385,-0.5000000000000004
Rizal,2026-09-01,,2026,9,2026-07-01,,,,791.53,1236.88,0.6399408188344867,,,20.0,21.97,24.34,27.384999999999998,,,-1.0,-1.8369701987210297e-16
Rizal,2026-10-01,,2026,10,2026-10-01,,,,,,,,,,20.0,22.75,28.33,,,-0.8660254037844386,0.5000000000000001
Rizal,2026-11-01,,2026,11,2026-10-01,,,,,,,,,,20.0,22.86,17.895,,,-0.5000000000000004,0.8660254037844384
Rizal,2026-12-01,,2026,12,2026-10-01,,,,,,,,,,20.0,21.06,17.5,,,-2.4492935982947064e-16,1.0
