geolocation,date,target,year,season,qdate,quarter_supply,area,yield_proxy,quarter_supply_lag,area_lag,yield_proxy_lag,lag_1,lag_2,lag_3,lag_6,lag_12,lag_24,roll_mean_3,roll_std_3,season_sin,season_cos
Batangas,2010-01-01,,2010,1,2010-01-01,7.857142857142857,,,,,,,,,,,,,,0.49999999999999994,0.8660254037844387
Batangas,2010-02-01,,2010,2,2010-01-01,7.857142857142857,,,,,,,,,,,,,,0.8660254037844386,0.5000000000000001
Batangas,2010-03-01,,2010,3,2010-01-01,7.857142857142857,,,,,,,,,,,,,,1.0,6.123233995736766e-17
Batangas,2010-04-01,,2010,4,2010-04-01,0.42857142857142855,,,7.857142857142857,,,,,,,,,,,0.8660254037844387,-0.4999999999999998
Batangas,2010-05-01,,2010,5,2010-04-01,0.42857142857142855,,,7.857142857142857,,,,,,,,,,,0.49999999999999994,-0.8660254037844387
Batangas,2010-06-01,,2010,6,2010-04-01,0.42857142857142855,,,7.857142857142857,,,,,,,,,,,1.2246467991473532e-16,-1.0
Batangas,2010-07-01,,2010,7,2010-07-01,0.0,,,0.42857142857142855,,,,,,,,,,,-0.4999999999999997,-0.8660254037844388
Batangas,2010-08-01,,2010,8,2010-07-01,0.0,,,0.42857142857142855,,,,,,,,,,,-0.8660254037844385,-0.5000000000000004
Batangas,2010-09-01,,2010,9,2010-07-01,0.0,,,0.42857142857142855,,,,,,,,,,,-1.0,-1.8369701987210297e-16
Batangas,2010-10-01,,2010,10,2010-10-01,0.0,,,0.0,,,,,,,,,,,-0.8660254037844386,0.5000000000000001
Batangas,2010-11-01,,2010,11,2010-10-01,0.0,,,0.0,,,,,,,,,,,-0.5000000000000004,0.8660254037844384
Batangas,2010-12-01,,2010,12,2010-10-01,0.0,,,0.0,,,,,,,,,,,-2.4492935982947064e-16,1.0
Batangas,2011-01-01,,2011,1,2011-01-01,8.0,,,0.0,,,,,,,,,,,0.49999999999999994,0.8660254037844387
Batangas,2011-02-01,,2011,2,2011-01-01,8.0,,,0.0,,,,,,,,,,,0.8660254037844386,0.5000000000000001
Batangas,2011-03-01,,2011,3,2011-01-01,8.0,,,0.0,,,,,,,,,,,1.0,6.123233995736766e-17
Batangas,2011-04-01,,2011,4,2011-04-01,44.57142857142857,,,8.0,,,,,,,,,,,0.8660254037844387,-0.4999999999999998
Batangas,2011-05-01,,2011,5,2011-04-01,44.57142857142857,,,8.0,,,,,,,,,,,0.49999999999999994,-0.8660254037844387
Batangas,2011-06-01,,2011,6,2011-04-01,44.57142857142857,,,8.0,,,,,,,,,,,1.2246467991473532e-16,-1.0
Batangas,2011-07-01,,2011,7,2011-07-01,0.0,,,44.57142857142857,,,,,,,,,,,-0.4999999999999997,-0.8660254037844388
Batangas,2011-08-01,,2011,8,2011-07-01,0.0,,,44.57142857142857,,,,,,,,,,,-0.8660254037844385,-0.5000000000000004
Batangas,2011-09-01,,2011,9,2011-07-01,0.0,,,44.57142857142857,,,,,,,,,,,-1.0,-1.8369701987210297e-16
Batangas,2011-10-01,,2011,10,2011-10-01,0.0,,,0.0,,,,,,,,,,,-0.8660254037844386,0.5000000000000001
Batangas,2011-11-01,,2011,11,2011-10-01,0.0,,,0.0,,,,,,,,,,,-0.5000000000000004,0.8660254037844384
Batangas,2011-12-01,,2011,12,2011-10-01,0.0,,,0.0,,,,,,,,,,,-2.4492935982947064e-16,1.0
Batangas,2012-01-01,,2012,1,2012-01-01,5.142857142857143,,,0.0,,,,,,,,,,,0.49999999999999994,0.8660254037844387
Batangas,2012-02-01,21.57,2012,2,2012-01-01,5.142857142857143,,,0.0,,,,,,,,,,,0.8660254037844386,0.5000000000000001
Batangas,2012-03-01,28.29,2012,3,2012-01-01,5.142857142857143,,,0.0,,,21.57,,,,,,,,1.0,6.123233995736766e-17
Batangas,2012-04-01,,2012,4,2012-04-01,42.857142857142854,,,5.142857142857143,,,28.29,21.57,,,,,24.93,4.7517575695735985,0.8660254037844387,-0.4999999999999998
Batangas,2012-05-01,,2012,5,2012-04-01,42.857142857142854,,,5.142857142857143,,,,28.29,21.57,,,,24.93,4.7517575695735985,0.49999999999999994,-0.8660254037844387
Batangas,2012-06-01,,2012,6,2012-04-01,42.857142857142854,,,5.142857142857143,,,,,28.29,,,,,,1.2246467991473532e-16,-1.0
Batangas,2012-07-01,,2012,7,2012-07-01,0.0,,,42.857142857142854,,,,,,,,,,,-0.4999999999999997,-0.8660254037844388
Batangas,2012-08-01,,2012,8,2012-07-01,0.0,,,42.857142857142854,,,,,,21.57,,,,,-0.8660254037844385,-0.5000000000000004
Batangas,2012-09-01,,2012,9,2012-07-01,0.0,,,42.857142857142854,,,,,,28.29,,,,,-1.0,-1.8369701987210297e-16
Batangas,2012-10-01,,2012,10,2012-10-01,0.0,,,0.0,,,,,,,,,,,-0.8660254037844386,0.5000000000000001
Batangas,2012-11-01,,2012,11,2012-10-01,0.0,,,0.0,,,,,,,,,,,-0.5000000000000004,0.8660254037844384
Batangas,2012-12-01,,2012,12,2012-10-01,0.0,,,0.0,,,,,,,,,,,-2.4492935982947064e-16,1.0
Batangas,2013-01-01,22.71,2013,1,2013-01-01,22.857142857142858,,,0.0,,,,,,,,,,,0.49999999999999994,0.8660254037844387
Batangas,2013-02-01,,2013,2,2013-01-01,22.857142857142858,,,0.0,,,22.71,,,,21.57,,,,0.8660254037844386,0.5000000000000001
Batangas,2013-03-01,,2013,3,2013-01-01,22.857142857142858,,,0.0,,,,22.71,,,28.29,,,,1.0,6.123233995736766e-17
Batangas,2013-04-01,,2013,4,2013-04-01,44.285714285714285,,,22.857142857142858,,,,,22.71,,,,,,0.8660254037844387,-0.4999999999999998
Batangas,2013-05-01,,2013,5,2013-04-01,44.285714285714285,,,22.857142857142858,,,,,,,,,,,0.49999999999999994,-0.8660254037844387
Batangas,2013-06-01,,2013,6,2013-04-01,44.285714285714285,,,22.857142857142858,,,,,,,,,,,1.2246467991473532e-16,-1.0
Batangas,2013-07-01,,2013,7,2013-07-01,0.0,,,44.285714285714285,,,,,,22.71,,,,,-0.4999999999999997,-0.8660254037844388
Batangas,2013-08-01,,2013,8,2013-07-01,0.0,,,44.285714285714285,,,,,,,,,,,-0.8660254037844385,-0.5000000000000004
Batangas,2013-09-01,,2013,9,2013-07-01,0.0,,,44.285714285714285,,,,,,,,,,,-1.0,-1.8369701987210297e-16
Batangas,2013-10-01,,2013,10,2013-10-01,2.857142857142857,,,0.0,,,,,,,,,,,-0.8660254037844386,0.5000000000000001
Batangas,2013-11-01,,2013,11,2013-10-01,2.857142857142857,,,0.0,,,,,,,,,,,-0.5000000000000004,0.8660254037844384
Batangas,2013-12-01,,2013,12,2013-10-01,2.857142857142857,,,0.0,,,,,,,,,,,-2.4492935982947064e-16,1.0
Batangas,2014-01-01,,2014,1,2014-01-01,21.428571428571427,,,2.857142857142857,,,,,,,22.71,,,,0.49999999999999994,0.8660254037844387
Batangas,2014-02-01,28.24,2014,2,2014-01-01,21.428571428571427,,,2.857142857142857,,,,,,,,21.57,,,0.8660254037844386,0.5000000000000001
Batangas,2014-03-01,28.93,2014,3,2014-01-01,21.428571428571427,,,2.857142857142857,,,28.24,,,,,28.29,,,1.0,6.123233995736766e-17
Batangas,2014-04-01,,2014,4,2014-04-01,42.857142857142854,,,21.428571428571427,,,28.93,28.24,,,,,28.585,0.48790367901871745,0.8660254037844387,-0.4999999999999998
Batangas,2014-05-01,,2014,5,2014-04-01,42.857142857142854,,,21.428571428571427,,,,28.93,28.24,,,,28.585,0.48790367901871745,0.49999999999999994,-0.8660254037844387
Batangas,2014-06-01,25.0,2014,6,2014-04-01,42.857142857142854,,,21.428571428571427,,,,,28.93,,,,,,1.2246467991473532e-16,-1.0
Batangas,2014-07-01,,2014,7,2014-07-01,0.0,,,42.857142857142854,,,25.0,,,,,,,,-0.4999999999999997,-0.8660254037844388
Batangas,2014-08-01,,2014,8,2014-07-01,0.0,,,42.857142857142854,,,,25.0,,28.24,,,,,-0.8660254037844385,-0.5000000000000004
Batangas,2014-09-01,,2014,9,2014-07-01,0.0,,,42.857142857142854,,,,,25.0,28.93,,,,,-1.0,-1.8369701987210297e-16
Batangas,2014-10-01,,2014,10,2014-10-01,0.8571428571428571,,,0.0,,,,,,,,,,,-0.8660254037844386,0.5000000000000001
Batangas,2014-11-01,24.41,2014,11,2014-10-01,0.8571428571428571,,,0.0,,,,,,,,,,,-0.5000000000000004,0.8660254037844384
Batangas,2014-12-01,,2014,12,2014-10-01,0.8571428571428571,,,0.0,,,24.41,,,25.0,,,,,-2.4492935982947064e-16,1.0
Batangas,2015-01-01,19.18,2015,1,2015-01-01,21.714285714285715,,,0.8571428571428571,,,,24.41,,,,22.71,,,0.49999999999999994,0.8660254037844387
Batangas,2015-02-01,17.83,2015,2,2015-01-01,21.714285714285715,,,0.8571428571428571,,,19.18,,24.41,,28.24,,21.795,3.698168465605645,0.8660254037844386,0.5000000000000001
Batangas,2015-03-01,18.7,2015,3,2015-01-01,21.714285714285715,,,0.8571428571428571,,,17.83,19.18,,,28.93,,18.505,0.9545941546018588,1.0,6.123233995736766e-17
Batangas,2015-04-01,,2015,4,2015-04-01,31.142857142857142,,,21.714285714285715,,,18.7,17.83,19.18,,,,18.569999999999997,0.6843244844370384,0.8660254037844387,-0.4999999999999998
Batangas,2015-05-01,,2015,5,2015-04-01,31.142857142857142,,,21.714285714285715,,,,18.7,17.83,24.41,,,18.264999999999997,0.6151828996323273,0.49999999999999994,-0.8660254037844387
Batangas,2015-06-01,,2015,6,2015-04-01,31.142857142857142,,,21.714285714285715,,,,,18.7,,25.0,,,,1.2246467991473532e-16,-1.0
Batangas,2015-07-01,,2015,7,2015-07-01,0.0,,,31.142857142857142,,,,,,19.18,,,,,-0.4999999999999997,-0.8660254037844388
Batangas,2015-08-01,,2015,8,2015-07-01,0.0,,,31.142857142857142,,,,,,17.83,,,,,-0.8660254037844385,-0.5000000000000004
Batangas,2015-09-01,,2015,9,2015-07-01,0.0,,,31.142857142857142,,,,,,18.7,,,,,-1.0,-1.8369701987210297e-16
Batangas,2015-10-01,,2015,10,2015-10-01,0.7142857142857143,,,0.0,,,,,,,,,,,-0.8660254037844386,0.5000000000000001
Batangas,2015-11-01,26.49,2015,11,2015-10-01,0.7142857142857143,,,0.0,,,,,,,24.41,,,,-0.5000000000000004,0.8660254037844384
Batangas,2015-12-01,29.01,2015,12,2015-10-01,0.7142857142857143,,,0.0,,,26.49,,,,,,,,-2.4492935982947064e-16,1.0
Batangas,2016-01-01,23.99,2016,1,2016-01-01,15.799999999999999,,,0.7142857142857143,,,29.01,26.49,,,19.18,,27.75,1.7819090885901019,0.49999999999999994,0.8660254037844387
Batangas,2016-02-01,11.37,2016,2,2016-01-01,15.799999999999999,,,0.7142857142857143,,,23.99,29.01,26.49,,17.83,28.24,26.496666666666666,2.51000664009746,0.8660254037844386,0.5000000000000001
Batangas,2016-03-01,26.36,2016,3,2016-01-01,15.799999999999999,,,0.7142857142857143,,,11.37,23.99,29.01,,18.7,28.93,21.456666666666667,9.088769627036068,1.0,6.123233995736766e-17
Batangas,2016-04-01,26.34,2016,4,2016-04-01,26.0,,,15.799999999999999,,,26.36,11.37,23.99,,,,20.573333333333334,8.057929841673563,0.8660254037844387,-0.4999999999999998
Batangas,2016-05-01,,2016,5,2016-04-01,26.0,,,15.799999999999999,,,26.34,26.36,11.37,26.49,,,21.35666666666667,8.648712813669635,0.49999999999999994,-0.8660254037844387
Batangas,2016-06-01,,2016,6,2016-04-01,26.0,,,15.799999999999999,,,,26.34,26.36,29.01,,25.0,26.35,0.01414213561894139,1.2246467991473532e-16,-1.0
Batangas,2016-07-01,,2016,7,2016-07-01,0.0,,,26.0,,,,,26.34,23.99,,,,,-0.4999999999999997,-0.8660254037844388
Batangas,2016-08-01,,2016,8,2016-07-01,0.0,,,26.0,,,,,,11.37,,,,,-0.8660254037844385,-0.5000000000000004
Batangas,2016-09-01,,2016,9,2016-07-01,0.0,,,26.0,,,,,,26.36,,,,,-1.0,-1.8369701987210297e-16
Batangas,2016-10-01,,2016,10,2016-10-01,0.6857142857142857,,,0.0,,,,,,26.34,,,,,-0.8660254037844386,0.5000000000000001
Batangas,2016-11-01,,2016,11,2016-10-01,0.6857142857142857,,,0.0,,,,,,,26.49,24.41,,,-0.5000000000000004,0.8660254037844384
Batangas,2016-12-01,35.0,2016,12,2016-10-01,0.6857142857142857,,,0.0,,,,,,,29.01,,,,-2.4492935982947064e-16,1.0
Batangas,2017-01-01,35.0,2017,1,2017-01-01,4.407142857142857,,,0.6857142857142857,,,35.0,,,,23.99,19.18,,,0.49999999999999994,0.8660254037844387
Batangas,2017-02-01,29.0,2017,2,2017-01-01,4.407142857142857,,,0.6857142857142857,,,35.0,35.0,,,11.37,17.83,35.0,0.0,0.8660254037844386,0.5000000000000001
Batangas,2017-03-01,28.47,2017,3,2017-01-01,4.407142857142857,,,0.6857142857142857,,,29.0,35.0,35.0,,26.36,18.7,33.0,3.4641016151377544,1.0,6.123233995736766e-17
Batangas,2017-04-01,49.0,2017,4,2017-04-01,20.571428571428573,,,4.407142857142857,,,28.47,29.0,35.0,,26.34,,30.823333333333334,3.6267938090458545,0.8660254037844387,-0.4999999999999998
Batangas,2017-05-01,,2017,5,2017-04-01,20.571428571428573,,,4.407142857142857,,,49.0,28.47,29.0,,,,35.49,11.703003887891347,0.49999999999999994,-0.8660254037844387
Batangas,2017-06-01,,2017,6,2017-04-01,20.571428571428573,,,4.407142857142857,,,,49.0,28.47,35.0,,,38.735,14.516902217759819,1.2246467991473532e-16,-1.0
Batangas,2017-07-01,,2017,7,2017-07-01,0.0,,,20.571428571428573,,,,,49.0,35.0,,,,,-0.4999999999999997,-0.8660254037844388
Batangas,2017-08-01,,2017,8,2017-07-01,0.0,,,20.571428571428573,,,,,,29.0,,,,,-0.8660254037844385,-0.5000000000000004
Batangas,2017-09-01,,2017,9,2017-07-01,0.0,,,20.571428571428573,,,,,,28.47,,,,,-1.0,-1.8369701987210297e-16
Batangas,2017-10-01,,2017,10,2017-10-01,0.0,,,0.0,,,,,,49.0,,,,,-0.8660254037844386,0.5000000000000001
Batangas,2017-11-01,,2017,11,2017-10-01,0.0,,,0.0,,,,,,,,26.49,,,-0.5000000000000004,0.8660254037844384
Batangas,2017-12-01,,2017,12,2017-10-01,0.0,,,0.0,,,,,,,35.0,29.01,,,-2.4492935982947064e-16,1.0
Batangas,2018-01-01,,2018,1,2018-01-01,3.6685714285714286,,,0.0,,,,,,,35.0,23.99,,,0.49999999999999994,0.8660254037844387
Batangas,2018-02-01,30.0,2018,2,2018-01-01,3.6685714285714286,,,0.0,,,,,,,29.0,11.37,,,0.8660254037844386,0.5000000000000001
Batangas,2018-03-01,36.0,2018,3,2018-01-01,3.6685714285714286,,,0.0,,,30.0,,,,28.47,26.36,,,1.0,6.123233995736766e-17
Batangas,2018-04-01,48.0,2018,4,2018-04-01,21.262857142857143,,,3.6685714285714286,,,36.0,30.0,,,49.0,26.34,33.0,4.242640687119285,0.8660254037844387,-0.4999999999999998
Batangas,2018-05-01,,2018,5,2018-04-01,21.262857142857143,,,3.6685714285714286,,,48.0,36.0,30.0,,,,38.0,9.16515138991168,0.49999999999999994,-0.8660254037844387
Batangas,2018-06-01,,2018,6,2018-04-01,21.262857142857143,,,3.6685714285714286,,,,48.0,36.0,,,,42.0,8.48528137423857,1.2246467991473532e-16,-1.0
Batangas,2018-07-01,,2018,7,2018-07-01,0.0,,,21.262857142857143,,,,,48.0,,,,,,-0.4999999999999997,-0.8660254037844388
Batangas,2018-08-01,,2018,8,2018-07-01,0.0,,,21.262857142857143,,,,,,30.0,,,,,-0.8660254037844385,-0.5000000000000004
Batangas,2018-09-01,,2018,9,2018-07-01,0.0,,,21.262857142857143,,,,,,36.0,,,,,-1.0,-1.8369701987210297e-16
Batangas,2018-10-01,,2018,10,2018-10-01,0.0,,,0.0,,,,,,48.0,,,,,-0.8660254037844386,0.5000000000000001
Batangas,2018-11-01,,2018,11,2018-10-01,0.0,,,0.0,,,,,,,,,,,-0.5000000000000004,0.8660254037844384
Batangas,2018-12-01,,2018,12,2018-10-01,0.0,,,0.0,,,,,,,,35.0,,,-2.4492935982947064e-16,1.0
Batangas,2019-01-01,100.0,2019,1,2019-01-01,2.9457142857142857,,,0.0,,,,,,,,35.0,,,0.49999999999999994,0.8660254037844387
Batangas,2019-02-01,48.55,2019,2,2019-01-01,2.9457142857142857,,,0.0,,,100.0,,,,30.0,29.0,,,0.8660254037844386,0.5000000000000001
Batangas,2019-03-01,,2019,3,2019-01-01,2.9457142857142857,,,0.0,,,48.55,100.0,,,36.0,28.47,74.275,36.38064389204788,1.0,6.123233995736766e-17
Batangas,2019-04-01,,2019,4,2019-04-01,0.0,,,2.9457142857142857,,,,48.55,100.0,,48.0,49.0,74.275,36.38064389204788,0.8660254037844387,-0.4999999999999998
Batangas,2019-05-01,,2019,5,2019-04-01,0.0,,,2.9457142857142857,,,,,48.55,,,,,,0.49999999999999994,-0.8660254037844387
Batangas,2019-06-01,,2019,6,2019-04-01,0.0,,,2.9457142857142857,,,,,,,,,,,1.2246467991473532e-16,-1.0
Batangas,2019-07-01,,2019,7,2019-07-01,0.0,,,0.0,,,,,,100.0,,,,,-0.4999999999999997,-0.8660254037844388
Batangas,2019-08-01,,2019,8,2019-07-01,0.0,,,0.0,,,,,,48.55,,,,,-0.8660254037844385,-0.5000000000000004
Batangas,2019-09-01,,2019,9,2019-07-01,0.0,,,0.0,,,,,,,,,,,-1.0,-1.8369701987210297e-16
Batangas,2019-10-01,,2019,10,2019-10-01,1.4285714285714286,,,0.0,,,,,,,,,,,-0.8660254037844386,0.5000000000000001
Batangas,2019-11-01,,2019,11,2019-10-01,1.4285714285714286,,,0.0,,,,,,,,,,,-0.5000000000000004,0.8660254037844384
Batangas,2019-12-01,,2019,12,2019-10-01,1.4285714285714286,,,0.0,,,,,,,,,,,-2.4492935982947064e-16,1.0
Batangas,2020-01-01,,2020,1,2020-01-01,2.3428571428571425,,,1.4285714285714286,,,,,,,100.0,,,,0.49999999999999994,0.8660254037844387
Batangas,2020-02-01,53.425,2020,2,2020-01-01,2.3428571428571425,,,1.4285714285714286,,,,,,,48.55,30.0,,,0.8660254037844386,0.5000000000000001
Batangas,2020-03-01,,2020,3,2020-01-01,2.3428571428571425,,,1.4285714285714286,,,53.425,,,,,36.0,,,1.0,6.123233995736766e-17
Batangas,2020-04-01,,2020,4,2020-04-01,0.0,,,2.3428571428571425,,,,53.425,,,,48.0,,,0.8660254037844387,-0.4999999999999998
Batangas,2020-05-01,,2020,5,2020-04-01,0.0,,,2.3428571428571425,,,,,53.425,,,,,,0.49999999999999994,-0.8660254037844387
Batangas,2020-06-01,,2020,6,2020-04-01,0.0,,,2.3428571428571425,,,,,,,,,,,1.2246467991473532e-16,-1.0
Batangas,2020-07-01,,2020,7,2020-07-01,0.0,,,0.0,,,,,,,,,,,-0.4999999999999997,-0.8660254037844388
Batangas,2020-08-01,,2020,8,2020-07-01,0.0,,,0.0,,,,,,53.425,,,,,-0.8660254037844385,-0.5000000000000004
Batangas,2020-09-01,,2020,9,2020-07-01,0.0,,,0.0,,,,,,,,,,,-1.0,-1.8369701987210297e-16
Batangas,2020-10-01,,2020,10,2020-10-01,0.0,,,0.0,,,,,,,,,,,-0.8660254037844386,0.5000000000000001
Batangas,2020-11-01,,2020,11,2020-10-01,0.0,,,0.0,,,,,,,,,,,-0.5000000000000004,0.8660254037844384
Batangas,2020-12-01,,2020,12,2020-10-01,0.0,,,0.0,,,,,,,,,,,-2.4492935982947064e-16,1.0
Batangas,2021-01-01,45.56,2021,1,2021-01-01,2.7142857142857144,,,0.0,,,,,,,,100.0,,,0.49999999999999994,0.8660254037844387
Batangas,2021-02-01,52.205,2021,2,2021-01-01,2.7142857142857144,,,0.0,,,45.56,,,,53.425,48.55,,,0.8660254037844386,0.5000000000000001
Batangas,2021-03-01,60.595,2021,3,2021-01-01,2.7142857142857144,,,0.0,,,52.205,45.56,,,,,48.8825,4.698724560984606,1.0,6.123233995736766e-17
Batangas,2021-04-01,,2021,4,2021-04-01,0.0,,,2.7142857142857144,,,60.595,52.205,45.56,,,,52.78666666666667,7.534358521688047,0.8660254037844387,-0.4999999999999998
Batangas,2021-05-01,,2021,5,2021-04-01,0.0,,,2.7142857142857144,,,,60.595,52.205,,,,56.400000000000006,5.932625894155126,0.49999999999999994,-0.8660254037844387
Batangas,2021-06-01,,2021,6,2021-04-01,0.0,,,2.7142857142857144,,,,,60.595,,,,,,1.2246467991473532e-16,-1.0
Batangas,2021-07-01,,2021,7,2021-07-01,0.0,,,0.0,,,,,,45.56,,,,,-0.4999999999999997,-0.8660254037844388
Batangas,2021-08-01,,2021,8,2021-07-01,0.0,,,0.0,,,,,,52.205,,,,,-0.8660254037844385,-0.5000000000000004
Batangas,2021-09-01,,2021,9,2021-07-01,0.0,,,0.0,,,,,,60.595,,,,,-1.0,-1.8369701987210297e-16
Batangas,2021-10-01,,2021,10,2021-10-01,0.0,,,0.0,,,,,,,,,,,-0.8660254037844386,0.5000000000000001
Batangas,2021-11-01,,2021,11,2021-10-01,0.0,,,0.0,,,,,,,,,,,-0.5000000000000004,0.8660254037844384
Batangas,2021-12-01,,2021,12,2021-10-01,0.0,,,0.0,,,,,,,,,,,-2.4492935982947064e-16,1.0
Batangas,2022-01-01,60.0,2022,1,2022-01-01,3.3314285714285714,,,0.0,,,,,,,45.56,,,,0.49999999999999994,0.8660254037844387
Batangas,2022-02-01,,2022,2,2022-01-01,3.3314285714285714,,,0.0,,,60.0,,,,52.205,53.425,,,0.8660254037844386,0.5000000000000001
Batangas,2022-03-01,,2022,3,2022-01-01,3.3314285714285714,,,0.0,,,,60.0,,,60.595,,,,1.0,6.123233995736766e-17
Batangas,2022-04-01,,2022,4,2022-04-01,0.34285714285714286,,,3.3314285714285714,,,,,60.0,,,,,,0.8660254037844387,-0.4999999999999998
Batangas,2022-05-01,,2022,5,2022-04-01,0.34285714285714286,,,3.3314285714285714,,,,,,,,,,,0.49999999999999994,-0.8660254037844387
Batangas,2022-06-01,,2022,6,2022-04-01,0.34285714285714286,,,3.3314285714285714,,,,,,,,,,,1.2246467991473532e-16,-1.0
Batangas,2022-07-01,,2022,7,2022-07-01,0.0,,,0.34285714285714286,,,,,,60.0,,,,,-0.4999999999999997,-0.8660254037844388
Batangas,2022-08-01,,2022,8,2022-07-01,0.0,,,0.34285714285714286,,,,,,,,,,,-0.8660254037844385,-0.5000000000000004
Batangas,2022-09-01,,2022,9,2022-07-01,0.0,,,0.34285714285714286,,,,,,,,,,,-1.0,-1.8369701987210297e-16
Batangas,2022-10-01,,2022,10,2022-10-01,0.0,,,0.0,,,,,,,,,,,-0.8660254037844386,0.5000000000000001
Batangas,2022-11-01,,2022,11,2022-10-01,0.0,,,0.0,,,,,,,,,,,-0.5000000000000004,0.8660254037844384
Batangas,2022-12-01,,2022,12,2022-10-01,0.0,,,0.0,,,,,,,,,,,-2.4492935982947064e-16,1.0
Batangas,2023-01-01,208.68,2023,1,2023-01-01,0.5285714285714286,,,0.0,,,,,,,60.0,45.56,,,0.49999999999999994,0.8660254037844387
Batangas,2023-02-01,143.335,2023,2,2023-01-01,0.5285714285714286,,,0.0,,,208.68,,,,,52.205,,,0.8660254037844386,0.5000000000000001
Batangas,2023-03-01,56.2,2023,3,2023-01-01,0.5285714285714286,,,0.0,,,143.335,208.68,,,,60.595,176.0075,46.205892616634934,1.0,6.123233995736766e-17
Batangas,2023-04-01,,2023,4,2023-04-01,0.0,,,0.5285714285714286,,,56.2,143.335,208.68,,,,136.0716666666667,76.4990497217667,0.8660254037844387,-0.4999999999999998
Batangas,2023-05-01,,2023,5,2023-04-01,0.0,,,0.5285714285714286,,,,56.2,143.335,,,,99.76750000000001,61.613749378689775,0.49999999999999994,-0.8660254037844387
Batangas,2023-06-01,,2023,6,2023-04-01,0.0,,,0.5285714285714286,,,,,56.2,,,,,,1.2246467991473532e-16,-1.0
Batangas,2023-07-01,,2023,7,2023-07-01,0.0,,,0.0,,,,,,208.68,,,,,-0.4999999999999997,-0.8660254037844388
Batangas,2023-08-01,,2023,8,2023-07-01,0.0,,,0.0,,,,,,143.335,,,,,-0.8660254037844385,-0.5000000000000004
Batangas,2023-09-01,,2023,9,2023-07-01,0.0,,,0.0,,,,,,56.2,,,,,-1.0,-1.8369701987210297e-16
Batangas,2023-10-01,,2023,10,2023-10-01,0.0,,,0.0,,,,,,,,,,,-0.8660254037844386,0.5000000000000001
Batangas,2023-11-01,,2023,11,2023-10-01,0.0,,,0.0,,,,,,,,,,,-0.5000000000000004,0.8660254037844384
Batangas,2023-12-01,,2023,12,2023-10-01,0.0,,,0.0,,,,,,,,,,,-2.4492935982947064e-16,1.0
Batangas,2024-01-01,82.5,2024,1,2024-01-01,28.571428571428573,,,0.0,,,,,,,208.68,60.0,,,0.49999999999999994,0.8660254037844387
Batangas,2024-02-01,80.25,2024,2,2024-01-01,28.571428571428573,,,0.0,,,82.5,,,,143.335,,,,0.8660254037844386,0.5000000000000001
Batangas,2024-03-01,86.875,2024,3,2024-01-01,28.571428571428573,,,0.0,,,80.25,82.5,,,56.2,,81.375,1.590990257669732,1.0,6.123233995736766e-17
Batangas,2024-04-01,130.0,2024,4,2024-04-01,3.882857142857143,,,28.571428571428573,,,86.875,80.25,82.5,,,,83.20833333333333,3.368821505116195,0.8660254037844387,-0.4999999999999998
Batangas,2024-05-01,127.65,2024,5,2024-04-01,3.882857142857143,,,28.571428571428573,,,130.0,86.875,80.25,,,,99.04166666666667,27.01456011733919,0.49999999999999994,-0.8660254037844387
Batangas,2024-06-01,132.45,2024,6,2024-04-01,3.882857142857143,,,28.571428571428573,,,127.65,130.0,86.875,,,,114.84166666666665,24.248328980227342,1.2246467991473532e-16,-1.0
Batangas,2024-07-01,,2024,7,2024-07-01,0.0,,,3.882857142857143,,,132.45,127.65,130.0,82.5,,,130.03333333333333,2.4001736048322266,-0.4999999999999997,-0.8660254037844388
Batangas,2024-08-01,,2024,8,2024-07-01,0.0,,,3.882857142857143,,,,132.45,127.65,80.25,,,130.05,3.394112549695426,-0.8660254037844385,-0.5000000000000004
Batangas,2024-09-01,,2024,9,2024-07-01,0.0,,,3.882857142857143,,,,,132.45,86.875,,,,,-1.0,-1.8369701987210297e-16
Batangas,2024-10-01,,2024,10,2024-10-01,0.0,,,0.0,,,,,,130.0,,,,,-0.8660254037844386,0.5000000000000001
Batangas,2024-11-01,,2024,11,2024-10-01,0.0,,,0.0,,,,,,127.65,,,,,-0.5000000000000004,0.8660254037844384
Batangas,2024-12-01,,2024,12,2024-10-01,0.0,,,0.0,,,,,,132.45,,,,,-2.4492935982947064e-16,1.0
Batangas,2025-01-01,,2025,1,2025-01-01,6.571428571428571,14.228571428571428,0.46184738955823296,0.0,,,,,,,82.5,208.68,,,0.49999999999999994,0.8660254037844387
Batangas,2025-02-01,,2025,2,2025-01-01,6.571428571428571,14.228571428571428,0.46184738955823296,0.0,,,,,,,80.25,143.335,,,0.8660254037844386,0.5000000000000001
Batangas,2025-03-01,93.55,2025,3,2025-01-01,6.571428571428571,14.228571428571428,0.46184738955823296,0.0,,,,,,,86.875,56.2,,,1.0,6.123233995736766e-17
Batangas,2025-04-01,,2025,4,2025-04-01,4.05,0.65,6.23076923076923,6.571428571428571,14.228571428571428,0.46184738955823296,93.55,,,,130.0,,,,0.8660254037844387,-0.4999999999999998
Batangas,2025-05-01,,2025,5,2025-04-01,4.05,0.65,6.23076923076923,6.571428571428571,14.228571428571428,0.46184738955823296,,93.55,,,127.65,,,,0.49999999999999994,-0.8660254037844387
Batangas,2025-06-01,,2025,6,2025-04-01,4.05,0.65,6.23076923076923,6.571428571428571,14.228571428571428,0.46184738955823296,,,93.55,,132.45,,,,1.2246467991473532e-16,-1.0
Batangas,2025-07-01,,2025,7,2025-07-01,0.0,0.0,,4.05,0.65,6.23076923076923,,,,,,,,,-0.4999999999999997,-0.8660254037844388
Batangas,2025-08-01,,2025,8,2025-07-01,0.0,0.0,,4.05,0.65,6.23076923076923,,,,,,,,,-0.8660254037844385,-0.5000000000000004
Batangas,2025-09-01,,2025,9,2025-07-01,0.0,0.0,,4.05,0.65,6.23076923076923,,,,93.55,,,,,-1.0,-1.8369701987210297e-16
Batangas,2025-10-01,,2025,10,2025-10-01,0.0,0.0,,0.0,0.0,,,,,,,,,,-0.8660254037844386,0.5000000000000001
Batangas,2025-11-01,,2025,11,2025-10-01,0.0,0.0,,0.0,0.0,,,,,,,,,,-0.5000000000000004,0.8660254037844384
Batangas,2025-12-01,,2025,12,2025-10-01,0.0,0.0,,0.0,0.0,,,,,,,,,,-2.4492935982947064e-16,1.0
Batangas,2026-01-01,,2026,1,2026-01-01,0.8214285714285714,0.8242857142857142,0.9965337954939343,0.0,0.0,,,,,,,82.5,,,0.49999999999999994,0.8660254037844387
Batangas,2026-02-01,82.215,2026,2,2026-01-01,0.8214285714285714,0.8242857142857142,0.9965337954939343,0.0,0.0,,,,,,,80.25,,,0.8660254037844386,0.5000000000000001
Batangas,2026-03-01,82.285,2026,3,2026-01-01,0.8214285714285714,0.8242857142857142,0.9965337954939343,0.0,0.0,,82.215,,,,93.55,86.875,,,1.0,6.123233995736766e-17
Batangas,2026-04-01,50.0,2026,4,2026-04-01,15.325714285714286,5.554285714285714,2.759259259259259,0.8214285714285714,0.8242857142857142,0.9965337954939343,82.285,82.215,,,,130.0,82.25,0.0494974746830535,0.8660254037844387,-0.4999999999999998
Batangas,2026-05-01,50.0,2026,5,2026-04-01,15.325714285714286,5.554285714285714,2.759259259259259,0.8214285714285714,0.8242857142857142,0.9965337954939343,50.0,82.285,82.215,,,127.65,71.5,18.619579076874967,0.49999999999999994,-0.8660254037844387
Batangas,2026-06-01,,2026,6,2026-04-01,15.325714285714286,5.554285714285714,2.759259259259259,0.8214285714285714,0.8242857142857142,0.9965337954939343,50.0,50.0,82.285,,,132.45,60.76166666666666,18.639753440787064,1.2246467991473532e-16,-1.0
Batangas,2026-07-01,,2026,7,2026-07-01,,,,15.325714285714286,5.554285714285714,2.759259259259259,,50.0,50.0,,,,50.0,0.0,-0.4999999999999997,-0.8660254037844388
Batangas,2026-08-01,,2026,8,2026-07-01,,,,15.325714285714286,5.554285714285714,2.759259259259259,,,50.0,82.215,,,,,-0.8660254037844385,-0.5000000000000004
Batangas,2026-09-01,,2026,9,2026-07-01,,,,15.325714285714286,5.554285714285714,2.759259259259259,,,,82.285,,,,,-1.0,-1.8369701987210297e-16
Batangas,2026-10-01,,2026,10,2026-10-01,,,,,,,,,,50.0,,,,,-0.8660254037844386,0.5000000000000001
Batangas,2026-11-01,,2026,11,2026-10-01,,,,,,,,,,50.0,,,,,-0.5000000000000004,0.8660254037844384
Batangas,2026-12-01,,2026,12,2026-10-01,,,,,,,,,,,,,,,-2.4492935982947064e-16,1.0
Cavite,2010-01-01,,2010,1,2010-01-01,3.1457142857142855,,,,,,,,,,,,,,0.49999999999999994,0.8660254037844387
Cavite,2010-02-01,,2010,2,2010-01-01,3.1457142857142855,,,,,,,,,,,,,,0.8660254037844386,0.5000000000000001
Cavite,2010-03-01,,2010,3,2010-01-01,3.1457142857142855,,,,,,,,,,,,,,1.0,6.123233995736766e-17
Cavite,2010-04-01,,2010,4,2010-04-01,53.371428571428574,,,3.1457142857142855,,,,,,,,,,,0.8660254037844387,-0.4999999999999998
Cavite,2010-05-01,,2010,5,2010-04-01,53.371428571428574,,,3.1457142857142855,,,,,,,,,,,0.49999999999999994,-0.8660254037844387
Cavite,2010-06-01,,2010,6,2010-04-01,53.371428571428574,,,3.1457142857142855,,,,,,,,,,,1.2246467991473532e-16,-1.0
Cavite,2010-07-01,,2010,7,2010-07-01,2.857142857142857,,,53.371428571428574,,,,,,,,,,,-0.4999999999999997,-0.8660254037844388
Cavite,2010-08-01,,2010,8,2010-07-01,2.857142857142857,,,53.371428571428574,,,,,,,,,,,-0.8660254037844385,-0.5000000000000004
Cavite,2010-09-01,,2010,9,2010-07-01,2.857142857142857,,,53.371428571428574,,,,,,,,,,,-1.0,-1.8369701987210297e-16
Cavite,2010-10-01,,2010,10,2010-10-01,0.0,,,2.857142857142857,,,,,,,,,,,-0.8660254037844386,0.5000000000000001
Cavite,2010-11-01,,2010,11,2010-10-01,0.0,,,2.857142857142857,,,,,,,,,,,-0.5000000000000004,0.8660254037844384
Cavite,2010-12-01,,2010,12,2010-10-01,0.0,,,2.857142857142857,,,,,,,,,,,-2.4492935982947064e-16,1.0
Cavite,2011-01-01,,2011,1,2011-01-01,2.957142857142857,,,0.0,,,,,,,,,,,0.49999999999999994,0.8660254037844387
Cavite,2011-02-01,,2011,2,2011-01-01,2.957142857142857,,,0.0,,,,,,,,,,,0.8660254037844386,0.5000000000000001
Cavite,2011-03-01,,2011,3,2011-01-01,2.957142857142857,,,0.0,,,,,,,,,,,1.0,6.123233995736766e-17
Cavite,2011-04-01,,2011,4,2011-04-01,50.70285714285715,,,2.957142857142857,,,,,,,,,,,0.8660254037844387,-0.4999999999999998
Cavite,2011-05-01,,2011,5,2011-04-01,50.70285714285715,,,2.957142857142857,,,,,,,,,,,0.49999999999999994,-0.8660254037844387
Cavite,2011-06-01,,2011,6,2011-04-01,50.70285714285715,,,2.957142857142857,,,,,,,,,,,1.2246467991473532e-16,-1.0
Cavite,2011-07-01,,2011,7,2011-07-01,2.8000000000000003,,,50.70285714285715,,,,,,,,,,,-0.4999999999999997,-0.8660254037844388
Cavite,2011-08-01,,2011,8,2011-07-01,2.8000000000000003,,,50.70285714285715,,,,,,,,,,,-0.8660254037844385,-0.5000000000000004
Cavite,2011-09-01,,2011,9,2011-07-01,2.8000000000000003,,,50.70285714285715,,,,,,,,,,,-1.0,-1.8369701987210297e-16
Cavite,2011-10-01,,2011,10,2011-10-01,0.19999999999999998,,,2.8000000000000003,,,,,,,,,,,-0.8660254037844386,0.5000000000000001
Cavite,2011-11-01,,2011,11,2011-10-01,0.19999999999999998,,,2.8000000000000003,,,,,,,,,,,-0.5000000000000004,0.8660254037844384
Cavite,2011-12-01,,2011,12,2011-10-01,0.19999999999999998,,,2.8000000000000003,,,,,,,,,,,-2.4492935982947064e-16,1.0
Cavite,2012-01-01,,2012,1,2012-01-01,3.0,,,0.19999999999999998,,,,,,,,,,,0.49999999999999994,0.8660254037844387
Cavite,2012-02-01,,2012,2,2012-01-01,3.0,,,0.19999999999999998,,,,,,,,,,,0.8660254037844386,0.5000000000000001
Cavite,2012-03-01,,2012,3,2012-01-01,3.0,,,0.19999999999999998,,,,,,,,,,,1.0,6.123233995736766e-17
Cavite,2012-04-01,,2012,4,2012-04-01,44.61714285714286,,,3.0,,,,,,,,,,,0.8660254037844387,-0.4999999999999998
Cavite,2012-05-01,,2012,5,2012-04-01,44.61714285714286,,,3.0,,,,,,,,,,,0.49999999999999994,-0.8660254037844387
Cavite,2012-06-01,,2012,6,2012-04-01,44.61714285714286,,,3.0,,,,,,,,,,,1.2246467991473532e-16,-1.0
Cavite,2012-07-01,,2012,7,2012-07-01,2.3714285714285714,,,44.61714285714286,,,,,,,,,,,-0.4999999999999997,-0.8660254037844388
Cavite,2012-08-01,,2012,8,2012-07-01,2.3714285714285714,,,44.61714285714286,,,,,,,,,,,-0.8660254037844385,-0.5000000000000004
Cavite,2012-09-01,,2012,9,2012-07-01,2.3714285714285714,,,44.61714285714286,,,,,,,,,,,-1.0,-1.8369701987210297e-16
Cavite,2012-10-01,,2012,10,2012-10-01,0.18571428571428572,,,2.3714285714285714,,,,,,,,,,,-0.8660254037844386,0.5000000000000001
Cavite,2012-11-01,,2012,11,2012-10-01,0.18571428571428572,,,2.3714285714285714,,,,,,,,,,,-0.5000000000000004,0.8660254037844384
Cavite,2012-12-01,,2012,12,2012-10-01,0.18571428571428572,,,2.3714285714285714,,,,,,,,,,,-2.4492935982947064e-16,1.0
Cavite,2013-01-01,,2013,1,2013-01-01,2.914285714285714,,,0.18571428571428572,,,,,,,,,,,0.49999999999999994,0.8660254037844387
Cavite,2013-02-01,,2013,2,2013-01-01,2.914285714285714,,,0.18571428571428572,,,,,,,,,,,0.8660254037844386,0.5000000000000001
Cavite,2013-03-01,,2013,3,2013-01-01,2.914285714285714,,,0.18571428571428572,,,,,,,,,,,1.0,6.123233995736766e-17
Cavite,2013-04-01,,2013,4,2013-04-01,40.15714285714286,,,2.914285714285714,,,,,,,,,,,0.8660254037844387,-0.4999999999999998
Cavite,2013-05-01,,2013,5,2013-04-01,40.15714285714286,,,2.914285714285714,,,,,,,,,,,0.49999999999999994,-0.8660254037844387
Cavite,2013-06-01,,2013,6,2013-04-01,40.15714285714286,,,2.914285714285714,,,,,,,,,,,1.2246467991473532e-16,-1.0
Cavite,2013-07-01,,2013,7,2013-07-01,2.457142857142857,,,40.15714285714286,,,,,,,,,,,-0.4999999999999997,-0.8660254037844388
Cavite,2013-08-01,,2013,8,2013-07-01,2.457142857142857,,,40.15714285714286,,,,,,,,,,,-0.8660254037844385,-0.5000000000000004
Cavite,2013-09-01,,2013,9,2013-07-01,2.457142857142857,,,40.15714285714286,,,,,,,,,,,-1.0,-1.8369701987210297e-16
Cavite,2013-10-01,,2013,10,2013-10-01,0.18571428571428572,,,2.457142857142857,,,,,,,,,,,-0.8660254037844386,0.5000000000000001
Cavite,2013-11-01,,2013,11,2013-10-01,0.18571428571428572,,,2.457142857142857,,,,,,,,,,,-0.5000000000000004,0.8660254037844384
Cavite,2013-12-01,,2013,12,2013-10-01,0.18571428571428572,,,2.457142857142857,,,,,,,,,,,-2.4492935982947064e-16,1.0
Cavite,2014-01-01,,2014,1,2014-01-01,2.8214285714285716,,,0.18571428571428572,,,,,,,,,,,0.49999999999999994,0.8660254037844387
Cavite,2014-02-01,,2014,2,2014-01-01,2.8214285714285716,,,0.18571428571428572,,,,,,,,,,,0.8660254037844386,0.5000000000000001
Cavite,2014-03-01,,2014,3,2014-01-01,2.8214285714285716,,,0.18571428571428572,,,,,,,,,,,1.0,6.123233995736766e-17
Cavite,2014-04-01,,2014,4,2014-04-01,39.94285714285714,,,2.8214285714285716,,,,,,,,,,,0.8660254037844387,-0.4999999999999998
Cavite,2014-05-01,,2014,5,2014-04-01,39.94285714285714,,,2.8214285714285716,,,,,,,,,,,0.49999999999999994,-0.8660254037844387
Cavite,2014-06-01,,2014,6,2014-04-01,39.94285714285714,,,2.8214285714285716,,,,,,,,,,,1.2246467991473532e-16,-1.0
Cavite,2014-07-01,,2014,7,2014-07-01,2.334285714285714,,,39.94285714285714,,,,,,,,,,,-0.4999999999999997,-0.8660254037844388
Cavite,2014-08-01,,2014,8,2014-07-01,2.334285714285714,,,39.94285714285714,,,,,,,,,,,-0.8660254037844385,-0.5000000000000004
Cavite,2014-09-01,,2014,9,2014-07-01,2.334285714285714,,,39.94285714285714,,,,,,,,,,,-1.0,-1.8369701987210297e-16
Cavite,2014-10-01,,2014,10,2014-10-01,0.1842857142857143,,,2.334285714285714,,,,,,,,,,,-0.8660254037844386,0.5000000000000001
Cavite,2014-11-01,,2014,11,2014-10-01,0.1842857142857143,,,2.334285714285714,,,,,,,,,,,-0.5000000000000004,0.8660254037844384
Cavite,2014-12-01,,2014,12,2014-10-01,0.1842857142857143,,,2.334285714285714,,,,,,,,,,,-2.4492935982947064e-16,1.0
Cavite,2015-01-01,,2015,1,2015-01-01,2.455714285714286,,,0.1842857142857143,,,,,,,,,,,0.49999999999999994,0.8660254037844387
Cavite,2015-02-01,,2015,2,2015-01-01,2.455714285714286,,,0.1842857142857143,,,,,,,,,,,0.8660254037844386,0.5000000000000001
Cavite,2015-03-01,,2015,3,2015-01-01,2.455714285714286,,,0.1842857142857143,,,,,,,,,,,1.0,6.123233995736766e-17
Cavite,2015-04-01,,2015,4,2015-04-01,30.568571428571428,,,2.455714285714286,,,,,,,,,,,0.8660254037844387,-0.4999999999999998
Cavite,2015-05-01,,2015,5,2015-04-01,30.568571428571428,,,2.455714285714286,,,,,,,,,,,0.49999999999999994,-0.8660254037844387
Cavite,2015-06-01,,2015,6,2015-04-01,30.568571428571428,,,2.455714285714286,,,,,,,,,,,1.2246467991473532e-16,-1.0
Cavite,2015-07-01,,2015,7,2015-07-01,2.442857142857143,,,30.568571428571428,,,,,,,,,,,-0.4999999999999997,-0.8660254037844388
Cavite,2015-08-01,,2015,8,2015-07-01,2.442857142857143,,,30.568571428571428,,,,,,,,,,,-0.8660254037844385,-0.5000000000000004
Cavite,2015-09-01,,2015,9,2015-07-01,2.442857142857143,,,30.568571428571428,,,,,,,,,,,-1.0,-1.8369701987210297e-16
Cavite,2015-10-01,,2015,10,2015-10-01,0.07142857142857142,,,2.442857142857143,,,,,,,,,,,-0.8660254037844386,0.5000000000000001
Cavite,2015-11-01,,2015,11,2015-10-01,0.07142857142857142,,,2.442857142857143,,,,,,,,,,,-0.5000000000000004,0.8660254037844384
Cavite,2015-12-01,,2015,12,2015-10-01,0.07142857142857142,,,2.442857142857143,,,,,,,,,,,-2.4492935982947064e-16,1.0
Cavite,2016-01-01,,2016,1,2016-01-01,2.4285714285714284,,,0.07142857142857142,,,,,,,,,,,0.49999999999999994,0.8660254037844387
Cavite,2016-02-01,,2016,2,2016-01-01,2.4285714285714284,,,0.07142857142857142,,,,,,,,,,,0.8660254037844386,0.5000000000000001
Cavite,2016-03-01,,2016,3,2016-01-01,2.4285714285714284,,,0.07142857142857142,,,,,,,,,,,1.0,6.123233995736766e-17
Cavite,2016-04-01,,2016,4,2016-04-01,21.428571428571427,,,2.4285714285714284,,,,,,,,,,,0.8660254037844387,-0.4999999999999998
Cavite,2016-05-01,,2016,5,2016-04-01,21.428571428571427,,,2.4285714285714284,,,,,,,,,,,0.49999999999999994,-0.8660254037844387
Cavite,2016-06-01,,2016,6,2016-04-01,21.428571428571427,,,2.4285714285714284,,,,,,,,,,,1.2246467991473532e-16,-1.0
Cavite,2016-07-01,,2016,7,2016-07-01,2.357142857142857,,,21.428571428571427,,,,,,,,,,,-0.4999999999999997,-0.8660254037844388
Cavite,2016-08-01,,2016,8,2016-07-01,2.357142857142857,,,21.428571428571427,,,,,,,,,,,-0.8660254037844385,-0.5000000000000004
Cavite,2016-09-01,,2016,9,2016-07-01,2.357142857142857,,,21.428571428571427,,,,,,,,,,,-1.0,-1.8369701987210297e-16
Cavite,2016-10-01,,2016,10,2016-10-01,0.06857142857142857,,,2.357142857142857,,,,,,,,,,,-0.8660254037844386,0.5000000000000001
Cavite,2016-11-01,,2016,11,2016-10-01,0.06857142857142857,,,2.357142857142857,,,,,,,,,,,-0.5000000000000004,0.8660254037844384
Cavite,2016-12-01,,2016,12,2016-10-01,0.06857142857142857,,,2.357142857142857,,,,,,,,,,,-2.4492935982947064e-16,1.0
Cavite,2017-01-01,,2017,1,2017-01-01,1.937142857142857,,,0.06857142857142857,,,,,,,,,,,0.49999999999999994,0.8660254037844387
Cavite,2017-02-01,,2017,2,2017-01-01,1.937142857142857,,,0.06857142857142857,,,,,,,,,,,0.8660254037844386,0.5000000000000001
Cavite,2017-03-01,,2017,3,2017-01-01,1.937142857142857,,,0.06857142857142857,,,,,,,,,,,1.0,6.123233995736766e-17
Cavite,2017-04-01,,2017,4,2017-04-01,23.877142857142854,,,1.937142857142857,,,,,,,,,,,0.8660254037844387,-0.4999999999999998
Cavite,2017-05-01,,2017,5,2017-04-01,23.877142857142854,,,1.937142857142857,,,,,,,,,,,0.49999999999999994,-0.8660254037844387
Cavite,2017-06-01,,2017,6,2017-04-01,23.877142857142854,,,1.937142857142857,,,,,,,,,,,1.2246467991473532e-16,-1.0
Cavite,2017-07-01,,2017,7,2017-07-01,2.04,,,23.877142857142854,,,,,,,,,,,-0.4999999999999997,-0.8660254037844388
Cavite,2017-08-01,,2017,8,2017-07-01,2.04,,,23.877142857142854,,,,,,,,,,,-0.8660254037844385,-0.5000000000000004
Cavite,2017-09-01,,2017,9,2017-07-01,2.04,,,23.877142857142854,,,,,,,,,,,-1.0,-1.8369701987210297e-16
Cavite,2017-10-01,,2017,10,2017-10-01,0.05142857142857143,,,2.04,,,,,,,,,,,-0.8660254037844386,0.5000000000000001
Cavite,2017-11-01,,2017,11,2017-10-01,0.05142857142857143,,,2.04,,,,,,,,,,,-0.5000000000000004,0.8660254037844384
Cavite,2017-12-01,,2017,12,2017-10-01,0.05142857142857143,,,2.04,,,,,,,,,,,-2.4492935982947064e-16,1.0
Cavite,2018-01-01,,2018,1,2018-01-01,1.457142857142857,,,0.05142857142857143,,,,,,,,,,,0.49999999999999994,0.8660254037844387
Cavite,2018-02-01,,2018,2,2018-01-01,1.457142857142857,,,0.05142857142857143,,,,,,,,,,,0.8660254037844386,0.5000000000000001
Cavite,2018-03-01,,2018,3,2018-01-01,1.457142857142857,,,0.05142857142857143,,,,,,,,,,,1.0,6.123233995736766e-17
Cavite,2018-04-01,,2018,4,2018-04-01,19.725714285714286,,,1.457142857142857,,,,,,,,,,,0.8660254037844387,-0.4999999999999998
Cavite,2018-05-01,,2018,5,2018-04-01,19.725714285714286,,,1.457142857142857,,,,,,,,,,,0.49999999999999994,-0.8660254037844387
Cavite,2018-06-01,,2018,6,2018-04-01,19.725714285714286,,,1.457142857142857,,,,,,,,,,,1.2246467991473532e-16,-1.0
Cavite,2018-07-01,,2018,7,2018-07-01,1.8699999999999999,,,19.725714285714286,,,,,,,,,,,-0.4999999999999997,-0.8660254037844388
Cavite,2018-08-01,,2018,8,2018-07-01,1.8699999999999999,,,19.725714285714286,,,,,,,,,,,-0.8660254037844385,-0.5000000000000004
Cavite,2018-09-01,,2018,9,2018-07-01,1.8699999999999999,,,19.725714285714286,,,,,,,,,,,-1.0,-1.8369701987210297e-16
Cavite,2018-10-01,,2018,10,2018-10-01,0.047142857142857146,,,1.8699999999999999,,,,,,,,,,,-0.8660254037844386,0.5000000000000001
Cavite,2018-11-01,,2018,11,2018-10-01,0.047142857142857146,,,1.8699999999999999,,,,,,,,,,,-0.5000000000000004,0.8660254037844384
Cavite,2018-12-01,,2018,12,2018-10-01,0.047142857142857146,,,1.8699999999999999,,,,,,,,,,,-2.4492935982947064e-16,1.0
Cavite,2019-01-01,,2019,1,2019-01-01,1.3714285714285714,,,0.047142857142857146,,,,,,,,,,,0.49999999999999994,0.8660254037844387
Cavite,2019-02-01,,2019,2,2019-01-01,1.3714285714285714,,,0.047142857142857146,,,,,,,,,,,0.8660254037844386,0.5000000000000001
Cavite,2019-03-01,,2019,3,2019-01-01,1.3714285714285714,,,0.047142857142857146,,,,,,,,,,,1.0,6.123233995736766e-17
Cavite,2019-04-01,,2019,4,2019-04-01,20.111428571428572,,,1.3714285714285714,,,,,,,,,,,0.8660254037844387,-0.4999999999999998
Cavite,2019-05-01,,2019,5,2019-04-01,20.111428571428572,,,1.3714285714285714,,,,,,,,,,,0.49999999999999994,-0.8660254037844387
Cavite,2019-06-01,,2019,6,2019-04-01,20.111428571428572,,,1.3714285714285714,,,,,,,,,,,1.2246467991473532e-16,-1.0
Cavite,2019-07-01,,2019,7,2019-07-01,1.6614285714285715,,,20.111428571428572,,,,,,,,,,,-0.4999999999999997,-0.8660254037844388
Cavite,2019-08-01,,2019,8,2019-07-01,1.6614285714285715,,,20.111428571428572,,,,,,,,,,,-0.8660254037844385,-0.5000000000000004
Cavite,2019-09-01,,2019,9,2019-07-01,1.6614285714285715,,,20.111428571428572,,,,,,,,,,,-1.0,-1.8369701987210297e-16
Cavite,2019-10-01,,2019,10,2019-10-01,0.12714285714285714,,,1.6614285714285715,,,,,,,,,,,-0.8660254037844386,0.5000000000000001
Cavite,2019-11-01,,2019,11,2019-10-01,0.12714285714285714,,,1.6614285714285715,,,,,,,,,,,-0.5000000000000004,0.8660254037844384
Cavite,2019-12-01,,2019,12,2019-10-01,0.12714285714285714,,,1.6614285714285715,,,,,,,,,,,-2.4492935982947064e-16,1.0
Cavite,2020-01-01,,2020,1,2020-01-01,1.5257142857142856,,,0.12714285714285714,,,,,,,,,,,0.49999999999999994,0.8660254037844387
Cavite,2020-02-01,,2020,2,2020-01-01,1.5257142857142856,,,0.12714285714285714,,,,,,,,,,,0.8660254037844386,0.5000000000000001
Cavite,2020-03-01,,2020,3,2020-01-01,1.5257142857142856,,,0.12714285714285714,,,,,,,,,,,1.0,6.123233995736766e-17
Cavite,2020-04-01,,2020,4,2020-04-01,10.758571428571429,,,1.5257142857142856,,,,,,,,,,,0.8660254037844387,-0.4999999999999998
Cavite,2020-05-01,,2020,5,2020-04-01,10.758571428571429,,,1.5257142857142856,,,,,,,,,,,0.49999999999999994,-0.8660254037844387
Cavite,2020-06-01,,2020,6,2020-04-01,10.758571428571429,,,1.5257142857142856,,,,,,,,,,,1.2246467991473532e-16,-1.0
Cavite,2020-07-01,,2020,7,2020-07-01,1.3471428571428572,,,10.758571428571429,,,,,,,,,,,-0.4999999999999997,-0.8660254037844388
Cavite,2020-08-01,,2020,8,2020-07-01,1.3471428571428572,,,10.758571428571429,,,,,,,,,,,-0.8660254037844385,-0.5000000000000004
Cavite,2020-09-01,,2020,9,2020-07-01,1.3471428571428572,,,10.758571428571429,,,,,,,,,,,-1.0,-1.8369701987210297e-16
Cavite,2020-10-01,,2020,10,2020-10-01,0.0642857142857143,,,1.3471428571428572,,,,,,,,,,,-0.8660254037844386,0.5000000000000001
Cavite,2020-11-01,,2020,11,2020-10-01,0.0642857142857143,,,1.3471428571428572,,,,,,,,,,,-0.5000000000000004,0.8660254037844384
Cavite,2020-12-01,,2020,12,2020-10-01,0.0642857142857143,,,1.3471428571428572,,,,,,,,,,,-2.4492935982947064e-16,1.0
Cavite,2021-01-01,,2021,1,2021-01-01,1.8785714285714286,,,0.0642857142857143,,,,,,,,,,,0.49999999999999994,0.8660254037844387
Cavite,2021-02-01,,2021,2,2021-01-01,1.8785714285714286,,,0.0642857142857143,,,,,,,,,,,0.8660254037844386,0.5000000000000001
Cavite,2021-03-01,,2021,3,2021-01-01,1.8785714285714286,,,0.0642857142857143,,,,,,,,,,,1.0,6.123233995736766e-17
Cavite,2021-04-01,,2021,4,2021-04-01,6.054285714285714,,,1.8785714285714286,,,,,,,,,,,0.8660254037844387,-0.4999999999999998
Cavite,2021-05-01,,2021,5,2021-04-01,6.054285714285714,,,1.8785714285714286,,,,,,,,,,,0.49999999999999994,-0.8660254037844387
Cavite,2021-06-01,,2021,6,2021-04-01,6.054285714285714,,,1.8785714285714286,,,,,,,,,,,1.2246467991473532e-16,-1.0
Cavite,2021-07-01,,2021,7,2021-07-01,0.9357142857142857,,,6.054285714285714,,,,,,,,,,,-0.4999999999999997,-0.8660254037844388
Cavite,2021-08-01,,2021,8,2021-07-01,0.9357142857142857,,,6.054285714285714,,,,,,,,,,,-0.8660254037844385,-0.5000000000000004
Cavite,2021-09-01,,2021,9,2021-07-01,0.9357142857142857,,,6.054285714285714,,,,,,,,,,,-1.0,-1.8369701987210297e-16
Cavite,2021-10-01,,2021,10,2021-10-01,0.06714285714285714,,,0.9357142857142857,,,,,,,,,,,-0.8660254037844386,0.5000000000000001
Cavite,2021-11-01,,2021,11,2021-10-01,0.06714285714285714,,,0.9357142857142857,,,,,,,,,,,-0.5000000000000004,0.8660254037844384
Cavite,2021-12-01,,2021,12,2021-10-01,0.06714285714285714,,,0.9357142857142857,,,,,,,,,,,-2.4492935982947064e-16,1.0
Cavite,2022-01-01,,2022,1,2022-01-01,1.4471428571428573,,,0.06714285714285714,,,,,,,,,,,0.49999999999999994,0.8660254037844387
Cavite,2022-02-01,,2022,2,2022-01-01,1.4471428571428573,,,0.06714285714285714,,,,,,,,,,,0.8660254037844386,0.5000000000000001
Cavite,2022-03-01,,2022,3,2022-01-01,1.4471428571428573,,,0.06714285714285714,,,,,,,,,,,1.0,6.123233995736766e-17
Cavite,2022-04-01,,2022,4,2022-04-01,7.747142857142857,,,1.4471428571428573,,,,,,,,,,,0.8660254037844387,-0.4999999999999998
Cavite,2022-05-01,,2022,5,2022-04-01,7.747142857142857,,,1.4471428571428573,,,,,,,,,,,0.49999999999999994,-0.8660254037844387
Cavite,2022-06-01,,2022,6,2022-04-01,7.747142857142857,,,1.4471428571428573,,,,,,,,,,,1.2246467991473532e-16,-1.0
Cavite,2022-07-01,,2022,7,2022-07-01,0.8914285714285715,,,7.747142857142857,,,,,,,,,,,-0.4999999999999997,-0.8660254037844388
Cavite,2022-08-01,,2022,8,2022-07-01,0.8914285714285715,,,7.747142857142857,,,,,,,,,,,-0.8660254037844385,-0.5000000000000004
Cavite,2022-09-01,,2022,9,2022-07-01,0.8914285714285715,,,7.747142857142857,,,,,,,,,,,-1.0,-1.8369701987210297e-16
Cavite,2022-10-01,,2022,10,2022-10-01,0.047142857142857146,,,0.8914285714285715,,,,,,,,,,,-0.8660254037844386,0.5000000000000001
Cavite,2022-11-01,,2022,11,2022-10-01,0.047142857142857146,,,0.8914285714285715,,,,,,,,,,,-0.5000000000000004,0.8660254037844384
Cavite,2022-12-01,,2022,12,2022-10-01,0.047142857142857146,,,0.8914285714285715,,,,,,,,,,,-2.4492935982947064e-16,1.0
Cavite,2023-01-01,,2023,1,2023-01-01,2.5742857142857143,,,0.047142857142857146,,,,,,,,,,,0.49999999999999994,0.8660254037844387
Cavite,2023-02-01,,2023,2,2023-01-01,2.5742857142857143,,,0.047142857142857146,,,,,,,,,,,0.8660254037844386,0.5000000000000001
Cavite,2023-03-01,71.3,2023,3,2023-01-01,2.5742857142857143,,,0.047142857142857146,,,,,,,,,,,1.0,6.123233995736766e-17
Cavite,2023-04-01,,2023,4,2023-04-01,10.954285714285716,,,2.5742857142857143,,,71.3,,,,,,,,0.8660254037844387,-0.4999999999999998
Cavite,2023-05-01,,2023,5,2023-04-01,10.954285714285716,,,2.5742857142857143,,,,71.3,,,,,,,0.49999999999999994,-0.8660254037844387
Cavite,2023-06-01,80.0,2023,6,2023-04-01,10.954285714285716,,,2.5742857142857143,,,,,71.3,,,,,,1.2246467991473532e-16,-1.0
Cavite,2023-07-01,,2023,7,2023-07-01,0.8414285714285714,,,10.954285714285716,,,80.0,,,,,,,,-0.4999999999999997,-0.8660254037844388
Cavite,2023-08-01,,2023,8,2023-07-01,0.8414285714285714,,,10.954285714285716,,,,80.0,,,,,,,-0.8660254037844385,-0.5000000000000004
Cavite,2023-09-01,,2023,9,2023-07-01,0.8414285714285714,,,10.954285714285716,,,,,80.0,71.3,,,,,-1.0,-1.8369701987210297e-16
Cavite,2023-10-01,,2023,10,2023-10-01,0.0,,,0.8414285714285714,,,,,,,,,,,-0.8660254037844386,0.5000000000000001
Cavite,2023-11-01,,2023,11,2023-10-01,0.0,,,0.8414285714285714,,,,,,,,,,,-0.5000000000000004,0.8660254037844384
Cavite,2023-12-01,,2023,12,2023-10-01,0.0,,,0.8414285714285714,,,,,,80.0,,,,,-2.4492935982947064e-16,1.0
Cavite,2024-01-01,,2024,1,2024-01-01,6.26,,,0.0,,,,,,,,,,,0.49999999999999994,0.8660254037844387
Cavite,2024-02-01,,2024,2,2024-01-01,6.26,,,0.0,,,,,,,,,,,0.8660254037844386,0.5000000000000001
Cavite,2024-03-01,60.0,2024,3,2024-01-01,6.26,,,0.0,,,,,,,71.3,,,,1.0,6.123233995736766e-17
Cavite,2024-04-01,,2024,4,2024-04-01,8.211428571428572,,,6.26,,,60.0,,,,,,,,0.8660254037844387,-0.4999999999999998
Cavite,2024-05-01,,2024,5,2024-04-01,8.211428571428572,,,6.26,,,,60.0,,,,,,,0.49999999999999994,-0.8660254037844387
Cavite,2024-06-01,,2024,6,2024-04-01,8.211428571428572,,,6.26,,,,,60.0,,80.0,,,,1.2246467991473532e-16,-1.0
Cavite,2024-07-01,,2024,7,2024-07-01,0.5214285714285715,,,8.211428571428572,,,,,,,,,,,-0.4999999999999997,-0.8660254037844388
Cavite,2024-08-01,,2024,8,2024-07-01,0.5214285714285715,,,8.211428571428572,,,,,,,,,,,-0.8660254037844385,-0.5000000000000004
Cavite,2024-09-01,,2024,9,2024-07-01,0.5214285714285715,,,8.211428571428572,,,,,,60.0,,,,,-1.0,-1.8369701987210297e-16
Cavite,2024-10-01,,2024,10,2024-10-01,0.017142857142857144,,,0.5214285714285715,,,,,,,,,,,-0.8660254037844386,0.5000000000000001
Cavite,2024-11-01,,2024,11,2024-10-01,0.017142857142857144,,,0.5214285714285715,,,,,,,,,,,-0.5000000000000004,0.8660254037844384
Cavite,2024-12-01,,2024,12,2024-10-01,0.017142857142857144,,,0.5214285714285715,,,,,,,,,,,-2.4492935982947064e-16,1.0
Cavite,2025-01-01,,2025,1,2025-01-01,3.0228571428571427,1.2099999999999997,2.4982290436835894,0.017142857142857144,,,,,,,,,,,0.49999999999999994,0.8660254037844387
Cavite,2025-02-01,,2025,2,2025-01-01,3.0228571428571427,1.2099999999999997,2.4982290436835894,0.017142857142857144,,,,,,,,,,,0.8660254037844386,0.5000000000000001
Cavite,2025-03-01,,2025,3,2025-01-01,3.0228571428571427,1.2099999999999997,2.4982290436835894,0.017142857142857144,,,,,,,60.0,71.3,,,1.0,6.123233995736766e-17
Cavite,2025-04-01,,2025,4,2025-04-01,1.0714285714285714,0.33571428571428574,3.191489361702127,3.0228571428571427,1.2099999999999997,2.4982290436835894,,,,,,,,,0.8660254037844387,-0.4999999999999998
Cavite,2025-05-01,,2025,5,2025-04-01,1.0714285714285714,0.33571428571428574,3.191489361702127,3.0228571428571427,1.2099999999999997,2.4982290436835894,,,,,,,,,0.49999999999999994,-0.8660254037844387
Cavite,2025-06-01,,2025,6,2025-04-01,1.0714285714285714,0.33571428571428574,3.191489361702127,3.0228571428571427,1.2099999999999997,2.4982290436835894,,,,,,80.0,,,1.2246467991473532e-16,-1.0
Cavite,2025-07-01,,2025,7,2025-07-01,0.43142857142857144,0.2285714285714286,1.8875,1.0714285714285714,0.33571428571428574,3.191489361702127,,,,,,,,,-0.4999999999999997,-0.8660254037844388
Cavite,2025-08-01,,2025,8,2025-07-01,0.43142857142857144,0.2285714285714286,1.8875,1.0714285714285714,0.33571428571428574,3.191489361702127,,,,,,,,,-0.8660254037844385,-0.5000000000000004
Cavite,2025-09-01,,2025,9,2025-07-01,0.43142857142857144,0.2285714285714286,1.8875,1.0714285714285714,0.33571428571428574,3.191489361702127,,,,,,,,,-1.0,-1.8369701987210297e-16
Cavite,2025-10-01,,2025,10,2025-10-01,0.46,0.16285714285714284,2.8245614035087723,0.43142857142857144,0.2285714285714286,1.8875,,,,,,,,,-0.8660254037844386,0.5000000000000001
Cavite,2025-11-01,,2025,11,2025-10-01,0.46,0.16285714285714284,2.8245614035087723,0.43142857142857144,0.2285714285714286,1.8875,,,,,,,,,-0.5000000000000004,0.8660254037844384
Cavite,2025-12-01,,2025,12,2025-10-01,0.46,0.16285714285714284,2.8245614035087723,0.43142857142857144,0.2285714285714286,1.8875,,,,,,,,,-2.4492935982947064e-16,1.0
Cavite,2026-01-01,,2026,1,2026-01-01,1.647142857142857,0.7400000000000001,2.2258687258687253,0.46,0.16285714285714284,2.8245614035087723,,,,,,,,,0.49999999999999994,0.8660254037844387
Cavite,2026-02-01,,2026,2,2026-01-01,1.647142857142857,0.7400000000000001,2.2258687258687253,0.46,0.16285714285714284,2.8245614035087723,,,,,,,,,0.8660254037844386,0.5000000000000001
Cavite,2026-03-01,,2026,3,2026-01-01,1.647142857142857,0.7400000000000001,2.2258687258687253,0.46,0.16285714285714284,2.8245614035087723,,,,,,60.0,,,1.0,6.123233995736766e-17
Cavite,2026-04-01,,2026,4,2026-04-01,2.8871428571428575,0.3114285714285714,9.270642201834864,1.647142857142857,0.7400000000000001,2.2258687258687253,,,,,,,,,0.8660254037844387,-0.4999999999999998
Cavite,2026-05-01,,2026,5,2026-04-01,2.8871428571428575,0.3114285714285714,9.270642201834864,1.647142857142857,0.7400000000000001,2.2258687258687253,,,,,,,,,0.49999999999999994,-0.8660254037844387
Cavite,2026-06-01,,2026,6,2026-04-01,2.8871428571428575,0.3114285714285714,9.270642201834864,1.647142857142857,0.7400000000000001,2.2258687258687253,,,,,,,,,1.2246467991473532e-16,-1.0
Cavite,2026-07-01,,2026,7,2026-07-01,,,,2.8871428571428575,0.3114285714285714,9.270642201834864,,,,,,,,,-0.4999999999999997,-0.8660254037844388
Cavite,2026-08-01,,2026,8,2026-07-01,,,,2.8871428571428575,0.3114285714285714,9.270642201834864,,,,,,,,,-0.8660254037844385,-0.5000000000000004
Cavite,2026-09-01,,2026,9,2026-07-01,,,,2.8871428571428575,0.3114285714285714,9.270642201834864,,,,,,,,,-1.0,-1.8369701987210297e-16
Cavite,2026-10-01,,2026,10,2026-10-01,,,,,,,,,,,,,,,-0.8660254037844386,0.5000000000000001
Cavite,2026-11-01,,2026,11,2026-10-01,,,,,,,,,,,,,,,-0.5000000000000004,0.8660254037844384
Cavite,2026-12-01,,2026,12,2026-10-01,,,,,,,,,,,,,,,-2.4492935982947064e-16,1.0
Laguna,2010-01-01,,2010,1,2010-01-01,0.48857142857142855,,,,,,,,,,,,,,0.49999999999999994,0.8660254037844387
Laguna,2010-02-01,,2010,2,2010-01-01,0.48857142857142855,,,,,,,,,,,,,,0.8660254037844386,0.5000000000000001
Laguna,2010-03-01,,2010,3,2010-01-01,0.48857142857142855,,,,,,,,,,,,,,1.0,6.123233995736766e-17
Laguna,2010-04-01,,2010,4,2010-04-01,0.9714285714285714,,,0.48857142857142855,,,,,,,,,,,0.8660254037844387,-0.4999999999999998
Laguna,2010-05-01,,2010,5,2010-04-01,0.9714285714285714,,,0.48857142857142855,,,,,,,,,,,0.49999999999999994,-0.8660254037844387
Laguna,2010-06-01,,2010,6,2010-04-01,0.9714285714285714,,,0.48857142857142855,,,,,,,,,,,1.2246467991473532e-16,-1.0
Laguna,2010-07-01,,2010,7,2010-07-01,5.5,,,0.9714285714285714,,,,,,,,,,,-0.4999999999999997,-0.8660254037844388
Laguna,2010-08-01,,2010,8,2010-07-01,5.5,,,0.9714285714285714,,,,,,,,,,,-0.8660254037844385,-0.5000000000000004
Laguna,2010-09-01,,2010,9,2010-07-01,5.5,,,0.9714285714285714,,,,,,,,,,,-1.0,-1.8369701987210297e-16
Laguna,2010-10-01,,2010,10,2010-10-01,0.0642857142857143,,,5.5,,,,,,,,,,,-0.8660254037844386,0.5000000000000001
Laguna,2010-11-01,,2010,11,2010-10-01,0.0642857142857143,,,5.5,,,,,,,,,,,-0.5000000000000004,0.8660254037844384
Laguna,2010-12-01,,2010,12,2010-10-01,0.0642857142857143,,,5.5,,,,,,,,,,,-2.4492935982947064e-16,1.0
Laguna,2011-01-01,,2011,1,2011-01-01,0.21714285714285714,,,0.0642857142857143,,,,,,,,,,,0.49999999999999994,0.8660254037844387
Laguna,2011-02-01,,2011,2,2011-01-01,0.21714285714285714,,,0.0642857142857143,,,,,,,,,,,0.8660254037844386,0.5000000000000001
Laguna,2011-03-01,,2011,3,2011-01-01,0.21714285714285714,,,0.0642857142857143,,,,,,,,,,,1.0,6.123233995736766e-17
Laguna,2011-04-01,,2011,4,2011-04-01,1.0214285714285716,,,0.21714285714285714,,,,,,,,,,,0.8660254037844387,-0.4999999999999998
Laguna,2011-05-01,,2011,5,2011-04-01,1.0214285714285716,,,0.21714285714285714,,,,,,,,,,,0.49999999999999994,-0.8660254037844387
Laguna,2011-06-01,,2011,6,2011-04-01,1.0214285714285716,,,0.21714285714285714,,,,,,,,,,,1.2246467991473532e-16,-1.0
Laguna,2011-07-01,,2011,7,2011-07-01,7.857142857142857,,,1.0214285714285716,,,,,,,,,,,-0.4999999999999997,-0.8660254037844388
Laguna,2011-08-01,,2011,8,2011-07-01,7.857142857142857,,,1.0214285714285716,,,,,,,,,,,-0.8660254037844385,-0.5000000000000004
Laguna,2011-09-01,,2011,9,2011-07-01,7.857142857142857,,,1.0214285714285716,,,,,,,,,,,-1.0,-1.8369701987210297e-16
Laguna,2011-10-01,,2011,10,2011-10-01,8.571428571428571,,,7.857142857142857,,,,,,,,,,,-0.8660254037844386,0.5000000000000001
Laguna,2011-11-01,,2011,11,2011-10-01,8.571428571428571,,,7.857142857142857,,,,,,,,,,,-0.5000000000000004,0.8660254037844384
Laguna,2011-12-01,,2011,12,2011-10-01,8.571428571428571,,,7.857142857142857,,,,,,,,,,,-2.4492935982947064e-16,1.0
Laguna,2012-01-01,,2012,1,2012-01-01,1.52,,,8.571428571428571,,,,,,,,,,,0.49999999999999994,0.8660254037844387
Laguna,2012-02-01,,2012,2,2012-01-01,1.52,,,8.571428571428571,,,,,,,,,,,0.8660254037844386,0.5000000000000001
Laguna,2012-03-01,,2012,3,2012-01-01,1.52,,,8.571428571428571,,,,,,,,,,,1.0,6.123233995736766e-17
Laguna,2012-04-01,,2012,4,2012-04-01,1.0728571428571427,,,1.52,,,,,,,,,,,0.8660254037844387,-0.4999999999999998
Laguna,2012-05-01,,2012,5,2012-04-01,1.0728571428571427,,,1.52,,,,,,,,,,,0.49999999999999994,-0.8660254037844387
Laguna,2012-06-01,,2012,6,2012-04-01,1.0728571428571427,,,1.52,,,,,,,,,,,1.2246467991473532e-16,-1.0
Laguna,2012-07-01,,2012,7,2012-07-01,6.285714285714286,,,1.0728571428571427,,,,,,,,,,,-0.4999999999999997,-0.8660254037844388
Laguna,2012-08-01,,2012,8,2012-07-01,6.285714285714286,,,1.0728571428571427,,,,,,,,,,,-0.8660254037844385,-0.5000000000000004
Laguna,2012-09-01,,2012,9,2012-07-01,6.285714285714286,,,1.0728571428571427,,,,,,,,,,,-1.0,-1.8369701987210297e-16
Laguna,2012-10-01,,2012,10,2012-10-01,7.96,,,6.285714285714286,,,,,,,,,,,-0.8660254037844386,0.5000000000000001
Laguna,2012-11-01,,2012,11,2012-10-01,7.96,,,6.285714285714286,,,,,,,,,,,-0.5000000000000004,0.8660254037844384
Laguna,2012-12-01,,2012,12,2012-10-01,7.96,,,6.285714285714286,,,,,,,,,,,-2.4492935982947064e-16,1.0
Laguna,2013-01-01,,2013,1,2013-01-01,2.2857142857142856,,,7.96,,,,,,,,,,,0.49999999999999994,0.8660254037844387
Laguna,2013-02-01,,2013,2,2013-01-01,2.2857142857142856,,,7.96,,,,,,,,,,,0.8660254037844386,0.5000000000000001
Laguna,2013-03-01,,2013,3,2013-01-01,2.2857142857142856,,,7.96,,,,,,,,,,,1.0,6.123233995736766e-17
Laguna,2013-04-01,,2013,4,2013-04-01,1.1142857142857143,,,2.2857142857142856,,,,,,,,,,,0.8660254037844387,-0.4999999999999998
Laguna,2013-05-01,,2013,5,2013-04-01,1.1142857142857143,,,2.2857142857142856,,,,,,,,,,,0.49999999999999994,-0.8660254037844387
Laguna,2013-06-01,,2013,6,2013-04-01,1.1142857142857143,,,2.2857142857142856,,,,,,,,,,,1.2246467991473532e-16,-1.0
Laguna,2013-07-01,,2013,7,2013-07-01,7.142857142857143,,,1.1142857142857143,,,,,,,,,,,-0.4999999999999997,-0.8660254037844388
Laguna,2013-08-01,,2013,8,2013-07-01,7.142857142857143,,,1.1142857142857143,,,,,,,,,,,-0.8660254037844385,-0.5000000000000004
Laguna,2013-09-01,,2013,9,2013-07-01,7.142857142857143,,,1.1142857142857143,,,,,,,,,,,-1.0,-1.8369701987210297e-16
Laguna,2013-10-01,,2013,10,2013-10-01,8.755714285714285,,,7.142857142857143,,,,,,,,,,,-0.8660254037844386,0.5000000000000001
Laguna,2013-11-01,,2013,11,2013-10-01,8.755714285714285,,,7.142857142857143,,,,,,,,,,,-0.5000000000000004,0.8660254037844384
Laguna,2013-12-01,,2013,12,2013-10-01,8.755714285714285,,,7.142857142857143,,,,,,,,,,,-2.4492935982947064e-16,1.0
Laguna,2014-01-01,,2014,1,2014-01-01,2.642857142857143,,,8.755714285714285,,,,,,,,,,,0.49999999999999994,0.8660254037844387
Laguna,2014-02-01,,2014,2,2014-01-01,2.642857142857143,,,8.755714285714285,,,,,,,,,,,0.8660254037844386,0.5000000000000001
Laguna,2014-03-01,,2014,3,2014-01-01,2.642857142857143,,,8.755714285714285,,,,,,,,,,,1.0,6.123233995736766e-17
Laguna,2014-04-01,,2014,4,2014-04-01,1.17,,,2.642857142857143,,,,,,,,,,,0.8660254037844387,-0.4999999999999998
Laguna,2014-05-01,,2014,5,2014-04-01,1.17,,,2.642857142857143,,,,,,,,,,,0.49999999999999994,-0.8660254037844387
Laguna,2014-06-01,,2014,6,2014-04-01,1.17,,,2.642857142857143,,,,,,,,,,,1.2246467991473532e-16,-1.0
Laguna,2014-07-01,,2014,7,2014-07-01,6.428571428571429,,,1.17,,,,,,,,,,,-0.4999999999999997,-0.8660254037844388
Laguna,2014-08-01,,2014,8,2014-07-01,6.428571428571429,,,1.17,,,,,,,,,,,-0.8660254037844385,-0.5000000000000004
Laguna,2014-09-01,,2014,9,2014-07-01,6.428571428571429,,,1.17,,,,,,,,,,,-1.0,-1.8369701987210297e-16
Laguna,2014-10-01,,2014,10,2014-10-01,8.842857142857143,,,6.428571428571429,,,,,,,,,,,-0.8660254037844386,0.5000000000000001
Laguna,2014-11-01,,2014,11,2014-10-01,8.842857142857143,,,6.428571428571429,,,,,,,,,,,-0.5000000000000004,0.8660254037844384
Laguna,2014-12-01,,2014,12,2014-10-01,8.842857142857143,,,6.428571428571429,,,,,,,,,,,-2.4492935982947064e-16,1.0
Laguna,2015-01-01,,2015,1,2015-01-01,2.511428571428571,,,8.842857142857143,,,,,,,,,,,0.49999999999999994,0.8660254037844387
Laguna,2015-02-01,,2015,2,2015-01-01,2.511428571428571,,,8.842857142857143,,,,,,,,,,,0.8660254037844386,0.5000000000000001
Laguna,2015-03-01,,2015,3,2015-01-01,2.511428571428571,,,8.842857142857143,,,,,,,,,,,1.0,6.123233995736766e-17
Laguna,2015-04-01,,2015,4,2015-04-01,1.0728571428571427,,,2.511428571428571,,,,,,,,,,,0.8660254037844387,-0.4999999999999998
Laguna,2015-05-01,,2015,5,2015-04-01,1.0728571428571427,,,2.511428571428571,,,,,,,,,,,0.49999999999999994,-0.8660254037844387
Laguna,2015-06-01,,2015,6,2015-04-01,1.0728571428571427,,,2.511428571428571,,,,,,,,,,,1.2246467991473532e-16,-1.0
Laguna,2015-07-01,,2015,7,2015-07-01,6.928571428571429,,,1.0728571428571427,,,,,,,,,,,-0.4999999999999997,-0.8660254037844388
Laguna,2015-08-01,,2015,8,2015-07-01,6.928571428571429,,,1.0728571428571427,,,,,,,,,,,-0.8660254037844385,-0.5000000000000004
Laguna,2015-09-01,,2015,9,2015-07-01,6.928571428571429,,,1.0728571428571427,,,,,,,,,,,-1.0,-1.8369701987210297e-16
Laguna,2015-10-01,,2015,10,2015-10-01,9.018571428571429,,,6.928571428571429,,,,,,,,,,,-0.8660254037844386,0.5000000000000001
Laguna,2015-11-01,,2015,11,2015-10-01,9.018571428571429,,,6.928571428571429,,,,,,,,,,,-0.5000000000000004,0.8660254037844384
Laguna,2015-12-01,,2015,12,2015-10-01,9.018571428571429,,,6.928571428571429,,,,,,,,,,,-2.4492935982947064e-16,1.0
Laguna,2016-01-01,,2016,1,2016-01-01,3.294285714285714,,,9.018571428571429,,,,,,,,,,,0.49999999999999994,0.8660254037844387
Laguna,2016-02-01,,2016,2,2016-01-01,3.294285714285714,,,9.018571428571429,,,,,,,,,,,0.8660254037844386,0.5000000000000001
Laguna,2016-03-01,,2016,3,2016-01-01,3.294285714285714,,,9.018571428571429,,,,,,,,,,,1.0,6.123233995736766e-17
Laguna,2016-04-01,,2016,4,2016-04-01,1.4514285714285715,,,3.294285714285714,,,,,,,,,,,0.8660254037844387,-0.4999999999999998
Laguna,2016-05-01,,2016,5,2016-04-01,1.4514285714285715,,,3.294285714285714,,,,,,,,,,,0.49999999999999994,-0.8660254037844387
Laguna,2016-06-01,,2016,6,2016-04-01,1.4514285714285715,,,3.294285714285714,,,,,,,,,,,1.2246467991473532e-16,-1.0
Laguna,2016-07-01,,2016,7,2016-07-01,7.211428571428571,,,1.4514285714285715,,,,,,,,,,,-0.4999999999999997,-0.8660254037844388
Laguna,2016-08-01,,2016,8,2016-07-01,7.211428571428571,,,1.4514285714285715,,,,,,,,,,,-0.8660254037844385,-0.5000000000000004
Laguna,2016-09-01,,2016,9,2016-07-01,7.211428571428571,,,1.4514285714285715,,,,,,,,,,,-1.0,-1.8369701987210297e-16
Laguna,2016-10-01,,2016,10,2016-10-01,10.37142857142857,,,7.211428571428571,,,,,,,,,,,-0.8660254037844386,0.5000000000000001
Laguna,2016-11-01,,2016,11,2016-10-01,10.37142857142857,,,7.211428571428571,,,,,,,,,,,-0.5000000000000004,0.8660254037844384
Laguna,2016-12-01,,2016,12,2016-10-01,10.37142857142857,,,7.211428571428571,,,,,,,,,,,-2.4492935982947064e-16,1.0
Laguna,2017-01-01,,2017,1,2017-01-01,3.3542857142857145,,,10.37142857142857,,,,,,,,,,,0.49999999999999994,0.8660254037844387
Laguna,2017-02-01,,2017,2,2017-01-01,3.3542857142857145,,,10.37142857142857,,,,,,,,,,,0.8660254037844386,0.5000000000000001
Laguna,2017-03-01,,2017,3,2017-01-01,3.3542857142857145,,,10.37142857142857,,,,,,,,,,,1.0,6.123233995736766e-17
Laguna,2017-04-01,,2017,4,2017-04-01,1.5371428571428571,,,3.3542857142857145,,,,,,,,,,,0.8660254037844387,-0.4999999999999998
Laguna,2017-05-01,,2017,5,2017-04-01,1.5371428571428571,,,3.3542857142857145,,,,,,,,,,,0.49999999999999994,-0.8660254037844387
Laguna,2017-06-01,,2017,6,2017-04-01,1.5371428571428571,,,3.3542857142857145,,,,,,,,,,,1.2246467991473532e-16,-1.0
Laguna,2017-07-01,,2017,7,2017-07-01,8.05,,,1.5371428571428571,,,,,,,,,,,-0.4999999999999997,-0.8660254037844388
Laguna,2017-08-01,,2017,8,2017-07-01,8.05,,,1.5371428571428571,,,,,,,,,,,-0.8660254037844385,-0.5000000000000004
Laguna,2017-09-01,,2017,9,2017-07-01,8.05,,,1.5371428571428571,,,,,,,,,,,-1.0,-1.8369701987210297e-16
Laguna,2017-10-01,,2017,10,2017-10-01,10.498571428571427,,,8.05,,,,,,,,,,,-0.8660254037844386,0.5000000000000001
Laguna,2017-11-01,,2017,11,2017-10-01,10.498571428571427,,,8.05,,,,,,,,,,,-0.5000000000000004,0.8660254037844384
Laguna,2017-12-01,,2017,12,2017-10-01,10.498571428571427,,,8.05,,,,,,,,,,,-2.4492935982947064e-16,1.0
Laguna,2018-01-01,,2018,1,2018-01-01,3.1028571428571428,,,10.498571428571427,,,,,,,,,,,0.49999999999999994,0.8660254037844387
Laguna,2018-02-01,,2018,2,2018-01-01,3.1028571428571428,,,10.498571428571427,,,,,,,,,,,0.8660254037844386,0.5000000000000001
Laguna,2018-03-01,,2018,3,2018-01-01,3.1028571428571428,,,10.498571428571427,,,,,,,,,,,1.0,6.123233995736766e-17
Laguna,2018-04-01,,2018,4,2018-04-01,1.6457142857142857,,,3.1028571428571428,,,,,,,,,,,0.8660254037844387,-0.4999999999999998
Laguna,2018-05-01,,2018,5,2018-04-01,1.6457142857142857,,,3.1028571428571428,,,,,,,,,,,0.49999999999999994,-0.8660254037844387
Laguna,2018-06-01,,2018,6,2018-04-01,1.6457142857142857,,,3.1028571428571428,,,,,,,,,,,1.2246467991473532e-16,-1.0
Laguna,2018-07-01,,2018,7,2018-07-01,9.20142857142857,,,1.6457142857142857,,,,,,,,,,,-0.4999999999999997,-0.8660254037844388
Laguna,2018-08-01,,2018,8,2018-07-01,9.20142857142857,,,1.6457142857142857,,,,,,,,,,,-0.8660254037844385,-0.5000000000000004
Laguna,2018-09-01,,2018,9,2018-07-01,9.20142857142857,,,1.6457142857142857,,,,,,,,,,,-1.0,-1.8369701987210297e-16
Laguna,2018-10-01,,2018,10,2018-10-01,12.959999999999999,,,9.20142857142857,,,,,,,,,,,-0.8660254037844386,0.5000000000000001
Laguna,2018-11-01,,2018,11,2018-10-01,12.959999999999999,,,9.20142857142857,,,,,,,,,,,-0.5000000000000004,0.8660254037844384
Laguna,2018-12-01,,2018,12,2018-10-01,12.959999999999999,,,9.20142857142857,,,,,,,,,,,-2.4492935982947064e-16,1.0
Laguna,2019-01-01,,2019,1,2019-01-01,2.8757142857142854,,,12.959999999999999,,,,,,,,,,,0.49999999999999994,0.8660254037844387
Laguna,2019-02-01,,2019,2,2019-01-01,2.8757142857142854,,,12.959999999999999,,,,,,,,,,,0.8660254037844386,0.5000000000000001
Laguna,2019-03-01,,2019,3,2019-01-01,2.8757142857142854,,,12.959999999999999,,,,,,,,,,,1.0,6.123233995736766e-17
Laguna,2019-04-01,,2019,4,2019-04-01,1.4885714285714287,,,2.8757142857142854,,,,,,,,,,,0.8660254037844387,-0.4999999999999998
Laguna,2019-05-01,,2019,5,2019-04-01,1.4885714285714287,,,2.8757142857142854,,,,,,,,,,,0.49999999999999994,-0.8660254037844387
Laguna,2019-06-01,,2019,6,2019-04-01,1.4885714285714287,,,2.8757142857142854,,,,,,,,,,,1.2246467991473532e-16,-1.0
Laguna,2019-07-01,,2019,7,2019-07-01,10.057142857142859,,,1.4885714285714287,,,,,,,,,,,-0.4999999999999997,-0.8660254037844388
Laguna,2019-08-01,,2019,8,2019-07-01,10.057142857142859,,,1.4885714285714287,,,,,,,,,,,-0.8660254037844385,-0.5000000000000004
Laguna,2019-09-01,,2019,9,2019-07-01,10.057142857142859,,,1.4885714285714287,,,,,,,,,,,-1.0,-1.8369701987210297e-16
Laguna,2019-10-01,,2019,10,2019-10-01,13.322857142857144,,,10.057142857142859,,,,,,,,,,,-0.8660254037844386,0.5000000000000001
Laguna,2019-11-01,,2019,11,2019-10-01,13.322857142857144,,,10.057142857142859,,,,,,,,,,,-0.5000000000000004,0.8660254037844384
Laguna,2019-12-01,,2019,12,2019-10-01,13.322857142857144,,,10.057142857142859,,,,,,,,,,,-2.4492935982947064e-16,1.0
Laguna,2020-01-01,,2020,1,2020-01-01,3.0985714285714288,,,13.322857142857144,,,,,,,,,,,0.49999999999999994,0.8660254037844387
Laguna,2020-02-01,,2020,2,2020-01-01,3.0985714285714288,,,13.322857142857144,,,,,,,,,,,0.8660254037844386,0.5000000000000001
Laguna,2020-03-01,,2020,3,2020-01-01,3.0985714285714288,,,13.322857142857144,,,,,,,,,,,1.0,6.123233995736766e-17
Laguna,2020-04-01,,2020,4,2020-04-01,1.57,,,3.0985714285714288,,,,,,,,,,,0.8660254037844387,-0.4999999999999998
Laguna,2020-05-01,,2020,5,2020-04-01,1.57,,,3.0985714285714288,,,,,,,,,,,0.49999999999999994,-0.8660254037844387
Laguna,2020-06-01,,2020,6,2020-04-01,1.57,,,3.0985714285714288,,,,,,,,,,,1.2246467991473532e-16,-1.0
Laguna,2020-07-01,,2020,7,2020-07-01,9.892857142857142,,,1.57,,,,,,,,,,,-0.4999999999999997,-0.8660254037844388
Laguna,2020-08-01,,2020,8,2020-07-01,9.892857142857142,,,1.57,,,,,,,,,,,-0.8660254037844385,-0.5000000000000004
Laguna,2020-09-01,,2020,9,2020-07-01,9.892857142857142,,,1.57,,,,,,,,,,,-1.0,-1.8369701987210297e-16
Laguna,2020-10-01,,2020,10,2020-10-01,13.26,,,9.892857142857142,,,,,,,,,,,-0.8660254037844386,0.5000000000000001
Laguna,2020-11-01,,2020,11,2020-10-01,13.26,,,9.892857142857142,,,,,,,,,,,-0.5000000000000004,0.8660254037844384
Laguna,2020-12-01,,2020,12,2020-10-01,13.26,,,9.892857142857142,,,,,,,,,,,-2.4492935982947064e-16,1.0
Laguna,2021-01-01,,2021,1,2021-01-01,3.3657142857142857,,,13.26,,,,,,,,,,,0.49999999999999994,0.8660254037844387
Laguna,2021-02-01,,2021,2,2021-01-01,3.3657142857142857,,,13.26,,,,,,,,,,,0.8660254037844386,0.5000000000000001
Laguna,2021-03-01,,2021,3,2021-01-01,3.3657142857142857,,,13.26,,,,,,,,,,,1.0,6.123233995736766e-17
Laguna,2021-04-01,,2021,4,2021-04-01,1.837142857142857,,,3.3657142857142857,,,,,,,,,,,0.8660254037844387,-0.4999999999999998
Laguna,2021-05-01,,2021,5,2021-04-01,1.837142857142857,,,3.3657142857142857,,,,,,,,,,,0.49999999999999994,-0.8660254037844387
Laguna,2021-06-01,,2021,6,2021-04-01,1.837142857142857,,,3.3657142857142857,,,,,,,,,,,1.2246467991473532e-16,-1.0
Laguna,2021-07-01,,2021,7,2021-07-01,10.04857142857143,,,1.837142857142857,,,,,,,,,,,-0.4999999999999997,-0.8660254037844388
Laguna,2021-08-01,,2021,8,2021-07-01,10.04857142857143,,,1.837142857142857,,,,,,,,,,,-0.8660254037844385,-0.5000000000000004
Laguna,2021-09-01,,2021,9,2021-07-01,10.04857142857143,,,1.837142857142857,,,,,,,,,,,-1.0,-1.8369701987210297e-16
Laguna,2021-10-01,,2021,10,2021-10-01,13.678571428571429,,,10.04857142857143,,,,,,,,,,,-0.8660254037844386,0.5000000000000001
Laguna,2021-11-01,,2021,11,2021-10-01,13.678571428571429,,,10.04857142857143,,,,,,,,,,,-0.5000000000000004,0.8660254037844384
Laguna,2021-12-01,,2021,12,2021-10-01,13.678571428571429,,,10.04857142857143,,,,,,,,,,,-2.4492935982947064e-16,1.0
Laguna,2022-01-01,,2022,1,2022-01-01,2.4957142857142856,,,13.678571428571429,,,,,,,,,,,0.49999999999999994,0.8660254037844387
Laguna,2022-02-01,,2022,2,2022-01-01,2.4957142857142856,,,13.678571428571429,,,,,,,,,,,0.8660254037844386,0.5000000000000001
Laguna,2022-03-01,,2022,3,2022-01-01,2.4957142857142856,,,13.678571428571429,,,,,,,,,,,1.0,6.123233995736766e-17
Laguna,2022-04-01,,2022,4,2022-04-01,2.2585714285714285,,,2.4957142857142856,,,,,,,,,,,0.8660254037844387,-0.4999999999999998
Laguna,2022-05-01,,2022,5,2022-04-01,2.2585714285714285,,,2.4957142857142856,,,,,,,,,,,0.49999999999999994,-0.8660254037844387
Laguna,2022-06-01,,2022,6,2022-04-01,2.2585714285714285,,,2.4957142857142856,,,,,,,,,,,1.2246467991473532e-16,-1.0
Laguna,2022-07-01,,2022,7,2022-07-01,10.478571428571428,,,2.2585714285714285,,,,,,,,,,,-0.4999999999999997,-0.8660254037844388
Laguna,2022-08-01,,2022,8,2022-07-01,10.478571428571428,,,2.2585714285714285,,,,,,,,,,,-0.8660254037844385,-0.5000000000000004
Laguna,2022-09-01,,2022,9,2022-07-01,10.478571428571428,,,2.2585714285714285,,,,,,,,,,,-1.0,-1.8369701987210297e-16
Laguna,2022-10-01,,2022,10,2022-10-01,9.695714285714287,,,10.478571428571428,,,,,,,,,,,-0.8660254037844386,0.5000000000000001
Laguna,2022-11-01,,2022,11,2022-10-01,9.695714285714287,,,10.478571428571428,,,,,,,,,,,-0.5000000000000004,0.8660254037844384
Laguna,2022-12-01,,2022,12,2022-10-01,9.695714285714287,,,10.478571428571428,,,,,,,,,,,-2.4492935982947064e-16,1.0
Laguna,2023-01-01,,2023,1,2023-01-01,3.2414285714285715,,,9.695714285714287,,,,,,,,,,,0.49999999999999994,0.8660254037844387
Laguna,2023-02-01,,2023,2,2023-01-01,3.2414285714285715,,,9.695714285714287,,,,,,,,,,,0.8660254037844386,0.5000000000000001
Laguna,2023-03-01,,2023,3,2023-01-01,3.2414285714285715,,,9.695714285714287,,,,,,,,,,,1.0,6.123233995736766e-17
Laguna,2023-04-01,,2023,4,2023-04-01,2.43,,,3.2414285714285715,,,,,,,,,,,0.8660254037844387,-0.4999999999999998
Laguna,2023-05-01,,2023,5,2023-04-01,2.43,,,3.2414285714285715,,,,,,,,,,,0.49999999999999994,-0.8660254037844387
Laguna,2023-06-01,,2023,6,2023-04-01,2.43,,,3.2414285714285715,,,,,,,,,,,1.2246467991473532e-16,-1.0
Laguna,2023-07-01,,2023,7,2023-07-01,9.824285714285713,,,2.43,,,,,,,,,,,-0.4999999999999997,-0.8660254037844388
Laguna,2023-08-01,,2023,8,2023-07-01,9.824285714285713,,,2.43,,,,,,,,,,,-0.8660254037844385,-0.5000000000000004
Laguna,2023-09-01,,2023,9,2023-07-01,9.824285714285713,,,2.43,,,,,,,,,,,-1.0,-1.8369701987210297e-16
Laguna,2023-10-01,,2023,10,2023-10-01,0.0,,,9.824285714285713,,,,,,,,,,,-0.8660254037844386,0.5000000000000001
Laguna,2023-11-01,,2023,11,2023-10-01,0.0,,,9.824285714285713,,,,,,,,,,,-0.5000000000000004,0.8660254037844384
Laguna,2023-12-01,,2023,12,2023-10-01,0.0,,,9.824285714285713,,,,,,,,,,,-2.4492935982947064e-16,1.0
Laguna,2024-01-01,,2024,1,2024-01-01,3.6557142857142857,,,0.0,,,,,,,,,,,0.49999999999999994,0.8660254037844387
Laguna,2024-02-01,,2024,2,2024-01-01,3.6557142857142857,,,0.0,,,,,,,,,,,0.8660254037844386,0.5000000000000001
Laguna,2024-03-01,,2024,3,2024-01-01,3.6557142857142857,,,0.0,,,,,,,,,,,1.0,6.123233995736766e-17
Laguna,2024-04-01,,2024,4,2024-04-01,2.1871428571428573,,,3.6557142857142857,,,,,,,,,,,0.8660254037844387,-0.4999999999999998
Laguna,2024-05-01,,2024,5,2024-04-01,2.1871428571428573,,,3.6557142857142857,,,,,,,,,,,0.49999999999999994,-0.8660254037844387
Laguna,2024-06-01,,2024,6,2024-04-01,2.1871428571428573,,,3.6557142857142857,,,,,,,,,,,1.2246467991473532e-16,-1.0
Laguna,2024-07-01,,2024,7,2024-07-01,11.788571428571428,,,2.1871428571428573,,,,,,,,,,,-0.4999999999999997,-0.8660254037844388
Laguna,2024-08-01,,2024,8,2024-07-01,11.788571428571428,,,2.1871428571428573,,,,,,,,,,,-0.8660254037844385,-0.5000000000000004
Laguna,2024-09-01,,2024,9,2024-07-01,11.788571428571428,,,2.1871428571428573,,,,,,,,,,,-1.0,-1.8369701987210297e-16
Laguna,2024-10-01,,2024,10,2024-10-01,9.75,,,11.788571428571428,,,,,,,,,,,-0.8660254037844386,0.5000000000000001
Laguna,2024-11-01,,2024,11,2024-10-01,9.75,,,11.788571428571428,,,,,,,,,,,-0.5000000000000004,0.8660254037844384
Laguna,2024-12-01,,2024,12,2024-10-01,9.75,,,11.788571428571428,,,,,,,,,,,-2.4492935982947064e-16,1.0
Laguna,2025-01-01,,2025,1,2025-01-01,4.052857142857143,0.4585714285714286,8.838006230529595,9.75,,,,,,,,,,,0.49999999999999994,0.8660254037844387
Laguna,2025-02-01,,2025,2,2025-01-01,4.052857142857143,0.4585714285714286,8.838006230529595,9.75,,,,,,,,,,,0.8660254037844386,0.5000000000000001
Laguna,2025-03-01,,2025,3,2025-01-01,4.052857142857143,0.4585714285714286,8.838006230529595,9.75,,,,,,,,,,,1.0,6.123233995736766e-17
Laguna,2025-04-01,,2025,4,2025-04-01,2.0714285714285716,0.31428571428571433,6.590909090909091,4.052857142857143,0.4585714285714286,8.838006230529595,,,,,,,,,0.8660254037844387,-0.4999999999999998
Laguna,2025-05-01,,2025,5,2025-04-01,2.0714285714285716,0.31428571428571433,6.590909090909091,4.052857142857143,0.4585714285714286,8.838006230529595,,,,,,,,,0.49999999999999994,-0.8660254037844387
Laguna,2025-06-01,,2025,6,2025-04-01,2.0714285714285716,0.31428571428571433,6.590909090909091,4.052857142857143,0.4585714285714286,8.838006230529595,,,,,,,,,1.2246467991473532e-16,-1.0
Laguna,2025-07-01,,2025,7,2025-07-01,10.697142857142856,2.4285714285714284,4.404705882352941,2.0714285714285716,0.31428571428571433,6.590909090909091,,,,,,,,,-0.4999999999999997,-0.8660254037844388
Laguna,2025-08-01,,2025,8,2025-07-01,10.697142857142856,2.4285714285714284,4.404705882352941,2.0714285714285716,0.31428571428571433,6.590909090909091,,,,,,,,,-0.8660254037844385,-0.5000000000000004
Laguna,2025-09-01,,2025,9,2025-07-01,10.697142857142856,2.4285714285714284,4.404705882352941,2.0714285714285716,0.31428571428571433,6.590909090909091,,,,,,,,,-1.0,-1.8369701987210297e-16
Laguna,2025-10-01,,2025,10,2025-10-01,9.441428571428572,2.5714285714285716,3.671666666666667,10.697142857142856,2.4285714285714284,4.404705882352941,,,,,,,,,-0.8660254037844386,0.5000000000000001
Laguna,2025-11-01,,2025,11,2025-10-01,9.441428571428572,2.5714285714285716,3.671666666666667,10.697142857142856,2.4285714285714284,4.404705882352941,,,,,,,,,-0.5000000000000004,0.8660254037844384
Laguna,2025-12-01,,2025,12,2025-10-01,9.441428571428572,2.5714285714285716,3.671666666666667,10.697142857142856,2.4285714285714284,4.404705882352941,,,,,,,,,-2.4492935982947064e-16,1.0
Laguna,2026-01-01,,2026,1,2026-01-01,4.725714285714285,0.7442857142857143,6.349328214971208,9.441428571428572,2.5714285714285716,3.671666666666667,,,,,,,,,0.49999999999999994,0.8660254037844387
Laguna,2026-02-01,,2026,2,2026-01-01,4.725714285714285,0.7442857142857143,6.349328214971208,9.441428571428572,2.5714285714285716,3.671666666666667,,,,,,,,,0.8660254037844386,0.5000000000000001
Laguna,2026-03-01,,2026,3,2026-01-01,4.725714285714285,0.7442857142857143,6.349328214971208,9.441428571428572,2.5714285714285716,3.671666666666667,,,,,,,,,1.0,6.123233995736766e-17
Laguna,2026-04-01,,2026,4,2026-04-01,2.23,0.4614285714285714,4.8328173374613,4.725714285714285,0.7442857142857143,6.349328214971208,,,,,,,,,0.8660254037844387,-0.4999999999999998
Laguna,2026-05-01,,2026,5,2026-04-01,2.23,0.4614285714285714,4.8328173374613,4.725714285714285,0.7442857142857143,6.349328214971208,,,,,,,,,0.49999999999999994,-0.8660254037844387
Laguna,2026-06-01,,2026,6,2026-04-01,2.23,0.4614285714285714,4.8328173374613,4.725714285714285,0.7442857142857143,6.349328214971208,,,,,,,,,1.2246467991473532e-16,-1.0
Laguna,2026-07-01,,2026,7,2026-07-01,,,,2.23,0.4614285714285714,4.8328173374613,,,,,,,,,-0.4999999999999997,-0.8660254037844388
Laguna,2026-08-01,,2026,8,2026-07-01,,,,2.23,0.4614285714285714,4.8328173374613,,,,,,,,,-0.8660254037844385,-0.5000000000000004
Laguna,2026-09-01,,2026,9,2026-07-01,,,,2.23,0.4614285714285714,4.8328173374613,,,,,,,,,-1.0,-1.8369701987210297e-16
Laguna,2026-10-01,,2026,10,2026-10-01,,,,,,,,,,,,,,,-0.8660254037844386,0.5000000000000001
Laguna,2026-11-01,,2026,11,2026-10-01,,,,,,,,,,,,,,,-0.5000000000000004,0.8660254037844384
Laguna,2026-12-01,,2026,12,2026-10-01,,,,,,,,,,,,,,,-2.4492935982947064e-16,1.0
Quezon,2010-01-01,,2010,1,2010-01-01,0.0,,,,,,,,,,,,,,0.49999999999999994,0.8660254037844387
Quezon,2010-02-01,,2010,2,2010-01-01,0.0,,,,,,,,,,,,,,0.8660254037844386,0.5000000000000001
Quezon,2010-03-01,,2010,3,2010-01-01,0.0,,,,,,,,,,,,,,1.0,6.123233995736766e-17
Quezon,2010-04-01,,2010,4,2010-04-01,0.0,,,0.0,,,,,,,,,,,0.8660254037844387,-0.4999999999999998
Quezon,2010-05-01,,2010,5,2010-04-01,0.0,,,0.0,,,,,,,,,,,0.49999999999999994,-0.8660254037844387
Quezon,2010-06-01,,2010,6,2010-04-01,0.0,,,0.0,,,,,,,,,,,1.2246467991473532e-16,-1.0
Quezon,2010-07-01,,2010,7,2010-07-01,0.0,,,0.0,,,,,,,,,,,-0.4999999999999997,-0.8660254037844388
Quezon,2010-08-01,,2010,8,2010-07-01,0.0,,,0.0,,,,,,,,,,,-0.8660254037844385,-0.5000000000000004
Quezon,2010-09-01,,2010,9,2010-07-01,0.0,,,0.0,,,,,,,,,,,-1.0,-1.8369701987210297e-16
Quezon,2010-10-01,,2010,10,2010-10-01,0.0,,,0.0,,,,,,,,,,,-0.8660254037844386,0.5000000000000001
Quezon,2010-11-01,,2010,11,2010-10-01,0.0,,,0.0,,,,,,,,,,,-0.5000000000000004,0.8660254037844384
Quezon,2010-12-01,,2010,12,2010-10-01,0.0,,,0.0,,,,,,,,,,,-2.4492935982947064e-16,1.0
Quezon,2011-01-01,,2011,1,2011-01-01,0.0,,,0.0,,,,,,,,,,,0.49999999999999994,0.8660254037844387
Quezon,2011-02-01,,2011,2,2011-01-01,0.0,,,0.0,,,,,,,,,,,0.8660254037844386,0.5000000000000001
Quezon,2011-03-01,,2011,3,2011-01-01,0.0,,,0.0,,,,,,,,,,,1.0,6.123233995736766e-17
Quezon,2011-04-01,,2011,4,2011-04-01,0.0,,,0.0,,,,,,,,,,,0.8660254037844387,-0.4999999999999998
Quezon,2011-05-01,,2011,5,2011-04-01,0.0,,,0.0,,,,,,,,,,,0.49999999999999994,-0.8660254037844387
Quezon,2011-06-01,,2011,6,2011-04-01,0.0,,,0.0,,,,,,,,,,,1.2246467991473532e-16,-1.0
Quezon,2011-07-01,,2011,7,2011-07-01,0.0,,,0.0,,,,,,,,,,,-0.4999999999999997,-0.8660254037844388
Quezon,2011-08-01,,2011,8,2011-07-01,0.0,,,0.0,,,,,,,,,,,-0.8660254037844385,-0.5000000000000004
Quezon,2011-09-01,,2011,9,2011-07-01,0.0,,,0.0,,,,,,,,,,,-1.0,-1.8369701987210297e-16
Quezon,2011-10-01,,2011,10,2011-10-01,0.0,,,0.0,,,,,,,,,,,-0.8660254037844386,0.5000000000000001
Quezon,2011-11-01,,2011,11,2011-10-01,0.0,,,0.0,,,,,,,,,,,-0.5000000000000004,0.8660254037844384
Quezon,2011-12-01,,2011,12,2011-10-01,0.0,,,0.0,,,,,,,,,,,-2.4492935982947064e-16,1.0
Quezon,2012-01-01,,2012,1,2012-01-01,0.0,,,0.0,,,,,,,,,,,0.49999999999999994,0.8660254037844387
Quezon,2012-02-01,,2012,2,2012-01-01,0.0,,,0.0,,,,,,,,,,,0.8660254037844386,0.5000000000000001
Quezon,2012-03-01,,2012,3,2012-01-01,0.0,,,0.0,,,,,,,,,,,1.0,6.123233995736766e-17
Quezon,2012-04-01,,2012,4,2012-04-01,0.0,,,0.0,,,,,,,,,,,0.8660254037844387,-0.4999999999999998
Quezon,2012-05-01,,2012,5,2012-04-01,0.0,,,0.0,,,,,,,,,,,0.49999999999999994,-0.8660254037844387
Quezon,2012-06-01,,2012,6,2012-04-01,0.0,,,0.0,,,,,,,,,,,1.2246467991473532e-16,-1.0
Quezon,2012-07-01,,2012,7,2012-07-01,0.0,,,0.0,,,,,,,,,,,-0.4999999999999997,-0.8660254037844388
Quezon,2012-08-01,,2012,8,2012-07-01,0.0,,,0.0,,,,,,,,,,,-0.8660254037844385,-0.5000000000000004
Quezon,2012-09-01,,2012,9,2012-07-01,0.0,,,0.0,,,,,,,,,,,-1.0,-1.8369701987210297e-16
Quezon,2012-10-01,,2012,10,2012-10-01,0.0,,,0.0,,,,,,,,,,,-0.8660254037844386,0.5000000000000001
Quezon,2012-11-01,,2012,11,2012-10-01,0.0,,,0.0,,,,,,,,,,,-0.5000000000000004,0.8660254037844384
Quezon,2012-12-01,,2012,12,2012-10-01,0.0,,,0.0,,,,,,,,,,,-2.4492935982947064e-16,1.0
Quezon,2013-01-01,,2013,1,2013-01-01,0.0,,,0.0,,,,,,,,,,,0.49999999999999994,0.8660254037844387
Quezon,2013-02-01,,2013,2,2013-01-01,0.0,,,0.0,,,,,,,,,,,0.8660254037844386,0.5000000000000001
Quezon,2013-03-01,,2013,3,2013-01-01,0.0,,,0.0,,,,,,,,,,,1.0,6.123233995736766e-17
Quezon,2013-04-01,,2013,4,2013-04-01,0.0,,,0.0,,,,,,,,,,,0.8660254037844387,-0.4999999999999998
Quezon,2013-05-01,,2013,5,2013-04-01,0.0,,,0.0,,,,,,,,,,,0.49999999999999994,-0.8660254037844387
Quezon,2013-06-01,,2013,6,2013-04-01,0.0,,,0.0,,,,,,,,,,,1.2246467991473532e-16,-1.0
Quezon,2013-07-01,,2013,7,2013-07-01,0.0,,,0.0,,,,,,,,,,,-0.4999999999999997,-0.8660254037844388
Quezon,2013-08-01,,2013,8,2013-07-01,0.0,,,0.0,,,,,,,,,,,-0.8660254037844385,-0.5000000000000004
Quezon,2013-09-01,,2013,9,2013-07-01,0.0,,,0.0,,,,,,,,,,,-1.0,-1.8369701987210297e-16
Quezon,2013-10-01,,2013,10,2013-10-01,0.0,,,0.0,,,,,,,,,,,-0.8660254037844386,0.5000000000000001
Quezon,2013-11-01,,2013,11,2013-10-01,0.0,,,0.0,,,,,,,,,,,-0.5000000000000004,0.8660254037844384
Quezon,2013-12-01,,2013,12,2013-10-01,0.0,,,0.0,,,,,,,,,,,-2.4492935982947064e-16,1.0
Quezon,2014-01-01,,2014,1,2014-01-01,0.0,,,0.0,,,,,,,,,,,0.49999999999999994,0.8660254037844387
Quezon,2014-02-01,,2014,2,2014-01-01,0.0,,,0.0,,,,,,,,,,,0.8660254037844386,0.5000000000000001
Quezon,2014-03-01,,2014,3,2014-01-01,0.0,,,0.0,,,,,,,,,,,1.0,6.123233995736766e-17
Quezon,2014-04-01,,2014,4,2014-04-01,0.0,,,0.0,,,,,,,,,,,0.8660254037844387,-0.4999999999999998
Quezon,2014-05-01,,2014,5,2014-04-01,0.0,,,0.0,,,,,,,,,,,0.49999999999999994,-0.8660254037844387
Quezon,2014-06-01,,2014,6,2014-04-01,0.0,,,0.0,,,,,,,,,,,1.2246467991473532e-16,-1.0
Quezon,2014-07-01,,2014,7,2014-07-01,0.0,,,0.0,,,,,,,,,,,-0.4999999999999997,-0.8660254037844388
Quezon,2014-08-01,,2014,8,2014-07-01,0.0,,,0.0,,,,,,,,,,,-0.8660254037844385,-0.5000000000000004
Quezon,2014-09-01,,2014,9,2014-07-01,0.0,,,0.0,,,,,,,,,,,-1.0,-1.8369701987210297e-16
Quezon,2014-10-01,,2014,10,2014-10-01,0.0,,,0.0,,,,,,,,,,,-0.8660254037844386,0.5000000000000001
Quezon,2014-11-01,,2014,11,2014-10-01,0.0,,,0.0,,,,,,,,,,,-0.5000000000000004,0.8660254037844384
Quezon,2014-12-01,,2014,12,2014-10-01,0.0,,,0.0,,,,,,,,,,,-2.4492935982947064e-16,1.0
Quezon,2015-01-01,,2015,1,2015-01-01,0.0,,,0.0,,,,,,,,,,,0.49999999999999994,0.8660254037844387
Quezon,2015-02-01,,2015,2,2015-01-01,0.0,,,0.0,,,,,,,,,,,0.8660254037844386,0.5000000000000001
Quezon,2015-03-01,,2015,3,2015-01-01,0.0,,,0.0,,,,,,,,,,,1.0,6.123233995736766e-17
Quezon,2015-04-01,,2015,4,2015-04-01,0.0,,,0.0,,,,,,,,,,,0.8660254037844387,-0.4999999999999998
Quezon,2015-05-01,,2015,5,2015-04-01,0.0,,,0.0,,,,,,,,,,,0.49999999999999994,-0.8660254037844387
Quezon,2015-06-01,,2015,6,2015-04-01,0.0,,,0.0,,,,,,,,,,,1.2246467991473532e-16,-1.0
Quezon,2015-07-01,,2015,7,2015-07-01,0.0,,,0.0,,,,,,,,,,,-0.4999999999999997,-0.8660254037844388
Quezon,2015-08-01,,2015,8,2015-07-01,0.0,,,0.0,,,,,,,,,,,-0.8660254037844385,-0.5000000000000004
Quezon,2015-09-01,,2015,9,2015-07-01,0.0,,,0.0,,,,,,,,,,,-1.0,-1.8369701987210297e-16
Quezon,2015-10-01,,2015,10,2015-10-01,0.0,,,0.0,,,,,,,,,,,-0.8660254037844386,0.5000000000000001
Quezon,2015-11-01,,2015,11,2015-10-01,0.0,,,0.0,,,,,,,,,,,-0.5000000000000004,0.8660254037844384
Quezon,2015-12-01,,2015,12,2015-10-01,0.0,,,0.0,,,,,,,,,,,-2.4492935982947064e-16,1.0
Quezon,2016-01-01,,2016,1,2016-01-01,0.0,,,0.0,,,,,,,,,,,0.49999999999999994,0.8660254037844387
Quezon,2016-02-01,,2016,2,2016-01-01,0.0,,,0.0,,,,,,,,,,,0.8660254037844386,0.5000000000000001
Quezon,2016-03-01,,2016,3,2016-01-01,0.0,,,0.0,,,,,,,,,,,1.0,6.123233995736766e-17
Quezon,2016-04-01,,2016,4,2016-04-01,0.0,,,0.0,,,,,,,,,,,0.8660254037844387,-0.4999999999999998
Quezon,2016-05-01,,2016,5,2016-04-01,0.0,,,0.0,,,,,,,,,,,0.49999999999999994,-0.8660254037844387
Quezon,2016-06-01,,2016,6,2016-04-01,0.0,,,0.0,,,,,,,,,,,1.2246467991473532e-16,-1.0
Quezon,2016-07-01,,2016,7,2016-07-01,0.0,,,0.0,,,,,,,,,,,-0.4999999999999997,-0.8660254037844388
Quezon,2016-08-01,,2016,8,2016-07-01,0.0,,,0.0,,,,,,,,,,,-0.8660254037844385,-0.5000000000000004
Quezon,2016-09-01,,2016,9,2016-07-01,0.0,,,0.0,,,,,,,,,,,-1.0,-1.8369701987210297e-16
Quezon,2016-10-01,,2016,10,2016-10-01,0.0,,,0.0,,,,,,,,,,,-0.8660254037844386,0.5000000000000001
Quezon,2016-11-01,,2016,11,2016-10-01,0.0,,,0.0,,,,,,,,,,,-0.5000000000000004,0.8660254037844384
Quezon,2016-12-01,,2016,12,2016-10-01,0.0,,,0.0,,,,,,,,,,,-2.4492935982947064e-16,1.0
Quezon,2017-01-01,,2017,1,2017-01-01,0.0,,,0.0,,,,,,,,,,,0.49999999999999994,0.8660254037844387
Quezon,2017-02-01,,2017,2,2017-01-01,0.0,,,0.0,,,,,,,,,,,0.8660254037844386,0.5000000000000001
Quezon,2017-03-01,,2017,3,2017-01-01,0.0,,,0.0,,,,,,,,,,,1.0,6.123233995736766e-17
Quezon,2017-04-01,,2017,4,2017-04-01,0.0,,,0.0,,,,,,,,,,,0.8660254037844387,-0.4999999999999998
Quezon,2017-05-01,,2017,5,2017-04-01,0.0,,,0.0,,,,,,,,,,,0.49999999999999994,-0.8660254037844387
Quezon,2017-06-01,,2017,6,2017-04-01,0.0,,,0.0,,,,,,,,,,,1.2246467991473532e-16,-1.0
Quezon,2017-07-01,,2017,7,2017-07-01,0.0,,,0.0,,,,,,,,,,,-0.4999999999999997,-0.8660254037844388
Quezon,2017-08-01,,2017,8,2017-07-01,0.0,,,0.0,,,,,,,,,,,-0.8660254037844385,-0.5000000000000004
Quezon,2017-09-01,,2017,9,2017-07-01,0.0,,,0.0,,,,,,,,,,,-1.0,-1.8369701987210297e-16
Quezon,2017-10-01,,2017,10,2017-10-01,0.0,,,0.0,,,,,,,,,,,-0.8660254037844386,0.5000000000000001
Quezon,2017-11-01,,2017,11,2017-10-01,0.0,,,0.0,,,,,,,,,,,-0.5000000000000004,0.8660254037844384
Quezon,2017-12-01,,2017,12,2017-10-01,0.0,,,0.0,,,,,,,,,,,-2.4492935982947064e-16,1.0
Quezon,2018-01-01,,2018,1,2018-01-01,0.0,,,0.0,,,,,,,,,,,0.49999999999999994,0.8660254037844387
Quezon,2018-02-01,,2018,2,2018-01-01,0.0,,,0.0,,,,,,,,,,,0.8660254037844386,0.5000000000000001
Quezon,2018-03-01,,2018,3,2018-01-01,0.0,,,0.0,,,,,,,,,,,1.0,6.123233995736766e-17
Quezon,2018-04-01,,2018,4,2018-04-01,0.0,,,0.0,,,,,,,,,,,0.8660254037844387,-0.4999999999999998
Quezon,2018-05-01,,2018,5,2018-04-01,0.0,,,0.0,,,,,,,,,,,0.49999999999999994,-0.8660254037844387
Quezon,2018-06-01,,2018,6,2018-04-01,0.0,,,0.0,,,,,,,,,,,1.2246467991473532e-16,-1.0
Quezon,2018-07-01,,2018,7,2018-07-01,0.0,,,0.0,,,,,,,,,,,-0.4999999999999997,-0.8660254037844388
Quezon,2018-08-01,,2018,8,2018-07-01,0.0,,,0.0,,,,,,,,,,,-0.8660254037844385,-0.5000000000000004
Quezon,2018-09-01,,2018,9,2018-07-01,0.0,,,0.0,,,,,,,,,,,-1.0,-1.8369701987210297e-16
Quezon,2018-10-01,,2018,10,2018-10-01,0.0,,,0.0,,,,,,,,,,,-0.8660254037844386,0.5000000000000001
Quezon,2018-11-01,,2018,11,2018-10-01,0.0,,,0.0,,,,,,,,,,,-0.5000000000000004,0.8660254037844384
Quezon,2018-12-01,,2018,12,2018-10-01,0.0,,,0.0,,,,,,,,,,,-2.4492935982947064e-16,1.0
Quezon,2019-01-01,,2019,1,2019-01-01,0.0,,,0.0,,,,,,,,,,,0.49999999999999994,0.8660254037844387
Quezon,2019-02-01,,2019,2,2019-01-01,0.0,,,0.0,,,,,,,,,,,0.8660254037844386,0.5000000000000001
Quezon,2019-03-01,,2019,3,2019-01-01,0.0,,,0.0,,,,,,,,,,,1.0,6.123233995736766e-17
Quezon,2019-04-01,,2019,4,2019-04-01,0.0,,,0.0,,,,,,,,,,,0.8660254037844387,-0.4999999999999998
Quezon,2019-05-01,,2019,5,2019-04-01,0.0,,,0.0,,,,,,,,,,,0.49999999999999994,-0.8660254037844387
Quezon,2019-06-01,,2019,6,2019-04-01,0.0,,,0.0,,,,,,,,,,,1.2246467991473532e-16,-1.0
Quezon,2019-07-01,,2019,7,2019-07-01,0.0,,,0.0,,,,,,,,,,,-0.4999999999999997,-0.8660254037844388
Quezon,2019-08-01,,2019,8,2019-07-01,0.0,,,0.0,,,,,,,,,,,-0.8660254037844385,-0.5000000000000004
Quezon,2019-09-01,,2019,9,2019-07-01,0.0,,,0.0,,,,,,,,,,,-1.0,-1.8369701987210297e-16
Quezon,2019-10-01,,2019,10,2019-10-01,0.0,,,0.0,,,,,,,,,,,-0.8660254037844386,0.5000000000000001
Quezon,2019-11-01,,2019,11,2019-10-01,0.0,,,0.0,,,,,,,,,,,-0.5000000000000004,0.8660254037844384
Quezon,2019-12-01,,2019,12,2019-10-01,0.0,,,0.0,,,,,,,,,,,-2.4492935982947064e-16,1.0
Quezon,2020-01-01,,2020,1,2020-01-01,0.0,,,0.0,,,,,,,,,,,0.49999999999999994,0.8660254037844387
Quezon,2020-02-01,,2020,2,2020-01-01,0.0,,,0.0,,,,,,,,,,,0.8660254037844386,0.5000000000000001
Quezon,2020-03-01,,2020,3,2020-01-01,0.0,,,0.0,,,,,,,,,,,1.0,6.123233995736766e-17
Quezon,2020-04-01,,2020,4,2020-04-01,0.0,,,0.0,,,,,,,,,,,0.8660254037844387,-0.4999999999999998
Quezon,2020-05-01,,2020,5,2020-04-01,0.0,,,0.0,,,,,,,,,,,0.49999999999999994,-0.8660254037844387
Quezon,2020-06-01,,2020,6,2020-04-01,0.0,,,0.0,,,,,,,,,,,1.2246467991473532e-16,-1.0
Quezon,2020-07-01,,2020,7,2020-07-01,0.0,,,0.0,,,,,,,,,,,-0.4999999999999997,-0.8660254037844388
Quezon,2020-08-01,,2020,8,2020-07-01,0.0,,,0.0,,,,,,,,,,,-0.8660254037844385,-0.5000000000000004
Quezon,2020-09-01,,2020,9,2020-07-01,0.0,,,0.0,,,,,,,,,,,-1.0,-1.8369701987210297e-16
Quezon,2020-10-01,,2020,10,2020-10-01,0.0,,,0.0,,,,,,,,,,,-0.8660254037844386,0.5000000000000001
Quezon,2020-11-01,,2020,11,2020-10-01,0.0,,,0.0,,,,,,,,,,,-0.5000000000000004,0.8660254037844384
Quezon,2020-12-01,,2020,12,2020-10-01,0.0,,,0.0,,,,,,,,,,,-2.4492935982947064e-16,1.0
Quezon,2021-01-01,,2021,1,2021-01-01,0.0,,,0.0,,,,,,,,,,,0.49999999999999994,0.8660254037844387
Quezon,2021-02-01,,2021,2,2021-01-01,0.0,,,0.0,,,,,,,,,,,0.8660254037844386,0.5000000000000001
Quezon,2021-03-01,,2021,3,2021-01-01,0.0,,,0.0,,,,,,,,,,,1.0,6.123233995736766e-17
Quezon,2021-04-01,,2021,4,2021-04-01,0.0,,,0.0,,,,,,,,,,,0.8660254037844387,-0.4999999999999998
Quezon,2021-05-01,,2021,5,2021-04-01,0.0,,,0.0,,,,,,,,,,,0.49999999999999994,-0.8660254037844387
Quezon,2021-06-01,,2021,6,2021-04-01,0.0,,,0.0,,,,,,,,,,,1.2246467991473532e-16,-1.0
Quezon,2021-07-01,,2021,7,2021-07-01,0.0,,,0.0,,,,,,,,,,,-0.4999999999999997,-0.8660254037844388
Quezon,2021-08-01,,2021,8,2021-07-01,0.0,,,0.0,,,,,,,,,,,-0.8660254037844385,-0.5000000000000004
Quezon,2021-09-01,,2021,9,2021-07-01,0.0,,,0.0,,,,,,,,,,,-1.0,-1.8369701987210297e-16
Quezon,2021-10-01,,2021,10,2021-10-01,0.0,,,0.0,,,,,,,,,,,-0.8660254037844386,0.5000000000000001
Quezon,2021-11-01,,2021,11,2021-10-01,0.0,,,0.0,,,,,,,,,,,-0.5000000000000004,0.8660254037844384
Quezon,2021-12-01,,2021,12,2021-10-01,0.0,,,0.0,,,,,,,,,,,-2.4492935982947064e-16,1.0
Quezon,2022-01-01,,2022,1,2022-01-01,0.0,,,0.0,,,,,,,,,,,0.49999999999999994,0.8660254037844387
Quezon,2022-02-01,,2022,2,2022-01-01,0.0,,,0.0,,,,,,,,,,,0.8660254037844386,0.5000000000000001
Quezon,2022-03-01,,2022,3,2022-01-01,0.0,,,0.0,,,,,,,,,,,1.0,6.123233995736766e-17
Quezon,2022-04-01,,2022,4,2022-04-01,0.0,,,0.0,,,,,,,,,,,0.8660254037844387,-0.4999999999999998
Quezon,2022-05-01,,2022,5,2022-04-01,0.0,,,0.0,,,,,,,,,,,0.49999999999999994,-0.8660254037844387
Quezon,2022-06-01,,2022,6,2022-04-01,0.0,,,0.0,,,,,,,,,,,1.2246467991473532e-16,-1.0
Quezon,2022-07-01,,2022,7,2022-07-01,0.0,,,0.0,,,,,,,,,,,-0.4999999999999997,-0.8660254037844388
Quezon,2022-08-01,,2022,8,2022-07-01,0.0,,,0.0,,,,,,,,,,,-0.8660254037844385,-0.5000000000000004
Quezon,2022-09-01,,2022,9,2022-07-01,0.0,,,0.0,,,,,,,,,,,-1.0,-1.8369701987210297e-16
Quezon,2022-10-01,,2022,10,2022-10-01,0.0,,,0.0,,,,,,,,,,,-0.8660254037844386,0.5000000000000001
Quezon,2022-11-01,,2022,11,2022-10-01,0.0,,,0.0,,,,,,,,,,,-0.5000000000000004,0.8660254037844384
Quezon,2022-12-01,,2022,12,2022-10-01,0.0,,,0.0,,,,,,,,,,,-2.4492935982947064e-16,1.0
Quezon,2023-01-01,,2023,1,2023-01-01,0.0,,,0.0,,,,,,,,,,,0.49999999999999994,0.8660254037844387
Quezon,2023-02-01,,2023,2,2023-01-01,0.0,,,0.0,,,,,,,,,,,0.8660254037844386,0.5000000000000001
Quezon,2023-03-01,,2023,3,2023-01-01,0.0,,,0.0,,,,,,,,,,,1.0,6.123233995736766e-17
Quezon,2023-04-01,,2023,4,2023-04-01,0.11714285714285713,,,0.0,,,,,,,,,,,0.8660254037844387,-0.4999999999999998
Quezon,2023-05-01,,2023,5,2023-04-01,0.11714285714285713,,,0.0,,,,,,,,,,,0.49999999999999994,-0.8660254037844387
Quezon,2023-06-01,,2023,6,2023-04-01,0.11714285714285713,,,0.0,,,,,,,,,,,1.2246467991473532e-16,-1.0
Quezon,2023-07-01,,2023,7,2023-07-01,0.0,,,0.11714285714285713,,,,,,,,,,,-0.4999999999999997,-0.8660254037844388
Quezon,2023-08-01,,2023,8,2023-07-01,0.0,,,0.11714285714285713,,,,,,,,,,,-0.8660254037844385,-0.5000000000000004
Quezon,2023-09-01,,2023,9,2023-07-01,0.0,,,0.11714285714285713,,,,,,,,,,,-1.0,-1.8369701987210297e-16
Quezon,2023-10-01,,2023,10,2023-10-01,0.0,,,0.0,,,,,,,,,,,-0.8660254037844386,0.5000000000000001
Quezon,2023-11-01,,2023,11,2023-10-01,0.0,,,0.0,,,,,,,,,,,-0.5000000000000004,0.8660254037844384
Quezon,2023-12-01,,2023,12,2023-10-01,0.0,,,0.0,,,,,,,,,,,-2.4492935982947064e-16,1.0
Quezon,2024-01-01,,2024,1,2024-01-01,2.1142857142857143,,,0.0,,,,,,,,,,,0.49999999999999994,0.8660254037844387
Quezon,2024-02-01,,2024,2,2024-01-01,2.1142857142857143,,,0.0,,,,,,,,,,,0.8660254037844386,0.5000000000000001
Quezon,2024-03-01,,2024,3,2024-01-01,2.1142857142857143,,,0.0,,,,,,,,,,,1.0,6.123233995736766e-17
Quezon,2024-04-01,,2024,4,2024-04-01,0.5928571428571429,,,2.1142857142857143,,,,,,,,,,,0.8660254037844387,-0.4999999999999998
Quezon,2024-05-01,,2024,5,2024-04-01,0.5928571428571429,,,2.1142857142857143,,,,,,,,,,,0.49999999999999994,-0.8660254037844387
Quezon,2024-06-01,,2024,6,2024-04-01,0.5928571428571429,,,2.1142857142857143,,,,,,,,,,,1.2246467991473532e-16,-1.0
Quezon,2024-07-01,,2024,7,2024-07-01,0.0014285714285714286,,,0.5928571428571429,,,,,,,,,,,-0.4999999999999997,-0.8660254037844388
Quezon,2024-08-01,,2024,8,2024-07-01,0.0014285714285714286,,,0.5928571428571429,,,,,,,,,,,-0.8660254037844385,-0.5000000000000004
Quezon,2024-09-01,,2024,9,2024-07-01,0.0014285714285714286,,,0.5928571428571429,,,,,,,,,,,-1.0,-1.8369701987210297e-16
Quezon,2024-10-01,,2024,10,2024-10-01,0.47714285714285715,,,0.0014285714285714286,,,,,,,,,,,-0.8660254037844386,0.5000000000000001
Quezon,2024-11-01,,2024,11,2024-10-01,0.47714285714285715,,,0.0014285714285714286,,,,,,,,,,,-0.5000000000000004,0.8660254037844384
Quezon,2024-12-01,,2024,12,2024-10-01,0.47714285714285715,,,0.0014285714285714286,,,,,,,,,,,-2.4492935982947064e-16,1.0
Quezon,2025-01-01,,2025,1,2025-01-01,2.012857142857143,0.06714285714285714,29.97872340425532,0.47714285714285715,,,,,,,,,,,0.49999999999999994,0.8660254037844387
Quezon,2025-02-01,,2025,2,2025-01-01,2.012857142857143,0.06714285714285714,29.97872340425532,0.47714285714285715,,,,,,,,,,,0.8660254037844386,0.5000000000000001
Quezon,2025-03-01,,2025,3,2025-01-01,2.012857142857143,0.06714285714285714,29.97872340425532,0.47714285714285715,,,,,,,,,,,1.0,6.123233995736766e-17
Quezon,2025-04-01,,2025,4,2025-04-01,0.6885714285714286,0.08857142857142856,7.774193548387098,2.012857142857143,0.06714285714285714,29.97872340425532,,,,,,,,,0.8660254037844387,-0.4999999999999998
Quezon,2025-05-01,,2025,5,2025-04-01,0.6885714285714286,0.08857142857142856,7.774193548387098,2.012857142857143,0.06714285714285714,29.97872340425532,,,,,,,,,0.49999999999999994,-0.8660254037844387
Quezon,2025-06-01,,2025,6,2025-04-01,0.6885714285714286,0.08857142857142856,7.774193548387098,2.012857142857143,0.06714285714285714,29.97872340425532,,,,,,,,,1.2246467991473532e-16,-1.0
Quezon,2025-07-01,,2025,7,2025-07-01,0.0014285714285714286,0.5042857142857142,0.0028328611898017,0.6885714285714286,0.08857142857142856,7.774193548387098,,,,,,,,,-0.4999999999999997,-0.8660254037844388
Quezon,2025-08-01,,2025,8,2025-07-01,0.0014285714285714286,0.5042857142857142,0.0028328611898017,0.6885714285714286,0.08857142857142856,7.774193548387098,,,,,,,,,-0.8660254037844385,-0.5000000000000004
Quezon,2025-09-01,,2025,9,2025-07-01,0.0014285714285714286,0.5042857142857142,0.0028328611898017,0.6885714285714286,0.08857142857142856,7.774193548387098,,,,,,,,,-1.0,-1.8369701987210297e-16
Quezon,2025-10-01,,2025,10,2025-10-01,0.5257142857142857,0.04857142857142858,10.823529411764705,0.0014285714285714286,0.5042857142857142,0.0028328611898017,,,,,,,,,-0.8660254037844386,0.5000000000000001
Quezon,2025-11-01,,2025,11,2025-10-01,0.5257142857142857,0.04857142857142858,10.823529411764705,0.0014285714285714286,0.5042857142857142,0.0028328611898017,,,,,,,,,-0.5000000000000004,0.8660254037844384
Quezon,2025-12-01,,2025,12,2025-10-01,0.5257142857142857,0.04857142857142858,10.823529411764705,0.0014285714285714286,0.5042857142857142,0.0028328611898017,,,,,,,,,-2.4492935982947064e-16,1.0
Quezon,2026-01-01,,2026,1,2026-01-01,0.011428571428571429,0.03,0.380952380952381,0.5257142857142857,0.04857142857142858,10.823529411764705,,,,,,,,,0.49999999999999994,0.8660254037844387
Quezon,2026-02-01,,2026,2,2026-01-01,0.011428571428571429,0.03,0.380952380952381,0.5257142857142857,0.04857142857142858,10.823529411764705,,,,,,,,,0.8660254037844386,0.5000000000000001
Quezon,2026-03-01,,2026,3,2026-01-01,0.011428571428571429,0.03,0.380952380952381,0.5257142857142857,0.04857142857142858,10.823529411764705,,,,,,,,,1.0,6.123233995736766e-17
Quezon,2026-04-01,,2026,4,2026-04-01,0.5971428571428571,0.08142857142857142,7.333333333333333,0.011428571428571429,0.03,0.380952380952381,,,,,,,,,0.8660254037844387,-0.4999999999999998
Quezon,2026-05-01,,2026,5,2026-04-01,0.5971428571428571,0.08142857142857142,7.333333333333333,0.011428571428571429,0.03,0.380952380952381,,,,,,,,,0.49999999999999994,-0.8660254037844387
Quezon,2026-06-01,,2026,6,2026-04-01,0.5971428571428571,0.08142857142857142,7.333333333333333,0.011428571428571429,0.03,0.380952380952381,,,,,,,,,1.2246467991473532e-16,-1.0
Quezon,2026-07-01,,2026,7,2026-07-01,,,,0.5971428571428571,0.08142857142857142,7.333333333333333,,,,,,,,,-0.4999999999999997,-0.8660254037844388
Quezon,2026-08-01,,2026,8,2026-07-01,,,,0.5971428571428571,0.08142857142857142,7.333333333333333,,,,,,,,,-0.8660254037844385,-0.5000000000000004
Quezon,2026-09-01,,2026,9,2026-07-01,,,,0.5971428571428571,0.08142857142857142,7.333333333333333,,,,,,,,,-1.0,-1.8369701987210297e-16
Quezon,2026-10-01,,2026,10,2026-10-01,,,,,,,,,,,,,,,-0.8660254037844386,0.5000000000000001
Quezon,2026-11-01,,2026,11,2026-10-01,,,,,,,,,,,,,,,-0.5000000000000004,0.8660254037844384
Quezon,2026-12-01,,2026,12,2026-10-01,,,,,,,,,,,,,,,-2.4492935982947064e-16,1.0
Rizal,2010-01-01,,2010,1,2010-01-01,0.0,,,,,,,,,,,,,,0.49999999999999994,0.8660254037844387
Rizal,2010-02-01,,2010,2,2010-01-01,0.0,,,,,,,,,,,,,,0.8660254037844386,0.5000000000000001
Rizal,2010-03-01,,2010,3,2010-01-01,0.0,,,,,,,,,,,,,,1.0,6.123233995736766e-17
Rizal,2010-04-01,,2010,4,2010-04-01,0.0,,,0.0,,,,,,,,,,,0.8660254037844387,-0.4999999999999998
Rizal,2010-05-01,,2010,5,2010-04-01,0.0,,,0.0,,,,,,,,,,,0.49999999999999994,-0.8660254037844387
Rizal,2010-06-01,,2010,6,2010-04-01,0.0,,,0.0,,,,,,,,,,,1.2246467991473532e-16,-1.0
Rizal,2010-07-01,,2010,7,2010-07-01,0.0,,,0.0,,,,,,,,,,,-0.4999999999999997,-0.8660254037844388
Rizal,2010-08-01,,2010,8,2010-07-01,0.0,,,0.0,,,,,,,,,,,-0.8660254037844385,-0.5000000000000004
Rizal,2010-09-01,,2010,9,2010-07-01,0.0,,,0.0,,,,,,,,,,,-1.0,-1.8369701987210297e-16
Rizal,2010-10-01,,2010,10,2010-10-01,0.0,,,0.0,,,,,,,,,,,-0.8660254037844386,0.5000000000000001
Rizal,2010-11-01,,2010,11,2010-10-01,0.0,,,0.0,,,,,,,,,,,-0.5000000000000004,0.8660254037844384
Rizal,2010-12-01,,2010,12,2010-10-01,0.0,,,0.0,,,,,,,,,,,-2.4492935982947064e-16,1.0
Rizal,2011-01-01,,2011,1,2011-01-01,0.0,,,0.0,,,,,,,,,,,0.49999999999999994,0.8660254037844387
Rizal,2011-02-01,,2011,2,2011-01-01,0.0,,,0.0,,,,,,,,,,,0.8660254037844386,0.5000000000000001
Rizal,2011-03-01,,2011,3,2011-01-01,0.0,,,0.0,,,,,,,,,,,1.0,6.123233995736766e-17
Rizal,2011-04-01,,2011,4,2011-04-01,0.0,,,0.0,,,,,,,,,,,0.8660254037844387,-0.4999999999999998
Rizal,2011-05-01,,2011,5,2011-04-01,0.0,,,0.0,,,,,,,,,,,0.49999999999999994,-0.8660254037844387
Rizal,2011-06-01,,2011,6,2011-04-01,0.0,,,0.0,,,,,,,,,,,1.2246467991473532e-16,-1.0
Rizal,2011-07-01,,2011,7,2011-07-01,0.0,,,0.0,,,,,,,,,,,-0.4999999999999997,-0.8660254037844388
Rizal,2011-08-01,,2011,8,2011-07-01,0.0,,,0.0,,,,,,,,,,,-0.8660254037844385,-0.5000000000000004
Rizal,2011-09-01,,2011,9,2011-07-01,0.0,,,0.0,,,,,,,,,,,-1.0,-1.8369701987210297e-16
Rizal,2011-10-01,,2011,10,2011-10-01,0.0,,,0.0,,,,,,,,,,,-0.8660254037844386,0.5000000000000001
Rizal,2011-11-01,,2011,11,2011-10-01,0.0,,,0.0,,,,,,,,,,,-0.5000000000000004,0.8660254037844384
Rizal,2011-12-01,,2011,12,2011-10-01,0.0,,,0.0,,,,,,,,,,,-2.4492935982947064e-16,1.0
Rizal,2012-01-01,,2012,1,2012-01-01,0.0,,,0.0,,,,,,,,,,,0.49999999999999994,0.8660254037844387
Rizal,2012-02-01,,2012,2,2012-01-01,0.0,,,0.0,,,,,,,,,,,0.8660254037844386,0.5000000000000001
Rizal,2012-03-01,,2012,3,2012-01-01,0.0,,,0.0,,,,,,,,,,,1.0,6.123233995736766e-17
Rizal,2012-04-01,,2012,4,2012-04-01,0.0,,,0.0,,,,,,,,,,,0.8660254037844387,-0.4999999999999998
Rizal,2012-05-01,,2012,5,2012-04-01,0.0,,,0.0,,,,,,,,,,,0.49999999999999994,-0.8660254037844387
Rizal,2012-06-01,,2012,6,2012-04-01,0.0,,,0.0,,,,,,,,,,,1.2246467991473532e-16,-1.0
Rizal,2012-07-01,,2012,7,2012-07-01,0.0,,,0.0,,,,,,,,,,,-0.4999999999999997,-0.8660254037844388
Rizal,2012-08-01,,2012,8,2012-07-01,0.0,,,0.0,,,,,,,,,,,-0.8660254037844385,-0.5000000000000004
Rizal,2012-09-01,,2012,9,2012-07-01,0.0,,,0.0,,,,,,,,,,,-1.0,-1.8369701987210297e-16
Rizal,2012-10-01,,2012,10,2012-10-01,0.0,,,0.0,,,,,,,,,,,-0.8660254037844386,0.5000000000000001
Rizal,2012-11-01,,2012,11,2012-10-01,0.0,,,0.0,,,,,,,,,,,-0.5000000000000004,0.8660254037844384
Rizal,2012-12-01,,2012,12,2012-10-01,0.0,,,0.0,,,,,,,,,,,-2.4492935982947064e-16,1.0
Rizal,2013-01-01,,2013,1,2013-01-01,0.0,,,0.0,,,,,,,,,,,0.49999999999999994,0.8660254037844387
Rizal,2013-02-01,,2013,2,2013-01-01,0.0,,,0.0,,,,,,,,,,,0.8660254037844386,0.5000000000000001
Rizal,2013-03-01,,2013,3,2013-01-01,0.0,,,0.0,,,,,,,,,,,1.0,6.123233995736766e-17
Rizal,2013-04-01,,2013,4,2013-04-01,0.0,,,0.0,,,,,,,,,,,0.8660254037844387,-0.4999999999999998
Rizal,2013-05-01,,2013,5,2013-04-01,0.0,,,0.0,,,,,,,,,,,0.49999999999999994,-0.8660254037844387
Rizal,2013-06-01,,2013,6,2013-04-01,0.0,,,0.0,,,,,,,,,,,1.2246467991473532e-16,-1.0
Rizal,2013-07-01,,2013,7,2013-07-01,0.0,,,0.0,,,,,,,,,,,-0.4999999999999997,-0.8660254037844388
Rizal,2013-08-01,,2013,8,2013-07-01,0.0,,,0.0,,,,,,,,,,,-0.8660254037844385,-0.5000000000000004
Rizal,2013-09-01,,2013,9,2013-07-01,0.0,,,0.0,,,,,,,,,,,-1.0,-1.8369701987210297e-16
Rizal,2013-10-01,,2013,10,2013-10-01,0.0,,,0.0,,,,,,,,,,,-0.8660254037844386,0.5000000000000001
Rizal,2013-11-01,,2013,11,2013-10-01,0.0,,,0.0,,,,,,,,,,,-0.5000000000000004,0.8660254037844384
Rizal,2013-12-01,,2013,12,2013-10-01,0.0,,,0.0,,,,,,,,,,,-2.4492935982947064e-16,1.0
Rizal,2014-01-01,,2014,1,2014-01-01,0.0,,,0.0,,,,,,,,,,,0.49999999999999994,0.8660254037844387
Rizal,2014-02-01,,2014,2,2014-01-01,0.0,,,0.0,,,,,,,,,,,0.8660254037844386,0.5000000000000001
Rizal,2014-03-01,,2014,3,2014-01-01,0.0,,,0.0,,,,,,,,,,,1.0,6.123233995736766e-17
Rizal,2014-04-01,,2014,4,2014-04-01,0.0,,,0.0,,,,,,,,,,,0.8660254037844387,-0.4999999999999998
Rizal,2014-05-01,,2014,5,2014-04-01,0.0,,,0.0,,,,,,,,,,,0.49999999999999994,-0.8660254037844387
Rizal,2014-06-01,,2014,6,2014-04-01,0.0,,,0.0,,,,,,,,,,,1.2246467991473532e-16,-1.0
Rizal,2014-07-01,,2014,7,2014-07-01,0.0,,,0.0,,,,,,,,,,,-0.4999999999999997,-0.8660254037844388
Rizal,2014-08-01,,2014,8,2014-07-01,0.0,,,0.0,,,,,,,,,,,-0.8660254037844385,-0.5000000000000004
Rizal,2014-09-01,,2014,9,2014-07-01,0.0,,,0.0,,,,,,,,,,,-1.0,-1.8369701987210297e-16
Rizal,2014-10-01,,2014,10,2014-10-01,0.0,,,0.0,,,,,,,,,,,-0.8660254037844386,0.5000000000000001
Rizal,2014-11-01,,2014,11,2014-10-01,0.0,,,0.0,,,,,,,,,,,-0.5000000000000004,0.8660254037844384
Rizal,2014-12-01,,2014,12,2014-10-01,0.0,,,0.0,,,,,,,,,,,-2.4492935982947064e-16,1.0
Rizal,2015-01-01,,2015,1,2015-01-01,0.0,,,0.0,,,,,,,,,,,0.49999999999999994,0.8660254037844387
Rizal,2015-02-01,,2015,2,2015-01-01,0.0,,,0.0,,,,,,,,,,,0.8660254037844386,0.5000000000000001
Rizal,2015-03-01,,2015,3,2015-01-01,0.0,,,0.0,,,,,,,,,,,1.0,6.123233995736766e-17
Rizal,2015-04-01,,2015,4,2015-04-01,0.0,,,0.0,,,,,,,,,,,0.8660254037844387,-0.4999999999999998
Rizal,2015-05-01,,2015,5,2015-04-01,0.0,,,0.0,,,,,,,,,,,0.49999999999999994,-0.8660254037844387
Rizal,2015-06-01,,2015,6,2015-04-01,0.0,,,0.0,,,,,,,,,,,1.2246467991473532e-16,-1.0
Rizal,2015-07-01,,2015,7,2015-07-01,0.0,,,0.0,,,,,,,,,,,-0.4999999999999997,-0.8660254037844388
Rizal,2015-08-01,,2015,8,2015-07-01,0.0,,,0.0,,,,,,,,,,,-0.8660254037844385,-0.5000000000000004
Rizal,2015-09-01,,2015,9,2015-07-01,0.0,,,0.0,,,,,,,,,,,-1.0,-1.8369701987210297e-16
Rizal,2015-10-01,,2015,10,2015-10-01,0.0,,,0.0,,,,,,,,,,,-0.8660254037844386,0.5000000000000001
Rizal,2015-11-01,,2015,11,2015-10-01,0.0,,,0.0,,,,,,,,,,,-0.5000000000000004,0.8660254037844384
Rizal,2015-12-01,,2015,12,2015-10-01,0.0,,,0.0,,,,,,,,,,,-2.4492935982947064e-16,1.0
Rizal,2016-01-01,,2016,1,2016-01-01,0.0,,,0.0,,,,,,,,,,,0.49999999999999994,0.8660254037844387
Rizal,2016-02-01,,2016,2,2016-01-01,0.0,,,0.0,,,,,,,,,,,0.8660254037844386,0.5000000000000001
Rizal,2016-03-01,,2016,3,2016-01-01,0.0,,,0.0,,,,,,,,,,,1.0,6.123233995736766e-17
Rizal,2016-04-01,,2016,4,2016-04-01,0.0,,,0.0,,,,,,,,,,,0.8660254037844387,-0.4999999999999998
Rizal,2016-05-01,,2016,5,2016-04-01,0.0,,,0.0,,,,,,,,,,,0.49999999999999994,-0.8660254037844387
Rizal,2016-06-01,,2016,6,2016-04-01,0.0,,,0.0,,,,,,,,,,,1.2246467991473532e-16,-1.0
Rizal,2016-07-01,,2016,7,2016-07-01,0.0,,,0.0,,,,,,,,,,,-0.4999999999999997,-0.8660254037844388
Rizal,2016-08-01,,2016,8,2016-07-01,0.0,,,0.0,,,,,,,,,,,-0.8660254037844385,-0.5000000000000004
Rizal,2016-09-01,,2016,9,2016-07-01,0.0,,,0.0,,,,,,,,,,,-1.0,-1.8369701987210297e-16
Rizal,2016-10-01,,2016,10,2016-10-01,0.0,,,0.0,,,,,,,,,,,-0.8660254037844386,0.5000000000000001
Rizal,2016-11-01,,2016,11,2016-10-01,0.0,,,0.0,,,,,,,,,,,-0.5000000000000004,0.8660254037844384
Rizal,2016-12-01,,2016,12,2016-10-01,0.0,,,0.0,,,,,,,,,,,-2.4492935982947064e-16,1.0
Rizal,2017-01-01,,2017,1,2017-01-01,0.0,,,0.0,,,,,,,,,,,0.49999999999999994,0.8660254037844387
Rizal,2017-02-01,,2017,2,2017-01-01,0.0,,,0.0,,,,,,,,,,,0.8660254037844386,0.5000000000000001
Rizal,2017-03-01,,2017,3,2017-01-01,0.0,,,0.0,,,,,,,,,,,1.0,6.123233995736766e-17
Rizal,2017-04-01,,2017,4,2017-04-01,0.0,,,0.0,,,,,,,,,,,0.8660254037844387,-0.4999999999999998
Rizal,2017-05-01,,2017,5,2017-04-01,0.0,,,0.0,,,,,,,,,,,0.49999999999999994,-0.8660254037844387
Rizal,2017-06-01,,2017,6,2017-04-01,0.0,,,0.0,,,,,,,,,,,1.2246467991473532e-16,-1.0
Rizal,2017-07-01,,2017,7,2017-07-01,0.0,,,0.0,,,,,,,,,,,-0.4999999999999997,-0.8660254037844388
Rizal,2017-08-01,,2017,8,2017-07-01,0.0,,,0.0,,,,,,,,,,,-0.8660254037844385,-0.5000000000000004
Rizal,2017-09-01,,2017,9,2017-07-01,0.0,,,0.0,,,,,,,,,,,-1.0,-1.8369701987210297e-16
Rizal,2017-10-01,,2017,10,2017-10-01,0.0,,,0.0,,,,,,,,,,,-0.8660254037844386,0.5000000000000001
Rizal,2017-11-01,,2017,11,2017-10-01,0.0,,,0.0,,,,,,,,,,,-0.5000000000000004,0.8660254037844384
Rizal,2017-12-01,,2017,12,2017-10-01,0.0,,,0.0,,,,,,,,,,,-2.4492935982947064e-16,1.0
Rizal,2018-01-01,,2018,1,2018-01-01,0.0,,,0.0,,,,,,,,,,,0.49999999999999994,0.8660254037844387
Rizal,2018-02-01,,2018,2,2018-01-01,0.0,,,0.0,,,,,,,,,,,0.8660254037844386,0.5000000000000001
Rizal,2018-03-01,,2018,3,2018-01-01,0.0,,,0.0,,,,,,,,,,,1.0,6.123233995736766e-17
Rizal,2018-04-01,,2018,4,2018-04-01,0.0,,,0.0,,,,,,,,,,,0.8660254037844387,-0.4999999999999998
Rizal,2018-05-01,,2018,5,2018-04-01,0.0,,,0.0,,,,,,,,,,,0.49999999999999994,-0.8660254037844387
Rizal,2018-06-01,,2018,6,2018-04-01,0.0,,,0.0,,,,,,,,,,,1.2246467991473532e-16,-1.0
Rizal,2018-07-01,,2018,7,2018-07-01,0.0,,,0.0,,,,,,,,,,,-0.4999999999999997,-0.8660254037844388
Rizal,2018-08-01,,2018,8,2018-07-01,0.0,,,0.0,,,,,,,,,,,-0.8660254037844385,-0.5000000000000004
Rizal,2018-09-01,,2018,9,2018-07-01,0.0,,,0.0,,,,,,,,,,,-1.0,-1.8369701987210297e-16
Rizal,2018-10-01,,2018,10,2018-10-01,0.0,,,0.0,,,,,,,,,,,-0.8660254037844386,0.5000000000000001
Rizal,2018-11-01,,2018,11,2018-10-01,0.0,,,0.0,,,,,,,,,,,-0.5000000000000004,0.8660254037844384
Rizal,2018-12-01,,2018,12,2018-10-01,0.0,,,0.0,,,,,,,,,,,-2.4492935982947064e-16,1.0
Rizal,2019-01-01,,2019,1,2019-01-01,0.0,,,0.0,,,,,,,,,,,0.49999999999999994,0.8660254037844387
Rizal,2019-02-01,,2019,2,2019-01-01,0.0,,,0.0,,,,,,,,,,,0.8660254037844386,0.5000000000000001
Rizal,2019-03-01,,2019,3,2019-01-01,0.0,,,0.0,,,,,,,,,,,1.0,6.123233995736766e-17
Rizal,2019-04-01,,2019,4,2019-04-01,0.0,,,0.0,,,,,,,,,,,0.8660254037844387,-0.4999999999999998
Rizal,2019-05-01,,2019,5,2019-04-01,0.0,,,0.0,,,,,,,,,,,0.49999999999999994,-0.8660254037844387
Rizal,2019-06-01,,2019,6,2019-04-01,0.0,,,0.0,,,,,,,,,,,1.2246467991473532e-16,-1.0
Rizal,2019-07-01,,2019,7,2019-07-01,0.0,,,0.0,,,,,,,,,,,-0.4999999999999997,-0.8660254037844388
Rizal,2019-08-01,,2019,8,2019-07-01,0.0,,,0.0,,,,,,,,,,,-0.8660254037844385,-0.5000000000000004
Rizal,2019-09-01,,2019,9,2019-07-01,0.0,,,0.0,,,,,,,,,,,-1.0,-1.8369701987210297e-16
Rizal,2019-10-01,,2019,10,2019-10-01,0.0,,,0.0,,,,,,,,,,,-0.8660254037844386,0.5000000000000001
Rizal,2019-11-01,,2019,11,2019-10-01,0.0,,,0.0,,,,,,,,,,,-0.5000000000000004,0.8660254037844384
Rizal,2019-12-01,,2019,12,2019-10-01,0.0,,,0.0,,,,,,,,,,,-2.4492935982947064e-16,1.0
Rizal,2020-01-01,,2020,1,2020-01-01,0.0,,,0.0,,,,,,,,,,,0.49999999999999994,0.8660254037844387
Rizal,2020-02-01,,2020,2,2020-01-01,0.0,,,0.0,,,,,,,,,,,0.8660254037844386,0.5000000000000001
Rizal,2020-03-01,,2020,3,2020-01-01,0.0,,,0.0,,,,,,,,,,,1.0,6.123233995736766e-17
Rizal,2020-04-01,,2020,4,2020-04-01,0.0,,,0.0,,,,,,,,,,,0.8660254037844387,-0.4999999999999998
Rizal,2020-05-01,,2020,5,2020-04-01,0.0,,,0.0,,,,,,,,,,,0.49999999999999994,-0.8660254037844387
Rizal,2020-06-01,,2020,6,2020-04-01,0.0,,,0.0,,,,,,,,,,,1.2246467991473532e-16,-1.0
Rizal,2020-07-01,,2020,7,2020-07-01,0.0,,,0.0,,,,,,,,,,,-0.4999999999999997,-0.8660254037844388
Rizal,2020-08-01,,2020,8,2020-07-01,0.0,,,0.0,,,,,,,,,,,-0.8660254037844385,-0.5000000000000004
Rizal,2020-09-01,,2020,9,2020-07-01,0.0,,,0.0,,,,,,,,,,,-1.0,-1.8369701987210297e-16
Rizal,2020-10-01,,2020,10,2020-10-01,0.0,,,0.0,,,,,,,,,,,-0.8660254037844386,0.5000000000000001
Rizal,2020-11-01,,2020,11,2020-10-01,0.0,,,0.0,,,,,,,,,,,-0.5000000000000004,0.8660254037844384
Rizal,2020-12-01,,2020,12,2020-10-01,0.0,,,0.0,,,,,,,,,,,-2.4492935982947064e-16,1.0
Rizal,2021-01-01,,2021,1,2021-01-01,0.0,,,0.0,,,,,,,,,,,0.49999999999999994,0.8660254037844387
Rizal,2021-02-01,,2021,2,2021-01-01,0.0,,,0.0,,,,,,,,,,,0.8660254037844386,0.5000000000000001
Rizal,2021-03-01,,2021,3,2021-01-01,0.0,,,0.0,,,,,,,,,,,1.0,6.123233995736766e-17
Rizal,2021-04-01,,2021,4,2021-04-01,0.0,,,0.0,,,,,,,,,,,0.8660254037844387,-0.4999999999999998
Rizal,2021-05-01,,2021,5,2021-04-01,0.0,,,0.0,,,,,,,,,,,0.49999999999999994,-0.8660254037844387
Rizal,2021-06-01,,2021,6,2021-04-01,0.0,,,0.0,,,,,,,,,,,1.2246467991473532e-16,-1.0
Rizal,2021-07-01,,2021,7,2021-07-01,0.0,,,0.0,,,,,,,,,,,-0.4999999999999997,-0.8660254037844388
Rizal,2021-08-01,,2021,8,2021-07-01,0.0,,,0.0,,,,,,,,,,,-0.8660254037844385,-0.5000000000000004
Rizal,2021-09-01,,2021,9,2021-07-01,0.0,,,0.0,,,,,,,,,,,-1.0,-1.8369701987210297e-16
Rizal,2021-10-01,,2021,10,2021-10-01,0.0,,,0.0,,,,,,,,,,,-0.8660254037844386,0.5000000000000001
Rizal,2021-11-01,,2021,11,2021-10-01,0.0,,,0.0,,,,,,,,,,,-0.5000000000000004,0.8660254037844384
Rizal,2021-12-01,,2021,12,2021-10-01,0.0,,,0.0,,,,,,,,,,,-2.4492935982947064e-16,1.0
Rizal,2022-01-01,,2022,1,2022-01-01,0.0,,,0.0,,,,,,,,,,,0.49999999999999994,0.8660254037844387
Rizal,2022-02-01,,2022,2,2022-01-01,0.0,,,0.0,,,,,,,,,,,0.8660254037844386,0.5000000000000001
Rizal,2022-03-01,,2022,3,2022-01-01,0.0,,,0.0,,,,,,,,,,,1.0,6.123233995736766e-17
Rizal,2022-04-01,,2022,4,2022-04-01,0.0,,,0.0,,,,,,,,,,,0.8660254037844387,-0.4999999999999998
Rizal,2022-05-01,,2022,5,2022-04-01,0.0,,,0.0,,,,,,,,,,,0.49999999999999994,-0.8660254037844387
Rizal,2022-06-01,,2022,6,2022-04-01,0.0,,,0.0,,,,,,,,,,,1.2246467991473532e-16,-1.0
Rizal,2022-07-01,,2022,7,2022-07-01,0.0,,,0.0,,,,,,,,,,,-0.4999999999999997,-0.8660254037844388
Rizal,2022-08-01,,2022,8,2022-07-01,0.0,,,0.0,,,,,,,,,,,-0.8660254037844385,-0.5000000000000004
Rizal,2022-09-01,,2022,9,2022-07-01,0.0,,,0.0,,,,,,,,,,,-1.0,-1.8369701987210297e-16
Rizal,2022-10-01,,2022,10,2022-10-01,0.0,,,0.0,,,,,,,,,,,-0.8660254037844386,0.5000000000000001
Rizal,2022-11-01,,2022,11,2022-10-01,0.0,,,0.0,,,,,,,,,,,-0.5000000000000004,0.8660254037844384
Rizal,2022-12-01,,2022,12,2022-10-01,0.0,,,0.0,,,,,,,,,,,-2.4492935982947064e-16,1.0
Rizal,2023-01-01,,2023,1,2023-01-01,0.0,,,0.0,,,,,,,,,,,0.49999999999999994,0.8660254037844387
Rizal,2023-02-01,,2023,2,2023-01-01,0.0,,,0.0,,,,,,,,,,,0.8660254037844386,0.5000000000000001
Rizal,2023-03-01,,2023,3,2023-01-01,0.0,,,0.0,,,,,,,,,,,1.0,6.123233995736766e-17
Rizal,2023-04-01,,2023,4,2023-04-01,0.0,,,0.0,,,,,,,,,,,0.8660254037844387,-0.4999999999999998
Rizal,2023-05-01,,2023,5,2023-04-01,0.0,,,0.0,,,,,,,,,,,0.49999999999999994,-0.8660254037844387
Rizal,2023-06-01,,2023,6,2023-04-01,0.0,,,0.0,,,,,,,,,,,1.2246467991473532e-16,-1.0
Rizal,2023-07-01,,2023,7,2023-07-01,0.0,,,0.0,,,,,,,,,,,-0.4999999999999997,-0.8660254037844388
Rizal,2023-08-01,,2023,8,2023-07-01,0.0,,,0.0,,,,,,,,,,,-0.8660254037844385,-0.5000000000000004
Rizal,2023-09-01,,2023,9,2023-07-01,0.0,,,0.0,,,,,,,,,,,-1.0,-1.8369701987210297e-16
Rizal,2023-10-01,,2023,10,2023-10-01,0.0,,,0.0,,,,,,,,,,,-0.8660254037844386,0.5000000000000001
Rizal,2023-11-01,,2023,11,2023-10-01,0.0,,,0.0,,,,,,,,,,,-0.5000000000000004,0.8660254037844384
Rizal,2023-12-01,,2023,12,2023-10-01,0.0,,,0.0,,,,,,,,,,,-2.4492935982947064e-16,1.0
Rizal,2024-01-01,,2024,1,2024-01-01,0.0,,,0.0,,,,,,,,,,,0.49999999999999994,0.8660254037844387
Rizal,2024-02-01,,2024,2,2024-01-01,0.0,,,0.0,,,,,,,,,,,0.8660254037844386,0.5000000000000001
Rizal,2024-03-01,,2024,3,2024-01-01,0.0,,,0.0,,,,,,,,,,,1.0,6.123233995736766e-17
Rizal,2024-04-01,,2024,4,2024-04-01,0.0,,,0.0,,,,,,,,,,,0.8660254037844387,-0.4999999999999998
Rizal,2024-05-01,,2024,5,2024-04-01,0.0,,,0.0,,,,,,,,,,,0.49999999999999994,-0.8660254037844387
Rizal,2024-06-01,,2024,6,2024-04-01,0.0,,,0.0,,,,,,,,,,,1.2246467991473532e-16,-1.0
Rizal,2024-07-01,,2024,7,2024-07-01,0.0,,,0.0,,,,,,,,,,,-0.4999999999999997,-0.8660254037844388
Rizal,2024-08-01,,2024,8,2024-07-01,0.0,,,0.0,,,,,,,,,,,-0.8660254037844385,-0.5000000000000004
Rizal,2024-09-01,,2024,9,2024-07-01,0.0,,,0.0,,,,,,,,,,,-1.0,-1.8369701987210297e-16
Rizal,2024-10-01,,2024,10,2024-10-01,0.0,,,0.0,,,,,,,,,,,-0.8660254037844386,0.5000000000000001
Rizal,2024-11-01,,2024,11,2024-10-01,0.0,,,0.0,,,,,,,,,,,-0.5000000000000004,0.8660254037844384
Rizal,2024-12-01,,2024,12,2024-10-01,0.0,,,0.0,,,,,,,,,,,-2.4492935982947064e-16,1.0
Rizal,2025-01-01,,2025,1,2025-01-01,0.0,0.0,,0.0,,,,,,,,,,,0.49999999999999994,0.8660254037844387
Rizal,2025-02-01,,2025,2,2025-01-01,0.0,0.0,,0.0,,,,,,,,,,,0.8660254037844386,0.5000000000000001
Rizal,2025-03-01,,2025,3,2025-01-01,0.0,0.0,,0.0,,,,,,,,,,,1.0,6.123233995736766e-17
Rizal,2025-04-01,,2025,4,2025-04-01,0.0642857142857143,0.015714285714285715,4.090909090909091,0.0,0.0,,,,,,,,,,0.8660254037844387,-0.4999999999999998
Rizal,2025-05-01,,2025,5,2025-04-01,0.0642857142857143,0.015714285714285715,4.090909090909091,0.0,0.0,,,,,,,,,,0.49999999999999994,-0.8660254037844387
Rizal,2025-06-01,,2025,6,2025-04-01,0.0642857142857143,0.015714285714285715,4.090909090909091,0.0,0.0,,,,,,,,,,1.2246467991473532e-16,-1.0
Rizal,2025-07-01,,2025,7,2025-07-01,0.0,0.0,,0.0642857142857143,0.015714285714285715,4.090909090909091,,,,,,,,,-0.4999999999999997,-0.8660254037844388
Rizal,2025-08-01,,2025,8,2025-07-01,0.0,0.0,,0.0642857142857143,0.015714285714285715,4.090909090909091,,,,,,,,,-0.8660254037844385,-0.5000000000000004
Rizal,2025-09-01,,2025,9,2025-07-01,0.0,0.0,,0.0642857142857143,0.015714285714285715,4.090909090909091,,,,,,,,,-1.0,-1.8369701987210297e-16
Rizal,2025-10-01,,2025,10,2025-10-01,0.0,0.0,,0.0,0.0,,,,,,,,,,-0.8660254037844386,0.5000000000000001
Rizal,2025-11-01,,2025,11,2025-10-01,0.0,0.0,,0.0,0.0,,,,,,,,,,-0.5000000000000004,0.8660254037844384
Rizal,2025-12-01,,2025,12,2025-10-01,0.0,0.0,,0.0,0.0,,,,,,,,,,-2.4492935982947064e-16,1.0
Rizal,2026-01-01,,2026,1,2026-01-01,0.0,0.0,,0.0,0.0,,,,,,,,,,0.49999999999999994,0.8660254037844387
Rizal,2026-02-01,,2026,2,2026-01-01,0.0,0.0,,0.0,0.0,,,,,,,,,,0.8660254037844386,0.5000000000000001
Rizal,2026-03-01,,2026,3,2026-01-01,0.0,0.0,,0.0,0.0,,,,,,,,,,1.0,6.123233995736766e-17
Rizal,2026-04-01,,2026,4,2026-04-01,0.16285714285714284,0.015714285714285715,10.363636363636362,0.0,0.0,,,,,,,,,,0.8660254037844387,-0.4999999999999998
Rizal,2026-05-01,,2026,5,2026-04-01,0.16285714285714284,0.015714285714285715,10.363636363636362,0.0,0.0,,,,,,,,,,0.49999999999999994,-0.8660254037844387
Rizal,2026-06-01,,2026,6,2026-04-01,0.16285714285714284,0.015714285714285715,10.363636363636362,0.0,0.0,,,,,,,,,,1.2246467991473532e-16,-1.0
Rizal,2026-07-01,,2026,7,2026-07-01,,,,0.16285714285714284,0.015714285714285715,10.363636363636362,,,,,,,,,-0.4999999999999997,-0.8660254037844388
Rizal,2026-08-01,,2026,8,2026-07-01,,,,0.16285714285714284,0.015714285714285715,10.363636363636362,,,,,,,,,-0.8660254037844385,-0.5000000000000004
Rizal,2026-09-01,,2026,9,2026-07-01,,,,0.16285714285714284,0.015714285714285715,10.363636363636362,,,,,,,,,-1.0,-1.8369701987210297e-16
Rizal,2026-10-01,,2026,10,2026-10-01,,,,,,,,,,,,,,,-0.8660254037844386,0.5000000000000001
Rizal,2026-11-01,,2026,11,2026-10-01,,,,,,,,,,,,,,,-0.5000000000000004,0.8660254037844384
Rizal,2026-12-01,,2026,12,2026-10-01,,,,,,,,,,,,,,,-2.4492935982947064e-16,1.0
