geolocation,date,target,area,yield_proxy,year,season,quarter_price,area_lag1,area_lag4,yield_proxy_lag1,yield_proxy_lag4,quarter_price_lag1,lag_1,lag_2,lag_4,lag_8,roll_mean_3,roll_std_3,season_sin,season_cos
Batangas,1987-01-01,3890.0,1220.0,3.1885245901639343,1987,1,,,,,,,,,,,,,1.0,6.123233995736766e-17
Batangas,1987-04-01,7903.333333333333,2633.3333333333335,3.0012658227848097,1987,2,,1220.0,,3.1885245901639343,,,3890.0,,,,,,1.2246467991473532e-16,-1.0
Batangas,1987-07-01,2756.0,2680.0,1.028358208955224,1987,3,,2633.3333333333335,,3.0012658227848097,,,7903.333333333333,3890.0,,,5896.666666666666,2837.855215162011,-1.0,-1.8369701987210297e-16
Batangas,1987-10-01,17995.333333333332,14366.666666666666,1.2525754060324825,1987,4,,2680.0,,1.028358208955224,,,2756.0,7903.333333333333,,,4849.777777777777,2704.5591411814507,-2.4492935982947064e-16,1.0
Batangas,1988-01-01,7680.666666666667,2880.0,2.666898148148148,1988,1,,14366.666666666666,1220.0,1.2525754060324825,3.1885245901639343,,17995.333333333332,2756.0,3890.0,,9551.555555555555,7752.212424945635,1.0,6.123233995736766e-17
Batangas,1988-04-01,4956.666666666667,1640.0,3.022357723577236,1988,2,,2880.0,2633.3333333333335,2.666898148148148,3.0012658227848097,,7680.666666666667,17995.333333333332,7903.333333333333,,9477.333333333334,7776.909954759952,1.2246467991473532e-16,-1.0
Batangas,1988-07-01,7807.333333333333,6480.0,1.204835390946502,1988,3,,1640.0,2680.0,3.022357723577236,1.028358208955224,,4956.666666666667,7680.666666666667,2756.0,,10210.888888888889,6877.734036838111,-1.0,-1.8369701987210297e-16
Batangas,1988-10-01,12642.0,12473.333333333334,1.0135221806520576,1988,4,,6480.0,14366.666666666666,1.204835390946502,1.2525754060324825,,7807.333333333333,4956.666666666667,17995.333333333332,,6814.88888888889,1610.5134217017423,-2.4492935982947064e-16,1.0
Batangas,1989-01-01,7424.0,2800.0,2.6514285714285712,1989,1,,12473.333333333334,2880.0,1.0135221806520576,2.666898148148148,,12642.0,7807.333333333333,7680.666666666667,3890.0,8468.666666666666,3885.1136977499677,1.0,6.123233995736766e-17
Batangas,1989-04-01,5382.666666666667,1860.0,2.8939068100358423,1989,2,,2800.0,1640.0,2.6514285714285712,3.022357723577236,,7424.0,12642.0,4956.666666666667,7903.333333333333,9291.111111111111,2908.2775607514427,1.2246467991473532e-16,-1.0
Batangas,1989-07-01,11872.0,8473.333333333334,1.4011014948859164,1989,3,,1860.0,6480.0,2.8939068100358423,1.204835390946502,,5382.666666666667,7424.0,7807.333333333333,2756.0,8482.888888888889,3743.716651987748,-1.0,-1.8369701987210297e-16
Batangas,1989-10-01,20227.333333333332,11006.666666666666,1.8377347062386433,1989,4,,8473.333333333334,12473.333333333334,1.4011014948859164,1.0135221806520576,,11872.0,5382.666666666667,12642.0,17995.333333333332,8226.222222222223,3318.2121915495586,-2.4492935982947064e-16,1.0
Batangas,1990-01-01,9868.666666666666,3206.6666666666665,3.0775467775467775,1990,1,,11006.666666666666,2800.0,1.8377347062386433,2.6514285714285712,,20227.333333333332,11872.0,7424.0,7680.666666666667,12494.0,7441.854279083347,1.0,6.123233995736766e-17
Batangas,1990-04-01,8798.666666666666,2800.0,3.142380952380952,1990,2,,3206.6666666666665,1860.0,3.0775467775467775,2.8939068100358423,,9868.666666666666,20227.333333333332,5382.666666666667,4956.666666666667,13989.333333333334,5494.344283998878,1.2246467991473532e-16,-1.0
Batangas,1990-07-01,15818.666666666666,11306.666666666666,1.399056603773585,1990,3,,2800.0,8473.333333333334,3.142380952380952,1.4011014948859164,,8798.666666666666,9868.666666666666,11872.0,7807.333333333333,12964.888888888889,6312.174703022842,-1.0,-1.8369701987210297e-16
Batangas,1990-10-01,19450.0,7880.0,2.468274111675127,1990,4,,11306.666666666666,11006.666666666666,1.399056603773585,1.8377347062386433,,15818.666666666666,8798.666666666666,20227.333333333332,12642.0,11495.333333333334,3782.146656772227,-2.4492935982947064e-16,1.0
Batangas,1991-01-01,9808.0,3073.3333333333335,3.1913232104121474,1991,1,,7880.0,3206.6666666666665,2.468274111675127,3.0775467775467775,,19450.0,15818.666666666666,9868.666666666666,7424.0,14689.111111111111,5414.761976233054,1.0,6.123233995736766e-17
Batangas,1991-04-01,11146.666666666666,3393.3333333333335,3.2848722986247543,1991,2,,3073.3333333333335,2800.0,3.1913232104121474,3.142380952380952,,9808.0,19450.0,8798.666666666666,5382.666666666667,15025.555555555557,4869.68273360041,1.2246467991473532e-16,-1.0
Batangas,1991-07-01,10131.333333333334,5960.0,1.6998881431767339,1991,3,,3393.3333333333335,11306.666666666666,3.2848722986247543,1.399056603773585,,11146.666666666666,9808.0,15818.666666666666,11872.0,13468.22222222222,5223.433367828881,-1.0,-1.8369701987210297e-16
Batangas,1991-10-01,25954.0,11706.666666666666,2.2170273348519363,1991,4,,5960.0,7880.0,1.6998881431767339,2.468274111675127,,10131.333333333334,11146.666666666666,19450.0,20227.333333333332,10362.0,698.5072973451577,-2.4492935982947064e-16,1.0
Batangas,1992-01-01,12773.333333333334,4153.333333333333,3.0754414125200644,1992,1,,11706.666666666666,3073.3333333333335,2.2170273348519363,3.1913232104121474,,25954.0,10131.333333333334,9808.0,9868.666666666666,15744.0,8856.681119044792,1.0,6.123233995736766e-17
Batangas,1992-04-01,9688.666666666666,2626.6666666666665,3.6885786802030456,1992,2,,4153.333333333333,3393.3333333333335,3.0754414125200644,3.2848722986247543,,12773.333333333334,25954.0,11146.666666666666,8798.666666666666,16286.222222222224,8476.112692170298,1.2246467991473532e-16,-1.0
Batangas,1992-07-01,7678.666666666667,4180.0,1.8370015948963319,1992,3,,2626.6666666666665,5960.0,3.6885786802030456,1.6998881431767339,,9688.666666666666,12773.333333333334,10131.333333333334,15818.666666666666,16138.666666666666,8639.11849927089,-1.0,-1.8369701987210297e-16
Batangas,1992-10-01,26873.333333333332,12200.0,2.2027322404371583,1992,4,,4180.0,11706.666666666666,1.8370015948963319,2.2170273348519363,,7678.666666666667,9688.666666666666,25954.0,19450.0,10046.888888888889,2566.154609816299,-2.4492935982947064e-16,1.0
Batangas,1993-01-01,8880.0,2806.6666666666665,3.1638954869358673,1993,1,,12200.0,4153.333333333333,2.2027322404371583,3.0754414125200644,,26873.333333333332,7678.666666666667,12773.333333333334,9808.0,14746.88888888889,10549.787493032652,1.0,6.123233995736766e-17
Batangas,1993-04-01,5130.666666666667,1873.3333333333333,2.738790035587189,1993,2,,2806.6666666666665,2626.6666666666665,3.1638954869358673,3.6885786802030456,,8880.0,26873.333333333332,9688.666666666666,11146.666666666666,14477.333333333334,10752.042245287379,1.2246467991473532e-16,-1.0
Batangas,1993-07-01,6707.333333333333,3053.3333333333335,2.196724890829694,1993,3,,1873.3333333333333,4180.0,2.738790035587189,1.8370015948963319,,5130.666666666667,8880.0,7678.666666666667,10131.333333333334,13628.0,11622.973648961113,-1.0,-1.8369701987210297e-16
Batangas,1993-10-01,18588.666666666668,12053.333333333334,1.5422013274336284,1993,4,,3053.3333333333335,12200.0,2.196724890829694,2.2027322404371583,,6707.333333333333,5130.666666666667,26873.333333333332,25954.0,6906.0,1882.5452038249605,-2.4492935982947064e-16,1.0
Batangas,1994-01-01,6682.0,2300.0,2.905217391304348,1994,1,,12053.333333333334,2806.6666666666665,1.5422013274336284,3.1638954869358673,,18588.666666666668,6707.333333333333,8880.0,12773.333333333334,10142.222222222223,7357.192892622785,1.0,6.123233995736766e-17
Batangas,1994-04-01,7211.333333333333,2013.3333333333333,3.581788079470199,1994,2,,2300.0,1873.3333333333333,2.905217391304348,2.738790035587189,,6682.0,18588.666666666668,5130.666666666667,9688.666666666666,10659.333333333334,6867.015784005287,1.2246467991473532e-16,-1.0
Batangas,1994-07-01,12656.0,7200.0,1.7577777777777779,1994,3,,2013.3333333333333,3053.3333333333335,3.581788079470199,2.196724890829694,,7211.333333333333,6682.0,6707.333333333333,7678.666666666667,10827.333333333334,6726.720581217696,-1.0,-1.8369701987210297e-16
Batangas,1994-10-01,22096.0,10520.0,2.100380228136882,1994,4,,7200.0,12053.333333333334,1.7577777777777779,1.5422013274336284,,12656.0,7211.333333333333,18588.666666666668,26873.333333333332,8849.777777777777,3306.893428604569,-2.4492935982947064e-16,1.0
Batangas,1995-01-01,7558.0,2638.6666666666665,2.864325416877211,1995,1,,10520.0,2300.0,2.100380228136882,2.905217391304348,,22096.0,12656.0,6682.0,8880.0,13987.777777777776,7531.1718531369,1.0,6.123233995736766e-17
Batangas,1995-04-01,4366.666666666667,1660.0,2.630522088353414,1995,2,,2638.6666666666665,2013.3333333333333,2.864325416877211,3.581788079470199,,7558.0,22096.0,7211.333333333333,5130.666666666667,14103.333333333334,7376.275573304819,1.2246467991473532e-16,-1.0
Batangas,1995-07-01,10068.0,5620.0,1.791459074733096,1995,3,,1660.0,7200.0,2.630522088353414,1.7577777777777779,,4366.666666666667,7558.0,12656.0,6707.333333333333,11340.22222222222,9450.461301693942,-1.0,-1.8369701987210297e-16
Batangas,1995-10-01,18140.666666666668,10826.666666666666,1.6755541871921185,1995,4,,5620.0,10520.0,1.791459074733096,2.100380228136882,,10068.0,4366.666666666667,22096.0,18588.666666666668,7330.88888888889,2857.443794204344,-2.4492935982947064e-16,1.0
Batangas,1996-01-01,8564.666666666666,2793.3333333333335,3.0661097852028636,1996,1,,10826.666666666666,2638.6666666666665,1.6755541871921185,2.864325416877211,,18140.666666666668,10068.0,7558.0,6682.0,10858.444444444445,6920.9371341469905,1.0,6.123233995736766e-17
Batangas,1996-04-01,4964.666666666667,1680.0,2.9551587301587303,1996,2,,2793.3333333333335,1660.0,3.0661097852028636,2.630522088353414,,8564.666666666666,18140.666666666668,4366.666666666667,7211.333333333333,12257.77777777778,5149.882429438268,1.2246467991473532e-16,-1.0
Batangas,1996-07-01,9403.333333333334,6073.333333333333,1.5482985729967071,1996,3,,1680.0,5620.0,2.9551587301587303,1.791459074733096,,4964.666666666667,8564.666666666666,10068.0,12656.0,10556.666666666666,6810.124227941803,-1.0,-1.8369701987210297e-16
Batangas,1996-10-01,15067.333333333334,8980.0,1.6778767631774314,1996,4,,6073.333333333333,10826.666666666666,1.5482985729967071,1.6755541871921185,,9403.333333333334,4964.666666666667,18140.666666666668,22096.0,7644.222222222223,2358.1462901876594,-2.4492935982947064e-16,1.0
Batangas,1997-01-01,8615.333333333334,2806.6666666666665,3.069596199524941,1997,1,,8980.0,2793.3333333333335,1.6778767631774314,3.0661097852028636,,15067.333333333334,9403.333333333334,8564.666666666666,7558.0,9811.77777777778,5063.703051383693,1.0,6.123233995736766e-17
Batangas,1997-04-01,5989.333333333333,1841.3333333333333,3.2527154236060825,1997,2,,2806.6666666666665,1680.0,3.069596199524941,2.9551587301587303,,8615.333333333334,15067.333333333334,4964.666666666667,4366.666666666667,11028.666666666666,3519.7098365253455,1.2246467991473532e-16,-1.0
Batangas,1997-07-01,9282.666666666666,5353.333333333333,1.733997509339975,1997,3,,1841.3333333333333,6073.333333333333,3.2527154236060825,1.5482985729967071,,5989.333333333333,8615.333333333334,9403.333333333334,10068.0,9890.666666666668,4671.442746447104,-1.0,-1.8369701987210297e-16
Batangas,1997-10-01,12944.0,7473.333333333333,1.7320249776984835,1997,4,,5353.333333333333,8980.0,1.733997509339975,1.6778767631774314,,9282.666666666666,5989.333333333333,15067.333333333334,18140.666666666668,7962.444444444445,1741.0367707308587,-2.4492935982947064e-16,1.0
Batangas,1998-01-01,5641.333333333333,2186.6666666666665,2.579878048780488,1998,1,,7473.333333333333,2806.6666666666665,1.7320249776984835,3.069596199524941,,12944.0,9282.666666666666,8615.333333333334,8564.666666666666,9405.333333333334,3478.955654279652,1.0,6.123233995736766e-17
Batangas,1998-04-01,3120.0,1200.0,2.6,1998,2,,2186.6666666666665,1841.3333333333333,2.579878048780488,3.2527154236060825,,5641.333333333333,12944.0,5989.333333333333,4964.666666666667,9289.333333333334,3651.3378978731016,1.2246467991473532e-16,-1.0
Batangas,1998-07-01,9914.0,5313.333333333333,1.8658720200752825,1998,3,,1200.0,5353.333333333333,2.6,1.733997509339975,,3120.0,5641.333333333333,9282.666666666666,9403.333333333334,7235.11111111111,5102.238695288922,-1.0,-1.8369701987210297e-16
Batangas,1998-10-01,12833.333333333334,6363.333333333333,2.0167627029858566,1998,4,,5313.333333333333,7473.333333333333,1.8658720200752825,1.7320249776984835,,9914.0,3120.0,12944.0,15067.333333333334,6225.11111111111,3434.414996818272,-2.4492935982947064e-16,1.0
Batangas,1999-01-01,7226.0,2713.3333333333335,2.663144963144963,1999,1,,6363.333333333333,2186.6666666666665,2.0167627029858566,2.579878048780488,,12833.333333333334,9914.0,5641.333333333333,8615.333333333334,8622.444444444445,4983.8035601261245,1.0,6.123233995736766e-17
Batangas,1999-04-01,3544.0,1173.3333333333333,3.0204545454545455,1999,2,,2713.3333333333335,1200.0,2.663144963144963,2.6,,7226.0,12833.333333333334,3120.0,5989.333333333333,9991.111111111111,2804.46186823253,1.2246467991473532e-16,-1.0
Batangas,1999-07-01,11267.333333333334,5833.333333333333,1.9315428571428575,1999,3,,1173.3333333333333,5313.333333333333,3.0204545454545455,1.8658720200752825,,3544.0,7226.0,9914.0,9282.666666666666,7867.777777777778,4677.802633874304,-1.0,-1.8369701987210297e-16
Batangas,1999-10-01,16601.333333333332,6473.333333333333,2.5645726055612768,1999,4,,5833.333333333333,6363.333333333333,1.9315428571428575,2.0167627029858566,,11267.333333333334,3544.0,12833.333333333334,12944.0,7345.777777777778,3863.0596010780587,-2.4492935982947064e-16,1.0
Batangas,2000-01-01,8505.333333333334,2693.3333333333335,3.157920792079208,2000,1,,6473.333333333333,2713.3333333333335,2.5645726055612768,2.663144963144963,,16601.333333333332,11267.333333333334,7226.0,5641.333333333333,10470.888888888889,6565.000476714315,1.0,6.123233995736766e-17
Batangas,2000-04-01,6148.666666666667,1840.0,3.341666666666667,2000,2,,2693.3333333333335,1173.3333333333333,3.157920792079208,3.0204545454545455,,8505.333333333334,16601.333333333332,3544.0,3120.0,12124.666666666666,4115.527831680071,1.2246467991473532e-16,-1.0
Batangas,2000-07-01,10776.666666666666,5653.333333333333,1.90625,2000,3,,1840.0,5833.333333333333,3.341666666666667,1.9315428571428575,,6148.666666666667,8505.333333333334,11267.333333333334,9914.0,10418.444444444443,5482.659546579892,-1.0,-1.8369701987210297e-16
Batangas,2000-10-01,14856.666666666666,6573.333333333333,2.2601419878296145,2000,4,,5653.333333333333,6473.333333333333,1.90625,2.5645726055612768,,10776.666666666666,6148.666666666667,16601.333333333332,12833.333333333334,8476.888888888889,2314.131114439008,-2.4492935982947064e-16,1.0
Batangas,2001-01-01,8339.333333333334,2526.6666666666665,3.3005277044854884,2001,1,,6573.333333333333,2693.3333333333335,2.2601419878296145,3.157920792079208,,14856.666666666666,10776.666666666666,8505.333333333334,7226.0,10594.0,4356.872884688426,1.0,6.123233995736766e-17
Batangas,2001-04-01,6570.666666666667,1776.0,3.6996996996997,2001,2,,2526.6666666666665,1840.0,3.3005277044854884,3.341666666666667,,8339.333333333334,14856.666666666666,6148.666666666667,3544.0,11324.222222222224,3292.9881960400617,1.2246467991473532e-16,-1.0
Batangas,2001-07-01,10400.666666666666,5580.0,1.8639187574671445,2001,3,,1776.0,5653.333333333333,3.6996996996997,1.90625,,6570.666666666667,8339.333333333334,10776.666666666666,11267.333333333334,9922.222222222223,4363.89756134649,-1.0,-1.8369701987210297e-16
Batangas,2001-10-01,13134.666666666666,6206.666666666667,2.116219119226638,2001,4,,5580.0,6573.333333333333,1.8639187574671445,2.2601419878296145,,10400.666666666666,6570.666666666667,14856.666666666666,16601.333333333332,8436.888888888889,1916.8627532545788,-2.4492935982947064e-16,1.0
Batangas,2002-01-01,7701.333333333333,2513.3333333333335,3.0641909814323602,2002,1,,6206.666666666667,2526.6666666666665,2.116219119226638,3.3005277044854884,,13134.666666666666,10400.666666666666,8339.333333333334,8505.333333333334,10035.333333333332,3297.214784228235,1.0,6.123233995736766e-17
Batangas,2002-04-01,5819.333333333333,1700.6666666666667,3.4217953743629947,2002,2,,2513.3333333333335,1776.0,3.0641909814323602,3.6996996996997,,7701.333333333333,13134.666666666666,6570.666666666667,6148.666666666667,10412.22222222222,2716.685098778628,1.2246467991473532e-16,-1.0
Batangas,2002-07-01,5434.666666666667,2500.0,2.1738666666666666,2002,3,,1700.6666666666667,5580.0,3.4217953743629947,1.8639187574671445,,5819.333333333333,7701.333333333333,10400.666666666666,10776.666666666666,8885.11111111111,3798.6211728487388,-1.0,-1.8369701987210297e-16
Batangas,2002-10-01,22242.0,9183.333333333334,2.4219963702359344,2002,4,,2500.0,6206.666666666667,2.1738666666666666,2.116219119226638,,5434.666666666667,5819.333333333333,13134.666666666666,14856.666666666666,6318.444444444444,1212.9626417867432,-2.4492935982947064e-16,1.0
Batangas,2003-01-01,7197.333333333333,2433.3333333333335,2.957808219178082,2003,1,,9183.333333333334,2513.3333333333335,2.4219963702359344,3.0641909814323602,,22242.0,5434.666666666667,7701.333333333333,8339.333333333334,11165.333333333334,9594.602672567758,1.0,6.123233995736766e-17
Batangas,2003-04-01,4463.333333333333,1587.3333333333333,2.8118437631247373,2003,2,,2433.3333333333335,1700.6666666666667,2.957808219178082,3.4217953743629947,,7197.333333333333,22242.0,5819.333333333333,6570.666666666667,11624.666666666666,9237.021910647267,1.2246467991473532e-16,-1.0
Batangas,2003-07-01,5145.333333333333,2286.6666666666665,2.250145772594752,2003,3,,1587.3333333333333,2500.0,2.8118437631247373,2.1738666666666666,,4463.333333333333,7197.333333333333,5434.666666666667,10400.666666666666,11300.888888888889,9573.380973264313,-1.0,-1.8369701987210297e-16
Batangas,2003-10-01,23175.333333333332,9013.333333333334,2.5712278106508872,2003,4,,2286.6666666666665,9183.333333333334,2.250145772594752,2.4219963702359344,,5145.333333333333,4463.333333333333,22242.0,13134.666666666666,5602.0,1423.0591461120753,-2.4492935982947064e-16,1.0
Batangas,2004-01-01,7646.0,2389.3333333333335,3.2000558035714284,2004,1,,9013.333333333334,2433.3333333333335,2.5712278106508872,2.957808219178082,,23175.333333333332,5145.333333333333,7197.333333333333,7701.333333333333,10928.0,10611.981970081424,1.0,6.123233995736766e-17
Batangas,2004-04-01,4514.0,1480.0,3.05,2004,2,,2389.3333333333335,1587.3333333333333,3.2000558035714284,2.8118437631247373,,7646.0,23175.333333333332,4463.333333333333,5819.333333333333,11988.888888888889,9768.097968690005,1.2246467991473532e-16,-1.0
Batangas,2004-07-01,5826.666666666667,1956.6666666666667,2.9778534923339013,2004,3,,1480.0,2286.6666666666665,3.05,2.250145772594752,,4514.0,7646.0,5145.333333333333,5434.666666666667,11778.444444444443,9993.45602178041,-1.0,-1.8369701987210297e-16
Batangas,2004-10-01,22420.666666666668,7226.666666666667,3.102490774907749,2004,4,,1956.6666666666667,9013.333333333334,2.9778534923339013,2.5712278106508872,,5826.666666666667,4514.0,23175.333333333332,22242.0,5995.555555555556,1572.8154985860463,-2.4492935982947064e-16,1.0
Batangas,2005-01-01,8293.333333333334,2000.0,4.146666666666667,2005,1,,7226.666666666667,2389.3333333333335,3.102490774907749,3.2000558035714284,,22420.666666666668,5826.666666666667,7646.0,7197.333333333333,10920.444444444445,9981.087456525702,1.0,6.123233995736766e-17
Batangas,2005-04-01,4800.0,1200.0,4.0,2005,2,,2000.0,1480.0,4.146666666666667,3.05,,8293.333333333334,22420.666666666668,4514.0,4463.333333333333,12180.222222222224,8953.833699925737,1.2246467991473532e-16,-1.0
Batangas,2005-07-01,5090.0,1406.6666666666667,3.618483412322275,2005,3,,1200.0,1956.6666666666667,4.0,2.9778534923339013,,4800.0,8293.333333333334,5826.666666666667,5145.333333333333,11838.0,9329.816170631535,-1.0,-1.8369701987210297e-16
Batangas,2005-10-01,18135.333333333332,5303.333333333333,3.419610307982401,2005,4,,1406.6666666666667,7226.666666666667,3.618483412322275,3.102490774907749,,5090.0,4800.0,22420.666666666668,23175.333333333332,6061.111111111112,1938.591508553802,-2.4492935982947064e-16,1.0
Batangas,2006-01-01,7784.0,1853.3333333333333,4.2,2006,1,,5303.333333333333,2000.0,3.419610307982401,4.146666666666667,,18135.333333333332,5090.0,8293.333333333334,7646.0,9341.777777777776,7616.822794412467,1.0,6.123233995736766e-17
Batangas,2006-04-01,4682.666666666667,1170.6666666666667,4.0,2006,2,,1853.3333333333333,1200.0,4.2,4.0,,7784.0,18135.333333333332,4800.0,4514.0,10336.444444444443,6887.0465314186595,1.2246467991473532e-16,-1.0
Batangas,2006-07-01,4084.6666666666665,1008.0,4.052248677248677,2006,3,,1170.6666666666667,1406.6666666666667,4.0,3.618483412322275,,4682.666666666667,7784.0,5090.0,5826.666666666667,10200.666666666666,7044.413988717891,-1.0,-1.8369701987210297e-16
Batangas,2006-10-01,16432.666666666668,5090.0,3.2284217419777343,2006,4,,1008.0,5303.333333333333,4.052248677248677,3.419610307982401,,4084.6666666666665,4682.666666666667,18135.333333333332,22420.666666666668,5517.1111111111095,1985.822229185128,-2.4492935982947064e-16,1.0
Batangas,2007-01-01,3458.6666666666665,833.3333333333334,4.150399999999999,2007,1,,5090.0,1853.3333333333333,3.2284217419777343,4.2,,16432.666666666668,4084.6666666666665,7784.0,8293.333333333334,8399.999999999998,6962.916151536884,1.0,6.123233995736766e-17
Batangas,2007-04-01,5400.0,1333.3333333333333,4.05,2007,2,,833.3333333333334,1170.6666666666667,4.150399999999999,4.0,,3458.6666666666665,16432.666666666668,4682.666666666667,4800.0,7991.999999999999,7316.529869639925,1.2246467991473532e-16,-1.0
Batangas,2007-07-01,2862.0,623.3333333333334,4.591443850267379,2007,3,,1333.3333333333333,1008.0,4.05,4.052248677248677,,5400.0,3458.6666666666665,4084.6666666666665,5090.0,8430.444444444443,6997.775657174788,-1.0,-1.8369701987210297e-16
Batangas,2007-10-01,21539.333333333332,5523.333333333333,3.899698249849125,2007,4,,623.3333333333334,5090.0,4.591443850267379,3.2284217419777343,,2862.0,5400.0,16432.666666666668,18135.333333333332,3906.8888888888873,1327.0412089947413,-2.4492935982947064e-16,1.0
Batangas,2008-01-01,7240.666666666667,1738.6666666666667,4.164493865030675,2008,1,,5523.333333333333,833.3333333333334,3.899698249849125,4.150399999999999,,21539.333333333332,2862.0,3458.6666666666665,7784.0,9933.777777777776,10130.501014994998,1.0,6.123233995736766e-17
Batangas,2008-04-01,5770.0,1430.6666666666667,4.033084808946878,2008,2,,1738.6666666666667,1333.3333333333333,4.164493865030675,4.05,,7240.666666666667,21539.333333333332,5400.0,4682.666666666667,10547.333333333332,9767.867138963567,1.2246467991473532e-16,-1.0
Batangas,2008-07-01,3967.3333333333335,980.0,4.048299319727891,2008,3,,1430.6666666666667,623.3333333333334,4.033084808946878,4.591443850267379,,5770.0,7240.666666666667,2862.0,4084.6666666666665,11516.666666666664,8710.975860628032,-1.0,-1.8369701987210297e-16
Batangas,2008-10-01,23167.333333333332,5580.0,4.151851851851852,2008,4,,980.0,5523.333333333333,4.048299319727891,3.899698249849125,,3967.3333333333335,5770.0,21539.333333333332,16432.666666666668,5659.333333333332,1639.470375185526,-2.4492935982947064e-16,1.0
Batangas,2009-01-01,7654.666666666667,1851.3333333333333,4.134677709758733,2009,1,,5580.0,1738.6666666666667,4.151851851851852,4.164493865030675,,23167.333333333332,3967.3333333333335,7240.666666666667,3458.6666666666665,10968.222222222219,10603.11914974568,1.0,6.123233995736766e-17
Batangas,2009-04-01,6546.666666666667,1474.0,4.44142921754862,2009,2,,1851.3333333333333,1430.6666666666667,4.134677709758733,4.033084808946878,,7654.666666666667,23167.333333333332,5770.0,5400.0,11596.444444444443,10188.876730878477,1.2246467991473532e-16,-1.0
Batangas,2009-07-01,7054.0,1926.6666666666667,3.6612456747404845,2009,3,,1474.0,980.0,4.44142921754862,4.048299319727891,,6546.666666666667,7654.666666666667,3967.3333333333335,2862.0,12456.22222222222,9292.622984170066,-1.0,-1.8369701987210297e-16
Batangas,2009-10-01,15944.666666666666,4167.333333333333,3.8261078227483605,2009,4,,1926.6666666666667,5580.0,3.6612456747404845,4.151851851851852,,7054.0,6546.666666666667,23167.333333333332,21539.333333333332,7085.1111111111095,554.6547808554495,-2.4492935982947064e-16,1.0
Batangas,2010-01-01,9241.333333333334,2484.6666666666665,3.7193453179500944,2010,1,15.996666666666668,4167.333333333333,1851.3333333333333,3.8261078227483605,4.134677709758733,,15944.666666666666,7054.0,7654.666666666667,7240.666666666667,9848.444444444443,5285.573839689942,1.0,6.123233995736766e-17
Batangas,2010-04-01,3050.6666666666665,873.3333333333334,3.493129770992366,2010,2,15.433333333333332,2484.6666666666665,1474.0,3.7193453179500944,4.44142921754862,15.996666666666668,9241.333333333334,15944.666666666666,6546.666666666667,5770.0,10746.666666666666,4632.548950391959,1.2246467991473532e-16,-1.0
Batangas,2010-07-01,2960.0,695.3333333333334,4.256951102588686,2010,3,14.770000000000001,873.3333333333334,1926.6666666666667,3.493129770992366,3.6612456747404845,15.433333333333332,3050.6666666666665,9241.333333333334,7054.0,3967.3333333333335,9412.22222222222,6448.698415902169,-1.0,-1.8369701987210297e-16
Batangas,2010-10-01,20363.333333333332,4916.0,4.142256577163005,2010,4,12.936666666666667,695.3333333333334,4167.333333333333,4.256951102588686,3.8261078227483605,14.770000000000001,2960.0,3050.6666666666665,15944.666666666666,23167.333333333332,5083.999999999999,3600.641671208666,-2.4492935982947064e-16,1.0
Batangas,2011-01-01,9423.333333333334,2366.6666666666665,3.981690140845071,2011,1,14.993333333333334,4916.0,2484.6666666666665,4.142256577163005,3.7193453179500944,12.936666666666667,20363.333333333332,2960.0,9241.333333333334,7654.666666666667,8791.33333333333,10021.748505680582,1.0,6.123233995736766e-17
Batangas,2011-04-01,4027.3333333333335,1048.0,3.842875318066158,2011,2,15.46,2366.6666666666665,873.3333333333334,3.981690140845071,3.493129770992366,14.993333333333334,9423.333333333334,20363.333333333332,3050.6666666666665,6546.666666666667,10915.555555555555,8797.104532068946,1.2246467991473532e-16,-1.0
Batangas,2011-07-01,5076.0,1732.0,2.930715935334873,2011,3,13.92,1048.0,695.3333333333334,3.842875318066158,4.256951102588686,15.46,4027.3333333333335,9423.333333333334,2960.0,7054.0,11271.33333333333,8323.313763159469,-1.0,-1.8369701987210297e-16
Batangas,2011-10-01,14519.333333333334,4530.666666666667,3.2046792230723953,2011,4,13.663333333333334,1732.0,4916.0,2.930715935334873,4.142256577163005,13.92,5076.0,4027.3333333333335,20363.333333333332,15944.666666666666,6175.555555555555,2861.1135620269815,-2.4492935982947064e-16,1.0
Batangas,2012-01-01,8466.0,2395.3333333333335,3.5343723907598106,2012,1,15.416666666666666,4530.666666666667,2366.6666666666665,3.2046792230723953,3.981690140845071,13.663333333333334,14519.333333333334,5076.0,9423.333333333334,9241.333333333334,7874.222222222222,5778.67214018096,1.0,6.123233995736766e-17
Batangas,2012-04-01,4441.333333333333,1133.3333333333333,3.918823529411765,2012,2,15.936666666666667,2395.3333333333335,1048.0,3.5343723907598106,3.842875318066158,15.416666666666666,8466.0,14519.333333333334,4027.3333333333335,3050.6666666666665,9353.777777777777,4783.852856030172,1.2246467991473532e-16,-1.0
Batangas,2012-07-01,4161.333333333333,2164.0,1.92298213185459,2012,3,16.446666666666665,1133.3333333333333,1732.0,3.918823529411765,2.930715935334873,15.936666666666667,4441.333333333333,8466.0,5076.0,2960.0,9142.22222222222,5072.916160392389,-1.0,-1.8369701987210297e-16
Batangas,2012-10-01,11735.333333333334,4092.6666666666665,2.8674051148395505,2012,4,14.346666666666666,2164.0,4530.666666666667,1.92298213185459,3.2046792230723953,16.446666666666665,4161.333333333333,4441.333333333333,14519.333333333334,20363.333333333332,5689.555555555555,2408.543712456708,-2.4492935982947064e-16,1.0
Batangas,2013-01-01,9644.666666666666,2807.3333333333335,3.4355260033246258,2013,1,15.146666666666667,4092.6666666666665,2395.3333333333335,2.8674051148395505,3.5343723907598106,14.346666666666666,11735.333333333334,4161.333333333333,8466.0,9423.333333333334,6779.333333333332,4294.304600281624,1.0,6.123233995736766e-17
Batangas,2013-04-01,4114.0,1100.0,3.74,2013,2,14.483333333333334,2807.3333333333335,1133.3333333333333,3.4355260033246258,3.918823529411765,15.146666666666667,9644.666666666666,11735.333333333334,4441.333333333333,4027.3333333333335,8513.777777777776,3911.591908578802,1.2246467991473532e-16,-1.0
Batangas,2013-07-01,6226.0,2189.3333333333335,2.843788063337393,2013,3,16.819999999999997,1100.0,2164.0,3.74,1.92298213185459,14.483333333333334,4114.0,9644.666666666666,4161.333333333333,5076.0,8497.999999999998,3937.9326781672735,-1.0,-1.8369701987210297e-16
Batangas,2013-10-01,14814.0,4316.666666666667,3.4318146718146716,2013,4,15.020000000000001,2189.3333333333335,4092.6666666666665,2.843788063337393,2.8674051148395505,16.819999999999997,6226.0,4114.0,11735.333333333334,14519.333333333334,6661.555555555555,2790.9406883568554,-2.4492935982947064e-16,1.0
Batangas,2014-01-01,9424.0,2880.0,3.272222222222222,2014,1,19.536666666666665,4316.666666666667,2807.3333333333335,3.4318146718146716,3.4355260033246258,15.020000000000001,14814.0,6226.0,9644.666666666666,8466.0,8384.666666666666,5667.219894563227,1.0,6.123233995736766e-17
Batangas,2014-04-01,3314.6666666666665,1106.6666666666667,2.995180722891566,2014,2,20.220000000000002,2880.0,1100.0,3.272222222222222,3.74,19.536666666666665,9424.0,14814.0,4114.0,4441.333333333333,10154.666666666666,4340.373409435324,1.2246467991473532e-16,-1.0
Batangas,2014-07-01,4296.0,1837.3333333333333,2.3381712626995648,2014,3,22.666666666666668,1106.6666666666667,2189.3333333333335,2.995180722891566,2.843788063337393,20.220000000000002,3314.6666666666665,9424.0,6226.0,4161.333333333333,9184.22222222222,5753.415230523059,-1.0,-1.8369701987210297e-16
Batangas,2014-10-01,13882.0,4224.0,3.2864583333333335,2014,4,18.459999999999997,1837.3333333333333,4316.666666666667,2.3381712626995648,3.4318146718146716,22.666666666666668,4296.0,3314.6666666666665,14814.0,11735.333333333334,5678.222222222222,3280.837110883145,-2.4492935982947064e-16,1.0
Batangas,2015-01-01,10433.333333333334,2890.0,3.6101499423298735,2015,1,17.97,4224.0,2880.0,3.2864583333333335,3.272222222222222,18.459999999999997,13882.0,4296.0,9424.0,9644.666666666666,7164.222222222222,5838.420803734635,1.0,6.123233995736766e-17
Batangas,2015-04-01,2810.6666666666665,1033.3333333333333,2.72,2015,2,16.973333333333333,2890.0,1106.6666666666667,3.6101499423298735,2.995180722891566,17.97,10433.333333333334,13882.0,3314.6666666666665,4114.0,9537.11111111111,4855.436098199995,1.2246467991473532e-16,-1.0
Batangas,2015-07-01,3101.3333333333335,1136.6666666666667,2.7284457478005866,2015,3,17.476666666666667,1033.3333333333333,1837.3333333333333,2.72,2.3381712626995648,16.973333333333333,2810.6666666666665,10433.333333333334,4296.0,6226.0,9041.999999999998,5665.285674860331,-1.0,-1.8369701987210297e-16
Batangas,2015-10-01,10327.333333333334,3663.3333333333335,2.819108280254777,2015,4,16.816666666666666,1136.6666666666667,4224.0,2.7284457478005866,3.2864583333333335,17.476666666666667,3101.3333333333335,2810.6666666666665,13882.0,14814.0,5448.444444444443,4319.48604624481,-2.4492935982947064e-16,1.0
Batangas,2016-01-01,7091.333333333333,1840.6666666666667,3.8525896414342626,2016,1,16.23,3663.3333333333335,2890.0,2.819108280254777,3.6101499423298735,16.816666666666666,10327.333333333334,3101.3333333333335,10433.333333333334,9424.0,5413.11111111111,4258.322065651532,1.0,6.123233995736766e-17
Batangas,2016-04-01,3422.6666666666665,1351.3333333333333,2.5328071040947213,2016,2,16.566666666666666,1840.6666666666667,1033.3333333333333,3.8525896414342626,2.72,16.23,7091.333333333333,10327.333333333334,2810.6666666666665,3314.6666666666665,6839.999999999999,3619.5504324892668,1.2246467991473532e-16,-1.0
Batangas,2016-07-01,2295.3333333333335,1179.3333333333333,1.946297343131713,2016,3,16.94333333333333,1351.3333333333333,1136.6666666666667,2.5328071040947213,2.7284457478005866,16.566666666666666,3422.6666666666665,7091.333333333333,3101.3333333333335,4296.0,6947.11111111111,3454.591941384885,-1.0,-1.8369701987210297e-16
Batangas,2016-10-01,13722.0,4802.666666666667,2.857162687395891,2016,4,16.363333333333333,1179.3333333333333,3663.3333333333335,1.946297343131713,2.819108280254777,16.94333333333333,2295.3333333333335,3422.6666666666665,10327.333333333334,13882.0,4269.7777777777765,2507.7085009876723,-2.4492935982947064e-16,1.0
Batangas,2017-01-01,6666.0,1925.3333333333333,3.462257617728532,2017,1,17.073333333333334,4802.666666666667,1840.6666666666667,2.857162687395891,3.8525896414342626,16.363333333333333,13722.0,2295.3333333333335,7091.333333333333,10433.333333333334,6479.999999999999,6297.034469582568,1.0,6.123233995736766e-17
Batangas,2017-04-01,4342.666666666667,1236.6666666666667,3.511590296495957,2017,2,17.616666666666664,1925.3333333333333,1351.3333333333333,3.462257617728532,2.5328071040947213,17.073333333333334,6666.0,13722.0,3422.6666666666665,2810.6666666666665,7561.1111111111095,5765.68258783846,1.2246467991473532e-16,-1.0
Batangas,2017-07-01,4526.0,1554.6666666666667,2.9112349914236706,2017,3,17.543333333333333,1236.6666666666667,1179.3333333333333,3.511590296495957,1.946297343131713,17.616666666666664,4342.666666666667,6666.0,2295.3333333333335,3101.3333333333335,8243.555555555553,4884.617138793223,-1.0,-1.8369701987210297e-16
Batangas,2017-10-01,12629.333333333334,4080.6666666666665,3.0949191308609705,2017,4,18.043333333333333,1554.6666666666667,4802.666666666667,2.9112349914236706,2.857162687395891,17.543333333333333,4526.0,4342.666666666667,13722.0,10327.333333333334,5178.222222222222,1291.7100351142058,-2.4492935982947064e-16,1.0
Batangas,2018-01-01,9781.333333333334,2604.0,3.756272401433692,2018,1,17.816666666666666,4080.6666666666665,1925.3333333333333,3.0949191308609705,3.462257617728532,18.043333333333333,12629.333333333334,4526.0,6666.0,7091.333333333333,7165.999999999999,4732.2733554932165,1.0,6.123233995736766e-17
Batangas,2018-04-01,3589.3333333333335,1070.0,3.3545171339563864,2018,2,18.966666666666665,2604.0,1236.6666666666667,3.756272401433692,3.511590296495957,17.816666666666666,9781.333333333334,12629.333333333334,4342.666666666667,3422.6666666666665,8978.888888888889,4110.8321046465135,1.2246467991473532e-16,-1.0
Batangas,2018-07-01,2222.6666666666665,612.0,3.6318082788671022,2018,3,20.333333333333332,1070.0,1554.6666666666667,3.3545171339563864,2.9112349914236706,18.966666666666665,3589.3333333333335,9781.333333333334,4526.0,2295.3333333333335,8666.666666666666,4621.932640501507,-1.0,-1.8369701987210297e-16
Batangas,2018-10-01,15946.526666666667,4665.333333333333,3.4180894541297517,2018,4,20.026666666666667,612.0,4080.6666666666665,3.6318082788671022,3.0949191308609705,20.333333333333332,2222.6666666666665,3589.3333333333335,12629.333333333334,13722.0,5197.7777777777765,4027.8630305153793,-2.4492935982947064e-16,1.0
Batangas,2019-01-01,8476.666666666666,2480.0,3.418010752688172,2019,1,18.386666666666667,4665.333333333333,2604.0,3.4180894541297517,3.756272401433692,20.026666666666667,15946.526666666667,2222.6666666666665,9781.333333333334,6666.0,7252.842222222222,7559.897906660237,1.0,6.123233995736766e-17
Batangas,2019-04-01,2337.3799999999997,690.6666666666666,3.3842374517374516,2019,2,17.956666666666667,2480.0,1070.0,3.418010752688172,3.3545171339563864,18.386666666666667,8476.666666666666,15946.526666666667,3589.3333333333335,4342.666666666667,8881.953333333333,6870.9006896136425,1.2246467991473532e-16,-1.0
Batangas,2019-07-01,4904.0,1428.3733333333332,3.433276080949892,2019,3,14.253333333333336,690.6666666666666,612.0,3.3842374517374516,3.6318082788671022,17.956666666666667,2337.3799999999997,8476.666666666666,2222.6666666666665,4526.0,8920.19111111111,6815.405615099209,-1.0,-1.8369701987210297e-16
Batangas,2019-10-01,14270.366666666667,4902.666666666667,2.9107356540658142,2019,4,13.483333333333334,1428.3733333333332,4665.333333333333,3.433276080949892,3.4180894541297517,14.253333333333336,4904.0,2337.3799999999997,15946.526666666667,12629.333333333334,5239.348888888887,3083.3511561022374,-2.4492935982947064e-16,1.0
Batangas,2020-01-01,4679.0,1770.0,2.643502824858757,2020,1,15.733333333333334,4902.666666666667,2480.0,2.9107356540658142,3.418010752688172,13.483333333333334,14270.366666666667,4904.0,8476.666666666666,9781.333333333334,7170.5822222222205,6281.089787949335,1.0,6.123233995736766e-17
Batangas,2020-04-01,3241.3333333333335,999.3333333333334,3.2434956637758505,2020,2,17.44,1770.0,690.6666666666666,2.643502824858757,3.3842374517374516,15.733333333333334,4679.0,14270.366666666667,2337.3799999999997,3589.3333333333335,7951.12222222222,5473.78242273854,1.2246467991473532e-16,-1.0
Batangas,2020-07-01,2311.3333333333335,615.5133333333333,3.755131218386821,2020,3,14.76,999.3333333333334,1428.3733333333332,3.2434956637758505,3.433276080949892,17.44,3241.3333333333335,4679.0,4904.0,2222.6666666666665,7396.899999999998,5995.842674257254,-1.0,-1.8369701987210297e-16
Batangas,2020-10-01,11769.333333333334,5135.92,2.2915725582433786,2020,4,14.780000000000001,615.5133333333333,4902.666666666667,3.755131218386821,2.9107356540658142,14.76,2311.3333333333335,3241.3333333333335,14270.366666666667,15946.526666666667,3410.5555555555547,1192.8698510237687,-2.4492935982947064e-16,1.0
Batangas,2021-01-01,6106.666666666667,1888.0,3.2344632768361583,2021,1,17.69666666666667,5135.92,1770.0,2.2915725582433786,2.643502824858757,14.780000000000001,11769.333333333334,2311.3333333333335,4679.0,8476.666666666666,5773.999999999999,5212.891839788476,1.0,6.123233995736766e-17
Batangas,2021-04-01,3319.3333333333335,1089.3333333333333,3.047123623011016,2021,2,18.05333333333333,1888.0,999.3333333333334,3.2344632768361583,3.2434956637758505,17.69666666666667,6106.666666666667,11769.333333333334,3241.3333333333335,2337.3799999999997,6729.1111111111095,4759.623810220169,1.2246467991473532e-16,-1.0
Batangas,2021-07-01,2789.36,749.5666666666666,3.7212967492328906,2021,3,17.55333333333333,1089.3333333333333,615.5133333333333,3.047123623011016,3.755131218386821,18.05333333333333,3319.3333333333335,6106.666666666667,2311.3333333333335,4904.0,7065.11111111111,4305.762048094942,-1.0,-1.8369701987210297e-16
Batangas,2021-10-01,11354.0,4749.333333333333,2.3906513194834362,2021,4,15.540000000000001,749.5666666666666,5135.92,3.7212967492328906,2.2915725582433786,17.55333333333333,2789.36,3319.3333333333335,11769.333333333334,14270.366666666667,4071.786666666665,1782.069132865243,-2.4492935982947064e-16,1.0
Batangas,2022-01-01,5662.666666666667,1826.6666666666667,3.1,2022,1,17.186666666666667,4749.333333333333,1888.0,2.3906513194834362,3.2344632768361583,15.540000000000001,11354.0,2789.36,6106.666666666667,4679.0,5820.897777777776,4799.128367181006,1.0,6.123233995736766e-17
Batangas,2022-04-01,3076.9933333333333,920.4466666666667,3.3429349518711926,2022,2,16.833333333333332,1826.6666666666667,1089.3333333333333,3.1,3.047123623011016,17.186666666666667,5662.666666666667,11354.0,3319.3333333333335,3241.3333333333335,6602.008888888887,4358.903238228279,1.2246467991473532e-16,-1.0
Batangas,2022-07-01,6547.333333333333,1846.0,3.5467677862044056,2022,3,16.856666666666666,920.4466666666667,749.5666666666666,3.3429349518711926,3.7212967492328906,16.833333333333332,3076.9933333333333,5662.666666666667,2789.36,2311.3333333333335,6697.886666666665,4234.497629744413,-1.0,-1.8369701987210297e-16
Batangas,2022-10-01,7960.966666666667,3375.08,2.358749027183553,2022,4,17.826666666666668,1846.0,4749.333333333333,3.5467677862044056,2.3906513194834362,16.856666666666666,6547.333333333333,3076.9933333333333,11354.0,11769.333333333334,5095.664444444443,1803.3118335173388,-2.4492935982947064e-16,1.0
Batangas,2023-01-01,5187.333333333333,1624.92,3.19236229065636,2023,1,17.30666666666667,3375.08,1826.6666666666667,2.358749027183553,3.1,17.826666666666668,7960.966666666667,6547.333333333333,5662.666666666667,6106.666666666667,5861.764444444442,2513.1260227527373,1.0,6.123233995736766e-17
Batangas,2023-04-01,5484.8,1650.0,3.324121212121212,2023,2,17.346666666666668,1624.92,920.4466666666667,3.19236229065636,3.3429349518711926,17.30666666666667,5187.333333333333,7960.966666666667,3076.9933333333333,3319.3333333333335,6565.211111111109,1386.90308895326,1.2246467991473532e-16,-1.0
Batangas,2023-07-01,4618.7733333333335,1346.0,3.4314809311540366,2023,3,19.150000000000002,1650.0,1846.0,3.324121212121212,3.5467677862044056,17.346666666666668,5484.8,5187.333333333333,6547.333333333333,2789.36,6211.033333333332,1522.7677458423293,-1.0,-1.8369701987210297e-16
Batangas,2023-10-01,10060.300000000001,3100.6666666666665,3.244560309610837,2023,4,19.71666666666667,1346.0,3375.08,3.4314809311540366,2.358749027183553,19.150000000000002,4618.7733333333335,5484.8,7960.966666666667,11354.0,5096.968888888888,440.0282337069125,-2.4492935982947064e-16,1.0
Batangas,2024-01-01,4040.6666666666665,1403.3333333333333,2.8793349168646083,2024,1,25.77,3100.6666666666665,1624.92,3.244560309610837,3.19236229065636,19.71666666666667,10060.300000000001,4618.7733333333335,5187.333333333333,5662.666666666667,6721.29111111111,2923.9076279704273,1.0,6.123233995736766e-17
Batangas,2024-04-01,3400.2666666666664,1051.8666666666666,3.232602357713272,2024,2,22.77,1403.3333333333333,1650.0,2.8793349168646083,3.324121212121212,25.77,4040.6666666666665,10060.300000000001,5484.8,3076.9933333333333,6239.913333333331,3321.154549496967,1.2246467991473532e-16,-1.0
Batangas,2024-07-01,1976.3333333333333,568.0,3.4794600938967135,2024,3,18.87,1051.8666666666666,1346.0,3.232602357713272,3.4314809311540366,22.77,3400.2666666666664,4040.6666666666665,4618.7733333333335,6547.333333333333,5833.744444444442,3674.2831869832935,-1.0,-1.8369701987210297e-16
Batangas,2024-10-01,5268.66,2174.6733333333336,2.422736288362083,2024,4,17.926666666666666,568.0,3100.6666666666665,3.4794600938967135,3.244560309610837,18.87,1976.3333333333333,3400.2666666666664,10060.300000000001,7960.966666666667,3139.088888888887,1056.6590753319972,-2.4492935982947064e-16,1.0
Batangas,2025-01-01,5018.333333333333,1525.3333333333333,3.2899912587412588,2025,1,16.433333333333334,2174.6733333333336,1403.3333333333333,2.422736288362083,2.8793349168646083,17.926666666666666,5268.66,1976.3333333333333,4040.6666666666665,5187.333333333333,3548.4199999999983,1651.1558913816796,1.0,6.123233995736766e-17
Batangas,2025-04-01,5992.0,1590.6666666666667,3.7669740150880133,2025,2,13.62,1525.3333333333333,1051.8666666666666,3.2899912587412588,3.232602357713272,16.433333333333334,5018.333333333333,5268.66,3400.2666666666664,5484.8,4087.7755555555536,1832.841251540385,1.2246467991473532e-16,-1.0
Batangas,2025-07-01,2000.0,640.6666666666666,3.121748178980229,2025,3,11.4,1590.6666666666667,568.0,3.7669740150880133,3.4794600938967135,13.62,5992.0,5018.333333333333,1976.3333333333333,4618.7733333333335,5426.33111111111,505.62024178593043,-1.0,-1.8369701987210297e-16
Batangas,2025-10-01,4780.666666666667,1828.0,2.615244347191831,2025,4,12.566666666666668,640.6666666666666,2174.6733333333336,3.121748178980229,2.422736288362083,11.4,2000.0,5992.0,5268.66,10060.300000000001,4336.7777777777765,2081.4428845109956,-2.4492935982947064e-16,1.0
Batangas,2026-01-01,2057.9466666666667,526.6666666666666,3.907493670886076,2026,1,20.87,1828.0,1525.3333333333333,2.615244347191831,3.2899912587412588,12.566666666666668,4780.666666666667,2000.0,5018.333333333333,4040.6666666666665,4257.555555555554,2046.765723263388,1.0,6.123233995736766e-17
Batangas,2026-04-01,4156.666666666667,1161.3333333333333,3.5792192881745124,2026,2,19.453333333333333,526.6666666666666,1590.6666666666667,3.907493670886076,3.7669740150880133,20.87,2057.9466666666667,4780.666666666667,5992.0,3400.2666666666664,2946.2044444444423,1588.9550615466778,1.2246467991473532e-16,-1.0
Batangas,2026-07-01,,,,2026,3,16.21,1161.3333333333333,640.6666666666666,3.5792192881745124,3.121748178980229,19.453333333333333,4156.666666666667,2057.9466666666667,2000.0,1976.3333333333333,3665.093333333332,1426.3710268136113,-1.0,-1.8369701987210297e-16
Batangas,2026-10-01,,,,2026,4,,,1828.0,,2.615244347191831,16.21,,4156.666666666667,4780.666666666667,5268.66,3107.306666666664,1484.0191438118243,-2.4492935982947064e-16,1.0
Cavite,1987-01-01,6272.0,2473.3333333333335,2.5358490566037735,1987,1,,,,,,,,,,,,,1.0,6.123233995736766e-17
Cavite,1987-04-01,1808.0,433.3333333333333,4.172307692307692,1987,2,,2473.3333333333335,,2.5358490566037735,,,6272.0,,,,,,1.2246467991473532e-16,-1.0
Cavite,1987-07-01,1962.6666666666667,1586.6666666666667,1.2369747899159664,1987,3,,433.3333333333333,,4.172307692307692,,,1808.0,6272.0,,,4040.0,3156.524671216748,-1.0,-1.8369701987210297e-16
Cavite,1987-10-01,15560.0,5920.0,2.6283783783783785,1987,4,,1586.6666666666667,,1.2369747899159664,,,1962.6666666666667,1808.0,,,3347.555555555555,2533.8235782954434,-2.4492935982947064e-16,1.0
Cavite,1988-01-01,7397.333333333333,2546.6666666666665,2.904712041884817,1988,1,,5920.0,2473.3333333333335,2.6283783783783785,2.5358490566037735,,15560.0,1962.6666666666667,6272.0,,6443.555555555555,7895.451217373579,1.0,6.123233995736766e-17
Cavite,1988-04-01,2606.6666666666665,1006.6666666666666,2.589403973509934,1988,2,,2546.6666666666665,433.3333333333333,2.904712041884817,4.172307692307692,,7397.333333333333,15560.0,1808.0,,8306.666666666666,6844.1240329042685,1.2246467991473532e-16,-1.0
Cavite,1988-07-01,4130.666666666667,1406.6666666666667,2.9364928909952606,1988,3,,1006.6666666666666,1586.6666666666667,2.589403973509934,1.2369747899159664,,2606.6666666666665,7397.333333333333,1962.6666666666667,,8521.333333333332,6549.407844310134,-1.0,-1.8369701987210297e-16
Cavite,1988-10-01,12534.0,6846.666666666667,1.8306718597857838,1988,4,,1406.6666666666667,5920.0,2.9364928909952606,2.6283783783783785,,4130.666666666667,2606.6666666666665,15560.0,,4711.555555555556,2447.589774391066,-2.4492935982947064e-16,1.0
Cavite,1989-01-01,8336.0,2780.0,2.998561151079137,1989,1,,6846.666666666667,2546.6666666666665,1.8306718597857838,2.904712041884817,,12534.0,4130.666666666667,7397.333333333333,6272.0,6423.777777777777,5346.190765741876,1.0,6.123233995736766e-17
Cavite,1989-04-01,2935.3333333333335,893.3333333333334,3.285820895522388,1989,2,,2780.0,1006.6666666666666,2.998561151079137,2.589403973509934,,8336.0,12534.0,2606.6666666666665,1808.0,8333.555555555555,4201.667199964708,1.2246467991473532e-16,-1.0
Cavite,1989-07-01,8158.0,2260.0,3.6097345132743364,1989,3,,893.3333333333334,1406.6666666666667,3.285820895522388,2.9364928909952606,,2935.3333333333335,8336.0,4130.666666666667,1962.6666666666667,7935.11111111111,4811.874309494208,-1.0,-1.8369701987210297e-16
Cavite,1989-10-01,13538.0,4893.333333333333,2.7666212534059946,1989,4,,2260.0,6846.666666666667,3.6097345132743364,1.8306718597857838,,8158.0,2935.3333333333335,12534.0,15560.0,6476.444444444444,3067.983364675551,-2.4492935982947064e-16,1.0
Cavite,1990-01-01,5960.0,2160.0,2.759259259259259,1990,1,,4893.333333333333,2780.0,2.7666212534059946,2.998561151079137,,13538.0,8158.0,8336.0,7397.333333333333,8210.444444444443,5301.527885989653,1.0,6.123233995736766e-17
Cavite,1990-04-01,3104.6666666666665,853.3333333333334,3.6382812499999995,1990,2,,2160.0,893.3333333333334,2.759259259259259,3.285820895522388,,5960.0,13538.0,2935.3333333333335,2606.6666666666665,9218.666666666666,3898.753817995352,1.2246467991473532e-16,-1.0
Cavite,1990-07-01,3590.0,1546.6666666666667,2.321120689655172,1990,3,,853.3333333333334,2260.0,3.6382812499999995,3.6097345132743364,,3104.6666666666665,5960.0,8158.0,4130.666666666667,7534.222222222223,5391.868211929407,-1.0,-1.8369701987210297e-16
Cavite,1990-10-01,27311.333333333332,7653.333333333333,3.568554006968641,1990,4,,1546.6666666666667,4893.333333333333,2.321120689655172,2.7666212534059946,,3590.0,3104.6666666666665,13538.0,12534.0,4218.222222222222,1527.818536830042,-2.4492935982947064e-16,1.0
Cavite,1991-01-01,9984.0,2886.6666666666665,3.458660508083141,1991,1,,7653.333333333333,2160.0,3.568554006968641,2.759259259259259,,27311.333333333332,3590.0,5960.0,8336.0,11335.333333333334,13837.749784958214,1.0,6.123233995736766e-17
Cavite,1991-04-01,2312.0,620.0,3.729032258064516,1991,2,,2886.6666666666665,853.3333333333334,3.458660508083141,3.6382812499999995,,9984.0,27311.333333333332,3104.6666666666665,2935.3333333333335,13628.444444444443,12273.42231243019,1.2246467991473532e-16,-1.0
Cavite,1991-07-01,3429.3333333333335,960.0,3.5722222222222224,1991,3,,620.0,1546.6666666666667,3.729032258064516,2.321120689655172,,2312.0,9984.0,3590.0,8158.0,13202.444444444443,12806.656677652416,-1.0,-1.8369701987210297e-16
Cavite,1991-10-01,26402.0,8453.333333333334,3.123264984227129,1991,4,,960.0,7653.333333333333,3.5722222222222224,3.568554006968641,,3429.3333333333335,2312.0,27311.333333333332,13538.0,5241.7777777777765,4144.708934068598,-2.4492935982947064e-16,1.0
Cavite,1992-01-01,9652.666666666666,2846.6666666666665,3.3908665105386415,1992,1,,8453.333333333334,2886.6666666666665,3.123264984227129,3.458660508083141,,26402.0,3429.3333333333335,9984.0,5960.0,10714.444444444443,13597.30333286442,1.0,6.123233995736766e-17
Cavite,1992-04-01,1888.6666666666667,566.6666666666666,3.3329411764705887,1992,2,,2846.6666666666665,620.0,3.3908665105386415,3.729032258064516,,9652.666666666666,26402.0,2312.0,3104.6666666666665,13161.33333333333,11881.452342949398,1.2246467991473532e-16,-1.0
Cavite,1992-07-01,2327.3333333333335,786.6666666666666,2.9584745762711866,1992,3,,566.6666666666666,960.0,3.3329411764705887,3.5722222222222224,,1888.6666666666667,9652.666666666666,3429.3333333333335,3590.0,12647.777777777776,12528.124189347089,-1.0,-1.8369701987210297e-16
Cavite,1992-10-01,26888.0,7786.666666666667,3.4530821917808217,1992,4,,786.6666666666666,8453.333333333334,2.9584745762711866,3.123264984227129,,2327.3333333333335,1888.6666666666667,26402.0,27311.333333333332,4622.888888888888,4361.433879067909,-2.4492935982947064e-16,1.0
Cavite,1993-01-01,6272.666666666667,2080.0,3.0157051282051284,1993,1,,7786.666666666667,2846.6666666666665,3.4530821917808217,3.3908665105386415,,26888.0,2327.3333333333335,9652.666666666666,9984.0,10367.999999999998,14308.42084616996,1.0,6.123233995736766e-17
Cavite,1993-04-01,3019.3333333333335,926.6666666666666,3.2582733812949645,1993,2,,2080.0,566.6666666666666,3.0157051282051284,3.3329411764705887,,6272.666666666667,26888.0,1888.6666666666667,2312.0,11829.33333333333,13189.541125873602,1.2246467991473532e-16,-1.0
Cavite,1993-07-01,2717.3333333333335,926.6666666666666,2.9323741007194246,1993,3,,926.6666666666666,786.6666666666666,3.2582733812949645,2.9584745762711866,,3019.3333333333335,6272.666666666667,2327.3333333333335,3429.3333333333335,12059.999999999998,12944.042353316232,-1.0,-1.8369701987210297e-16
Cavite,1993-10-01,22494.666666666668,7006.666666666667,3.2104662226451,1993,4,,926.6666666666666,7786.666666666667,2.9323741007194246,3.4530821917808217,,2717.3333333333335,3019.3333333333335,26888.0,26402.0,4003.11111111111,1971.2845595739575,-2.4492935982947064e-16,1.0
Cavite,1994-01-01,8920.0,2993.3333333333335,2.979955456570156,1994,1,,7006.666666666667,2080.0,3.2104662226451,3.0157051282051284,,22494.666666666668,2717.3333333333335,6272.666666666667,9652.666666666666,9410.444444444443,11332.27489828809,1.0,6.123233995736766e-17
Cavite,1994-04-01,3023.3333333333335,886.6666666666666,3.409774436090226,1994,2,,2993.3333333333335,926.6666666666666,2.979955456570156,3.2582733812949645,,8920.0,22494.666666666668,3019.3333333333335,1888.6666666666667,11377.333333333334,10115.067660563509,1.2246467991473532e-16,-1.0
Cavite,1994-07-01,2894.6666666666665,1080.0,2.680246913580247,1994,3,,886.6666666666666,926.6666666666666,3.409774436090226,2.9323741007194246,,3023.3333333333335,8920.0,2717.3333333333335,2327.3333333333335,11479.333333333334,9984.780707545748,-1.0,-1.8369701987210297e-16
Cavite,1994-10-01,17323.333333333332,6873.333333333333,2.520368574199806,1994,4,,1080.0,7006.666666666667,2.680246913580247,3.2104662226451,,2894.6666666666665,3023.3333333333335,22494.666666666668,26888.0,4945.999999999999,3442.186191619746,-2.4492935982947064e-16,1.0
Cavite,1995-01-01,5722.666666666667,1973.3333333333333,2.9000000000000004,1995,1,,6873.333333333333,2993.3333333333335,2.520368574199806,2.979955456570156,,17323.333333333332,2894.6666666666665,8920.0,6272.666666666667,7747.1111111111095,8293.501239815107,1.0,6.123233995736766e-17
Cavite,1995-04-01,4526.0,1460.0,3.1,1995,2,,1973.3333333333333,886.6666666666666,2.9000000000000004,3.409774436090226,,5722.666666666667,17323.333333333332,3023.3333333333335,3019.3333333333335,8646.888888888889,7645.908196424285,1.2246467991473532e-16,-1.0
Cavite,1995-07-01,2498.0,926.6666666666666,2.69568345323741,1995,3,,1460.0,1080.0,3.1,2.680246913580247,,4526.0,5722.666666666667,2894.6666666666665,2717.3333333333335,9190.666666666666,7068.4654000080545,-1.0,-1.8369701987210297e-16
Cavite,1995-10-01,10752.666666666666,5638.0,1.907177486106184,1995,4,,926.6666666666666,6873.333333333333,2.69568345323741,2.520368574199806,,2498.0,4526.0,17323.333333333332,22494.666666666668,4248.888888888888,1630.0956118288086,-2.4492935982947064e-16,1.0
Cavite,1996-01-01,6822.0,2145.3333333333335,3.1799254195152264,1996,1,,5638.0,1973.3333333333333,1.907177486106184,2.9000000000000004,,10752.666666666666,2498.0,5722.666666666667,8920.0,5925.555555555554,4301.621468616122,1.0,6.123233995736766e-17
Cavite,1996-04-01,5500.0,1466.6666666666667,3.75,1996,2,,2145.3333333333335,1460.0,3.1799254195152264,3.1,,6822.0,10752.666666666666,4526.0,3023.3333333333335,6690.888888888887,4128.894892951007,1.2246467991473532e-16,-1.0
Cavite,1996-07-01,3607.3333333333335,1526.6666666666667,2.362882096069869,1996,3,,1466.6666666666667,926.6666666666666,3.75,2.69568345323741,,5500.0,6822.0,2498.0,2894.6666666666665,7691.555555555554,2732.1643299636676,-1.0,-1.8369701987210297e-16
Cavite,1996-10-01,15568.666666666666,5575.333333333333,2.7924189884012915,1996,4,,1526.6666666666667,5638.0,2.362882096069869,1.907177486106184,,3607.3333333333335,5500.0,10752.666666666666,17323.333333333332,5309.7777777777765,1615.7533273413537,-2.4492935982947064e-16,1.0
Cavite,1997-01-01,7740.0,2496.6666666666665,3.100133511348465,1997,1,,5575.333333333333,2145.3333333333335,2.7924189884012915,3.1799254195152264,,15568.666666666666,3607.3333333333335,6822.0,5722.666666666667,8225.33333333333,6429.537705862764,1.0,6.123233995736766e-17
Cavite,1997-04-01,4471.333333333333,1266.6666666666667,3.5299999999999994,1997,2,,2496.6666666666665,1466.6666666666667,3.100133511348465,3.75,,7740.0,15568.666666666666,5500.0,4526.0,8971.999999999998,6075.091915171136,1.2246467991473532e-16,-1.0
Cavite,1997-07-01,3554.0,1130.6666666666667,3.143278301886792,1997,3,,1266.6666666666667,1526.6666666666667,3.5299999999999994,2.362882096069869,,4471.333333333333,7740.0,3607.3333333333335,2498.0,9259.999999999998,5702.674966871049,-1.0,-1.8369701987210297e-16
Cavite,1997-10-01,19988.666666666668,6093.333333333333,3.280415754923414,1997,4,,1130.6666666666667,5575.333333333333,3.143278301886792,2.7924189884012915,,3554.0,4471.333333333333,15568.666666666666,10752.666666666666,5255.1111111111095,2200.3135466800045,-2.4492935982947064e-16,1.0
Cavite,1998-01-01,6424.0,2200.0,2.92,1998,1,,6093.333333333333,2496.6666666666665,3.280415754923414,3.100133511348465,,19988.666666666668,3554.0,7740.0,6822.0,9337.999999999998,9235.144852380194,1.0,6.123233995736766e-17
Cavite,1998-04-01,3070.0,1000.0,3.07,1998,2,,2200.0,1266.6666666666667,2.92,3.5299999999999994,,6424.0,19988.666666666668,4471.333333333333,5500.0,9988.888888888889,8778.14853506727,1.2246467991473532e-16,-1.0
Cavite,1998-07-01,2449.3333333333335,906.6666666666666,2.7014705882352943,1998,3,,1000.0,1130.6666666666667,3.07,3.143278301886792,,3070.0,6424.0,3554.0,3607.3333333333335,9827.555555555555,8958.150660669824,-1.0,-1.8369701987210297e-16
Cavite,1998-10-01,14270.666666666666,5830.0,2.4477987421383647,1998,4,,906.6666666666666,6093.333333333333,2.7014705882352943,3.280415754923414,,2449.3333333333335,3070.0,19988.666666666668,15568.666666666666,3981.11111111111,2138.2437584078566,-2.4492935982947064e-16,1.0
Cavite,1999-01-01,7410.0,2280.0,3.25,1999,1,,5830.0,2200.0,2.4477987421383647,2.92,,14270.666666666666,2449.3333333333335,6424.0,7740.0,6596.666666666665,6653.120604481601,1.0,6.123233995736766e-17
Cavite,1999-04-01,4173.333333333333,1253.3333333333333,3.329787234042553,1999,2,,2280.0,1000.0,3.25,3.07,,7410.0,14270.666666666666,3070.0,4471.333333333333,8043.333333333332,5936.0604594105735,1.2246467991473532e-16,-1.0
Cavite,1999-07-01,4681.333333333333,1663.3333333333333,2.8144288577154306,1999,3,,1253.3333333333333,906.6666666666666,3.329787234042553,2.7014705882352943,,4173.333333333333,7410.0,2449.3333333333335,3554.0,8617.999999999998,5155.917290949402,-1.0,-1.8369701987210297e-16
Cavite,1999-10-01,18917.333333333332,5813.333333333333,3.2541284403669724,1999,4,,1663.3333333333333,5830.0,2.8144288577154306,2.4477987421383647,,4681.333333333333,4173.333333333333,14270.666666666666,19988.666666666668,5421.555555555554,1740.6750074270976,-2.4492935982947064e-16,1.0
Cavite,2000-01-01,7553.333333333333,2324.0,3.250143430866322,2000,1,,5813.333333333333,2280.0,3.2541284403669724,3.25,,18917.333333333332,4681.333333333333,7410.0,6424.0,9257.33333333333,8369.660447114918,1.0,6.123233995736766e-17
Cavite,2000-04-01,4341.333333333333,1173.3333333333333,3.7,2000,2,,2324.0,1253.3333333333333,3.250143430866322,3.329787234042553,,7553.333333333333,18917.333333333332,4173.333333333333,3070.0,10383.999999999998,7528.308530694878,1.2246467991473532e-16,-1.0
Cavite,2000-07-01,2718.0,1152.6666666666667,2.3580104106419895,2000,3,,1173.3333333333333,1663.3333333333333,3.7,2.8144288577154306,,4341.333333333333,7553.333333333333,4681.333333333333,2449.3333333333335,10270.666666666666,7658.5161312967975,-1.0,-1.8369701987210297e-16
Cavite,2000-10-01,11171.333333333334,4648.0,2.403471026965003,2000,4,,1152.6666666666667,5813.333333333333,2.3580104106419895,3.2541284403669724,,2718.0,4341.333333333333,18917.333333333332,14270.666666666666,4870.888888888888,2460.7791298541565,-2.4492935982947064e-16,1.0
Cavite,2001-01-01,8854.666666666666,2300.0,3.8498550724637677,2001,1,,4648.0,2324.0,2.403471026965003,3.250143430866322,,11171.333333333334,2718.0,7553.333333333333,7410.0,6076.888888888888,4485.958752142713,1.0,6.123233995736766e-17
Cavite,2001-04-01,5333.333333333333,1333.3333333333333,4.0,2001,2,,2300.0,1173.3333333333333,3.8498550724637677,3.7,,8854.666666666666,11171.333333333334,4341.333333333333,4173.333333333333,7581.333333333332,4368.151147161045,1.2246467991473532e-16,-1.0
Cavite,2001-07-01,3653.3333333333335,1240.0,2.946236559139785,2001,3,,1333.3333333333333,1152.6666666666667,4.0,2.3580104106419895,,5333.333333333333,8854.666666666666,2718.0,4681.333333333333,8453.11111111111,2939.6421802913474,-1.0,-1.8369701987210297e-16
Cavite,2001-10-01,18476.666666666668,5282.666666666667,3.4976022211004545,2001,4,,1240.0,4648.0,2.946236559139785,2.403471026965003,,3653.3333333333335,5333.333333333333,11171.333333333334,18917.333333333332,5947.1111111111095,2654.4320449921784,-2.4492935982947064e-16,1.0
Cavite,2002-01-01,7106.0,2153.3333333333335,3.3,2002,1,,5282.666666666667,2300.0,3.4976022211004545,3.8498550724637677,,18476.666666666668,3653.3333333333335,8854.666666666666,7553.333333333333,9154.444444444443,8116.86333323226,1.0,6.123233995736766e-17
Cavite,2002-04-01,4363.333333333333,1246.6666666666667,3.4999999999999996,2002,2,,2153.3333333333335,1333.3333333333333,3.3,4.0,,7106.0,18476.666666666668,5333.333333333333,4341.333333333333,9745.333333333334,7756.117786051928,1.2246467991473532e-16,-1.0
Cavite,2002-07-01,2833.3333333333335,1066.6666666666667,2.65625,2002,3,,1246.6666666666667,1240.0,3.4999999999999996,2.946236559139785,,4363.333333333333,7106.0,3653.3333333333335,2718.0,9981.999999999998,7483.319881205427,-1.0,-1.8369701987210297e-16
Cavite,2002-10-01,18473.333333333332,5316.0,3.475043892651116,2002,4,,1066.6666666666667,5282.666666666667,2.65625,3.4976022211004545,,2833.3333333333335,4363.333333333333,18476.666666666668,11171.333333333334,4767.555555555554,2164.8248924138566,-2.4492935982947064e-16,1.0
Cavite,2003-01-01,6056.666666666667,2155.3333333333335,2.8100835137643054,2003,1,,5316.0,2153.3333333333335,3.475043892651116,3.3,,18473.333333333332,2833.3333333333335,7106.0,8854.666666666666,8556.666666666664,8622.089847208346,1.0,6.123233995736766e-17
Cavite,2003-04-01,5000.0,1250.0,4.0,2003,2,,2155.3333333333335,1246.6666666666667,2.8100835137643054,3.4999999999999996,,6056.666666666667,18473.333333333332,4363.333333333333,5333.333333333333,9121.111111111111,8258.05756911483,1.2246467991473532e-16,-1.0
Cavite,2003-07-01,3639.3333333333335,1153.3333333333333,3.1554913294797693,2003,3,,1250.0,1066.6666666666667,4.0,2.65625,,5000.0,6056.666666666667,2833.3333333333335,3653.3333333333335,9843.333333333332,7492.450274183409,-1.0,-1.8369701987210297e-16
Cavite,2003-10-01,18556.666666666668,5266.666666666667,3.5234177215189875,2003,4,,1153.3333333333333,5316.0,3.1554913294797693,3.475043892651116,,3639.3333333333335,5000.0,18473.333333333332,18476.666666666668,4898.666666666665,1211.8483586836783,-2.4492935982947064e-16,1.0
Cavite,2004-01-01,7401.333333333333,2033.3333333333333,3.64,2004,1,,5266.666666666667,2155.3333333333335,3.5234177215189875,2.8100835137643054,,18556.666666666668,3639.3333333333335,6056.666666666667,7106.0,9065.333333333332,8247.842734786942,1.0,6.123233995736766e-17
Cavite,2004-04-01,5330.0,1300.0,4.1,2004,2,,2033.3333333333333,1250.0,3.64,4.0,,7401.333333333333,18556.666666666668,5000.0,4363.333333333333,9865.777777777776,7758.016709137666,1.2246467991473532e-16,-1.0
Cavite,2004-07-01,3210.6666666666665,1126.6666666666667,2.849704142011834,2004,3,,1300.0,1153.3333333333333,4.1,3.1554913294797693,,5330.0,7401.333333333333,3639.3333333333335,2833.3333333333335,10429.333333333332,7114.26494992826,-1.0,-1.8369701987210297e-16
Cavite,2004-10-01,18948.0,5200.0,3.643846153846154,2004,4,,1126.6666666666667,5266.666666666667,2.849704142011834,3.5234177215189875,,3210.6666666666665,5330.0,18556.666666666668,18473.333333333332,5313.999999999999,2095.3791489316804,-2.4492935982947064e-16,1.0
Cavite,2005-01-01,7840.0,1866.6666666666667,4.2,2005,1,,5200.0,2033.3333333333333,3.643846153846154,3.64,,18948.0,3210.6666666666665,7401.333333333333,6056.666666666667,9162.888888888889,8540.151815807314,1.0,6.123233995736766e-17
Cavite,2005-04-01,6880.0,1600.0,4.3,2005,2,,1866.6666666666667,1300.0,4.2,4.1,,7840.0,18948.0,5330.0,5000.0,9999.555555555555,8087.872109477202,1.2246467991473532e-16,-1.0
Cavite,2005-07-01,3700.0,1080.0,3.425925925925926,2005,3,,1600.0,1126.6666666666667,4.3,2.849704142011834,,6880.0,7840.0,3210.6666666666665,3639.3333333333335,11222.666666666666,6707.5316870912575,-1.0,-1.8369701987210297e-16
Cavite,2005-10-01,19505.333333333332,4986.666666666667,3.9114973262032082,2005,4,,1080.0,5200.0,3.425925925925926,3.643846153846154,,3700.0,6880.0,18948.0,18556.666666666668,6139.999999999999,2166.9333169250654,-2.4492935982947064e-16,1.0
Cavite,2006-01-01,7700.0,2000.0,3.85,2006,1,,4986.666666666667,1866.6666666666667,3.9114973262032082,4.2,,19505.333333333332,3700.0,7840.0,7401.333333333333,10028.444444444443,8359.824595005519,1.0,6.123233995736766e-17
Cavite,2006-04-01,5950.0,1400.0,4.25,2006,2,,2000.0,1600.0,3.85,4.3,,7700.0,19505.333333333332,6880.0,5330.0,10301.777777777776,8217.60769008524,1.2246467991473532e-16,-1.0
Cavite,2006-07-01,2894.6666666666665,926.6666666666666,3.1237410071942446,2006,3,,1400.0,1080.0,4.25,3.425925925925926,,5950.0,7700.0,3700.0,3210.6666666666665,11051.777777777776,7373.098137699517,-1.0,-1.8369701987210297e-16
Cavite,2006-10-01,8533.333333333334,3630.0,2.350780532598715,2006,4,,926.6666666666666,4986.666666666667,3.1237410071942446,3.9114973262032082,,2894.6666666666665,5950.0,19505.333333333332,18948.0,5514.888888888888,2432.035848907297,-2.4492935982947064e-16,1.0
Cavite,2007-01-01,6944.0,1866.6666666666667,3.7199999999999998,2007,1,,3630.0,2000.0,2.350780532598715,3.85,,8533.333333333334,2894.6666666666665,7700.0,7840.0,5792.666666666665,2822.6239171695634,1.0,6.123233995736766e-17
Cavite,2007-04-01,5250.0,1166.6666666666667,4.5,2007,2,,1866.6666666666667,1400.0,3.7199999999999998,4.25,,6944.0,8533.333333333334,5950.0,6880.0,6123.999999999999,2907.3940985776803,1.2246467991473532e-16,-1.0
Cavite,2007-07-01,3211.3333333333335,913.3333333333334,3.516058394160584,2007,3,,1166.6666666666667,926.6666666666666,4.5,3.1237410071942446,,5250.0,6944.0,2894.6666666666665,3700.0,6909.1111111111095,1641.9446916294892,-1.0,-1.8369701987210297e-16
Cavite,2007-10-01,10384.666666666666,3266.6666666666665,3.1789795918367347,2007,4,,913.3333333333334,3630.0,3.516058394160584,2.350780532598715,,3211.3333333333335,5250.0,8533.333333333334,19505.333333333332,5135.11111111111,1868.9836017749233,-2.4492935982947064e-16,1.0
Cavite,2008-01-01,4660.0,1333.3333333333333,3.495,2008,1,,3266.6666666666665,1866.6666666666667,3.1789795918367347,3.7199999999999998,,10384.666666666666,3211.3333333333335,6944.0,7700.0,6281.999999999999,3696.34221599917,1.0,6.123233995736766e-17
Cavite,2008-04-01,4296.666666666667,945.3333333333334,4.5451339915373765,2008,2,,1333.3333333333333,1166.6666666666667,3.495,4.5,,4660.0,10384.666666666666,5250.0,5950.0,6085.333333333332,3793.1331523044355,1.2246467991473532e-16,-1.0
Cavite,2008-07-01,3640.0,975.3333333333334,3.7320574162679425,2008,3,,945.3333333333334,913.3333333333334,4.5451339915373765,3.516058394160584,,4296.666666666667,4660.0,3211.3333333333335,2894.6666666666665,6447.1111111111095,3414.8587954105033,-1.0,-1.8369701987210297e-16
Cavite,2008-10-01,15201.333333333334,4346.666666666667,3.4972392638036807,2008,4,,975.3333333333334,3266.6666666666665,3.7320574162679425,3.1789795918367347,,3640.0,4296.666666666667,10384.666666666666,8533.333333333334,4198.888888888888,516.9819826359727,-2.4492935982947064e-16,1.0
Cavite,2009-01-01,5553.333333333333,1733.3333333333333,3.203846153846154,2009,1,,4346.666666666667,1333.3333333333333,3.4972392638036807,3.495,,15201.333333333334,3640.0,4660.0,6944.0,7712.666666666665,6493.681475951143,1.0,6.123233995736766e-17
Cavite,2009-04-01,4762.666666666667,1100.0,4.32969696969697,2009,2,,1733.3333333333333,945.3333333333334,3.203846153846154,4.5451339915373765,,5553.333333333333,15201.333333333334,4296.666666666667,5250.0,8131.555555555554,6196.896762209403,1.2246467991473532e-16,-1.0
Cavite,2009-07-01,3660.0,1090.0,3.3577981651376145,2009,3,,1100.0,975.3333333333334,4.32969696969697,3.7320574162679425,,4762.666666666667,5553.333333333333,3640.0,3211.3333333333335,8505.777777777776,5811.9821569403075,-1.0,-1.8369701987210297e-16
Cavite,2009-10-01,12103.333333333334,4319.333333333333,2.8021299583269026,2009,4,,1090.0,4346.666666666667,3.3577981651376145,3.4972392638036807,,3660.0,4762.666666666667,15201.333333333334,10384.666666666666,4658.666666666665,950.9415217444449,-2.4492935982947064e-16,1.0
Cavite,2010-01-01,6520.0,1754.0,3.717217787913341,2010,1,15.280000000000001,4319.333333333333,1733.3333333333333,2.8021299583269026,3.203846153846154,,12103.333333333334,3660.0,5553.333333333333,4660.0,6842.0,4589.682971380232,1.0,6.123233995736766e-17
Cavite,2010-04-01,4373.333333333333,1066.6666666666667,4.1,2010,2,13.986666666666666,1754.0,1100.0,3.717217787913341,4.32969696969697,15.280000000000001,6520.0,12103.333333333334,4762.666666666667,4296.666666666667,7427.7777777777765,4294.242053589284,1.2246467991473532e-16,-1.0
Cavite,2010-07-01,2614.6666666666665,673.3333333333334,3.8831683168316826,2010,3,11.813333333333333,1066.6666666666667,1090.0,4.1,3.3577981651376145,13.986666666666666,4373.333333333333,6520.0,3660.0,3640.0,7665.555555555555,3990.2942433043772,-1.0,-1.8369701987210297e-16
Cavite,2010-10-01,17568.0,4459.333333333333,3.939602332187173,2010,4,11.413333333333334,673.3333333333334,4319.333333333333,3.8831683168316826,2.8021299583269026,11.813333333333333,2614.6666666666665,4373.333333333333,12103.333333333334,15201.333333333334,4502.666666666665,1955.8763878231935,-2.4492935982947064e-16,1.0
Cavite,2011-01-01,5536.0,1616.6666666666667,3.4243298969072162,2011,1,13.573333333333332,4459.333333333333,1754.0,3.939602332187173,3.717217787913341,11.413333333333334,17568.0,2614.6666666666665,6520.0,5553.333333333333,8185.333333333332,8173.068728723891,1.0,6.123233995736766e-17
Cavite,2011-04-01,5622.666666666667,1446.6666666666667,3.886635944700461,2011,2,13.473333333333334,1616.6666666666667,1066.6666666666667,3.4243298969072162,4.1,13.573333333333332,5536.0,17568.0,4373.333333333333,4762.666666666667,8572.888888888889,7925.753278839617,1.2246467991473532e-16,-1.0
Cavite,2011-07-01,3227.3333333333335,1168.0,2.7631278538812785,2011,3,11.916666666666666,1446.6666666666667,673.3333333333334,3.886635944700461,3.8831683168316826,13.473333333333334,5622.666666666667,5536.0,2614.6666666666665,3660.0,9575.555555555555,6921.795570942979,-1.0,-1.8369701987210297e-16
Cavite,2011-10-01,11268.666666666666,4090.0,2.7551752241238794,2011,4,12.506666666666666,1168.0,4459.333333333333,2.7631278538812785,3.939602332187173,11.916666666666666,3227.3333333333335,5622.666666666667,17568.0,12103.333333333334,4795.333333333332,1358.619070150876,-2.4492935982947064e-16,1.0
Cavite,2012-01-01,5914.0,1600.0,3.69625,2012,1,14.803333333333333,4090.0,1616.6666666666667,2.7551752241238794,3.4243298969072162,12.506666666666666,11268.666666666666,3227.3333333333335,5536.0,6520.0,6706.222222222222,4128.720131702536,1.0,6.123233995736766e-17
Cavite,2012-04-01,5130.0,1200.0,4.275,2012,2,13.979999999999999,1600.0,1446.6666666666667,3.69625,3.886635944700461,14.803333333333333,5914.0,11268.666666666666,5622.666666666667,4373.333333333333,6803.333333333331,4093.7691407525235,1.2246467991473532e-16,-1.0
Cavite,2012-07-01,3242.0,1071.3333333333333,3.0261356565028006,2012,3,13.14,1200.0,1168.0,4.275,2.7631278538812785,13.979999999999999,5130.0,5914.0,3227.3333333333335,2614.6666666666665,7437.555555555555,3340.9165298251837,-1.0,-1.8369701987210297e-16
Cavite,2012-10-01,11377.333333333334,3533.3333333333335,3.22,2012,4,13.283333333333333,1071.3333333333333,4090.0,3.0261356565028006,2.7551752241238794,13.14,3242.0,5130.0,11268.666666666666,17568.0,4761.999999999999,1373.4860756483322,-2.4492935982947064e-16,1.0
Cavite,2013-01-01,6297.333333333333,1660.0,3.793574297188755,2013,1,13.776666666666666,3533.3333333333335,1600.0,3.22,3.69625,13.283333333333333,11377.333333333334,3242.0,5914.0,5536.0,6583.1111111111095,4257.882224420601,1.0,6.123233995736766e-17
Cavite,2013-04-01,4571.333333333333,1190.0,3.841456582633053,2013,2,13.840000000000002,1660.0,1200.0,3.793574297188755,4.275,13.776666666666666,6297.333333333333,11377.333333333334,5130.0,5622.666666666667,6972.222222222222,4109.442586333366,1.2246467991473532e-16,-1.0
Cavite,2013-07-01,2826.0,1035.3333333333333,2.7295556986477787,2013,3,13.89,1190.0,1071.3333333333333,3.841456582633053,3.0261356565028006,13.840000000000002,4571.333333333333,6297.333333333333,3242.0,3227.3333333333335,7415.333333333332,3538.0576592248894,-1.0,-1.8369701987210297e-16
Cavite,2013-10-01,14423.333333333334,3780.6666666666665,3.81502380532534,2013,4,14.946666666666667,1035.3333333333333,3533.3333333333335,2.7295556986477787,3.22,13.89,2826.0,4571.333333333333,11377.333333333334,11268.666666666666,4564.888888888888,1735.6756396071753,-2.4492935982947064e-16,1.0
Cavite,2014-01-01,6220.0,1680.0,3.7023809523809526,2014,1,17.973333333333333,3780.6666666666665,1660.0,3.81502380532534,3.793574297188755,14.946666666666667,14423.333333333334,2826.0,6297.333333333333,5914.0,7273.555555555555,6253.082345117064,1.0,6.123233995736766e-17
Cavite,2014-04-01,5299.333333333333,1278.6666666666667,4.144421272158498,2014,2,18.736666666666668,1680.0,1190.0,3.7023809523809526,3.841456582633053,17.973333333333333,6220.0,14423.333333333334,4571.333333333333,5130.0,7823.1111111111095,5962.550547964935,1.2246467991473532e-16,-1.0
Cavite,2014-07-01,3122.6666666666665,892.6666666666666,3.4981329350261388,2014,3,18.12,1278.6666666666667,1035.3333333333333,4.144421272158498,2.7295556986477787,18.736666666666668,5299.333333333333,6220.0,2826.0,3242.0,8647.555555555555,5023.107950410921,-1.0,-1.8369701987210297e-16
Cavite,2014-10-01,16211.333333333334,4004.0,4.048784548784549,2014,4,16.52333333333333,892.6666666666666,3780.6666666666665,3.4981329350261388,3.81502380532534,18.12,3122.6666666666665,5299.333333333333,14423.333333333334,11377.333333333334,4880.666666666665,1590.5438622614724,-2.4492935982947064e-16,1.0
Cavite,2015-01-01,6847.333333333333,1700.0,4.0278431372549015,2015,1,15.613333333333332,4004.0,1680.0,4.048784548784549,3.7023809523809526,16.52333333333333,16211.333333333334,3122.6666666666665,6220.0,6297.333333333333,8211.11111111111,7013.354129669203,1.0,6.123233995736766e-17
Cavite,2015-04-01,5688.666666666667,1353.3333333333333,4.203448275862069,2015,2,14.200000000000001,1700.0,1278.6666666666667,4.0278431372549015,4.144421272158498,15.613333333333332,6847.333333333333,16211.333333333334,5299.333333333333,4571.333333333333,8727.11111111111,6743.772842270717,1.2246467991473532e-16,-1.0
Cavite,2015-07-01,3130.0,855.3333333333334,3.6593920498830865,2015,3,14.203333333333333,1353.3333333333333,892.6666666666666,4.203448275862069,3.4981329350261388,14.200000000000001,5688.666666666667,6847.333333333333,3122.6666666666665,2826.0,9582.444444444443,5769.943937079195,-1.0,-1.8369701987210297e-16
Cavite,2015-10-01,12574.666666666666,3847.3333333333335,3.2684110206203427,2015,4,13.74,855.3333333333334,4004.0,3.6593920498830865,4.048784548784549,14.203333333333333,3130.0,5688.666666666667,16211.333333333334,14423.333333333334,5221.999999999998,1902.0975556240396,-2.4492935982947064e-16,1.0
Cavite,2016-01-01,6110.0,1666.6666666666667,3.666,2016,1,14.579999999999998,3847.3333333333335,1700.0,3.2684110206203427,4.0278431372549015,13.74,12574.666666666666,3130.0,6847.333333333333,6220.0,7131.1111111111095,4884.763719218409,1.0,6.123233995736766e-17
Cavite,2016-04-01,5520.666666666667,1273.3333333333333,4.335602094240838,2016,2,14.413333333333334,1666.6666666666667,1353.3333333333333,3.666,4.203448275862069,14.579999999999998,6110.0,12574.666666666666,5688.666666666667,5299.333333333333,7271.555555555554,4828.285471323384,1.2246467991473532e-16,-1.0
Cavite,2016-07-01,3013.3333333333335,930.6666666666666,3.2378223495702008,2016,3,14.523333333333333,1273.3333333333333,855.3333333333334,4.335602094240838,3.6593920498830865,14.413333333333334,5520.666666666667,6110.0,3130.0,3122.6666666666665,8068.4444444444425,3913.6118204902964,-1.0,-1.8369701987210297e-16
Cavite,2016-10-01,9120.0,3177.3333333333335,2.870331514897188,2016,4,14.143333333333333,930.6666666666666,3847.3333333333335,3.2378223495702008,3.2684110206203427,14.523333333333333,3013.3333333333335,5520.666666666667,12574.666666666666,16211.333333333334,4881.333333333331,1644.3528953494983,-2.4492935982947064e-16,1.0
Cavite,2017-01-01,5802.0,1600.0,3.62625,2017,1,16.136666666666667,3177.3333333333335,1666.6666666666667,2.870331514897188,3.666,14.143333333333333,9120.0,3013.3333333333335,6110.0,6847.333333333333,5884.666666666664,3069.562907718996,1.0,6.123233995736766e-17
Cavite,2017-04-01,5454.0,1233.3333333333333,4.422162162162162,2017,2,16.86,1600.0,1273.3333333333333,3.62625,4.335602094240838,16.136666666666667,5802.0,9120.0,5520.666666666667,5688.666666666667,5978.4444444444425,3057.154547275257,1.2246467991473532e-16,-1.0
Cavite,2017-07-01,2844.6666666666665,880.0,3.2325757575757574,2017,3,16.25,1233.3333333333333,930.6666666666666,4.422162162162162,3.2378223495702008,16.86,5454.0,5802.0,3013.3333333333335,3130.0,6791.999999999997,2023.6017394734258,-1.0,-1.8369701987210297e-16
Cavite,2017-10-01,9054.0,2950.0,3.069152542372881,2017,4,14.836666666666666,880.0,3177.3333333333335,3.2325757575757574,2.870331514897188,16.25,2844.6666666666665,5454.0,9120.0,12574.666666666666,4700.22222222222,1616.3510803085587,-2.4492935982947064e-16,1.0
Cavite,2018-01-01,5539.333333333333,1716.6666666666667,3.226796116504854,2018,1,17.7,2950.0,1600.0,3.069152542372881,3.62625,14.836666666666666,9054.0,2844.6666666666665,5802.0,6110.0,5784.22222222222,3117.81015267896,1.0,6.123233995736766e-17
Cavite,2018-04-01,5672.0,1315.3333333333333,4.312214901165738,2018,2,19.63,1716.6666666666667,1233.3333333333333,3.226796116504854,4.422162162162162,17.7,5539.333333333333,9054.0,5454.0,5520.666666666667,5812.666666666664,3113.6776397765225,1.2246467991473532e-16,-1.0
Cavite,2018-07-01,3421.146666666666,1060.6666666666667,3.22546825895663,2018,3,19.063333333333333,1315.3333333333333,880.0,4.312214901165738,3.2325757575757574,19.63,5672.0,5539.333333333333,2844.6666666666665,3013.3333333333335,6755.1111111111095,1992.000929644255,-1.0,-1.8369701987210297e-16
Cavite,2018-10-01,10060.0,2786.0,3.6109117013639627,2018,4,17.4,1060.6666666666667,2950.0,3.22546825895663,3.069152542372881,19.063333333333333,3421.146666666666,5672.0,9054.0,9120.0,4877.493333333331,1262.976373984992,-2.4492935982947064e-16,1.0
Cavite,2019-01-01,3849.3333333333335,1102.0,3.4930429522081066,2019,1,16.596666666666668,2786.0,1716.6666666666667,3.6109117013639627,3.226796116504854,17.4,10060.0,3421.146666666666,5539.333333333333,5802.0,6384.38222222222,3376.2715705762394,1.0,6.123233995736766e-17
Cavite,2019-04-01,4351.12,1150.6666666666667,3.7813904982618767,2019,2,13.67,1102.0,1315.3333333333333,3.4930429522081066,4.312214901165738,16.596666666666668,3849.3333333333335,10060.0,5672.0,5454.0,5776.826666666664,3715.5102352047106,1.2246467991473532e-16,-1.0
Cavite,2019-07-01,3079.3866666666668,844.6666666666666,3.6456827150749804,2019,3,12.43,1150.6666666666667,1060.6666666666667,3.7813904982618767,3.22546825895663,13.67,4351.12,3849.3333333333335,3421.146666666666,2844.6666666666665,6086.8177777777755,3450.0116221468015,-1.0,-1.8369701987210297e-16
Cavite,2019-10-01,8716.566666666668,2306.0,3.779950852847644,2019,4,13.583333333333334,844.6666666666666,2786.0,3.6456827150749804,3.6109117013639627,12.43,3079.3866666666668,4351.12,10060.0,9054.0,3759.946666666665,640.5613943338464,-2.4492935982947064e-16,1.0
Cavite,2020-01-01,3647.02,1081.26,3.3729352792112905,2020,1,13.803333333333335,2306.0,1102.0,3.779950852847644,3.4930429522081066,13.583333333333334,8716.566666666668,3079.3866666666668,3849.3333333333335,5539.333333333333,5382.357777777776,2956.693779179184,1.0,6.123233995736766e-17
Cavite,2020-04-01,3886.0466666666666,994.0,3.909503688799463,2020,2,15.030000000000001,1081.26,1150.6666666666667,3.3729352792112905,3.7813904982618767,13.803333333333335,3647.02,8716.566666666668,4351.12,5672.0,5147.657777777777,3103.7694652100395,1.2246467991473532e-16,-1.0
Cavite,2020-07-01,3677.3333333333335,958.7666666666668,3.83548308590898,2020,3,12.973333333333334,994.0,844.6666666666666,3.909503688799463,3.6456827150749804,15.030000000000001,3886.0466666666666,3647.02,3079.3866666666668,3421.146666666666,5416.544444444443,2860.4009224608117,-1.0,-1.8369701987210297e-16
Cavite,2020-10-01,5207.333333333333,1886.0600000000002,2.7609584707450097,2020,4,12.693333333333333,958.7666666666668,2306.0,3.83548308590898,3.779950852847644,12.973333333333334,3677.3333333333335,3886.0466666666666,8716.566666666668,10060.0,3736.799999999998,130.13704383297502,-2.4492935982947064e-16,1.0
Cavite,2021-01-01,4871.96,1391.72,3.500675423217314,2021,1,15.823333333333332,1886.0600000000002,1081.26,2.7609584707450097,3.3729352792112905,12.693333333333333,5207.333333333333,3677.3333333333335,3647.02,3849.3333333333335,4256.904444444443,829.6846500348927,1.0,6.123233995736766e-17
Cavite,2021-04-01,3642.48,882.0,4.129795918367347,2021,2,15.846666666666666,1391.72,994.0,3.500675423217314,3.909503688799463,15.823333333333332,4871.96,5207.333333333333,3886.0466666666666,4351.12,4585.54222222222,804.2085286604441,1.2246467991473532e-16,-1.0
Cavite,2021-07-01,3647.866666666667,908.0,4.017474302496329,2021,3,13.176666666666668,882.0,958.7666666666668,4.129795918367347,3.83548308590898,15.846666666666666,3642.48,4871.96,3677.3333333333335,3079.3866666666668,4573.924444444443,823.89949811395,-1.0,-1.8369701987210297e-16
Cavite,2021-10-01,6390.133333333334,1828.1933333333334,3.4953268983222054,2021,4,13.6,908.0,1886.0600000000002,4.017474302496329,2.7609584707450097,13.176666666666668,3647.866666666667,3642.48,5207.333333333333,8716.566666666668,4054.1022222222205,708.2907330665595,-2.4492935982947064e-16,1.0
Cavite,2022-01-01,4408.666666666667,1155.3333333333333,3.8159261396422393,2022,1,14.986666666666666,1828.1933333333334,1391.72,3.4953268983222054,3.500675423217314,13.6,6390.133333333334,3647.866666666667,4871.96,3647.02,4560.159999999999,1584.8056835390275,1.0,6.123233995736766e-17
Cavite,2022-04-01,3561.4466666666667,789.6066666666667,4.510406024940687,2022,2,14.563333333333333,1155.3333333333333,882.0,3.8159261396422393,4.129795918367347,14.986666666666666,4408.666666666667,6390.133333333334,3642.48,3886.0466666666666,4815.555555555554,1415.689070277628,1.2246467991473532e-16,-1.0
Cavite,2022-07-01,3215.5333333333333,854.6666666666666,3.7623244929797193,2022,3,14.216666666666667,789.6066666666667,908.0,4.510406024940687,4.017474302496329,14.563333333333333,3561.4466666666667,4408.666666666667,3647.866666666667,3677.3333333333335,4786.748888888887,1451.7495271618468,-1.0,-1.8369701987210297e-16
Cavite,2022-10-01,4290.206666666666,1324.0,3.2403373615307145,2022,4,14.766666666666666,854.6666666666666,1828.1933333333334,3.7623244929797193,3.4953268983222054,14.216666666666667,3215.5333333333333,3561.4466666666667,6390.133333333334,5207.333333333333,3728.5488888888867,613.868188034935,-2.4492935982947064e-16,1.0
Cavite,2023-01-01,3901.3866666666668,1005.3333333333334,3.880689655172414,2023,1,16.16,1324.0,1155.3333333333333,3.2403373615307145,3.8159261396422393,14.766666666666666,4290.206666666666,3215.5333333333333,4408.666666666667,4871.96,3689.0622222222205,548.584533922595,1.0,6.123233995736766e-17
Cavite,2023-04-01,3306.8933333333334,766.0,4.317093124456049,2023,2,17.386666666666667,1005.3333333333334,789.6066666666667,3.880689655172414,4.510406024940687,16.16,3901.3866666666668,4290.206666666666,3561.4466666666667,3642.48,3802.375555555553,544.1351793781124,1.2246467991473532e-16,-1.0
Cavite,2023-07-01,2799.5533333333333,796.6666666666666,3.5140836820083683,2023,3,18.49,766.0,854.6666666666666,4.317093124456049,3.7623244929797193,17.386666666666667,3306.8933333333334,3901.3866666666668,3215.5333333333333,3647.866666666667,3832.828888888887,495.2286386589149,-1.0,-1.8369701987210297e-16
Cavite,2023-10-01,3973.2333333333336,1065.5600000000002,3.728774853910932,2023,4,20.33,796.6666666666666,1324.0,3.5140836820083683,3.2403373615307145,18.49,2799.5533333333333,3306.8933333333334,4290.206666666666,6390.133333333334,3335.944444444442,551.4908420848983,-2.4492935982947064e-16,1.0
Cavite,2024-01-01,3024.4,784.6666666666666,3.8543755310110455,2024,1,23.213333333333335,1065.5600000000002,1005.3333333333334,3.728774853910932,3.880689655172414,20.33,3973.2333333333336,2799.5533333333333,3901.3866666666668,4408.666666666667,3359.893333333331,588.632258375131,1.0,6.123233995736766e-17
Cavite,2024-04-01,2682.7000000000003,775.4466666666667,3.4595544933242777,2024,2,21.429999999999996,784.6666666666666,766.0,3.8543755310110455,4.317093124456049,23.213333333333335,3024.4,3973.2333333333336,3306.8933333333334,3561.4466666666667,3265.728888888887,622.9453507805198,1.2246467991473532e-16,-1.0
Cavite,2024-07-01,2211.6066666666666,655.7533333333333,3.3726197858951026,2024,3,16.416666666666668,775.4466666666667,796.6666666666666,3.4595544933242777,3.5140836820083683,21.429999999999996,2682.7000000000003,3024.4,2799.5533333333333,3215.5333333333333,3226.7777777777756,668.645380463082,-1.0,-1.8369701987210297e-16
Cavite,2024-10-01,2389.32,777.0866666666667,3.07471496100821,2024,4,16.55333333333333,655.7533333333333,1065.5600000000002,3.3726197858951026,3.728774853910932,16.416666666666668,2211.6066666666666,2682.7000000000003,3973.2333333333336,4290.206666666666,2639.5688888888867,408.1096301691905,-2.4492935982947064e-16,1.0
Cavite,2025-01-01,3530.706666666667,902.1933333333333,3.913470135743263,2025,1,18.186666666666667,777.0866666666667,784.6666666666666,3.07471496100821,3.8543755310110455,16.55333333333333,2389.32,2211.6066666666666,3024.4,3901.3866666666668,2427.8755555555535,237.90151392061202,1.0,6.123233995736766e-17
Cavite,2025-04-01,4658.293333333333,1064.7133333333334,4.375162015440775,2025,2,13.783333333333333,902.1933333333333,775.4466666666667,3.913470135743263,3.4595544933242777,18.186666666666667,3530.706666666667,2389.32,2682.7000000000003,3306.8933333333334,2710.5444444444424,715.8177563327687,1.2246467991473532e-16,-1.0
Cavite,2025-07-01,2080.4733333333334,648.46,3.20832947804542,2025,3,10.83,1064.7133333333334,655.7533333333333,4.375162015440775,3.3726197858951026,13.783333333333333,4658.293333333333,3530.706666666667,2211.6066666666666,2799.5533333333333,3526.1066666666648,1134.4936609978274,-1.0,-1.8369701987210297e-16
Cavite,2025-10-01,2508.38,790.5133333333333,3.173102709631716,2025,4,13.173333333333334,648.46,777.0866666666667,3.20832947804542,3.07471496100821,10.83,2080.4733333333334,4658.293333333333,2389.32,3973.2333333333336,3423.157777777776,1292.2708929345015,-2.4492935982947064e-16,1.0
Cavite,2026-01-01,2252.4333333333334,519.3333333333334,4.337163029525032,2026,1,22.103333333333335,790.5133333333333,902.1933333333333,3.173102709631716,3.913470135743263,13.173333333333334,2508.38,2080.4733333333334,3530.706666666667,3024.4,3082.38222222222,1381.4477555944122,1.0,6.123233995736766e-17
Cavite,2026-04-01,3812.4,913.3333333333334,4.174160583941606,2026,2,19.976666666666667,519.3333333333334,1064.7133333333334,4.337163029525032,4.375162015440775,22.103333333333335,2252.4333333333334,2508.38,4658.293333333333,2682.7000000000003,2280.428888888887,215.32264672435474,1.2246467991473532e-16,-1.0
Cavite,2026-07-01,,,,2026,3,20.52,913.3333333333334,648.46,4.174160583941606,3.20832947804542,19.976666666666667,3812.4,2252.4333333333334,2080.4733333333334,2211.6066666666666,2857.737777777776,836.6075202554343,-1.0,-1.8369701987210297e-16
Cavite,2026-10-01,,,,2026,4,,,790.5133333333333,,3.173102709631716,20.52,,3812.4,2508.38,2389.32,3032.416666666664,1103.063008424795,-2.4492935982947064e-16,1.0
Laguna,1987-01-01,32735.333333333332,8513.333333333334,3.845184025058731,1987,1,,,,,,,,,,,,,1.0,6.123233995736766e-17
Laguna,1987-04-01,19201.333333333332,4600.0,4.174202898550725,1987,2,,8513.333333333334,,3.845184025058731,,,32735.333333333332,,,,,,1.2246467991473532e-16,-1.0
Laguna,1987-07-01,5819.333333333333,2206.6666666666665,2.6371601208459214,1987,3,,4600.0,,4.174202898550725,,,19201.333333333332,32735.333333333332,,,25968.333333333332,9569.983176578735,-1.0,-1.8369701987210297e-16
Laguna,1987-10-01,27607.333333333332,9826.666666666666,2.8094301221166895,1987,4,,2206.6666666666665,,2.6371601208459214,,,5819.333333333333,19201.333333333332,,,19252.0,13458.071530993337,-2.4492935982947064e-16,1.0
Laguna,1988-01-01,20821.333333333332,4893.333333333333,4.255040871934605,1988,1,,9826.666666666666,8513.333333333334,2.8094301221166895,3.845184025058731,,27607.333333333332,5819.333333333333,32735.333333333332,,17542.666666666668,10988.29455981834,1.0,6.123233995736766e-17
Laguna,1988-04-01,24895.333333333332,7586.666666666667,3.281458699472759,1988,2,,4893.333333333333,4600.0,4.255040871934605,4.174202898550725,,20821.333333333332,27607.333333333332,19201.333333333332,,18082.666666666668,11149.190882451216,1.2246467991473532e-16,-1.0
Laguna,1988-07-01,11468.666666666666,3366.6666666666665,3.4065346534653465,1988,3,,7586.666666666667,2206.6666666666665,3.281458699472759,2.6371601208459214,,24895.333333333332,20821.333333333332,5819.333333333333,,24441.333333333332,3415.704319756023,-1.0,-1.8369701987210297e-16
Laguna,1988-10-01,21904.666666666668,6720.0,3.259623015873016,1988,4,,3366.6666666666665,9826.666666666666,3.4065346534653465,2.8094301221166895,,11468.666666666666,24895.333333333332,27607.333333333332,,19061.777777777777,6884.102792612794,-2.4492935982947064e-16,1.0
Laguna,1989-01-01,9563.333333333334,2640.0,3.622474747474748,1989,1,,6720.0,4893.333333333333,3.259623015873016,4.255040871934605,,21904.666666666668,11468.666666666666,20821.333333333332,32735.333333333332,19422.888888888887,7048.9900090827305,1.0,6.123233995736766e-17
Laguna,1989-04-01,38873.333333333336,10620.0,3.6603892027620843,1989,2,,2640.0,7586.666666666667,3.622474747474748,3.281458699472759,,9563.333333333334,21904.666666666668,24895.333333333332,19201.333333333332,14312.22222222222,6643.905723236849,1.2246467991473532e-16,-1.0
Laguna,1989-07-01,7352.666666666667,2626.6666666666665,2.799238578680203,1989,3,,10620.0,3366.6666666666665,3.6603892027620843,3.4065346534653465,,38873.333333333336,9563.333333333334,11468.666666666666,5819.333333333333,23447.111111111113,14715.752653131545,-1.0,-1.8369701987210297e-16
Laguna,1989-10-01,28828.0,7106.666666666667,4.056472795497186,1989,4,,2626.6666666666665,6720.0,2.799238578680203,3.259623015873016,,7352.666666666667,38873.333333333336,21904.666666666668,27607.333333333332,18596.444444444445,17595.05410724949,-2.4492935982947064e-16,1.0
Laguna,1990-01-01,19172.0,5046.666666666667,3.7989431968295904,1990,1,,7106.666666666667,2640.0,4.056472795497186,3.622474747474748,,28828.0,7352.666666666667,9563.333333333334,20821.333333333332,25018.0,16102.024151571062,1.0,6.123233995736766e-17
Laguna,1990-04-01,25184.666666666668,7266.666666666667,3.4657798165137614,1990,2,,5046.666666666667,10620.0,3.7989431968295904,3.6603892027620843,,19172.0,28828.0,38873.333333333336,24895.333333333332,18450.88888888889,10755.811748555776,1.2246467991473532e-16,-1.0
Laguna,1990-07-01,7481.333333333333,2413.3333333333335,3.0999999999999996,1990,3,,7266.666666666667,2626.6666666666665,3.4657798165137614,2.799238578680203,,25184.666666666668,19172.0,7352.666666666667,11468.666666666666,24394.88888888889,4876.207102216202,-1.0,-1.8369701987210297e-16
Laguna,1990-10-01,21170.0,5280.0,4.009469696969697,1990,4,,2413.3333333333335,7106.666666666667,3.0999999999999996,4.056472795497186,,7481.333333333333,25184.666666666668,28828.0,21904.666666666668,17279.333333333336,9002.146583516138,-2.4492935982947064e-16,1.0
Laguna,1991-01-01,16312.666666666666,4220.0,3.865560821484992,1991,1,,5280.0,5046.666666666667,4.009469696969697,3.7989431968295904,,21170.0,7481.333333333333,19172.0,9563.333333333334,17945.333333333332,9281.748709758915,1.0,6.123233995736766e-17
Laguna,1991-04-01,34326.0,9340.0,3.6751605995717345,1991,2,,4220.0,7266.666666666667,3.865560821484992,3.4657798165137614,,16312.666666666666,21170.0,25184.666666666668,38873.333333333336,14988.0,6939.809443429359,1.2246467991473532e-16,-1.0
Laguna,1991-07-01,4903.333333333333,1700.0,2.884313725490196,1991,3,,9340.0,2413.3333333333335,3.6751605995717345,3.0999999999999996,,34326.0,16312.666666666666,7481.333333333333,7352.666666666667,23936.22222222222,9319.819391033363,-1.0,-1.8369701987210297e-16
Laguna,1991-10-01,27626.666666666668,5806.666666666667,4.7577497129735935,1991,4,,1700.0,5280.0,2.884313725490196,4.009469696969697,,4903.333333333333,34326.0,21170.0,28828.0,18514.0,14834.342916953818,-2.4492935982947064e-16,1.0
Laguna,1992-01-01,9986.666666666666,2606.6666666666665,3.8312020460358056,1992,1,,5806.666666666667,4220.0,4.7577497129735935,3.865560821484992,,27626.666666666668,4903.333333333333,16312.666666666666,19172.0,22285.333333333332,15421.436696293176,1.0,6.123233995736766e-17
Laguna,1992-04-01,38266.666666666664,10300.0,3.715210355987055,1992,2,,2606.6666666666665,9340.0,3.8312020460358056,3.6751605995717345,,9986.666666666666,27626.666666666668,34326.0,25184.666666666668,14172.22222222222,11925.880509460347,1.2246467991473532e-16,-1.0
Laguna,1992-07-01,8242.666666666666,2460.0,3.3506775067750674,1992,3,,10300.0,1700.0,3.715210355987055,2.884313725490196,,38266.666666666664,9986.666666666666,4903.333333333333,7481.333333333333,25293.333333333332,14283.659661772022,-1.0,-1.8369701987210297e-16
Laguna,1992-10-01,31906.666666666668,6460.0,4.939112487100103,1992,4,,2460.0,5806.666666666667,3.3506775067750674,4.7577497129735935,,8242.666666666666,38266.666666666664,27626.666666666668,21170.0,18831.999999999996,16853.48881784817,-2.4492935982947064e-16,1.0
Laguna,1993-01-01,9706.666666666666,2360.0,4.112994350282485,1993,1,,6460.0,2606.6666666666665,4.939112487100103,3.8312020460358056,,31906.666666666668,8242.666666666666,9986.666666666666,16312.666666666666,26138.666666666668,15821.267711533103,1.0,6.123233995736766e-17
Laguna,1993-04-01,44253.333333333336,10200.0,4.3385620915032685,1993,2,,2360.0,10300.0,4.112994350282485,3.715210355987055,,9706.666666666666,31906.666666666668,38266.666666666664,34326.0,16618.666666666668,13260.01628958276,1.2246467991473532e-16,-1.0
Laguna,1993-07-01,6712.666666666667,1733.3333333333333,3.872692307692308,1993,3,,10200.0,2460.0,4.3385620915032685,3.3506775067750674,,44253.333333333336,9706.666666666666,8242.666666666666,4903.333333333333,28622.222222222223,17505.962582101158,-1.0,-1.8369701987210297e-16
Laguna,1993-10-01,27953.333333333332,7893.333333333333,3.541385135135135,1993,4,,1733.3333333333333,6460.0,3.872692307692308,4.939112487100103,,6712.666666666667,44253.333333333336,31906.666666666668,27626.666666666668,20224.222222222223,20863.59615676532,-2.4492935982947064e-16,1.0
Laguna,1994-01-01,4066.6666666666665,1300.0,3.128205128205128,1994,1,,7893.333333333333,2360.0,3.541385135135135,4.112994350282485,,27953.333333333332,6712.666666666667,9706.666666666666,9986.666666666666,26306.44444444445,18824.441444667187,1.0,6.123233995736766e-17
Laguna,1994-04-01,37902.0,8900.0,4.258651685393258,1994,2,,1300.0,10200.0,3.128205128205128,4.3385620915032685,,4066.6666666666665,27953.333333333332,44253.333333333336,38266.666666666664,12910.888888888889,13094.146789621243,1.2246467991473532e-16,-1.0
Laguna,1994-07-01,6980.0,1926.6666666666667,3.6228373702422143,1994,3,,8900.0,1733.3333333333333,4.258651685393258,3.872692307692308,,37902.0,4066.6666666666665,6712.666666666667,8242.666666666666,23307.333333333332,17389.549518157288,-1.0,-1.8369701987210297e-16
Laguna,1994-10-01,24056.666666666668,7066.666666666667,3.404245283018868,1994,4,,1926.6666666666667,7893.333333333333,3.6228373702422143,3.541385135135135,,6980.0,37902.0,27953.333333333332,31906.666666666668,16316.222222222224,18750.499446187605,-2.4492935982947064e-16,1.0
Laguna,1995-01-01,5376.666666666667,1300.0,4.135897435897436,1995,1,,7066.666666666667,1300.0,3.404245283018868,3.128205128205128,,24056.666666666668,6980.0,4066.6666666666665,9706.666666666666,22979.55555555556,15489.113830663757,1.0,6.123233995736766e-17
Laguna,1995-04-01,37138.666666666664,9165.333333333334,4.052080302589467,1995,2,,1300.0,8900.0,4.135897435897436,4.258651685393258,,5376.666666666667,24056.666666666668,37902.0,44253.333333333336,12137.77777777778,10353.144628744636,1.2246467991473532e-16,-1.0
Laguna,1995-07-01,3616.6666666666665,1109.3333333333333,3.2602163461538463,1995,3,,9165.333333333334,1926.6666666666667,4.052080302589467,3.6228373702422143,,37138.666666666664,5376.666666666667,6980.0,6712.666666666667,22190.666666666668,15963.008112508118,-1.0,-1.8369701987210297e-16
Laguna,1995-10-01,17267.333333333332,7862.0,2.196302891545832,1995,4,,1109.3333333333333,7066.666666666667,3.2602163461538463,3.404245283018868,,3616.6666666666665,37138.666666666664,24056.666666666668,27953.333333333332,15377.33333333333,18866.401918048214,-2.4492935982947064e-16,1.0
Laguna,1996-01-01,2261.3333333333335,656.0,3.4471544715447155,1996,1,,7862.0,1300.0,2.196302891545832,4.135897435897436,,17267.333333333332,3616.6666666666665,5376.666666666667,4066.6666666666665,19340.888888888887,16856.922776161773,1.0,6.123233995736766e-17
Laguna,1996-04-01,40831.333333333336,10086.0,4.048317800251174,1996,2,,656.0,9165.333333333334,3.4471544715447155,4.052080302589467,,2261.3333333333335,17267.333333333332,37138.666666666664,37902.0,7715.11111111111,8300.177356427286,1.2246467991473532e-16,-1.0
Laguna,1996-07-01,8268.666666666666,2102.0,3.9337139232477005,1996,3,,10086.0,1109.3333333333333,4.048317800251174,3.2602163461538463,,40831.333333333336,2261.3333333333335,3616.6666666666665,6980.0,20120.0,19442.595128565874,-1.0,-1.8369701987210297e-16
Laguna,1996-10-01,28609.333333333332,7465.333333333333,3.8322914806215396,1996,4,,2102.0,7862.0,3.9337139232477005,2.196302891545832,,8268.666666666666,40831.333333333336,17267.333333333332,24056.666666666668,17120.444444444445,20752.751681894395,-2.4492935982947064e-16,1.0
Laguna,1997-01-01,7063.333333333333,1816.0,3.8895007342143906,1997,1,,7465.333333333333,656.0,3.8322914806215396,3.4471544715447155,,28609.333333333332,8268.666666666666,2261.3333333333335,5376.666666666667,25903.111111111113,16449.150256111963,1.0,6.123233995736766e-17
Laguna,1997-04-01,39529.333333333336,9244.666666666666,4.275906829162761,1997,2,,1816.0,10086.0,3.8895007342143906,4.048317800251174,,7063.333333333333,28609.333333333332,40831.333333333336,37138.666666666664,14647.111111111111,12106.648757940744,1.2246467991473532e-16,-1.0
Laguna,1997-07-01,5305.333333333333,1392.0,3.811302681992337,1997,3,,9244.666666666666,2102.0,4.275906829162761,3.9337139232477005,,39529.333333333336,7063.333333333333,8268.666666666666,3616.6666666666665,25067.333333333332,16520.27881120655,-1.0,-1.8369701987210297e-16
Laguna,1997-10-01,27262.666666666668,6948.0,3.9238150067165614,1997,4,,1392.0,7465.333333333333,3.811302681992337,3.8322914806215396,,5305.333333333333,39529.333333333336,28609.333333333332,17267.333333333332,17299.333333333336,19271.801057503682,-2.4492935982947064e-16,1.0
Laguna,1998-01-01,14634.0,3406.6666666666665,4.295694716242662,1998,1,,6948.0,1816.0,3.9238150067165614,3.8895007342143906,,27262.666666666668,5305.333333333333,7063.333333333333,2261.3333333333335,24032.44444444445,17339.154988167786,1.0,6.123233995736766e-17
Laguna,1998-04-01,40176.0,9300.0,4.32,1998,2,,3406.6666666666665,9244.666666666666,4.295694716242662,4.275906829162761,,14634.0,27262.666666666668,39529.333333333336,40831.333333333336,15734.0,11019.91931811562,1.2246467991473532e-16,-1.0
Laguna,1998-07-01,5378.666666666667,1513.3333333333333,3.554185022026432,1998,3,,9300.0,1392.0,4.32,3.811302681992337,,40176.0,14634.0,5305.333333333333,8268.666666666666,27357.55555555555,12771.26438243003,-1.0,-1.8369701987210297e-16
Laguna,1998-10-01,33016.666666666664,10333.333333333334,3.1951612903225803,1998,4,,1513.3333333333333,6948.0,3.554185022026432,3.9238150067165614,,5378.666666666667,40176.0,27262.666666666668,28609.333333333332,20062.888888888887,18022.7142157807,-2.4492935982947064e-16,1.0
Laguna,1999-01-01,32776.0,7354.0,4.456894207234158,1999,1,,10333.333333333334,3406.6666666666665,3.1951612903225803,4.295694716242662,,33016.666666666664,5378.666666666667,14634.0,7063.333333333333,26190.44444444444,18375.570308106035,1.0,6.123233995736766e-17
Laguna,1999-04-01,34374.666666666664,7774.0,4.4217477060286425,1999,2,,7354.0,9300.0,4.456894207234158,4.32,,32776.0,33016.666666666664,40176.0,39529.333333333336,23723.777777777777,15887.78796341298,1.2246467991473532e-16,-1.0
Laguna,1999-07-01,5394.666666666667,1424.6666666666667,3.786616752456715,1999,3,,7774.0,1513.3333333333333,4.4217477060286425,3.554185022026432,,34374.666666666664,32776.0,5378.666666666667,5305.333333333333,33389.1111111111,861.9570325288723,-1.0,-1.8369701987210297e-16
Laguna,1999-10-01,27502.0,6875.333333333333,4.000096964995636,1999,4,,1424.6666666666667,10333.333333333334,3.786616752456715,3.1951612903225803,,5394.666666666667,34374.666666666664,33016.666666666664,27262.666666666668,24181.777777777777,16289.73884700745,-2.4492935982947064e-16,1.0
Laguna,2000-01-01,25957.333333333332,5980.0,4.340691192865106,2000,1,,6875.333333333333,7354.0,4.000096964995636,4.456894207234158,,27502.0,5394.666666666667,32776.0,14634.0,22423.777777777777,15142.699749506479,1.0,6.123233995736766e-17
Laguna,2000-04-01,34225.333333333336,7780.0,4.399143101970866,2000,2,,5980.0,7774.0,4.340691192865106,4.4217477060286425,,25957.333333333332,27502.0,34374.666666666664,40176.0,19618.0,12341.95718316633,1.2246467991473532e-16,-1.0
Laguna,2000-07-01,4375.333333333333,1083.3333333333333,4.038769230769231,2000,3,,7780.0,1424.6666666666667,4.399143101970866,3.786616752456715,,34225.333333333336,25957.333333333332,5394.666666666667,5378.666666666667,29228.222222222223,4396.0025443999,-1.0,-1.8369701987210297e-16
Laguna,2000-10-01,23568.0,6520.666666666667,3.6143543604948367,2000,4,,1083.3333333333333,6875.333333333333,4.038769230769231,4.000096964995636,,4375.333333333333,34225.333333333336,27502.0,33016.666666666664,21519.333333333336,15411.927458952041,-2.4492935982947064e-16,1.0
Laguna,2001-01-01,14494.0,3454.6666666666665,4.19548436896951,2001,1,,6520.666666666667,5980.0,3.6143543604948367,4.340691192865106,,23568.0,4375.333333333333,25957.333333333332,32776.0,20722.88888888889,15127.016160694939,1.0,6.123233995736766e-17
Laguna,2001-04-01,29651.333333333332,6984.0,4.245609011072928,2001,2,,3454.6666666666665,7780.0,4.19548436896951,4.399143101970866,,14494.0,23568.0,34225.333333333336,34374.666666666664,14145.777777777776,9601.07064245865,1.2246467991473532e-16,-1.0
Laguna,2001-07-01,12119.333333333334,3086.6666666666665,3.9263498920086395,2001,3,,6984.0,1083.3333333333333,4.245609011072928,4.038769230769231,,29651.333333333332,14494.0,4375.333333333333,5394.666666666667,22571.11111111111,7627.68176034088,-1.0,-1.8369701987210297e-16
Laguna,2001-10-01,21510.666666666668,5284.0,4.070905879384305,2001,4,,3086.6666666666665,6520.666666666667,3.9263498920086395,3.6143543604948367,,12119.333333333334,29651.333333333332,23568.0,27502.0,18754.888888888887,9511.000819713583,-2.4492935982947064e-16,1.0
Laguna,2002-01-01,6716.666666666667,1584.0,4.240319865319866,2002,1,,5284.0,3454.6666666666665,4.070905879384305,4.19548436896951,,21510.666666666668,12119.333333333334,14494.0,25957.333333333332,21093.777777777777,8773.431669492797,1.0,6.123233995736766e-17
Laguna,2002-04-01,30876.666666666668,7152.0,4.31720730797912,2002,2,,1584.0,6984.0,4.240319865319866,4.245609011072928,,6716.666666666667,21510.666666666668,29651.333333333332,34225.333333333336,13448.888888888889,7486.080248132615,1.2246467991473532e-16,-1.0
Laguna,2002-07-01,7848.0,2156.0,3.640074211502783,2002,3,,7152.0,3086.6666666666665,4.31720730797912,3.9263498920086395,,30876.666666666668,6716.666666666667,12119.333333333334,4375.333333333333,19701.333333333332,12181.201309121085,-1.0,-1.8369701987210297e-16
Laguna,2002-10-01,19460.0,5056.666666666667,3.8483849703361894,2002,4,,2156.0,5284.0,3.640074211502783,4.070905879384305,,7848.0,30876.666666666668,21510.666666666668,23568.0,15147.111111111111,13633.934401311277,-2.4492935982947064e-16,1.0
Laguna,2003-01-01,9304.666666666666,2348.0,3.9628052243043723,2003,1,,5056.666666666667,1584.0,3.8483849703361894,4.240319865319866,,19460.0,7848.0,6716.666666666667,14494.0,19394.88888888889,11514.471403573141,1.0,6.123233995736766e-17
Laguna,2003-04-01,25462.666666666668,6080.0,4.187938596491228,2003,2,,2348.0,7152.0,3.9628052243043723,4.31720730797912,,9304.666666666666,19460.0,30876.666666666668,29651.333333333332,12204.22222222222,6325.757094199437,1.2246467991473532e-16,-1.0
Laguna,2003-07-01,8450.0,2166.6666666666665,3.9000000000000004,2003,3,,6080.0,2156.0,4.187938596491228,3.640074211502783,,25462.666666666668,9304.666666666666,7848.0,12119.333333333334,18075.777777777777,8167.453358934488,-1.0,-1.8369701987210297e-16
Laguna,2003-10-01,21853.333333333332,5330.666666666667,4.099549774887444,2003,4,,2166.6666666666665,5056.666666666667,3.9000000000000004,3.8483849703361894,,8450.0,25462.666666666668,19460.0,21510.666666666668,14405.77777777778,9585.077344690728,-2.4492935982947064e-16,1.0
Laguna,2004-01-01,10408.666666666666,2498.0,4.166800106752068,2004,1,,5330.666666666667,2348.0,4.099549774887444,3.9628052243043723,,21853.333333333332,8450.0,9304.666666666666,6716.666666666667,18588.666666666668,8963.885491856252,1.0,6.123233995736766e-17
Laguna,2004-04-01,29574.0,6593.333333333333,4.485439838220425,2004,2,,2498.0,6080.0,4.166800106752068,4.187938596491228,,10408.666666666666,21853.333333333332,25462.666666666668,30876.666666666668,13570.666666666666,7239.545504457502,1.2246467991473532e-16,-1.0
Laguna,2004-07-01,9744.0,2320.0,4.2,2004,3,,6593.333333333333,2166.6666666666665,4.485439838220425,3.9000000000000004,,29574.0,10408.666666666666,8450.0,7848.0,20612.0,9642.778737364957,-1.0,-1.8369701987210297e-16
Laguna,2004-10-01,22442.0,5400.0,4.155925925925926,2004,4,,2320.0,5330.666666666667,4.2,4.099549774887444,,9744.0,29574.0,21853.333333333332,19460.0,16575.55555555556,11261.887671519626,-2.4492935982947064e-16,1.0
Laguna,2005-01-01,12370.666666666666,2733.3333333333335,4.525853658536585,2005,1,,5400.0,2498.0,4.155925925925926,4.166800106752068,,22442.0,9744.0,10408.666666666666,9304.666666666666,20586.666666666668,10044.347730606169,1.0,6.123233995736766e-17
Laguna,2005-04-01,27446.666666666668,5986.666666666667,4.5846325167037865,2005,2,,2733.3333333333335,6593.333333333333,4.525853658536585,4.485439838220425,,12370.666666666666,22442.0,29574.0,25462.666666666668,14852.22222222222,6702.8642744338185,1.2246467991473532e-16,-1.0
Laguna,2005-07-01,9746.666666666666,2266.6666666666665,4.3,2005,3,,5986.666666666667,2320.0,4.5846325167037865,4.2,,27446.666666666668,12370.666666666666,9744.0,8450.0,20753.111111111113,7678.587321848937,-1.0,-1.8369701987210297e-16
Laguna,2005-10-01,22205.333333333332,5353.333333333333,4.147945205479452,2005,4,,2266.6666666666665,5400.0,4.3,4.155925925925926,,9746.666666666666,27446.666666666668,22442.0,21853.333333333332,16521.333333333332,9552.147681717088,-2.4492935982947064e-16,1.0
Laguna,2006-01-01,9866.666666666666,2160.0,4.567901234567901,2006,1,,5353.333333333333,2733.3333333333335,4.147945205479452,4.525853658536585,,22205.333333333332,9746.666666666666,12370.666666666666,10408.666666666666,19799.55555555556,9091.937364337535,1.0,6.123233995736766e-17
Laguna,2006-04-01,28372.666666666668,6160.0,4.605952380952381,2006,2,,2160.0,5986.666666666667,4.567901234567901,4.5846325167037865,,9866.666666666666,22205.333333333332,27446.666666666668,29574.0,13939.555555555555,7158.624986944309,1.2246467991473532e-16,-1.0
Laguna,2006-07-01,10784.0,2493.3333333333335,4.325133689839572,2006,3,,6160.0,2266.6666666666665,4.605952380952381,4.3,,28372.666666666668,9866.666666666666,9746.666666666666,9744.0,20148.222222222223,9422.939487898271,-1.0,-1.8369701987210297e-16
Laguna,2006-10-01,22102.0,5366.666666666667,4.118385093167702,2006,4,,2493.3333333333335,5353.333333333333,4.325133689839572,4.147945205479452,,10784.0,28372.666666666668,22205.333333333332,22442.0,16341.111111111111,10429.723003317285,-2.4492935982947064e-16,1.0
Laguna,2007-01-01,13770.0,3106.6666666666665,4.432403433476395,2007,1,,5366.666666666667,2160.0,4.118385093167702,4.567901234567901,,22102.0,10784.0,9866.666666666666,12370.666666666666,20419.55555555556,8914.216917893527,1.0,6.123233995736766e-17
Laguna,2007-04-01,29379.333333333332,6640.0,4.424598393574297,2007,2,,3106.6666666666665,6160.0,4.432403433476395,4.605952380952381,,13770.0,22102.0,28372.666666666668,27446.666666666668,15552.0,5865.656314514153,1.2246467991473532e-16,-1.0
Laguna,2007-07-01,10922.666666666666,2440.0,4.476502732240437,2007,3,,6640.0,2493.3333333333335,4.424598393574297,4.325133689839572,,29379.333333333332,13770.0,10784.0,9746.666666666666,21750.44444444444,7810.602746219989,-1.0,-1.8369701987210297e-16
Laguna,2007-10-01,29027.333333333332,6533.333333333333,4.442959183673469,2007,4,,2440.0,5366.666666666667,4.476502732240437,4.118385093167702,,10922.666666666666,29379.333333333332,22102.0,22205.333333333332,18024.0,9936.524699869213,-2.4492935982947064e-16,1.0
Laguna,2008-01-01,14601.333333333334,3128.0,4.667945439045184,2008,1,,6533.333333333333,3106.6666666666665,4.442959183673469,4.432403433476395,,29027.333333333332,10922.666666666666,13770.0,9866.666666666666,23109.777777777777,10555.815171076367,1.0,6.123233995736766e-17
Laguna,2008-04-01,36153.333333333336,7853.333333333333,4.603565365025467,2008,2,,3128.0,6640.0,4.667945439045184,4.424598393574297,,14601.333333333334,29027.333333333332,29379.333333333332,28372.666666666668,18183.777777777777,9569.230372706352,1.2246467991473532e-16,-1.0
Laguna,2008-07-01,11626.666666666666,2582.6666666666665,4.5018069179143,2008,3,,7853.333333333333,2440.0,4.603565365025467,4.476502732240437,,36153.333333333336,14601.333333333334,10922.666666666666,10784.0,26594.0,10980.11882145788,-1.0,-1.8369701987210297e-16
Laguna,2008-10-01,29457.333333333332,6468.666666666667,4.553849324951046,2008,4,,2582.6666666666665,6533.333333333333,4.5018069179143,4.442959183673469,,11626.666666666666,36153.333333333336,29027.333333333332,22102.0,20793.777777777777,13384.6598982788,-2.4492935982947064e-16,1.0
Laguna,2009-01-01,15868.0,3449.3333333333335,4.600309238500193,2009,1,,6468.666666666667,3128.0,4.553849324951046,4.667945439045184,,29457.333333333332,11626.666666666666,14601.333333333334,13770.0,25745.77777777778,12677.581706537181,1.0,6.123233995736766e-17
Laguna,2009-04-01,37438.666666666664,7946.0,4.711636882288782,2009,2,,3449.3333333333335,7853.333333333333,4.600309238500193,4.603565365025467,,15868.0,29457.333333333332,36153.333333333336,29379.333333333332,18984.0,9314.787192654721,1.2246467991473532e-16,-1.0
Laguna,2009-07-01,11205.333333333334,2879.3333333333335,3.8916415836999305,2009,3,,7946.0,2582.6666666666665,4.711636882288782,4.5018069179143,,37438.666666666664,15868.0,11626.666666666666,10922.666666666666,27588.0,10906.155163229829,-1.0,-1.8369701987210297e-16
Laguna,2009-10-01,9530.0,2600.6666666666665,3.6644450140989493,2009,4,,2879.3333333333335,6468.666666666667,3.8916415836999305,4.553849324951046,,11205.333333333334,37438.666666666664,29457.333333333332,29027.333333333332,21504.0,13995.367678072787,-2.4492935982947064e-16,1.0
Laguna,2010-01-01,6309.333333333333,2013.3333333333333,3.133774834437086,2010,1,15.576666666666668,2600.6666666666665,3449.3333333333335,3.6644450140989493,4.600309238500193,,9530.0,11205.333333333334,15868.0,14601.333333333334,19391.333333333332,15651.8805827855,1.0,6.123233995736766e-17
Laguna,2010-04-01,30603.333333333332,6273.333333333333,4.878320935175346,2010,2,14.233333333333334,2013.3333333333333,7946.0,3.133774834437086,4.711636882288782,15.576666666666668,6309.333333333333,9530.0,37438.666666666664,36153.333333333336,9014.888888888889,2488.31440790596,1.2246467991473532e-16,-1.0
Laguna,2010-07-01,12092.666666666666,2680.6666666666665,4.511066898781397,2010,3,14.726666666666667,6273.333333333333,2879.3333333333335,4.878320935175346,3.8916415836999305,14.233333333333334,30603.333333333332,6309.333333333333,11205.333333333334,11626.666666666666,15480.888888888889,13195.052782233417,-1.0,-1.8369701987210297e-16
Laguna,2010-10-01,33079.333333333336,7791.333333333333,4.245657568238214,2010,4,12.486666666666666,2680.6666666666665,2600.6666666666665,4.511066898781397,3.6644450140989493,14.726666666666667,12092.666666666666,30603.333333333332,9530.0,29457.333333333332,16335.111111111111,12690.483054168903,-2.4492935982947064e-16,1.0
Laguna,2011-01-01,13022.0,3553.3333333333335,3.664727954971857,2011,1,13.973333333333334,7791.333333333333,2013.3333333333333,4.245657568238214,3.133774834437086,12.486666666666666,33079.333333333336,12092.666666666666,6309.333333333333,15868.0,25258.44444444445,11468.91112400696,1.0,6.123233995736766e-17
Laguna,2011-04-01,31565.333333333332,6608.0,4.77683615819209,2011,2,14.229999999999999,3553.3333333333335,6273.333333333333,3.664727954971857,4.878320935175346,13.973333333333334,13022.0,33079.333333333336,30603.333333333332,37438.666666666664,19398.000000000004,11857.490309692203,1.2246467991473532e-16,-1.0
Laguna,2011-07-01,11557.333333333334,2893.3333333333335,3.994470046082949,2011,3,14.373333333333333,6608.0,2680.6666666666665,4.77683615819209,4.511066898781397,14.229999999999999,31565.333333333332,13022.0,12092.666666666666,11205.333333333334,25888.88888888889,11168.736332247237,-1.0,-1.8369701987210297e-16
Laguna,2011-10-01,27927.333333333332,7393.333333333333,3.7773669972948603,2011,4,13.793333333333331,2893.3333333333335,7791.333333333333,3.994470046082949,4.245657568238214,14.373333333333333,11557.333333333334,31565.333333333332,33079.333333333336,9530.0,18714.88888888889,11152.88096977305,-2.4492935982947064e-16,1.0
Laguna,2012-01-01,14276.0,3293.3333333333335,4.334817813765182,2012,1,14.47,7393.333333333333,3553.3333333333335,3.7773669972948603,3.664727954971857,13.793333333333331,27927.333333333332,11557.333333333334,13022.0,6309.333333333333,23683.333333333332,10657.798459344223,1.0,6.123233995736766e-17
Laguna,2012-04-01,34496.666666666664,7457.333333333333,4.625871625245843,2012,2,15.160000000000002,3293.3333333333335,6608.0,4.334817813765182,4.77683615819209,14.47,14276.0,27927.333333333332,31565.333333333332,30603.333333333332,17920.222222222226,8772.370928301174,1.2246467991473532e-16,-1.0
Laguna,2012-07-01,11867.333333333334,2951.3333333333335,4.021007454257963,2012,3,14.74,7457.333333333333,2893.3333333333335,4.625871625245843,3.994470046082949,15.160000000000002,34496.666666666664,14276.0,11557.333333333334,12092.666666666666,25566.666666666668,10314.960031160792,-1.0,-1.8369701987210297e-16
Laguna,2012-10-01,19995.333333333332,6228.0,3.210554485120959,2012,4,14.433333333333332,2951.3333333333335,7393.333333333333,4.021007454257963,3.7773669972948603,14.74,11867.333333333334,34496.666666666664,27927.333333333332,33079.333333333336,20213.333333333336,12428.218983873398,-2.4492935982947064e-16,1.0
Laguna,2013-01-01,14619.333333333334,3182.0,4.594385082757176,2013,1,14.659999999999998,6228.0,3293.3333333333335,3.210554485120959,4.334817813765182,14.433333333333332,19995.333333333332,11867.333333333334,14276.0,13022.0,22119.77777777778,11463.273089564167,1.0,6.123233995736766e-17
Laguna,2013-04-01,34242.0,7255.333333333333,4.719562620600938,2013,2,14.533333333333333,3182.0,7457.333333333333,4.594385082757176,4.625871625245843,14.659999999999998,14619.333333333334,19995.333333333332,34496.666666666664,31565.333333333332,15494.000000000002,4133.990485394618,1.2246467991473532e-16,-1.0
Laguna,2013-07-01,9646.0,2249.3333333333335,4.288381742738589,2013,3,15.623333333333333,7255.333333333333,2951.3333333333335,4.719562620600938,4.021007454257963,14.533333333333333,34242.0,14619.333333333334,11867.333333333334,11557.333333333334,22952.222222222223,10140.002746730586,-1.0,-1.8369701987210297e-16
Laguna,2013-10-01,27429.333333333332,7166.0,3.827704902781654,2013,4,15.413333333333334,2249.3333333333335,6228.0,4.288381742738589,3.210554485120959,15.623333333333333,9646.0,34242.0,19995.333333333332,27927.333333333332,19502.44444444445,13004.783142851426,-2.4492935982947064e-16,1.0
Laguna,2014-01-01,13007.333333333334,2638.6666666666665,4.929509853461345,2014,1,17.57,7166.0,3182.0,3.827704902781654,4.594385082757176,15.413333333333334,27429.333333333332,9646.0,14619.333333333334,14276.0,23772.44444444445,12699.229553766614,1.0,6.123233995736766e-17
Laguna,2014-04-01,35809.333333333336,7228.0,4.9542519830289615,2014,2,19.680000000000003,2638.6666666666665,7255.333333333333,4.929509853461345,4.719562620600938,17.57,13007.333333333334,27429.333333333332,34242.0,34496.666666666664,16694.222222222223,9447.571030183912,1.2246467991473532e-16,-1.0
Laguna,2014-07-01,9170.666666666666,2890.0,3.173241061130334,2014,3,19.683333333333334,7228.0,2249.3333333333335,4.9542519830289615,4.288381742738589,19.680000000000003,35809.333333333336,13007.333333333334,9646.0,11867.333333333334,25415.333333333332,11533.644176928652,-1.0,-1.8369701987210297e-16
Laguna,2014-10-01,29282.0,7656.0,3.824712643678161,2014,4,18.483333333333334,2890.0,7166.0,3.173241061130334,3.827704902781654,19.683333333333334,9170.666666666666,35809.333333333336,27429.333333333332,19995.333333333332,19329.111111111113,14400.635268909085,-2.4492935982947064e-16,1.0
Laguna,2015-01-01,10425.333333333334,2214.6666666666665,4.707405177603854,2015,1,16.71,7656.0,2638.6666666666665,3.824712643678161,4.929509853461345,18.483333333333334,29282.0,9170.666666666666,13007.333333333334,14619.333333333334,24754.0,13884.586001910344,1.0,6.123233995736766e-17
Laguna,2015-04-01,38197.333333333336,8264.0,4.622136172959019,2015,2,14.6,2214.6666666666665,7228.0,4.707405177603854,4.9542519830289615,16.71,10425.333333333334,29282.0,35809.333333333336,34242.0,16292.66666666667,11266.5714591638,1.2246467991473532e-16,-1.0
Laguna,2015-07-01,11958.666666666666,2813.3333333333335,4.250710900473933,2015,3,15.123333333333333,8264.0,2890.0,4.622136172959019,3.173241061130334,14.6,38197.333333333336,10425.333333333334,9170.666666666666,9646.0,25968.22222222223,14179.45127183597,-1.0,-1.8369701987210297e-16
Laguna,2015-10-01,28177.333333333332,7607.333333333333,3.703969853649987,2015,4,14.793333333333335,2813.3333333333335,7656.0,4.250710900473933,3.824712643678161,15.123333333333333,11958.666666666666,38197.333333333336,29282.0,27429.333333333332,20193.77777777778,15610.37434718525,-2.4492935982947064e-16,1.0
Laguna,2016-01-01,14098.666666666666,3004.0,4.693297825122059,2016,1,15.303333333333335,7607.333333333333,2214.6666666666665,3.703969853649987,4.707405177603854,14.793333333333335,28177.333333333332,11958.666666666666,10425.333333333334,13007.333333333334,26111.111111111113,13240.802952042413,1.0,6.123233995736766e-17
Laguna,2016-04-01,35744.666666666664,7616.666666666667,4.692954048140043,2016,2,15.663333333333332,3004.0,8264.0,4.693297825122059,4.622136172959019,15.303333333333335,14098.666666666666,28177.333333333332,38197.333333333336,35809.333333333336,18078.222222222223,8811.295814233334,1.2246467991473532e-16,-1.0
Laguna,2016-07-01,11154.666666666666,2616.6666666666665,4.262929936305732,2016,3,15.19,7616.666666666667,2813.3333333333335,4.692954048140043,4.250710900473933,15.663333333333332,35744.666666666664,14098.666666666666,11958.666666666666,9170.666666666666,26006.88888888889,10985.010278320866,-1.0,-1.8369701987210297e-16
Laguna,2016-10-01,26207.333333333332,7603.333333333333,3.446821569487067,2016,4,15.11,2616.6666666666665,7607.333333333333,4.262929936305732,3.703969853649987,15.19,11154.666666666666,35744.666666666664,28177.333333333332,29282.0,20332.666666666668,13428.108280766877,-2.4492935982947064e-16,1.0
Laguna,2017-01-01,11145.333333333334,2621.3333333333335,4.251780264496439,2017,1,17.19333333333333,7603.333333333333,3004.0,3.446821569487067,4.693297825122059,15.11,26207.333333333332,11154.666666666666,14098.666666666666,10425.333333333334,24368.88888888889,12397.65838702945,1.0,6.123233995736766e-17
Laguna,2017-04-01,37446.666666666664,7764.0,4.823115232697922,2017,2,17.05,2621.3333333333335,7616.666666666667,4.251780264496439,4.692954048140043,17.19333333333333,11145.333333333334,26207.333333333332,35744.666666666664,38197.333333333336,16169.111111111115,8693.356705830876,1.2246467991473532e-16,-1.0
Laguna,2017-07-01,11654.0,2692.0,4.329123328380386,2017,3,16.273333333333337,7764.0,2616.6666666666665,4.823115232697922,4.262929936305732,17.05,37446.666666666664,11145.333333333334,11154.666666666666,11958.666666666666,24933.111111111113,13196.884688496813,-1.0,-1.8369701987210297e-16
Laguna,2017-10-01,25992.666666666668,7331.333333333333,3.545421478585069,2017,4,15.766666666666666,2692.0,7603.333333333333,4.329123328380386,3.446821569487067,16.273333333333337,11654.0,37446.666666666664,26207.333333333332,28177.333333333332,20082.000000000004,15040.393006094546,-2.4492935982947064e-16,1.0
Laguna,2018-01-01,15332.666666666666,3081.3333333333335,4.975984422327996,2018,1,18.363333333333333,7331.333333333333,2621.3333333333335,3.545421478585069,4.251780264496439,15.766666666666666,25992.666666666668,11654.0,11145.333333333334,14098.666666666666,25031.111111111113,12923.190599045554,1.0,6.123233995736766e-17
Laguna,2018-04-01,39148.666666666664,7805.333333333333,5.015630338230269,2018,2,18.400000000000002,3081.3333333333335,7764.0,4.975984422327996,4.823115232697922,18.363333333333333,15332.666666666666,25992.666666666668,37446.666666666664,35744.666666666664,17659.77777777778,7447.209211311107,1.2246467991473532e-16,-1.0
Laguna,2018-07-01,5090.333333333333,1200.0,4.241944444444444,2018,3,20.096666666666668,7805.333333333333,2692.0,5.015630338230269,4.329123328380386,18.400000000000002,39148.666666666664,15332.666666666666,11654.0,11154.666666666666,26824.666666666668,11929.779210027322,-1.0,-1.8369701987210297e-16
Laguna,2018-10-01,27985.533333333336,6362.0,4.398857801529918,2018,4,18.566666666666666,1200.0,7331.333333333333,4.241944444444444,3.545421478585069,20.096666666666668,5090.333333333333,39148.666666666664,25992.666666666668,26207.333333333332,19857.222222222223,17474.15862330981,-2.4492935982947064e-16,1.0
Laguna,2019-01-01,15711.333333333334,2860.3933333333334,5.492717784733568,2019,1,18.150000000000002,6362.0,3081.3333333333335,4.398857801529918,4.975984422327996,18.566666666666666,27985.533333333336,5090.333333333333,15332.666666666666,11145.333333333334,24074.844444444447,17362.679316579295,1.0,6.123233995736766e-17
Laguna,2019-04-01,42790.44666666666,9020.38,4.743752110960588,2019,2,15.913333333333334,2860.3933333333334,7805.333333333333,5.492717784733568,5.015630338230269,18.150000000000002,15711.333333333334,27985.533333333336,39148.666666666664,37446.666666666664,16262.400000000003,11457.543437113094,1.2246467991473532e-16,-1.0
Laguna,2019-07-01,6543.453333333334,1532.38,4.270124468691404,2019,3,13.229999999999999,9020.38,1200.0,4.743752110960588,4.241944444444444,15.913333333333334,42790.44666666666,15711.333333333334,5090.333333333333,11654.0,28829.104444444445,13559.251597876037,-1.0,-1.8369701987210297e-16
Laguna,2019-10-01,34651.543333333335,7035.486666666667,4.925251794948087,2019,4,13.553333333333333,1532.38,6362.0,4.270124468691404,4.398857801529918,13.229999999999999,6543.453333333334,42790.44666666666,27985.533333333336,25992.666666666668,21681.744444444445,18846.630681727624,-2.4492935982947064e-16,1.0
Laguna,2020-01-01,16929.246666666666,2899.3333333333335,5.839013566337089,2020,1,14.446666666666667,7035.486666666667,2860.3933333333334,4.925251794948087,5.492717784733568,13.553333333333333,34651.543333333335,6543.453333333334,15711.333333333334,15332.666666666666,27995.147777777776,19018.19741118208,1.0,6.123233995736766e-17
Laguna,2020-04-01,40096.62666666667,8255.74,4.856818003796954,2020,2,18.393333333333334,2899.3333333333335,9020.38,5.839013566337089,4.743752110960588,14.446666666666667,16929.246666666666,34651.543333333335,42790.44666666666,39148.666666666664,19374.74777777778,14212.724496920333,1.2246467991473532e-16,-1.0
Laguna,2020-07-01,7743.333333333333,1585.6866666666667,4.88326823710443,2020,3,15.736666666666666,8255.74,1532.38,4.856818003796954,4.270124468691404,18.393333333333334,40096.62666666667,16929.246666666666,6543.453333333334,5090.333333333333,30559.138888888894,12113.7403232355,-1.0,-1.8369701987210297e-16
Laguna,2020-10-01,21448.56,6178.073333333334,3.4717231154049104,2020,4,13.339999999999998,1585.6866666666667,7035.486666666667,4.88326823710443,4.925251794948087,15.736666666666666,7743.333333333333,40096.62666666667,34651.543333333335,27985.533333333336,21589.73555555556,16672.55274068043,-2.4492935982947064e-16,1.0
Laguna,2021-01-01,15468.203333333333,3042.0,5.0848794652640805,2021,1,17.11,6178.073333333334,2899.3333333333335,3.4717231154049104,5.839013566337089,13.339999999999998,21448.56,7743.333333333333,16929.246666666666,15711.333333333334,23096.17333333334,16239.454105674587,1.0,6.123233995736766e-17
Laguna,2021-04-01,34310.30333333334,7765.333333333333,4.418394144917583,2021,2,16.036666666666665,3042.0,8255.74,5.0848794652640805,4.856818003796954,17.11,15468.203333333333,21448.56,40096.62666666667,42790.44666666666,14886.69888888889,6871.093076094898,1.2246467991473532e-16,-1.0
Laguna,2021-07-01,5675.506666666667,1254.0,4.5259223817118555,2021,3,14.633333333333335,7765.333333333333,1585.6866666666667,4.418394144917583,4.88326823710443,16.036666666666665,34310.30333333334,15468.203333333333,7743.333333333333,6543.453333333334,23742.35555555556,9628.203707884191,-1.0,-1.8369701987210297e-16
Laguna,2021-10-01,24695.333333333332,6850.666666666667,3.6048073180225764,2021,4,14.393333333333333,1254.0,6178.073333333334,4.5259223817118555,3.4717231154049104,14.633333333333335,5675.506666666667,34310.30333333334,21448.56,34651.543333333335,18484.671111111114,14553.76938892859,-2.4492935982947064e-16,1.0
Laguna,2022-01-01,16670.666666666668,3054.0,5.458633486138398,2022,1,16.040000000000003,6850.666666666667,3042.0,3.6048073180225764,5.0848794652640805,14.393333333333333,24695.333333333332,5675.506666666667,15468.203333333333,16929.246666666666,21560.381111111114,14572.537154251768,1.0,6.123233995736766e-17
Laguna,2022-04-01,38614.0,8356.666666666666,4.6207419226166735,2022,2,14.959999999999999,3054.0,7765.333333333333,5.458633486138398,4.418394144917583,16.040000000000003,16670.666666666668,24695.333333333332,34310.30333333334,40096.62666666667,15680.502222222225,9548.495736386574,1.2246467991473532e-16,-1.0
Laguna,2022-07-01,4476.0,1194.0,3.748743718592965,2022,3,15.816666666666668,8356.666666666666,1254.0,4.6207419226166735,4.5259223817118555,14.959999999999999,38614.0,16670.666666666668,5675.506666666667,7743.333333333333,26660.0,11102.810715209813,-1.0,-1.8369701987210297e-16
Laguna,2022-10-01,25860.25,6942.0,3.725187265917603,2022,4,15.156666666666666,1194.0,6850.666666666667,3.748743718592965,3.6048073180225764,15.816666666666668,4476.0,38614.0,24695.333333333332,21448.56,19920.222222222226,17299.435524937842,-2.4492935982947064e-16,1.0
Laguna,2023-01-01,14049.586666666664,3080.6666666666665,4.5605669768448385,2023,1,16.74,6942.0,3054.0,3.725187265917603,5.458633486138398,15.156666666666666,25860.25,4476.0,16670.666666666668,15468.203333333333,22983.416666666668,17249.866333419322,1.0,6.123233995736766e-17
Laguna,2023-04-01,49580.03333333333,8524.833333333334,5.815953391073139,2023,2,17.783333333333335,3080.6666666666665,8356.666666666666,4.5605669768448385,4.6207419226166735,16.74,14049.586666666664,25860.25,38614.0,34310.30333333334,14795.27888888889,10711.609574818203,1.2246467991473532e-16,-1.0
Laguna,2023-07-01,4149.599999999999,1274.0,3.2571428571428567,2023,3,20.22,8524.833333333334,1194.0,5.815953391073139,3.748743718592965,17.783333333333335,49580.03333333333,14049.586666666664,4476.0,5675.506666666667,29829.956666666665,18094.808325808393,-1.0,-1.8369701987210297e-16
Laguna,2023-10-01,29724.346666666668,7564.0,3.929712674070157,2023,4,20.939999999999998,1274.0,6942.0,3.2571428571428567,3.725187265917603,20.22,4149.599999999999,49580.03333333333,25860.25,24695.333333333332,22593.073333333334,23889.839713385365,-2.4492935982947064e-16,1.0
Laguna,2024-01-01,13661.04,3058.6666666666665,4.466338273757629,2024,1,24.406666666666666,7564.0,3080.6666666666665,3.929712674070157,4.5605669768448385,20.939999999999998,29724.346666666668,4149.599999999999,14049.586666666664,16670.666666666668,27817.993333333336,22775.133489998356,1.0,6.123233995736766e-17
Laguna,2024-04-01,40421.746666666666,8238.56,4.906409210671121,2024,2,23.98,3058.6666666666665,8524.833333333334,4.466338273757629,5.815953391073139,24.406666666666666,13661.04,29724.346666666668,49580.03333333333,38614.0,15844.995555555559,12926.49075223148,1.2246467991473532e-16,-1.0
Laguna,2024-07-01,4027.773333333333,1546.76,2.6040066547708327,2024,3,20.083333333333332,8238.56,1274.0,4.906409210671121,3.2571428571428567,23.98,40421.746666666666,13661.04,4149.599999999999,4476.0,27935.71111111111,13469.716707777961,-1.0,-1.8369701987210297e-16
Laguna,2024-10-01,18358.52666666667,6626.593333333333,2.770432067155673,2024,4,17.896666666666665,1546.76,7564.0,2.6040066547708327,3.929712674070157,20.083333333333332,4027.773333333333,40421.746666666666,29724.346666666668,25860.25,19370.18666666667,18856.72533853579,-2.4492935982947064e-16,1.0
Laguna,2025-01-01,18723.653333333332,3949.033333333333,4.741325725282981,2025,1,16.56,6626.593333333333,3058.6666666666665,2.770432067155673,4.466338273757629,17.896666666666665,18358.52666666667,4027.773333333333,13661.04,14049.586666666664,20936.015555555558,18333.382406858364,1.0,6.123233995736766e-17
Laguna,2025-04-01,64310.0,13014.539999999999,4.941396315198232,2025,2,13.706666666666669,3949.033333333333,8238.56,4.741325725282981,4.906409210671121,16.56,18723.653333333332,18358.52666666667,40421.746666666666,49580.03333333333,13703.31777777778,8381.255848200351,1.2246467991473532e-16,-1.0
Laguna,2025-07-01,4653.006666666667,1501.5266666666666,3.0988505032655658,2025,3,12.32,13014.539999999999,1546.76,4.941396315198232,2.6040066547708327,13.706666666666669,64310.0,18723.653333333332,4027.773333333333,4149.599999999999,33797.39333333333,26425.323149712123,-1.0,-1.8369701987210297e-16
Laguna,2025-10-01,25374.039999999997,7668.666666666667,3.3087942275928013,2025,4,13.296666666666667,1501.5266666666666,6626.593333333333,3.0988505032655658,2.770432067155673,12.32,4653.006666666667,64310.0,18358.52666666667,29724.346666666668,29228.88666666667,31185.07910739009,-2.4492935982947064e-16,1.0
Laguna,2026-01-01,16346.44,3574.6666666666665,4.572857142857143,2026,1,24.6,7668.666666666667,3949.033333333333,3.3087942275928013,4.741325725282981,13.296666666666667,25374.039999999997,4653.006666666667,18723.653333333332,13661.04,31445.68222222222,30288.411032098535,1.0,6.123233995736766e-17
Laguna,2026-04-01,43598.36,8364.586666666666,5.212255158254483,2026,2,20.01,3574.6666666666665,13014.539999999999,4.572857142857143,4.941396315198232,24.6,16346.44,25374.039999999997,64310.0,40421.746666666666,15457.828888888887,10389.0580843679,1.2246467991473532e-16,-1.0
Laguna,2026-07-01,,,,2026,3,18.49,8364.586666666666,1501.5266666666666,5.212255158254483,3.0988505032655658,20.01,43598.36,16346.44,4653.006666666667,4027.773333333333,28439.61333333333,13882.186096509922,-1.0,-1.8369701987210297e-16
Laguna,2026-10-01,,,,2026,4,,,7668.666666666667,,3.3087942275928013,18.49,,43598.36,25374.039999999997,18358.52666666667,29972.4,19270.017432353303,-2.4492935982947064e-16,1.0
Quezon,1987-01-01,26034.0,11866.666666666666,2.193876404494382,1987,1,,,,,,,,,,,,,1.0,6.123233995736766e-17
Quezon,1987-04-01,18239.333333333332,6133.333333333333,2.973804347826087,1987,2,,11866.666666666666,,2.193876404494382,,,26034.0,,,,,,1.2246467991473532e-16,-1.0
Quezon,1987-07-01,5788.0,1673.3333333333333,3.4589641434262948,1987,3,,6133.333333333333,,2.973804347826087,,,18239.333333333332,26034.0,,,22136.666666666664,5511.661657088742,-1.0,-1.8369701987210297e-16
Quezon,1987-10-01,45742.666666666664,18453.333333333332,2.478829479768786,1987,4,,1673.3333333333333,,3.4589641434262948,,,5788.0,18239.333333333332,,,16687.11111111111,10211.864392478503,-2.4492935982947064e-16,1.0
Quezon,1988-01-01,43794.0,16600.0,2.6381927710843374,1988,1,,18453.333333333332,11866.666666666666,2.478829479768786,2.193876404494382,,45742.666666666664,5788.0,26034.0,,23256.666666666668,20444.414211330302,1.0,6.123233995736766e-17
Quezon,1988-04-01,22054.0,8593.333333333334,2.5664080682699764,1988,2,,16600.0,6133.333333333333,2.6381927710843374,2.973804347826087,,43794.0,45742.666666666664,18239.333333333332,,31774.88888888889,22526.387216707368,1.2246467991473532e-16,-1.0
Quezon,1988-07-01,13282.666666666666,4326.666666666667,3.0699537750385204,1988,3,,8593.333333333334,1673.3333333333333,2.5664080682699764,3.4589641434262948,,22054.0,43794.0,5788.0,,37196.88888888889,13150.271418125574,-1.0,-1.8369701987210297e-16
Quezon,1988-10-01,42232.666666666664,20546.666666666668,2.055451005840363,1988,4,,4326.666666666667,18453.333333333332,3.0699537750385204,2.478829479768786,,13282.666666666666,22054.0,45742.666666666664,,26376.88888888889,15708.306455620976,-2.4492935982947064e-16,1.0
Quezon,1989-01-01,37014.666666666664,14940.0,2.4775546630968317,1989,1,,20546.666666666668,16600.0,2.055451005840363,2.6381927710843374,,42232.666666666664,13282.666666666666,43794.0,26034.0,25856.44444444444,14844.849706710225,1.0,6.123233995736766e-17
Quezon,1989-04-01,37366.666666666664,15760.0,2.3709813874788495,1989,2,,14940.0,8593.333333333334,2.4775546630968317,2.5664080682699764,,37014.666666666664,42232.666666666664,22054.0,18239.333333333332,30843.333333333332,15430.153639330143,1.2246467991473532e-16,-1.0
Quezon,1989-07-01,14420.666666666666,4420.0,3.2625942684766214,1989,3,,15760.0,4326.666666666667,2.3709813874788495,3.0699537750385204,,37366.666666666664,37014.666666666664,13282.666666666666,5788.0,38871.33333333333,2916.315712218662,-1.0,-1.8369701987210297e-16
Quezon,1989-10-01,41620.0,21106.666666666668,1.9718888186986734,1989,4,,4420.0,20546.666666666668,3.2625942684766214,2.055451005840363,,14420.666666666666,37366.666666666664,42232.666666666664,45742.666666666664,29600.666666666668,13147.443705907242,-2.4492935982947064e-16,1.0
Quezon,1990-01-01,23070.666666666668,9046.666666666666,2.5501842299189392,1990,1,,21106.666666666668,14940.0,1.9718888186986734,2.4775546630968317,,41620.0,14420.666666666666,37014.666666666664,43794.0,31135.777777777777,14631.094138980303,1.0,6.123233995736766e-17
Quezon,1990-04-01,15966.666666666666,13013.333333333334,1.2269467213114753,1990,2,,9046.666666666666,15760.0,2.5501842299189392,2.3709813874788495,,23070.666666666668,41620.0,37366.666666666664,22054.0,26370.44444444444,13896.666272220882,1.2246467991473532e-16,-1.0
Quezon,1990-07-01,14510.666666666666,4120.0,3.5220064724919093,1990,3,,13013.333333333334,4420.0,1.2269467213114753,3.2625942684766214,,15966.666666666666,23070.666666666668,14420.666666666666,13282.666666666666,26885.777777777777,13245.364561625714,-1.0,-1.8369701987210297e-16
Quezon,1990-10-01,42568.666666666664,21953.333333333332,1.9390525356817492,1990,4,,4120.0,21106.666666666668,3.5220064724919093,1.9718888186986734,,14510.666666666666,15966.666666666666,41620.0,42232.666666666664,17849.333333333332,4580.035516601724,-2.4492935982947064e-16,1.0
Quezon,1991-01-01,24453.333333333332,9513.333333333334,2.5704274702172385,1991,1,,21953.333333333332,9046.666666666666,1.9390525356817492,2.5501842299189392,,42568.666666666664,14510.666666666666,23070.666666666668,37014.666666666664,24348.666666666668,15795.767914223099,1.0,6.123233995736766e-17
Quezon,1991-04-01,24603.333333333332,14766.666666666666,1.6661399548532732,1991,2,,9513.333333333334,13013.333333333334,2.5704274702172385,1.2269467213114753,,24453.333333333332,42568.666666666664,15966.666666666666,37366.666666666664,27177.55555555555,14225.99314765184,1.2246467991473532e-16,-1.0
Quezon,1991-07-01,21993.333333333332,6606.666666666667,3.3289606458123107,1991,3,,14766.666666666666,4120.0,1.6661399548532732,3.5220064724919093,,24603.333333333332,24453.333333333332,14510.666666666666,14420.666666666666,30541.77777777777,10415.861330646609,-1.0,-1.8369701987210297e-16
Quezon,1991-10-01,28726.666666666668,13226.666666666666,2.171875,1991,4,,6606.666666666667,21953.333333333332,3.3289606458123107,1.9390525356817492,,21993.333333333332,24603.333333333332,42568.666666666664,41620.0,23683.333333333332,1465.503326505919,-2.4492935982947064e-16,1.0
Quezon,1992-01-01,26203.333333333332,9813.333333333334,2.6701766304347823,1992,1,,13226.666666666666,9513.333333333334,2.171875,2.5704274702172385,,28726.666666666668,21993.333333333332,24453.333333333332,23070.666666666668,25107.77777777778,3394.8921326888376,1.0,6.123233995736766e-17
Quezon,1992-04-01,12220.0,11946.666666666666,1.0228794642857144,1992,2,,9813.333333333334,14766.666666666666,2.6701766304347823,1.6661399548532732,,26203.333333333332,28726.666666666668,24603.333333333332,15966.666666666666,25641.11111111111,3401.692933645658,1.2246467991473532e-16,-1.0
Quezon,1992-07-01,14880.666666666666,4686.666666666667,3.175106685633001,1992,3,,11946.666666666666,6606.666666666667,1.0228794642857144,3.3289606458123107,,12220.0,26203.333333333332,21993.333333333332,14510.666666666666,22383.333333333332,8891.670884097713,-1.0,-1.8369701987210297e-16
Quezon,1992-10-01,45748.0,21300.0,2.147793427230047,1992,4,,4686.666666666667,13226.666666666666,3.175106685633001,2.171875,,14880.666666666666,12220.0,28726.666666666668,42568.666666666664,17768.0,7425.356766587776,-2.4492935982947064e-16,1.0
Quezon,1993-01-01,33608.0,12680.0,2.650473186119874,1993,1,,21300.0,9813.333333333334,2.147793427230047,2.6701766304347823,,45748.0,14880.666666666666,26203.333333333332,24453.333333333332,24282.88888888889,18636.872941484493,1.0,6.123233995736766e-17
Quezon,1993-04-01,23568.666666666668,8180.0,2.8812550937245316,1993,2,,12680.0,11946.666666666666,2.650473186119874,1.0228794642857144,,33608.0,45748.0,12220.0,24603.333333333332,31412.222222222223,15550.374491143768,1.2246467991473532e-16,-1.0
Quezon,1993-07-01,16122.0,5100.0,3.1611764705882353,1993,3,,8180.0,4686.666666666667,2.8812550937245316,3.175106685633001,,23568.666666666668,33608.0,14880.666666666666,21993.333333333332,34308.222222222226,11106.234291970799,-1.0,-1.8369701987210297e-16
Quezon,1993-10-01,44536.666666666664,21000.0,2.120793650793651,1993,4,,5100.0,21300.0,3.1611764705882353,2.147793427230047,,16122.0,23568.666666666668,45748.0,28726.666666666668,24432.88888888889,8774.97629837464,-2.4492935982947064e-16,1.0
Quezon,1994-01-01,22714.666666666668,9173.333333333334,2.4761627906976744,1994,1,,21000.0,12680.0,2.120793650793651,2.650473186119874,,44536.666666666664,16122.0,33608.0,26203.333333333332,28075.77777777778,14733.765926278664,1.0,6.123233995736766e-17
Quezon,1994-04-01,24158.0,10000.0,2.4158,1994,2,,9173.333333333334,8180.0,2.4761627906976744,2.8812550937245316,,22714.666666666668,44536.666666666664,23568.666666666668,12220.0,27791.111111111113,14871.98832007988,1.2246467991473532e-16,-1.0
Quezon,1994-07-01,18183.333333333332,5060.0,3.5935441370223975,1994,3,,10000.0,5100.0,2.4158,3.1611764705882353,,24158.0,22714.666666666668,16122.0,14880.666666666666,30469.77777777778,12203.639827405465,-1.0,-1.8369701987210297e-16
Quezon,1994-10-01,40950.0,19413.333333333332,2.109375,1994,4,,5060.0,21000.0,3.5935441370223975,2.120793650793651,,18183.333333333332,24158.0,44536.666666666664,45748.0,21685.33333333334,3117.499924262615,-2.4492935982947064e-16,1.0
Quezon,1995-01-01,21936.666666666668,9033.333333333334,2.428413284132841,1995,1,,19413.333333333332,9173.333333333334,2.109375,2.4761627906976744,,40950.0,18183.333333333332,22714.666666666668,33608.0,27763.77777777778,11803.876601134674,1.0,6.123233995736766e-17
Quezon,1995-04-01,17426.666666666668,8166.666666666667,2.1338775510204084,1995,2,,9033.333333333334,10000.0,2.428413284132841,2.4158,,21936.666666666668,40950.0,24158.0,23568.666666666668,27023.33333333334,12205.978498715738,1.2246467991473532e-16,-1.0
Quezon,1995-07-01,11300.0,3800.0,2.973684210526316,1995,3,,8166.666666666667,5060.0,2.1338775510204084,3.5935441370223975,,17426.666666666668,21936.666666666668,18183.333333333332,16122.0,26771.111111111113,12484.618239761774,-1.0,-1.8369701987210297e-16
Quezon,1995-10-01,32743.333333333332,18233.333333333332,1.7957952468007312,1995,4,,3800.0,19413.333333333332,2.973684210526316,2.109375,,11300.0,17426.666666666668,40950.0,44536.666666666664,16887.777777777785,5338.7704923858455,-2.4492935982947064e-16,1.0
Quezon,1996-01-01,16758.0,8239.333333333334,2.0339024192895865,1996,1,,18233.333333333332,9033.333333333334,1.7957952468007312,2.428413284132841,,32743.333333333332,11300.0,21936.666666666668,22714.666666666668,20490.000000000004,11045.005407171333,1.0,6.123233995736766e-17
Quezon,1996-04-01,21890.0,8959.333333333334,2.443262147481211,1996,2,,8239.333333333334,8166.666666666667,2.0339024192895865,2.1338775510204084,,16758.0,32743.333333333332,17426.666666666668,24158.0,20267.111111111113,11144.035700934524,1.2246467991473532e-16,-1.0
Quezon,1996-07-01,12120.0,4085.3333333333335,2.966710182767624,1996,3,,8959.333333333334,3800.0,2.443262147481211,2.973684210526316,,21890.0,16758.0,11300.0,18183.333333333332,23797.111111111113,8161.527126527042,-1.0,-1.8369701987210297e-16
Quezon,1996-10-01,43797.333333333336,21512.0,2.035948927730259,1996,4,,4085.3333333333335,18233.333333333332,2.966710182767624,1.7957952468007312,,12120.0,21890.0,32743.333333333332,40950.0,16922.66666666667,4887.081064739233,-2.4492935982947064e-16,1.0
Quezon,1997-01-01,18760.0,8226.666666666666,2.2803889789303082,1997,1,,21512.0,8239.333333333334,2.035948927730259,2.0339024192895865,,43797.333333333336,12120.0,16758.0,21936.666666666668,25935.77777777778,16221.578226182186,1.0,6.123233995736766e-17
Quezon,1997-04-01,20643.333333333332,9188.666666666666,2.246608140462889,1997,2,,8226.666666666666,8959.333333333334,2.2803889789303082,2.443262147481211,,18760.0,43797.333333333336,21890.0,17426.666666666668,24892.44444444445,16705.343993043836,1.2246467991473532e-16,-1.0
Quezon,1997-07-01,9911.333333333334,3782.6666666666665,2.6201973916108567,1997,3,,9188.666666666666,4085.3333333333335,2.246608140462889,2.966710182767624,,20643.333333333332,18760.0,12120.0,11300.0,27733.555555555562,13943.473508472749,-1.0,-1.8369701987210297e-16
Quezon,1997-10-01,28965.333333333332,13914.666666666666,2.0816404752778843,1997,4,,3782.6666666666665,21512.0,2.6201973916108567,2.035948927730259,,9911.333333333334,20643.333333333332,43797.333333333336,32743.333333333332,16438.222222222226,5730.3529592021205,-2.4492935982947064e-16,1.0
Quezon,1998-01-01,12102.0,8101.333333333333,1.493828176431863,1998,1,,13914.666666666666,8226.666666666666,2.0816404752778843,2.2803889789303082,,28965.333333333332,9911.333333333334,18760.0,16758.0,19840.000000000004,9552.368153150972,1.0,6.123233995736766e-17
Quezon,1998-04-01,11406.666666666666,5891.333333333333,1.9361774357813737,1998,2,,8101.333333333333,9188.666666666666,1.493828176431863,2.246608140462889,,12102.0,28965.333333333332,20643.333333333332,21890.0,16992.888888888894,10426.136609146844,1.2246467991473532e-16,-1.0
Quezon,1998-07-01,1219.3333333333333,447.3333333333333,2.7257824143070044,1998,3,,5891.333333333333,3782.6666666666665,1.9361774357813737,2.6201973916108567,,11406.666666666666,12102.0,9911.333333333334,12120.0,17491.33333333334,9942.855681900981,-1.0,-1.8369701987210297e-16
Quezon,1998-10-01,22168.0,13090.666666666666,1.693420248523121,1998,4,,447.3333333333333,13914.666666666666,2.7257824143070044,2.0816404752778843,,1219.3333333333333,11406.666666666666,28965.333333333332,43797.333333333336,8242.666666666672,6092.313226061489,-2.4492935982947064e-16,1.0
Quezon,1999-01-01,23526.0,10732.666666666666,2.1919995030747255,1999,1,,13090.666666666666,8101.333333333333,1.693420248523121,1.493828176431863,,22168.0,1219.3333333333333,12102.0,18760.0,11598.000000000005,10475.643899594454,1.0,6.123233995736766e-17
Quezon,1999-04-01,22413.333333333332,9425.333333333334,2.377988400056585,1999,2,,10732.666666666666,5891.333333333333,2.1919995030747255,1.9361774357813737,,23526.0,22168.0,11406.666666666666,20643.333333333332,15637.777777777783,12505.186769822656,1.2246467991473532e-16,-1.0
Quezon,1999-07-01,8460.0,3169.3333333333335,2.6693310896087503,1999,3,,9425.333333333334,447.3333333333333,2.377988400056585,2.7257824143070044,,22413.333333333332,23526.0,1219.3333333333333,9911.333333333334,22702.44444444445,723.6918722256778,-1.0,-1.8369701987210297e-16
Quezon,1999-10-01,35654.0,16054.0,2.2208795315809144,1999,4,,3169.3333333333335,13090.666666666666,2.6693310896087503,1.693420248523121,,8460.0,22413.333333333332,22168.0,28965.333333333332,18133.111111111113,8395.61288434044,-2.4492935982947064e-16,1.0
Quezon,2000-01-01,26913.333333333332,10682.666666666666,2.5193459810284575,2000,1,,16054.0,10732.666666666666,2.2208795315809144,2.1919995030747255,,35654.0,8460.0,23526.0,12102.0,22175.77777777778,13598.55630136821,1.0,6.123233995736766e-17
Quezon,2000-04-01,18312.0,7401.333333333333,2.4741488020176545,2000,2,,10682.666666666666,9425.333333333334,2.5193459810284575,2.377988400056585,,26913.333333333332,35654.0,22413.333333333332,11406.666666666666,23675.77777777778,13883.073632358255,1.2246467991473532e-16,-1.0
Quezon,2000-07-01,12928.0,4350.0,2.9719540229885055,2000,3,,7401.333333333333,3169.3333333333335,2.4741488020176545,2.6693310896087503,,18312.0,26913.333333333332,8460.0,1219.3333333333333,26959.77777777778,8671.093288323822,-1.0,-1.8369701987210297e-16
Quezon,2000-10-01,20421.333333333332,9220.666666666666,2.214735015544791,2000,4,,4350.0,16054.0,2.9719540229885055,2.2208795315809144,,12928.0,18312.0,35654.0,22168.0,19384.44444444445,7054.076121358874,-2.4492935982947064e-16,1.0
Quezon,2001-01-01,25517.333333333332,9840.0,2.5932249322493224,2001,1,,9220.666666666666,10682.666666666666,2.214735015544791,2.5193459810284575,,20421.333333333332,12928.0,26913.333333333332,23526.0,17220.44444444445,3864.0822014106748,1.0,6.123233995736766e-17
Quezon,2001-04-01,23942.0,8528.666666666666,2.807238333463613,2001,2,,9840.0,7401.333333333333,2.5932249322493224,2.4741488020176545,,25517.333333333332,20421.333333333332,18312.0,22413.333333333332,19622.222222222226,6332.595231843726,1.2246467991473532e-16,-1.0
Quezon,2001-07-01,12808.0,4352.666666666667,2.942563945474039,2001,3,,8528.666666666666,4350.0,2.807238333463613,2.9719540229885055,,23942.0,25517.333333333332,12928.0,8460.0,23293.555555555562,2609.150081568269,-1.0,-1.8369701987210297e-16
Quezon,2001-10-01,28898.0,12266.666666666666,2.3558152173913043,2001,4,,4352.666666666667,9220.666666666666,2.942563945474039,2.214735015544791,,12808.0,23942.0,20421.333333333332,35654.0,20755.777777777785,6927.89993298698,-2.4492935982947064e-16,1.0
Quezon,2002-01-01,24544.666666666668,10280.0,2.3876134889753566,2002,1,,12266.666666666666,9840.0,2.3558152173913043,2.5932249322493224,,28898.0,12808.0,25517.333333333332,26913.333333333332,21882.66666666667,8240.30735672723,1.0,6.123233995736766e-17
Quezon,2002-04-01,23965.333333333332,8966.666666666666,2.67271375464684,2002,2,,10280.0,8528.666666666666,2.3876134889753566,2.807238333463613,,24544.666666666668,28898.0,23942.0,18312.0,22083.555555555562,8322.549244427784,1.2246467991473532e-16,-1.0
Quezon,2002-07-01,11910.0,4022.0,2.961213326703133,2002,3,,8966.666666666666,4352.666666666667,2.67271375464684,2.942563945474039,,23965.333333333332,24544.666666666668,12808.0,12928.0,25802.66666666667,2696.2424058512847,-1.0,-1.8369701987210297e-16
Quezon,2002-10-01,31798.666666666668,12402.0,2.5639950545610923,2002,4,,4022.0,12266.666666666666,2.961213326703133,2.3558152173913043,,11910.0,23965.333333333332,28898.0,20421.333333333332,20140.000000000004,7133.2728657872985,-2.4492935982947064e-16,1.0
Quezon,2003-01-01,24340.0,10322.666666666666,2.357917850684578,2003,1,,12402.0,10280.0,2.5639950545610923,2.3876134889753566,,31798.666666666668,11910.0,24544.666666666668,25517.333333333332,22558.000000000004,10018.742724402966,1.0,6.123233995736766e-17
Quezon,2003-04-01,20189.333333333332,8423.333333333334,2.3968341907400075,2003,2,,10322.666666666666,8966.666666666666,2.357917850684578,2.67271375464684,,24340.0,31798.666666666668,23965.333333333332,23942.0,22682.888888888894,10047.351808828531,1.2246467991473532e-16,-1.0
Quezon,2003-07-01,11278.666666666666,3770.0,2.9916887709991156,2003,3,,8423.333333333334,4022.0,2.3968341907400075,2.961213326703133,,20189.333333333332,24340.0,11910.0,12808.0,25442.66666666667,5882.691598617426,-1.0,-1.8369701987210297e-16
Quezon,2003-10-01,32111.333333333332,12185.333333333334,2.6352445562971876,2003,4,,3770.0,12402.0,2.9916887709991156,2.5639950545610923,,11278.666666666666,20189.333333333332,31798.666666666668,28898.0,18602.666666666668,6673.660198455118,-2.4492935982947064e-16,1.0
Quezon,2004-01-01,25206.0,10770.0,2.340389972144847,2004,1,,12185.333333333334,10322.666666666666,2.6352445562971876,2.357917850684578,,32111.333333333332,11278.666666666666,24340.0,24544.666666666668,21193.111111111113,10452.544067425932,1.0,6.123233995736766e-17
Quezon,2004-04-01,18269.333333333332,7764.666666666667,2.3528805701038893,2004,2,,10770.0,8423.333333333334,2.340389972144847,2.3968341907400075,,25206.0,32111.333333333332,20189.333333333332,23965.333333333332,22865.33333333334,10611.74068871097,1.2246467991473532e-16,-1.0
Quezon,2004-07-01,12882.666666666666,3826.6666666666665,3.3665505226480836,2004,3,,7764.666666666667,3770.0,2.3528805701038893,2.9916887709991156,,18269.333333333332,25206.0,11278.666666666666,11910.0,25195.555555555562,6921.005910618366,-1.0,-1.8369701987210297e-16
Quezon,2004-10-01,38074.666666666664,12537.333333333334,3.0369031160267994,2004,4,,3826.6666666666665,12185.333333333334,3.3665505226480836,2.6352445562971876,,12882.666666666666,18269.333333333332,32111.333333333332,31798.666666666668,18786.000000000004,6177.891585682286,-2.4492935982947064e-16,1.0
Quezon,2005-01-01,26129.333333333332,9240.0,2.8278499278499276,2005,1,,12537.333333333334,10770.0,3.0369031160267994,2.340389972144847,,38074.666666666664,12882.666666666666,25206.0,24340.0,23075.555555555562,13265.89782250099,1.0,6.123233995736766e-17
Quezon,2005-04-01,16091.333333333334,6210.666666666667,2.5909188492915414,2005,2,,9240.0,7764.666666666667,2.8278499278499276,2.3528805701038893,,26129.333333333332,38074.666666666664,18269.333333333332,20189.333333333332,25695.555555555562,12601.600627315955,1.2246467991473532e-16,-1.0
Quezon,2005-07-01,11376.666666666666,3480.6666666666665,3.2685309327714998,2005,3,,6210.666666666667,3826.6666666666665,2.5909188492915414,3.3665505226480836,,16091.333333333334,26129.333333333332,12882.666666666666,11278.666666666666,26765.111111111113,11005.44847555735,-1.0,-1.8369701987210297e-16
Quezon,2005-10-01,36884.0,12425.333333333334,2.968451550595557,2005,4,,3480.6666666666665,12537.333333333334,3.2685309327714998,3.0369031160267994,,11376.666666666666,16091.333333333334,38074.666666666664,32111.333333333332,17865.77777777778,7534.705253641891,-2.4492935982947064e-16,1.0
Quezon,2006-01-01,30365.333333333332,10232.0,2.9676830857440706,2006,1,,12425.333333333334,9240.0,2.968451550595557,2.8278499278499276,,36884.0,11376.666666666666,26129.333333333332,25206.0,21450.66666666667,13571.950993787785,1.0,6.123233995736766e-17
Quezon,2006-04-01,19289.333333333332,6008.0,3.2106080781180646,2006,2,,10232.0,6210.666666666667,2.9676830857440706,2.5909188492915414,,30365.333333333332,36884.0,16091.333333333334,18269.333333333332,26208.66666666667,13251.95916752603,1.2246467991473532e-16,-1.0
Quezon,2006-07-01,14654.0,4062.6666666666665,3.6069904824417462,2006,3,,6008.0,3480.6666666666665,3.2106080781180646,3.2685309327714998,,19289.333333333332,30365.333333333332,11376.666666666666,12882.666666666666,28846.222222222223,8895.158666583926,-1.0,-1.8369701987210297e-16
Quezon,2006-10-01,21294.666666666668,10053.333333333334,2.1181697612732093,2006,4,,4062.6666666666665,12425.333333333334,3.6069904824417462,2.968451550595557,,14654.0,19289.333333333332,36884.0,38074.666666666664,21436.222222222226,8072.691478292926,-2.4492935982947064e-16,1.0
Quezon,2007-01-01,30317.333333333332,10352.666666666666,2.928456436344903,2007,1,,10053.333333333334,10232.0,2.1181697612732093,2.9676830857440706,,21294.666666666668,14654.0,30365.333333333332,26129.333333333332,18412.66666666667,3406.0272720248945,1.0,6.123233995736766e-17
Quezon,2007-04-01,22164.0,6163.333333333333,3.5961060032449974,2007,2,,10352.666666666666,6008.0,2.928456436344903,3.2106080781180646,,30317.333333333332,21294.666666666668,19289.333333333332,16091.333333333334,22088.66666666667,7861.795582293988,1.2246467991473532e-16,-1.0
Quezon,2007-07-01,11140.666666666666,2978.6666666666665,3.740152193375112,2007,3,,6163.333333333333,4062.6666666666665,3.5961060032449974,3.6069904824417462,,22164.0,30317.333333333332,14654.0,11376.666666666666,24592.000000000004,4977.3001159708965,-1.0,-1.8369701987210297e-16
Quezon,2007-10-01,35986.0,11002.0,3.2708598436647884,2007,4,,2978.6666666666665,10053.333333333334,3.740152193375112,2.1181697612732093,,11140.666666666666,22164.0,21294.666666666668,36884.0,21207.333333333336,9624.060704528205,-2.4492935982947064e-16,1.0
Quezon,2008-01-01,35459.333333333336,10825.333333333334,3.2755881266165785,2008,1,,11002.0,10352.666666666666,3.2708598436647884,2.928456436344903,,35986.0,11140.666666666666,30317.333333333332,30365.333333333332,23096.888888888894,12448.909926992399,1.0,6.123233995736766e-17
Quezon,2008-04-01,21713.333333333332,6878.666666666667,3.1566194999030817,2008,2,,10825.333333333334,6163.333333333333,3.2755881266165785,3.5961060032449974,,35459.333333333336,35986.0,22164.0,19289.333333333332,27528.66666666667,14194.867116124899,1.2246467991473532e-16,-1.0
Quezon,2008-07-01,16832.0,5269.333333333333,3.194331983805668,2008,3,,6878.666666666667,2978.6666666666665,3.1566194999030817,3.740152193375112,,21713.333333333332,35459.333333333336,11140.666666666666,14654.0,31052.88888888889,8092.577953033597,-1.0,-1.8369701987210297e-16
Quezon,2008-10-01,30619.333333333332,9340.666666666666,3.278067232888445,2008,4,,5269.333333333333,11002.0,3.194331983805668,3.2708598436647884,,16832.0,21713.333333333332,35986.0,21294.666666666668,24668.22222222223,9658.825655173438,-2.4492935982947064e-16,1.0
Quezon,2009-01-01,37480.0,11151.333333333334,3.3610330603216356,2009,1,,9340.666666666666,10825.333333333334,3.278067232888445,3.2755881266165785,,30619.333333333332,16832.0,35459.333333333336,30317.333333333332,23054.888888888894,6990.88467882228,1.0,6.123233995736766e-17
Quezon,2009-04-01,23510.0,7177.333333333333,3.2755898198030837,2009,2,,11151.333333333334,6878.666666666667,3.3610330603216356,3.1566194999030817,,37480.0,30619.333333333332,21713.333333333332,22164.0,28310.44444444445,10515.85478817226,1.2246467991473532e-16,-1.0
Quezon,2009-07-01,16884.666666666668,5534.0,3.051078183351404,2009,3,,7177.333333333333,5269.333333333333,3.2755898198030837,3.194331983805668,,23510.0,37480.0,16832.0,11140.666666666666,30536.44444444445,6985.368846805835,-1.0,-1.8369701987210297e-16
Quezon,2009-10-01,24494.0,9110.0,2.688693743139407,2009,4,,5534.0,9340.666666666666,3.051078183351404,3.278067232888445,,16884.666666666668,23510.0,30619.333333333332,35986.0,25958.22222222223,10513.67123391322,-2.4492935982947064e-16,1.0
Quezon,2010-01-01,27762.0,9425.333333333334,2.945466119677465,2010,1,14.743333333333332,9110.0,11151.333333333334,2.688693743139407,3.3610330603216356,,24494.0,16884.666666666668,37480.0,35459.333333333336,21629.555555555562,4138.543454637803,1.0,6.123233995736766e-17
Quezon,2010-04-01,14045.333333333334,4862.0,2.8887974770327713,2010,2,14.64,9425.333333333334,7177.333333333333,2.945466119677465,3.2755898198030837,14.743333333333332,27762.0,24494.0,23510.0,21713.333333333332,23046.888888888894,5581.191005245791,1.2246467991473532e-16,-1.0
Quezon,2010-07-01,8645.333333333334,2308.0,3.7458116695551706,2010,3,14.056666666666667,4862.0,5534.0,2.8887974770327713,3.051078183351404,14.64,14045.333333333334,27762.0,16884.666666666668,16832.0,22100.44444444445,7164.744744878127,-1.0,-1.8369701987210297e-16
Quezon,2010-10-01,42275.333333333336,12244.666666666666,3.4525507704034415,2010,4,12.176666666666668,2308.0,9110.0,3.7458116695551706,2.688693743139407,14.056666666666667,8645.333333333334,14045.333333333334,24494.0,30619.333333333332,16817.55555555556,9855.23455571442,-2.4492935982947064e-16,1.0
Quezon,2011-01-01,29858.0,8850.666666666666,3.3735311840915942,2011,1,14.896666666666667,12244.666666666666,9425.333333333334,3.4525507704034415,2.945466119677465,12.176666666666668,42275.333333333336,8645.333333333334,27762.0,37480.0,21655.33333333334,18060.406972158726,1.0,6.123233995736766e-17
Quezon,2011-04-01,29442.666666666668,8982.0,3.2779633340755585,2011,2,14.036666666666667,8850.666666666666,4862.0,3.3735311840915942,2.8887974770327713,14.896666666666667,29858.0,42275.333333333336,14045.333333333334,23510.0,26926.22222222223,17005.60836029406,1.2246467991473532e-16,-1.0
Quezon,2011-07-01,16693.333333333332,5144.0,3.2452047693105235,2011,3,15.133333333333333,8982.0,2308.0,3.2779633340755585,3.7458116695551706,14.036666666666667,29442.666666666668,29858.0,8645.333333333334,16884.666666666668,33858.66666666668,7292.004784541575,-1.0,-1.8369701987210297e-16
Quezon,2011-10-01,27022.666666666668,9386.0,2.879039704524469,2011,4,14.003333333333332,5144.0,12244.666666666666,3.2452047693105235,3.4525507704034415,15.133333333333333,16693.333333333332,29442.666666666668,42275.333333333336,24494.0,25331.33333333334,7483.609319335421,-2.4492935982947064e-16,1.0
Quezon,2012-01-01,35202.0,10404.0,3.383506343713956,2012,1,15.166666666666666,9386.0,8850.666666666666,2.879039704524469,3.3735311840915942,14.003333333333332,27022.666666666668,16693.333333333332,29858.0,27762.0,24386.22222222223,6771.226225181973,1.0,6.123233995736766e-17
Quezon,2012-04-01,28330.666666666668,9112.666666666666,3.108932621259785,2012,2,15.083333333333334,10404.0,8982.0,3.383506343713956,3.2779633340755585,15.166666666666666,35202.0,27022.666666666668,29442.666666666668,14045.333333333334,26306.000000000004,9275.122305273244,1.2246467991473532e-16,-1.0
Quezon,2012-07-01,10772.0,3452.0,3.1205098493626884,2012,3,14.693333333333333,9112.666666666666,5144.0,3.108932621259785,3.2452047693105235,15.083333333333334,28330.666666666668,35202.0,16693.333333333332,8645.333333333334,30185.11111111112,4393.699647517115,-1.0,-1.8369701987210297e-16
Quezon,2012-10-01,32996.0,10976.666666666666,3.006012754327361,2012,4,14.513333333333334,3452.0,9386.0,3.1205098493626884,2.879039704524469,14.693333333333333,10772.0,28330.666666666668,27022.666666666668,42275.333333333336,24768.22222222223,12598.590509053556,-2.4492935982947064e-16,1.0
Quezon,2013-01-01,30263.333333333332,9692.666666666666,3.1222917669715935,2013,1,14.813333333333333,10976.666666666666,10404.0,3.006012754327361,3.383506343713956,14.513333333333334,32996.0,10772.0,35202.0,29858.0,24032.888888888894,11718.776146439948,1.0,6.123233995736766e-17
Quezon,2013-04-01,30674.0,9066.666666666666,3.3831617647058825,2013,2,15.046666666666667,9692.666666666666,9112.666666666666,3.1222917669715935,3.108932621259785,14.813333333333333,30263.333333333332,32996.0,28330.666666666668,29442.666666666668,24677.111111111113,12119.445244607386,1.2246467991473532e-16,-1.0
Quezon,2013-07-01,9982.666666666666,3036.6666666666665,3.287376509330406,2013,3,17.453333333333333,9066.666666666666,3452.0,3.3831617647058825,3.1205098493626884,15.046666666666667,30674.0,30263.333333333332,10772.0,16693.333333333332,31311.111111111113,1473.533068411821,-1.0,-1.8369701987210297e-16
Quezon,2013-10-01,35595.333333333336,11834.0,3.0078868796124163,2013,4,14.703333333333333,3036.6666666666665,10976.666666666666,3.287376509330406,3.006012754327361,17.453333333333333,9982.666666666666,30674.0,32996.0,27022.666666666668,23640.000000000004,11829.379827831664,-2.4492935982947064e-16,1.0
Quezon,2014-01-01,22408.0,9638.666666666666,2.324802877299765,2014,1,17.653333333333332,11834.0,9692.666666666666,3.0078868796124163,3.1222917669715935,14.703333333333333,35595.333333333336,9982.666666666666,30263.333333333332,35202.0,25417.333333333343,13591.415738537962,1.0,6.123233995736766e-17
Quezon,2014-04-01,25644.0,8740.0,2.934096109839817,2014,2,20.076666666666668,9638.666666666666,9066.666666666666,2.324802877299765,3.3831617647058825,17.653333333333332,22408.0,35595.333333333336,30674.0,28330.666666666668,22662.00000000001,12808.22237644413,1.2246467991473532e-16,-1.0
Quezon,2014-07-01,7951.333333333333,2506.0,3.1729183293429104,2014,3,21.034999999999997,8740.0,3036.6666666666665,2.934096109839817,3.287376509330406,20.076666666666668,25644.0,22408.0,9982.666666666666,10772.0,27882.44444444445,6872.729825859508,-1.0,-1.8369701987210297e-16
Quezon,2014-10-01,47183.333333333336,13129.333333333334,3.593734132223012,2014,4,15.546666666666667,2506.0,11834.0,3.1729183293429104,3.0078868796124163,21.034999999999997,7951.333333333333,25644.0,35595.333333333336,32996.0,18667.777777777785,9420.698495767065,-2.4492935982947064e-16,1.0
Quezon,2015-01-01,25998.0,8272.0,3.1428916827853,2015,1,14.973333333333334,13129.333333333334,9638.666666666666,3.593734132223012,2.324802877299765,15.546666666666667,47183.333333333336,7951.333333333333,22408.0,30263.333333333332,26926.22222222223,19647.40507981576,1.0,6.123233995736766e-17
Quezon,2015-04-01,32420.0,11170.666666666666,2.902243972308427,2015,2,15.67,8272.0,8740.0,3.1428916827853,2.934096109839817,14.973333333333334,25998.0,47183.333333333336,25644.0,30674.0,27044.22222222223,19636.91400662801,1.2246467991473532e-16,-1.0
Quezon,2015-07-01,5822.666666666667,1733.3333333333333,3.3592307692307695,2015,3,16.01,11170.666666666666,2506.0,2.902243972308427,3.1729183293429104,15.67,32420.0,25998.0,7951.333333333333,9982.666666666666,35200.44444444445,10862.906636466692,-1.0,-1.8369701987210297e-16
Quezon,2015-10-01,33751.333333333336,11424.666666666666,2.954251035770555,2015,4,15.773333333333333,1733.3333333333333,13129.333333333334,3.3592307692307695,3.593734132223012,16.01,5822.666666666667,32420.0,47183.333333333336,35595.333333333336,21413.55555555556,13878.666479862492,-2.4492935982947064e-16,1.0
Quezon,2016-01-01,28136.666666666668,8641.333333333334,3.2560561641721955,2016,1,15.840000000000002,11424.666666666666,8272.0,2.954251035770555,3.1428916827853,15.773333333333333,33751.333333333336,5822.666666666667,25998.0,22408.0,23998.000000000004,15754.369820606724,1.0,6.123233995736766e-17
Quezon,2016-04-01,34134.666666666664,10514.0,3.246591845792911,2016,2,16.283333333333335,8641.333333333334,11170.666666666666,3.2560561641721955,2.902243972308427,15.840000000000002,28136.666666666668,33751.333333333336,32420.0,25644.0,22570.22222222223,14773.0018364332,1.2246467991473532e-16,-1.0
Quezon,2016-07-01,17146.666666666668,4732.666666666667,3.623045499366108,2016,3,16.52,10514.0,1733.3333333333333,3.246591845792911,3.3592307692307695,16.283333333333335,34134.666666666664,28136.666666666668,5822.666666666667,7951.333333333333,32007.555555555562,3357.762901650918,-1.0,-1.8369701987210297e-16
Quezon,2016-10-01,32656.666666666668,11392.0,2.866631554307116,2016,4,16.14,4732.666666666667,11424.666666666666,3.623045499366108,2.954251035770555,16.52,17146.666666666668,34134.666666666664,33751.333333333336,47183.333333333336,26472.66666666667,8615.376254116789,-2.4492935982947064e-16,1.0
Quezon,2017-01-01,27494.0,8784.666666666666,3.129771571677924,2017,1,16.51,11392.0,8641.333333333334,2.866631554307116,3.2560561641721955,16.14,32656.666666666668,17146.666666666668,28136.666666666668,25998.0,27979.333333333332,9410.426203596347,1.0,6.123233995736766e-17
Quezon,2017-04-01,32334.0,10323.333333333334,3.132127865676461,2017,2,17.256666666666668,8784.666666666666,10514.0,3.129771571677924,3.246591845792911,16.51,27494.0,32656.666666666668,34134.666666666664,32420.0,25765.77777777778,7898.106674199614,1.2246467991473532e-16,-1.0
Quezon,2017-07-01,16324.666666666666,4648.666666666667,3.511687939194034,2017,3,17.83666666666667,10323.333333333334,4732.666666666667,3.132127865676461,3.623045499366108,17.256666666666668,32334.0,27494.0,17146.666666666668,5822.666666666667,30828.22222222223,2892.024691252529,-1.0,-1.8369701987210297e-16
Quezon,2017-10-01,39332.666666666664,12272.666666666666,3.2048997772828507,2017,4,16.813333333333333,4648.666666666667,11392.0,3.511687939194034,2.866631554307116,17.83666666666667,16324.666666666666,32334.0,32656.666666666668,33751.333333333336,25384.22222222223,8210.545666893744,-2.4492935982947064e-16,1.0
Quezon,2018-01-01,30636.0,8992.0,3.4070284697508897,2018,1,19.34,12272.666666666666,8784.666666666666,3.2048997772828507,3.129771571677924,16.813333333333333,39332.666666666664,16324.666666666666,27494.0,28136.666666666668,29330.44444444445,11794.40653367014,1.0,6.123233995736766e-17
Quezon,2018-04-01,37875.333333333336,10710.666666666666,3.536225569525707,2018,2,19.793333333333333,8992.0,10323.333333333334,3.4070284697508897,3.132127865676461,19.34,30636.0,39332.666666666664,32334.0,34134.666666666664,28764.44444444445,11617.618350942139,1.2246467991473532e-16,-1.0
Quezon,2018-07-01,10846.666666666666,2912.6666666666665,3.723964293888762,2018,3,21.173333333333332,10710.666666666666,4648.666666666667,3.536225569525707,3.511687939194034,19.793333333333333,37875.333333333336,30636.0,16324.666666666666,17146.666666666668,35948.0,4657.677866824892,-1.0,-1.8369701987210297e-16
Quezon,2018-10-01,38888.833333333336,10618.666666666666,3.662308513309895,2018,4,20.43,2912.6666666666665,12272.666666666666,3.723964293888762,3.2048997772828507,21.173333333333332,10846.666666666666,37875.333333333336,39332.666666666664,32656.666666666668,26452.66666666667,13991.512204825369,-2.4492935982947064e-16,1.0
Quezon,2019-01-01,25468.666666666668,8997.333333333334,2.830690574985181,2019,1,18.073333333333334,10618.666666666666,8992.0,3.662308513309895,3.4070284697508897,20.43,38888.833333333336,10846.666666666666,30636.0,27494.0,29203.611111111113,15905.654735496251,1.0,6.123233995736766e-17
Quezon,2019-04-01,29847.566666666666,10142.0,2.942966541773483,2019,2,15.553333333333335,8997.333333333334,10710.666666666666,2.830690574985181,3.536225569525707,18.073333333333334,25468.666666666668,38888.833333333336,37875.333333333336,32334.0,25068.055555555562,14025.375031956775,1.2246467991473532e-16,-1.0
Quezon,2019-07-01,6144.666666666667,1887.3333333333333,3.2557400211939247,2019,3,15.33,10142.0,2912.6666666666665,2.942966541773483,3.723964293888762,15.553333333333335,29847.566666666666,25468.666666666668,10846.666666666666,16324.666666666666,31401.688888888893,6843.733648490488,-1.0,-1.8369701987210297e-16
Quezon,2019-10-01,30168.666666666668,8428.666666666666,3.5792928893458833,2019,4,14.12,1887.3333333333333,10618.666666666666,3.2557400211939247,3.662308513309895,15.33,6144.666666666667,29847.566666666666,38888.833333333336,39332.666666666664,20486.96666666667,12612.290365750363,-2.4492935982947064e-16,1.0
Quezon,2020-01-01,26868.666666666668,8935.333333333334,3.0070133552189806,2020,1,15.469999999999999,8428.666666666666,8997.333333333334,3.5792928893458833,2.830690574985181,14.12,30168.666666666668,6144.666666666667,25468.666666666668,30636.0,22053.633333333342,13778.504694027317,1.0,6.123233995736766e-17
Quezon,2020-04-01,39717.333333333336,10451.333333333334,3.800216878229253,2020,2,16.836666666666666,8935.333333333334,10142.0,3.0070133552189806,2.942966541773483,15.469999999999999,26868.666666666668,30168.666666666668,29847.566666666666,37875.333333333336,21060.666666666675,13022.587761270779,1.2246467991473532e-16,-1.0
Quezon,2020-07-01,12835.066666666666,3944.6666666666665,3.2537772519858037,2020,3,16.84,10451.333333333334,1887.3333333333333,3.800216878229253,3.2557400211939247,16.836666666666666,39717.333333333336,26868.666666666668,6144.666666666667,10846.666666666666,32251.555555555562,6672.771416013721,-1.0,-1.8369701987210297e-16
Quezon,2020-10-01,44698.0,12222.666666666666,3.656976109959638,2020,4,12.936666666666667,3944.6666666666665,8428.666666666666,3.2537772519858037,3.5792928893458833,16.84,12835.066666666666,39717.333333333336,30168.666666666668,38888.833333333336,26473.688888888893,13445.485148113754,-2.4492935982947064e-16,1.0
Quezon,2021-01-01,31889.333333333332,9438.666666666666,3.378584545839808,2021,1,17.006666666666664,12222.666666666666,8935.333333333334,3.656976109959638,3.0070133552189806,12.936666666666667,44698.0,12835.066666666666,26868.666666666668,25468.666666666668,32416.800000000007,17140.156661023953,1.0,6.123233995736766e-17
Quezon,2021-04-01,43337.333333333336,11028.0,3.9297545641397655,2021,2,17.099999999999998,9438.666666666666,10451.333333333334,3.378584545839808,3.800216878229253,17.006666666666664,31889.333333333332,44698.0,39717.333333333336,29847.566666666666,29807.46666666667,16033.161159435896,1.2246467991473532e-16,-1.0
Quezon,2021-07-01,13170.666666666666,4051.3333333333335,3.25094619055455,2021,3,14.956666666666669,11028.0,3944.6666666666665,3.9297545641397655,3.2537772519858037,17.099999999999998,43337.333333333336,31889.333333333332,12835.066666666666,6144.666666666667,39974.8888888889,7035.26900167472,-1.0,-1.8369701987210297e-16
Quezon,2021-10-01,46991.333333333336,12876.666666666666,3.6493398912762105,2021,4,14.696666666666667,4051.3333333333335,12222.666666666666,3.25094619055455,3.656976109959638,14.956666666666669,13170.666666666666,43337.333333333336,44698.0,30168.666666666668,29465.777777777785,15228.662468929828,-2.4492935982947064e-16,1.0
Quezon,2022-01-01,36490.0,10004.0,3.6475409836065573,2022,1,16.476666666666667,12876.666666666666,9438.666666666666,3.6493398912762105,3.378584545839808,14.696666666666667,46991.333333333336,13170.666666666666,31889.333333333332,26868.666666666668,34499.77777777779,18561.68539202709,1.0,6.123233995736766e-17
Quezon,2022-04-01,40526.333333333336,10569.333333333334,3.8343320297716663,2022,2,16.27,10004.0,11028.0,3.6475409836065573,3.9297545641397655,16.476666666666667,36490.0,46991.333333333336,43337.333333333336,39717.333333333336,32217.33333333334,17310.434245788783,1.2246467991473532e-16,-1.0
Quezon,2022-07-01,9803.333333333334,2818.0,3.478826590962858,2022,3,16.919999999999998,10569.333333333334,4051.3333333333335,3.8343320297716663,3.25094619055455,16.27,40526.333333333336,36490.0,13170.666666666666,12835.066666666666,41335.8888888889,5297.266803984082,-1.0,-1.8369701987210297e-16
Quezon,2022-10-01,37099.333333333336,11473.333333333334,3.233527019174898,2022,4,17.623333333333335,2818.0,12876.666666666666,3.478826590962858,3.6493398912762105,16.919999999999998,9803.333333333334,40526.333333333336,46991.333333333336,44698.0,28939.888888888894,16695.173422057997,-2.4492935982947064e-16,1.0
Quezon,2023-01-01,36790.666666666664,10118.666666666666,3.6359204111213597,2023,1,17.48333333333333,11473.333333333334,10004.0,3.233527019174898,3.6475409836065573,17.623333333333335,37099.333333333336,9803.333333333334,36490.0,31889.333333333332,29143.00000000001,16836.06582112735,1.0,6.123233995736766e-17
Quezon,2023-04-01,41362.666666666664,10680.0,3.8729088639200997,2023,2,18.206666666666667,10118.666666666666,10569.333333333334,3.6359204111213597,3.8343320297716663,17.48333333333333,36790.666666666664,37099.333333333336,40526.333333333336,43337.333333333336,27897.77777777778,15671.008537825248,1.2246467991473532e-16,-1.0
Quezon,2023-07-01,11908.666666666666,3109.3333333333335,3.8299742710120066,2023,3,20.213333333333335,10680.0,2818.0,3.8729088639200997,3.478826590962858,18.206666666666667,41362.666666666664,36790.666666666664,9803.333333333334,13170.666666666666,38417.55555555556,2555.2061307005297,-1.0,-1.8369701987210297e-16
Quezon,2023-10-01,46357.333333333336,12351.333333333334,3.753225022939494,2023,4,22.99,3109.3333333333335,11473.333333333334,3.8299742710120066,3.233527019174898,20.213333333333335,11908.666666666666,41362.666666666664,37099.333333333336,46991.333333333336,30020.66666666667,15851.157812601552,-2.4492935982947064e-16,1.0
Quezon,2024-01-01,28777.333333333332,9295.333333333334,3.0958904109589036,2024,1,24.41,12351.333333333334,10118.666666666666,3.753225022939494,3.6359204111213597,22.99,46357.333333333336,11908.666666666666,36790.666666666664,36490.0,33209.55555555556,18615.38542094602,1.0,6.123233995736766e-17
Quezon,2024-04-01,33060.35333333333,9185.573333333334,3.599160567730847,2024,2,23.203333333333333,9295.333333333334,10680.0,3.0958904109589036,3.8729088639200997,24.41,28777.333333333332,46357.333333333336,41362.666666666664,40526.333333333336,29014.44444444445,17225.557321521886,1.2246467991473532e-16,-1.0
Quezon,2024-07-01,9894.833333333334,2683.866666666667,3.686782751254409,2024,3,22.46666666666667,9185.573333333334,3109.3333333333335,3.599160567730847,3.8299742710120066,23.203333333333333,33060.35333333333,28777.333333333332,11908.666666666666,9803.333333333334,36065.00666666667,9167.063665107411,-1.0,-1.8369701987210297e-16
Quezon,2024-10-01,22228.60666666667,7502.986666666667,2.962634435353744,2024,4,17.583333333333332,2683.866666666667,12351.333333333334,3.686782751254409,3.753225022939494,22.46666666666667,9894.833333333334,33060.35333333333,46357.333333333336,37099.333333333336,23910.84,12325.680396640686,-2.4492935982947064e-16,1.0
Quezon,2025-01-01,29704.460000000003,9094.0,3.2663800307895317,2025,1,17.56,7502.986666666667,9295.333333333334,2.962634435353744,3.0958904109589036,17.583333333333332,22228.60666666667,9894.833333333334,28777.333333333332,36790.666666666664,21727.931111111116,11590.87297085717,1.0,6.123233995736766e-17
Quezon,2025-04-01,35599.72,9398.0,3.788010214939349,2025,2,13.736666666666666,9094.0,9185.573333333334,3.2663800307895317,3.599160567730847,17.56,29704.460000000003,22228.60666666667,33060.35333333333,41362.666666666664,20609.300000000007,10003.596489698608,1.2246467991473532e-16,-1.0
Quezon,2025-07-01,8532.6,2466.0,3.4600973236009733,2025,3,12.36,9398.0,2683.866666666667,3.788010214939349,3.686782751254409,13.736666666666666,35599.72,29704.460000000003,9894.833333333334,11908.666666666666,29177.59555555556,6701.108680683002,-1.0,-1.8369701987210297e-16
Quezon,2025-10-01,26531.453333333335,9664.666666666666,2.7452010760847076,2025,4,13.979999999999999,2466.0,7502.986666666667,3.4600973236009733,2.962634435353744,12.36,8532.6,35599.72,22228.60666666667,46357.333333333336,24612.26000000001,14233.942598718011,-2.4492935982947064e-16,1.0
Quezon,2026-01-01,23732.666666666668,7138.666666666667,3.324523720582742,2026,1,22.633333333333336,9664.666666666666,9094.0,2.7452010760847076,3.2663800307895317,13.979999999999999,26531.453333333335,8532.6,29704.460000000003,28777.333333333332,23554.591111111116,13776.920112680105,1.0,6.123233995736766e-17
Quezon,2026-04-01,53878.59333333333,13477.153333333334,3.9977725266413824,2026,2,22.513333333333332,7138.666666666667,9398.0,3.324523720582742,3.788010214939349,22.633333333333336,23732.666666666668,26531.453333333335,35599.72,33060.35333333333,19598.906666666673,9685.332164252828,1.2246467991473532e-16,-1.0
Quezon,2026-07-01,,,,2026,3,22.31,13477.153333333334,2466.0,3.9977725266413824,3.4600973236009733,22.513333333333332,53878.59333333333,23732.666666666668,8532.6,9894.833333333334,34714.23777777778,16655.710570137548,-1.0,-1.8369701987210297e-16
Quezon,2026-10-01,,,,2026,4,,,9664.666666666666,,2.7452010760847076,22.31,,53878.59333333333,26531.453333333335,22228.60666666667,38805.630000000005,21316.38917115233,-2.4492935982947064e-16,1.0
Rizal,1987-01-01,2861.3333333333335,1140.0,2.5099415204678364,1987,1,,,,,,,,,,,,,1.0,6.123233995736766e-17
Rizal,1987-04-01,2885.3333333333335,640.0,4.508333333333334,1987,2,,1140.0,,2.5099415204678364,,,2861.3333333333335,,,,,,1.2246467991473532e-16,-1.0
Rizal,1987-07-01,234.66666666666666,106.66666666666667,2.1999999999999997,1987,3,,640.0,,4.508333333333334,,,2885.3333333333335,2861.3333333333335,,,2873.3333333333335,16.97056274847714,-1.0,-1.8369701987210297e-16
Rizal,1987-10-01,10318.0,3220.0,3.2043478260869565,1987,4,,106.66666666666667,,2.1999999999999997,,,234.66666666666666,2885.3333333333335,,,1993.777777777778,1523.482171187417,-2.4492935982947064e-16,1.0
Rizal,1988-01-01,3087.3333333333335,1073.3333333333333,2.876397515527951,1988,1,,3220.0,1140.0,3.2043478260869565,2.5099415204678364,,10318.0,234.66666666666666,2861.3333333333335,,4479.333333333333,5227.239211838098,1.0,6.123233995736766e-17
Rizal,1988-04-01,3856.0,1006.6666666666666,3.8304635761589405,1988,2,,1073.3333333333333,640.0,2.876397515527951,4.508333333333334,,3087.3333333333335,10318.0,2885.3333333333335,,4546.666666666667,5197.657463811088,1.2246467991473532e-16,-1.0
Rizal,1988-07-01,904.0,240.0,3.7666666666666666,1988,3,,1006.6666666666666,106.66666666666667,3.8304635761589405,2.1999999999999997,,3856.0,3087.3333333333335,234.66666666666666,,5753.777777777777,3971.3732488248293,-1.0,-1.8369701987210297e-16
Rizal,1988-10-01,7744.666666666667,2713.3333333333335,2.8542997542997544,1988,4,,240.0,3220.0,3.7666666666666666,3.2043478260869565,,904.0,3856.0,10318.0,,2615.777777777778,1531.4533886088357,-2.4492935982947064e-16,1.0
Rizal,1989-01-01,1375.3333333333333,406.6666666666667,3.381967213114754,1989,1,,2713.3333333333335,1073.3333333333333,2.8542997542997544,2.876397515527951,,7744.666666666667,904.0,3087.3333333333335,2861.3333333333335,4168.222222222222,3431.0045392199863,1.0,6.123233995736766e-17
Rizal,1989-04-01,4532.0,1253.3333333333333,3.615957446808511,1989,2,,406.6666666666667,1006.6666666666666,3.381967213114754,3.8304635761589405,,1375.3333333333333,7744.666666666667,3856.0,2885.3333333333335,3341.3333333333335,3820.6736462450067,1.2246467991473532e-16,-1.0
Rizal,1989-07-01,944.6666666666666,306.6666666666667,3.0804347826086955,1989,3,,1253.3333333333333,240.0,3.615957446808511,3.7666666666666666,,4532.0,1375.3333333333333,904.0,234.66666666666666,4550.666666666667,3184.70769633747,-1.0,-1.8369701987210297e-16
Rizal,1989-10-01,9157.333333333334,2953.3333333333335,3.1006772009029344,1989,4,,306.6666666666667,2713.3333333333335,3.0804347826086955,2.8542997542997544,,944.6666666666666,4532.0,7744.666666666667,10318.0,2284.0,1958.6976398730994,-2.4492935982947064e-16,1.0
Rizal,1990-01-01,2324.6666666666665,660.0,3.522222222222222,1990,1,,2953.3333333333335,406.6666666666667,3.1006772009029344,3.381967213114754,,9157.333333333334,944.6666666666666,1375.3333333333333,3087.3333333333335,4878.0,4117.251564386666,1.0,6.123233995736766e-17
Rizal,1990-04-01,4416.0,1466.6666666666667,3.0109090909090908,1990,2,,660.0,1253.3333333333333,3.522222222222222,3.615957446808511,,2324.6666666666665,9157.333333333334,4532.0,3856.0,4142.222222222223,4397.681729342473,1.2246467991473532e-16,-1.0
Rizal,1990-07-01,1781.3333333333333,453.3333333333333,3.929411764705882,1990,3,,1466.6666666666667,306.6666666666667,3.0109090909090908,3.0804347826086955,,4416.0,2324.6666666666665,944.6666666666666,904.0,5299.333333333334,3500.934414949498,-1.0,-1.8369701987210297e-16
Rizal,1990-10-01,9243.333333333334,2806.6666666666665,3.293349168646081,1990,4,,453.3333333333333,2953.3333333333335,3.929411764705882,3.1006772009029344,,1781.3333333333333,4416.0,9157.333333333334,7744.666666666667,2840.6666666666674,1391.0640212122228,-2.4492935982947064e-16,1.0
Rizal,1991-01-01,3598.6666666666665,1080.0,3.332098765432099,1991,1,,2806.6666666666665,660.0,3.293349168646081,3.522222222222222,,9243.333333333334,1781.3333333333333,2324.6666666666665,1375.3333333333333,5146.88888888889,3784.311023941602,1.0,6.123233995736766e-17
Rizal,1991-04-01,5143.333333333333,1380.0,3.727053140096618,1991,2,,1080.0,1466.6666666666667,3.332098765432099,3.0109090909090908,,3598.6666666666665,9243.333333333334,4416.0,4532.0,4874.444444444445,3891.15249042025,1.2246467991473532e-16,-1.0
Rizal,1991-07-01,1000.6666666666666,253.33333333333334,3.9499999999999997,1991,3,,1380.0,453.3333333333333,3.727053140096618,3.929411764705882,,5143.333333333333,3598.6666666666665,1781.3333333333333,944.6666666666666,5995.111111111112,2917.1406345052155,-1.0,-1.8369701987210297e-16
Rizal,1991-10-01,6854.666666666667,2133.3333333333335,3.213125,1991,4,,253.33333333333334,2806.6666666666665,3.9499999999999997,3.293349168646081,,1000.6666666666666,5143.333333333333,9243.333333333334,9157.333333333334,3247.555555555556,2093.5331468684813,-2.4492935982947064e-16,1.0
Rizal,1992-01-01,3268.0,940.0,3.476595744680851,1992,1,,2133.3333333333335,1080.0,3.213125,3.332098765432099,,6854.666666666667,1000.6666666666666,3598.6666666666665,2324.6666666666665,4332.88888888889,3009.9741108767294,1.0,6.123233995736766e-17
Rizal,1992-04-01,5896.0,1866.6666666666667,3.1585714285714284,1992,2,,940.0,1380.0,3.476595744680851,3.727053140096618,,3268.0,6854.666666666667,5143.333333333333,4416.0,3707.7777777777787,2951.6745027814945,1.2246467991473532e-16,-1.0
Rizal,1992-07-01,2577.3333333333335,746.6666666666666,3.4517857142857147,1992,3,,1866.6666666666667,253.33333333333334,3.1585714285714284,3.9499999999999997,,5896.0,3268.0,1000.6666666666666,1781.3333333333333,5339.555555555557,1856.951065391673,-1.0,-1.8369701987210297e-16
Rizal,1992-10-01,7021.333333333333,2113.3333333333335,3.3223974763406936,1992,4,,746.6666666666666,2133.3333333333335,3.4517857142857147,3.213125,,2577.3333333333335,5896.0,6854.666666666667,9243.333333333334,3913.7777777777787,1751.0450636162464,-2.4492935982947064e-16,1.0
Rizal,1993-01-01,4118.666666666667,1193.3333333333333,3.4513966480446934,1993,1,,2113.3333333333335,940.0,3.3223974763406936,3.476595744680851,,7021.333333333333,2577.3333333333335,3268.0,3598.6666666666665,5164.88888888889,2310.4494351949365,1.0,6.123233995736766e-17
Rizal,1993-04-01,5249.333333333333,1506.6666666666667,3.4840707964601765,1993,2,,1193.3333333333333,1866.6666666666667,3.4513966480446934,3.1585714285714284,,4118.666666666667,7021.333333333333,5896.0,5143.333333333333,4572.444444444445,2256.4839249823413,1.2246467991473532e-16,-1.0
Rizal,1993-07-01,573.3333333333334,186.66666666666666,3.0714285714285716,1993,3,,1506.6666666666667,746.6666666666666,3.4840707964601765,3.4517857142857147,,5249.333333333333,4118.666666666667,2577.3333333333335,1000.6666666666666,5463.111111111112,1463.0940325721233,-1.0,-1.8369701987210297e-16
Rizal,1993-10-01,8632.666666666666,2813.3333333333335,3.0684834123222746,1993,4,,186.66666666666666,2113.3333333333335,3.0714285714285716,3.3223974763406936,,573.3333333333334,5249.333333333333,7021.333333333333,6854.666666666667,3313.7777777777787,2439.698463456622,-2.4492935982947064e-16,1.0
Rizal,1994-01-01,5768.0,1640.0,3.5170731707317073,1994,1,,2813.3333333333335,1193.3333333333333,3.0684834123222746,3.4513966480446934,,8632.666666666666,573.3333333333334,4118.666666666667,3268.0,4818.444444444445,4046.907754121705,1.0,6.123233995736766e-17
Rizal,1994-04-01,4701.333333333333,1340.0,3.508457711442786,1994,2,,1640.0,1506.6666666666667,3.5170731707317073,3.4840707964601765,,5768.0,8632.666666666666,5249.333333333333,5896.0,4991.333333333334,4085.4157411183733,1.2246467991473532e-16,-1.0
Rizal,1994-07-01,565.3333333333334,186.66666666666666,3.028571428571429,1994,3,,1340.0,186.66666666666666,3.508457711442786,3.0714285714285716,,4701.333333333333,5768.0,573.3333333333334,2577.3333333333335,6367.333333333333,2033.0385578679493,-1.0,-1.8369701987210297e-16
Rizal,1994-10-01,3746.0,2426.6666666666665,1.5436813186813187,1994,4,,186.66666666666666,2813.3333333333335,3.028571428571429,3.0684834123222746,,565.3333333333334,4701.333333333333,8632.666666666666,7021.333333333333,3678.2222222222226,2748.0906772467274,-2.4492935982947064e-16,1.0
Rizal,1995-01-01,4678.666666666667,1360.0,3.4401960784313728,1995,1,,2426.6666666666665,1640.0,1.5436813186813187,3.5170731707317073,,3746.0,565.3333333333334,5768.0,4118.666666666667,3004.2222222222226,2165.479093342558,1.0,6.123233995736766e-17
Rizal,1995-04-01,3936.0,1366.6666666666667,2.88,1995,2,,1360.0,1340.0,3.4401960784313728,3.508457711442786,,4678.666666666667,3746.0,4701.333333333333,5249.333333333333,2996.666666666668,2156.618443561845,1.2246467991473532e-16,-1.0
Rizal,1995-07-01,498.6666666666667,153.33333333333334,3.252173913043478,1995,3,,1366.6666666666667,186.66666666666666,2.88,3.028571428571429,,3936.0,4678.666666666667,565.3333333333334,573.3333333333334,4120.222222222223,492.8693012839779,-1.0,-1.8369701987210297e-16
Rizal,1995-10-01,3655.3333333333335,2653.3333333333335,1.377638190954774,1995,4,,153.33333333333334,2426.6666666666665,3.252173913043478,1.5436813186813187,,498.6666666666667,3936.0,3746.0,8632.666666666666,3037.7777777777787,2230.0677950166396,-2.4492935982947064e-16,1.0
Rizal,1996-01-01,4980.0,1450.0,3.43448275862069,1996,1,,2653.3333333333335,1360.0,1.377638190954774,3.4401960784313728,,3655.3333333333335,498.6666666666667,4678.666666666667,5768.0,2696.6666666666674,1908.689719269334,1.0,6.123233995736766e-17
Rizal,1996-04-01,5292.0,1400.0,3.78,1996,2,,1450.0,1366.6666666666667,3.43448275862069,2.88,,4980.0,3655.3333333333335,3936.0,4701.333333333333,3044.666666666668,2302.2320570360516,1.2246467991473532e-16,-1.0
Rizal,1996-07-01,560.6666666666666,170.0,3.2980392156862743,1996,3,,1400.0,153.33333333333334,3.78,3.252173913043478,,5292.0,4980.0,498.6666666666667,565.3333333333334,4642.444444444445,868.980586238419,-1.0,-1.8369701987210297e-16
Rizal,1996-10-01,7885.333333333333,2686.6666666666665,2.934987593052109,1996,4,,170.0,2653.3333333333335,3.2980392156862743,1.377638190954774,,560.6666666666666,5292.0,3655.3333333333335,3746.0,3610.88888888889,2646.1722740032837,-2.4492935982947064e-16,1.0
Rizal,1997-01-01,5150.0,1490.0,3.4563758389261743,1997,1,,2686.6666666666665,1450.0,2.934987593052109,3.43448275862069,,7885.333333333333,560.6666666666666,4980.0,4678.666666666667,4579.333333333335,3713.974391104196,1.0,6.123233995736766e-17
Rizal,1997-04-01,6851.333333333333,1700.0,4.030196078431373,1997,2,,1490.0,1400.0,3.4563758389261743,3.78,,5150.0,7885.333333333333,5292.0,3936.0,4532.000000000001,3701.2333680064608,1.2246467991473532e-16,-1.0
Rizal,1997-07-01,654.6666666666666,180.0,3.637037037037037,1997,3,,1700.0,170.0,4.030196078431373,3.2980392156862743,,6851.333333333333,5150.0,560.6666666666666,498.6666666666667,6628.8888888888905,1381.1673538204063,-1.0,-1.8369701987210297e-16
Rizal,1997-10-01,9632.0,2694.0,3.575352635486266,1997,4,,180.0,2686.6666666666665,3.637037037037037,2.934987593052109,,654.6666666666666,6851.333333333333,7885.333333333333,3655.3333333333335,4218.666666666667,3201.5942556447994,-2.4492935982947064e-16,1.0
Rizal,1998-01-01,3192.0,1276.6666666666667,2.500261096605744,1998,1,,2694.0,1490.0,3.575352635486266,3.4563758389261743,,9632.0,654.6666666666666,5150.0,4980.0,5712.666666666667,4595.709931857948,1.0,6.123233995736766e-17
Rizal,1998-04-01,4844.0,1614.6666666666667,3.0,1998,2,,1276.6666666666667,1700.0,2.500261096605744,4.030196078431373,,3192.0,9632.0,6851.333333333333,5292.0,4492.88888888889,4627.889623831836,1.2246467991473532e-16,-1.0
Rizal,1998-07-01,40.0,13.333333333333334,3.0,1998,3,,1614.6666666666667,180.0,3.0,3.637037037037037,,4844.0,3192.0,654.6666666666666,560.6666666666666,5889.333333333333,3344.838013018469,-1.0,-1.8369701987210297e-16
Rizal,1998-10-01,7133.333333333333,2300.6666666666665,3.1005505650536076,1998,4,,13.333333333333334,2694.0,3.0,3.575352635486266,,40.0,4844.0,9632.0,7885.333333333333,2692.0000000000005,2440.717927168151,-2.4492935982947064e-16,1.0
Rizal,1999-01-01,6766.666666666667,1888.6666666666667,3.5827744440522413,1999,1,,2300.6666666666665,1276.6666666666667,3.1005505650536076,2.500261096605744,,7133.333333333333,40.0,3192.0,5150.0,4005.7777777777787,3620.1943062237438,1.0,6.123233995736766e-17
Rizal,1999-04-01,5690.0,1517.3333333333333,3.75,1999,2,,1888.6666666666667,1614.6666666666667,3.5827744440522413,3.0,,6766.666666666667,7133.333333333333,4844.0,6851.333333333333,4646.666666666667,3993.700595243019,1.2246467991473532e-16,-1.0
Rizal,1999-07-01,448.0,147.33333333333334,3.0407239819004523,1999,3,,1517.3333333333333,13.333333333333334,3.75,3.0,,5690.0,6766.666666666667,40.0,654.6666666666666,6530.0,750.2073787367829,-1.0,-1.8369701987210297e-16
Rizal,1999-10-01,8450.666666666666,2516.6666666666665,3.3578807947019866,1999,4,,147.33333333333334,2300.6666666666665,3.0407239819004523,3.1005505650536076,,448.0,5690.0,7133.333333333333,9632.0,4301.555555555557,3380.4172216743586,-2.4492935982947064e-16,1.0
Rizal,2000-01-01,6385.333333333333,1760.6666666666667,3.626656569481257,2000,1,,2516.6666666666665,1888.6666666666667,3.3578807947019866,3.5827744440522413,,8450.666666666666,448.0,6766.666666666667,3192.0,4862.88888888889,4064.9419475605105,1.0,6.123233995736766e-17
Rizal,2000-04-01,6187.333333333333,1650.0,3.74989898989899,2000,2,,1760.6666666666667,1517.3333333333333,3.626656569481257,3.75,,6385.333333333333,8450.666666666666,5690.0,4844.0,5094.666666666667,4154.519680754657,1.2246467991473532e-16,-1.0
Rizal,2000-07-01,466.6666666666667,150.0,3.111111111111111,2000,3,,1650.0,147.33333333333334,3.74989898989899,3.0407239819004523,,6187.333333333333,6385.333333333333,448.0,40.0,7007.777777777778,1253.4940204321927,-1.0,-1.8369701987210297e-16
Rizal,2000-10-01,5148.0,2567.3333333333335,2.0051934562451312,2000,4,,150.0,2516.6666666666665,3.111111111111111,3.3578807947019866,,466.6666666666667,6187.333333333333,8450.666666666666,7133.333333333333,4346.444444444444,3361.4442883534016,-2.4492935982947064e-16,1.0
Rizal,2001-01-01,3914.6666666666665,1194.6666666666667,3.276785714285714,2001,1,,2567.3333333333335,1760.6666666666667,2.0051934562451312,3.626656569481257,,5148.0,466.6666666666667,6385.333333333333,6766.666666666667,3934.0000000000005,3047.4339661062027,1.0,6.123233995736766e-17
Rizal,2001-04-01,5826.666666666667,1533.3333333333333,3.8000000000000003,2001,2,,1194.6666666666667,1650.0,3.276785714285714,3.74989898989899,,3914.6666666666665,5148.0,6187.333333333333,5690.0,3176.4444444444453,2426.406701581886,1.2246467991473532e-16,-1.0
Rizal,2001-07-01,698.6666666666666,200.0,3.493333333333333,2001,3,,1533.3333333333333,150.0,3.8000000000000003,3.111111111111111,,5826.666666666667,3914.6666666666665,466.6666666666667,448.0,4963.111111111112,969.316215652009,-1.0,-1.8369701987210297e-16
Rizal,2001-10-01,9856.0,2850.0,3.458245614035088,2001,4,,200.0,2567.3333333333335,3.493333333333333,2.0051934562451312,,698.6666666666666,5826.666666666667,5148.0,8450.666666666666,3480.0000000000005,2591.485545653948,-2.4492935982947064e-16,1.0
Rizal,2002-01-01,4548.0,1303.3333333333333,3.489514066496164,2002,1,,2850.0,1194.6666666666667,3.458245614035088,3.276785714285714,,9856.0,698.6666666666666,3914.6666666666665,6385.333333333333,5460.444444444444,4589.638055607597,1.0,6.123233995736766e-17
Rizal,2002-04-01,5953.333333333333,1566.6666666666667,3.8,2002,2,,1303.3333333333333,1533.3333333333333,3.489514066496164,3.8000000000000003,,4548.0,9856.0,5826.666666666667,6187.333333333333,5034.222222222223,4597.988416849425,1.2246467991473532e-16,-1.0
Rizal,2002-07-01,544.6666666666666,157.33333333333334,3.4618644067796605,2002,3,,1566.6666666666667,200.0,3.8,3.493333333333333,,5953.333333333333,4548.0,698.6666666666666,466.6666666666667,6785.777777777778,2750.170688305513,-1.0,-1.8369701987210297e-16
Rizal,2002-10-01,9536.0,2585.3333333333335,3.6884992264053635,2002,4,,157.33333333333334,2850.0,3.4618644067796605,3.458245614035088,,544.6666666666666,5953.333333333333,9856.0,5148.0,3682.0000000000005,2806.4008583553737,-2.4492935982947064e-16,1.0
Rizal,2003-01-01,5577.333333333333,1419.3333333333333,3.929544387036167,2003,1,,2585.3333333333335,1303.3333333333333,3.6884992264053635,3.489514066496164,,9536.0,544.6666666666666,4548.0,3914.6666666666665,5344.666666666667,4526.463863891008,1.0,6.123233995736766e-17
Rizal,2003-04-01,6120.0,1700.0,3.6,2003,2,,1419.3333333333333,1566.6666666666667,3.929544387036167,3.8,,5577.333333333333,9536.0,5953.333333333333,5826.666666666667,5219.333333333333,4506.344613739365,1.2246467991473532e-16,-1.0
Rizal,2003-07-01,549.3333333333334,151.33333333333334,3.629955947136564,2003,3,,1700.0,157.33333333333334,3.6,3.4618644067796605,,6120.0,5577.333333333333,544.6666666666666,698.6666666666666,7077.777777777778,2146.104412219537,-1.0,-1.8369701987210297e-16
Rizal,2003-10-01,12552.0,2998.0,4.18679119412942,2003,4,,151.33333333333334,2585.3333333333335,3.629955947136564,3.6884992264053635,,549.3333333333334,6120.0,9536.0,9856.0,4082.2222222222226,3071.5793500581594,-2.4492935982947064e-16,1.0
Rizal,2004-01-01,5899.333333333333,1480.0,3.986036036036036,2004,1,,2998.0,1419.3333333333333,4.18679119412942,3.929544387036167,,12552.0,549.3333333333334,5577.333333333333,4548.0,6407.111111111112,6006.482029472026,1.0,6.123233995736766e-17
Rizal,2004-04-01,6510.0,1584.0,4.109848484848484,2004,2,,1480.0,1700.0,3.986036036036036,3.6,,5899.333333333333,12552.0,6120.0,5953.333333333333,6333.555555555556,6013.103481687431,1.2246467991473532e-16,-1.0
Rizal,2004-07-01,599.3333333333334,162.0,3.6995884773662553,2004,3,,1584.0,151.33333333333334,4.109848484848484,3.629955947136564,,6510.0,5899.333333333333,549.3333333333334,544.6666666666666,8320.444444444445,3677.3326283135293,-1.0,-1.8369701987210297e-16
Rizal,2004-10-01,13136.666666666666,3033.3333333333335,4.3307692307692305,2004,4,,162.0,2998.0,3.6995884773662553,4.18679119412942,,599.3333333333334,6510.0,12552.0,9536.0,4336.222222222223,3250.6126146267243,-2.4492935982947064e-16,1.0
Rizal,2005-01-01,3663.3333333333335,976.6666666666666,3.7508532423208196,2005,1,,3033.3333333333335,1480.0,4.3307692307692305,3.986036036036036,,13136.666666666666,599.3333333333334,5899.333333333333,5577.333333333333,6748.666666666667,6272.073270547079,1.0,6.123233995736766e-17
Rizal,2005-04-01,7503.333333333333,2150.0,3.4899224806201548,2005,2,,976.6666666666666,1584.0,3.7508532423208196,4.109848484848484,,3663.3333333333335,13136.666666666666,6510.0,6120.0,5799.777777777778,6536.0139172071795,1.2246467991473532e-16,-1.0
Rizal,2005-07-01,567.3333333333334,137.33333333333334,4.131067961165049,2005,3,,2150.0,162.0,3.4899224806201548,3.6995884773662553,,7503.333333333333,3663.3333333333335,599.3333333333334,549.3333333333334,8101.111111111112,4764.873011404904,-1.0,-1.8369701987210297e-16
Rizal,2005-10-01,13320.0,3086.6666666666665,4.315334773218143,2005,4,,137.33333333333334,3033.3333333333335,4.131067961165049,4.3307692307692305,,567.3333333333334,7503.333333333333,13136.666666666666,12552.0,3911.333333333334,3474.6441544422946,-2.4492935982947064e-16,1.0
Rizal,2006-01-01,6604.666666666667,1480.0,4.462612612612613,2006,1,,3086.6666666666665,976.6666666666666,4.315334773218143,3.7508532423208196,,13320.0,567.3333333333334,3663.3333333333335,5899.333333333333,7130.222222222223,6384.515306873633,1.0,6.123233995736766e-17
Rizal,2006-04-01,8320.0,1733.3333333333333,4.8,2006,2,,1480.0,2150.0,4.462612612612613,3.4899224806201548,,6604.666666666667,13320.0,7503.333333333333,6510.0,6830.666666666668,6379.336468456401,1.2246467991473532e-16,-1.0
Rizal,2006-07-01,506.0,110.0,4.6,2006,3,,1733.3333333333333,137.33333333333334,4.8,4.131067961165049,,8320.0,6604.666666666667,567.3333333333334,599.3333333333334,9414.88888888889,3488.9843369817136,-1.0,-1.8369701987210297e-16
Rizal,2006-10-01,8688.0,2416.0,3.596026490066225,2006,4,,110.0,3086.6666666666665,4.6,4.315334773218143,,506.0,8320.0,13320.0,13136.666666666666,5143.555555555557,4106.797202110092,-2.4492935982947064e-16,1.0
Rizal,2007-01-01,4044.6666666666665,1100.0,3.6769696969696968,2007,1,,2416.0,1480.0,3.596026490066225,4.462612612612613,,8688.0,506.0,6604.666666666667,3663.3333333333335,5838.000000000001,4621.3119349379585,1.0,6.123233995736766e-17
Rizal,2007-04-01,5460.0,1360.0,4.014705882352941,2007,2,,1100.0,1733.3333333333333,3.6769696969696968,4.8,,4044.6666666666665,8688.0,8320.0,7503.333333333333,4412.88888888889,4103.409765512545,1.2246467991473532e-16,-1.0
Rizal,2007-07-01,452.0,110.0,4.109090909090909,2007,3,,1360.0,110.0,4.014705882352941,4.6,,5460.0,4044.6666666666665,506.0,567.3333333333334,6064.2222222222235,2379.9053513704075,-1.0,-1.8369701987210297e-16
Rizal,2007-10-01,9231.333333333334,2496.0,3.6984508547008548,2007,4,,110.0,2416.0,4.109090909090909,3.596026490066225,,452.0,5460.0,8688.0,13320.0,3318.88888888889,2581.6818233541194,-2.4492935982947064e-16,1.0
Rizal,2008-01-01,3803.3333333333335,853.3333333333334,4.45703125,2008,1,,2496.0,1100.0,3.6984508547008548,3.6769696969696968,,9231.333333333334,452.0,4044.6666666666665,6604.666666666667,5047.777777777779,4404.159263107414,1.0,6.123233995736766e-17
Rizal,2008-04-01,6672.0,1623.3333333333333,4.110061601642711,2008,2,,853.3333333333334,1360.0,4.45703125,4.014705882352941,,3803.3333333333335,9231.333333333334,5460.0,8320.0,4495.5555555555575,4430.41218716139,1.2246467991473532e-16,-1.0
Rizal,2008-07-01,816.0,186.66666666666666,4.371428571428572,2008,3,,1623.3333333333333,110.0,4.110061601642711,4.109090909090909,,6672.0,3803.3333333333335,452.0,506.0,6568.8888888888905,2715.468638361701,-1.0,-1.8369701987210297e-16
Rizal,2008-10-01,9692.666666666666,2406.6666666666665,4.027423822714681,2008,4,,186.66666666666666,2496.0,4.371428571428572,3.6984508547008548,,816.0,6672.0,9231.333333333334,8688.0,3763.777777777779,2928.2003827404797,-2.4492935982947064e-16,1.0
Rizal,2009-01-01,4146.666666666667,966.6666666666666,4.289655172413793,2009,1,,2406.6666666666665,853.3333333333334,4.027423822714681,4.45703125,,9692.666666666666,816.0,3803.3333333333335,4044.6666666666665,5726.8888888888905,4513.172834828847,1.0,6.123233995736766e-17
Rizal,2009-04-01,7858.0,1811.3333333333333,4.338240706661759,2009,2,,966.6666666666666,1623.3333333333333,4.289655172413793,4.110061601642711,,4146.666666666667,9692.666666666666,6672.0,5460.0,4885.111111111112,4484.169703069448,1.2246467991473532e-16,-1.0
Rizal,2009-07-01,1609.3333333333333,400.6666666666667,4.016638935108153,2009,3,,1811.3333333333333,186.66666666666666,4.338240706661759,4.371428571428572,,7858.0,4146.666666666667,816.0,452.0,7232.444444444445,2825.4236522714305,-1.0,-1.8369701987210297e-16
Rizal,2009-10-01,2052.6666666666665,670.0,3.0636815920398006,2009,4,,400.6666666666667,2406.6666666666665,4.016638935108153,4.027423822714681,,1609.3333333333333,7858.0,9692.666666666666,9231.333333333334,4538.000000000001,3142.6605147726555,-2.4492935982947064e-16,1.0
Rizal,2010-01-01,2109.3333333333335,692.0,3.0481695568400773,2010,1,15.523333333333333,670.0,966.6666666666666,3.0636815920398006,4.289655172413793,,2052.6666666666665,1609.3333333333333,4146.666666666667,3803.3333333333335,3840.0000000000014,3486.743338863807,1.0,6.123233995736766e-17
Rizal,2010-04-01,6878.0,1703.3333333333333,4.037964774951076,2010,2,14.996666666666668,692.0,1811.3333333333333,3.0481695568400773,4.338240706661759,15.523333333333333,2109.3333333333335,2052.6666666666665,7858.0,6672.0,1923.7777777777792,273.78688657288404,1.2246467991473532e-16,-1.0
Rizal,2010-07-01,305.3333333333333,72.66666666666667,4.20183486238532,2010,3,17.293333333333333,1703.3333333333333,400.6666666666667,4.037964774951076,4.016638935108153,14.996666666666668,6878.0,2109.3333333333335,1609.3333333333333,816.0,3680.0000000000014,2769.694166831023,-1.0,-1.8369701987210297e-16
Rizal,2010-10-01,9329.333333333334,2426.6666666666665,3.844505494505495,2010,4,10.67,72.66666666666667,670.0,4.20183486238532,3.0636815920398006,17.293333333333333,305.3333333333333,6878.0,2052.6666666666665,9692.666666666666,3097.5555555555566,3395.9423063633108,-2.4492935982947064e-16,1.0
Rizal,2011-01-01,3686.0,966.6666666666666,3.813103448275862,2011,1,10.543333333333335,2426.6666666666665,692.0,3.844505494505495,3.0481695568400773,10.67,9329.333333333334,305.3333333333333,2109.3333333333335,4146.666666666667,5504.2222222222235,4666.218280046172,1.0,6.123233995736766e-17
Rizal,2011-04-01,6814.666666666667,1666.6666666666667,4.0888,2011,2,12.876666666666665,966.6666666666666,1703.3333333333333,3.813103448275862,4.037964774951076,10.543333333333335,3686.0,9329.333333333334,6878.0,7858.0,4440.2222222222235,4559.033052125241,1.2246467991473532e-16,-1.0
Rizal,2011-07-01,744.0,220.0,3.381818181818182,2011,3,13.459999999999999,1666.6666666666667,72.66666666666667,4.0888,4.20183486238532,12.876666666666665,6814.666666666667,3686.0,305.3333333333333,1609.3333333333333,6610.000000000001,2827.2281675010126,-1.0,-1.8369701987210297e-16
Rizal,2011-10-01,9094.666666666666,2461.3333333333335,3.695016251354279,2011,4,11.38,220.0,2426.6666666666665,3.381818181818182,3.844505494505495,13.459999999999999,744.0,6814.666666666667,9329.333333333334,2052.6666666666665,3748.222222222224,3035.8116127566554,-2.4492935982947064e-16,1.0
Rizal,2012-01-01,3837.3333333333335,844.0,4.546603475513428,2012,1,12.516666666666666,2461.3333333333335,966.6666666666666,3.695016251354279,3.813103448275862,11.38,9094.666666666666,744.0,3686.0,2109.3333333333335,5551.111111111112,4316.345436353067,1.0,6.123233995736766e-17
Rizal,2012-04-01,7237.333333333333,1711.3333333333333,4.229061160888197,2012,2,13.433333333333332,844.0,1666.6666666666667,4.546603475513428,4.0888,12.516666666666666,3837.3333333333335,9094.666666666666,6814.666666666667,6878.0,4558.666666666667,4221.806459062021,1.2246467991473532e-16,-1.0
Rizal,2012-07-01,759.3333333333334,242.66666666666666,3.1291208791208796,2012,3,13.82,1711.3333333333333,220.0,4.229061160888197,3.381818181818182,13.433333333333332,7237.333333333333,3837.3333333333335,744.0,305.3333333333333,6723.111111111112,2666.1220554983665,-1.0,-1.8369701987210297e-16
Rizal,2012-10-01,5277.333333333333,1476.6666666666667,3.5738148984198643,2012,4,12.283333333333333,242.66666666666666,2461.3333333333335,3.1291208791208796,3.695016251354279,13.82,759.3333333333334,7237.333333333333,9094.666666666666,9329.333333333334,3944.6666666666674,3240.333521928468,-2.4492935982947064e-16,1.0
Rizal,2013-01-01,4928.0,1347.3333333333333,3.657595249876299,2013,1,13.443333333333333,1476.6666666666667,844.0,3.5738148984198643,4.546603475513428,12.283333333333333,5277.333333333333,759.3333333333334,3837.3333333333335,3686.0,4424.666666666667,3322.10796533366,1.0,6.123233995736766e-17
Rizal,2013-04-01,6040.0,1466.6666666666667,4.118181818181818,2013,2,13.85,1347.3333333333333,1711.3333333333333,3.657595249876299,4.229061160888197,13.443333333333333,4928.0,5277.333333333333,7237.333333333333,6814.666666666667,3654.888888888889,2513.7004447479308,1.2246467991473532e-16,-1.0
Rizal,2013-07-01,1058.6666666666667,416.6666666666667,2.5408,2013,3,14.043333333333335,1466.6666666666667,242.66666666666666,4.118181818181818,3.1291208791208796,13.85,6040.0,4928.0,759.3333333333334,744.0,5415.111111111111,568.6589813210178,-1.0,-1.8369701987210297e-16
Rizal,2013-10-01,7128.0,2219.3333333333335,3.21177530790027,2013,4,15.023333333333333,416.6666666666667,1476.6666666666667,2.5408,3.5738148984198643,14.043333333333335,1058.6666666666667,6040.0,5277.333333333333,9094.666666666666,4008.888888888889,2614.764687380183,-2.4492935982947064e-16,1.0
Rizal,2014-01-01,4210.0,1184.6666666666667,3.5537422622397297,2014,1,16.836666666666666,2219.3333333333335,1347.3333333333333,3.21177530790027,3.657595249876299,15.023333333333333,7128.0,1058.6666666666667,4928.0,3837.3333333333335,4742.222222222223,3236.104471142452,1.0,6.123233995736766e-17
Rizal,2014-04-01,4302.666666666667,1465.3333333333333,2.936305732484077,2014,2,19.650000000000002,1184.6666666666667,1466.6666666666667,3.5537422622397297,4.118181818181818,16.836666666666666,4210.0,7128.0,6040.0,7237.333333333333,4132.222222222223,3035.4141092797922,1.2246467991473532e-16,-1.0
Rizal,2014-07-01,950.0,290.6666666666667,3.268348623853211,2014,3,21.676666666666666,1465.3333333333333,416.6666666666667,2.936305732484077,2.5408,19.650000000000002,4302.666666666667,4210.0,1058.6666666666667,759.3333333333334,5213.555555555557,1658.6048130660745,-1.0,-1.8369701987210297e-16
Rizal,2014-10-01,8699.333333333334,2441.3333333333335,3.563353358820317,2014,4,17.74,290.6666666666667,2219.3333333333335,3.268348623853211,3.21177530790027,21.676666666666666,950.0,4302.666666666667,7128.0,5277.333333333333,3154.2222222222226,1909.4746611258026,-2.4492935982947064e-16,1.0
Rizal,2015-01-01,4212.666666666667,1004.0,4.195883134130146,2015,1,15.776666666666666,2441.3333333333335,1184.6666666666667,3.563353358820317,3.5537422622397297,17.74,8699.333333333334,950.0,4210.0,4928.0,4650.666666666668,3886.3697428034047,1.0,6.123233995736766e-17
Rizal,2015-04-01,5323.333333333333,1255.3333333333333,4.2405735528412105,2015,2,14.826666666666666,1004.0,1465.3333333333333,4.195883134130146,2.936305732484077,15.776666666666666,4212.666666666667,8699.333333333334,4302.666666666667,6040.0,4620.666666666667,3890.744116204226,1.2246467991473532e-16,-1.0
Rizal,2015-07-01,770.0,292.6666666666667,2.6309794988610475,2015,3,15.506666666666666,1255.3333333333333,290.6666666666667,4.2405735528412105,3.268348623853211,14.826666666666666,5323.333333333333,4212.666666666667,950.0,1058.6666666666667,6078.444444444445,2336.7047389512145,-1.0,-1.8369701987210297e-16
Rizal,2015-10-01,9968.0,2846.0,3.5024595924104007,2015,4,14.853333333333333,292.6666666666667,2441.3333333333335,2.6309794988610475,3.563353358820317,15.506666666666666,770.0,5323.333333333333,8699.333333333334,7128.0,3435.333333333334,2374.109610874035,-2.4492935982947064e-16,1.0
Rizal,2016-01-01,4545.333333333333,1206.6666666666667,3.7668508287292815,2016,1,14.466666666666667,2846.0,1004.0,3.5024595924104007,4.195883134130146,14.853333333333333,9968.0,770.0,4212.666666666667,4210.0,5353.777777777778,4599.075575389925,1.0,6.123233995736766e-17
Rizal,2016-04-01,6665.333333333333,1452.0,4.590449954086318,2016,2,14.713333333333333,1206.6666666666667,1255.3333333333333,3.7668508287292815,4.2405735528412105,14.466666666666667,4545.333333333333,9968.0,5323.333333333333,4302.666666666667,5094.444444444445,4623.520656302865,1.2246467991473532e-16,-1.0
Rizal,2016-07-01,914.6666666666666,301.3333333333333,3.0353982300884956,2016,3,15.436666666666667,1452.0,292.6666666666667,4.590449954086318,2.6309794988610475,14.713333333333333,6665.333333333333,4545.333333333333,770.0,950.0,7059.5555555555575,2732.743459385612,-1.0,-1.8369701987210297e-16
Rizal,2016-10-01,9715.333333333334,2542.6666666666665,3.820922915574201,2016,4,14.913333333333334,301.3333333333333,2846.0,3.0353982300884956,3.5024595924104007,15.436666666666667,914.6666666666666,6665.333333333333,9968.0,8699.333333333334,4041.7777777777787,2908.2155913766,-2.4492935982947064e-16,1.0
Rizal,2017-01-01,4886.0,1293.3333333333333,3.777835051546392,2017,1,15.313333333333333,2542.6666666666665,1206.6666666666667,3.820922915574201,3.7668508287292815,14.913333333333334,9715.333333333334,914.6666666666666,4545.333333333333,4212.666666666667,5765.111111111112,4468.862660843529,1.0,6.123233995736766e-17
Rizal,2017-04-01,4134.0,944.0,4.379237288135593,2017,2,16.066666666666666,1293.3333333333333,1452.0,3.777835051546392,4.590449954086318,15.313333333333333,4886.0,9715.333333333334,6665.333333333333,5323.333333333333,5172.000000000002,4407.29854269534,1.2246467991473532e-16,-1.0
Rizal,2017-07-01,1018.6666666666666,366.6666666666667,2.778181818181818,2017,3,16.61,944.0,301.3333333333333,4.379237288135593,3.0353982300884956,16.066666666666666,4134.0,4886.0,914.6666666666666,770.0,6245.111111111112,3028.7303781789046,-1.0,-1.8369701987210297e-16
Rizal,2017-10-01,10807.333333333334,3062.6666666666665,3.528733130169787,2017,4,15.68,366.6666666666667,2542.6666666666665,2.778181818181818,3.820922915574201,16.61,1018.6666666666666,4134.0,9715.333333333334,9968.0,3346.222222222223,2050.490709110423,-2.4492935982947064e-16,1.0
Rizal,2018-01-01,3628.0,1146.6666666666667,3.163953488372093,2018,1,16.793333333333333,3062.6666666666665,1293.3333333333333,3.528733130169787,3.777835051546392,15.68,10807.333333333334,1018.6666666666666,4886.0,4545.333333333333,5320.000000000001,5000.944488571914,1.0,6.123233995736766e-17
Rizal,2018-04-01,3580.0,1124.0,3.185053380782918,2018,2,18.30333333333333,1146.6666666666667,944.0,3.163953488372093,4.379237288135593,16.793333333333333,3628.0,10807.333333333334,4134.0,6665.333333333333,5151.333333333335,5069.014412201956,1.2246467991473532e-16,-1.0
Rizal,2018-07-01,1525.2133333333334,370.6666666666667,4.114784172661871,2018,3,18.083333333333332,1124.0,366.6666666666667,3.185053380782918,2.778181818181818,18.30333333333333,3580.0,3628.0,1018.6666666666666,914.6666666666666,6005.111111111112,4158.915688458199,-1.0,-1.8369701987210297e-16
Rizal,2018-10-01,9386.06,2279.0866666666666,4.118342727934874,2018,4,17.74,370.6666666666667,3062.6666666666665,4.114784172661871,3.528733130169787,18.083333333333332,1525.2133333333334,3580.0,10807.333333333334,9715.333333333334,2911.0711111111123,1200.4279800014544,-2.4492935982947064e-16,1.0
Rizal,2019-01-01,2455.5,843.4066666666666,2.9114069132328417,2019,1,17.636666666666667,2279.0866666666666,1146.6666666666667,4.118342727934874,3.163953488372093,17.74,9386.06,1525.2133333333334,3628.0,4886.0,4830.424444444446,4076.8736241952943,1.0,6.123233995736766e-17
Rizal,2019-04-01,3911.3199999999997,1214.0,3.221845140032949,2019,2,15.87,843.4066666666666,1124.0,2.9114069132328417,3.185053380782918,17.636666666666667,2455.5,9386.06,3580.0,4134.0,4455.591111111112,4295.171814813743,1.2246467991473532e-16,-1.0
Rizal,2019-07-01,553.2466666666667,126.62666666666667,4.369116563125197,2019,3,13.516666666666666,1214.0,370.6666666666667,3.221845140032949,4.114784172661871,15.87,3911.3199999999997,2455.5,1525.2133333333334,1018.6666666666666,5250.960000000001,3654.3319465532986,-1.0,-1.8369701987210297e-16
Rizal,2019-10-01,5623.406666666667,1811.4666666666665,3.1043390254673935,2019,4,12.133333333333333,126.62666666666667,2279.0866666666666,4.369116563125197,4.118342727934874,13.516666666666666,553.2466666666667,3911.3199999999997,9386.06,10807.333333333334,2306.6888888888902,1683.9752635070663,-2.4492935982947064e-16,1.0
Rizal,2020-01-01,2282.52,535.1666666666666,4.2650638430395515,2020,1,15.696666666666667,1811.4666666666665,843.4066666666666,3.1043390254673935,2.9114069132328417,12.133333333333333,5623.406666666667,553.2466666666667,2455.5,3628.0,3362.657777777779,2579.225325940014,1.0,6.123233995736766e-17
Rizal,2020-04-01,3224.2666666666664,914.6666666666666,3.525072886297376,2020,2,18.03,535.1666666666666,1214.0,4.2650638430395515,3.221845140032949,15.696666666666667,2282.52,5623.406666666667,3911.3199999999997,3580.0,2819.724444444446,2577.4157731627515,1.2246467991473532e-16,-1.0
Rizal,2020-07-01,378.2733333333333,114.86666666666667,3.2931514799767845,2020,3,18.516666666666666,914.6666666666666,126.62666666666667,3.525072886297376,4.369116563125197,18.03,3224.2666666666664,2282.52,553.2466666666667,1525.2133333333334,3710.0644444444456,1722.6086440477866,-1.0,-1.8369701987210297e-16
Rizal,2020-10-01,3306.0,1365.4066666666668,2.4212566707842837,2020,4,16.173333333333332,114.86666666666667,1811.4666666666665,3.2931514799767845,3.1043390254673935,18.516666666666666,378.2733333333333,3224.2666666666664,5623.406666666667,9386.06,1961.6866666666676,1449.8689713825042,-2.4492935982947064e-16,1.0
Rizal,2021-01-01,3326.0,811.1666666666666,4.100267104992809,2021,1,15.88,1365.4066666666668,535.1666666666666,2.4212566707842837,4.2650638430395515,16.173333333333332,3306.0,378.2733333333333,2282.52,2455.5,2302.8466666666677,1667.2303293119896,1.0,6.123233995736766e-17
Rizal,2021-04-01,5572.56,1234.0,4.515850891410049,2021,2,16.286666666666665,811.1666666666666,914.6666666666666,4.100267104992809,3.525072886297376,15.88,3326.0,3306.0,3224.2666666666664,3911.3199999999997,2336.7577777777788,1696.1267609905035,1.2246467991473532e-16,-1.0
Rizal,2021-07-01,979.0133333333333,233.33333333333334,4.195771428571429,2021,3,17.246666666666666,1234.0,114.86666666666667,4.515850891410049,3.2931514799767845,16.286666666666665,5572.56,3326.0,378.2733333333333,553.2466666666667,4068.1866666666683,1302.8639010016916,-1.0,-1.8369701987210297e-16
Rizal,2021-10-01,5739.333333333333,1620.6666666666667,3.541341011929247,2021,4,15.770000000000001,233.33333333333334,1365.4066666666668,4.195771428571429,2.4212566707842837,17.246666666666666,979.0133333333333,5572.56,3306.0,5623.406666666667,3292.5244444444456,2296.9562913398954,-2.4492935982947064e-16,1.0
Rizal,2022-01-01,2936.0,669.3333333333334,4.386454183266932,2022,1,15.71,1620.6666666666667,811.1666666666666,3.541341011929247,4.100267104992809,15.770000000000001,5739.333333333333,979.0133333333333,3326.0,2282.52,4096.9688888888895,2701.515957937803,1.0,6.123233995736766e-17
Rizal,2022-04-01,6264.666666666667,1312.0,4.77489837398374,2022,2,16.936666666666667,669.3333333333334,1234.0,4.386454183266932,4.515850891410049,15.71,2936.0,5739.333333333333,5572.56,3224.2666666666664,3218.1155555555565,2392.666611881984,1.2246467991473532e-16,-1.0
Rizal,2022-07-01,557.5,124.0,4.495967741935484,2022,3,17.686666666666667,1312.0,233.33333333333334,4.77489837398374,4.195771428571429,16.936666666666667,6264.666666666667,2936.0,979.0133333333333,378.2733333333333,4980.000000000001,1789.5378670980404,-1.0,-1.8369701987210297e-16
Rizal,2022-10-01,5910.566666666667,1799.3333333333333,3.284864764727677,2022,4,16.116666666666667,124.0,1620.6666666666667,4.495967741935484,3.541341011929247,17.686666666666667,557.5,6264.666666666667,5739.333333333333,3306.0,3252.722222222224,2866.735524043823,-2.4492935982947064e-16,1.0
Rizal,2023-01-01,2228.1266666666666,549.3333333333334,4.056055825242718,2023,1,17.01,1799.3333333333333,669.3333333333334,3.284864764727677,4.386454183266932,16.116666666666667,5910.566666666667,557.5,2936.0,3326.0,4244.244444444445,3197.7195235794984,1.0,6.123233995736766e-17
Rizal,2023-04-01,6320.0,1660.0,3.8072289156626504,2023,2,17.67,549.3333333333334,1312.0,4.056055825242718,4.77489837398374,17.01,2228.1266666666666,5910.566666666667,6264.666666666667,5572.56,2898.731111111112,2738.816062667574,1.2246467991473532e-16,-1.0
Rizal,2023-07-01,985.0133333333333,333.3333333333333,2.9550400000000003,2023,3,18.393333333333334,1660.0,124.0,3.8072289156626504,4.495967741935484,17.67,6320.0,2228.1266666666666,557.5,979.0133333333333,4819.564444444445,2253.568554688653,-1.0,-1.8369701987210297e-16
Rizal,2023-10-01,6144.633333333334,1612.6666666666667,3.810231500620091,2023,4,21.003333333333334,333.3333333333333,1799.3333333333333,2.9550400000000003,3.284864764727677,18.393333333333334,985.0133333333333,6320.0,5910.566666666667,5739.333333333333,3177.7133333333345,2791.380807326564,-2.4492935982947064e-16,1.0
Rizal,2024-01-01,850.8000000000001,212.4,4.005649717514125,2024,1,23.75,1612.6666666666667,549.3333333333334,3.810231500620091,4.056055825242718,21.003333333333334,6144.633333333334,985.0133333333333,2228.1266666666666,2936.0,4483.215555555557,3030.800629803094,1.0,6.123233995736766e-17
Rizal,2024-04-01,6235.0,1479.0533333333333,4.215534260653211,2024,2,23.180000000000003,212.4,1660.0,4.005649717514125,3.8072289156626504,23.75,850.8000000000001,6144.633333333334,6320.0,6264.666666666667,2660.1488888888903,3018.3981161193055,1.2246467991473532e-16,-1.0
Rizal,2024-07-01,481.79333333333335,164.56666666666666,2.927648369455135,2024,3,23.84,1479.0533333333333,333.3333333333333,4.215534260653211,2.9550400000000003,23.180000000000003,6235.0,850.8000000000001,985.0133333333333,557.5,4410.144444444446,3082.813842783776,-1.0,-1.8369701987210297e-16
Rizal,2024-10-01,4380.946666666667,1416.4266666666665,3.092956924467204,2024,4,18.166666666666668,164.56666666666666,1612.6666666666667,2.927648369455135,3.810231500620091,23.84,481.79333333333335,6235.0,6144.633333333334,5910.566666666667,2522.5311111111123,3220.3820298587266,-2.4492935982947064e-16,1.0
Rizal,2025-01-01,1057.6266666666668,252.0,4.196931216931217,2025,1,17.14,1416.4266666666665,212.4,3.092956924467204,4.005649717514125,18.166666666666668,4380.946666666667,481.79333333333335,850.8000000000001,2228.1266666666666,3699.246666666668,2936.5597056495285,1.0,6.123233995736766e-17
Rizal,2025-04-01,4741.706666666667,1212.0,3.9122992299229926,2025,2,14.709999999999999,252.0,1479.0533333333333,4.196931216931217,4.215534260653211,17.14,1057.6266666666668,4380.946666666667,6235.0,6320.0,1973.4555555555569,2104.7342099428292,1.2246467991473532e-16,-1.0
Rizal,2025-07-01,489.24,152.0,3.218684210526316,2025,3,13.976666666666667,1212.0,164.56666666666666,3.9122992299229926,2.927648369455135,14.709999999999999,4741.706666666667,1057.6266666666668,481.79333333333335,985.0133333333333,3393.426666666668,2030.888518456883,-1.0,-1.8369701987210297e-16
Rizal,2025-10-01,5787.22,1765.3333333333333,3.278259063444109,2025,4,13.53,152.0,1416.4266666666665,3.218684210526316,3.092956924467204,13.976666666666667,489.24,4741.706666666667,4380.946666666667,6144.633333333334,2096.1911111111126,2308.6425160093304,-2.4492935982947064e-16,1.0
Rizal,2026-01-01,1076.1200000000001,292.6666666666667,3.676947608200456,2026,1,22.073333333333334,1765.3333333333333,252.0,3.278259063444109,4.196931216931217,13.53,5787.22,489.24,1057.6266666666668,850.8000000000001,3672.722222222224,2806.0993971967832,1.0,6.123233995736766e-17
Rizal,2026-04-01,5892.12,1314.0,4.484109589041096,2026,2,19.853333333333335,292.6666666666667,1212.0,3.676947608200456,3.9122992299229926,22.073333333333334,1076.1200000000001,5787.22,4741.706666666667,6235.0,2450.860000000001,2904.234937259721,1.2246467991473532e-16,-1.0
Rizal,2026-07-01,,,,2026,3,18.13,1314.0,152.0,4.484109589041096,3.218684210526316,19.853333333333335,5892.12,1076.1200000000001,489.24,481.79333333333335,4251.820000000001,2750.7369685231656,-1.0,-1.8369701987210297e-16
Rizal,2026-10-01,,,,2026,4,,,1765.3333333333333,,3.278259063444109,18.13,,5892.12,5787.22,4380.946666666667,3484.1200000000013,3405.4262581944117,-2.4492935982947064e-16,1.0
